id,age,job,marital,education,default,balance,housing,loan,contact,day,month,duration,campaign,pdays,previous,poutcome,deposit
6456,33,admin.,married,secondary,no,2,yes,no,unknown,20,may,201,1,-1,0,unknown,0
5432,35,technician,married,secondary,no,545,yes,no,cellular,16,apr,1579,1,234,4,failure,1
6372,39,management,married,tertiary,no,763,yes,no,cellular,11,may,877,7,300,2,other,1
2254,37,management,married,tertiary,no,5106,no,no,cellular,30,apr,244,1,-1,0,unknown,1
8350,30,unemployed,married,tertiary,no,330,no,no,cellular,14,apr,111,1,-1,0,unknown,1
9688,35,management,divorced,tertiary,no,859,yes,yes,cellular,19,nov,1554,1,-1,0,unknown,1
5749,40,admin.,married,primary,no,189,yes,no,unknown,27,may,160,2,-1,0,unknown,0
7726,52,retired,married,primary,no,6,no,no,cellular,22,aug,82,2,-1,0,unknown,0
3868,35,entrepreneur,married,secondary,no,1309,yes,no,cellular,18,nov,73,3,-1,0,unknown,0
4008,26,admin.,single,secondary,no,2509,no,no,cellular,19,feb,654,3,-1,0,unknown,1
9917,28,technician,single,tertiary,no,75,yes,yes,cellular,5,may,233,2,-1,0,unknown,0
1722,43,management,married,tertiary,no,3186,no,no,cellular,16,nov,380,1,88,1,failure,1
6420,42,technician,single,secondary,no,823,yes,no,cellular,28,jan,137,1,-1,0,unknown,0
3914,34,technician,divorced,tertiary,no,66,no,yes,cellular,5,feb,102,1,170,2,failure,0
7143,44,blue-collar,married,primary,no,103,yes,no,cellular,12,may,79,1,329,2,failure,0
5502,43,services,single,secondary,no,550,yes,no,cellular,13,may,107,2,-1,0,unknown,0
4925,37,management,married,tertiary,no,1113,no,no,cellular,2,mar,229,1,182,1,success,1
201,18,student,single,primary,no,608,no,no,cellular,12,aug,267,1,-1,0,unknown,1
5417,30,technician,single,secondary,no,3096,yes,no,cellular,11,aug,272,4,-1,0,unknown,0
2024,33,blue-collar,married,secondary,no,-346,yes,yes,unknown,23,may,29,3,-1,0,unknown,0
8565,35,entrepreneur,married,secondary,no,2436,no,yes,cellular,14,jul,1397,3,-1,0,unknown,1
3770,31,blue-collar,married,secondary,no,892,yes,no,cellular,29,jul,25,22,-1,0,unknown,0
5825,21,student,single,secondary,no,123,no,no,telephone,12,feb,379,5,93,2,success,1
3926,41,blue-collar,married,primary,no,2453,yes,no,unknown,15,may,1052,1,-1,0,unknown,1
1815,45,blue-collar,married,secondary,no,154,yes,no,unknown,7,may,1138,1,-1,0,unknown,1
3052,46,blue-collar,married,secondary,no,1568,yes,no,cellular,2,jun,310,1,55,6,other,1
3060,48,blue-collar,single,primary,no,316,no,no,unknown,5,jun,560,2,-1,0,unknown,0
8643,35,self-employed,single,tertiary,no,1129,yes,no,cellular,21,nov,64,2,184,2,failure,0
7247,44,technician,single,secondary,no,1679,no,no,telephone,20,oct,718,1,-1,0,unknown,1
7177,37,technician,single,secondary,no,1435,no,no,cellular,18,aug,724,16,-1,0,unknown,1
5879,27,technician,single,secondary,no,1842,yes,yes,cellular,18,may,687,2,300,1,failure,0
2911,33,blue-collar,married,primary,no,-306,yes,yes,unknown,13,may,851,4,-1,0,unknown,0
10501,49,technician,married,unknown,no,-287,yes,no,unknown,26,may,49,1,-1,0,unknown,0
10041,45,technician,married,secondary,no,1831,no,no,cellular,27,may,275,2,-1,0,unknown,1
6832,44,unemployed,divorced,secondary,no,522,no,no,cellular,7,apr,411,1,-1,0,unknown,0
7685,63,management,married,tertiary,no,5112,no,no,telephone,13,nov,2184,2,95,3,failure,1
1791,42,entrepreneur,married,secondary,no,0,yes,no,cellular,9,apr,331,1,140,4,failure,1
9020,44,blue-collar,single,secondary,no,0,no,no,cellular,20,apr,133,1,-1,0,unknown,1
5163,54,blue-collar,married,primary,no,244,yes,no,cellular,29,jul,337,2,-1,0,unknown,0
946,59,retired,divorced,secondary,no,5845,no,no,cellular,14,may,1060,2,-1,0,unknown,1
8552,43,technician,married,tertiary,no,2643,no,no,telephone,4,may,331,5,-1,0,unknown,1
5143,33,technician,married,secondary,no,0,no,no,cellular,19,aug,78,3,-1,0,unknown,0
2603,46,management,married,tertiary,no,11385,no,no,cellular,24,mar,269,3,-1,0,unknown,1
5747,51,management,single,tertiary,no,1202,yes,no,cellular,18,nov,99,1,-1,0,unknown,0
8752,38,blue-collar,married,primary,no,714,yes,no,unknown,29,may,225,3,-1,0,unknown,0
5028,24,services,single,secondary,yes,-122,yes,no,unknown,13,may,1000,1,-1,0,unknown,1
9040,37,services,single,secondary,no,934,yes,no,unknown,16,may,242,3,-1,0,unknown,0
622,43,management,married,tertiary,no,240,yes,no,cellular,16,apr,453,1,-1,0,unknown,1
10572,38,technician,married,tertiary,no,127,yes,no,cellular,14,oct,113,1,50,2,success,0
6398,31,management,married,secondary,no,0,no,no,cellular,11,aug,720,1,-1,0,unknown,1
8785,33,management,married,tertiary,no,1323,no,no,cellular,1,jun,327,1,-1,0,unknown,1
5117,27,self-employed,married,tertiary,no,10005,yes,no,cellular,14,apr,163,3,271,2,failure,0
3948,34,technician,single,secondary,no,18777,yes,no,cellular,18,nov,535,1,-1,0,unknown,0
6082,33,management,divorced,tertiary,no,387,no,no,cellular,6,feb,17,5,-1,0,unknown,0
3162,32,blue-collar,single,secondary,no,400,no,no,cellular,4,may,268,3,-1,0,unknown,1
10468,32,management,divorced,tertiary,no,787,yes,no,cellular,11,aug,72,2,-1,0,unknown,0
4403,28,management,single,secondary,no,2840,no,no,cellular,20,apr,227,5,-1,0,unknown,1
3336,52,technician,married,secondary,no,0,yes,no,cellular,1,jun,144,1,83,1,failure,0
9698,43,blue-collar,married,primary,no,0,yes,no,unknown,12,may,3,1,-1,0,unknown,0
9943,27,management,single,tertiary,no,831,no,no,cellular,30,mar,1081,2,-1,0,unknown,1
555,49,blue-collar,married,secondary,no,298,yes,no,cellular,30,apr,264,2,86,3,failure,0
3690,56,blue-collar,married,primary,no,0,yes,no,cellular,17,jul,82,1,-1,0,unknown,0
6471,48,services,divorced,primary,no,-110,no,yes,unknown,19,jun,164,2,-1,0,unknown,0
5398,27,technician,single,secondary,no,740,yes,no,cellular,5,may,294,1,-1,0,unknown,0
8693,46,blue-collar,married,secondary,no,229,yes,no,cellular,17,apr,191,1,-1,0,unknown,0
2445,54,housemaid,married,primary,no,212,no,no,cellular,12,aug,81,4,-1,0,unknown,0
49,43,blue-collar,married,primary,no,-181,yes,no,cellular,17,apr,351,1,337,3,failure,0
3642,60,blue-collar,married,primary,no,4903,no,yes,unknown,9,jun,290,1,-1,0,unknown,0
9082,48,management,married,tertiary,no,2498,no,no,cellular,14,aug,98,2,-1,0,unknown,0
7778,56,management,married,primary,no,-155,yes,no,cellular,17,nov,282,1,-1,0,unknown,0
3459,25,admin.,single,secondary,no,131,yes,yes,unknown,9,may,237,1,-1,0,unknown,0
10164,47,technician,married,secondary,no,834,no,yes,cellular,21,nov,902,1,133,2,other,1
8242,33,blue-collar,married,secondary,no,0,no,no,cellular,29,jul,454,6,-1,0,unknown,1
3860,45,technician,married,secondary,no,351,yes,no,telephone,29,aug,18,2,-1,0,unknown,0
9492,30,management,single,tertiary,no,552,yes,no,cellular,5,aug,648,2,-1,0,unknown,0
1479,41,services,divorced,secondary,no,-19,yes,no,unknown,19,may,201,1,-1,0,unknown,0
1025,34,management,married,tertiary,no,0,no,no,cellular,22,apr,176,1,-1,0,unknown,0
2256,30,self-employed,single,secondary,no,192,no,no,cellular,22,jul,423,1,-1,0,unknown,0
10571,31,blue-collar,married,secondary,no,557,yes,yes,unknown,27,may,185,1,-1,0,unknown,0
959,42,technician,married,secondary,no,994,yes,no,cellular,18,jan,453,1,67,9,success,1
4934,40,technician,divorced,secondary,no,0,no,no,cellular,29,aug,299,3,-1,0,unknown,0
1535,32,services,married,secondary,no,289,yes,no,cellular,2,feb,63,1,257,2,failure,0
6913,38,management,married,tertiary,no,0,yes,no,cellular,30,apr,571,1,-1,0,unknown,1
2082,30,management,married,tertiary,no,8089,yes,no,cellular,18,mar,232,2,294,2,failure,1
3462,27,student,single,tertiary,no,3733,yes,no,telephone,13,feb,299,6,-1,0,unknown,1
1424,33,technician,married,secondary,no,133,no,no,cellular,12,nov,627,2,192,1,success,1
7178,34,blue-collar,married,secondary,no,2495,yes,no,unknown,23,may,924,1,-1,0,unknown,1
5599,33,blue-collar,single,primary,no,777,no,no,cellular,7,jul,263,1,-1,0,unknown,0
6690,42,management,married,tertiary,no,223,no,no,cellular,6,aug,92,6,-1,0,unknown,0
6016,32,admin.,single,secondary,no,10218,yes,no,cellular,19,nov,149,2,-1,0,unknown,0
5329,28,admin.,married,tertiary,no,174,yes,yes,cellular,11,feb,56,1,184,2,failure,0
8393,41,blue-collar,married,primary,no,246,no,no,unknown,19,jun,683,3,-1,0,unknown,1
10775,57,housemaid,married,primary,no,260,yes,no,unknown,16,may,38,3,-1,0,unknown,0
4546,42,blue-collar,married,unknown,no,452,yes,no,cellular,17,nov,359,2,-1,0,unknown,0
9482,24,student,single,secondary,no,4126,no,no,cellular,5,apr,907,4,185,7,failure,1
6742,37,blue-collar,married,primary,no,708,yes,no,telephone,2,feb,51,1,-1,0,unknown,0
1191,32,student,single,unknown,no,1583,yes,no,unknown,20,may,57,1,-1,0,unknown,0
1936,40,admin.,single,secondary,no,877,yes,no,cellular,21,nov,12,3,177,6,failure,0
3816,45,management,married,unknown,no,2724,no,no,cellular,28,jun,359,2,182,1,success,1
1610,27,blue-collar,single,secondary,no,535,no,no,cellular,16,aug,265,3,95,4,success,1
3559,40,management,single,tertiary,no,1509,no,no,cellular,12,may,333,1,58,3,failure,0
7581,48,housemaid,single,primary,no,46,no,no,cellular,4,aug,118,1,1,3,success,1
7503,54,technician,married,secondary,no,10185,no,no,cellular,12,feb,251,1,186,3,success,1
10251,53,management,married,tertiary,no,3754,no,no,cellular,22,apr,307,1,278,2,failure,1
4545,26,technician,single,secondary,no,668,yes,no,unknown,28,may,576,3,-1,0,unknown,1
1374,41,management,married,tertiary,no,298,no,no,cellular,4,may,63,3,272,1,other,0
6833,40,admin.,married,secondary,no,1395,yes,yes,cellular,7,jul,122,2,-1,0,unknown,0
2968,46,management,married,tertiary,no,0,no,no,cellular,3,mar,305,13,-1,0,unknown,1
6678,30,management,married,tertiary,no,1390,no,no,cellular,20,aug,552,4,-1,0,unknown,0
4994,28,self-employed,single,tertiary,no,805,no,no,cellular,12,nov,116,5,170,2,failure,0
1311,42,technician,single,secondary,yes,-1129,yes,no,unknown,2,jun,555,5,-1,0,unknown,1
1736,71,retired,married,tertiary,no,653,no,no,telephone,3,sep,471,1,189,1,success,1
1131,37,management,married,tertiary,no,5432,yes,yes,unknown,20,may,774,1,-1,0,unknown,0
4726,39,management,divorced,tertiary,no,517,yes,yes,unknown,14,may,1328,1,-1,0,unknown,1
4219,34,technician,married,tertiary,no,23076,no,no,cellular,26,may,243,2,35,6,other,1
511,27,admin.,married,secondary,no,941,yes,no,cellular,11,jul,124,1,-1,0,unknown,0
10283,23,blue-collar,single,secondary,no,537,yes,no,cellular,7,may,172,1,353,2,other,0
1708,25,technician,single,tertiary,no,800,yes,no,unknown,13,may,151,4,-1,0,unknown,0
1901,61,retired,married,secondary,no,1058,no,no,cellular,27,jul,218,2,91,3,success,1
9541,41,admin.,divorced,secondary,no,1076,yes,no,cellular,3,jun,77,2,391,2,other,0
4126,35,blue-collar,married,secondary,no,1055,no,no,unknown,18,nov,150,2,-1,0,unknown,1
1318,56,admin.,divorced,primary,no,0,no,yes,cellular,10,jul,542,1,-1,0,unknown,0
4976,40,blue-collar,married,secondary,no,-839,yes,yes,cellular,16,jul,1018,2,-1,0,unknown,1
6703,24,blue-collar,single,secondary,no,-10,yes,no,unknown,13,may,106,1,-1,0,unknown,0
3102,52,admin.,married,secondary,no,484,yes,no,unknown,6,may,128,1,-1,0,unknown,0
4040,31,blue-collar,married,secondary,no,2,yes,no,unknown,20,may,182,2,-1,0,unknown,1
10421,34,self-employed,married,tertiary,no,7602,no,no,cellular,20,nov,222,1,-1,0,unknown,0
10111,40,management,divorced,tertiary,no,858,no,no,cellular,26,oct,202,2,-1,0,unknown,1
7057,21,blue-collar,single,secondary,no,682,no,no,cellular,6,mar,266,1,-1,0,unknown,1
8465,36,technician,married,secondary,no,432,yes,no,cellular,11,may,61,3,255,2,failure,0
7661,52,technician,married,secondary,no,5303,yes,no,unknown,19,oct,133,1,-1,0,unknown,1
6592,43,technician,single,secondary,no,451,no,no,cellular,12,aug,289,2,-1,0,unknown,1
9481,36,services,married,secondary,no,472,yes,no,unknown,19,jun,1017,1,-1,0,unknown,0
2993,42,admin.,married,secondary,no,214,yes,no,unknown,28,may,21,24,-1,0,unknown,0
4355,40,housemaid,married,secondary,no,84,yes,yes,unknown,12,jun,230,7,-1,0,unknown,0
3417,63,self-employed,married,tertiary,no,-39,no,no,cellular,1,apr,387,2,-1,0,unknown,1
2297,39,services,married,secondary,no,1179,no,no,cellular,25,may,284,1,-1,0,unknown,1
9107,31,blue-collar,married,secondary,no,3364,yes,no,cellular,20,nov,290,1,-1,0,unknown,0
3460,35,admin.,married,tertiary,no,286,no,no,cellular,30,apr,949,2,-1,0,unknown,1
11142,26,entrepreneur,single,secondary,no,101,yes,no,cellular,5,feb,810,1,268,1,failure,1
1682,29,management,married,tertiary,no,-6,yes,no,unknown,9,may,324,1,-1,0,unknown,0
10482,53,management,married,tertiary,no,12,no,no,cellular,27,aug,345,10,-1,0,unknown,0
9686,32,self-employed,divorced,tertiary,no,3695,yes,no,cellular,15,may,34,1,353,3,other,0
4766,48,management,single,tertiary,no,399,no,yes,cellular,7,aug,126,1,-1,0,unknown,0
4066,54,blue-collar,married,primary,no,258,no,no,telephone,25,may,86,1,88,1,failure,0
2660,34,management,married,tertiary,no,8,no,no,cellular,25,aug,169,4,-1,0,unknown,0
2861,38,admin.,married,secondary,no,1767,yes,no,cellular,9,jul,483,4,239,7,success,1
140,40,blue-collar,divorced,secondary,no,-426,no,yes,unknown,26,may,245,1,-1,0,unknown,0
10593,36,management,married,tertiary,no,535,no,no,cellular,20,apr,150,2,-1,0,unknown,1
10954,58,blue-collar,married,secondary,no,381,no,no,cellular,11,nov,79,4,-1,0,unknown,0
4137,24,admin.,married,secondary,no,299,yes,no,cellular,6,may,209,1,321,1,failure,0
7271,27,blue-collar,single,primary,no,1128,yes,no,unknown,30,jun,88,4,-1,0,unknown,0
5718,31,blue-collar,single,secondary,no,239,yes,no,cellular,18,may,666,1,360,1,success,1
2959,60,management,married,tertiary,no,3401,no,no,cellular,30,oct,294,1,270,1,failure,1
9662,48,management,divorced,tertiary,no,17964,yes,no,cellular,26,may,208,2,96,3,other,1
9930,30,technician,single,secondary,no,458,no,no,cellular,20,nov,51,7,-1,0,unknown,0
5281,65,retired,married,tertiary,no,1948,no,no,cellular,2,feb,102,2,-1,0,unknown,0
3526,38,blue-collar,married,secondary,no,292,yes,yes,unknown,6,jun,84,2,-1,0,unknown,0
9637,43,blue-collar,married,primary,yes,1202,no,no,unknown,30,may,295,1,-1,0,unknown,0
5763,38,blue-collar,married,secondary,no,376,yes,no,unknown,7,may,1521,1,-1,0,unknown,0
5764,44,blue-collar,single,secondary,no,25,yes,no,cellular,12,may,244,3,-1,0,unknown,0
4498,31,admin.,single,secondary,no,1129,yes,no,cellular,18,may,145,3,-1,0,unknown,0
7163,31,blue-collar,married,primary,no,-537,yes,yes,cellular,21,jul,1039,7,-1,0,unknown,1
6128,40,blue-collar,married,primary,no,1841,yes,no,cellular,15,may,880,4,-1,0,unknown,1
2165,36,management,married,tertiary,no,871,no,no,cellular,18,nov,170,1,-1,0,unknown,0
7808,49,technician,married,tertiary,no,523,yes,no,cellular,2,jun,712,1,60,3,failure,1
8539,19,student,single,primary,no,608,no,no,cellular,12,may,236,1,180,2,success,1
1761,55,housemaid,divorced,primary,no,77,no,no,cellular,31,jul,463,6,-1,0,unknown,1
3522,41,unemployed,divorced,secondary,no,271,yes,no,unknown,19,jun,196,2,-1,0,unknown,0
1056,47,unemployed,married,primary,no,324,no,no,cellular,21,nov,462,2,-1,0,unknown,1
7905,32,admin.,divorced,secondary,no,1611,yes,yes,unknown,13,may,93,1,-1,0,unknown,0
9564,52,technician,married,tertiary,no,7,no,yes,unknown,5,may,175,1,-1,0,unknown,0
9615,41,unemployed,married,tertiary,no,0,no,no,cellular,30,oct,373,3,-1,0,unknown,1
1198,55,management,divorced,tertiary,no,2383,no,no,cellular,5,aug,1019,2,63,2,success,1
2938,62,management,married,tertiary,no,7458,no,no,cellular,30,oct,212,2,-1,0,unknown,1
446,47,technician,married,secondary,no,0,yes,no,cellular,25,may,234,1,-1,0,unknown,0
10200,57,self-employed,married,secondary,no,11494,no,no,cellular,19,nov,198,1,-1,0,unknown,0
10916,60,retired,divorced,tertiary,no,4,yes,no,cellular,2,dec,415,1,190,5,failure,1
3013,50,services,married,secondary,no,1595,no,no,unknown,9,jun,882,1,-1,0,unknown,1
6390,27,technician,single,tertiary,no,931,yes,no,cellular,4,feb,1078,1,-1,0,unknown,1
9580,32,management,single,tertiary,no,41,no,no,cellular,21,aug,686,5,-1,0,unknown,1
1680,24,student,single,secondary,no,431,no,no,cellular,19,aug,418,11,185,5,success,1
8665,35,technician,single,primary,no,744,yes,no,cellular,7,apr,1096,1,-1,0,unknown,0
3222,21,admin.,single,secondary,no,524,no,no,cellular,26,may,185,1,-1,0,unknown,1
6205,44,blue-collar,single,secondary,no,292,no,yes,cellular,17,jul,1153,4,-1,0,unknown,1
2570,40,management,married,secondary,no,4396,no,no,cellular,12,aug,432,3,-1,0,unknown,1
8632,33,blue-collar,married,secondary,no,1240,yes,no,cellular,12,may,844,1,-1,0,unknown,1
2901,31,housemaid,married,secondary,no,243,yes,no,cellular,23,sep,305,2,842,1,failure,1
4201,76,retired,married,primary,no,2223,no,no,telephone,4,feb,429,1,-1,0,unknown,1
9908,57,blue-collar,divorced,primary,no,5041,yes,no,cellular,16,apr,284,1,336,1,failure,0
274,31,services,married,secondary,no,428,yes,no,unknown,21,may,272,1,-1,0,unknown,0
701,29,management,single,tertiary,no,502,no,no,cellular,12,apr,366,2,199,3,other,0
8620,45,technician,divorced,secondary,no,0,no,no,cellular,26,aug,64,2,-1,0,unknown,0
8291,52,admin.,married,secondary,no,1228,yes,yes,cellular,4,aug,218,1,-1,0,unknown,1
3250,34,management,married,tertiary,no,271,yes,no,cellular,15,feb,308,1,94,4,success,1
7731,31,unemployed,single,secondary,no,315,no,no,cellular,30,jan,130,1,2,1,other,0
7366,42,blue-collar,married,primary,no,0,no,no,unknown,20,jun,19,2,-1,0,unknown,0
6488,40,unemployed,single,tertiary,no,72,no,no,cellular,30,apr,463,1,-1,0,unknown,1
492,55,services,divorced,secondary,no,322,yes,no,cellular,28,jan,342,1,-1,0,unknown,0
9229,61,management,single,tertiary,no,2,no,no,cellular,12,aug,131,1,114,3,failure,1
7712,55,management,married,primary,no,113,no,no,cellular,12,aug,306,1,457,3,failure,1
8293,46,admin.,divorced,secondary,no,875,yes,yes,cellular,11,may,269,3,353,2,failure,0
6655,54,services,divorced,secondary,no,0,no,no,cellular,18,mar,362,1,290,3,success,1
8296,46,services,married,tertiary,no,2520,yes,no,cellular,19,nov,144,1,-1,0,unknown,0
4345,28,student,single,tertiary,no,1562,no,no,cellular,15,feb,659,4,-1,0,unknown,1
5270,30,admin.,married,secondary,no,15,yes,no,unknown,9,may,257,1,-1,0,unknown,0
3821,57,management,married,tertiary,no,473,no,no,cellular,1,jun,295,1,-1,0,unknown,1
5835,79,retired,married,primary,no,429,no,no,telephone,8,jul,1006,2,-1,0,unknown,1
668,48,self-employed,married,secondary,no,1559,no,no,cellular,24,dec,520,3,133,3,failure,0
8763,39,management,married,tertiary,no,494,no,no,cellular,10,mar,106,2,478,3,failure,1
2243,33,admin.,married,secondary,no,-370,yes,no,cellular,7,may,261,1,345,1,failure,1
9860,51,blue-collar,married,secondary,no,7180,yes,no,unknown,14,may,927,1,-1,0,unknown,1
2417,34,management,married,tertiary,no,0,yes,no,cellular,7,aug,262,1,99,2,success,1
10900,39,services,married,secondary,no,117,yes,no,cellular,18,may,1032,2,-1,0,unknown,1
1990,41,management,single,tertiary,no,11008,no,no,unknown,18,jun,1540,1,-1,0,unknown,1
1825,33,management,single,tertiary,no,3143,no,no,cellular,29,jun,421,2,-1,0,unknown,1
7900,39,blue-collar,divorced,unknown,no,463,yes,no,cellular,18,may,169,1,-1,0,unknown,0
10055,30,management,single,tertiary,no,398,no,no,cellular,24,apr,235,2,-1,0,unknown,1
142,59,retired,married,primary,no,0,yes,no,cellular,28,jul,20,4,-1,0,unknown,0
1548,60,retired,married,secondary,no,523,no,no,cellular,11,feb,467,1,182,3,success,1
4791,43,blue-collar,married,unknown,no,285,yes,no,cellular,15,may,22,6,-1,0,unknown,0
5776,49,management,divorced,tertiary,no,1904,no,yes,cellular,17,nov,131,2,-1,0,unknown,0
8836,47,housemaid,divorced,primary,no,61,no,no,cellular,29,jul,69,5,-1,0,unknown,0
11104,37,management,married,tertiary,no,-491,yes,no,cellular,5,feb,80,2,-1,0,unknown,0
7060,61,retired,married,secondary,no,243,no,no,cellular,20,apr,194,1,-1,0,unknown,1
2104,26,management,single,tertiary,no,47,yes,no,cellular,18,may,63,1,-1,0,unknown,0
2487,57,unemployed,married,primary,no,2743,no,no,cellular,29,jan,89,1,-1,0,unknown,0
9430,27,technician,single,tertiary,no,393,no,no,cellular,1,apr,165,2,-1,0,unknown,1
3643,33,management,married,tertiary,no,516,yes,no,cellular,19,nov,245,4,-1,0,unknown,0
9957,53,retired,married,secondary,no,303,yes,no,unknown,6,may,593,2,-1,0,unknown,0
10125,55,admin.,married,secondary,no,602,no,no,cellular,7,sep,350,1,98,5,success,1
6262,31,blue-collar,married,primary,no,-199,yes,yes,telephone,12,may,149,5,299,10,failure,0
8906,46,admin.,married,secondary,no,660,no,no,cellular,6,aug,740,2,-1,0,unknown,1
3627,62,management,married,secondary,no,1128,no,no,cellular,2,sep,236,1,290,3,other,1
7941,34,management,single,tertiary,no,416,no,no,cellular,14,aug,1217,4,-1,0,unknown,0
8939,41,blue-collar,married,secondary,no,849,yes,yes,cellular,12,may,100,4,-1,0,unknown,0
6392,36,technician,single,secondary,no,4136,yes,no,unknown,30,may,812,3,-1,0,unknown,1
10946,37,management,single,tertiary,no,72,yes,yes,cellular,20,apr,885,5,150,7,failure,1
7534,49,entrepreneur,married,secondary,no,687,yes,no,cellular,17,apr,772,1,-1,0,unknown,1
9559,44,blue-collar,single,primary,no,287,no,no,cellular,29,jan,301,1,-1,0,unknown,0
7452,42,blue-collar,married,secondary,no,165,yes,no,unknown,23,may,333,2,-1,0,unknown,0
925,36,blue-collar,married,primary,no,49,yes,no,cellular,15,may,232,2,365,5,other,0
6664,44,management,married,tertiary,no,792,no,no,cellular,25,aug,630,7,-1,0,unknown,1
1217,24,student,single,secondary,no,423,yes,no,unknown,5,may,226,3,-1,0,unknown,0
458,32,blue-collar,married,primary,no,634,no,no,cellular,29,jan,696,1,-1,0,unknown,1
3045,39,services,single,secondary,no,91,no,no,cellular,3,sep,213,1,185,1,success,1
8738,37,services,married,secondary,no,775,no,yes,cellular,25,jul,1000,1,-1,0,unknown,1
1401,36,blue-collar,married,secondary,no,1193,no,no,cellular,30,oct,640,1,-1,0,unknown,1
1706,46,technician,married,secondary,no,488,no,no,unknown,5,jun,92,1,-1,0,unknown,0
8243,30,self-employed,married,tertiary,no,1785,no,no,unknown,17,oct,235,1,-1,0,unknown,1
5949,25,admin.,single,secondary,no,507,yes,no,cellular,15,may,832,1,367,3,failure,1
1082,20,student,single,secondary,no,215,no,no,cellular,21,aug,228,4,183,1,other,1
8256,64,retired,married,secondary,no,588,no,no,cellular,16,jul,574,1,179,3,success,1
5721,81,retired,divorced,primary,no,949,no,no,cellular,27,sep,188,2,280,1,other,1
576,47,technician,married,secondary,no,568,yes,no,cellular,12,aug,1613,1,-1,0,unknown,1
3754,24,self-employed,single,tertiary,no,91,yes,no,cellular,15,may,134,2,-1,0,unknown,0
10252,39,management,married,tertiary,no,0,no,no,cellular,30,apr,342,3,22,3,other,1
4437,30,management,single,tertiary,no,232,no,no,cellular,15,jul,219,1,91,1,success,1
3134,73,retired,divorced,tertiary,no,3203,no,no,cellular,20,apr,148,1,-1,0,unknown,1
7735,51,technician,divorced,secondary,no,2323,yes,yes,cellular,18,aug,151,10,-1,0,unknown,0
4301,52,management,divorced,tertiary,no,-803,yes,no,cellular,7,aug,131,3,-1,0,unknown,0
2904,58,retired,married,secondary,no,19,no,yes,cellular,15,jul,106,3,-1,0,unknown,0
4006,39,blue-collar,married,secondary,no,180,yes,no,cellular,16,apr,237,1,-1,0,unknown,0
4140,31,technician,married,secondary,no,7369,no,no,cellular,19,aug,204,4,-1,0,unknown,0
7392,66,retired,married,secondary,no,154,no,no,cellular,15,jul,268,5,181,2,failure,1
4334,36,blue-collar,married,primary,no,156,yes,no,cellular,21,nov,219,2,-1,0,unknown,0
8618,31,management,single,tertiary,no,471,no,no,cellular,29,aug,153,2,-1,0,unknown,0
5751,24,services,single,unknown,no,2022,no,no,cellular,23,apr,159,4,-1,0,unknown,1
3618,55,housemaid,married,secondary,no,127,yes,no,telephone,21,jul,1130,8,-1,0,unknown,1
9485,26,services,single,secondary,no,397,no,no,cellular,29,jan,268,1,-1,0,unknown,0
9117,73,management,married,tertiary,no,1609,no,no,cellular,14,jul,169,2,-1,0,unknown,1
7850,37,technician,single,tertiary,no,197,no,no,cellular,15,feb,531,1,91,2,success,1
273,43,blue-collar,married,secondary,no,833,no,no,cellular,17,jul,156,1,-1,0,unknown,0
10794,34,technician,single,secondary,no,16,no,no,cellular,13,aug,990,1,-1,0,unknown,1
5004,30,management,married,tertiary,no,233,yes,no,unknown,14,may,382,10,-1,0,unknown,0
7894,51,management,single,tertiary,no,4305,yes,no,cellular,4,may,126,1,-1,0,unknown,0
9909,36,entrepreneur,single,secondary,no,866,yes,no,cellular,11,may,629,1,173,1,failure,1
4606,63,retired,married,secondary,no,4752,no,no,cellular,2,sep,233,2,-1,0,unknown,1
9217,33,management,married,tertiary,no,3301,yes,no,cellular,2,nov,131,2,171,2,failure,0
10844,34,management,single,tertiary,no,0,yes,no,unknown,21,may,759,1,-1,0,unknown,0
8896,24,student,single,secondary,no,493,yes,no,cellular,13,may,85,4,358,1,other,0
3915,31,services,single,secondary,no,-205,no,no,cellular,1,sep,481,1,579,1,failure,1
354,35,services,divorced,secondary,no,-504,no,no,cellular,10,jul,228,1,-1,0,unknown,0
7831,52,technician,married,secondary,no,371,yes,yes,cellular,21,oct,453,1,183,3,success,1
5943,44,technician,divorced,tertiary,no,9192,yes,no,unknown,6,jun,59,3,-1,0,unknown,0
143,60,retired,divorced,secondary,no,514,no,no,cellular,15,oct,187,2,213,10,success,1
8463,34,technician,married,secondary,no,806,no,no,cellular,19,jul,253,3,458,1,success,1
3268,65,retired,married,secondary,no,2,no,no,cellular,14,apr,450,1,-1,0,unknown,1
3132,26,management,single,tertiary,no,3,yes,yes,cellular,1,apr,149,1,350,1,success,1
8087,29,management,single,tertiary,no,983,yes,no,cellular,11,jul,963,2,-1,0,unknown,1
10815,52,admin.,divorced,secondary,no,48,no,yes,cellular,17,nov,591,1,-1,0,unknown,0
3340,32,admin.,single,secondary,no,6981,yes,no,cellular,2,jun,154,1,194,3,failure,0
2276,55,management,single,tertiary,no,0,no,no,cellular,3,nov,222,3,187,3,failure,0
9727,34,blue-collar,married,primary,no,-78,yes,no,unknown,9,may,198,1,-1,0,unknown,0
75,34,admin.,single,secondary,no,673,yes,no,cellular,29,jan,89,1,260,2,failure,0
8692,40,services,divorced,primary,no,471,yes,no,cellular,16,apr,1156,1,345,2,failure,1
7347,38,housemaid,married,primary,no,196,no,no,cellular,30,apr,574,1,-1,0,unknown,1
2948,34,blue-collar,single,secondary,no,186,no,no,cellular,2,feb,342,1,-1,0,unknown,0
7902,35,unemployed,single,secondary,no,127,yes,no,telephone,14,nov,162,1,-1,0,unknown,1
1370,29,management,single,tertiary,no,36252,yes,no,cellular,30,apr,501,1,-1,0,unknown,1
6301,39,services,divorced,secondary,yes,-96,yes,yes,telephone,12,may,38,6,-1,0,unknown,0
1978,49,blue-collar,married,primary,no,1032,yes,no,unknown,2,jun,41,5,-1,0,unknown,0
1846,30,student,single,tertiary,no,228,yes,no,cellular,13,may,314,2,-1,0,unknown,1
815,47,blue-collar,married,secondary,yes,-614,yes,no,unknown,26,may,118,2,-1,0,unknown,0
6856,45,housemaid,divorced,primary,no,221,no,no,cellular,2,feb,93,1,235,1,failure,0
2598,34,services,married,primary,no,31,no,yes,cellular,9,jul,53,3,-1,0,unknown,0
10165,53,housemaid,married,primary,no,362,no,no,cellular,28,jul,1169,2,-1,0,unknown,1
2287,40,technician,married,secondary,no,-357,yes,no,cellular,16,jul,700,4,-1,0,unknown,1
4100,37,services,married,secondary,no,4151,yes,yes,cellular,30,jul,543,4,-1,0,unknown,1
9955,59,blue-collar,married,secondary,yes,-918,yes,no,unknown,16,jun,253,2,-1,0,unknown,0
8099,28,management,single,tertiary,no,1720,no,no,cellular,14,sep,230,1,91,4,success,1
1063,27,technician,single,tertiary,no,1075,no,no,cellular,2,sep,529,2,184,1,success,1
10424,34,technician,married,tertiary,no,3743,yes,no,cellular,18,may,722,4,-1,0,unknown,1
9859,52,blue-collar,divorced,primary,yes,-183,yes,no,unknown,6,may,145,1,-1,0,unknown,0
9961,30,technician,single,tertiary,no,655,no,no,cellular,26,apr,212,1,202,2,success,1
9876,41,blue-collar,married,secondary,no,167,no,no,unknown,20,jun,48,1,-1,0,unknown,0
8577,34,admin.,single,secondary,no,296,no,no,cellular,20,nov,68,1,136,4,failure,0
513,32,technician,single,unknown,no,491,no,no,cellular,8,oct,251,2,91,7,success,1
4700,27,technician,single,tertiary,no,1075,no,no,cellular,2,mar,658,1,-1,0,unknown,1
6902,64,retired,married,secondary,no,588,no,no,cellular,18,jan,366,1,91,2,failure,1
8811,37,blue-collar,married,primary,no,157,yes,no,unknown,30,may,833,8,-1,0,unknown,0
10989,33,management,single,tertiary,no,312,no,no,cellular,11,aug,271,1,369,3,failure,0
5244,34,management,married,tertiary,no,0,no,no,cellular,6,feb,787,3,9,1,other,1
2665,33,services,single,secondary,no,489,yes,no,cellular,4,may,297,4,334,1,other,1
3551,43,management,married,tertiary,no,1429,yes,no,cellular,7,may,1030,1,169,3,success,1
426,80,retired,married,primary,no,1021,no,no,telephone,26,feb,37,1,-1,0,unknown,0
2167,35,management,married,tertiary,no,62,no,no,cellular,7,may,226,2,88,4,success,1
5493,33,technician,single,tertiary,no,68,no,no,cellular,14,aug,96,2,-1,0,unknown,0
3189,36,technician,single,secondary,no,0,no,no,cellular,28,aug,8,13,-1,0,unknown,0
5612,36,blue-collar,single,secondary,no,0,no,no,unknown,19,jun,238,1,-1,0,unknown,0
2749,28,management,single,tertiary,no,187,no,no,cellular,9,jun,206,1,92,1,success,1
9556,36,management,single,tertiary,no,538,no,no,cellular,23,jun,339,1,183,5,success,1
3004,46,unemployed,married,secondary,no,594,no,no,cellular,4,feb,197,2,-1,0,unknown,0
5920,25,services,single,secondary,no,162,yes,no,cellular,1,sep,531,2,-1,0,unknown,1
8175,27,technician,single,tertiary,no,-67,yes,no,cellular,6,apr,604,3,236,2,failure,1
4496,36,management,single,tertiary,no,1841,yes,no,cellular,25,aug,141,4,-1,0,unknown,0
4626,26,admin.,single,tertiary,no,3730,yes,no,cellular,11,mar,93,1,98,4,other,0
2795,31,technician,single,secondary,no,2544,no,no,cellular,15,jul,252,1,184,3,success,1
7945,28,admin.,single,secondary,no,1277,no,no,cellular,26,mar,475,1,-1,0,unknown,1
10309,43,admin.,married,secondary,no,378,no,no,cellular,30,jul,782,8,-1,0,unknown,1
1486,38,admin.,single,secondary,no,100,yes,no,unknown,7,may,786,1,-1,0,unknown,1
3160,63,retired,married,secondary,no,1495,no,no,cellular,25,oct,389,1,195,4,other,1
78,32,blue-collar,single,secondary,no,15341,no,no,unknown,21,may,738,3,-1,0,unknown,0
9276,28,student,single,unknown,no,78,no,no,cellular,4,dec,232,3,310,2,failure,1
5345,38,blue-collar,married,primary,no,467,yes,no,unknown,16,may,379,1,-1,0,unknown,0
3298,51,housemaid,married,primary,no,1337,no,no,telephone,30,jul,74,6,-1,0,unknown,0
4963,26,technician,single,secondary,no,430,no,no,cellular,5,feb,450,2,-1,0,unknown,0
5531,30,management,single,tertiary,no,536,no,no,cellular,2,jul,309,1,-1,0,unknown,1
6586,54,self-employed,married,primary,no,0,no,yes,telephone,9,jul,130,2,-1,0,unknown,0
9914,30,management,single,secondary,no,186,yes,no,cellular,20,nov,235,3,-1,0,unknown,0
8092,41,admin.,married,secondary,no,2498,no,no,cellular,12,aug,411,1,-1,0,unknown,1
6529,57,technician,married,secondary,no,254,no,no,cellular,27,oct,207,1,-1,0,unknown,1
9328,52,housemaid,married,primary,no,256,no,no,cellular,6,aug,137,1,-1,0,unknown,0
5596,65,retired,married,secondary,no,2326,no,yes,cellular,21,aug,276,1,-1,0,unknown,1
11,49,management,married,tertiary,no,20,yes,no,cellular,4,feb,117,1,-1,0,unknown,0
3404,46,blue-collar,married,secondary,no,-3,yes,no,unknown,9,may,92,2,-1,0,unknown,0
3479,35,housemaid,single,primary,no,745,no,no,telephone,5,jun,522,3,-1,0,unknown,1
413,47,admin.,divorced,secondary,no,295,yes,no,unknown,6,jun,94,2,-1,0,unknown,1
6364,43,management,divorced,secondary,no,693,yes,no,unknown,5,may,124,3,-1,0,unknown,0
8132,60,management,single,tertiary,no,560,no,no,cellular,15,may,730,5,-1,0,unknown,1
4223,47,blue-collar,married,primary,no,193,yes,no,cellular,29,aug,171,2,-1,0,unknown,0
9436,31,blue-collar,single,tertiary,no,761,no,no,telephone,18,nov,514,2,-1,0,unknown,1
6091,32,blue-collar,married,primary,no,494,yes,no,unknown,26,may,252,2,-1,0,unknown,0
8737,42,admin.,married,secondary,no,6445,yes,no,unknown,2,jun,20,8,-1,0,unknown,0
2490,26,admin.,single,primary,no,-122,yes,no,unknown,23,jun,670,3,-1,0,unknown,1
1192,36,blue-collar,single,secondary,no,111,yes,no,cellular,6,may,174,3,-1,0,unknown,0
4417,36,self-employed,single,tertiary,no,1240,no,no,cellular,31,jul,812,3,-1,0,unknown,1
2425,30,student,single,secondary,no,1681,no,no,cellular,7,dec,329,2,-1,0,unknown,1
1713,35,blue-collar,married,secondary,no,503,yes,yes,unknown,9,may,57,2,-1,0,unknown,0
10096,47,technician,married,secondary,no,1571,yes,no,cellular,11,may,261,1,369,2,failure,0
2203,27,technician,single,secondary,no,643,no,no,cellular,13,jul,317,1,-1,0,unknown,1
1044,37,admin.,married,tertiary,no,3221,no,no,cellular,15,jun,379,2,376,13,other,1
7930,56,blue-collar,single,secondary,no,663,no,yes,cellular,8,jul,819,3,-1,0,unknown,1
2770,34,blue-collar,single,secondary,no,39,no,no,cellular,13,may,254,2,299,3,failure,0
8279,38,technician,married,tertiary,no,206,no,no,cellular,8,apr,350,2,-1,0,unknown,1
7191,20,student,married,unknown,no,292,no,no,cellular,5,aug,385,2,93,1,failure,1
86,31,management,married,tertiary,no,1384,yes,no,cellular,30,jan,203,2,2,3,other,0
2391,35,blue-collar,married,secondary,no,563,no,yes,cellular,4,jun,147,1,119,3,failure,1
3809,59,admin.,married,secondary,no,2145,no,no,telephone,17,nov,273,2,-1,0,unknown,0
7341,53,technician,married,secondary,no,5303,yes,no,telephone,17,apr,320,3,180,1,success,1
9531,28,technician,single,tertiary,no,3623,no,no,cellular,10,mar,261,1,-1,0,unknown,1
7823,30,technician,single,tertiary,no,411,no,no,cellular,22,oct,127,3,149,2,failure,1
4533,29,admin.,single,secondary,no,900,yes,no,unknown,14,may,339,1,-1,0,unknown,0
1939,31,technician,married,secondary,no,0,yes,yes,cellular,28,jan,71,1,223,9,other,0
850,62,self-employed,divorced,secondary,no,0,yes,no,cellular,20,aug,158,1,-1,0,unknown,1
3381,43,blue-collar,single,primary,no,0,no,no,unknown,9,may,71,3,-1,0,unknown,0
5128,47,management,married,secondary,no,21,yes,no,cellular,18,nov,229,2,-1,0,unknown,0
4967,37,unemployed,married,secondary,no,1978,no,no,cellular,11,mar,335,1,-1,0,unknown,1
4184,57,retired,married,secondary,no,1044,no,no,telephone,11,jan,585,1,192,2,success,1
782,62,retired,married,tertiary,no,2557,yes,no,cellular,14,sep,211,1,216,7,success,1
22,43,technician,single,secondary,no,593,yes,no,unknown,5,may,55,1,-1,0,unknown,0
6389,60,unknown,married,unknown,no,17297,no,no,cellular,26,aug,664,11,-1,0,unknown,1
7080,36,technician,married,secondary,no,0,yes,no,cellular,21,jul,193,5,-1,0,unknown,0
9339,33,services,married,secondary,no,3444,yes,no,telephone,21,oct,144,1,91,4,failure,1
2881,34,admin.,single,tertiary,no,458,yes,no,unknown,20,may,211,1,-1,0,unknown,0
6585,30,self-employed,single,tertiary,no,2593,no,no,unknown,27,may,662,7,-1,0,unknown,0
10545,36,entrepreneur,married,secondary,no,546,no,no,cellular,9,feb,297,3,-1,0,unknown,0
8749,26,management,single,tertiary,no,194,no,no,cellular,22,apr,407,2,-1,0,unknown,1
4718,35,management,single,tertiary,no,6659,yes,no,unknown,21,may,83,1,-1,0,unknown,0
3211,34,management,single,tertiary,no,1190,no,no,cellular,3,feb,18,7,-1,0,unknown,0
2451,51,technician,married,tertiary,no,0,no,no,cellular,2,mar,539,2,-1,0,unknown,1
6499,44,management,married,tertiary,no,126,yes,no,unknown,13,may,92,1,-1,0,unknown,0
3405,36,blue-collar,married,primary,no,1925,yes,no,cellular,20,apr,904,2,-1,0,unknown,1
6013,36,management,divorced,tertiary,no,102,yes,no,cellular,14,apr,114,1,-1,0,unknown,0
10686,47,management,married,primary,no,2793,yes,no,telephone,25,jul,102,4,-1,0,unknown,0
8924,49,management,divorced,tertiary,no,300,no,no,cellular,21,jul,316,1,-1,0,unknown,1
2913,32,management,single,tertiary,no,718,yes,no,cellular,29,dec,155,1,197,1,success,1
3601,57,unemployed,married,tertiary,no,209,no,no,unknown,19,jun,453,1,-1,0,unknown,0
1589,49,services,married,secondary,no,66,yes,yes,cellular,21,nov,59,4,-1,0,unknown,0
3740,23,services,single,secondary,no,488,no,no,cellular,30,mar,236,1,92,2,other,1
1800,49,admin.,divorced,secondary,no,168,yes,yes,unknown,8,may,513,1,-1,0,unknown,1
10033,57,management,married,tertiary,no,256,no,no,cellular,5,jun,304,2,91,1,success,1
9098,35,technician,married,secondary,no,0,yes,no,cellular,6,apr,139,1,-1,0,unknown,0
1440,39,management,divorced,tertiary,no,4692,yes,no,telephone,19,nov,214,2,174,2,success,0
3834,55,management,married,unknown,no,3122,no,no,cellular,8,jul,349,1,-1,0,unknown,1
2437,23,technician,single,secondary,no,356,yes,no,cellular,18,may,224,2,356,2,failure,0
4487,34,management,married,tertiary,no,105,yes,no,unknown,6,may,314,3,-1,0,unknown,0
7084,68,retired,single,tertiary,no,2144,no,no,cellular,22,oct,277,1,184,2,success,1
5371,32,management,married,tertiary,no,81,yes,no,cellular,17,nov,120,1,-1,0,unknown,0
783,48,management,divorced,tertiary,no,-244,yes,no,unknown,5,may,253,1,-1,0,unknown,0
5378,48,housemaid,married,secondary,no,513,no,yes,cellular,28,jul,939,3,-1,0,unknown,1
5798,34,management,married,secondary,no,56,yes,no,cellular,20,nov,311,3,183,1,failure,0
4773,41,blue-collar,married,secondary,no,0,no,no,unknown,5,jun,85,2,-1,0,unknown,0
7105,40,self-employed,single,tertiary,no,-94,yes,no,cellular,16,jul,90,1,-1,0,unknown,0
4973,59,management,married,tertiary,no,287,yes,no,cellular,20,apr,818,2,242,8,failure,0
1416,61,management,married,tertiary,no,477,yes,no,cellular,29,oct,377,1,520,1,other,1
1643,54,management,married,tertiary,no,1303,no,no,cellular,3,feb,1635,1,-1,0,unknown,1
7702,33,management,married,tertiary,no,2044,yes,no,cellular,15,may,102,3,177,1,failure,0
104,44,technician,married,primary,no,755,no,yes,cellular,31,jul,829,4,-1,0,unknown,1
10453,53,management,married,tertiary,no,261,no,no,cellular,19,aug,100,2,-1,0,unknown,0
806,55,management,married,tertiary,no,73,yes,no,unknown,5,may,142,2,-1,0,unknown,0
3572,30,blue-collar,married,secondary,no,631,yes,no,cellular,19,nov,174,2,-1,0,unknown,0
2995,44,management,divorced,tertiary,no,3932,yes,no,unknown,8,may,40,2,-1,0,unknown,0
10557,28,services,single,secondary,no,159,yes,no,telephone,12,may,345,2,-1,0,unknown,0
4610,31,technician,married,tertiary,no,0,yes,yes,unknown,13,may,164,2,-1,0,unknown,0
855,72,retired,married,tertiary,no,0,no,no,cellular,13,feb,99,1,-1,0,unknown,1
4204,59,unemployed,single,primary,no,7724,no,no,cellular,21,nov,373,3,-1,0,unknown,1
8956,33,entrepreneur,married,secondary,no,5809,yes,no,cellular,22,aug,219,4,-1,0,unknown,0
11138,31,student,single,secondary,no,0,no,no,cellular,22,sep,173,1,-1,0,unknown,0
7322,55,blue-collar,married,secondary,no,49,yes,no,cellular,7,jul,494,4,-1,0,unknown,1
3755,55,unemployed,divorced,secondary,no,309,no,no,cellular,20,apr,167,1,181,3,success,1
7200,37,management,married,tertiary,no,3236,no,no,cellular,20,may,291,2,202,5,other,1
8120,33,management,single,tertiary,no,816,yes,no,cellular,11,oct,383,2,503,2,failure,1
6371,75,retired,married,primary,no,1765,no,no,telephone,14,sep,808,1,187,4,failure,1
2034,43,management,divorced,tertiary,no,580,yes,no,cellular,11,may,1514,1,284,2,failure,1
8090,49,services,married,tertiary,no,411,no,no,telephone,14,may,9,6,-1,0,unknown,0
6929,54,management,single,tertiary,no,4393,yes,no,unknown,16,may,1297,3,-1,0,unknown,1
121,52,unemployed,married,secondary,no,5091,no,no,cellular,26,may,309,1,-1,0,unknown,0
6232,42,services,married,secondary,no,146,yes,yes,cellular,15,may,670,4,346,1,failure,1
8493,43,technician,married,tertiary,no,0,no,no,cellular,4,aug,1488,2,-1,0,unknown,1
1999,59,unemployed,married,secondary,no,957,no,no,cellular,9,dec,479,2,-1,0,unknown,1
7575,58,housemaid,married,primary,no,260,yes,no,telephone,15,may,71,5,364,3,failure,0
3481,50,technician,divorced,secondary,no,0,no,no,cellular,29,sep,159,1,120,2,failure,1
793,41,unemployed,single,tertiary,no,79,no,no,telephone,9,nov,394,1,390,2,success,1
8123,28,management,married,secondary,no,3,yes,no,cellular,14,sep,112,2,24,2,other,0
8148,29,blue-collar,married,secondary,no,8,yes,yes,cellular,10,jul,627,1,-1,0,unknown,1
4228,30,technician,single,secondary,no,-232,no,yes,cellular,7,aug,118,2,-1,0,unknown,0
6660,38,management,single,tertiary,no,1515,yes,no,telephone,31,jul,42,5,-1,0,unknown,0
3306,44,technician,married,secondary,no,11016,no,no,unknown,9,jun,252,3,-1,0,unknown,0
2945,30,admin.,single,secondary,no,613,yes,no,cellular,17,apr,180,2,302,1,failure,0
812,30,management,divorced,tertiary,no,46,no,no,cellular,13,aug,382,3,-1,0,unknown,0
6823,39,technician,single,secondary,no,287,yes,no,cellular,14,jul,84,3,-1,0,unknown,0
2909,51,blue-collar,married,secondary,no,955,no,yes,cellular,17,dec,221,3,-1,0,unknown,1
10676,59,management,divorced,tertiary,no,1304,no,no,unknown,18,jun,220,1,-1,0,unknown,0
6504,32,management,single,tertiary,no,2551,yes,no,cellular,21,jul,638,3,-1,0,unknown,1
3437,33,management,divorced,tertiary,yes,280,no,yes,cellular,18,nov,155,1,-1,0,unknown,0
1584,51,management,married,tertiary,no,2635,no,no,cellular,1,sep,181,1,98,2,failure,1
7118,31,management,single,tertiary,no,0,no,no,cellular,25,aug,9,12,-1,0,unknown,0
1681,38,admin.,married,secondary,no,1839,no,no,unknown,23,may,63,2,-1,0,unknown,0
7911,49,technician,married,tertiary,no,1071,no,no,cellular,16,sep,225,1,91,1,success,1
2685,82,retired,divorced,tertiary,no,0,no,no,telephone,12,nov,226,1,-1,0,unknown,1
2364,43,blue-collar,married,primary,no,-120,yes,no,unknown,3,jun,46,1,-1,0,unknown,0
4707,48,blue-collar,married,primary,no,783,no,yes,cellular,6,aug,90,2,-1,0,unknown,0
969,30,technician,single,tertiary,no,880,yes,yes,unknown,19,may,967,6,-1,0,unknown,1
1267,33,technician,single,secondary,no,-479,no,no,cellular,7,aug,235,1,-1,0,unknown,0
2054,44,entrepreneur,single,unknown,no,323,no,no,cellular,28,jul,332,2,181,2,failure,1
3957,31,services,single,secondary,no,900,yes,no,cellular,9,apr,221,2,140,6,failure,0
518,40,management,married,secondary,no,643,yes,no,cellular,17,apr,74,2,256,1,failure,0
295,29,admin.,divorced,secondary,no,1320,yes,yes,unknown,8,may,489,1,-1,0,unknown,0
3106,49,technician,married,secondary,no,1684,no,yes,cellular,1,jun,412,2,-1,0,unknown,1
7611,38,management,married,secondary,no,93,no,no,unknown,3,jul,515,2,-1,0,unknown,0
9675,42,blue-collar,single,primary,no,4930,no,no,unknown,18,jun,973,1,-1,0,unknown,1
9827,48,management,divorced,tertiary,no,700,yes,no,cellular,29,aug,488,2,-1,0,unknown,0
3565,33,blue-collar,married,primary,no,-191,yes,yes,cellular,9,jul,1290,4,-1,0,unknown,1
10004,41,admin.,single,secondary,no,0,no,no,telephone,25,jul,286,2,-1,0,unknown,0
5318,30,management,single,tertiary,no,162,yes,no,unknown,20,may,186,4,-1,0,unknown,0
6465,44,self-employed,single,tertiary,no,18558,yes,no,cellular,20,nov,51,1,190,4,other,0
1781,44,blue-collar,single,secondary,no,-435,yes,no,unknown,27,may,141,2,-1,0,unknown,0
6258,53,management,married,tertiary,no,75,no,no,cellular,20,aug,216,2,-1,0,unknown,0
327,31,management,divorced,tertiary,no,-547,yes,yes,cellular,31,jul,101,10,-1,0,unknown,0
3826,28,student,single,tertiary,no,61,yes,no,cellular,16,jul,401,8,-1,0,unknown,0
828,35,technician,single,tertiary,no,992,yes,no,cellular,26,aug,79,1,114,3,failure,0
1738,26,technician,married,secondary,no,-119,no,yes,cellular,9,jul,359,5,-1,0,unknown,1
508,53,management,married,tertiary,no,232,yes,no,telephone,29,jan,32,1,-1,0,unknown,0
7484,39,technician,married,secondary,no,1965,yes,no,unknown,2,jun,65,1,-1,0,unknown,0
2248,46,admin.,divorced,secondary,no,2196,no,no,cellular,28,jul,573,5,-1,0,unknown,1
9315,47,admin.,married,secondary,no,3070,no,no,cellular,7,aug,663,4,-1,0,unknown,1
7721,41,blue-collar,married,secondary,no,923,yes,no,unknown,14,may,249,2,-1,0,unknown,0
4415,36,management,single,tertiary,no,171,no,no,unknown,17,jun,398,4,-1,0,unknown,0
6022,30,entrepreneur,single,secondary,no,265,yes,yes,unknown,3,jun,67,10,-1,0,unknown,0
430,31,admin.,single,secondary,no,410,no,no,cellular,23,apr,342,1,-1,0,unknown,1
6985,30,technician,single,tertiary,no,1289,yes,no,unknown,21,may,1697,2,-1,0,unknown,1
5204,33,admin.,single,tertiary,no,2,no,no,cellular,29,jan,132,2,-1,0,unknown,0
7032,49,technician,single,secondary,no,9131,yes,no,cellular,18,aug,532,1,461,5,failure,1
8859,37,self-employed,married,primary,no,0,no,no,unknown,7,may,112,4,-1,0,unknown,0
4408,30,self-employed,single,tertiary,no,578,yes,no,unknown,2,jun,142,4,-1,0,unknown,0
4222,55,management,divorced,primary,no,3629,yes,no,unknown,30,may,87,1,-1,0,unknown,0
8958,39,technician,single,unknown,no,75,no,no,unknown,6,jun,26,1,-1,0,unknown,0
10274,80,retired,married,secondary,no,8304,no,no,telephone,9,jun,712,1,64,12,failure,1
6704,63,retired,divorced,tertiary,no,0,no,no,cellular,13,may,263,1,181,2,success,1
12,26,technician,single,secondary,no,507,no,no,cellular,30,apr,380,1,-1,0,unknown,1
2920,37,admin.,single,secondary,no,9,yes,no,cellular,14,may,165,1,-1,0,unknown,0
8405,57,blue-collar,married,secondary,no,773,yes,yes,unknown,18,jun,97,8,-1,0,unknown,0
5981,42,admin.,single,secondary,no,-247,yes,yes,telephone,21,oct,519,1,166,1,other,1
1195,43,management,divorced,tertiary,no,2367,no,no,cellular,22,mar,173,2,181,4,success,1
6176,60,admin.,divorced,secondary,no,4519,no,no,cellular,2,feb,152,1,-1,0,unknown,0
10588,31,unemployed,single,secondary,no,1214,no,no,cellular,4,feb,974,1,-1,0,unknown,1
6899,37,self-employed,divorced,tertiary,no,1513,no,no,unknown,30,may,510,1,-1,0,unknown,0
7786,36,blue-collar,married,secondary,no,153,yes,no,cellular,8,may,263,1,171,2,failure,0
1534,40,services,divorced,secondary,no,687,yes,no,cellular,2,feb,531,1,208,1,success,1
10507,53,unknown,married,unknown,no,549,no,no,telephone,28,jan,74,2,-1,0,unknown,0
7121,69,retired,married,primary,no,324,no,no,cellular,12,aug,875,1,189,4,success,0
693,49,management,divorced,secondary,no,-46,yes,no,unknown,9,jun,1055,10,-1,0,unknown,1
3345,44,management,single,tertiary,yes,12,yes,no,cellular,19,nov,126,2,-1,0,unknown,0
6159,21,unemployed,single,secondary,no,1333,no,no,cellular,2,feb,120,1,-1,0,unknown,0
9379,39,unemployed,divorced,secondary,no,265,yes,no,unknown,27,may,93,1,555,2,other,1
4230,54,management,married,tertiary,no,8295,no,no,cellular,2,oct,849,2,119,1,success,1
8038,67,technician,married,secondary,no,0,no,no,cellular,13,aug,1152,2,188,1,success,0
5100,33,services,married,secondary,no,804,yes,yes,unknown,8,may,266,1,-1,0,unknown,0
500,50,services,married,tertiary,no,218,yes,no,unknown,9,may,388,2,-1,0,unknown,0
6784,27,technician,single,secondary,no,261,yes,no,cellular,29,jan,236,2,247,2,failure,0
1279,26,admin.,single,tertiary,no,2532,yes,yes,cellular,18,feb,269,1,-1,0,unknown,1
4866,51,entrepreneur,married,primary,no,726,yes,yes,cellular,15,apr,87,2,-1,0,unknown,0
8202,51,technician,married,tertiary,no,825,no,no,cellular,17,nov,977,3,-1,0,unknown,1
6610,38,blue-collar,single,secondary,no,13156,yes,no,cellular,17,apr,291,4,331,1,failure,0
5272,36,services,divorced,primary,no,418,yes,no,cellular,8,may,156,2,-1,0,unknown,0
2204,37,blue-collar,married,primary,no,106,yes,no,cellular,25,aug,511,1,392,13,failure,1
8640,51,self-employed,married,tertiary,no,5350,yes,yes,cellular,31,jul,612,4,-1,0,unknown,1
7538,52,blue-collar,married,secondary,no,408,no,no,cellular,29,jan,338,2,-1,0,unknown,0
10981,34,blue-collar,married,unknown,no,568,yes,no,cellular,25,jul,256,1,-1,0,unknown,0
3847,28,services,single,secondary,no,168,yes,no,cellular,7,may,128,1,-1,0,unknown,0
10695,43,technician,single,secondary,no,1462,no,no,unknown,9,jun,75,2,-1,0,unknown,0
4045,30,student,single,tertiary,no,2766,no,no,cellular,21,nov,834,1,-1,0,unknown,1
10586,35,technician,married,secondary,no,1368,no,no,cellular,27,may,329,1,41,2,other,1
7321,31,management,married,tertiary,no,2652,no,no,cellular,25,aug,9,9,-1,0,unknown,0
10598,40,technician,single,tertiary,no,1646,yes,no,cellular,4,may,392,2,91,3,success,1
4440,28,technician,single,tertiary,no,-123,no,yes,cellular,23,jul,690,1,-1,0,unknown,1
4792,29,blue-collar,married,secondary,no,294,yes,no,unknown,14,may,594,2,-1,0,unknown,0
10796,54,services,married,secondary,no,4482,yes,no,unknown,20,may,97,2,-1,0,unknown,0
10006,60,retired,married,tertiary,no,3461,no,no,cellular,3,feb,128,2,-1,0,unknown,0
1106,38,management,divorced,tertiary,no,547,yes,no,unknown,14,may,137,4,-1,0,unknown,0
8996,54,management,married,primary,no,2587,no,no,cellular,2,jun,236,2,-1,0,unknown,1
2817,31,services,single,secondary,no,8,no,no,cellular,7,jul,340,3,-1,0,unknown,0
7495,49,technician,divorced,secondary,no,229,no,no,cellular,8,aug,219,2,-1,0,unknown,0
1925,35,services,married,secondary,no,1279,yes,no,unknown,16,jun,114,5,-1,0,unknown,0
4067,44,technician,single,secondary,no,365,yes,no,unknown,8,may,169,2,-1,0,unknown,0
4671,39,management,single,tertiary,no,1682,yes,no,cellular,19,nov,147,1,170,1,failure,0
4125,33,management,married,tertiary,no,273,yes,no,unknown,16,may,803,1,-1,0,unknown,1
1185,33,management,single,tertiary,no,2485,yes,no,cellular,2,nov,91,2,-1,0,unknown,0
5169,41,technician,married,secondary,no,1066,no,no,cellular,11,feb,109,3,-1,0,unknown,1
2599,54,management,married,tertiary,no,1168,no,no,telephone,4,may,150,5,-1,0,unknown,0
9091,25,blue-collar,single,secondary,no,76,no,yes,cellular,28,jul,50,4,-1,0,unknown,0
732,58,management,divorced,tertiary,no,50,yes,no,unknown,3,jun,109,4,-1,0,unknown,0
6914,45,management,married,unknown,no,9051,yes,no,unknown,19,may,124,63,-1,0,unknown,0
5828,42,management,married,tertiary,no,-671,no,no,cellular,28,aug,80,2,-1,0,unknown,0
10308,40,admin.,married,secondary,no,1535,yes,no,unknown,14,may,704,1,-1,0,unknown,1
606,20,student,single,unknown,no,829,no,no,cellular,9,jul,253,2,-1,0,unknown,1
720,32,admin.,single,secondary,no,212,no,no,cellular,7,jul,830,5,-1,0,unknown,1
5321,35,blue-collar,married,secondary,no,1098,yes,no,unknown,26,may,19,17,-1,0,unknown,0
10934,42,blue-collar,single,secondary,no,1080,yes,yes,cellular,13,may,951,3,370,4,failure,1
8421,41,management,married,tertiary,no,65,yes,no,unknown,6,may,524,2,-1,0,unknown,0
90,29,technician,single,tertiary,no,0,yes,no,cellular,7,may,347,2,337,6,failure,1
1229,31,entrepreneur,single,secondary,no,0,no,no,telephone,13,nov,160,1,-1,0,unknown,1
1006,51,technician,divorced,secondary,no,0,yes,no,unknown,28,may,463,2,-1,0,unknown,0
10802,34,services,single,secondary,no,1239,yes,no,unknown,23,may,164,1,-1,0,unknown,0
4208,40,services,single,secondary,no,19343,yes,no,cellular,21,nov,13,4,179,4,failure,0
1278,41,technician,married,secondary,no,128,yes,no,cellular,27,aug,100,2,-1,0,unknown,0
4501,45,unemployed,married,tertiary,no,1148,no,no,cellular,19,nov,782,2,-1,0,unknown,0
2989,57,unemployed,married,secondary,no,1350,no,no,cellular,25,jun,131,1,388,1,failure,0
6305,43,housemaid,married,secondary,no,-177,yes,no,unknown,21,may,172,2,-1,0,unknown,0
3441,36,services,single,tertiary,no,1189,no,no,cellular,17,aug,220,1,-1,0,unknown,1
3227,32,blue-collar,married,primary,no,1504,yes,no,cellular,17,apr,131,2,-1,0,unknown,0
6222,53,unemployed,single,secondary,no,4,no,no,cellular,30,jul,259,3,-1,0,unknown,0
1249,59,retired,divorced,secondary,no,914,no,no,cellular,28,jan,192,1,-1,0,unknown,0
4471,34,management,married,secondary,yes,879,yes,no,cellular,17,apr,712,1,344,1,failure,1
5436,27,management,single,tertiary,no,12956,yes,no,unknown,29,may,789,3,-1,0,unknown,1
4837,34,management,married,tertiary,no,580,yes,no,cellular,10,jul,380,1,-1,0,unknown,0
6048,25,services,single,unknown,no,2022,no,no,cellular,29,jul,276,8,97,12,other,1
4558,44,management,married,tertiary,no,3091,yes,no,unknown,17,jun,331,4,-1,0,unknown,0
8593,30,management,single,tertiary,no,2,yes,yes,cellular,25,jul,1031,8,-1,0,unknown,1
7278,32,blue-collar,married,secondary,no,320,yes,no,unknown,6,may,198,2,-1,0,unknown,0
6939,29,technician,single,tertiary,no,542,yes,no,unknown,9,may,338,3,-1,0,unknown,0
1094,52,technician,married,secondary,no,136,no,no,cellular,28,aug,88,5,-1,0,unknown,0
11153,29,admin.,married,secondary,no,6429,yes,yes,cellular,14,may,535,1,352,2,failure,0
1092,27,admin.,single,tertiary,no,832,no,no,cellular,21,apr,336,1,-1,0,unknown,0
2804,49,admin.,single,secondary,no,716,yes,no,unknown,15,may,1257,3,-1,0,unknown,1
11114,56,management,divorced,tertiary,no,505,no,no,cellular,9,feb,108,2,199,3,other,0
212,61,retired,married,tertiary,no,2557,yes,no,cellular,11,aug,139,3,190,1,success,1
1544,57,technician,married,tertiary,no,1181,no,no,cellular,29,jul,169,2,182,2,success,1
3406,53,blue-collar,married,secondary,no,6112,no,no,cellular,3,feb,211,1,-1,0,unknown,1
7783,25,services,single,secondary,no,2311,no,yes,cellular,21,jul,1105,2,-1,0,unknown,1
3503,53,technician,married,secondary,no,6,yes,no,unknown,5,may,517,1,-1,0,unknown,0
8581,38,blue-collar,married,secondary,no,-367,yes,yes,cellular,12,may,354,1,-1,0,unknown,0
8265,37,technician,married,secondary,no,177,yes,no,cellular,16,jul,464,3,-1,0,unknown,0
9579,33,technician,married,tertiary,no,4401,no,no,cellular,30,apr,439,1,-1,0,unknown,1
6492,49,technician,married,secondary,no,550,yes,no,unknown,5,jun,412,2,-1,0,unknown,0
7138,24,student,single,secondary,no,23878,no,no,cellular,18,feb,185,1,-1,0,unknown,1
7249,44,housemaid,married,secondary,no,281,yes,no,unknown,8,may,604,1,-1,0,unknown,0
7465,38,self-employed,single,secondary,no,677,yes,no,cellular,14,may,114,2,-1,0,unknown,0
10239,45,services,married,secondary,no,561,yes,no,unknown,29,may,340,7,-1,0,unknown,0
1483,46,services,married,primary,no,4343,yes,no,unknown,20,sep,185,1,-1,0,unknown,1
2153,54,unknown,married,unknown,no,390,no,no,cellular,20,aug,68,5,-1,0,unknown,0
633,33,technician,married,tertiary,no,0,no,no,cellular,30,apr,227,2,-1,0,unknown,1
5419,46,management,divorced,tertiary,no,624,no,no,cellular,17,sep,336,2,183,2,success,1
6148,44,admin.,married,secondary,no,345,yes,no,telephone,16,jul,208,8,-1,0,unknown,0
7679,41,blue-collar,married,secondary,no,140,yes,no,cellular,29,jan,636,2,-1,0,unknown,0
10754,28,admin.,single,secondary,no,261,yes,yes,cellular,29,jan,254,3,142,6,success,1
6493,32,blue-collar,married,primary,no,274,yes,no,unknown,9,may,21,3,-1,0,unknown,0
4695,55,entrepreneur,married,secondary,no,113,yes,no,unknown,12,jun,186,1,-1,0,unknown,0
8088,59,retired,divorced,secondary,no,93,no,no,unknown,26,may,193,2,-1,0,unknown,0
5700,37,self-employed,married,secondary,no,3396,no,no,cellular,18,aug,69,6,-1,0,unknown,0
2427,50,blue-collar,divorced,secondary,no,881,yes,yes,cellular,20,apr,162,1,-1,0,unknown,0
2842,34,admin.,single,secondary,no,303,no,no,cellular,4,jun,282,3,126,3,failure,1
1932,38,management,married,tertiary,no,595,yes,no,cellular,18,nov,70,1,-1,0,unknown,0
1405,36,admin.,married,secondary,no,162,yes,yes,cellular,20,apr,340,2,-1,0,unknown,0
901,58,management,married,tertiary,no,3228,no,no,cellular,19,aug,58,2,-1,0,unknown,0
10081,39,technician,single,tertiary,no,393,no,no,cellular,26,mar,281,1,-1,0,unknown,1
4730,33,management,married,tertiary,no,271,yes,no,cellular,14,aug,801,2,-1,0,unknown,1
5221,34,management,married,tertiary,no,3047,no,no,cellular,30,apr,317,1,160,5,other,1
10799,32,management,divorced,tertiary,no,883,yes,no,cellular,10,dec,798,1,185,5,other,1
846,44,self-employed,divorced,tertiary,no,1070,yes,no,cellular,30,apr,381,1,160,2,other,1
5775,54,unemployed,divorced,secondary,no,1664,no,no,cellular,2,jun,257,3,-1,0,unknown,1
8857,44,housemaid,married,primary,yes,-972,yes,yes,unknown,16,may,114,2,-1,0,unknown,0
2761,32,technician,single,unknown,no,491,no,no,cellular,9,jul,474,7,-1,0,unknown,1
1926,36,admin.,married,tertiary,no,29,no,no,cellular,12,aug,576,1,-1,0,unknown,1
7167,25,management,single,tertiary,no,219,no,no,cellular,4,aug,576,1,96,1,success,1
7213,26,self-employed,single,secondary,no,3676,no,no,cellular,7,apr,148,1,-1,0,unknown,1
6405,36,housemaid,married,primary,no,78,yes,no,telephone,30,jul,2692,9,-1,0,unknown,1
1103,44,technician,married,tertiary,no,1818,yes,yes,cellular,3,feb,508,1,92,4,failure,1
10126,57,retired,married,secondary,no,5313,no,no,cellular,3,jun,200,1,-1,0,unknown,1
1948,29,self-employed,single,tertiary,no,814,no,no,unknown,13,aug,461,1,-1,0,unknown,1
4944,53,entrepreneur,single,secondary,no,62,yes,no,unknown,30,may,1044,5,-1,0,unknown,1
2673,30,management,single,tertiary,no,3773,yes,no,cellular,9,feb,75,4,258,1,failure,0
4995,67,retired,married,primary,no,942,no,no,cellular,6,nov,455,2,84,2,other,1
8019,43,management,single,tertiary,no,483,no,no,cellular,19,aug,950,6,-1,0,unknown,1
255,52,housemaid,married,secondary,no,234,no,no,cellular,20,nov,208,1,-1,0,unknown,0
4719,38,self-employed,single,tertiary,no,1612,yes,no,cellular,8,may,423,1,-1,0,unknown,1
9725,41,management,married,tertiary,no,1468,yes,no,cellular,31,mar,237,3,-1,0,unknown,1
7514,47,admin.,single,primary,no,683,no,no,cellular,20,nov,101,1,-1,0,unknown,0
2197,55,admin.,divorced,secondary,no,1872,no,no,cellular,28,aug,155,2,93,8,failure,1
6326,48,admin.,divorced,secondary,no,1180,no,no,cellular,27,jan,142,1,238,3,other,1
10152,37,admin.,single,tertiary,no,1000,yes,no,cellular,22,sep,239,1,99,2,success,1
4636,31,technician,single,tertiary,no,22,yes,no,unknown,9,may,483,3,-1,0,unknown,1
1274,36,admin.,single,secondary,no,206,yes,no,unknown,8,may,183,1,-1,0,unknown,0
7890,50,unknown,married,primary,no,341,yes,yes,cellular,20,apr,670,4,340,2,success,1
6884,51,blue-collar,married,primary,no,-637,yes,yes,cellular,19,nov,233,2,-1,0,unknown,0
807,58,retired,married,tertiary,no,1425,no,no,cellular,30,apr,224,1,-1,0,unknown,1
7370,60,retired,married,unknown,no,209,no,no,cellular,14,aug,391,3,106,1,failure,1
190,56,blue-collar,married,primary,no,827,yes,no,telephone,15,may,462,4,-1,0,unknown,1
10679,75,self-employed,married,unknown,no,4984,no,no,telephone,28,oct,509,1,-1,0,unknown,1
8285,61,self-employed,divorced,tertiary,no,52587,no,no,cellular,15,feb,394,3,189,1,success,1
4768,65,retired,married,primary,no,3629,no,no,cellular,27,apr,148,1,-1,0,unknown,1
5754,25,admin.,married,tertiary,no,906,no,no,cellular,26,may,253,1,-1,0,unknown,1
2175,25,self-employed,single,tertiary,no,42,yes,no,cellular,3,mar,320,1,-1,0,unknown,1
7647,27,management,single,tertiary,no,703,yes,no,unknown,5,jun,590,3,-1,0,unknown,1
6286,23,student,single,secondary,no,151,yes,no,unknown,9,may,97,1,-1,0,unknown,0
801,83,retired,single,primary,no,1965,no,no,telephone,13,oct,1003,3,-1,0,unknown,1
7045,58,entrepreneur,married,primary,no,1153,yes,yes,telephone,12,may,206,6,337,6,failure,0
883,28,blue-collar,single,secondary,no,38,yes,no,unknown,23,may,31,1,-1,0,unknown,0
10834,53,admin.,married,secondary,no,109,no,no,telephone,2,jun,270,1,-1,0,unknown,1
5793,29,blue-collar,married,primary,no,79,yes,no,unknown,27,may,22,2,-1,0,unknown,0
6999,56,self-employed,married,tertiary,no,411,no,no,unknown,19,jun,145,4,-1,0,unknown,0
8609,47,admin.,married,secondary,no,29,no,yes,cellular,22,aug,150,8,-1,0,unknown,0
5484,31,blue-collar,single,secondary,no,573,yes,no,telephone,5,feb,58,1,269,2,failure,0
1812,28,blue-collar,single,secondary,no,1705,no,no,cellular,17,dec,412,2,-1,0,unknown,1
3301,38,management,married,tertiary,no,328,no,no,cellular,8,aug,230,2,-1,0,unknown,0
564,31,technician,married,secondary,no,-302,no,no,cellular,13,aug,195,2,-1,0,unknown,0
9164,60,retired,married,secondary,no,0,yes,no,unknown,15,may,229,1,-1,0,unknown,0
1443,64,retired,married,unknown,no,679,no,no,telephone,16,nov,167,1,-1,0,unknown,1
9932,24,student,single,primary,no,0,no,no,unknown,5,jun,25,26,-1,0,unknown,0
4097,52,blue-collar,married,primary,no,2396,yes,no,cellular,15,may,48,7,-1,0,unknown,0
2886,34,blue-collar,single,secondary,no,341,yes,no,unknown,8,may,195,1,-1,0,unknown,0
10606,32,management,single,tertiary,no,9317,no,no,cellular,2,nov,92,3,-1,0,unknown,0
3243,34,management,married,tertiary,no,297,yes,no,cellular,26,aug,63,4,-1,0,unknown,0
573,55,management,married,tertiary,no,-375,no,no,cellular,30,jul,814,2,-1,0,unknown,1
1173,31,student,single,tertiary,no,64,no,no,cellular,2,jun,261,2,-1,0,unknown,1
5135,33,services,single,tertiary,no,1595,yes,no,unknown,26,may,296,1,-1,0,unknown,0
6840,31,technician,single,secondary,no,147,yes,no,unknown,7,may,374,1,-1,0,unknown,0
5061,44,management,married,tertiary,no,309,yes,no,cellular,5,feb,676,1,-1,0,unknown,1
8472,32,technician,single,tertiary,no,34646,no,no,telephone,13,aug,618,9,-1,0,unknown,1
8255,31,self-employed,single,tertiary,no,17924,yes,no,cellular,21,nov,608,3,-1,0,unknown,0
135,34,management,married,tertiary,no,118,no,yes,telephone,17,jul,171,3,-1,0,unknown,0
1177,46,management,married,secondary,no,-27,yes,no,cellular,6,may,289,1,-1,0,unknown,0
304,34,technician,married,tertiary,no,7050,no,no,cellular,7,aug,130,1,-1,0,unknown,1
10631,72,retired,married,secondary,no,1129,no,no,cellular,25,nov,208,1,91,1,success,1
2836,49,services,married,secondary,no,202,yes,no,cellular,17,nov,651,2,104,1,failure,1
745,59,retired,divorced,secondary,no,514,no,no,cellular,3,feb,261,1,-1,0,unknown,1
4154,81,retired,divorced,unknown,no,0,no,no,telephone,16,oct,128,1,-1,0,unknown,0
5819,35,technician,single,secondary,no,1693,yes,no,cellular,10,feb,515,1,-1,0,unknown,1
3284,30,blue-collar,married,secondary,no,5,no,no,cellular,17,apr,840,3,-1,0,unknown,1
9716,33,blue-collar,single,secondary,no,45,no,no,unknown,20,jun,13,12,-1,0,unknown,0
2812,58,technician,married,secondary,no,3399,no,no,cellular,26,may,1078,1,97,7,other,1
10854,22,student,single,secondary,no,64,no,no,cellular,4,jun,112,1,-1,0,unknown,0
3543,40,technician,single,secondary,no,5637,yes,no,unknown,30,may,553,3,-1,0,unknown,1
7044,36,technician,single,secondary,no,125,yes,no,cellular,15,may,676,3,-1,0,unknown,1
7365,38,technician,single,secondary,no,1019,yes,no,cellular,6,may,249,1,-1,0,unknown,0
10279,30,blue-collar,single,primary,no,185,no,no,unknown,26,jun,11,1,-1,0,unknown,0
8357,72,retired,married,primary,no,2079,no,no,cellular,13,aug,100,1,191,3,other,0
1001,56,blue-collar,married,primary,no,0,no,no,cellular,7,aug,152,6,-1,0,unknown,0
10036,71,retired,divorced,secondary,no,4380,no,no,cellular,22,sep,369,1,-1,0,unknown,1
292,25,blue-collar,single,secondary,no,0,no,no,cellular,23,apr,163,1,-1,0,unknown,1
10253,27,technician,married,tertiary,no,276,no,no,unknown,16,may,218,2,-1,0,unknown,0
328,37,management,married,tertiary,no,1125,yes,no,unknown,3,jun,301,1,-1,0,unknown,0
2816,58,self-employed,married,secondary,no,9994,no,no,cellular,10,jul,400,1,-1,0,unknown,0
2047,56,admin.,married,secondary,no,1554,yes,yes,cellular,6,feb,15,6,190,27,other,0
2291,20,student,single,secondary,no,1819,no,no,cellular,9,apr,245,3,-1,0,unknown,1
9131,35,blue-collar,married,primary,no,4319,no,no,cellular,16,apr,266,1,-1,0,unknown,0
7730,45,blue-collar,married,primary,no,803,yes,no,cellular,4,may,742,4,-1,0,unknown,1
10605,27,services,single,secondary,no,504,yes,no,cellular,18,may,106,5,362,8,other,0
8440,32,management,single,tertiary,yes,4,no,no,cellular,29,jan,181,1,-1,0,unknown,0
2315,28,services,single,secondary,no,3331,yes,no,unknown,28,may,229,2,-1,0,unknown,0
1342,34,blue-collar,married,primary,no,3,yes,no,telephone,8,may,26,1,-1,0,unknown,0
1739,36,blue-collar,married,secondary,no,2103,no,yes,unknown,26,jun,71,1,-1,0,unknown,0
5458,37,management,single,tertiary,no,876,yes,no,cellular,15,apr,140,4,327,2,failure,0
10023,56,admin.,married,secondary,no,292,yes,no,unknown,28,may,228,9,-1,0,unknown,0
5158,36,admin.,single,secondary,no,787,no,no,unknown,17,jun,92,1,-1,0,unknown,0
10193,50,management,married,tertiary,no,2050,no,no,cellular,6,aug,158,3,-1,0,unknown,0
9570,32,technician,single,secondary,no,29,no,no,cellular,19,aug,156,2,-1,0,unknown,0
4297,32,management,married,tertiary,no,376,yes,no,cellular,23,mar,248,4,-1,0,unknown,1
5797,43,unemployed,married,tertiary,no,0,no,no,cellular,18,oct,464,1,94,2,success,1
7137,36,management,single,tertiary,no,7506,yes,no,cellular,6,may,839,2,188,1,success,1
971,43,management,single,tertiary,no,2081,no,no,cellular,22,oct,554,3,-1,0,unknown,1
1204,74,retired,married,tertiary,no,1843,no,no,cellular,15,sep,251,2,184,3,success,1
5926,23,student,single,secondary,no,0,no,no,cellular,7,aug,217,1,99,7,success,1
3681,37,management,single,tertiary,no,427,yes,no,unknown,20,may,121,1,-1,0,unknown,0
5807,43,admin.,single,secondary,no,386,no,no,cellular,12,oct,242,1,92,4,success,0
1227,36,technician,single,secondary,no,651,no,no,cellular,7,aug,876,1,-1,0,unknown,1
4904,30,management,married,tertiary,no,419,yes,no,cellular,4,jun,194,1,-1,0,unknown,1
7161,33,management,married,tertiary,no,-139,no,no,cellular,8,jul,290,1,-1,0,unknown,0
6647,30,management,married,tertiary,no,265,yes,no,unknown,26,may,45,4,-1,0,unknown,0
5140,47,unemployed,married,secondary,no,926,no,no,cellular,14,aug,436,1,403,5,success,1
8664,41,blue-collar,married,primary,no,6596,yes,no,cellular,20,nov,88,1,-1,0,unknown,0
24,43,technician,married,secondary,no,0,no,yes,cellular,8,may,9,2,172,5,failure,0
1623,64,management,married,unknown,no,2352,no,no,cellular,3,nov,181,4,183,7,success,1
4419,37,services,married,secondary,no,50,yes,no,unknown,8,may,352,3,-1,0,unknown,0
9735,39,blue-collar,married,primary,no,332,yes,no,unknown,8,may,277,3,-1,0,unknown,0
5788,35,self-employed,married,secondary,no,5613,yes,no,cellular,28,jul,699,3,-1,0,unknown,1
4048,47,blue-collar,married,secondary,no,125,no,no,cellular,8,jul,210,2,-1,0,unknown,0
4187,30,services,single,secondary,no,117,no,no,cellular,28,jan,135,1,-1,0,unknown,0
6917,26,management,single,tertiary,no,362,no,no,cellular,15,sep,925,1,104,2,success,1
4366,35,management,married,tertiary,no,43,no,no,cellular,11,aug,917,4,-1,0,unknown,1
1346,34,technician,divorced,secondary,no,8,yes,no,cellular,6,may,569,2,-1,0,unknown,0
10316,28,unemployed,married,tertiary,no,482,no,no,cellular,25,may,119,1,-1,0,unknown,1
3952,47,self-employed,married,tertiary,no,1011,no,no,cellular,6,oct,808,1,-1,0,unknown,1
2163,26,blue-collar,single,secondary,no,191,yes,no,cellular,6,may,550,1,-1,0,unknown,1
6131,28,self-employed,married,tertiary,no,120,yes,yes,unknown,8,may,130,3,-1,0,unknown,0
5882,30,management,single,tertiary,no,2708,no,no,cellular,19,nov,479,1,-1,0,unknown,0
655,35,blue-collar,married,tertiary,no,2999,no,no,unknown,12,jun,1141,6,-1,0,unknown,1
3036,47,blue-collar,married,primary,no,475,yes,yes,cellular,29,jan,99,2,251,7,other,0
6399,45,admin.,single,secondary,no,206,yes,no,unknown,5,may,193,1,-1,0,unknown,0
7727,39,technician,single,unknown,no,0,yes,no,unknown,7,may,130,1,-1,0,unknown,0
7598,20,blue-collar,single,secondary,no,423,yes,no,cellular,16,apr,498,1,-1,0,unknown,1
4080,40,technician,married,tertiary,no,103,yes,no,unknown,8,may,135,2,-1,0,unknown,0
1974,46,services,divorced,secondary,no,5,yes,yes,cellular,29,jan,305,2,-1,0,unknown,0
642,34,admin.,married,secondary,no,36,no,no,cellular,22,aug,192,6,-1,0,unknown,0
5343,34,admin.,single,secondary,no,6979,yes,no,cellular,15,may,14,5,-1,0,unknown,0
894,35,admin.,married,tertiary,no,318,yes,yes,cellular,1,oct,142,1,-1,0,unknown,0
6790,39,unknown,single,unknown,no,0,no,no,telephone,28,jan,28,1,-1,0,unknown,0
3219,56,blue-collar,married,primary,no,551,no,no,unknown,29,may,27,1,-1,0,unknown,0
4194,47,management,married,tertiary,no,2351,no,no,cellular,10,mar,80,1,-1,0,unknown,1
6292,71,retired,married,secondary,no,1712,no,no,cellular,11,feb,660,1,-1,0,unknown,1
9348,36,management,divorced,tertiary,no,14930,no,no,cellular,23,jul,190,1,-1,0,unknown,0
157,34,blue-collar,single,primary,no,79,no,no,telephone,10,jul,336,4,-1,0,unknown,1
5121,37,management,married,tertiary,no,21,yes,no,unknown,29,may,52,2,-1,0,unknown,0
9335,31,admin.,married,secondary,no,8784,yes,no,unknown,21,may,63,2,-1,0,unknown,0
3027,32,technician,married,tertiary,no,240,yes,yes,cellular,14,jul,86,3,-1,0,unknown,0
10885,29,student,single,secondary,no,78,no,no,cellular,30,apr,239,1,-1,0,unknown,1
10563,34,technician,married,secondary,no,4,yes,no,cellular,2,feb,105,2,263,1,failure,0
2160,31,technician,married,tertiary,no,11,no,no,cellular,27,aug,651,2,-1,0,unknown,0
5957,46,blue-collar,married,secondary,no,624,yes,no,cellular,16,apr,201,1,-1,0,unknown,0
6354,27,blue-collar,single,primary,no,431,yes,no,unknown,15,may,286,2,-1,0,unknown,0
10510,23,technician,single,secondary,no,4,yes,no,cellular,8,may,763,1,-1,0,unknown,1
11081,33,admin.,married,secondary,no,0,yes,no,cellular,17,nov,78,1,-1,0,unknown,0
7691,23,student,single,secondary,no,1234,no,no,cellular,15,feb,379,1,91,1,success,1
6630,23,services,single,secondary,no,665,yes,no,unknown,28,may,1183,1,-1,0,unknown,1
3427,46,management,married,tertiary,no,385,yes,no,unknown,29,may,52,4,-1,0,unknown,0
4594,29,blue-collar,single,secondary,no,228,no,no,cellular,5,feb,355,1,-1,0,unknown,0
1620,46,self-employed,married,tertiary,no,137,yes,yes,unknown,5,may,246,1,-1,0,unknown,0
3695,34,unemployed,single,secondary,no,1965,no,no,telephone,4,may,714,1,-1,0,unknown,1
2734,52,management,divorced,secondary,no,944,no,yes,unknown,9,jun,119,1,-1,0,unknown,0
7643,42,blue-collar,married,primary,no,-67,yes,no,unknown,9,may,128,1,-1,0,unknown,0
792,44,management,married,unknown,no,2724,no,no,cellular,28,dec,893,1,-1,0,unknown,1
8844,35,technician,single,tertiary,no,33,no,no,cellular,29,aug,300,2,-1,0,unknown,0
10587,31,management,married,tertiary,no,4148,yes,no,cellular,21,nov,316,3,99,9,other,1
4703,33,services,married,tertiary,no,597,no,no,cellular,4,feb,134,1,-1,0,unknown,0
8838,38,admin.,married,tertiary,no,1988,no,no,cellular,27,mar,164,2,130,2,failure,1
287,61,retired,married,secondary,no,523,no,no,cellular,13,aug,211,3,183,4,success,1
7450,47,unemployed,divorced,secondary,no,947,no,no,cellular,5,feb,124,2,-1,0,unknown,0
7304,32,technician,single,tertiary,no,654,yes,no,cellular,25,may,615,4,-1,0,unknown,1
7926,31,technician,married,tertiary,no,165,no,no,cellular,15,may,218,4,-1,0,unknown,0
4657,34,management,single,tertiary,no,48,yes,no,cellular,12,aug,810,3,93,6,failure,1
6547,48,management,married,tertiary,no,494,no,no,cellular,29,aug,81,8,-1,0,unknown,0
1630,46,technician,married,secondary,no,966,yes,yes,cellular,19,aug,40,2,-1,0,unknown,0
1295,60,retired,married,primary,no,566,no,yes,cellular,23,jul,423,1,-1,0,unknown,0
10003,56,technician,divorced,secondary,no,1480,yes,yes,cellular,5,feb,576,1,-1,0,unknown,0
3963,59,entrepreneur,married,tertiary,no,1728,no,no,cellular,7,jul,575,2,-1,0,unknown,0
5711,54,management,married,tertiary,no,0,no,yes,cellular,19,nov,307,3,-1,0,unknown,0
10920,20,student,single,unknown,no,801,no,no,cellular,11,nov,244,2,-1,0,unknown,1
5907,32,services,single,secondary,no,133,no,no,cellular,15,apr,171,1,-1,0,unknown,1
3382,35,technician,married,secondary,no,2779,no,no,cellular,26,apr,182,2,186,2,success,1
6807,36,unemployed,divorced,secondary,no,5,yes,no,cellular,8,jul,305,1,-1,0,unknown,0
7920,53,entrepreneur,single,unknown,no,717,no,no,cellular,30,jul,594,2,-1,0,unknown,0
9024,32,admin.,single,secondary,no,223,yes,yes,unknown,27,may,236,4,-1,0,unknown,0
6133,42,management,married,tertiary,no,1275,yes,yes,cellular,21,nov,925,5,-1,0,unknown,1
6919,30,admin.,single,secondary,no,270,no,no,cellular,30,apr,437,1,80,1,success,1
9274,41,management,married,tertiary,no,223,yes,no,unknown,16,may,124,1,-1,0,unknown,0
2301,45,blue-collar,married,primary,no,1558,yes,no,cellular,6,may,179,1,-1,0,unknown,0
790,40,technician,divorced,secondary,no,311,no,no,cellular,6,aug,738,2,-1,0,unknown,1
5063,79,retired,married,secondary,no,8304,no,no,telephone,9,mar,303,9,-1,0,unknown,1
3193,34,admin.,divorced,secondary,no,140,yes,no,cellular,8,may,81,2,365,1,failure,0
5354,64,retired,married,secondary,no,3189,no,no,telephone,15,jun,208,1,-1,0,unknown,1
2811,36,blue-collar,married,primary,no,106,yes,no,cellular,29,jul,171,13,-1,0,unknown,0
1397,42,entrepreneur,single,primary,no,103,yes,no,unknown,19,may,156,5,-1,0,unknown,0
8187,32,technician,married,secondary,no,560,no,no,cellular,6,aug,1044,4,-1,0,unknown,1
10836,34,blue-collar,married,secondary,no,405,yes,no,unknown,21,may,103,1,-1,0,unknown,0
8727,46,technician,married,tertiary,no,4176,yes,no,unknown,12,jun,153,6,-1,0,unknown,0
439,58,management,married,tertiary,no,256,no,no,cellular,10,dec,422,1,188,3,success,1
1838,28,student,single,secondary,no,1925,no,no,cellular,26,feb,139,1,93,3,success,0
2797,37,technician,married,unknown,no,189,no,no,cellular,1,oct,238,1,107,2,success,1
5923,84,entrepreneur,married,secondary,no,0,no,no,telephone,30,sep,992,2,-1,0,unknown,1
4296,34,blue-collar,divorced,secondary,no,1780,yes,no,unknown,2,jun,187,9,-1,0,unknown,0
10254,45,blue-collar,married,primary,no,4696,no,no,unknown,17,jun,99,1,-1,0,unknown,0
74,56,blue-collar,married,primary,no,3498,no,no,cellular,15,apr,264,2,-1,0,unknown,1
2435,35,technician,married,tertiary,no,7050,no,no,cellular,10,feb,278,3,187,1,success,1
2847,33,management,single,tertiary,no,131,yes,no,cellular,12,oct,209,3,427,2,failure,1
5277,42,admin.,single,secondary,no,30,yes,no,cellular,4,feb,98,1,266,3,failure,0
5898,52,management,divorced,primary,no,92,no,yes,cellular,16,jul,469,7,-1,0,unknown,0
4449,33,blue-collar,married,primary,no,50,yes,no,cellular,7,may,246,2,-1,0,unknown,0
11155,27,management,single,tertiary,no,151,yes,no,cellular,16,jul,496,1,-1,0,unknown,1
6534,32,management,married,tertiary,no,302,yes,yes,unknown,23,feb,61,1,384,2,failure,1
8592,55,services,married,secondary,no,283,yes,no,unknown,19,may,156,1,-1,0,unknown,0
1167,62,blue-collar,married,secondary,no,180,no,no,cellular,14,jan,183,1,90,4,other,1
7388,30,student,single,secondary,no,48,no,no,cellular,18,aug,161,1,173,1,failure,1
7854,28,management,single,secondary,no,1633,no,no,cellular,5,jun,275,1,-1,0,unknown,1
8471,40,entrepreneur,divorced,tertiary,no,224,no,no,unknown,20,jun,606,1,-1,0,unknown,0
10534,36,management,married,tertiary,no,625,yes,no,cellular,18,jul,1360,9,-1,0,unknown,1
5655,26,self-employed,single,secondary,no,551,no,no,cellular,8,jul,531,1,-1,0,unknown,1
10853,26,admin.,single,secondary,no,255,no,no,cellular,30,apr,457,1,80,1,success,1
2081,35,entrepreneur,single,tertiary,no,1800,yes,no,unknown,5,jun,53,1,-1,0,unknown,0
9700,28,technician,single,tertiary,no,2489,yes,no,telephone,27,feb,342,2,-1,0,unknown,1
8361,32,management,married,tertiary,no,62,yes,no,telephone,13,nov,45,1,-1,0,unknown,0
3163,49,services,married,secondary,no,-8,yes,no,unknown,8,may,1119,1,-1,0,unknown,1
4484,28,management,single,tertiary,no,-227,yes,no,unknown,4,jun,298,2,-1,0,unknown,0
5109,42,services,married,secondary,no,774,no,no,cellular,28,jan,997,1,-1,0,unknown,1
9099,34,management,married,tertiary,no,0,yes,no,unknown,20,may,150,1,-1,0,unknown,0
547,39,management,married,tertiary,no,1423,yes,no,telephone,21,jul,733,3,-1,0,unknown,1
1096,32,entrepreneur,single,tertiary,no,-34,yes,no,cellular,11,mar,101,1,-1,0,unknown,1
9740,51,blue-collar,married,secondary,no,0,yes,no,unknown,5,may,173,2,-1,0,unknown,0
2491,49,services,married,secondary,no,-301,yes,no,cellular,12,may,187,4,-1,0,unknown,0
8724,53,self-employed,married,primary,no,4576,no,no,telephone,30,jul,82,2,-1,0,unknown,0
8560,23,student,single,secondary,no,9216,no,no,cellular,5,jun,471,2,-1,0,unknown,0
377,40,management,married,tertiary,no,0,no,no,cellular,14,jul,109,8,-1,0,unknown,0
4970,30,management,single,tertiary,no,5359,no,no,cellular,26,feb,427,1,191,3,success,1
8032,59,technician,married,primary,no,3163,yes,no,unknown,29,may,240,2,-1,0,unknown,0
7597,24,student,single,secondary,no,139,no,no,cellular,9,sep,430,4,-1,0,unknown,1
9755,29,blue-collar,married,secondary,no,-493,yes,no,cellular,18,may,536,2,334,4,failure,1
10320,33,admin.,single,secondary,no,241,no,no,cellular,22,jul,490,1,-1,0,unknown,0
6331,42,unemployed,married,tertiary,no,576,no,no,cellular,27,feb,156,1,-1,0,unknown,1
7219,55,retired,divorced,tertiary,no,816,no,no,cellular,18,nov,113,3,-1,0,unknown,0
2723,34,admin.,married,secondary,no,1406,yes,no,cellular,20,aug,63,2,85,1,success,1
4724,33,management,married,secondary,no,3935,yes,no,cellular,6,may,765,1,342,2,failure,1
8759,35,management,divorced,tertiary,no,771,yes,yes,cellular,18,aug,221,5,-1,0,unknown,0
5035,22,student,single,unknown,no,1215,no,no,cellular,19,feb,145,3,192,1,failure,1
1885,52,management,married,tertiary,no,291,no,no,cellular,21,aug,150,3,-1,0,unknown,0
10719,30,services,single,secondary,no,1510,yes,no,cellular,18,nov,191,1,-1,0,unknown,0
7463,48,management,married,secondary,no,2892,no,no,cellular,7,jul,407,1,385,1,success,1
4340,35,blue-collar,divorced,primary,no,13,no,yes,cellular,9,jul,364,1,-1,0,unknown,0
3363,30,blue-collar,single,tertiary,no,297,no,no,cellular,7,apr,465,4,-1,0,unknown,1
4373,35,self-employed,married,tertiary,no,3698,yes,no,cellular,5,mar,106,1,-1,0,unknown,1
3121,43,technician,divorced,unknown,no,4389,no,no,telephone,2,jul,632,2,85,1,success,1
10258,36,admin.,married,tertiary,no,3221,no,no,cellular,4,may,322,11,-1,0,unknown,1
5519,43,management,single,tertiary,no,11891,no,no,cellular,4,dec,821,5,242,1,success,1
8993,48,entrepreneur,divorced,tertiary,no,0,yes,yes,unknown,20,jun,139,1,-1,0,unknown,0
9036,30,technician,single,tertiary,no,53,no,no,cellular,29,apr,375,1,-1,0,unknown,1
9973,24,student,single,unknown,no,782,no,no,cellular,4,may,12,7,91,1,other,0
8930,50,management,divorced,tertiary,no,60,no,no,cellular,19,aug,255,2,-1,0,unknown,0
6779,30,management,single,tertiary,no,5359,no,no,cellular,19,aug,145,1,84,2,success,1
2502,43,technician,married,tertiary,no,4333,yes,no,cellular,20,nov,1490,3,-1,0,unknown,1
5297,42,unknown,single,unknown,no,942,no,no,cellular,27,jan,245,1,92,2,success,1
4495,26,admin.,single,secondary,no,102,no,yes,cellular,8,jul,658,2,-1,0,unknown,1
7149,56,services,married,secondary,no,642,yes,no,cellular,30,jan,16,1,2,3,other,0
6475,80,housemaid,married,primary,no,0,no,no,cellular,23,feb,639,1,189,1,failure,1
1632,42,admin.,divorced,secondary,no,2129,no,no,cellular,13,aug,633,1,182,2,other,1
6319,44,admin.,divorced,secondary,no,163,yes,no,cellular,14,jul,1669,2,-1,0,unknown,1
5630,29,blue-collar,single,secondary,no,415,no,yes,cellular,28,jan,161,1,-1,0,unknown,0
8990,29,technician,single,secondary,no,5763,no,yes,cellular,5,jun,271,2,92,2,success,0
9856,29,blue-collar,married,primary,no,258,yes,no,unknown,26,may,130,1,-1,0,unknown,0
5399,48,technician,divorced,tertiary,no,83,no,yes,cellular,19,aug,243,6,-1,0,unknown,0
9645,45,management,married,tertiary,no,31472,no,no,cellular,19,jul,568,7,-1,0,unknown,1
2205,29,services,married,tertiary,no,6,yes,no,unknown,28,may,143,2,-1,0,unknown,0
5983,34,blue-collar,married,secondary,no,1257,yes,no,unknown,26,may,109,7,-1,0,unknown,0
7099,57,blue-collar,married,unknown,no,807,yes,no,unknown,6,may,211,2,-1,0,unknown,0
7737,45,unknown,divorced,unknown,no,0,no,no,cellular,21,apr,278,3,-1,0,unknown,1
9042,31,management,single,tertiary,no,-160,yes,no,unknown,28,may,202,2,-1,0,unknown,0
8430,55,blue-collar,married,secondary,no,660,no,no,unknown,5,jun,348,1,-1,0,unknown,0
8999,40,blue-collar,married,secondary,no,280,yes,no,cellular,8,may,435,2,340,3,failure,0
5078,23,technician,single,secondary,no,4545,no,no,cellular,3,jun,200,1,-1,0,unknown,0
5391,28,management,single,tertiary,no,187,no,no,cellular,10,sep,255,1,93,2,success,1
7542,46,blue-collar,married,secondary,no,922,yes,no,telephone,8,jul,576,1,-1,0,unknown,1
9524,37,blue-collar,married,primary,no,2120,yes,no,cellular,15,may,655,3,175,4,failure,1
9903,50,management,married,tertiary,no,5108,yes,no,cellular,18,dec,406,1,182,2,failure,1
9782,28,student,single,tertiary,no,3733,yes,no,cellular,21,aug,419,5,91,7,success,0
8873,40,unemployed,married,secondary,no,1077,yes,yes,cellular,17,nov,148,2,-1,0,unknown,0
10410,29,blue-collar,married,secondary,no,15,no,no,cellular,3,jun,136,1,-1,0,unknown,0
7819,37,blue-collar,married,secondary,no,509,yes,no,cellular,20,apr,172,1,-1,0,unknown,0
8578,47,unknown,married,unknown,no,677,no,no,cellular,30,apr,900,2,86,2,failure,1
5829,28,student,single,secondary,no,1925,no,no,cellular,25,nov,487,1,97,2,failure,1
3435,29,blue-collar,married,primary,no,59,yes,yes,cellular,29,jul,665,4,-1,0,unknown,0
87,42,unknown,single,unknown,yes,61,no,no,unknown,20,jun,115,1,-1,0,unknown,0
4618,42,management,married,tertiary,no,976,no,no,cellular,19,aug,164,1,-1,0,unknown,1
6754,28,blue-collar,single,secondary,no,53,yes,no,cellular,13,may,93,1,-1,0,unknown,0
5694,39,blue-collar,married,secondary,no,1756,yes,no,cellular,3,apr,939,1,-1,0,unknown,1
5059,35,services,married,secondary,no,2918,no,yes,cellular,16,jul,815,2,407,3,success,1
5050,25,management,married,unknown,no,448,no,no,cellular,5,feb,151,1,297,1,success,1
5607,39,admin.,married,secondary,no,1757,no,no,telephone,28,oct,125,1,-1,0,unknown,1
1252,33,management,single,tertiary,no,30,yes,no,cellular,22,jul,1077,1,-1,0,unknown,1
3485,48,blue-collar,divorced,primary,no,0,no,no,unknown,6,jun,248,2,-1,0,unknown,0
2360,49,management,single,tertiary,no,370,no,no,cellular,19,aug,386,3,-1,0,unknown,0
755,93,retired,married,unknown,no,775,no,no,cellular,4,aug,476,2,13,9,success,1
2635,35,management,single,tertiary,no,331,no,no,cellular,14,aug,857,2,-1,0,unknown,1
7555,38,management,married,tertiary,no,1354,yes,no,cellular,29,jan,50,2,-1,0,unknown,0
5420,48,housemaid,married,primary,no,7195,no,no,cellular,21,nov,609,2,-1,0,unknown,1
6589,39,blue-collar,married,secondary,no,5222,yes,no,cellular,21,nov,239,2,177,1,failure,0
9383,39,blue-collar,single,tertiary,no,172,yes,no,cellular,9,feb,125,2,183,2,failure,1
4360,31,management,single,tertiary,no,2007,yes,no,unknown,20,may,253,1,-1,0,unknown,0
4372,42,housemaid,married,primary,no,1371,no,no,unknown,18,jun,125,8,-1,0,unknown,0
7481,36,blue-collar,divorced,secondary,no,2843,no,no,cellular,14,aug,186,1,-1,0,unknown,1
8984,46,technician,married,secondary,no,792,no,no,unknown,5,jun,170,2,-1,0,unknown,0
11048,35,services,married,secondary,no,819,yes,no,telephone,14,jul,102,14,-1,0,unknown,0
8054,45,blue-collar,married,unknown,no,1529,yes,no,cellular,13,nov,181,1,197,1,success,1
2123,31,technician,married,tertiary,no,15,no,no,unknown,2,jun,389,1,-1,0,unknown,0
4628,55,blue-collar,married,primary,no,3485,no,no,cellular,18,aug,625,4,-1,0,unknown,1
4402,29,services,single,secondary,no,197,yes,no,cellular,5,may,19,2,-1,0,unknown,0
7740,31,unemployed,married,secondary,no,86,yes,yes,unknown,3,jun,963,2,-1,0,unknown,1
9605,43,management,married,tertiary,no,2987,no,no,cellular,4,jun,156,1,85,3,failure,1
4075,35,management,single,tertiary,no,-324,no,yes,cellular,21,jul,985,11,-1,0,unknown,1
4018,60,admin.,divorced,secondary,no,12039,no,no,telephone,8,apr,236,1,-1,0,unknown,1
10383,50,management,married,tertiary,no,101,yes,no,unknown,15,may,348,1,-1,0,unknown,0
4853,25,student,single,tertiary,no,253,no,no,cellular,4,may,597,1,-1,0,unknown,1
4457,43,management,married,primary,no,62,yes,no,cellular,14,may,133,1,300,3,failure,0
4885,32,blue-collar,single,primary,no,121,yes,no,cellular,20,nov,758,1,-1,0,unknown,1
2025,43,technician,married,secondary,no,-1701,yes,no,unknown,26,may,285,1,-1,0,unknown,0
9602,32,management,married,tertiary,no,393,no,no,cellular,28,jan,458,2,-1,0,unknown,0
4836,60,retired,married,secondary,no,7,no,yes,cellular,18,aug,87,5,-1,0,unknown,0
9676,54,admin.,married,tertiary,no,59,yes,no,cellular,10,jul,268,1,-1,0,unknown,0
2778,51,blue-collar,married,primary,no,603,yes,no,cellular,24,jul,853,2,-1,0,unknown,1
9719,35,admin.,single,secondary,no,-32,no,yes,cellular,6,aug,366,2,178,9,success,1
1151,31,technician,married,tertiary,no,1570,yes,no,cellular,8,mar,277,4,286,1,failure,1
2616,35,management,married,tertiary,no,991,yes,no,cellular,6,may,1489,3,-1,0,unknown,1
6412,45,admin.,married,secondary,no,434,no,no,cellular,26,aug,76,4,-1,0,unknown,0
8259,22,student,single,tertiary,no,691,no,no,cellular,19,aug,338,1,-1,0,unknown,1
11089,35,management,married,tertiary,no,750,yes,no,cellular,18,aug,233,12,-1,0,unknown,0
9486,27,technician,married,secondary,no,-392,yes,no,cellular,23,jul,228,2,-1,0,unknown,1
7821,31,management,single,tertiary,no,18,no,no,cellular,8,aug,82,2,-1,0,unknown,0
7636,54,unemployed,married,secondary,no,582,yes,no,cellular,15,may,693,5,372,2,failure,1
2531,26,blue-collar,single,secondary,no,78,no,no,telephone,28,jan,43,1,-1,0,unknown,0
1339,42,technician,married,secondary,no,314,no,no,cellular,27,aug,11,22,-1,0,unknown,0
332,31,housemaid,single,tertiary,no,596,no,no,telephone,28,jan,30,1,-1,0,unknown,0
7952,28,admin.,single,tertiary,no,1104,yes,no,cellular,28,jul,73,7,-1,0,unknown,0
7524,30,management,single,tertiary,no,199,no,yes,cellular,28,jul,131,7,-1,0,unknown,0
8915,58,retired,married,unknown,no,9004,no,no,cellular,21,jul,891,4,-1,0,unknown,1
10632,35,services,married,unknown,no,618,no,no,cellular,12,aug,293,1,104,1,success,1
972,39,blue-collar,married,primary,no,2303,yes,no,unknown,17,jun,775,3,-1,0,unknown,1
10406,38,management,married,tertiary,no,3436,no,no,cellular,21,nov,663,4,-1,0,unknown,1
1253,41,management,married,tertiary,no,27696,no,no,cellular,12,aug,147,2,104,1,failure,1
349,49,management,married,secondary,no,1601,no,no,cellular,29,jul,47,5,-1,0,unknown,0
10015,77,retired,divorced,secondary,no,0,no,no,cellular,25,sep,210,1,-1,0,unknown,1
2759,33,blue-collar,married,secondary,no,0,yes,no,cellular,19,nov,330,2,-1,0,unknown,0
4914,71,retired,married,primary,no,2600,no,no,cellular,13,nov,186,2,98,1,success,1
7282,25,services,single,secondary,no,333,no,yes,cellular,15,jul,1056,2,-1,0,unknown,1
1615,55,services,married,secondary,no,841,yes,no,cellular,15,may,140,9,372,4,failure,0
9834,30,management,single,tertiary,no,114,no,no,cellular,14,aug,65,4,-1,0,unknown,0
7262,32,technician,married,secondary,no,791,yes,no,unknown,21,may,783,2,-1,0,unknown,1
2606,54,blue-collar,married,primary,no,1311,no,no,telephone,15,oct,485,3,184,3,failure,1
4448,34,entrepreneur,married,tertiary,no,842,yes,no,cellular,6,may,141,2,-1,0,unknown,0
8457,25,student,single,unknown,no,2503,no,no,cellular,26,feb,100,2,-1,0,unknown,0
3801,37,entrepreneur,married,secondary,no,-170,yes,no,unknown,28,may,39,1,-1,0,unknown,0
10083,37,management,married,tertiary,no,26,no,no,cellular,17,jun,151,7,62,4,failure,0
5978,33,management,married,secondary,no,67,yes,yes,unknown,23,may,316,4,-1,0,unknown,0
6036,47,blue-collar,married,secondary,no,3715,no,no,cellular,12,feb,171,2,182,4,other,1
2772,53,technician,divorced,secondary,no,392,yes,no,cellular,28,jan,70,1,245,1,failure,0
2682,54,admin.,married,secondary,no,1633,no,no,cellular,3,jul,409,2,-1,0,unknown,1
116,49,blue-collar,married,secondary,no,141,no,no,cellular,6,aug,275,1,-1,0,unknown,0
6273,49,blue-collar,married,primary,no,2356,no,yes,telephone,14,jul,236,2,-1,0,unknown,0
9225,48,blue-collar,married,secondary,no,238,yes,yes,cellular,2,jun,118,2,81,1,success,0
7148,30,admin.,single,secondary,no,2568,no,no,cellular,4,sep,563,1,100,4,other,1
838,33,management,married,tertiary,no,0,yes,no,cellular,28,jul,54,3,-1,0,unknown,0
3729,31,management,married,tertiary,no,1224,yes,yes,cellular,24,jul,1441,2,-1,0,unknown,1
9316,31,management,single,tertiary,no,12857,yes,no,telephone,4,may,483,4,87,2,success,1
7376,43,housemaid,married,primary,no,0,yes,no,cellular,25,aug,152,3,-1,0,unknown,0
2066,39,technician,married,secondary,no,8,no,yes,cellular,17,nov,333,2,96,2,failure,0
8065,28,management,married,secondary,no,292,yes,no,unknown,28,may,507,1,-1,0,unknown,1
5809,46,management,married,tertiary,no,716,yes,yes,cellular,8,may,557,1,172,1,failure,0
10186,67,management,married,tertiary,no,405,no,no,cellular,10,nov,344,2,95,2,success,1
9954,63,retired,married,primary,no,48,no,no,cellular,9,jun,251,1,-1,0,unknown,1
8450,29,blue-collar,single,secondary,no,244,yes,no,cellular,15,may,19,2,-1,0,unknown,0
3465,67,retired,married,tertiary,no,701,no,no,cellular,6,aug,254,2,-1,0,unknown,1
6591,19,student,single,secondary,no,55,no,no,telephone,6,oct,89,2,193,1,other,0
5483,45,management,married,primary,no,321,yes,no,cellular,30,jul,918,4,-1,0,unknown,0
2337,38,technician,single,secondary,no,211,yes,no,cellular,29,jan,236,2,-1,0,unknown,0
763,39,technician,single,tertiary,no,21,yes,no,unknown,23,may,58,1,-1,0,unknown,0
9124,38,technician,single,tertiary,no,25,yes,no,cellular,1,jun,232,2,-1,0,unknown,1
9762,60,retired,married,secondary,no,523,no,no,cellular,13,aug,192,3,-1,0,unknown,1
8569,50,management,married,tertiary,no,11528,yes,no,unknown,30,may,57,1,-1,0,unknown,0
7638,37,management,married,tertiary,no,1276,no,no,cellular,14,aug,156,2,-1,0,unknown,1
1145,35,management,divorced,tertiary,no,538,yes,no,unknown,12,may,66,4,-1,0,unknown,0
3764,51,blue-collar,married,primary,no,1694,no,no,cellular,13,aug,186,2,-1,0,unknown,0
10240,50,management,married,tertiary,no,19,no,yes,cellular,23,jul,205,1,-1,0,unknown,0
10540,37,blue-collar,divorced,secondary,no,614,yes,no,unknown,20,may,185,1,-1,0,unknown,0
4823,34,admin.,married,tertiary,no,142,yes,no,cellular,13,may,459,1,-1,0,unknown,1
6802,63,entrepreneur,married,secondary,no,3904,no,no,telephone,4,aug,250,2,187,2,success,1
9558,32,admin.,single,secondary,no,-32,no,no,cellular,29,jan,320,1,185,5,other,0
7981,52,self-employed,married,tertiary,no,4012,no,no,cellular,31,aug,634,3,92,5,other,1
5104,32,housemaid,divorced,secondary,no,-613,yes,no,cellular,15,apr,266,2,-1,0,unknown,0
5118,30,blue-collar,married,secondary,no,-529,yes,no,cellular,12,may,416,4,-1,0,unknown,0
5489,34,housemaid,married,tertiary,no,11219,no,no,cellular,25,may,112,1,-1,0,unknown,0
5928,58,self-employed,divorced,tertiary,no,1382,no,no,unknown,9,jun,700,1,-1,0,unknown,1
857,55,services,married,secondary,no,2476,yes,no,unknown,5,may,579,1,-1,0,unknown,1
8830,39,unemployed,single,tertiary,no,7,yes,no,cellular,20,nov,931,4,-1,0,unknown,1
8825,41,management,married,tertiary,no,-195,no,yes,cellular,20,nov,112,1,-1,0,unknown,0
1904,30,services,single,secondary,no,438,yes,no,cellular,18,may,98,1,178,1,failure,0
110,36,services,married,secondary,no,526,yes,no,cellular,17,apr,333,2,324,1,other,0
6767,44,blue-collar,single,primary,no,-234,yes,yes,cellular,15,may,71,3,347,1,failure,0
381,49,admin.,married,secondary,no,3608,yes,no,cellular,30,apr,252,1,168,1,success,1
3062,59,technician,divorced,secondary,no,2,no,no,cellular,26,aug,164,2,-1,0,unknown,0
8786,37,admin.,single,secondary,no,22,yes,no,cellular,7,may,28,2,289,5,failure,0
9175,35,technician,married,secondary,no,149,yes,no,cellular,29,jan,99,1,245,2,failure,0
5120,30,technician,single,secondary,no,853,no,no,cellular,29,oct,279,1,148,1,failure,1
4868,31,blue-collar,single,secondary,no,1979,yes,yes,cellular,6,may,1205,1,-1,0,unknown,1
10520,66,retired,married,primary,no,206,no,no,cellular,9,feb,479,1,-1,0,unknown,1
220,44,self-employed,married,unknown,no,680,yes,no,telephone,30,jul,84,4,-1,0,unknown,0
10213,57,admin.,divorced,secondary,no,0,no,no,cellular,9,sep,121,2,-1,0,unknown,0
2453,40,housemaid,single,tertiary,no,7441,no,no,cellular,31,jul,1461,6,-1,0,unknown,1
4226,31,management,single,tertiary,no,533,no,no,cellular,11,feb,144,1,91,9,success,1
8229,38,services,married,secondary,no,4017,no,no,cellular,4,aug,470,1,96,3,success,1
2470,58,services,divorced,secondary,no,462,no,no,cellular,12,aug,332,1,-1,0,unknown,1
4112,31,entrepreneur,single,secondary,no,131,yes,no,cellular,21,jul,157,1,-1,0,unknown,0
5091,31,technician,single,tertiary,no,252,no,no,cellular,8,jun,107,3,-1,0,unknown,1
2692,25,admin.,single,tertiary,no,1734,no,no,cellular,19,oct,366,1,-1,0,unknown,0
7949,49,blue-collar,married,primary,no,1898,no,no,cellular,21,aug,159,1,-1,0,unknown,0
5868,49,technician,married,secondary,no,905,no,no,cellular,5,jun,1543,1,-1,0,unknown,1
1787,51,blue-collar,married,secondary,no,4787,yes,no,cellular,7,apr,895,1,-1,0,unknown,1
3660,37,entrepreneur,married,primary,no,8,yes,yes,cellular,16,jul,46,1,-1,0,unknown,0
9889,48,technician,married,secondary,no,256,yes,no,unknown,29,may,150,4,-1,0,unknown,0
2739,30,technician,single,tertiary,no,0,no,no,cellular,28,aug,262,6,-1,0,unknown,0
6631,36,services,married,primary,no,0,yes,no,unknown,2,jun,1036,1,-1,0,unknown,1
9998,51,technician,married,unknown,no,573,yes,yes,unknown,14,may,231,1,-1,0,unknown,0
6270,22,services,single,secondary,no,344,yes,no,cellular,18,may,347,1,-1,0,unknown,1
2903,28,blue-collar,single,secondary,no,-46,yes,no,cellular,1,jun,154,2,91,12,success,1
2802,32,admin.,married,secondary,no,3540,yes,no,cellular,18,may,213,1,178,1,failure,0
8469,55,technician,married,tertiary,no,-466,yes,no,cellular,15,may,901,1,-1,0,unknown,1
3451,37,technician,married,secondary,no,1580,no,no,cellular,22,aug,92,12,-1,0,unknown,0
3474,54,housemaid,married,primary,no,3151,no,no,unknown,18,jun,350,7,-1,0,unknown,0
11117,31,self-employed,married,tertiary,no,1134,no,no,cellular,6,feb,174,2,-1,0,unknown,0
10530,48,blue-collar,married,primary,no,3304,no,no,unknown,11,jun,409,3,-1,0,unknown,0
4572,37,admin.,married,secondary,no,1396,yes,no,cellular,22,jul,199,2,-1,0,unknown,0
6266,50,management,married,tertiary,no,-470,yes,no,cellular,19,nov,130,2,160,1,failure,0
5349,40,unemployed,married,secondary,no,1289,no,no,cellular,26,may,260,2,-1,0,unknown,0
8864,44,management,married,tertiary,no,4087,yes,no,unknown,19,may,457,5,-1,0,unknown,0
1677,33,management,married,tertiary,no,679,no,no,cellular,5,aug,1109,2,-1,0,unknown,1
695,30,technician,single,tertiary,no,0,no,no,cellular,22,aug,34,2,-1,0,unknown,0
4889,47,self-employed,married,secondary,no,318,no,no,cellular,21,nov,83,1,-1,0,unknown,0
9879,37,technician,single,secondary,no,4,no,no,cellular,11,aug,933,1,-1,0,unknown,1
9668,62,management,married,secondary,no,4562,yes,no,cellular,3,mar,168,1,-1,0,unknown,1
10018,53,retired,married,tertiary,no,2269,no,no,cellular,17,nov,1091,2,150,1,success,1
9870,28,student,single,tertiary,no,2306,no,no,cellular,29,oct,140,2,-1,0,unknown,0
3956,49,services,married,secondary,no,320,no,no,telephone,9,feb,1971,4,-1,0,unknown,1
2517,30,technician,single,secondary,no,9645,no,yes,cellular,26,aug,130,10,-1,0,unknown,0
8985,72,retired,married,primary,no,2304,no,no,telephone,5,may,510,4,-1,0,unknown,1
4529,46,admin.,married,unknown,no,5511,no,no,cellular,26,jul,414,2,389,1,success,1
10052,40,unemployed,divorced,secondary,no,262,yes,no,unknown,14,may,163,5,-1,0,unknown,0
3670,39,self-employed,divorced,secondary,no,0,yes,no,unknown,23,may,210,2,-1,0,unknown,0
1300,48,management,married,tertiary,yes,0,no,yes,cellular,9,feb,18,8,-1,0,unknown,0
5307,49,technician,married,secondary,no,788,no,no,unknown,17,jun,162,7,-1,0,unknown,0
656,45,management,married,tertiary,no,226,yes,no,cellular,13,aug,177,6,179,10,success,1
8518,39,management,married,tertiary,no,378,yes,yes,unknown,5,may,127,2,-1,0,unknown,0
5673,36,management,married,tertiary,no,2161,no,no,cellular,8,sep,708,2,183,5,success,1
1481,83,retired,divorced,primary,no,1097,no,no,telephone,5,mar,181,1,-1,0,unknown,1
118,37,blue-collar,married,secondary,no,374,yes,no,unknown,7,may,944,3,-1,0,unknown,0
4928,40,blue-collar,married,secondary,no,299,yes,no,cellular,15,jul,180,4,-1,0,unknown,0
10680,43,blue-collar,married,secondary,no,2160,no,no,cellular,8,sep,261,1,98,1,success,1
5934,32,technician,single,tertiary,no,696,no,yes,cellular,13,aug,101,4,105,4,failure,0
9949,45,blue-collar,married,primary,yes,-443,yes,yes,cellular,20,apr,691,1,-1,0,unknown,1
10092,56,unemployed,divorced,primary,no,1770,no,no,cellular,5,feb,916,3,-1,0,unknown,0
9984,43,management,divorced,unknown,no,7702,no,no,cellular,1,sep,108,7,102,3,success,0
7787,40,management,single,tertiary,no,1361,no,no,cellular,29,jan,1473,1,-1,0,unknown,1
4669,25,technician,single,tertiary,no,148,no,no,cellular,23,jul,421,1,-1,0,unknown,0
5092,50,admin.,married,secondary,no,3608,yes,no,cellular,13,nov,176,2,197,2,success,1
10440,33,management,single,tertiary,no,383,yes,no,cellular,9,jul,125,1,-1,0,unknown,0
2828,59,management,married,tertiary,no,7049,no,no,cellular,21,nov,530,1,163,2,failure,1
3315,59,housemaid,married,secondary,no,1040,no,no,cellular,5,aug,123,2,-1,0,unknown,0
975,29,admin.,single,secondary,no,464,no,no,cellular,10,aug,317,2,518,1,failure,1
3020,37,blue-collar,married,primary,no,-196,yes,no,unknown,26,may,166,2,-1,0,unknown,0
6027,28,management,single,tertiary,no,957,no,no,cellular,25,may,915,2,-1,0,unknown,1
6705,39,services,married,secondary,no,702,yes,no,cellular,8,apr,303,1,300,1,failure,0
1785,31,blue-collar,married,secondary,no,0,yes,no,unknown,9,may,133,1,-1,0,unknown,0
8302,32,blue-collar,single,secondary,no,2093,no,no,cellular,24,sep,224,2,444,1,failure,1
4924,60,retired,divorced,tertiary,no,979,yes,no,cellular,15,jan,295,3,347,1,failure,1
10191,36,blue-collar,married,primary,no,403,yes,no,unknown,4,jun,920,1,-1,0,unknown,1
672,55,blue-collar,married,secondary,no,93,no,yes,cellular,28,jan,111,1,-1,0,unknown,0
5568,42,unemployed,divorced,secondary,no,1713,yes,no,unknown,30,may,855,2,-1,0,unknown,1
7352,37,housemaid,single,tertiary,no,561,no,no,cellular,18,nov,188,1,165,2,failure,0
3597,53,technician,married,tertiary,no,395,no,no,cellular,29,oct,136,1,148,1,failure,1
5622,58,housemaid,divorced,secondary,no,0,no,no,cellular,2,jul,478,2,-1,0,unknown,1
4107,34,management,married,tertiary,no,3301,yes,no,cellular,17,jun,485,2,227,4,failure,1
3757,27,services,single,secondary,no,-195,yes,no,cellular,18,may,391,1,-1,0,unknown,1
8066,35,blue-collar,single,primary,no,2040,no,no,cellular,21,nov,258,1,157,4,failure,0
7877,58,unemployed,married,secondary,no,610,yes,no,telephone,29,jul,246,2,-1,0,unknown,0
4422,33,blue-collar,single,primary,no,127,yes,no,unknown,29,may,1059,2,-1,0,unknown,1
2043,42,management,married,tertiary,no,3713,no,no,cellular,19,nov,709,2,-1,0,unknown,1
9756,41,admin.,married,secondary,no,14968,no,no,cellular,23,jul,1360,4,-1,0,unknown,1
9226,33,self-employed,single,tertiary,no,94,yes,no,cellular,5,may,955,2,-1,0,unknown,1
9693,51,management,married,tertiary,no,1394,yes,no,cellular,5,aug,115,1,-1,0,unknown,0
6034,77,retired,divorced,secondary,no,3417,no,no,cellular,12,nov,134,1,-1,0,unknown,1
3571,45,technician,married,secondary,no,144,yes,yes,cellular,14,jul,154,4,-1,0,unknown,0
5005,61,retired,married,secondary,no,11,no,no,cellular,29,sep,232,1,92,3,success,1
6407,32,technician,single,secondary,no,1307,yes,no,unknown,28,may,267,2,-1,0,unknown,0
5959,33,blue-collar,single,secondary,no,-14,yes,no,cellular,14,may,223,2,-1,0,unknown,0
2161,33,management,married,tertiary,no,5,yes,no,unknown,7,aug,12,1,-1,0,unknown,0
326,35,management,married,tertiary,no,193,yes,no,cellular,30,apr,565,1,13,1,failure,1
254,49,management,married,tertiary,no,1,no,no,telephone,4,may,1076,3,175,1,success,1
2925,35,self-employed,married,tertiary,yes,28,no,yes,cellular,8,jul,259,1,-1,0,unknown,0
1723,53,admin.,divorced,secondary,no,0,yes,yes,cellular,6,aug,1452,1,98,2,failure,1
2584,43,entrepreneur,married,secondary,no,104,yes,no,cellular,18,jul,635,3,-1,0,unknown,1
8629,59,technician,married,secondary,no,116,no,no,cellular,11,feb,268,1,183,7,success,1
4430,49,management,married,tertiary,no,1050,yes,no,cellular,18,nov,924,1,-1,0,unknown,1
9334,53,management,married,tertiary,no,5261,no,yes,cellular,25,jul,1209,3,-1,0,unknown,0
3978,56,retired,married,secondary,no,488,no,no,telephone,6,feb,146,4,-1,0,unknown,0
7948,51,technician,married,secondary,no,117,no,no,cellular,24,aug,467,2,88,4,other,1
8800,29,admin.,single,tertiary,no,8,no,yes,cellular,2,mar,107,1,-1,0,unknown,0
7918,28,student,single,tertiary,no,22,yes,no,cellular,15,may,536,2,-1,0,unknown,1
8802,27,admin.,single,secondary,no,125,no,no,cellular,21,jul,104,1,288,8,failure,0
5525,41,management,married,tertiary,no,-556,yes,yes,unknown,26,may,127,3,-1,0,unknown,0
9819,34,services,single,tertiary,no,3119,no,no,cellular,16,oct,306,1,-1,0,unknown,1
9295,70,retired,divorced,primary,no,482,no,no,telephone,14,jul,413,1,181,3,success,1
3494,41,blue-collar,married,secondary,no,0,yes,no,cellular,1,apr,625,2,-1,0,unknown,0
8826,32,services,single,secondary,no,0,no,yes,cellular,11,jul,333,2,-1,0,unknown,0
1211,69,retired,married,unknown,no,426,no,no,telephone,9,dec,395,1,-1,0,unknown,1
5026,36,blue-collar,married,secondary,no,274,yes,no,unknown,16,jun,686,11,-1,0,unknown,1
915,31,services,single,secondary,no,2038,yes,no,unknown,20,may,148,1,-1,0,unknown,0
1303,52,blue-collar,married,secondary,no,1117,yes,no,cellular,13,may,365,1,-1,0,unknown,0
9669,37,management,married,tertiary,no,6771,no,no,cellular,7,sep,337,1,186,1,success,1
5623,45,admin.,married,secondary,no,149,yes,no,unknown,23,may,893,3,-1,0,unknown,1
5300,32,technician,married,secondary,no,255,no,yes,cellular,25,aug,63,5,-1,0,unknown,0
5093,67,retired,married,secondary,no,1146,no,no,cellular,13,nov,259,1,92,2,failure,1
8588,38,management,married,tertiary,no,4293,yes,no,cellular,6,may,92,2,250,2,failure,0
4288,39,admin.,single,secondary,no,1078,no,no,unknown,3,jun,199,3,-1,0,unknown,0
9519,30,student,single,tertiary,no,3026,no,no,cellular,23,jul,251,1,535,1,failure,1
7215,28,student,single,secondary,no,69,no,no,cellular,30,jan,532,2,-1,0,unknown,1
7769,25,admin.,single,tertiary,no,1141,yes,no,cellular,5,may,718,1,347,1,failure,0
5248,31,unemployed,single,primary,no,406,no,no,cellular,4,feb,736,1,-1,0,unknown,1
1120,23,management,single,tertiary,no,1807,no,no,cellular,27,jul,606,1,-1,0,unknown,1
6275,32,technician,single,unknown,no,317,yes,no,unknown,21,may,394,2,-1,0,unknown,0
2174,55,unemployed,divorced,secondary,no,309,no,no,cellular,21,oct,467,2,184,1,success,1
479,29,management,married,tertiary,no,0,yes,no,telephone,15,jul,91,2,-1,0,unknown,0
10156,59,self-employed,married,tertiary,no,2013,no,no,cellular,17,nov,409,2,-1,0,unknown,1
803,29,management,single,tertiary,no,437,no,no,cellular,5,aug,504,1,92,1,success,1
628,37,housemaid,married,secondary,no,187,no,no,unknown,12,jun,165,1,-1,0,unknown,0
1379,47,technician,married,secondary,no,568,yes,no,telephone,14,jul,256,2,-1,0,unknown,0
3192,30,management,single,tertiary,no,5389,no,no,cellular,6,aug,1456,3,-1,0,unknown,1
9420,39,management,single,tertiary,no,0,yes,no,cellular,12,may,561,4,369,3,failure,0
4552,35,technician,single,secondary,no,1227,no,no,cellular,30,jul,1005,5,134,10,success,1
3068,51,retired,married,primary,no,610,no,no,unknown,9,jun,86,2,-1,0,unknown,0
9692,31,services,married,secondary,no,-414,yes,no,cellular,6,may,1369,3,-1,0,unknown,0
6609,78,retired,divorced,primary,no,2787,no,no,telephone,1,jul,372,1,-1,0,unknown,1
1656,23,services,single,secondary,no,31,no,no,cellular,1,jun,192,1,-1,0,unknown,1
2242,55,housemaid,married,primary,no,4,no,no,cellular,21,nov,85,3,-1,0,unknown,0
771,53,management,married,tertiary,no,597,no,no,unknown,22,feb,392,1,-1,0,unknown,1
9235,58,blue-collar,married,primary,no,3109,no,no,cellular,29,jun,295,1,287,4,success,1
9539,41,blue-collar,married,primary,no,0,yes,yes,unknown,6,may,238,1,-1,0,unknown,0
2649,36,admin.,married,secondary,no,0,no,yes,cellular,29,jul,113,8,-1,0,unknown,0
9918,47,blue-collar,married,primary,no,3038,yes,no,cellular,14,jul,151,2,-1,0,unknown,0
417,36,services,married,secondary,no,380,yes,no,unknown,20,may,26,1,-1,0,unknown,0
8107,54,management,married,tertiary,no,1146,yes,no,cellular,12,aug,205,2,-1,0,unknown,0
4473,41,management,married,tertiary,no,9,yes,no,cellular,22,jul,82,3,-1,0,unknown,0
7754,40,blue-collar,single,secondary,no,82,yes,no,cellular,13,may,135,6,370,5,failure,0
1887,32,services,single,secondary,no,486,no,no,cellular,29,jan,1181,1,-1,0,unknown,1
10553,38,technician,married,secondary,no,1,yes,no,cellular,21,nov,57,5,199,1,success,0
10230,50,housemaid,married,primary,no,5296,no,no,cellular,19,nov,64,7,-1,0,unknown,0
9724,39,management,divorced,tertiary,no,2193,yes,yes,unknown,2,jun,550,3,-1,0,unknown,0
1571,54,management,married,tertiary,no,284,yes,yes,telephone,15,may,65,5,-1,0,unknown,0
4451,28,technician,single,tertiary,no,375,yes,no,cellular,14,may,43,1,350,1,other,0
10978,29,management,single,tertiary,no,1218,no,no,cellular,30,jan,258,2,-1,0,unknown,0
1538,46,technician,married,secondary,no,57,no,no,unknown,28,may,796,1,-1,0,unknown,1
1670,52,admin.,single,unknown,no,872,yes,no,telephone,18,may,82,6,335,1,other,0
4131,41,entrepreneur,divorced,secondary,no,1588,yes,yes,unknown,20,jun,10,8,-1,0,unknown,0
11026,30,admin.,single,secondary,no,1309,no,no,cellular,28,jan,622,1,-1,0,unknown,1
4186,35,blue-collar,married,secondary,no,0,yes,yes,unknown,29,may,543,1,-1,0,unknown,1
7687,82,housemaid,divorced,primary,no,1381,no,no,cellular,28,jan,86,3,93,1,failure,0
6882,27,management,married,secondary,no,2071,no,no,cellular,4,jun,449,1,-1,0,unknown,1
1546,30,services,single,tertiary,no,-477,no,yes,cellular,21,aug,1532,2,-1,0,unknown,1
3330,72,retired,married,secondary,no,5715,no,no,cellular,17,may,1114,1,181,2,success,1
7277,29,blue-collar,married,primary,no,630,yes,no,cellular,30,jul,219,5,-1,0,unknown,0
6730,57,management,married,tertiary,no,1227,no,no,cellular,5,jun,232,1,-1,0,unknown,1
10293,35,blue-collar,single,secondary,no,487,yes,no,unknown,15,may,117,1,-1,0,unknown,0
751,26,blue-collar,single,secondary,no,249,yes,no,cellular,29,jan,235,3,262,5,failure,0
10291,32,admin.,single,tertiary,no,272,yes,no,cellular,7,oct,73,2,-1,0,unknown,0
7146,31,blue-collar,single,secondary,no,2093,no,no,cellular,7,jul,103,1,-1,0,unknown,0
9022,55,management,married,tertiary,no,568,no,no,cellular,12,aug,940,10,-1,0,unknown,1
8529,39,management,married,tertiary,no,1738,yes,no,cellular,14,may,633,1,358,1,other,1
10691,41,blue-collar,married,secondary,no,2689,yes,no,cellular,15,apr,135,1,-1,0,unknown,1
6152,49,admin.,married,secondary,no,0,no,no,cellular,30,apr,551,1,-1,0,unknown,1
437,52,unknown,married,unknown,no,5361,no,no,cellular,5,aug,607,3,-1,0,unknown,1
6769,34,admin.,married,tertiary,no,0,no,no,cellular,28,jan,155,2,-1,0,unknown,1
3333,27,student,single,secondary,no,253,no,no,cellular,25,may,242,2,-1,0,unknown,1
7486,55,management,divorced,tertiary,no,446,no,no,cellular,2,feb,159,1,-1,0,unknown,0
4443,28,admin.,single,secondary,no,377,no,no,cellular,30,apr,571,1,-1,0,unknown,1
8791,26,admin.,single,tertiary,no,313,no,yes,cellular,26,feb,210,2,-1,0,unknown,1
7085,33,blue-collar,married,secondary,no,-253,yes,no,cellular,12,may,89,3,-1,0,unknown,0
4585,34,housemaid,married,tertiary,no,897,no,no,cellular,12,aug,197,4,-1,0,unknown,0
7688,52,technician,married,secondary,no,137,no,no,cellular,6,jul,227,2,-1,0,unknown,1
502,40,retired,single,secondary,no,1734,yes,no,unknown,3,jun,123,4,-1,0,unknown,0
3946,27,technician,married,secondary,no,2183,yes,yes,unknown,21,may,857,1,-1,0,unknown,1
3863,39,blue-collar,divorced,primary,no,1317,yes,no,cellular,20,nov,543,1,170,4,other,1
163,32,entrepreneur,married,tertiary,no,0,yes,yes,cellular,18,nov,95,1,-1,0,unknown,0
8547,23,student,single,unknown,no,565,no,no,cellular,28,may,162,7,-1,0,unknown,0
127,25,blue-collar,single,primary,no,2483,no,no,cellular,10,jul,1499,3,-1,0,unknown,1
1573,38,technician,divorced,tertiary,no,1805,no,no,unknown,9,jun,952,2,-1,0,unknown,1
1265,37,entrepreneur,divorced,tertiary,no,66,no,no,cellular,18,nov,1164,2,-1,0,unknown,1
4532,33,management,married,tertiary,no,191,no,no,cellular,13,aug,1148,2,-1,0,unknown,1
6904,53,management,married,unknown,no,527,yes,no,cellular,23,jul,71,3,-1,0,unknown,0
6429,18,student,single,unknown,no,108,no,no,cellular,8,sep,169,1,-1,0,unknown,1
7774,56,management,married,tertiary,no,616,no,no,cellular,30,apr,225,1,83,1,success,1
10236,27,blue-collar,single,primary,no,3955,yes,no,unknown,28,may,205,3,-1,0,unknown,0
5725,39,management,married,secondary,no,11835,yes,no,cellular,11,aug,744,2,-1,0,unknown,1
10546,52,blue-collar,married,secondary,no,955,no,yes,cellular,3,feb,153,1,48,3,success,1
5038,22,student,single,secondary,no,144,no,no,cellular,21,aug,116,1,-1,0,unknown,1
11013,35,management,married,tertiary,no,105,yes,no,cellular,6,may,36,1,365,3,failure,0
528,40,services,married,secondary,no,5807,yes,no,unknown,20,jun,98,1,-1,0,unknown,0
6315,74,retired,divorced,primary,no,166,no,no,cellular,13,aug,99,1,-1,0,unknown,0
7987,69,technician,married,secondary,no,9064,no,no,cellular,7,aug,714,1,-1,0,unknown,1
1234,27,student,single,tertiary,no,5291,no,no,cellular,12,nov,192,2,92,2,failure,1
7183,36,services,married,secondary,no,1746,yes,no,cellular,7,apr,15,1,316,1,failure,0
4382,32,management,single,tertiary,no,0,yes,yes,cellular,17,nov,107,2,-1,0,unknown,0
2941,34,technician,married,secondary,no,294,yes,no,cellular,8,jun,301,3,-1,0,unknown,1
7024,70,retired,married,secondary,no,1853,no,no,telephone,26,aug,314,1,-1,0,unknown,1
3855,59,entrepreneur,married,primary,no,124,yes,no,cellular,18,nov,531,3,134,7,failure,0
215,41,technician,married,secondary,no,10438,yes,no,telephone,15,jul,141,4,-1,0,unknown,0
3680,45,technician,single,tertiary,no,0,no,no,cellular,22,aug,87,4,-1,0,unknown,0
4542,27,management,single,primary,yes,13,no,no,cellular,30,jan,475,3,-1,0,unknown,1
5521,47,blue-collar,married,secondary,no,820,no,no,cellular,19,oct,98,1,-1,0,unknown,1
1659,38,blue-collar,married,primary,no,2240,yes,no,cellular,19,nov,551,1,183,1,failure,0
7506,31,management,single,tertiary,no,3340,no,no,cellular,15,sep,213,2,469,3,success,1
10864,42,services,married,secondary,no,115,yes,yes,cellular,17,apr,161,1,149,2,failure,0
5591,38,management,divorced,tertiary,no,155,yes,no,unknown,20,jun,25,26,-1,0,unknown,0
423,24,technician,single,secondary,no,135,yes,yes,cellular,18,may,250,1,-1,0,unknown,0
2463,68,retired,divorced,primary,no,476,no,no,telephone,28,jun,363,1,-1,0,unknown,1
6955,32,services,single,secondary,no,659,yes,no,cellular,20,apr,12,6,-1,0,unknown,0
10666,36,technician,married,tertiary,no,4596,yes,no,cellular,8,oct,234,2,175,2,success,1
5547,40,services,married,secondary,no,3164,yes,no,cellular,3,apr,329,2,-1,0,unknown,0
7824,38,technician,married,secondary,no,10596,no,no,cellular,19,aug,195,1,197,4,other,1
8517,37,management,married,tertiary,no,2672,yes,no,cellular,11,aug,549,1,-1,0,unknown,0
3905,41,services,married,primary,no,0,yes,no,cellular,17,jul,18,11,-1,0,unknown,0
6393,41,blue-collar,married,primary,no,1250,yes,no,unknown,20,may,1392,2,-1,0,unknown,1
4697,60,management,married,tertiary,no,13546,no,no,cellular,17,apr,452,3,-1,0,unknown,1
3741,42,blue-collar,married,unknown,no,1154,yes,no,cellular,16,apr,341,2,336,3,other,0
6191,29,blue-collar,single,tertiary,no,455,no,no,telephone,21,apr,403,1,-1,0,unknown,1
11090,37,management,married,secondary,no,565,no,no,cellular,6,aug,174,1,93,3,failure,1
5499,54,technician,single,secondary,no,198,yes,yes,cellular,17,nov,120,1,171,2,failure,0
10750,37,management,married,tertiary,no,255,no,no,cellular,24,feb,562,2,183,10,success,1
179,52,management,married,tertiary,no,4675,no,no,cellular,12,feb,181,3,-1,0,unknown,1
9703,27,unemployed,single,secondary,no,771,no,no,cellular,21,oct,181,1,302,3,other,1
133,43,management,divorced,unknown,no,7702,no,no,cellular,22,may,460,1,95,2,success,1
2259,46,admin.,divorced,primary,no,429,yes,no,cellular,26,apr,465,2,369,2,success,1
7170,36,management,married,tertiary,no,1133,yes,no,cellular,4,aug,293,1,181,2,other,1
7640,59,retired,divorced,secondary,no,21,yes,no,telephone,19,nov,121,2,-1,0,unknown,0
3014,29,services,single,unknown,no,196,no,no,cellular,30,jan,726,2,-1,0,unknown,1
9429,37,management,married,tertiary,no,156,no,no,cellular,19,nov,366,3,-1,0,unknown,1
2225,36,unemployed,divorced,secondary,no,871,no,no,cellular,12,aug,396,3,-1,0,unknown,1
1506,59,management,married,tertiary,no,3342,no,no,cellular,18,mar,467,2,188,6,other,1
4283,38,services,married,secondary,no,-314,yes,no,unknown,28,may,66,2,-1,0,unknown,0
10852,25,student,single,unknown,no,722,no,no,telephone,21,apr,623,2,-1,0,unknown,1
2105,52,management,married,tertiary,no,576,no,no,cellular,18,aug,762,3,-1,0,unknown,1
2180,58,admin.,married,secondary,no,169,no,no,cellular,13,may,336,3,87,5,success,1
6212,31,unemployed,single,secondary,no,209,yes,no,cellular,6,may,193,1,-1,0,unknown,0
10745,42,management,married,tertiary,no,478,no,yes,cellular,8,jul,165,1,-1,0,unknown,0
8507,26,blue-collar,single,primary,no,102,yes,no,unknown,16,may,46,1,-1,0,unknown,0
7208,32,services,single,tertiary,no,785,no,no,cellular,3,jun,273,1,-1,0,unknown,0
5126,51,unemployed,married,secondary,no,234,no,no,cellular,22,aug,735,1,-1,0,unknown,1
4224,45,management,married,tertiary,no,1300,no,no,cellular,30,jul,135,3,-1,0,unknown,0
9607,42,technician,single,tertiary,no,35,yes,yes,cellular,17,nov,38,1,115,5,other,0
10273,55,blue-collar,single,primary,no,1187,yes,no,unknown,2,jun,193,2,-1,0,unknown,0
6706,55,blue-collar,married,secondary,no,-473,yes,no,unknown,26,may,233,1,-1,0,unknown,0
10082,36,management,divorced,tertiary,no,649,no,no,cellular,16,jul,237,2,91,1,failure,0
1636,40,technician,divorced,secondary,no,0,no,no,cellular,7,aug,674,2,-1,0,unknown,1
4654,34,management,divorced,tertiary,no,1173,no,yes,cellular,18,jul,93,1,-1,0,unknown,0
6556,38,blue-collar,single,secondary,no,1012,yes,yes,telephone,17,nov,69,1,-1,0,unknown,0
10698,29,admin.,single,secondary,no,260,yes,no,cellular,4,feb,453,2,273,2,failure,0
5256,35,management,single,tertiary,no,1162,no,no,cellular,30,apr,175,1,-1,0,unknown,1
6672,45,management,married,tertiary,no,80,no,yes,cellular,19,nov,157,1,-1,0,unknown,0
8400,24,services,single,secondary,no,1299,yes,yes,cellular,18,may,113,2,-1,0,unknown,0
8550,37,management,married,tertiary,no,4089,yes,no,cellular,2,feb,289,2,174,4,other,1
5023,53,management,divorced,tertiary,no,380,no,yes,cellular,5,jun,438,2,-1,0,unknown,1
2867,26,blue-collar,single,secondary,no,2007,no,no,cellular,13,jul,272,3,182,2,success,1
155,30,admin.,single,secondary,no,313,yes,no,cellular,4,feb,1121,2,-1,0,unknown,1
7565,26,blue-collar,single,secondary,no,26,yes,yes,cellular,15,may,899,1,-1,0,unknown,1
10382,53,blue-collar,married,secondary,no,0,yes,no,cellular,7,may,407,2,-1,0,unknown,0
6721,30,management,single,tertiary,no,424,no,no,cellular,16,apr,298,4,-1,0,unknown,1
283,37,technician,married,secondary,no,480,no,no,cellular,22,oct,344,2,182,8,other,1
6808,33,management,married,tertiary,no,1778,no,no,cellular,26,may,134,1,103,1,success,0
9442,25,self-employed,single,secondary,no,1242,yes,no,unknown,28,may,615,2,-1,0,unknown,1
3819,46,technician,married,tertiary,no,0,no,no,unknown,6,jun,159,1,-1,0,unknown,0
9563,38,management,married,unknown,no,1349,yes,no,unknown,6,may,100,1,-1,0,unknown,0
3655,33,management,single,tertiary,no,191,no,yes,cellular,3,feb,678,4,209,1,failure,0
10504,51,technician,married,secondary,no,196,yes,yes,cellular,17,feb,88,1,-1,0,unknown,1
7508,23,student,single,secondary,no,480,no,no,cellular,9,feb,742,2,182,1,failure,1
10846,25,management,single,tertiary,no,3,yes,yes,cellular,16,apr,1034,1,-1,0,unknown,1
1502,59,management,married,primary,no,2769,yes,no,cellular,19,nov,104,1,131,2,failure,0
644,36,admin.,single,secondary,no,60,yes,no,cellular,23,sep,156,2,-1,0,unknown,1
3386,29,technician,single,secondary,no,590,no,no,cellular,27,aug,81,1,94,1,success,1
7785,36,management,married,tertiary,no,928,yes,no,cellular,20,apr,239,1,-1,0,unknown,0
2628,47,blue-collar,married,secondary,no,1125,yes,no,cellular,29,jan,1101,1,-1,0,unknown,1
686,58,management,divorced,secondary,no,3161,no,no,telephone,30,jul,542,2,-1,0,unknown,1
5387,47,management,married,tertiary,no,600,no,no,cellular,19,aug,290,15,-1,0,unknown,1
10840,29,admin.,married,tertiary,no,167,yes,yes,cellular,13,oct,357,2,237,2,failure,0
218,36,services,married,secondary,no,11650,yes,no,telephone,29,jul,268,1,-1,0,unknown,1
9435,44,blue-collar,married,secondary,no,879,yes,no,cellular,3,apr,383,1,-1,0,unknown,0
2009,31,technician,married,tertiary,no,26,no,yes,cellular,18,nov,419,1,127,6,other,1
5246,34,blue-collar,married,primary,no,15841,yes,no,cellular,20,apr,423,5,-1,0,unknown,0
1154,37,admin.,single,primary,no,912,yes,no,cellular,12,may,637,3,328,22,other,1
11111,40,blue-collar,married,secondary,no,-60,yes,no,cellular,21,jul,250,1,-1,0,unknown,0
5379,60,services,married,tertiary,no,4256,yes,no,cellular,16,aug,239,3,761,1,other,1
4378,31,admin.,single,secondary,no,779,yes,yes,cellular,3,apr,219,2,-1,0,unknown,0
10391,58,retired,married,primary,no,5092,no,no,unknown,11,jun,199,6,-1,0,unknown,0
2808,63,retired,divorced,secondary,no,1490,no,no,cellular,8,jun,506,1,-1,0,unknown,1
10757,31,technician,single,tertiary,no,454,no,no,cellular,30,apr,266,1,-1,0,unknown,1
10779,23,student,single,secondary,no,1234,no,no,cellular,16,nov,250,1,-1,0,unknown,1
7174,39,management,married,primary,no,0,no,no,unknown,11,jun,308,7,-1,0,unknown,0
10612,29,admin.,single,secondary,no,1261,no,no,cellular,5,feb,605,1,-1,0,unknown,0
1638,49,management,married,tertiary,no,1808,yes,no,cellular,1,jun,205,1,95,1,success,1
6289,39,services,married,secondary,no,733,no,no,unknown,16,jun,83,4,-1,0,unknown,0
3701,28,technician,married,secondary,no,655,yes,no,unknown,9,may,179,2,-1,0,unknown,0
6324,26,admin.,single,secondary,no,586,yes,yes,unknown,12,may,215,1,-1,0,unknown,0
7233,31,self-employed,single,tertiary,no,91,no,no,unknown,23,may,206,1,-1,0,unknown,0
1064,57,management,married,tertiary,no,4929,yes,no,telephone,31,jul,91,4,-1,0,unknown,0
3346,44,management,married,tertiary,no,1945,no,no,unknown,14,may,191,1,-1,0,unknown,0
2611,27,technician,single,secondary,no,439,yes,no,cellular,15,apr,1038,2,-1,0,unknown,1
8434,58,technician,single,secondary,no,382,no,no,cellular,13,aug,460,2,-1,0,unknown,0
6527,29,self-employed,single,tertiary,no,300,no,no,cellular,3,feb,125,1,-1,0,unknown,0
11100,50,self-employed,married,secondary,no,10052,no,no,cellular,13,aug,665,2,-1,0,unknown,1
5518,42,technician,married,secondary,no,1865,yes,no,unknown,15,may,164,1,-1,0,unknown,0
4828,29,management,single,tertiary,no,572,yes,no,telephone,8,nov,319,1,-1,0,unknown,1
10800,38,technician,single,tertiary,no,1101,no,no,cellular,30,apr,800,1,-1,0,unknown,1
1270,54,services,married,unknown,no,0,yes,no,cellular,5,feb,686,2,267,1,other,1
7022,40,blue-collar,married,secondary,no,-438,no,no,cellular,11,may,1017,1,-1,0,unknown,1
802,33,services,single,secondary,no,133,no,no,cellular,14,jan,305,2,274,1,success,1
7632,28,blue-collar,single,secondary,no,-284,yes,no,unknown,12,may,162,1,-1,0,unknown,0
8048,26,blue-collar,single,secondary,no,184,no,no,cellular,3,feb,110,2,6,1,other,0
5695,30,admin.,single,secondary,no,4448,no,no,cellular,11,feb,112,8,-1,0,unknown,1
11158,28,self-employed,single,tertiary,no,159,no,no,cellular,16,nov,449,2,33,4,success,1
5710,34,technician,married,tertiary,no,149,no,no,cellular,22,aug,739,2,-1,0,unknown,1
632,30,unknown,single,unknown,no,6929,no,no,cellular,19,nov,341,1,-1,0,unknown,0
8604,27,blue-collar,married,secondary,no,821,yes,yes,unknown,16,sep,23,1,778,41,other,0
4937,29,services,single,secondary,no,20,yes,no,unknown,15,may,431,1,-1,0,unknown,0
8842,32,admin.,married,secondary,no,995,no,no,cellular,3,sep,331,1,99,2,other,1
2988,33,services,married,secondary,no,1076,no,no,cellular,11,nov,131,1,96,5,failure,1
1158,33,services,single,unknown,no,2297,no,no,cellular,27,jul,527,1,-1,0,unknown,1
7252,36,management,single,tertiary,no,490,no,no,cellular,28,aug,207,8,98,1,failure,1
10061,33,services,married,secondary,no,386,no,no,cellular,12,may,317,1,181,5,success,1
3408,41,admin.,married,secondary,no,338,yes,no,unknown,16,may,121,1,-1,0,unknown,0
2738,26,student,single,unknown,no,689,no,no,cellular,25,may,678,2,-1,0,unknown,1
3588,35,technician,single,tertiary,no,2453,yes,no,cellular,13,aug,119,2,-1,0,unknown,0
3787,28,student,single,secondary,no,0,no,no,cellular,18,feb,209,20,-1,0,unknown,1
9094,72,retired,married,primary,no,2600,no,no,cellular,3,feb,443,2,82,3,success,1
3693,51,self-employed,married,secondary,no,4920,no,no,telephone,2,jun,392,2,-1,0,unknown,0
2008,32,blue-collar,married,secondary,no,-208,yes,yes,unknown,9,may,325,1,-1,0,unknown,0
95,30,management,married,tertiary,no,1221,yes,no,telephone,25,jul,279,4,-1,0,unknown,1
9855,56,retired,married,secondary,no,5879,no,no,unknown,20,jun,237,3,-1,0,unknown,0
6396,35,management,single,tertiary,no,1396,yes,no,cellular,13,may,809,1,300,1,failure,1
3986,43,blue-collar,single,primary,no,0,no,no,cellular,9,jul,1242,1,-1,0,unknown,1
10189,40,services,married,secondary,no,1836,yes,no,cellular,12,may,750,2,-1,0,unknown,1
609,60,retired,divorced,secondary,no,1099,no,no,cellular,11,jul,764,2,-1,0,unknown,1
5440,42,technician,single,unknown,no,11115,no,no,cellular,30,apr,328,1,-1,0,unknown,1
2158,63,retired,married,secondary,no,474,no,no,cellular,25,jan,423,1,-1,0,unknown,1
8390,45,blue-collar,married,primary,no,678,no,no,cellular,5,aug,104,3,-1,0,unknown,0
1853,35,management,single,tertiary,no,471,no,no,cellular,5,jun,276,2,-1,0,unknown,1
7311,47,housemaid,married,primary,no,183,no,no,cellular,13,aug,144,1,-1,0,unknown,0
8236,33,technician,single,tertiary,no,469,no,no,cellular,26,aug,158,9,-1,0,unknown,0
3360,37,management,married,tertiary,no,1689,yes,no,unknown,29,may,645,2,-1,0,unknown,0
5973,26,technician,single,secondary,no,-211,yes,no,unknown,23,may,164,3,-1,0,unknown,0
2978,33,management,married,secondary,no,333,no,no,cellular,28,aug,80,6,-1,0,unknown,0
6697,38,technician,married,secondary,no,5115,yes,no,cellular,27,feb,99,1,102,6,success,1
7056,40,services,single,secondary,no,224,yes,no,cellular,17,apr,875,2,-1,0,unknown,1
8321,43,admin.,single,secondary,no,386,no,no,cellular,12,jul,220,3,529,1,failure,1
5105,36,unemployed,single,tertiary,no,1291,no,no,cellular,3,feb,298,1,-1,0,unknown,1
4682,45,self-employed,divorced,tertiary,no,963,yes,no,cellular,12,may,528,5,-1,0,unknown,1
91,54,technician,married,unknown,no,240,yes,no,cellular,29,oct,142,1,-1,0,unknown,1
10838,40,housemaid,divorced,secondary,no,108,no,no,unknown,9,may,93,1,-1,0,unknown,0
9258,66,management,married,secondary,no,587,no,no,cellular,12,may,457,2,392,2,success,1
3182,26,technician,single,secondary,no,223,no,yes,cellular,21,jul,1002,3,-1,0,unknown,1
747,41,technician,married,secondary,no,2490,yes,no,unknown,21,may,115,2,-1,0,unknown,0
8031,39,management,single,tertiary,no,5047,no,no,cellular,29,apr,218,4,-1,0,unknown,1
5235,38,services,married,secondary,no,0,no,yes,cellular,16,jul,1473,6,-1,0,unknown,0
8186,37,unknown,single,tertiary,no,0,no,no,cellular,3,mar,426,1,-1,0,unknown,1
3679,77,retired,divorced,primary,no,639,no,no,telephone,16,apr,127,7,-1,0,unknown,0
40,87,retired,married,primary,no,230,no,no,cellular,30,oct,144,1,-1,0,unknown,1
10635,39,technician,single,secondary,no,1048,yes,yes,cellular,8,apr,201,2,-1,0,unknown,0
10597,30,blue-collar,single,secondary,no,971,yes,no,cellular,17,apr,283,1,317,2,other,0
156,40,admin.,married,secondary,no,-666,yes,no,unknown,27,may,107,2,-1,0,unknown,0
1949,41,technician,married,secondary,no,965,no,no,cellular,22,aug,336,10,-1,0,unknown,1
2524,31,blue-collar,married,tertiary,no,-35,no,no,cellular,20,nov,952,2,-1,0,unknown,1
3426,59,blue-collar,married,primary,no,1939,no,no,cellular,23,apr,172,1,-1,0,unknown,1
3725,50,blue-collar,married,primary,no,0,no,no,unknown,9,jun,199,4,-1,0,unknown,0
1719,41,technician,married,secondary,no,188,no,yes,telephone,31,jul,15,25,-1,0,unknown,0
3476,33,management,married,tertiary,no,322,yes,no,cellular,16,apr,77,3,-1,0,unknown,0
10353,31,management,single,tertiary,no,1858,no,no,cellular,12,aug,453,3,-1,0,unknown,1
591,42,management,married,tertiary,no,27696,no,no,cellular,12,may,176,2,89,5,success,1
1914,63,management,married,unknown,no,2352,no,no,telephone,4,may,475,7,-1,0,unknown,1
3321,33,technician,married,secondary,no,4,yes,yes,unknown,18,jun,625,2,-1,0,unknown,1
7959,42,technician,married,secondary,no,9324,no,no,cellular,27,aug,67,4,-1,0,unknown,0
1766,43,management,married,tertiary,no,2640,no,no,cellular,21,nov,314,4,-1,0,unknown,1
8294,48,admin.,divorced,secondary,no,362,no,no,cellular,13,aug,529,1,-1,0,unknown,1
10130,44,unemployed,married,secondary,no,0,yes,no,cellular,2,feb,699,1,272,1,failure,1
2319,34,management,married,tertiary,no,101,yes,no,cellular,13,aug,209,5,-1,0,unknown,0
8033,43,blue-collar,married,secondary,no,625,yes,no,unknown,30,sep,175,1,-1,0,unknown,0
10162,46,technician,married,tertiary,no,841,yes,no,unknown,6,may,158,1,-1,0,unknown,0
9683,32,management,married,secondary,no,1477,yes,no,cellular,18,nov,111,1,-1,0,unknown,0
9368,57,management,married,tertiary,yes,1218,yes,no,cellular,18,jul,317,6,-1,0,unknown,0
4391,47,blue-collar,married,secondary,no,820,no,no,cellular,18,jan,262,1,91,1,success,1
2429,50,management,single,secondary,no,4527,yes,no,cellular,14,may,140,1,-1,0,unknown,0
8639,43,blue-collar,married,primary,no,8,no,no,telephone,7,jul,245,5,-1,0,unknown,0
119,50,technician,married,secondary,no,416,yes,no,unknown,5,jun,494,5,-1,0,unknown,1
10974,56,services,single,secondary,no,-40,yes,no,cellular,15,may,311,1,368,2,failure,1
4309,26,management,single,tertiary,no,1646,no,no,cellular,12,apr,524,4,206,5,success,1
8621,35,technician,married,secondary,no,0,no,no,cellular,14,jul,125,2,-1,0,unknown,0
9336,33,blue-collar,married,secondary,no,370,yes,no,cellular,8,apr,249,1,-1,0,unknown,0
3506,54,admin.,married,primary,no,976,yes,no,unknown,3,jun,137,3,-1,0,unknown,0
6771,33,technician,married,tertiary,no,2976,yes,no,cellular,9,nov,465,2,95,12,other,0
10215,36,blue-collar,single,secondary,no,478,yes,no,cellular,13,may,610,1,-1,0,unknown,1
6535,38,technician,married,secondary,no,1696,no,no,cellular,20,nov,267,2,-1,0,unknown,0
6473,77,retired,married,tertiary,no,699,no,no,cellular,13,aug,425,2,-1,0,unknown,1
10809,51,management,married,tertiary,no,-3,no,no,cellular,21,aug,79,2,-1,0,unknown,0
2937,30,services,married,secondary,no,48,yes,no,cellular,31,jul,662,13,-1,0,unknown,1
4983,58,retired,married,primary,no,0,no,no,cellular,4,aug,506,1,-1,0,unknown,0
7889,25,services,single,secondary,no,895,yes,no,unknown,3,jun,167,1,-1,0,unknown,0
4304,21,management,single,tertiary,no,243,no,yes,cellular,17,jun,181,2,-1,0,unknown,0
7308,42,management,married,tertiary,no,2110,no,yes,cellular,31,jul,106,2,-1,0,unknown,0
4028,38,blue-collar,single,unknown,no,495,yes,no,unknown,8,may,297,1,-1,0,unknown,0
588,51,blue-collar,married,primary,no,42,yes,no,cellular,12,may,51,2,342,3,failure,0
849,25,blue-collar,single,secondary,no,1857,yes,no,cellular,13,jul,195,2,91,10,success,1
5171,32,management,single,tertiary,no,718,yes,no,cellular,15,jun,95,1,-1,0,unknown,1
4676,48,management,married,tertiary,no,1741,yes,yes,telephone,18,nov,40,1,-1,0,unknown,0
10896,36,unemployed,divorced,primary,no,0,no,no,telephone,4,jul,304,3,-1,0,unknown,0
5895,35,technician,married,secondary,no,518,yes,no,cellular,30,apr,616,1,-1,0,unknown,1
1069,23,student,single,unknown,no,854,yes,no,unknown,28,may,664,2,-1,0,unknown,1
2964,50,admin.,divorced,secondary,no,3240,no,no,cellular,21,nov,144,2,-1,0,unknown,0
3471,53,self-employed,married,tertiary,no,290,no,yes,cellular,24,jul,303,3,-1,0,unknown,0
9146,56,retired,married,secondary,no,878,no,no,unknown,20,jun,123,3,-1,0,unknown,0
2408,55,management,married,tertiary,no,42,yes,no,telephone,11,may,386,2,-1,0,unknown,0
491,92,retired,married,unknown,no,775,no,no,cellular,22,oct,313,3,-1,0,unknown,1
4933,38,technician,married,secondary,no,226,yes,no,unknown,30,may,762,3,-1,0,unknown,1
1447,63,blue-collar,married,secondary,no,641,no,no,cellular,27,may,417,2,-1,0,unknown,1
709,44,management,married,unknown,no,282,no,no,cellular,9,mar,700,2,154,3,success,1
9861,37,technician,married,tertiary,no,127,yes,no,cellular,13,feb,71,1,-1,0,unknown,1
10241,56,technician,married,secondary,no,23,no,no,cellular,20,nov,857,3,-1,0,unknown,1
2498,35,management,single,tertiary,no,3,yes,yes,cellular,6,feb,217,1,-1,0,unknown,0
6247,52,management,married,tertiary,no,388,no,no,cellular,25,may,272,1,-1,0,unknown,1
3280,46,technician,divorced,secondary,no,117,no,no,cellular,29,aug,94,2,-1,0,unknown,0
9067,44,services,divorced,secondary,no,206,yes,no,cellular,14,may,78,1,365,1,failure,0
2473,27,entrepreneur,married,tertiary,no,139,no,no,cellular,15,jul,448,5,-1,0,unknown,1
9025,48,technician,married,secondary,no,23495,no,no,cellular,22,aug,63,8,-1,0,unknown,0
2664,49,technician,single,tertiary,no,2585,no,no,unknown,11,jun,64,1,-1,0,unknown,0
7332,28,self-employed,single,tertiary,no,159,no,no,cellular,14,oct,246,2,420,2,other,1
3911,38,admin.,married,secondary,no,4874,no,no,unknown,6,jun,1291,3,-1,0,unknown,0
8572,44,admin.,divorced,secondary,no,2999,yes,no,cellular,14,may,717,1,-1,0,unknown,1
10817,26,blue-collar,single,tertiary,no,644,no,no,cellular,2,dec,346,1,-1,0,unknown,1
3053,57,technician,divorced,tertiary,no,96,no,no,cellular,21,aug,913,4,-1,0,unknown,1
176,58,housemaid,married,primary,no,1310,yes,yes,cellular,22,jul,1226,2,-1,0,unknown,0
2413,39,management,married,primary,no,1873,no,no,unknown,9,jun,161,2,-1,0,unknown,0
1783,55,admin.,married,secondary,no,420,yes,no,unknown,30,may,41,3,-1,0,unknown,0
8232,27,blue-collar,single,primary,no,265,yes,no,cellular,13,may,1119,2,-1,0,unknown,1
9939,30,self-employed,single,tertiary,no,655,no,no,cellular,23,sep,272,4,184,1,success,1
8053,32,blue-collar,married,secondary,no,43,yes,no,unknown,21,may,173,2,-1,0,unknown,0
3828,32,management,single,tertiary,no,819,yes,no,cellular,20,apr,114,2,-1,0,unknown,1
6792,35,self-employed,single,secondary,no,951,yes,no,cellular,19,nov,220,2,-1,0,unknown,0
3960,72,admin.,married,primary,no,2321,no,no,cellular,14,sep,221,2,64,12,failure,1
4257,60,technician,married,secondary,no,824,yes,no,cellular,9,feb,127,1,558,7,other,1
631,32,blue-collar,single,secondary,no,70,yes,no,unknown,26,may,118,6,-1,0,unknown,0
7478,71,retired,divorced,secondary,no,5584,no,no,cellular,21,aug,534,3,-1,0,unknown,1
1856,53,technician,married,secondary,no,10185,no,no,cellular,23,mar,115,1,-1,0,unknown,1
103,36,management,single,tertiary,no,442,yes,yes,cellular,29,jul,102,3,-1,0,unknown,0
7289,57,management,married,tertiary,no,1318,no,no,cellular,16,oct,115,1,185,2,failure,1
223,59,retired,single,secondary,no,2,no,no,telephone,2,feb,935,1,-1,0,unknown,1
5325,32,blue-collar,single,secondary,no,799,no,yes,cellular,23,jul,2078,6,-1,0,unknown,1
2052,51,blue-collar,married,primary,no,1869,no,no,unknown,17,jun,30,3,-1,0,unknown,0
6956,43,admin.,married,secondary,no,71,no,no,unknown,7,may,180,5,-1,0,unknown,0
5690,38,admin.,single,secondary,no,3239,no,no,unknown,5,jun,817,2,-1,0,unknown,1
5372,38,services,married,secondary,no,133,yes,no,unknown,27,may,267,1,-1,0,unknown,0
10975,41,technician,married,tertiary,no,515,no,no,cellular,5,aug,837,2,-1,0,unknown,1
5576,47,blue-collar,married,secondary,no,3696,yes,no,cellular,19,nov,635,3,170,2,failure,0
4178,44,blue-collar,married,secondary,no,794,yes,no,cellular,5,feb,342,1,252,1,other,0
4522,44,blue-collar,married,secondary,no,294,yes,no,unknown,19,may,66,2,-1,0,unknown,0
7635,53,admin.,single,secondary,no,2892,no,no,cellular,9,apr,527,3,-1,0,unknown,1
2109,25,technician,single,tertiary,no,640,yes,no,unknown,13,may,492,2,-1,0,unknown,0
3226,25,technician,married,secondary,no,-276,yes,no,unknown,4,jun,105,1,-1,0,unknown,0
9194,38,blue-collar,married,primary,no,190,yes,no,telephone,19,nov,623,1,175,1,other,1
515,67,unknown,married,tertiary,no,7687,no,no,telephone,30,oct,70,3,-1,0,unknown,0
3875,36,services,married,secondary,no,145,yes,no,cellular,2,feb,109,1,252,2,other,0
11050,33,services,single,secondary,no,2881,no,no,cellular,26,may,289,1,328,1,success,1
2332,51,management,married,unknown,no,1708,no,no,telephone,29,jan,92,3,-1,0,unknown,0
6339,39,services,married,secondary,no,207,no,no,unknown,6,jun,78,2,-1,0,unknown,0
7261,32,technician,married,secondary,no,1547,no,no,cellular,26,oct,289,1,805,4,other,1
6676,72,retired,married,primary,no,1388,no,no,telephone,20,oct,513,1,-1,0,unknown,1
4302,26,technician,single,secondary,no,639,yes,no,unknown,6,jun,709,5,-1,0,unknown,1
9260,29,admin.,divorced,tertiary,yes,0,no,yes,cellular,9,jul,426,3,-1,0,unknown,1
3445,35,blue-collar,single,primary,no,-276,yes,no,cellular,13,may,850,1,-1,0,unknown,1
6024,57,management,married,tertiary,no,256,no,no,cellular,6,mar,227,1,-1,0,unknown,1
3119,38,blue-collar,married,secondary,no,0,no,no,unknown,20,jun,152,5,-1,0,unknown,0
2087,23,student,single,secondary,no,107,no,no,cellular,13,apr,256,5,181,2,success,1
4190,69,retired,married,unknown,no,426,no,no,telephone,9,mar,225,1,90,1,success,1
7041,30,services,married,secondary,no,3929,yes,no,cellular,20,nov,593,1,-1,0,unknown,1
3082,37,management,single,tertiary,no,33,yes,no,cellular,12,mar,186,1,-1,0,unknown,1
3,47,blue-collar,married,secondary,no,8229,no,no,cellular,8,aug,784,2,-1,0,unknown,1
5196,26,technician,single,secondary,no,3244,no,no,cellular,2,feb,141,1,5,1,failure,0
7515,40,blue-collar,married,secondary,no,737,yes,no,unknown,30,may,135,2,-1,0,unknown,0
7997,52,management,married,tertiary,no,7135,no,no,cellular,19,aug,1032,3,-1,0,unknown,1
353,44,management,single,tertiary,no,5063,no,no,cellular,27,oct,418,2,-1,0,unknown,1
5528,56,management,married,tertiary,no,2333,no,no,cellular,4,may,244,1,-1,0,unknown,1
939,34,blue-collar,married,primary,no,479,no,no,cellular,11,jul,772,1,-1,0,unknown,0
1711,43,management,married,tertiary,no,-391,yes,no,cellular,28,jul,193,8,-1,0,unknown,0
4036,37,management,married,tertiary,no,11265,no,no,unknown,18,jun,417,1,-1,0,unknown,0
1676,52,technician,married,unknown,no,425,yes,no,cellular,28,jan,219,2,254,3,failure,0
10343,37,blue-collar,married,primary,no,-106,yes,yes,cellular,12,may,690,1,-1,0,unknown,1
10028,36,technician,single,tertiary,no,268,no,no,cellular,29,aug,54,12,-1,0,unknown,0
5376,34,blue-collar,married,secondary,no,634,no,yes,cellular,12,may,737,3,-1,0,unknown,1
8355,77,unknown,married,unknown,no,397,no,no,telephone,7,may,300,3,-1,0,unknown,1
10551,29,technician,single,secondary,yes,-397,yes,no,unknown,28,may,114,1,-1,0,unknown,0
6563,60,retired,married,primary,no,55,no,no,cellular,4,jun,207,1,-1,0,unknown,0
4863,42,management,divorced,tertiary,no,238,no,no,cellular,25,sep,692,1,-1,0,unknown,1
1275,84,retired,married,secondary,no,81204,no,no,telephone,28,dec,679,1,313,2,other,1
8034,33,entrepreneur,married,tertiary,no,606,yes,no,cellular,2,feb,194,1,-1,0,unknown,0
5516,47,blue-collar,married,secondary,no,581,yes,no,cellular,26,aug,79,6,-1,0,unknown,0
7563,31,management,single,tertiary,no,0,no,no,cellular,25,aug,101,6,-1,0,unknown,0
3237,36,blue-collar,married,unknown,no,1023,yes,no,cellular,4,feb,184,2,-1,0,unknown,0
5253,31,technician,single,tertiary,no,13711,yes,no,cellular,20,nov,1532,3,-1,0,unknown,1
424,40,admin.,married,secondary,no,0,yes,no,cellular,3,feb,561,1,201,1,failure,0
10093,24,management,single,tertiary,no,1,no,no,cellular,14,may,396,5,-1,0,unknown,1
9424,38,admin.,married,secondary,no,0,yes,no,cellular,8,jun,187,1,181,2,success,1
5425,27,student,single,secondary,no,279,no,no,cellular,12,oct,323,1,-1,0,unknown,1
3677,27,management,married,tertiary,no,802,no,no,cellular,22,sep,569,1,-1,0,unknown,1
607,53,management,married,secondary,no,90,yes,no,telephone,20,apr,67,5,-1,0,unknown,0
3839,43,management,married,tertiary,no,0,yes,no,cellular,21,jul,474,1,-1,0,unknown,0
128,24,student,single,tertiary,no,834,no,no,cellular,9,sep,679,1,-1,0,unknown,1
4359,49,management,married,tertiary,no,1093,yes,yes,cellular,12,jan,243,2,91,2,success,1
1755,31,blue-collar,married,secondary,no,754,yes,no,unknown,19,may,1022,4,-1,0,unknown,1
264,35,technician,married,secondary,no,128,no,yes,cellular,29,jan,456,1,205,2,other,0
7176,34,admin.,single,secondary,no,63,yes,no,cellular,17,apr,678,1,-1,0,unknown,1
2139,31,admin.,married,secondary,no,2,yes,yes,cellular,12,may,703,4,-1,0,unknown,1
2099,36,blue-collar,married,primary,no,319,yes,no,cellular,13,may,774,2,301,1,failure,1
4044,33,technician,single,secondary,no,2583,no,no,cellular,25,may,241,1,108,1,failure,0
961,54,technician,married,tertiary,yes,337,yes,no,unknown,28,may,302,2,-1,0,unknown,0
2654,44,management,single,secondary,no,421,no,yes,cellular,5,aug,307,1,-1,0,unknown,0
3835,57,retired,married,secondary,no,3738,yes,no,cellular,19,apr,220,1,367,7,success,0
9866,30,admin.,single,secondary,no,69,yes,no,cellular,17,apr,997,1,-1,0,unknown,1
8027,35,management,single,tertiary,no,592,no,yes,unknown,14,may,192,1,-1,0,unknown,0
9912,38,entrepreneur,married,tertiary,no,170,yes,no,cellular,18,may,442,1,-1,0,unknown,1
3103,55,housemaid,divorced,primary,no,976,no,no,cellular,28,jun,345,1,94,3,other,1
4022,48,housemaid,married,secondary,no,3570,no,no,cellular,5,jun,58,2,-1,0,unknown,0
6712,45,management,married,tertiary,no,4119,yes,yes,telephone,31,aug,473,2,283,1,success,1
8339,28,management,single,tertiary,no,866,no,no,cellular,23,mar,191,2,-1,0,unknown,1
3605,31,services,single,secondary,no,3,yes,no,cellular,5,may,41,1,-1,0,unknown,0
3933,36,technician,divorced,secondary,no,1451,yes,no,cellular,23,jul,192,4,93,17,other,1
2696,54,technician,divorced,secondary,no,83,yes,no,unknown,6,may,190,3,-1,0,unknown,0
3788,48,housemaid,single,secondary,no,1042,no,no,telephone,18,nov,129,2,-1,0,unknown,0
10436,26,services,married,secondary,no,77,yes,no,cellular,15,may,619,1,340,4,failure,1
1759,33,management,married,tertiary,no,2071,no,no,cellular,8,aug,106,2,-1,0,unknown,0
9330,36,admin.,single,tertiary,no,364,no,yes,cellular,31,aug,185,1,123,1,failure,1
7994,32,self-employed,married,secondary,no,409,no,no,cellular,3,jun,115,2,86,2,success,1
3472,49,technician,married,secondary,no,308,no,no,cellular,27,jul,266,5,-1,0,unknown,0
114,32,management,married,tertiary,no,1388,yes,no,cellular,30,apr,753,1,-1,0,unknown,1
8725,35,blue-collar,married,secondary,no,674,yes,no,unknown,30,may,274,2,-1,0,unknown,0
9230,32,blue-collar,married,primary,no,1518,yes,no,telephone,6,feb,35,3,-1,0,unknown,0
4185,27,services,single,secondary,no,2457,yes,no,unknown,29,may,123,4,-1,0,unknown,0
204,36,blue-collar,married,primary,no,408,yes,yes,unknown,20,may,1063,2,-1,0,unknown,1
1162,37,technician,married,secondary,no,0,yes,no,cellular,16,apr,657,4,149,1,other,0
431,31,admin.,married,secondary,no,728,yes,yes,cellular,15,may,152,1,352,4,failure,0
3579,46,blue-collar,single,tertiary,no,283,no,no,cellular,7,apr,299,1,-1,0,unknown,1
10195,28,management,single,tertiary,no,437,no,no,cellular,5,may,338,1,-1,0,unknown,1
1920,30,management,single,tertiary,no,1675,no,no,cellular,4,sep,181,1,-1,0,unknown,0
6086,40,services,married,primary,no,1082,yes,no,unknown,30,may,854,2,-1,0,unknown,1
6039,57,management,married,primary,no,2538,no,yes,telephone,17,jul,485,2,-1,0,unknown,0
205,62,housemaid,married,unknown,no,2021,no,no,telephone,26,feb,361,1,-1,0,unknown,1
1796,56,management,divorced,tertiary,no,2037,no,no,cellular,6,may,160,1,91,5,success,0
1960,86,retired,single,secondary,no,614,no,no,telephone,9,dec,595,1,-1,0,unknown,1
1653,32,student,married,secondary,no,833,yes,no,telephone,2,nov,227,5,164,3,other,0
1418,28,blue-collar,single,secondary,no,759,yes,no,unknown,9,may,710,1,-1,0,unknown,1
5987,43,self-employed,married,tertiary,no,3003,no,no,cellular,8,aug,358,3,-1,0,unknown,0
4523,50,admin.,divorced,secondary,no,797,yes,no,telephone,25,jul,72,8,-1,0,unknown,0
5218,41,management,married,tertiary,no,217,no,no,cellular,19,nov,328,1,-1,0,unknown,0
7440,44,management,single,tertiary,no,1090,no,no,cellular,20,oct,178,4,93,6,success,1
9795,40,management,married,tertiary,no,4381,no,no,telephone,29,jul,126,2,-1,0,unknown,0
1408,60,entrepreneur,married,primary,no,83,yes,no,cellular,17,jul,302,2,-1,0,unknown,0
2626,41,blue-collar,divorced,secondary,no,3622,no,no,unknown,19,jun,1135,4,-1,0,unknown,1
6744,27,student,single,tertiary,no,5291,no,no,cellular,11,feb,293,1,91,4,success,1
5263,60,services,married,secondary,no,8837,yes,no,unknown,16,may,144,4,-1,0,unknown,0
100,78,retired,married,unknown,no,3208,no,no,telephone,20,may,351,3,-1,0,unknown,1
9867,37,management,married,tertiary,no,393,yes,no,cellular,12,aug,62,2,104,2,success,0
3634,35,admin.,married,secondary,yes,76,no,yes,unknown,17,jun,107,1,-1,0,unknown,0
7500,55,blue-collar,married,secondary,no,2854,yes,no,cellular,7,may,312,1,-1,0,unknown,0
1804,34,management,single,tertiary,no,747,no,no,cellular,31,aug,72,2,98,1,failure,0
11088,51,blue-collar,married,secondary,no,-92,yes,no,unknown,4,jun,28,4,-1,0,unknown,0
11134,28,blue-collar,married,secondary,no,948,yes,no,unknown,9,may,455,1,-1,0,unknown,0
1431,30,technician,married,secondary,no,-280,yes,no,cellular,17,apr,609,2,266,2,failure,0
8732,33,management,single,tertiary,no,2637,no,no,cellular,28,aug,583,17,-1,0,unknown,1
7382,25,blue-collar,married,secondary,no,97,yes,no,unknown,27,may,709,1,-1,0,unknown,1
11130,44,self-employed,married,unknown,no,163,yes,no,cellular,12,aug,44,1,100,3,success,0
2662,38,technician,single,tertiary,no,221,no,no,cellular,20,aug,79,3,-1,0,unknown,0
8317,52,blue-collar,married,primary,no,4660,no,no,cellular,18,aug,82,3,-1,0,unknown,0
5706,41,management,married,secondary,no,3096,yes,no,cellular,24,jul,273,6,-1,0,unknown,0
269,45,admin.,married,secondary,no,111,yes,no,cellular,11,aug,173,1,-1,0,unknown,0
10357,29,self-employed,single,tertiary,no,162,no,yes,cellular,25,jul,324,1,-1,0,unknown,0
8240,46,blue-collar,married,primary,no,1303,no,no,cellular,4,aug,174,1,-1,0,unknown,0
10117,31,blue-collar,married,primary,no,-454,yes,yes,unknown,28,may,861,2,-1,0,unknown,0
10298,39,blue-collar,married,secondary,no,1307,yes,no,telephone,31,oct,158,1,-1,0,unknown,1
3241,33,admin.,single,tertiary,no,235,yes,no,cellular,18,may,525,1,-1,0,unknown,1
10328,43,admin.,single,tertiary,no,664,yes,no,cellular,17,apr,119,1,-1,0,unknown,0
2157,54,management,divorced,tertiary,no,129,yes,no,unknown,30,may,132,1,-1,0,unknown,0
952,24,student,single,secondary,no,1123,no,no,cellular,13,jul,475,1,412,1,other,1
6410,27,management,single,tertiary,no,20585,no,no,cellular,15,jun,188,1,-1,0,unknown,1
7396,76,retired,married,unknown,no,992,no,no,cellular,27,oct,139,2,-1,0,unknown,0
6932,27,blue-collar,married,secondary,no,-330,yes,yes,cellular,14,may,88,1,353,2,failure,0
9604,48,management,married,tertiary,no,1147,no,no,cellular,5,aug,389,1,64,2,success,1
10354,43,entrepreneur,single,tertiary,no,42,no,no,cellular,7,jul,285,1,-1,0,unknown,0
5772,28,management,married,tertiary,no,1240,no,no,cellular,4,aug,849,1,-1,0,unknown,1
5323,53,blue-collar,married,secondary,no,974,yes,no,unknown,26,may,197,2,-1,0,unknown,0
10025,44,admin.,married,secondary,no,262,yes,no,cellular,9,jul,74,1,-1,0,unknown,0
1918,26,technician,single,tertiary,no,-67,yes,no,cellular,15,may,637,1,-1,0,unknown,1
4269,32,housemaid,married,secondary,no,0,no,no,cellular,21,aug,435,2,-1,0,unknown,0
1048,40,housemaid,married,tertiary,no,795,yes,no,unknown,29,may,725,3,-1,0,unknown,0
151,35,blue-collar,married,primary,no,105,yes,no,unknown,8,may,369,2,-1,0,unknown,0
4463,31,technician,married,tertiary,no,95,no,no,cellular,21,nov,48,6,-1,0,unknown,0
311,57,blue-collar,married,secondary,no,2887,no,no,cellular,21,aug,819,10,-1,0,unknown,1
5684,57,management,married,secondary,no,2155,no,yes,cellular,10,nov,144,3,91,2,failure,1
9574,37,services,married,secondary,no,6089,yes,no,cellular,14,may,616,2,-1,0,unknown,1
10583,55,management,divorced,tertiary,no,608,yes,no,cellular,7,may,161,2,-1,0,unknown,0
6997,33,services,married,secondary,no,478,no,no,cellular,30,apr,475,2,-1,0,unknown,1
6795,59,unknown,divorced,unknown,no,27,no,no,unknown,5,may,347,3,-1,0,unknown,0
402,29,management,single,tertiary,no,2753,no,no,cellular,30,apr,645,1,-1,0,unknown,1
4325,52,blue-collar,married,secondary,no,1500,no,yes,unknown,20,jun,109,3,-1,0,unknown,0
10776,46,management,divorced,tertiary,no,1329,no,no,cellular,3,jul,247,2,-1,0,unknown,1
2750,60,blue-collar,divorced,primary,no,92,yes,no,unknown,6,jun,70,3,-1,0,unknown,0
7205,37,blue-collar,married,unknown,no,622,yes,no,cellular,11,may,175,1,-1,0,unknown,0
6003,28,technician,single,secondary,no,6551,no,no,cellular,26,may,362,1,77,1,failure,0
842,30,self-employed,single,secondary,no,1031,no,no,unknown,20,oct,7,1,-1,0,unknown,0
2162,32,technician,married,secondary,no,235,yes,no,telephone,28,aug,688,6,-1,0,unknown,0
7140,47,management,married,tertiary,no,0,no,no,cellular,19,aug,213,2,-1,0,unknown,0
1433,48,management,married,primary,no,427,no,no,cellular,17,nov,62,1,-1,0,unknown,0
6134,42,self-employed,married,tertiary,no,1932,yes,no,unknown,16,may,192,32,-1,0,unknown,0
4211,53,housemaid,married,primary,no,104,no,yes,unknown,5,jun,701,1,-1,0,unknown,1
9842,25,blue-collar,single,secondary,no,84,yes,no,cellular,18,may,6,2,-1,0,unknown,0
8454,41,self-employed,single,tertiary,no,0,no,no,cellular,18,nov,256,1,-1,0,unknown,0
10780,45,management,married,primary,no,4629,no,no,telephone,2,apr,285,2,-1,0,unknown,0
4622,70,retired,married,primary,no,4982,no,no,cellular,4,may,794,2,-1,0,unknown,0
8860,28,blue-collar,single,secondary,no,0,no,yes,cellular,31,jul,11,21,-1,0,unknown,0
6309,53,blue-collar,married,primary,no,306,no,no,cellular,28,jul,388,3,181,1,success,1
2542,20,student,single,secondary,no,502,no,no,cellular,30,apr,261,1,-1,0,unknown,1
2849,58,retired,married,primary,no,282,yes,no,cellular,28,jul,40,4,-1,0,unknown,0
5609,33,unemployed,single,secondary,no,2066,no,yes,cellular,9,sep,305,1,749,2,failure,1
4662,32,technician,single,secondary,no,129,yes,no,cellular,7,may,213,1,-1,0,unknown,0
7869,46,management,single,tertiary,no,2044,no,no,telephone,4,feb,25,1,-1,0,unknown,0
1693,50,blue-collar,married,primary,no,12519,yes,no,cellular,21,nov,615,3,34,1,failure,1
5134,31,services,single,secondary,no,1629,yes,no,unknown,19,may,344,2,-1,0,unknown,0
6715,59,management,single,tertiary,no,68,yes,no,unknown,28,may,176,2,-1,0,unknown,0
9636,33,technician,single,secondary,no,1429,yes,no,cellular,31,aug,268,8,-1,0,unknown,1
7789,48,management,married,secondary,no,0,yes,no,telephone,23,jul,90,2,-1,0,unknown,0
1543,36,technician,married,tertiary,no,202,no,no,cellular,1,jun,206,1,192,1,failure,0
2308,29,admin.,single,secondary,no,488,yes,no,cellular,4,jun,105,1,-1,0,unknown,0
1116,32,services,married,secondary,no,315,no,no,cellular,4,aug,149,1,-1,0,unknown,0
1187,28,admin.,single,secondary,no,762,no,no,cellular,18,sep,115,3,-1,0,unknown,1
9254,53,services,married,secondary,no,2925,yes,no,unknown,15,may,1392,4,-1,0,unknown,0
8824,39,entrepreneur,married,tertiary,yes,-172,yes,no,cellular,15,may,562,2,-1,0,unknown,1
2700,30,management,single,tertiary,no,3384,no,no,cellular,4,jun,578,2,-1,0,unknown,1
8409,34,student,single,unknown,no,2321,no,no,cellular,9,nov,600,2,99,5,failure,0
1686,47,blue-collar,married,primary,no,328,yes,no,cellular,7,may,58,1,-1,0,unknown,0
6508,52,entrepreneur,married,primary,no,8298,yes,yes,unknown,28,may,123,18,-1,0,unknown,0
8934,33,technician,married,secondary,no,264,no,no,cellular,28,aug,180,4,-1,0,unknown,0
6007,31,management,single,tertiary,no,1761,yes,no,telephone,29,jul,332,3,440,3,failure,1
2288,29,services,married,primary,no,-102,no,no,unknown,4,jul,134,1,-1,0,unknown,0
11103,28,management,single,tertiary,no,466,yes,no,cellular,23,jul,170,2,-1,0,unknown,0
1141,44,services,married,secondary,no,522,no,yes,unknown,20,jun,911,1,-1,0,unknown,1
2061,39,entrepreneur,married,secondary,no,2139,yes,no,cellular,15,may,576,4,371,1,failure,1
3269,48,blue-collar,married,secondary,no,292,no,no,cellular,30,apr,271,1,79,1,success,1
2215,48,blue-collar,married,secondary,no,1596,yes,no,unknown,14,may,760,1,-1,0,unknown,1
8376,33,blue-collar,married,secondary,no,1134,yes,no,unknown,23,may,304,2,-1,0,unknown,0
6876,32,services,married,secondary,no,144,yes,no,unknown,19,may,260,11,-1,0,unknown,0
2741,55,unemployed,divorced,secondary,no,387,yes,no,unknown,6,may,918,1,-1,0,unknown,1
1276,31,technician,divorced,secondary,no,304,no,no,cellular,2,feb,133,2,-1,0,unknown,0
5457,29,management,single,tertiary,no,499,yes,no,cellular,15,may,338,1,-1,0,unknown,0
7574,47,admin.,married,secondary,no,1358,yes,no,cellular,14,may,80,4,-1,0,unknown,0
2676,29,blue-collar,married,secondary,no,100,yes,yes,cellular,6,may,152,4,344,2,failure,0
2292,35,blue-collar,single,primary,no,-759,yes,no,cellular,31,jul,142,2,-1,0,unknown,0
3273,48,blue-collar,married,primary,no,363,yes,no,unknown,18,jun,257,6,-1,0,unknown,0
8147,40,services,married,secondary,no,446,yes,no,unknown,16,may,1252,1,-1,0,unknown,1
7171,34,management,married,tertiary,no,611,no,no,cellular,2,jun,350,1,-1,0,unknown,1
5862,31,management,single,tertiary,yes,-365,yes,no,unknown,30,may,319,6,-1,0,unknown,0
11156,52,services,married,secondary,no,108,yes,no,unknown,15,may,543,12,-1,0,unknown,0
1510,27,services,single,tertiary,no,1501,yes,no,cellular,24,jul,187,1,-1,0,unknown,0
25,53,blue-collar,married,secondary,yes,-634,no,no,cellular,19,aug,695,3,-1,0,unknown,0
3629,34,blue-collar,single,secondary,no,2764,yes,no,cellular,13,may,158,1,357,1,failure,0
8760,35,housemaid,married,tertiary,no,2880,no,no,cellular,29,jan,42,1,-1,0,unknown,0
4667,25,admin.,single,secondary,no,184,no,yes,telephone,11,jul,437,7,-1,0,unknown,0
5867,45,services,married,secondary,no,222,no,no,cellular,25,aug,119,11,-1,0,unknown,0
3997,31,blue-collar,married,primary,no,1127,yes,no,telephone,13,may,43,1,349,1,failure,0
2190,28,management,single,secondary,no,171,no,no,cellular,10,mar,93,1,-1,0,unknown,1
7866,35,admin.,married,secondary,no,907,no,yes,unknown,2,jul,97,4,-1,0,unknown,0
3410,53,blue-collar,divorced,secondary,no,640,yes,no,cellular,11,may,321,2,-1,0,unknown,0
4307,58,unemployed,married,primary,no,1183,no,no,cellular,31,jul,1721,5,-1,0,unknown,1
7716,50,entrepreneur,married,secondary,no,1857,no,yes,unknown,19,jun,26,2,-1,0,unknown,0
8648,31,admin.,married,secondary,no,337,no,no,unknown,12,may,51,1,-1,0,unknown,0
1075,55,retired,divorced,secondary,no,-268,no,yes,cellular,24,jul,1417,1,-1,0,unknown,1
7536,52,housemaid,married,primary,no,135,no,no,cellular,8,aug,172,9,-1,0,unknown,0
5668,32,technician,married,secondary,no,473,no,yes,cellular,7,may,292,3,-1,0,unknown,1
5752,36,blue-collar,married,secondary,no,561,yes,no,unknown,9,jun,198,2,-1,0,unknown,0
9386,33,admin.,married,secondary,no,30,yes,no,telephone,5,may,125,2,-1,0,unknown,0
7834,42,blue-collar,married,secondary,no,634,yes,no,cellular,24,jul,256,2,-1,0,unknown,0
8310,41,housemaid,married,primary,no,39,no,no,cellular,21,aug,299,4,-1,0,unknown,0
1084,31,admin.,single,tertiary,no,383,no,yes,cellular,6,feb,119,1,214,1,failure,0
4119,74,retired,married,secondary,no,935,no,no,cellular,25,oct,400,1,173,3,success,1
7757,45,blue-collar,married,unknown,no,-320,yes,no,unknown,28,may,204,3,-1,0,unknown,0
7762,27,management,single,tertiary,no,2489,no,no,cellular,15,jul,323,2,163,2,other,1
6954,72,retired,married,secondary,no,1978,no,no,cellular,6,sep,312,1,-1,0,unknown,1
6603,22,admin.,single,secondary,no,-1,yes,no,unknown,9,may,136,1,-1,0,unknown,0
1338,32,management,married,tertiary,no,2204,no,no,cellular,27,aug,123,4,-1,0,unknown,0
9134,27,admin.,married,secondary,no,16,yes,no,cellular,3,feb,54,3,-1,0,unknown,0
4072,47,unemployed,married,primary,no,2946,no,no,unknown,5,jun,60,1,-1,0,unknown,0
297,49,services,single,secondary,no,459,yes,no,unknown,19,may,58,10,-1,0,unknown,0
1817,59,blue-collar,divorced,primary,no,1265,no,yes,cellular,7,jul,849,1,-1,0,unknown,1
1016,31,blue-collar,married,secondary,no,92,yes,no,unknown,16,may,688,1,-1,0,unknown,1
1716,36,technician,single,secondary,no,98,no,no,cellular,30,jan,771,1,-1,0,unknown,1
4183,28,self-employed,married,secondary,no,-522,yes,yes,cellular,18,may,638,2,-1,0,unknown,1
6912,45,blue-collar,married,primary,no,0,yes,no,cellular,24,jul,137,1,-1,0,unknown,0
3570,21,student,single,primary,no,423,no,no,cellular,8,apr,104,5,-1,0,unknown,1
10009,28,admin.,single,secondary,no,352,yes,yes,cellular,18,may,431,1,-1,0,unknown,1
2656,27,services,single,secondary,no,955,no,no,cellular,23,apr,206,1,-1,0,unknown,1
7841,43,unemployed,married,secondary,no,1943,yes,no,cellular,18,nov,202,2,-1,0,unknown,0
5740,30,technician,single,tertiary,no,635,no,no,cellular,13,aug,851,8,-1,0,unknown,1
9144,20,student,single,primary,no,6991,no,no,cellular,12,aug,178,2,-1,0,unknown,1
5141,49,management,married,tertiary,no,413,no,yes,cellular,31,jul,196,4,-1,0,unknown,0
2480,51,management,divorced,tertiary,no,119,no,no,unknown,5,jun,112,2,-1,0,unknown,0
9444,56,retired,married,primary,no,1906,no,yes,unknown,19,jun,45,9,-1,0,unknown,0
3412,28,technician,single,tertiary,no,386,no,no,cellular,25,may,867,1,-1,0,unknown,1
6094,40,management,divorced,tertiary,no,290,yes,no,unknown,27,may,184,1,-1,0,unknown,0
3418,29,blue-collar,married,primary,no,7,yes,no,cellular,12,may,69,3,-1,0,unknown,0
8404,50,technician,married,primary,no,249,yes,no,unknown,6,may,129,1,-1,0,unknown,0
8122,42,management,divorced,primary,no,0,yes,no,cellular,19,nov,73,5,-1,0,unknown,0
11018,41,technician,married,tertiary,no,231,no,no,cellular,26,aug,428,2,-1,0,unknown,1
10208,53,technician,married,secondary,no,480,no,no,unknown,6,jun,648,2,-1,0,unknown,1
1958,38,services,married,secondary,no,507,yes,no,cellular,17,apr,55,1,344,1,failure,0
4815,40,blue-collar,married,primary,no,830,yes,no,cellular,13,may,873,3,370,2,failure,1
921,50,self-employed,single,secondary,no,766,yes,no,cellular,7,may,253,2,304,4,failure,0
2478,37,technician,married,tertiary,no,0,no,no,cellular,28,aug,76,1,-1,0,unknown,0
10743,34,admin.,married,tertiary,no,788,yes,no,cellular,5,feb,269,1,-1,0,unknown,0
4547,39,management,married,tertiary,no,2939,no,no,cellular,15,jan,348,2,-1,0,unknown,1
1400,26,self-employed,single,secondary,no,467,yes,yes,unknown,4,jun,90,2,-1,0,unknown,0
8095,39,technician,married,tertiary,no,206,no,no,cellular,20,oct,148,2,195,2,success,1
214,38,services,married,tertiary,no,0,yes,no,cellular,17,apr,239,1,147,4,failure,0
4084,38,blue-collar,single,primary,no,1583,yes,no,cellular,15,may,386,1,-1,0,unknown,0
8631,22,student,single,secondary,no,3982,no,no,cellular,20,apr,206,1,-1,0,unknown,1
7967,27,admin.,single,unknown,no,861,no,no,cellular,14,jun,212,4,-1,0,unknown,1
8496,32,management,divorced,tertiary,no,222,no,yes,cellular,15,jul,820,4,-1,0,unknown,1
9628,31,blue-collar,married,primary,no,292,yes,yes,unknown,30,may,30,18,-1,0,unknown,0
4357,56,services,divorced,secondary,no,72,yes,yes,cellular,7,may,263,1,357,4,failure,0
8057,30,technician,single,secondary,no,54,no,no,cellular,11,aug,194,2,-1,0,unknown,0
8329,60,admin.,married,unknown,no,738,no,no,unknown,19,may,529,3,-1,0,unknown,0
2818,39,management,married,tertiary,no,-233,yes,no,cellular,19,nov,249,1,-1,0,unknown,0
7295,25,blue-collar,married,secondary,no,101,no,yes,cellular,8,jul,460,3,-1,0,unknown,1
8378,31,technician,single,tertiary,no,1081,no,no,cellular,24,apr,202,5,261,2,failure,1
8206,34,blue-collar,married,secondary,no,467,yes,no,cellular,13,may,195,2,357,2,failure,0
8740,60,housemaid,married,primary,no,352,no,yes,unknown,17,jun,81,2,-1,0,unknown,0
2113,58,retired,divorced,secondary,no,0,no,no,unknown,17,jun,436,5,-1,0,unknown,0
3912,50,admin.,married,secondary,no,736,yes,no,unknown,14,may,74,1,-1,0,unknown,0
9773,25,blue-collar,single,secondary,no,-247,yes,no,cellular,23,jul,633,1,-1,0,unknown,1
10286,52,management,married,tertiary,no,0,no,no,cellular,12,aug,106,2,-1,0,unknown,0
7187,52,admin.,divorced,unknown,no,0,no,no,cellular,26,aug,168,4,-1,0,unknown,0
730,34,admin.,married,secondary,no,2374,yes,no,cellular,9,feb,243,2,92,3,success,1
10718,24,blue-collar,married,secondary,no,-389,yes,yes,unknown,4,jun,1242,1,-1,0,unknown,1
9085,34,technician,single,secondary,no,0,no,no,cellular,28,aug,195,6,-1,0,unknown,0
7935,30,technician,single,secondary,no,728,yes,no,cellular,5,feb,393,1,261,1,other,0
7492,48,admin.,married,secondary,no,50,no,yes,cellular,21,oct,419,1,-1,0,unknown,1
3000,38,technician,divorced,tertiary,no,791,yes,no,unknown,26,may,89,2,-1,0,unknown,0
5434,60,retired,married,secondary,no,2060,no,no,cellular,26,mar,454,1,88,3,other,0
5658,41,blue-collar,married,secondary,no,2157,yes,no,unknown,14,may,154,2,-1,0,unknown,0
7916,60,retired,married,secondary,no,0,no,no,cellular,9,sep,408,1,-1,0,unknown,1
2962,49,management,married,secondary,no,543,yes,no,unknown,20,may,213,3,-1,0,unknown,0
9007,57,housemaid,married,primary,no,2234,no,no,unknown,11,jun,201,5,-1,0,unknown,0
3776,49,admin.,married,secondary,no,167,no,yes,cellular,9,jul,51,1,-1,0,unknown,0
6810,28,student,single,secondary,no,5916,no,no,cellular,22,may,259,1,63,5,failure,0
7518,49,blue-collar,married,primary,no,-157,yes,no,cellular,7,jul,491,3,-1,0,unknown,1
8672,53,services,married,secondary,no,6170,no,no,cellular,13,aug,838,4,-1,0,unknown,1
836,47,blue-collar,married,secondary,no,1568,yes,no,cellular,21,may,226,3,91,8,success,1
8960,33,technician,married,secondary,no,346,yes,yes,cellular,24,jul,379,1,-1,0,unknown,0
3309,30,blue-collar,single,secondary,no,1012,yes,no,cellular,17,apr,22,3,329,1,failure,0
6457,46,admin.,married,secondary,no,974,no,no,cellular,5,jun,174,2,80,1,success,1
3255,47,management,married,tertiary,no,3663,no,no,cellular,29,oct,424,2,213,3,success,1
10979,37,self-employed,married,tertiary,no,0,no,no,unknown,6,jun,143,1,-1,0,unknown,0
9081,54,technician,single,tertiary,no,118,no,no,cellular,5,apr,280,1,-1,0,unknown,1
11126,43,admin.,single,secondary,no,733,yes,no,cellular,19,nov,1102,3,-1,0,unknown,1
9491,59,retired,divorced,secondary,no,679,no,no,cellular,30,jul,761,4,-1,0,unknown,1
7350,46,technician,married,secondary,no,940,no,no,cellular,5,aug,1227,2,-1,0,unknown,1
9480,34,self-employed,married,secondary,no,-56,yes,no,unknown,19,may,248,3,-1,0,unknown,0
5522,46,admin.,single,tertiary,no,2889,yes,no,cellular,5,may,494,1,-1,0,unknown,1
6514,40,student,married,secondary,no,260,no,no,cellular,19,nov,52,1,152,6,failure,0
9187,41,services,married,secondary,no,-140,no,yes,unknown,6,jun,190,1,-1,0,unknown,0
8079,31,unemployed,single,tertiary,no,1489,yes,no,cellular,3,feb,678,1,-1,0,unknown,0
1873,31,management,divorced,tertiary,no,1145,yes,no,unknown,26,may,1272,4,-1,0,unknown,1
8260,56,management,married,secondary,no,0,no,no,cellular,27,oct,298,1,111,8,other,1
5021,49,admin.,married,secondary,no,10250,yes,no,telephone,24,oct,97,1,-1,0,unknown,1
2686,64,management,married,tertiary,no,3951,no,no,cellular,29,oct,164,1,-1,0,unknown,1
467,37,blue-collar,married,secondary,no,168,yes,no,cellular,17,apr,266,2,-1,0,unknown,0
659,59,technician,married,primary,no,4198,no,no,cellular,14,jan,309,1,91,10,success,1
1031,25,blue-collar,single,secondary,no,-191,yes,no,unknown,19,jun,958,7,-1,0,unknown,1
6210,31,management,single,tertiary,no,165,no,yes,cellular,8,aug,523,2,-1,0,unknown,1
6332,33,blue-collar,married,secondary,no,3576,yes,no,cellular,2,apr,124,1,308,2,other,0
6510,27,blue-collar,single,secondary,no,181,no,no,unknown,13,may,147,1,-1,0,unknown,0
3150,29,self-employed,married,tertiary,no,2305,no,no,cellular,27,may,82,2,-1,0,unknown,0
4725,33,blue-collar,married,primary,no,331,yes,no,unknown,30,may,139,3,-1,0,unknown,0
3130,74,retired,married,secondary,no,9480,no,no,cellular,21,apr,211,1,-1,0,unknown,1
2846,48,admin.,married,unknown,no,0,yes,no,cellular,8,may,85,1,168,2,failure,0
8504,48,self-employed,married,tertiary,no,7,yes,no,unknown,5,may,286,1,-1,0,unknown,0
3523,30,technician,single,secondary,no,1286,no,no,telephone,28,aug,44,12,-1,0,unknown,0
10927,55,retired,married,secondary,no,0,no,no,cellular,4,aug,1110,1,-1,0,unknown,1
8215,80,retired,married,primary,no,2994,no,no,cellular,6,aug,320,1,-1,0,unknown,0
2423,32,services,married,secondary,no,24,yes,yes,cellular,12,may,185,1,-1,0,unknown,0
10966,66,retired,married,secondary,no,995,no,no,cellular,27,feb,131,2,-1,0,unknown,1
3041,42,admin.,married,secondary,no,947,no,no,cellular,30,jul,158,2,-1,0,unknown,0
2485,45,management,divorced,secondary,no,51,yes,no,cellular,31,jul,67,8,-1,0,unknown,0
1734,41,self-employed,single,tertiary,no,3950,yes,no,unknown,30,may,96,2,-1,0,unknown,0
1554,36,management,single,tertiary,no,579,no,no,unknown,12,apr,481,1,-1,0,unknown,1
6281,32,admin.,married,secondary,no,57,no,yes,cellular,22,jul,50,2,-1,0,unknown,0
5367,55,blue-collar,married,primary,no,781,yes,no,cellular,3,feb,112,3,270,2,failure,0
7008,27,admin.,single,unknown,no,5,yes,no,cellular,17,jul,225,2,-1,0,unknown,0
11014,31,admin.,single,secondary,no,190,no,no,cellular,30,apr,514,1,-1,0,unknown,1
8745,34,blue-collar,married,secondary,no,34,no,no,cellular,30,jan,379,1,-1,0,unknown,0
8459,49,technician,married,secondary,no,2400,no,no,cellular,21,oct,262,3,-1,0,unknown,0
9488,35,blue-collar,married,primary,no,2490,yes,no,cellular,18,may,170,1,180,3,failure,0
7096,34,technician,married,secondary,no,1035,no,no,cellular,25,aug,1374,10,-1,0,unknown,1
10862,29,technician,single,tertiary,no,673,yes,no,cellular,9,feb,835,3,-1,0,unknown,1
1413,44,self-employed,married,secondary,no,706,no,no,unknown,5,nov,204,1,-1,0,unknown,1
9960,42,blue-collar,married,secondary,no,160,yes,yes,unknown,26,jun,190,1,-1,0,unknown,0
8774,50,blue-collar,married,unknown,no,452,no,no,cellular,20,aug,181,2,-1,0,unknown,0
3830,39,technician,single,secondary,no,391,no,yes,cellular,30,jul,962,4,-1,0,unknown,1
3771,47,technician,married,secondary,no,1167,yes,no,cellular,4,aug,505,1,96,6,success,1
5200,65,admin.,married,secondary,no,952,no,no,cellular,2,jun,310,1,-1,0,unknown,1
10284,59,admin.,married,secondary,no,4196,no,no,telephone,31,jul,10,2,-1,0,unknown,0
271,25,student,single,secondary,no,2354,no,no,cellular,5,feb,226,7,-1,0,unknown,1
10600,35,management,married,tertiary,no,82,no,no,cellular,8,aug,507,4,-1,0,unknown,1
4058,45,entrepreneur,married,unknown,no,3133,yes,yes,cellular,10,jul,804,1,-1,0,unknown,1
432,36,management,single,tertiary,no,1373,yes,no,unknown,20,may,144,2,-1,0,unknown,0
9627,75,retired,married,primary,no,358,no,no,cellular,17,feb,364,11,-1,0,unknown,1
4225,40,services,married,secondary,no,664,yes,yes,cellular,18,may,29,5,-1,0,unknown,0
942,47,blue-collar,married,secondary,no,1388,yes,no,cellular,17,apr,119,2,-1,0,unknown,0
3947,28,services,single,secondary,no,341,yes,no,cellular,15,may,437,3,347,3,other,1
112,41,entrepreneur,married,secondary,no,707,no,no,unknown,18,jun,707,1,-1,0,unknown,1
9184,46,entrepreneur,married,secondary,no,3317,no,no,cellular,19,nov,231,2,-1,0,unknown,0
10038,53,housemaid,married,primary,no,1903,no,no,unknown,5,jun,827,1,-1,0,unknown,0
7875,61,blue-collar,married,primary,no,5,no,no,cellular,6,aug,562,2,94,3,success,1
3372,31,management,single,tertiary,no,153,no,no,cellular,9,feb,65,3,-1,0,unknown,0
4563,43,self-employed,married,secondary,no,918,yes,no,unknown,6,may,193,1,-1,0,unknown,0
9904,46,housemaid,married,secondary,no,38,no,no,cellular,25,nov,541,1,-1,0,unknown,1
9453,60,management,divorced,secondary,no,0,no,no,cellular,5,aug,603,3,-1,0,unknown,1
6293,27,blue-collar,single,secondary,no,535,no,no,cellular,13,may,159,1,87,3,success,1
3818,29,technician,single,tertiary,no,1669,no,no,cellular,3,feb,297,1,-1,0,unknown,1
6136,38,entrepreneur,married,secondary,no,61,yes,yes,unknown,28,may,170,5,-1,0,unknown,0
2389,73,retired,married,primary,no,796,no,no,cellular,23,oct,427,1,182,2,failure,1
6587,37,management,married,tertiary,no,636,no,yes,unknown,5,jun,338,2,-1,0,unknown,0
9496,57,blue-collar,single,primary,no,3495,no,yes,cellular,19,nov,362,3,-1,0,unknown,0
6477,47,housemaid,married,secondary,no,582,no,no,cellular,13,aug,73,1,-1,0,unknown,0
3248,30,technician,single,secondary,no,2567,no,no,cellular,18,jun,813,4,-1,0,unknown,1
5045,41,entrepreneur,married,primary,no,406,no,no,unknown,6,jun,272,1,-1,0,unknown,0
3094,57,services,married,primary,no,491,yes,no,cellular,15,apr,1217,3,-1,0,unknown,1
3076,33,management,single,tertiary,no,318,yes,no,cellular,8,apr,1190,1,141,3,other,1
1875,36,technician,married,secondary,no,-179,yes,no,cellular,17,jul,144,1,-1,0,unknown,0
3539,44,management,married,unknown,no,21,no,no,cellular,24,aug,323,2,-1,0,unknown,0
3208,33,technician,married,secondary,no,177,yes,yes,cellular,12,may,22,8,-1,0,unknown,0
1527,42,admin.,single,unknown,no,22,no,no,unknown,19,jun,246,3,-1,0,unknown,0
3042,27,admin.,single,tertiary,no,73,no,no,cellular,29,jan,242,1,-1,0,unknown,0
10149,28,unknown,single,unknown,no,326,no,no,cellular,11,oct,450,1,231,1,success,1
4649,54,unemployed,divorced,secondary,no,1664,no,no,cellular,15,sep,106,1,105,3,success,1
6975,24,blue-collar,single,secondary,no,-398,yes,no,cellular,18,may,14,3,355,4,other,0
2094,37,management,married,tertiary,no,1594,yes,no,cellular,17,apr,110,1,260,5,failure,0
2358,37,services,married,secondary,no,4017,no,no,cellular,30,apr,665,2,196,1,success,1
8530,51,blue-collar,married,primary,no,5050,no,yes,unknown,16,jun,75,7,-1,0,unknown,0
878,44,admin.,single,secondary,no,4492,no,yes,cellular,31,jul,19,13,-1,0,unknown,0
9664,63,retired,married,secondary,no,18016,no,no,cellular,7,jul,371,1,-1,0,unknown,1
3569,47,admin.,married,secondary,no,298,yes,no,cellular,11,may,183,1,-1,0,unknown,0
2375,62,management,divorced,tertiary,no,5943,no,no,telephone,17,feb,196,4,-1,0,unknown,1
7175,35,blue-collar,married,secondary,no,154,yes,no,unknown,23,may,211,4,-1,0,unknown,0
10198,53,admin.,divorced,secondary,no,223,yes,yes,cellular,22,jul,534,1,-1,0,unknown,0
562,53,management,married,tertiary,no,1356,yes,no,cellular,9,nov,371,2,96,4,failure,0
8926,30,management,single,tertiary,no,277,yes,no,cellular,8,may,166,1,42,1,other,0
1345,31,unemployed,single,secondary,no,2616,no,no,cellular,21,may,374,1,185,2,other,1
1003,34,blue-collar,married,secondary,no,2308,yes,no,unknown,7,may,1062,1,-1,0,unknown,0
8211,42,technician,married,secondary,no,534,no,no,cellular,5,aug,314,1,-1,0,unknown,0
5651,33,technician,married,secondary,no,0,no,no,cellular,13,aug,78,2,-1,0,unknown,0
10285,39,management,married,tertiary,no,839,no,yes,cellular,11,oct,365,2,774,11,failure,0
4395,21,student,single,secondary,no,794,no,no,cellular,5,jun,191,1,-1,0,unknown,1
9178,47,blue-collar,married,primary,no,304,yes,no,unknown,12,may,185,1,-1,0,unknown,0
11012,47,technician,married,secondary,no,335,no,no,cellular,4,may,417,1,76,1,success,1
788,32,management,married,tertiary,no,2213,no,no,cellular,29,jan,125,2,154,7,failure,0
7270,34,technician,divorced,tertiary,no,674,yes,no,cellular,7,aug,587,2,-1,0,unknown,1
9995,36,management,married,tertiary,no,1604,yes,no,unknown,11,jun,47,3,-1,0,unknown,0
2216,32,technician,single,tertiary,no,6746,no,no,cellular,11,nov,199,1,-1,0,unknown,1
5087,59,admin.,single,secondary,no,4744,no,no,cellular,4,sep,879,1,-1,0,unknown,1
5738,44,blue-collar,married,secondary,yes,105,yes,no,cellular,20,apr,586,1,-1,0,unknown,1
7608,46,technician,married,unknown,no,3308,no,no,cellular,28,jul,219,2,-1,0,unknown,1
9835,54,services,married,unknown,no,386,no,yes,unknown,20,jun,838,1,-1,0,unknown,1
1181,44,admin.,married,tertiary,no,348,yes,yes,cellular,16,feb,170,2,-1,0,unknown,1
8543,60,admin.,married,primary,no,-444,no,yes,cellular,16,jul,227,1,-1,0,unknown,0
7460,33,technician,single,secondary,no,2979,no,no,cellular,5,aug,326,2,437,1,failure,1
5088,43,admin.,married,secondary,no,2,yes,yes,cellular,22,jul,254,1,-1,0,unknown,0
4656,55,housemaid,married,primary,no,2152,no,no,unknown,19,jun,922,2,-1,0,unknown,1
2270,54,technician,married,secondary,no,10185,no,no,cellular,10,aug,559,1,70,2,other,1
1188,29,services,married,secondary,no,376,no,yes,telephone,28,jan,49,3,183,4,failure,0
10270,58,retired,married,secondary,no,5435,yes,no,unknown,6,may,118,1,-1,0,unknown,0
3922,62,management,married,tertiary,no,2785,no,no,cellular,6,jul,270,3,-1,0,unknown,1
3988,46,management,married,tertiary,no,273,yes,no,cellular,18,mar,910,2,184,4,success,1
9093,32,technician,married,unknown,no,102,yes,no,unknown,21,may,12,11,-1,0,unknown,0
7314,29,management,married,tertiary,no,0,yes,no,cellular,6,may,667,2,-1,0,unknown,1
6067,43,technician,divorced,secondary,no,6835,no,no,cellular,19,nov,187,1,152,2,failure,0
9214,35,technician,divorced,secondary,no,84,yes,yes,cellular,6,may,954,1,-1,0,unknown,1
10837,52,blue-collar,married,primary,no,66653,no,no,cellular,14,aug,109,3,-1,0,unknown,0
5558,24,management,single,tertiary,no,1030,no,no,cellular,4,mar,396,2,-1,0,unknown,1
7158,32,blue-collar,married,secondary,no,1,yes,no,cellular,18,nov,77,3,-1,0,unknown,0
2060,35,admin.,married,secondary,no,-203,yes,no,cellular,11,jul,1649,2,-1,0,unknown,1
7751,68,retired,married,tertiary,no,2820,no,no,cellular,5,mar,158,1,92,3,success,0
7378,48,blue-collar,married,primary,no,237,yes,no,unknown,19,jun,18,18,-1,0,unknown,0
4159,55,management,divorced,tertiary,no,2037,no,no,cellular,4,feb,305,2,94,3,success,1
1833,43,unknown,married,primary,no,2113,no,no,cellular,29,jul,33,2,-1,0,unknown,0
4056,48,technician,married,secondary,no,10655,no,no,telephone,31,jul,5,3,-1,0,unknown,0
10407,27,management,single,tertiary,no,1137,yes,no,cellular,8,may,26,1,-1,0,unknown,0
4639,35,management,single,tertiary,no,80,no,no,cellular,4,sep,434,2,94,1,other,1
2416,40,blue-collar,married,primary,no,665,yes,no,cellular,9,jul,781,1,-1,0,unknown,1
5556,19,student,single,unknown,no,60,no,no,cellular,14,aug,253,1,-1,0,unknown,0
7870,42,technician,married,tertiary,no,921,no,no,cellular,5,aug,531,3,-1,0,unknown,1
1363,46,admin.,divorced,secondary,no,1342,yes,no,cellular,4,feb,135,1,-1,0,unknown,0
10667,61,self-employed,married,tertiary,no,10861,no,no,cellular,25,oct,225,1,91,5,success,1
5881,38,admin.,married,tertiary,no,4297,no,no,cellular,7,aug,206,2,-1,0,unknown,1
3728,60,management,married,tertiary,no,553,yes,no,cellular,2,feb,343,1,210,3,success,0
2212,39,technician,divorced,secondary,no,1270,yes,no,unknown,29,may,245,4,-1,0,unknown,0
5009,52,blue-collar,married,secondary,no,5828,yes,no,telephone,13,may,276,2,-1,0,unknown,0
434,35,management,married,tertiary,no,802,yes,no,cellular,6,may,686,2,-1,0,unknown,1
9443,54,retired,married,primary,no,136,yes,no,cellular,3,apr,352,1,332,2,failure,0
5302,30,admin.,divorced,secondary,no,10,yes,no,cellular,18,jul,658,2,-1,0,unknown,1
8223,44,management,married,tertiary,no,3665,no,no,cellular,17,mar,325,1,-1,0,unknown,0
2620,53,blue-collar,married,secondary,no,5700,yes,no,unknown,14,may,97,1,-1,0,unknown,0
4371,27,services,married,secondary,no,54,yes,no,cellular,18,may,97,1,370,1,failure,0
1014,34,management,single,tertiary,no,682,no,no,cellular,27,aug,472,3,-1,0,unknown,0
2372,33,management,married,tertiary,no,334,no,no,cellular,25,nov,87,1,-1,0,unknown,0
5780,33,blue-collar,married,secondary,no,0,yes,no,unknown,21,may,521,3,-1,0,unknown,1
9333,44,self-employed,married,primary,no,0,no,no,cellular,20,nov,843,3,-1,0,unknown,0
11157,47,management,married,tertiary,no,761,yes,no,cellular,11,jul,80,2,-1,0,unknown,0
4634,36,services,married,unknown,no,618,no,no,cellular,13,jul,360,1,335,2,success,1
4502,49,services,married,secondary,no,823,no,no,cellular,8,aug,780,4,-1,0,unknown,1
8788,24,admin.,single,secondary,no,172,no,no,cellular,3,feb,114,1,-1,0,unknown,0
2966,34,blue-collar,divorced,secondary,no,-131,yes,no,cellular,7,may,132,1,356,1,failure,0
2633,74,retired,married,primary,no,670,no,no,cellular,23,apr,266,5,-1,0,unknown,1
9982,33,management,married,tertiary,no,0,no,no,cellular,29,aug,60,2,-1,0,unknown,0
6921,38,entrepreneur,married,secondary,no,2139,yes,no,unknown,9,may,576,1,-1,0,unknown,0
6102,40,management,single,tertiary,no,171,no,no,cellular,19,aug,1241,3,-1,0,unknown,0
2912,49,management,married,tertiary,no,276,no,no,cellular,27,aug,62,5,-1,0,unknown,0
1399,35,technician,divorced,secondary,no,515,yes,yes,cellular,29,aug,114,3,-1,0,unknown,0
2013,51,management,married,tertiary,no,469,no,no,cellular,14,oct,491,1,182,3,success,1
9979,39,technician,single,secondary,no,201,no,yes,unknown,6,jun,148,4,-1,0,unknown,0
3658,26,blue-collar,single,secondary,no,592,yes,yes,unknown,27,may,174,1,-1,0,unknown,0
1388,80,retired,married,primary,no,155,no,no,telephone,12,mar,290,1,93,2,success,1
6064,51,blue-collar,married,primary,no,3754,no,yes,cellular,13,aug,202,3,-1,0,unknown,0
2309,36,management,married,tertiary,no,254,no,no,cellular,3,feb,303,2,-1,0,unknown,1
1727,36,blue-collar,married,secondary,no,249,yes,no,cellular,15,may,709,5,-1,0,unknown,1
5435,49,management,divorced,tertiary,no,755,no,no,cellular,31,jul,1212,4,-1,0,unknown,1
1085,31,management,single,tertiary,no,4331,yes,no,cellular,22,jul,318,1,-1,0,unknown,0
10479,43,unemployed,married,tertiary,no,0,no,no,cellular,16,jul,745,1,281,1,failure,1
4330,40,blue-collar,married,primary,no,57,yes,no,cellular,31,jul,1007,9,-1,0,unknown,1
2991,40,student,single,secondary,no,595,yes,no,cellular,3,jun,406,2,-1,0,unknown,1
2278,59,management,divorced,tertiary,no,59,yes,no,unknown,5,may,273,1,-1,0,unknown,0
10611,37,management,single,tertiary,no,1730,no,no,cellular,19,mar,167,1,-1,0,unknown,1
8907,71,retired,married,primary,no,2600,no,no,cellular,7,aug,212,1,-1,0,unknown,1
949,26,blue-collar,single,primary,no,16,no,yes,cellular,8,jul,249,2,-1,0,unknown,0
756,47,technician,divorced,secondary,no,191,no,no,cellular,19,aug,228,5,-1,0,unknown,0
8183,35,admin.,married,secondary,no,0,yes,no,cellular,20,apr,18,5,-1,0,unknown,0
9963,30,admin.,single,tertiary,no,0,yes,no,cellular,4,feb,730,2,-1,0,unknown,1
6461,26,unemployed,single,secondary,no,632,no,no,cellular,12,aug,312,3,181,1,success,1
6892,35,management,single,tertiary,no,688,no,no,cellular,2,feb,504,1,-1,0,unknown,0
6345,28,admin.,single,secondary,no,157,no,no,cellular,27,may,155,3,-1,0,unknown,1
8823,26,self-employed,single,tertiary,no,168,no,no,cellular,30,apr,394,1,-1,0,unknown,1
10759,40,technician,divorced,secondary,no,275,no,no,cellular,13,aug,409,4,-1,0,unknown,0
8711,49,housemaid,married,primary,no,78,no,no,telephone,10,jul,139,1,-1,0,unknown,0
6696,47,management,married,tertiary,no,682,no,no,cellular,18,aug,638,6,-1,0,unknown,1
8131,34,technician,single,tertiary,no,2047,yes,no,cellular,28,jul,57,5,-1,0,unknown,0
6748,33,admin.,married,secondary,no,0,no,yes,cellular,6,feb,214,5,-1,0,unknown,0
5245,25,blue-collar,single,secondary,no,1243,no,yes,cellular,10,jul,1341,7,-1,0,unknown,1
3608,32,unemployed,married,secondary,no,262,no,no,cellular,29,jan,203,1,-1,0,unknown,0
8874,55,entrepreneur,divorced,secondary,no,538,yes,no,cellular,7,aug,353,2,-1,0,unknown,1
7532,35,admin.,single,secondary,no,507,yes,no,cellular,22,jul,560,2,-1,0,unknown,1
7288,74,retired,divorced,primary,no,29080,no,no,cellular,30,jun,301,5,93,4,other,1
1221,79,retired,married,primary,no,8556,no,no,telephone,18,jan,326,2,272,2,success,1
1110,52,management,married,secondary,no,5193,no,no,cellular,23,apr,477,2,-1,0,unknown,0
9433,24,technician,married,secondary,no,556,yes,no,cellular,8,feb,278,1,94,4,success,1
445,49,technician,divorced,tertiary,no,596,yes,no,telephone,15,sep,722,1,-1,0,unknown,1
2956,41,admin.,married,primary,no,-306,yes,no,unknown,15,may,500,1,-1,0,unknown,1
5967,45,management,married,tertiary,no,506,no,no,cellular,23,apr,229,2,-1,0,unknown,1
3791,32,technician,single,tertiary,no,-770,yes,no,cellular,18,may,618,1,-1,0,unknown,1
6122,55,retired,married,secondary,no,493,yes,no,unknown,13,may,647,7,-1,0,unknown,0
718,40,blue-collar,married,secondary,no,750,yes,yes,cellular,16,apr,340,1,281,1,failure,0
9596,36,management,married,tertiary,no,-547,yes,no,cellular,30,apr,267,1,259,2,failure,0
9234,39,services,married,secondary,no,93,yes,no,cellular,11,may,72,4,-1,0,unknown,0
8388,51,management,married,tertiary,no,346,no,no,cellular,11,aug,237,1,180,6,success,1
2127,34,admin.,single,secondary,no,557,no,no,cellular,17,nov,224,1,-1,0,unknown,1
10363,55,admin.,married,secondary,no,8304,no,no,cellular,1,jun,201,1,-1,0,unknown,1
4019,21,blue-collar,single,secondary,no,2265,no,no,cellular,27,may,156,4,99,2,success,0
940,45,services,married,unknown,no,8319,no,no,cellular,15,jun,75,2,-1,0,unknown,0
9794,27,technician,married,secondary,no,876,yes,no,cellular,18,may,268,1,355,1,failure,0
2422,57,blue-collar,married,primary,no,8403,no,no,unknown,20,jun,11,11,-1,0,unknown,0
452,57,management,married,tertiary,no,5,yes,no,cellular,8,jul,96,1,-1,0,unknown,0
687,31,blue-collar,married,secondary,no,64,yes,no,cellular,18,jul,302,3,-1,0,unknown,0
8226,37,management,single,tertiary,no,62,yes,no,cellular,2,aug,428,2,272,8,success,1
9905,53,management,married,tertiary,no,7067,no,no,unknown,6,jun,82,3,-1,0,unknown,0
1361,32,management,married,tertiary,no,169,no,no,telephone,14,aug,698,2,-1,0,unknown,1
1335,34,entrepreneur,married,secondary,no,223,no,yes,cellular,11,aug,103,6,-1,0,unknown,0
5485,39,management,married,secondary,no,517,yes,no,cellular,18,nov,387,3,196,2,failure,0
7493,48,blue-collar,divorced,primary,no,183,no,no,unknown,9,jun,940,1,-1,0,unknown,1
9321,33,admin.,married,secondary,no,920,no,no,cellular,13,aug,111,1,105,1,success,0
7198,26,management,single,tertiary,no,3704,no,no,cellular,19,aug,238,4,-1,0,unknown,1
2400,34,blue-collar,married,secondary,no,-58,yes,yes,unknown,28,may,157,2,-1,0,unknown,0
6224,41,management,married,tertiary,no,326,yes,no,cellular,5,may,788,1,-1,0,unknown,1
3223,33,blue-collar,married,secondary,no,842,no,no,cellular,29,aug,111,4,-1,0,unknown,0
5505,44,technician,married,secondary,no,945,yes,no,cellular,4,aug,190,1,-1,0,unknown,0
7330,35,management,single,tertiary,no,62,yes,no,cellular,5,may,214,4,15,3,success,0
6438,41,admin.,single,secondary,no,985,yes,no,cellular,30,jun,274,2,391,11,success,1
1466,61,self-employed,divorced,tertiary,no,6,yes,no,cellular,13,oct,210,1,182,2,success,1
2118,60,management,married,secondary,no,544,no,no,cellular,12,jun,95,7,357,2,failure,1
10032,38,technician,single,secondary,no,1711,no,no,cellular,20,apr,379,3,202,1,success,1
11133,35,blue-collar,married,secondary,no,205,yes,yes,cellular,15,may,1313,7,312,1,failure,1
8892,44,management,single,tertiary,no,709,yes,no,cellular,19,nov,54,1,-1,0,unknown,0
634,53,management,married,tertiary,no,1945,no,no,telephone,7,aug,262,7,-1,0,unknown,0
3497,35,blue-collar,divorced,primary,no,300,yes,no,unknown,13,may,945,2,-1,0,unknown,1
10548,32,management,single,tertiary,no,974,yes,no,unknown,3,jun,228,1,-1,0,unknown,0
6074,51,housemaid,married,unknown,no,174,no,no,telephone,29,jul,308,3,-1,0,unknown,0
3272,45,management,married,tertiary,no,1309,no,no,cellular,2,jul,367,1,-1,0,unknown,1
6601,38,entrepreneur,married,tertiary,no,4,yes,no,cellular,16,jul,158,1,-1,0,unknown,0
8449,35,services,single,tertiary,no,0,no,no,cellular,3,jul,704,1,-1,0,unknown,1
2028,36,housemaid,married,primary,no,4324,yes,no,cellular,14,jul,565,4,-1,0,unknown,0
10928,29,technician,single,secondary,no,307,yes,no,cellular,3,feb,216,1,-1,0,unknown,0
1894,50,blue-collar,married,primary,no,565,yes,yes,cellular,28,aug,36,3,-1,0,unknown,0
7646,64,entrepreneur,married,tertiary,no,2331,no,no,telephone,9,nov,201,1,-1,0,unknown,1
18,56,admin.,married,secondary,no,5310,no,no,unknown,19,jun,74,1,-1,0,unknown,0
9649,25,technician,single,secondary,no,102,no,yes,cellular,8,jul,574,2,-1,0,unknown,1
9839,46,admin.,married,secondary,no,3098,yes,no,telephone,21,nov,192,9,-1,0,unknown,0
33,39,entrepreneur,married,secondary,no,11887,no,no,cellular,18,nov,1181,2,-1,0,unknown,1
1970,43,management,married,secondary,no,107,yes,yes,telephone,28,oct,135,1,-1,0,unknown,1
4102,30,admin.,single,secondary,no,223,yes,no,unknown,6,jun,862,11,-1,0,unknown,1
9342,58,services,married,primary,no,65,no,no,unknown,27,jun,162,1,-1,0,unknown,0
9039,30,blue-collar,married,secondary,no,1131,yes,yes,cellular,18,nov,189,1,144,5,failure,0
8204,22,services,single,secondary,no,129,no,no,cellular,16,oct,258,1,-1,0,unknown,1
1995,40,management,married,tertiary,no,9366,no,no,cellular,11,nov,69,3,-1,0,unknown,1
8000,38,blue-collar,married,secondary,no,35,yes,no,unknown,28,may,130,2,-1,0,unknown,0
9445,27,blue-collar,single,secondary,yes,-27,no,no,unknown,23,jun,498,2,-1,0,unknown,1
6874,35,technician,single,secondary,no,2144,yes,no,unknown,13,may,188,2,-1,0,unknown,0
5671,56,services,married,secondary,no,530,yes,no,unknown,20,may,51,7,-1,0,unknown,0
9788,33,blue-collar,married,secondary,no,1464,yes,no,unknown,23,may,588,3,-1,0,unknown,1
10348,32,technician,married,tertiary,no,3850,yes,no,cellular,20,apr,63,4,-1,0,unknown,0
5577,59,retired,married,secondary,no,1887,no,no,cellular,28,aug,88,8,-1,0,unknown,0
11125,47,admin.,married,secondary,no,663,yes,yes,cellular,12,may,409,1,274,6,other,1
7828,43,services,married,secondary,no,2478,yes,no,cellular,28,jan,347,1,230,1,failure,0
3628,47,management,divorced,tertiary,no,107,no,no,unknown,15,may,246,1,-1,0,unknown,0
6155,45,blue-collar,married,secondary,no,10252,no,no,cellular,4,may,675,2,-1,0,unknown,1
8231,31,admin.,single,secondary,no,-422,yes,no,cellular,18,may,64,2,329,15,other,0
8422,37,admin.,single,tertiary,no,1000,yes,no,cellular,17,mar,195,1,-1,0,unknown,1
6774,57,management,married,tertiary,no,10583,no,no,cellular,22,jun,295,3,-1,0,unknown,1
5357,49,services,married,secondary,no,653,no,no,cellular,11,aug,317,2,-1,0,unknown,0
4078,31,management,single,tertiary,no,37,no,no,cellular,8,aug,669,2,-1,0,unknown,1
10705,34,services,married,secondary,no,1337,no,no,cellular,30,apr,442,1,-1,0,unknown,1
525,40,admin.,divorced,secondary,no,274,yes,yes,cellular,25,jul,53,4,-1,0,unknown,0
603,42,admin.,single,secondary,no,684,no,no,cellular,4,jun,207,1,-1,0,unknown,1
10020,46,management,married,tertiary,no,1600,yes,yes,cellular,11,aug,1244,1,-1,0,unknown,1
1341,30,technician,married,secondary,no,394,no,no,cellular,22,aug,216,13,-1,0,unknown,0
2821,29,admin.,single,secondary,no,27,yes,no,cellular,6,may,754,1,-1,0,unknown,1
542,77,retired,divorced,tertiary,no,4659,no,no,cellular,14,apr,161,1,-1,0,unknown,1
3806,46,management,divorced,secondary,no,0,no,no,cellular,27,aug,763,5,-1,0,unknown,1
10970,41,technician,single,tertiary,no,431,no,no,cellular,23,jul,196,1,88,5,failure,1
4421,44,blue-collar,married,unknown,no,15578,yes,no,unknown,29,may,401,1,-1,0,unknown,0
8462,31,technician,single,secondary,no,109,yes,no,unknown,21,may,419,1,-1,0,unknown,0
5549,45,admin.,married,secondary,no,205,no,no,cellular,4,may,552,1,90,2,success,1
8200,42,technician,married,secondary,no,1013,no,yes,cellular,28,aug,117,8,-1,0,unknown,0
9080,63,self-employed,married,tertiary,no,661,no,no,cellular,2,mar,56,2,-1,0,unknown,0
10214,29,self-employed,single,tertiary,no,3290,no,no,cellular,23,mar,136,1,291,2,success,1
6350,37,retired,married,secondary,no,71,no,yes,cellular,8,may,254,1,-1,0,unknown,0
362,34,technician,single,secondary,no,1279,yes,no,cellular,22,jul,174,2,160,8,other,1
558,34,services,single,secondary,no,267,no,no,cellular,8,jul,449,2,-1,0,unknown,1
10064,53,admin.,divorced,secondary,no,-372,yes,no,unknown,26,may,104,1,-1,0,unknown,0
7265,39,management,married,tertiary,no,0,yes,no,unknown,2,jun,46,2,-1,0,unknown,0
6642,25,technician,married,tertiary,no,2551,no,no,cellular,28,dec,400,3,-1,0,unknown,1
8925,26,admin.,single,tertiary,no,313,no,yes,cellular,2,jun,199,1,96,2,success,1
2258,39,blue-collar,married,secondary,no,785,yes,no,cellular,11,may,1232,2,-1,0,unknown,1
7654,32,management,single,tertiary,no,20,no,no,cellular,14,aug,1151,2,-1,0,unknown,1
2623,29,blue-collar,single,secondary,no,260,yes,no,unknown,2,jun,707,14,-1,0,unknown,1
6257,65,retired,married,primary,no,308,no,no,cellular,1,sep,400,1,-1,0,unknown,1
10907,52,management,married,tertiary,no,6,no,no,telephone,19,oct,57,1,-1,0,unknown,0
2951,32,blue-collar,married,primary,no,415,yes,no,unknown,2,jun,777,4,-1,0,unknown,1
1634,33,management,single,tertiary,no,4128,yes,no,unknown,12,may,456,6,-1,0,unknown,0
9158,31,services,single,secondary,no,-45,no,no,unknown,7,may,246,2,-1,0,unknown,0
5430,37,management,married,tertiary,no,620,yes,no,cellular,17,nov,93,3,-1,0,unknown,0
3323,41,blue-collar,divorced,secondary,no,5291,yes,no,unknown,14,may,1423,3,-1,0,unknown,1
10288,46,management,divorced,tertiary,no,0,no,yes,cellular,29,aug,38,6,-1,0,unknown,0
989,59,unemployed,single,secondary,no,865,no,no,cellular,4,feb,1086,1,-1,0,unknown,0
19,37,admin.,married,secondary,no,1049,no,no,cellular,31,jul,126,5,-1,0,unknown,0
5574,32,admin.,single,secondary,no,471,no,yes,cellular,2,apr,243,3,-1,0,unknown,1
10774,46,admin.,married,secondary,no,171,yes,yes,cellular,11,oct,251,1,430,1,failure,0
8046,31,unemployed,married,secondary,no,314,yes,no,cellular,20,nov,1341,3,178,7,failure,1
4490,46,services,divorced,secondary,no,281,yes,yes,cellular,6,may,267,1,-1,0,unknown,0
3859,41,blue-collar,married,secondary,no,196,yes,no,unknown,13,may,488,1,-1,0,unknown,0
9884,48,technician,divorced,tertiary,no,2328,no,no,cellular,27,aug,129,7,-1,0,unknown,0
8110,30,management,single,tertiary,no,1636,no,no,unknown,6,jun,301,2,-1,0,unknown,0
1312,42,blue-collar,married,primary,no,201,yes,no,cellular,30,apr,841,1,85,2,failure,1
1959,76,management,married,unknown,no,1780,yes,no,telephone,23,apr,413,3,-1,0,unknown,1
3552,30,technician,single,secondary,no,2734,no,no,cellular,21,nov,459,3,-1,0,unknown,1
2274,51,entrepreneur,married,primary,no,805,yes,no,cellular,8,aug,132,4,-1,0,unknown,0
10788,31,services,single,secondary,no,6374,yes,no,unknown,23,may,922,2,-1,0,unknown,0
1998,40,unemployed,married,secondary,no,219,yes,no,unknown,5,may,357,1,-1,0,unknown,0
2762,42,admin.,divorced,secondary,no,936,no,no,cellular,30,jan,931,1,-1,0,unknown,1
10001,31,self-employed,single,tertiary,no,1657,yes,yes,cellular,28,jan,872,1,-1,0,unknown,1
8998,34,services,married,secondary,no,1076,no,no,cellular,12,may,152,1,182,6,success,1
7755,34,technician,married,tertiary,no,5547,yes,no,cellular,19,aug,73,6,-1,0,unknown,0
8920,27,blue-collar,married,secondary,no,-59,no,yes,cellular,8,jul,154,3,-1,0,unknown,0
7763,27,services,single,secondary,no,195,yes,no,cellular,25,feb,416,3,-1,0,unknown,1
2075,45,admin.,single,secondary,no,375,no,yes,unknown,22,sep,10,1,594,6,failure,0
2213,51,services,divorced,secondary,no,242,no,yes,cellular,14,jul,1336,4,-1,0,unknown,1
7604,33,services,married,secondary,no,881,yes,no,unknown,21,may,67,5,-1,0,unknown,0
10196,34,services,single,secondary,no,2,yes,no,cellular,15,may,153,2,-1,0,unknown,1
2564,52,entrepreneur,single,tertiary,no,3469,yes,no,cellular,20,nov,653,1,-1,0,unknown,1
2868,28,technician,single,secondary,no,1363,no,no,cellular,27,feb,79,1,-1,0,unknown,1
6095,41,services,married,unknown,no,88,yes,no,cellular,11,may,105,1,336,2,failure,0
10771,52,management,married,tertiary,no,499,no,no,cellular,6,aug,115,4,-1,0,unknown,0
9180,23,technician,single,secondary,no,-782,yes,yes,unknown,19,jun,197,10,-1,0,unknown,0
8962,26,blue-collar,married,secondary,no,246,yes,no,unknown,16,may,1143,3,-1,0,unknown,1
4689,27,student,single,tertiary,no,0,no,no,cellular,5,mar,82,3,-1,0,unknown,1
9572,45,services,married,secondary,no,27,yes,yes,cellular,31,jul,43,2,-1,0,unknown,0
1213,45,admin.,divorced,secondary,no,2353,yes,no,cellular,5,mar,182,1,107,2,other,1
6383,39,technician,single,secondary,no,18508,no,no,cellular,20,nov,1598,4,-1,0,unknown,1
2202,46,blue-collar,married,primary,no,7934,yes,no,unknown,19,may,123,1,-1,0,unknown,0
3297,36,management,married,tertiary,no,539,no,no,cellular,11,aug,176,1,-1,0,unknown,0
1729,46,admin.,divorced,secondary,no,2087,no,no,cellular,1,jun,111,1,119,4,other,0
10801,24,management,single,tertiary,no,393,no,no,cellular,27,sep,1298,1,-1,0,unknown,1
9176,36,admin.,married,secondary,no,96,no,no,cellular,2,feb,302,1,-1,0,unknown,1
6890,40,management,single,tertiary,no,402,yes,no,unknown,30,may,243,3,-1,0,unknown,0
7327,50,blue-collar,married,primary,no,533,no,no,cellular,21,aug,212,4,-1,0,unknown,0
3797,45,blue-collar,married,primary,no,700,yes,no,telephone,13,may,29,4,-1,0,unknown,0
8002,31,admin.,single,tertiary,no,-218,yes,no,unknown,2,jun,227,15,-1,0,unknown,0
9365,57,management,married,tertiary,no,372,no,no,cellular,21,nov,553,3,-1,0,unknown,1
6342,53,retired,married,primary,no,0,no,yes,unknown,27,jun,747,1,-1,0,unknown,0
6029,36,technician,divorced,secondary,no,3296,yes,no,cellular,17,nov,130,1,-1,0,unknown,0
10419,64,management,married,tertiary,no,3951,no,no,cellular,28,jan,134,1,91,1,success,1
10120,34,blue-collar,married,secondary,no,577,no,no,unknown,14,may,337,1,-1,0,unknown,0
1100,35,technician,single,secondary,no,4645,yes,no,cellular,11,jan,502,3,270,40,other,0
8133,59,management,married,unknown,no,3534,no,no,cellular,21,nov,216,4,-1,0,unknown,0
1208,25,admin.,married,secondary,no,894,yes,no,unknown,28,may,328,1,-1,0,unknown,0
2615,46,admin.,married,secondary,no,974,no,no,cellular,17,mar,178,1,-1,0,unknown,1
3449,38,blue-collar,married,unknown,no,0,yes,no,cellular,2,apr,477,2,267,1,failure,0
9138,45,management,divorced,tertiary,no,6269,yes,no,cellular,29,jul,20,2,-1,0,unknown,0
7182,30,blue-collar,married,secondary,no,2850,no,no,unknown,8,may,181,2,-1,0,unknown,0
2250,49,blue-collar,married,secondary,no,388,no,no,telephone,17,jul,265,2,-1,0,unknown,0
8946,38,unemployed,divorced,secondary,no,189,yes,yes,cellular,21,jul,105,2,-1,0,unknown,0
2320,29,services,married,secondary,no,3748,no,no,cellular,28,may,322,3,-1,0,unknown,0
4479,55,technician,married,secondary,no,0,yes,yes,cellular,2,mar,116,1,-1,0,unknown,1
831,28,blue-collar,single,primary,no,426,yes,no,cellular,18,may,953,3,-1,0,unknown,0
1751,69,retired,divorced,tertiary,no,247,no,no,cellular,22,apr,138,2,-1,0,unknown,1
6335,30,management,married,tertiary,no,10884,no,no,cellular,4,may,333,2,-1,0,unknown,1
11049,57,management,married,tertiary,no,337,no,no,cellular,5,feb,59,2,-1,0,unknown,0
9323,30,management,single,tertiary,no,617,no,no,cellular,27,feb,192,2,-1,0,unknown,1
4323,32,technician,divorced,tertiary,no,3255,no,no,cellular,29,jun,167,2,-1,0,unknown,1
8841,30,services,single,secondary,no,101,yes,no,cellular,19,nov,85,2,-1,0,unknown,0
2348,36,admin.,single,tertiary,no,994,no,no,cellular,6,may,211,1,90,6,success,1
752,38,technician,married,secondary,no,497,no,no,unknown,14,apr,173,1,-1,0,unknown,1
9892,28,student,single,secondary,no,67,no,no,cellular,20,aug,329,3,199,2,other,1
7986,52,unemployed,married,secondary,no,1639,no,no,cellular,8,aug,93,1,-1,0,unknown,0
6710,46,blue-collar,married,secondary,no,1144,yes,no,cellular,8,feb,376,2,129,3,other,1
10671,32,technician,married,secondary,no,11431,no,no,cellular,12,aug,141,5,-1,0,unknown,0
3591,55,unknown,married,secondary,no,1157,no,no,cellular,12,jul,289,1,412,2,failure,0
6942,47,services,divorced,tertiary,no,1639,no,no,cellular,12,jan,349,1,-1,0,unknown,1
9765,54,unknown,married,secondary,no,2206,no,no,cellular,13,may,260,1,91,4,success,1
8580,42,unemployed,divorced,secondary,no,325,yes,no,unknown,28,may,97,4,-1,0,unknown,0
170,28,technician,single,tertiary,no,0,yes,no,cellular,15,apr,217,2,-1,0,unknown,0
4974,44,blue-collar,married,secondary,no,2885,yes,no,unknown,30,may,63,3,-1,0,unknown,0
10267,30,entrepreneur,married,secondary,no,2551,yes,no,unknown,5,jun,142,2,-1,0,unknown,0
10787,29,self-employed,married,secondary,no,123,no,yes,cellular,22,oct,247,1,184,3,success,1
3731,27,services,single,secondary,no,266,no,yes,cellular,7,jul,232,1,-1,0,unknown,0
6522,28,management,single,tertiary,no,150,yes,no,unknown,8,may,491,1,-1,0,unknown,0
9512,42,blue-collar,single,primary,no,92,no,no,cellular,30,jul,86,2,-1,0,unknown,0
8912,25,student,single,secondary,no,125,no,no,cellular,9,feb,215,1,92,2,success,1
5260,26,technician,single,secondary,no,237,yes,no,cellular,4,may,1091,3,-1,0,unknown,1
7664,47,management,married,unknown,no,1128,no,no,cellular,28,jan,65,2,-1,0,unknown,0
10905,29,student,single,secondary,no,1925,no,no,cellular,21,oct,150,3,149,5,success,1
641,34,technician,single,secondary,no,194,yes,yes,cellular,15,may,1015,1,-1,0,unknown,1
5930,71,retired,divorced,primary,no,1729,no,no,cellular,17,nov,456,2,-1,0,unknown,1
5771,42,blue-collar,married,primary,no,7735,yes,no,cellular,13,apr,166,1,144,2,failure,0
10700,35,management,married,tertiary,no,495,no,no,cellular,30,apr,266,1,87,1,failure,1
8167,48,entrepreneur,married,secondary,no,183,yes,no,unknown,3,jun,203,9,-1,0,unknown,0
4833,56,technician,married,tertiary,no,1062,no,no,unknown,20,jun,37,2,-1,0,unknown,0
4314,40,entrepreneur,married,tertiary,yes,0,no,no,unknown,19,jun,952,4,-1,0,unknown,1
9705,34,management,married,tertiary,no,557,yes,no,cellular,16,jul,513,1,-1,0,unknown,0
4343,41,services,married,secondary,no,471,yes,no,cellular,13,may,954,2,293,4,success,1
6116,58,management,married,secondary,no,407,yes,no,cellular,29,jul,145,2,-1,0,unknown,0
7437,52,admin.,married,secondary,no,1648,yes,no,cellular,19,nov,172,3,-1,0,unknown,0
10445,75,retired,married,secondary,no,291,no,no,cellular,12,aug,350,1,182,2,success,1
9962,50,unknown,married,unknown,no,558,no,no,cellular,9,jul,464,1,683,6,failure,1
4862,29,services,married,secondary,no,191,yes,no,cellular,17,apr,87,1,-1,0,unknown,0
10336,32,management,married,tertiary,no,128,yes,no,cellular,28,jul,320,3,-1,0,unknown,0
8730,57,retired,married,tertiary,no,11254,no,no,cellular,30,jul,229,2,-1,0,unknown,0
8081,54,retired,divorced,primary,no,22,no,no,unknown,20,jun,23,4,-1,0,unknown,0
10484,68,retired,divorced,secondary,no,4189,no,no,telephone,14,jul,897,2,-1,0,unknown,1
4879,33,management,married,tertiary,no,2599,no,no,cellular,30,apr,1373,2,-1,0,unknown,1
6561,46,management,single,tertiary,no,2278,no,no,cellular,12,aug,218,5,-1,0,unknown,0
10371,47,technician,married,secondary,no,293,no,no,cellular,1,jun,251,1,90,1,success,1
3120,36,services,married,secondary,no,335,yes,no,unknown,9,may,339,2,-1,0,unknown,0
2585,58,management,married,tertiary,no,2183,yes,no,cellular,22,jul,209,1,-1,0,unknown,0
68,25,admin.,single,secondary,no,82,no,yes,cellular,7,apr,104,2,-1,0,unknown,1
9729,39,management,single,secondary,no,2644,no,no,cellular,19,aug,192,7,-1,0,unknown,0
1695,54,technician,married,tertiary,no,6507,no,no,cellular,26,may,145,1,-1,0,unknown,0
2102,45,technician,married,secondary,no,-312,yes,no,cellular,16,jul,268,1,-1,0,unknown,0
7966,42,unemployed,married,unknown,no,970,yes,no,telephone,21,jul,691,10,-1,0,unknown,1
9667,50,management,married,tertiary,no,67,no,yes,unknown,20,jun,156,3,-1,0,unknown,0
4949,51,blue-collar,married,unknown,no,0,no,no,unknown,2,jun,61,7,-1,0,unknown,0
5250,36,self-employed,single,tertiary,no,4844,no,no,unknown,9,jun,1137,3,-1,0,unknown,1
5666,39,management,married,tertiary,no,1425,yes,no,cellular,12,may,775,3,-1,0,unknown,1
3454,44,technician,married,secondary,no,135,yes,no,cellular,8,may,262,3,-1,0,unknown,0
9571,44,entrepreneur,married,tertiary,no,624,no,no,telephone,14,aug,552,2,-1,0,unknown,1
7356,34,admin.,divorced,secondary,no,-251,no,no,cellular,18,jul,641,1,-1,0,unknown,1
7912,32,management,married,tertiary,no,1636,yes,no,cellular,18,nov,124,1,-1,0,unknown,0
10460,28,services,single,secondary,no,5090,yes,no,unknown,6,may,1297,3,-1,0,unknown,1
2677,46,services,married,secondary,no,273,no,no,cellular,22,aug,565,2,-1,0,unknown,1
3079,34,entrepreneur,single,tertiary,no,2945,yes,no,cellular,17,apr,266,1,-1,0,unknown,0
8586,36,technician,married,tertiary,no,1327,no,no,cellular,29,oct,174,2,-1,0,unknown,0
1754,49,blue-collar,divorced,secondary,no,23,no,no,cellular,17,nov,221,2,-1,0,unknown,0
6811,47,management,single,tertiary,no,-230,no,no,cellular,4,feb,293,1,-1,0,unknown,0
9911,48,blue-collar,married,primary,no,1080,yes,no,cellular,11,may,197,2,-1,0,unknown,0
776,36,blue-collar,married,secondary,no,29,yes,yes,cellular,31,jul,345,1,-1,0,unknown,0
1243,59,retired,married,primary,no,1423,yes,no,unknown,15,may,584,2,-1,0,unknown,0
10957,59,blue-collar,married,primary,no,-546,no,no,cellular,25,aug,1152,6,-1,0,unknown,1
9981,46,management,divorced,tertiary,no,558,no,no,cellular,6,jul,319,1,-1,0,unknown,1
3048,41,admin.,married,secondary,no,683,no,yes,cellular,20,nov,77,1,-1,0,unknown,0
9983,54,blue-collar,married,unknown,no,-361,yes,no,unknown,26,may,227,1,-1,0,unknown,0
8275,47,technician,single,secondary,no,-239,yes,yes,cellular,7,jul,973,3,-1,0,unknown,1
7052,74,retired,married,primary,no,1765,no,no,telephone,11,sep,290,2,-1,0,unknown,1
7318,29,technician,single,secondary,no,18,no,no,cellular,3,feb,206,3,-1,0,unknown,0
3080,40,management,married,tertiary,no,1308,no,no,telephone,3,feb,1776,2,-1,0,unknown,1
10929,31,admin.,married,secondary,no,35,no,no,cellular,13,aug,315,2,105,1,success,1
10644,78,retired,divorced,secondary,no,3219,no,no,cellular,24,feb,151,1,-1,0,unknown,1
2280,58,self-employed,married,tertiary,no,5810,no,no,cellular,12,mar,139,1,-1,0,unknown,1
2957,23,admin.,single,tertiary,no,314,no,yes,cellular,8,apr,142,4,-1,0,unknown,1
303,45,management,married,tertiary,no,212,no,no,cellular,21,apr,65,2,-1,0,unknown,1
2747,33,self-employed,married,secondary,no,215,yes,no,cellular,29,jul,543,12,-1,0,unknown,0
46,32,services,married,secondary,no,3839,yes,no,cellular,18,nov,100,2,189,1,failure,0
9714,54,unknown,married,unknown,no,895,no,no,cellular,7,oct,335,1,-1,0,unknown,1
1957,75,retired,married,primary,no,2970,no,no,cellular,12,aug,641,1,-1,0,unknown,1
3892,31,management,single,tertiary,no,3384,no,no,cellular,16,sep,153,1,104,2,success,1
5412,53,management,married,tertiary,no,1356,yes,no,cellular,5,aug,397,2,93,2,failure,0
5194,56,blue-collar,married,secondary,no,385,no,no,cellular,20,aug,210,3,-1,0,unknown,0
3593,31,blue-collar,single,secondary,no,953,yes,no,cellular,14,may,479,1,346,2,success,1
10342,70,retired,married,primary,no,2346,no,no,cellular,24,feb,694,1,184,5,failure,1
2930,31,management,married,tertiary,no,537,yes,no,cellular,18,aug,216,1,-1,0,unknown,1
4162,47,services,married,secondary,no,1111,no,no,unknown,20,jun,415,4,-1,0,unknown,0
8374,40,admin.,divorced,secondary,no,221,yes,no,unknown,13,may,154,2,-1,0,unknown,0
4318,75,retired,divorced,secondary,no,1341,no,no,cellular,18,dec,415,7,-1,0,unknown,1
7223,32,admin.,married,secondary,no,1661,yes,no,cellular,5,feb,76,1,209,2,failure,0
31,34,blue-collar,single,secondary,no,550,yes,no,cellular,20,apr,90,3,346,1,failure,0
4370,51,management,married,tertiary,no,469,no,no,cellular,15,apr,200,1,181,2,success,1
8116,40,blue-collar,married,secondary,no,668,yes,no,cellular,17,apr,156,2,318,1,other,0
4101,27,admin.,single,secondary,no,454,no,yes,cellular,15,jul,331,2,-1,0,unknown,0
3151,57,retired,married,primary,no,-12,no,yes,cellular,12,aug,80,8,-1,0,unknown,0
4348,30,technician,married,secondary,no,-306,yes,yes,cellular,18,nov,372,1,186,1,failure,0
484,56,admin.,married,secondary,no,2087,yes,no,unknown,12,may,146,1,-1,0,unknown,0
5452,37,unemployed,single,secondary,no,48,no,no,cellular,31,jul,40,10,-1,0,unknown,0
4795,32,technician,single,tertiary,no,390,yes,no,unknown,23,may,85,1,-1,0,unknown,0
6197,44,services,divorced,secondary,no,210,no,yes,unknown,12,may,111,2,-1,0,unknown,0
1860,46,technician,single,secondary,no,834,yes,no,cellular,11,jul,196,2,-1,0,unknown,0
8297,44,technician,divorced,secondary,no,314,yes,no,unknown,12,aug,18,1,651,1,success,0
2875,47,blue-collar,married,unknown,yes,162,no,no,cellular,25,aug,366,3,-1,0,unknown,1
8266,46,blue-collar,divorced,secondary,no,709,yes,no,cellular,18,jul,100,4,-1,0,unknown,0
3976,35,services,married,unknown,no,618,no,no,cellular,30,apr,951,1,-1,0,unknown,1
4611,33,blue-collar,single,secondary,no,697,no,no,cellular,6,feb,860,2,-1,0,unknown,1
4998,23,services,single,secondary,no,425,yes,no,unknown,3,jun,768,1,-1,0,unknown,1
7907,25,blue-collar,single,secondary,no,-250,yes,no,unknown,13,may,456,1,-1,0,unknown,0
8043,59,technician,married,secondary,no,1,no,no,cellular,14,oct,585,1,182,5,success,1
1095,42,technician,single,secondary,no,-321,no,no,cellular,28,jan,230,2,-1,0,unknown,0
3820,39,admin.,married,secondary,no,150,no,no,cellular,3,jun,296,4,-1,0,unknown,1
3709,33,management,single,tertiary,no,935,no,no,cellular,9,feb,385,2,92,8,success,1
11160,51,retired,married,tertiary,no,746,no,no,cellular,25,aug,372,5,-1,0,unknown,1
6741,41,self-employed,married,secondary,no,20,no,no,unknown,5,jun,333,1,-1,0,unknown,0
726,29,management,single,tertiary,no,637,yes,no,cellular,3,jun,340,1,119,1,failure,1
10915,49,management,married,tertiary,no,85,yes,no,cellular,14,may,590,5,359,1,other,1
5790,34,blue-collar,married,secondary,no,1924,yes,yes,cellular,1,apr,161,2,253,1,failure,0
10859,32,blue-collar,married,secondary,no,130,yes,no,cellular,6,may,302,2,-1,0,unknown,0
7549,39,unemployed,married,secondary,no,2245,no,no,cellular,21,nov,749,2,-1,0,unknown,1
2984,31,management,divorced,tertiary,no,883,yes,no,cellular,19,nov,168,1,-1,0,unknown,0
9734,45,blue-collar,married,primary,no,1794,yes,no,unknown,14,may,174,2,-1,0,unknown,0
5157,29,admin.,single,secondary,no,127,yes,yes,cellular,20,apr,314,1,-1,0,unknown,0
1051,28,technician,single,tertiary,no,676,no,no,cellular,5,feb,1138,2,-1,0,unknown,1
4583,41,blue-collar,married,secondary,no,97,no,yes,cellular,8,jul,212,2,-1,0,unknown,0
1577,35,blue-collar,married,secondary,no,1330,no,no,cellular,10,jul,901,1,-1,0,unknown,1
5392,44,blue-collar,married,secondary,no,3060,yes,no,cellular,20,apr,87,2,151,3,failure,0
5844,26,student,single,secondary,no,5296,no,no,cellular,5,mar,229,1,205,1,failure,1
3696,40,blue-collar,married,secondary,no,5060,no,no,cellular,10,feb,154,2,93,1,success,1
4894,28,management,single,tertiary,no,939,yes,no,unknown,27,may,740,1,-1,0,unknown,1
1026,59,technician,married,secondary,no,2308,no,no,cellular,30,apr,815,1,87,1,other,1
6296,36,admin.,divorced,secondary,no,-811,yes,no,cellular,12,may,365,2,-1,0,unknown,1
4017,33,blue-collar,married,secondary,no,1402,no,no,cellular,20,nov,63,5,-1,0,unknown,0
1503,27,admin.,married,secondary,no,1596,no,no,cellular,1,sep,82,1,-1,0,unknown,1
5744,32,services,single,secondary,no,772,yes,no,unknown,15,may,697,3,-1,0,unknown,1
1128,30,technician,married,secondary,no,207,yes,no,unknown,23,may,72,2,-1,0,unknown,0
10696,39,management,single,tertiary,no,3840,yes,no,cellular,11,aug,315,2,-1,0,unknown,1
6107,32,blue-collar,married,secondary,no,-325,yes,yes,unknown,21,may,171,1,-1,0,unknown,0
10209,57,admin.,married,primary,no,1694,yes,no,telephone,17,nov,378,1,-1,0,unknown,0
8492,31,management,divorced,tertiary,no,71,no,no,cellular,12,mar,119,1,-1,0,unknown,1
2876,34,services,married,secondary,no,22,yes,no,unknown,6,may,344,1,-1,0,unknown,0
8283,39,management,married,tertiary,no,297,yes,no,cellular,13,may,734,2,-1,0,unknown,1
1078,30,admin.,married,secondary,no,8781,yes,no,cellular,18,nov,898,1,-1,0,unknown,1
3789,26,technician,single,secondary,no,1105,yes,no,cellular,6,sep,415,1,297,3,other,1
8597,33,student,single,unknown,no,5969,no,no,cellular,30,apr,110,1,83,7,failure,0
1118,29,self-employed,married,tertiary,no,1,no,no,cellular,18,jul,167,3,-1,0,unknown,0
2424,28,management,married,tertiary,no,12,yes,no,cellular,9,sep,202,1,-1,0,unknown,1
4984,86,retired,divorced,primary,no,0,no,no,telephone,26,aug,189,1,-1,0,unknown,1
38,28,services,single,secondary,no,1636,yes,no,cellular,18,may,97,1,355,2,failure,0
543,30,technician,single,secondary,no,893,no,no,cellular,26,aug,45,3,-1,0,unknown,0
5298,59,technician,married,secondary,no,135,yes,yes,cellular,23,jul,416,4,-1,0,unknown,1
1930,64,management,married,unknown,no,2352,no,no,cellular,4,may,153,2,182,11,success,1
3398,37,management,married,tertiary,no,238,no,no,cellular,3,feb,185,1,92,1,success,1
36,31,blue-collar,married,secondary,no,671,yes,no,unknown,18,jun,704,4,-1,0,unknown,1
88,41,technician,married,tertiary,no,-15,yes,no,cellular,6,may,33,1,-1,0,unknown,0
5486,34,self-employed,single,secondary,no,296,no,no,cellular,27,aug,609,13,-1,0,unknown,1
2944,47,technician,single,secondary,no,1101,yes,no,cellular,23,jul,957,3,-1,0,unknown,1
3171,36,student,single,unknown,no,417,no,no,cellular,10,aug,304,1,181,1,success,1
9613,41,blue-collar,married,secondary,no,203,no,no,cellular,2,jul,342,2,-1,0,unknown,1
10604,34,admin.,married,tertiary,no,69,no,yes,cellular,4,aug,120,3,1,6,success,1
9618,50,admin.,divorced,secondary,yes,2405,yes,no,cellular,6,may,114,1,287,8,failure,0
5996,61,retired,married,primary,no,56,no,no,cellular,7,sep,288,3,-1,0,unknown,1
9971,36,admin.,single,secondary,no,0,yes,no,cellular,21,nov,139,2,-1,0,unknown,0
466,57,technician,divorced,tertiary,no,126,no,no,telephone,4,jun,166,2,-1,0,unknown,1
7738,49,entrepreneur,single,secondary,no,5802,no,no,cellular,30,apr,618,2,-1,0,unknown,1
4130,56,management,married,tertiary,no,505,yes,yes,cellular,5,may,221,1,169,3,failure,0
6611,66,admin.,divorced,secondary,no,220,no,no,cellular,28,aug,283,1,-1,0,unknown,0
3486,40,technician,single,tertiary,no,1175,no,no,cellular,14,apr,184,1,-1,0,unknown,1
3342,45,technician,married,secondary,no,2571,no,no,unknown,18,jun,146,2,-1,0,unknown,0
2444,68,retired,married,primary,no,451,no,no,cellular,5,mar,373,1,-1,0,unknown,1
3402,55,housemaid,divorced,primary,no,0,no,no,unknown,20,jun,398,2,-1,0,unknown,0
388,51,admin.,single,secondary,no,895,no,no,cellular,23,jul,638,2,-1,0,unknown,1
6658,35,self-employed,married,tertiary,no,2427,no,no,cellular,12,aug,175,3,31,10,success,1
4464,25,blue-collar,married,secondary,no,0,no,yes,cellular,15,jul,1424,4,-1,0,unknown,1
10271,69,retired,married,primary,no,2398,no,no,cellular,12,apr,161,1,186,1,failure,0
4891,41,blue-collar,married,secondary,no,5060,no,no,cellular,4,may,963,1,83,3,success,1
8983,32,admin.,single,secondary,no,555,yes,no,cellular,9,sep,344,1,-1,0,unknown,1
1928,32,technician,single,tertiary,no,127,yes,no,cellular,27,aug,20,17,-1,0,unknown,0
3379,77,retired,married,tertiary,no,7802,no,no,telephone,1,feb,483,2,-1,0,unknown,1
6629,36,technician,single,secondary,no,3254,yes,no,unknown,27,oct,207,1,-1,0,unknown,1
10295,34,services,single,secondary,no,4062,yes,yes,cellular,15,may,29,1,-1,0,unknown,0
10639,31,management,single,tertiary,no,409,no,yes,cellular,9,jul,564,5,-1,0,unknown,1
6539,41,technician,married,secondary,no,201,no,yes,cellular,14,jul,53,8,-1,0,unknown,0
4424,39,student,single,tertiary,no,1107,yes,no,telephone,20,apr,407,4,-1,0,unknown,0
6254,30,services,divorced,secondary,no,436,yes,no,cellular,17,jun,1720,1,-1,0,unknown,1
4124,37,management,married,tertiary,no,2283,no,no,cellular,6,may,243,2,98,2,failure,1
7871,53,management,married,tertiary,no,37,no,no,cellular,28,aug,51,9,-1,0,unknown,0
8557,37,technician,single,secondary,no,6714,yes,no,unknown,23,may,90,1,-1,0,unknown,0
4971,49,services,married,secondary,no,1114,no,no,cellular,17,nov,283,1,-1,0,unknown,0
1232,47,entrepreneur,divorced,secondary,no,186,no,no,cellular,2,feb,112,2,-1,0,unknown,0
2610,33,admin.,married,secondary,no,855,no,no,cellular,15,apr,110,1,-1,0,unknown,1
7817,45,retired,divorced,secondary,no,1735,no,yes,unknown,17,jun,306,1,-1,0,unknown,0
2613,26,management,single,tertiary,no,222,no,no,cellular,26,apr,192,1,334,1,failure,1
8485,31,management,single,tertiary,no,2,no,no,cellular,8,aug,848,1,-1,0,unknown,1
10489,60,admin.,divorced,secondary,no,683,no,no,cellular,8,nov,507,1,-1,0,unknown,0
6731,59,retired,married,secondary,no,0,no,no,unknown,5,jun,812,1,-1,0,unknown,1
2745,31,services,single,secondary,no,91,yes,no,cellular,18,may,111,2,-1,0,unknown,0
4854,34,management,married,tertiary,no,303,yes,no,cellular,29,jan,50,1,195,2,failure,0
7843,48,self-employed,married,secondary,no,1559,no,no,cellular,4,feb,130,2,-1,0,unknown,0
4540,29,self-employed,single,tertiary,no,1579,no,no,cellular,13,jul,178,1,181,4,success,1
3833,60,management,married,unknown,no,264,no,no,telephone,1,feb,265,1,-1,0,unknown,1
3799,45,self-employed,married,secondary,no,2278,no,no,unknown,17,nov,1735,2,-1,0,unknown,0
1155,48,services,divorced,primary,no,2805,no,yes,cellular,23,jul,212,2,-1,0,unknown,0
6752,35,self-employed,married,secondary,no,598,yes,no,cellular,20,apr,245,1,-1,0,unknown,0
3409,37,management,divorced,secondary,no,16,yes,no,unknown,30,may,638,1,-1,0,unknown,1
7540,31,services,married,secondary,no,28,yes,no,unknown,8,may,101,1,-1,0,unknown,0
5207,43,technician,married,secondary,no,310,yes,no,unknown,29,may,291,1,-1,0,unknown,0
5113,29,management,married,tertiary,no,16,yes,no,cellular,16,jul,605,6,-1,0,unknown,0
4582,34,services,single,secondary,no,-374,yes,no,cellular,11,may,672,1,-1,0,unknown,1
23,27,student,single,secondary,no,2614,no,no,cellular,8,apr,143,2,-1,0,unknown,1
9891,36,admin.,single,secondary,no,2556,yes,no,cellular,13,apr,342,1,-1,0,unknown,0
1870,28,management,single,tertiary,no,6551,no,no,cellular,23,sep,203,1,-1,0,unknown,1
7522,48,technician,married,secondary,no,1000,no,no,cellular,21,nov,104,2,-1,0,unknown,0
1537,42,unemployed,married,secondary,no,356,yes,no,cellular,7,may,787,3,356,2,failure,1
8556,30,blue-collar,single,primary,no,0,no,no,cellular,15,jul,716,3,-1,0,unknown,1
7725,31,unemployed,single,secondary,no,582,yes,no,cellular,5,jun,548,2,-1,0,unknown,1
3413,28,technician,single,secondary,no,227,no,no,cellular,30,apr,278,1,-1,0,unknown,1
6448,30,services,single,primary,no,0,yes,yes,cellular,19,nov,686,1,-1,0,unknown,1
4961,45,housemaid,married,secondary,no,4068,no,no,cellular,20,aug,184,1,-1,0,unknown,1
9540,51,management,married,primary,no,98,yes,no,unknown,7,may,114,2,-1,0,unknown,0
6368,75,retired,divorced,tertiary,no,3810,yes,no,cellular,16,nov,262,1,183,1,failure,1
6523,84,retired,divorced,primary,no,639,no,no,telephone,18,may,353,3,-1,0,unknown,1
4133,40,management,single,tertiary,no,0,no,no,cellular,6,aug,641,6,-1,0,unknown,1
7573,34,technician,married,secondary,no,1254,no,no,cellular,6,may,77,3,-1,0,unknown,0
9666,30,admin.,married,secondary,no,0,no,no,cellular,1,jun,318,1,-1,0,unknown,1
3979,38,technician,single,secondary,no,1130,no,no,cellular,4,jun,96,2,98,1,success,1
4434,36,services,married,secondary,no,52,yes,no,cellular,5,mar,498,2,179,7,success,1
10627,33,technician,married,secondary,no,1968,yes,no,cellular,20,apr,1817,3,-1,0,unknown,1
7290,36,management,divorced,tertiary,no,0,no,no,cellular,4,aug,1165,1,-1,0,unknown,1
6989,54,management,divorced,tertiary,no,496,no,no,cellular,13,jan,452,3,-1,0,unknown,1
8888,53,admin.,married,secondary,no,53,yes,no,cellular,18,may,387,1,-1,0,unknown,1
3849,36,blue-collar,married,secondary,no,199,yes,no,cellular,9,jul,183,1,-1,0,unknown,0
4930,33,management,single,tertiary,no,1120,no,no,cellular,11,aug,1070,2,-1,0,unknown,1
5890,33,technician,single,tertiary,no,1636,yes,no,cellular,27,feb,165,1,-1,0,unknown,1
8369,33,blue-collar,married,primary,no,-132,yes,yes,cellular,18,may,170,6,-1,0,unknown,0
187,43,services,married,tertiary,no,4216,no,no,cellular,24,dec,150,2,195,2,success,1
2994,43,technician,divorced,primary,no,13,no,yes,cellular,9,jul,977,4,-1,0,unknown,0
8301,38,blue-collar,married,secondary,no,3598,no,no,unknown,6,jun,154,1,-1,0,unknown,0
2021,56,retired,divorced,secondary,no,389,yes,no,unknown,18,jun,379,5,-1,0,unknown,0
7248,39,blue-collar,married,secondary,no,39,yes,no,unknown,18,jun,34,6,-1,0,unknown,0
1654,41,technician,single,secondary,no,32,yes,no,cellular,7,may,162,1,-1,0,unknown,0
5878,49,services,single,primary,no,114,yes,no,unknown,7,may,99,2,-1,0,unknown,0
10494,57,housemaid,divorced,primary,no,8278,no,no,cellular,17,nov,408,3,-1,0,unknown,0
1144,49,management,married,tertiary,no,1167,yes,yes,cellular,24,sep,249,1,91,14,success,1
6635,49,housemaid,divorced,primary,no,198,yes,no,unknown,13,may,205,3,-1,0,unknown,0
7476,35,technician,single,tertiary,no,0,no,no,cellular,14,jan,187,7,-1,0,unknown,1
8026,30,management,divorced,tertiary,no,415,yes,yes,cellular,6,may,984,1,343,4,failure,1
3697,40,blue-collar,married,primary,no,2129,yes,no,cellular,20,apr,1156,3,-1,0,unknown,0
2255,46,housemaid,divorced,primary,no,2084,yes,no,cellular,18,jul,1081,2,-1,0,unknown,1
3400,35,management,married,tertiary,no,1471,yes,yes,cellular,13,aug,236,3,-1,0,unknown,0
7482,55,management,married,unknown,no,559,no,no,cellular,28,jan,271,2,-1,0,unknown,0
885,26,technician,single,secondary,no,124,yes,no,unknown,12,may,57,8,-1,0,unknown,0
777,56,admin.,single,secondary,no,-273,no,no,cellular,8,jul,119,2,-1,0,unknown,0
3329,75,retired,married,primary,no,1413,no,no,cellular,1,sep,532,2,188,2,success,1
9588,35,unemployed,single,tertiary,no,415,no,no,cellular,4,feb,649,1,176,1,failure,1
4888,40,admin.,married,secondary,no,0,no,no,cellular,28,jul,496,2,182,11,success,1
8300,38,housemaid,divorced,secondary,no,70,no,no,cellular,1,jun,263,1,-1,0,unknown,1
9380,35,blue-collar,married,primary,no,623,yes,no,cellular,6,may,97,2,-1,0,unknown,0
553,55,housemaid,married,primary,no,3680,no,no,unknown,16,jun,131,1,-1,0,unknown,0
80,73,retired,married,primary,no,508,no,no,cellular,9,mar,176,1,-1,0,unknown,1
3195,34,services,married,secondary,no,2918,no,yes,cellular,4,jun,246,1,196,2,success,1
7416,35,technician,single,secondary,no,300,yes,no,unknown,9,may,338,4,-1,0,unknown,0
6190,42,management,single,tertiary,no,11008,no,no,cellular,28,jul,822,6,405,1,success,1
5137,39,admin.,divorced,secondary,no,878,yes,no,cellular,15,may,611,5,-1,0,unknown,1
7663,43,unemployed,married,secondary,no,553,no,no,telephone,4,feb,125,1,-1,0,unknown,0
2857,34,blue-collar,married,secondary,no,1988,yes,no,telephone,29,jan,53,1,266,2,failure,0
3631,49,unemployed,married,secondary,no,13818,no,no,cellular,21,nov,201,1,113,2,failure,0
8041,39,blue-collar,married,unknown,no,1181,yes,no,cellular,30,jul,650,2,-1,0,unknown,1
8670,40,housemaid,divorced,secondary,no,4328,no,no,cellular,20,aug,133,2,-1,0,unknown,0
8435,44,services,married,secondary,no,-395,yes,no,cellular,5,may,894,1,-1,0,unknown,1
10054,43,unemployed,single,primary,no,698,yes,no,unknown,14,may,322,1,-1,0,unknown,0
1386,51,blue-collar,married,primary,no,0,yes,yes,cellular,25,jul,946,3,-1,0,unknown,1
7951,50,management,married,tertiary,no,-151,yes,no,cellular,18,nov,63,2,-1,0,unknown,0
1731,42,management,married,secondary,no,372,yes,no,telephone,31,jul,130,8,-1,0,unknown,0
6927,34,admin.,married,secondary,no,804,yes,no,cellular,23,jul,256,9,-1,0,unknown,0
6413,27,student,single,tertiary,no,118,no,no,cellular,31,aug,160,3,98,1,failure,1
11006,28,technician,single,secondary,no,5763,no,yes,cellular,5,mar,196,2,-1,0,unknown,1
79,30,admin.,divorced,secondary,no,83,yes,yes,unknown,6,may,310,1,-1,0,unknown,0
9810,42,services,divorced,secondary,no,257,yes,no,cellular,12,may,955,2,-1,0,unknown,1
5743,43,management,married,tertiary,no,1429,yes,no,cellular,19,nov,1015,1,198,2,other,1
5390,28,admin.,divorced,secondary,no,-504,yes,yes,cellular,14,may,578,1,-1,0,unknown,1
9887,35,technician,single,tertiary,no,144,yes,yes,cellular,4,feb,202,4,113,20,failure,0
8971,63,admin.,married,secondary,no,0,yes,no,cellular,31,aug,253,5,-1,0,unknown,1
7504,26,admin.,single,secondary,no,274,no,no,cellular,1,apr,351,3,-1,0,unknown,1
10732,39,blue-collar,married,primary,no,70,no,no,unknown,8,may,813,1,-1,0,unknown,1
2624,45,admin.,married,secondary,no,0,yes,no,cellular,18,nov,108,5,-1,0,unknown,0
4499,24,management,married,secondary,no,2278,yes,no,unknown,27,may,77,4,-1,0,unknown,0
5510,35,retired,single,primary,no,434,no,no,unknown,5,may,138,1,-1,0,unknown,0
9105,56,entrepreneur,divorced,primary,no,29,no,no,cellular,29,jan,52,2,227,1,failure,0
7591,45,management,married,tertiary,no,96,yes,no,cellular,16,jul,202,1,-1,0,unknown,0
4663,38,technician,married,secondary,no,0,yes,no,cellular,22,jul,1545,1,-1,0,unknown,1
6506,31,blue-collar,married,primary,no,33,yes,no,cellular,24,jul,901,2,-1,0,unknown,1
9812,30,technician,married,secondary,no,384,no,no,cellular,25,aug,73,3,-1,0,unknown,0
4248,45,admin.,single,secondary,no,341,yes,yes,cellular,5,may,77,2,-1,0,unknown,0
9900,25,blue-collar,single,secondary,no,303,no,no,cellular,18,jun,252,1,92,1,success,1
6284,68,retired,divorced,primary,no,695,no,no,cellular,9,apr,233,1,-1,0,unknown,1
5863,24,student,single,primary,no,1235,no,no,cellular,14,jul,334,4,93,6,other,1
5131,70,retired,divorced,secondary,no,0,no,no,cellular,8,sep,206,1,-1,0,unknown,1
10894,44,management,married,tertiary,no,70,no,no,cellular,20,aug,165,3,-1,0,unknown,0
3636,42,blue-collar,married,secondary,no,108,yes,no,telephone,31,jul,51,21,-1,0,unknown,0
3190,47,blue-collar,married,primary,no,4227,yes,no,cellular,13,may,659,1,-1,0,unknown,1
2796,31,management,married,tertiary,no,40,no,no,cellular,2,feb,118,2,-1,0,unknown,0
7268,38,management,single,tertiary,no,2117,no,no,cellular,14,aug,81,2,-1,0,unknown,0
9043,48,management,married,tertiary,no,5320,yes,no,unknown,20,jun,792,1,-1,0,unknown,1
9920,35,self-employed,married,tertiary,no,1178,yes,yes,cellular,15,apr,220,2,183,5,failure,0
4050,48,technician,married,secondary,no,-938,yes,no,cellular,7,may,134,1,344,2,failure,0
4723,29,technician,married,secondary,no,344,yes,yes,unknown,28,may,279,2,-1,0,unknown,0
7069,39,unemployed,single,secondary,no,2645,yes,no,unknown,21,may,339,3,-1,0,unknown,0
4945,59,retired,married,unknown,no,613,no,no,cellular,19,aug,75,2,-1,0,unknown,0
3931,56,blue-collar,divorced,primary,yes,-1,no,no,cellular,18,jul,304,3,-1,0,unknown,0
6321,33,management,married,tertiary,no,4570,no,no,cellular,22,aug,1258,2,-1,0,unknown,1
7953,51,management,married,tertiary,no,346,no,no,cellular,12,feb,122,1,92,5,success,1
7979,53,admin.,single,secondary,no,2398,yes,no,cellular,2,aug,317,1,180,2,failure,1
10980,28,blue-collar,single,secondary,no,3817,yes,no,cellular,4,may,528,3,-1,0,unknown,0
10935,54,technician,divorced,tertiary,no,2133,no,no,cellular,18,nov,176,1,-1,0,unknown,0
9318,25,student,single,secondary,no,154,no,no,cellular,3,mar,141,1,180,2,failure,1
4559,44,blue-collar,married,primary,no,112,yes,no,unknown,14,may,225,2,-1,0,unknown,0
981,57,management,married,tertiary,no,3431,yes,no,unknown,16,may,73,1,-1,0,unknown,0
6189,43,management,married,tertiary,no,1791,no,no,cellular,5,aug,254,1,-1,0,unknown,1
6516,36,management,married,tertiary,no,532,yes,no,cellular,14,may,603,1,-1,0,unknown,0
8228,33,management,single,tertiary,no,2364,no,no,cellular,17,may,508,1,-1,0,unknown,1
9632,52,admin.,married,secondary,no,1113,no,yes,cellular,8,jul,83,1,-1,0,unknown,0
9314,40,admin.,divorced,secondary,no,220,yes,no,cellular,18,may,197,2,-1,0,unknown,0
11097,56,entrepreneur,married,tertiary,no,-124,yes,no,unknown,15,may,374,5,-1,0,unknown,0
8768,53,blue-collar,married,primary,no,751,yes,no,cellular,3,feb,1528,2,-1,0,unknown,1
10977,35,management,married,tertiary,no,323,no,no,cellular,11,jan,261,2,-1,0,unknown,1
111,37,management,married,tertiary,no,2283,no,no,cellular,6,aug,303,2,92,4,success,1
6565,78,retired,divorced,secondary,no,3417,no,no,cellular,12,may,309,1,181,1,success,1
10564,39,admin.,divorced,secondary,no,399,yes,yes,cellular,14,aug,133,2,-1,0,unknown,0
4686,48,blue-collar,married,secondary,no,750,no,no,cellular,5,feb,85,2,8,2,other,0
8900,31,technician,single,tertiary,no,279,yes,no,unknown,13,may,198,1,-1,0,unknown,0
9992,33,technician,single,tertiary,no,538,yes,no,unknown,29,may,359,2,-1,0,unknown,0
3609,25,student,single,secondary,no,1608,no,no,cellular,30,apr,664,2,-1,0,unknown,1
4344,58,management,married,tertiary,no,4152,yes,no,telephone,14,nov,160,1,-1,0,unknown,1
2839,38,technician,divorced,secondary,no,902,yes,no,cellular,3,feb,650,1,-1,0,unknown,1
1595,40,management,married,tertiary,no,0,yes,no,cellular,2,feb,279,1,-1,0,unknown,0
6282,30,services,single,secondary,no,9,no,yes,cellular,29,jan,194,2,205,2,failure,0
10895,35,management,single,tertiary,no,687,yes,no,unknown,30,may,166,2,-1,0,unknown,0
1041,35,entrepreneur,married,secondary,no,2971,no,no,cellular,21,nov,112,2,-1,0,unknown,0
4709,53,management,married,tertiary,no,3634,no,no,cellular,7,may,211,4,88,8,success,1
2622,29,management,single,tertiary,no,697,no,no,cellular,30,apr,365,1,85,1,success,1
6726,27,unemployed,single,secondary,no,0,yes,no,cellular,21,jul,53,6,-1,0,unknown,0
5177,48,services,married,primary,no,483,no,no,cellular,6,aug,119,2,-1,0,unknown,0
1040,44,technician,single,tertiary,no,678,no,no,cellular,3,feb,111,1,124,2,other,0
9123,46,technician,married,tertiary,no,0,no,no,cellular,20,nov,531,1,167,1,failure,1
158,53,retired,married,secondary,no,665,yes,no,cellular,22,apr,371,2,-1,0,unknown,1
5861,45,unknown,married,unknown,no,2834,no,no,cellular,4,aug,112,1,-1,0,unknown,0
9363,44,self-employed,single,tertiary,no,2734,yes,no,cellular,12,may,897,4,-1,0,unknown,1
5119,27,technician,single,secondary,no,489,yes,no,cellular,30,jul,356,4,-1,0,unknown,1
239,26,technician,married,secondary,no,370,no,yes,cellular,8,jul,1061,4,-1,0,unknown,1
10808,47,unknown,married,unknown,no,194,no,no,cellular,4,aug,108,1,-1,0,unknown,0
10766,33,housemaid,married,primary,no,2054,no,no,cellular,25,aug,472,6,-1,0,unknown,1
70,29,blue-collar,married,secondary,no,246,yes,no,cellular,28,jul,194,5,-1,0,unknown,0
7464,35,blue-collar,married,secondary,no,860,yes,no,unknown,5,jun,884,4,-1,0,unknown,1
7227,33,services,divorced,secondary,no,1529,yes,no,telephone,18,nov,41,1,-1,0,unknown,0
9701,77,retired,married,secondary,no,9601,no,no,telephone,27,mar,515,1,-1,0,unknown,1
6187,43,blue-collar,married,primary,no,3917,no,no,cellular,2,mar,154,1,-1,0,unknown,1
4858,28,technician,single,secondary,no,909,no,yes,cellular,7,jul,532,1,-1,0,unknown,1
6009,37,blue-collar,married,secondary,no,140,yes,yes,cellular,7,may,490,1,-1,0,unknown,0
7720,32,admin.,single,tertiary,no,291,no,no,telephone,28,jan,223,6,275,5,other,0
4997,63,retired,married,secondary,no,1612,no,no,telephone,17,feb,233,2,-1,0,unknown,1
9353,44,unemployed,married,secondary,yes,-505,yes,no,unknown,3,jun,113,11,-1,0,unknown,0
8290,27,blue-collar,single,secondary,no,294,yes,yes,unknown,28,may,694,2,-1,0,unknown,1
8347,36,management,married,tertiary,no,332,yes,no,cellular,22,may,566,7,-1,0,unknown,0
3461,29,admin.,single,secondary,no,1027,yes,no,cellular,2,feb,177,1,-1,0,unknown,1
9186,59,management,divorced,tertiary,no,0,no,no,telephone,30,jul,196,3,-1,0,unknown,0
6203,29,technician,single,tertiary,no,2325,no,no,cellular,2,feb,125,1,-1,0,unknown,1
953,28,management,married,tertiary,yes,84,no,yes,cellular,28,jul,48,21,-1,0,unknown,0
919,77,retired,married,primary,no,1385,no,no,telephone,8,sep,160,4,-1,0,unknown,0
4356,38,blue-collar,married,primary,no,362,yes,no,unknown,8,may,100,5,-1,0,unknown,0
483,34,admin.,single,secondary,no,151,yes,no,cellular,12,may,590,1,370,1,other,1
4779,35,self-employed,single,primary,no,181,yes,no,unknown,15,may,19,8,-1,0,unknown,0
9253,43,management,divorced,tertiary,no,3578,no,no,cellular,29,jan,376,2,-1,0,unknown,0
6689,29,technician,single,secondary,no,674,no,no,cellular,30,apr,483,1,13,5,success,1
9910,51,unemployed,divorced,tertiary,no,0,no,no,cellular,31,jul,574,2,-1,0,unknown,1
10626,30,management,single,tertiary,no,102,yes,no,cellular,18,dec,364,3,-1,0,unknown,1
8798,56,management,married,tertiary,no,-6,no,no,telephone,31,jul,29,16,-1,0,unknown,0
10880,67,retired,divorced,tertiary,no,443,no,no,cellular,18,aug,441,1,-1,0,unknown,1
5477,27,management,single,tertiary,no,574,yes,no,cellular,18,may,196,3,-1,0,unknown,0
1533,78,retired,divorced,primary,no,1389,no,no,cellular,8,apr,335,1,-1,0,unknown,1
6231,33,entrepreneur,single,secondary,no,278,no,no,cellular,1,feb,563,5,-1,0,unknown,1
8635,39,management,divorced,tertiary,no,373,no,no,cellular,26,aug,148,4,-1,0,unknown,0
10998,53,housemaid,married,secondary,no,1182,yes,no,cellular,7,sep,82,1,293,1,failure,0
3637,28,admin.,single,secondary,no,154,yes,no,cellular,15,may,536,1,364,1,other,1
7554,41,services,married,secondary,no,2399,yes,no,cellular,15,may,303,2,351,2,failure,0
908,41,management,married,tertiary,no,2781,yes,no,cellular,12,aug,95,2,-1,0,unknown,0
5716,59,retired,divorced,secondary,no,514,no,no,cellular,4,may,673,6,90,1,success,1
6578,29,blue-collar,single,secondary,no,202,no,no,cellular,30,jan,128,2,-1,0,unknown,0
5698,48,unemployed,married,secondary,no,817,no,no,cellular,16,jul,806,3,183,5,success,1
7154,55,housemaid,married,unknown,no,366,no,no,cellular,5,jun,365,3,57,2,other,1
10643,33,management,single,tertiary,no,432,no,no,telephone,20,aug,588,6,-1,0,unknown,1
6369,27,admin.,single,secondary,no,192,no,no,telephone,28,jul,1076,17,-1,0,unknown,1
6035,47,technician,divorced,secondary,no,5735,no,no,unknown,19,jun,282,4,-1,0,unknown,0
302,54,unemployed,married,secondary,no,1561,no,no,cellular,25,may,352,3,186,2,failure,1
9378,33,services,divorced,secondary,no,1117,no,no,cellular,2,jun,417,1,-1,0,unknown,1
8069,28,blue-collar,single,secondary,no,75,no,no,unknown,1,jun,7,1,-1,0,unknown,0
10349,36,management,married,secondary,no,1989,no,no,unknown,17,jun,344,2,-1,0,unknown,0
877,30,management,single,tertiary,no,985,yes,no,cellular,25,oct,304,1,94,2,success,1
10147,29,management,single,tertiary,no,502,no,no,cellular,8,jul,968,1,87,5,failure,1
9934,72,retired,married,secondary,no,1129,no,no,cellular,26,aug,186,1,-1,0,unknown,1
8776,58,technician,married,primary,no,4198,no,no,cellular,15,oct,441,5,246,5,failure,1
10669,27,blue-collar,single,secondary,no,317,yes,no,unknown,20,may,16,10,-1,0,unknown,0
2895,38,technician,married,secondary,no,728,yes,no,cellular,18,nov,286,1,181,2,other,0
8010,37,admin.,married,secondary,no,10465,no,no,unknown,17,jun,144,6,-1,0,unknown,0
3515,37,technician,divorced,secondary,no,3068,yes,yes,cellular,20,nov,370,2,195,1,other,1
3864,48,admin.,single,secondary,no,1544,yes,no,telephone,30,jun,263,1,450,2,failure,1
10876,35,technician,married,secondary,no,4922,yes,no,cellular,17,nov,393,4,201,17,other,1
6926,49,management,divorced,tertiary,no,9326,yes,no,unknown,3,jun,166,1,-1,0,unknown,0
6688,34,admin.,married,tertiary,no,21,no,yes,cellular,2,jun,269,1,92,2,failure,0
3518,37,entrepreneur,married,tertiary,no,342,yes,no,unknown,6,jun,212,1,-1,0,unknown,0
8392,26,blue-collar,single,secondary,no,396,yes,no,unknown,28,may,302,1,-1,0,unknown,0
416,21,blue-collar,single,secondary,no,2265,no,no,cellular,17,feb,92,2,-1,0,unknown,1
5667,37,technician,married,tertiary,no,247,no,no,cellular,20,aug,625,6,-1,0,unknown,1
611,51,unemployed,married,primary,no,1162,yes,no,cellular,25,jul,2015,1,-1,0,unknown,1
5636,40,management,single,tertiary,no,3840,yes,no,cellular,24,sep,232,2,409,2,success,1
5683,52,self-employed,married,tertiary,no,2289,yes,yes,cellular,21,nov,81,1,-1,0,unknown,0
8284,69,retired,divorced,primary,no,482,no,no,cellular,2,jul,260,2,-1,0,unknown,1
7680,49,self-employed,single,tertiary,no,-341,no,yes,cellular,18,nov,920,2,-1,0,unknown,0
1135,35,technician,married,tertiary,no,944,no,no,cellular,8,aug,351,2,-1,0,unknown,0
5704,30,management,married,tertiary,no,944,no,no,cellular,29,oct,251,2,-1,0,unknown,1
6409,47,housemaid,married,secondary,no,2524,no,no,cellular,12,oct,105,1,-1,0,unknown,1
1409,31,management,married,tertiary,no,877,no,no,cellular,9,jun,192,1,93,7,other,1
10136,53,retired,married,tertiary,no,7132,no,no,cellular,13,aug,88,2,-1,0,unknown,0
6759,35,management,married,tertiary,no,520,yes,no,cellular,4,may,458,3,17,5,failure,1
8445,57,admin.,married,secondary,no,4391,no,no,telephone,4,feb,1416,1,-1,0,unknown,1
4503,36,blue-collar,divorced,secondary,no,638,yes,no,unknown,16,jun,1395,2,-1,0,unknown,1
592,43,technician,divorced,secondary,no,0,yes,no,cellular,5,may,150,2,342,2,failure,0
5659,30,technician,single,secondary,no,19,yes,no,cellular,18,aug,16,15,-1,0,unknown,0
7675,56,unemployed,married,secondary,no,12,no,no,cellular,12,oct,511,3,187,1,failure,1
8197,37,self-employed,single,tertiary,no,1188,no,no,cellular,24,jun,310,1,-1,0,unknown,1
1892,36,management,single,tertiary,no,0,no,yes,cellular,18,nov,300,1,96,4,failure,0
5705,57,services,married,secondary,no,0,yes,no,cellular,14,may,16,9,282,3,other,0
4368,41,blue-collar,single,secondary,no,3851,no,no,cellular,19,nov,130,1,-1,0,unknown,0
3529,30,management,single,tertiary,no,572,no,no,cellular,17,jun,339,3,183,2,success,1
3310,39,technician,single,tertiary,no,25,yes,no,cellular,28,dec,315,1,210,2,success,1
11102,36,admin.,married,secondary,no,110,yes,no,telephone,4,feb,185,1,-1,0,unknown,0
3356,45,admin.,married,secondary,no,205,no,no,cellular,3,feb,373,1,92,1,success,1
3624,37,technician,single,secondary,no,1130,no,no,cellular,26,feb,152,1,-1,0,unknown,1
10918,23,housemaid,married,tertiary,no,66,yes,no,cellular,7,may,1391,2,-1,0,unknown,1
8861,47,services,married,unknown,no,4822,yes,no,unknown,21,may,154,5,-1,0,unknown,0
5294,55,management,married,tertiary,no,5010,no,no,cellular,18,nov,530,1,-1,0,unknown,0
10995,32,technician,divorced,secondary,no,1097,yes,no,unknown,12,may,298,2,-1,0,unknown,0
7467,48,blue-collar,married,secondary,no,1230,yes,no,cellular,12,nov,169,1,196,2,success,1
1301,34,management,married,tertiary,no,8000,no,no,cellular,12,feb,291,1,260,2,failure,1
9865,56,retired,divorced,tertiary,no,13094,no,no,cellular,25,may,1064,1,-1,0,unknown,1
2691,50,admin.,married,secondary,no,2678,no,no,telephone,30,jul,1011,6,-1,0,unknown,1
4893,35,technician,married,secondary,no,5553,yes,no,cellular,6,apr,371,3,136,7,failure,0
4915,55,technician,divorced,secondary,yes,4,no,no,cellular,28,jan,1048,1,-1,0,unknown,1
759,36,blue-collar,single,secondary,no,1127,yes,no,cellular,10,jul,455,1,-1,0,unknown,0
529,29,unemployed,single,tertiary,no,1311,no,no,cellular,28,aug,622,1,-1,0,unknown,1
1562,60,admin.,married,secondary,no,3735,no,no,cellular,22,dec,190,1,188,9,success,1
3278,55,technician,single,secondary,no,1199,no,yes,telephone,4,may,159,10,-1,0,unknown,0
10400,38,services,single,secondary,no,0,yes,no,unknown,27,may,166,2,-1,0,unknown,0
165,47,admin.,single,secondary,no,594,yes,no,unknown,7,may,161,1,-1,0,unknown,0
1240,47,technician,divorced,secondary,no,84,no,no,cellular,8,aug,49,2,-1,0,unknown,0
9780,60,management,married,tertiary,no,5041,no,no,telephone,4,nov,399,1,-1,0,unknown,1
4675,37,unemployed,married,secondary,no,4969,yes,no,cellular,6,may,169,1,-1,0,unknown,0
1451,35,unemployed,single,tertiary,no,154,no,no,cellular,29,jul,200,4,181,2,failure,1
1398,32,self-employed,married,tertiary,no,1214,no,no,cellular,11,aug,104,2,-1,0,unknown,0
7427,32,self-employed,single,tertiary,no,46,yes,no,cellular,14,jun,485,2,-1,0,unknown,1
7980,58,technician,married,secondary,no,116,no,no,unknown,16,jun,580,3,-1,0,unknown,0
6468,37,management,married,secondary,no,5447,yes,yes,cellular,17,nov,1789,1,-1,0,unknown,1
706,30,technician,married,secondary,no,743,no,no,cellular,29,jan,142,2,-1,0,unknown,0
6893,40,entrepreneur,divorced,secondary,no,2998,yes,no,cellular,18,jul,623,3,-1,0,unknown,1
5542,36,management,married,tertiary,no,659,no,no,cellular,28,aug,90,13,-1,0,unknown,0
7553,38,housemaid,married,secondary,no,634,no,no,unknown,11,jun,105,4,-1,0,unknown,0
9062,53,blue-collar,married,secondary,no,25,no,no,cellular,22,aug,528,2,-1,0,unknown,1
10261,42,services,single,tertiary,no,94,yes,no,cellular,11,aug,176,2,90,4,failure,1
5546,30,technician,single,secondary,no,4684,yes,no,cellular,30,apr,268,3,-1,0,unknown,1
9281,41,technician,married,secondary,no,1043,yes,yes,unknown,14,may,225,1,-1,0,unknown,0
3703,60,retired,divorced,tertiary,no,439,no,yes,cellular,25,may,464,1,321,1,failure,1
8334,38,blue-collar,married,primary,no,4592,yes,no,cellular,12,may,360,1,-1,0,unknown,0
2728,50,self-employed,married,tertiary,no,1503,no,no,cellular,27,aug,128,12,-1,0,unknown,0
8037,38,management,divorced,secondary,no,257,yes,no,cellular,30,apr,435,1,-1,0,unknown,1
3904,44,admin.,married,secondary,no,1042,yes,no,cellular,18,may,136,1,-1,0,unknown,0
5952,30,technician,married,secondary,no,4,yes,no,cellular,8,may,17,5,-1,0,unknown,0
5278,35,unemployed,single,tertiary,no,415,no,no,cellular,4,aug,462,1,92,4,success,1
2733,29,management,single,tertiary,no,91,no,no,cellular,30,apr,99,1,274,4,other,0
3750,60,blue-collar,divorced,secondary,no,1310,no,no,unknown,7,may,152,2,-1,0,unknown,0
338,55,technician,divorced,secondary,yes,284,yes,no,cellular,7,aug,78,2,-1,0,unknown,0
6549,50,admin.,married,secondary,no,-1415,no,no,cellular,19,aug,358,2,-1,0,unknown,0
5600,59,retired,married,secondary,no,434,yes,no,unknown,12,may,63,3,-1,0,unknown,0
1406,30,blue-collar,single,secondary,no,906,yes,yes,unknown,21,may,218,7,-1,0,unknown,0
1097,55,blue-collar,divorced,unknown,no,103,yes,no,cellular,21,jul,769,3,-1,0,unknown,0
5942,40,blue-collar,married,primary,no,-322,yes,yes,unknown,6,may,144,1,-1,0,unknown,0
3751,55,blue-collar,married,primary,no,-79,no,yes,unknown,27,jun,293,3,-1,0,unknown,0
8009,42,technician,married,secondary,no,27,no,no,cellular,14,aug,259,4,-1,0,unknown,0
517,37,admin.,married,secondary,no,36,yes,no,unknown,13,may,428,1,-1,0,unknown,0
7872,26,management,single,tertiary,no,155,yes,no,cellular,27,may,74,4,43,5,other,0
6608,44,management,married,tertiary,no,445,no,yes,telephone,6,feb,135,2,9,7,other,0
1467,41,blue-collar,divorced,secondary,no,-104,yes,no,unknown,16,may,32,3,-1,0,unknown,0
233,30,services,divorced,secondary,no,1336,yes,no,cellular,18,may,13,3,355,5,failure,0
2670,54,technician,married,secondary,no,3994,no,yes,cellular,16,apr,299,2,-1,0,unknown,1
5380,41,technician,married,tertiary,no,1517,no,no,cellular,8,aug,193,3,-1,0,unknown,1
10823,50,admin.,married,secondary,no,706,yes,no,cellular,6,aug,1250,4,-1,0,unknown,1
1775,60,management,married,tertiary,no,73,no,no,telephone,8,aug,243,2,-1,0,unknown,1
4817,36,unemployed,married,tertiary,no,4145,no,no,unknown,20,jun,988,4,-1,0,unknown,1
6234,40,entrepreneur,married,tertiary,no,3585,no,no,cellular,15,sep,506,3,-1,0,unknown,1
3541,52,services,married,secondary,no,1000,no,no,cellular,5,aug,766,2,-1,0,unknown,1
1594,36,management,married,tertiary,no,673,yes,no,cellular,16,jul,689,1,-1,0,unknown,1
7092,38,management,divorced,tertiary,no,162,no,no,cellular,25,aug,323,4,-1,0,unknown,0
10290,31,management,married,tertiary,no,50,no,no,cellular,19,aug,37,5,-1,0,unknown,0
10829,40,admin.,married,primary,no,72,yes,yes,cellular,21,nov,849,1,-1,0,unknown,1
7780,22,student,single,unknown,no,549,no,no,cellular,2,sep,154,1,-1,0,unknown,0
6302,39,blue-collar,married,secondary,no,5222,yes,no,unknown,28,may,102,1,-1,0,unknown,0
6444,35,admin.,married,secondary,no,421,yes,no,cellular,18,nov,350,1,-1,0,unknown,0
7519,31,blue-collar,married,secondary,no,5345,yes,no,cellular,18,nov,260,1,-1,0,unknown,0
6943,37,technician,single,tertiary,no,6101,no,no,cellular,6,feb,141,1,-1,0,unknown,1
725,32,management,married,tertiary,no,4733,no,no,cellular,30,apr,532,1,-1,0,unknown,1
10263,42,management,divorced,tertiary,no,0,no,no,unknown,19,may,131,2,-1,0,unknown,0
2754,31,management,married,tertiary,no,0,no,no,cellular,26,aug,76,2,-1,0,unknown,0
3152,66,retired,married,secondary,no,2048,no,no,cellular,27,aug,212,1,-1,0,unknown,1
2120,39,housemaid,married,tertiary,no,2990,no,no,telephone,30,apr,127,4,-1,0,unknown,0
9046,36,management,divorced,tertiary,yes,36,no,no,cellular,6,aug,836,4,-1,0,unknown,1
8020,41,management,married,tertiary,no,144,no,no,cellular,27,feb,123,3,-1,0,unknown,0
799,36,technician,single,secondary,no,27,yes,no,cellular,9,feb,631,1,260,2,success,1
6812,42,blue-collar,married,primary,no,205,yes,no,cellular,17,apr,582,1,-1,0,unknown,0
6063,37,technician,single,secondary,no,228,yes,no,cellular,20,aug,1740,2,-1,0,unknown,0
6564,36,admin.,married,secondary,no,1207,yes,no,cellular,19,nov,1792,2,-1,0,unknown,1
7857,58,unknown,married,unknown,no,68,no,no,cellular,2,apr,268,1,-1,0,unknown,1
10029,57,retired,married,secondary,no,1044,no,no,telephone,12,jul,567,1,182,3,success,1
8252,24,student,single,primary,no,474,no,no,cellular,30,apr,551,1,-1,0,unknown,1
9831,44,admin.,divorced,secondary,no,777,yes,no,cellular,18,may,517,3,350,2,failure,0
397,39,technician,single,secondary,no,4646,yes,no,cellular,18,nov,486,1,-1,0,unknown,1
3117,28,technician,married,secondary,no,1086,yes,no,cellular,20,apr,1112,3,-1,0,unknown,1
7004,54,entrepreneur,married,tertiary,no,0,no,no,cellular,30,jul,250,5,-1,0,unknown,0
1903,38,admin.,single,secondary,no,2600,yes,no,cellular,19,nov,67,1,-1,0,unknown,0
37,33,management,single,tertiary,no,1304,yes,no,cellular,18,may,536,2,-1,0,unknown,1
3067,34,admin.,married,secondary,no,445,no,no,cellular,19,aug,256,2,-1,0,unknown,0
3110,55,management,married,primary,no,384,no,no,telephone,4,feb,75,1,-1,0,unknown,0
4873,53,management,married,tertiary,no,1624,no,no,cellular,5,feb,158,3,-1,0,unknown,1
8595,44,admin.,single,secondary,no,733,yes,no,cellular,4,dec,360,2,105,5,success,1
73,48,blue-collar,married,primary,no,214,yes,yes,cellular,18,nov,246,1,162,1,failure,0
2982,23,student,single,secondary,no,0,no,no,cellular,30,apr,297,1,83,6,success,1
9196,42,blue-collar,married,primary,no,803,yes,no,unknown,7,may,171,2,-1,0,unknown,0
10334,32,blue-collar,married,primary,no,0,yes,yes,cellular,8,may,82,2,361,4,failure,0
7451,33,blue-collar,single,primary,no,1,yes,no,cellular,20,apr,257,1,-1,0,unknown,0
9513,59,management,married,tertiary,no,1585,no,no,telephone,28,aug,91,5,-1,0,unknown,0
5730,26,management,single,tertiary,no,45,no,no,cellular,10,jul,1187,3,-1,0,unknown,1
10202,48,entrepreneur,married,secondary,no,0,no,yes,cellular,28,jul,431,2,-1,0,unknown,1
8626,42,technician,single,tertiary,no,2625,no,no,cellular,29,jul,2516,2,-1,0,unknown,1
9898,87,retired,married,primary,no,2190,no,no,telephone,12,jan,512,2,-1,0,unknown,1
9894,37,management,married,tertiary,no,3556,no,no,cellular,9,nov,268,1,-1,0,unknown,1
5481,33,technician,divorced,tertiary,no,0,yes,no,cellular,2,jun,72,1,-1,0,unknown,0
9843,79,retired,married,secondary,no,8304,no,no,cellular,9,dec,456,2,275,9,success,1
4631,32,student,married,secondary,no,1536,no,no,cellular,7,aug,289,2,-1,0,unknown,1
8059,47,services,married,secondary,no,1315,no,no,cellular,20,nov,329,4,-1,0,unknown,1
11017,27,student,single,tertiary,no,1134,no,no,cellular,21,oct,825,1,183,4,success,1
10420,34,blue-collar,married,secondary,no,-257,yes,no,cellular,15,may,160,1,368,4,failure,0
10232,31,management,single,tertiary,no,825,yes,no,unknown,21,may,506,2,-1,0,unknown,1
3458,27,admin.,single,secondary,no,261,yes,yes,cellular,3,jun,592,4,-1,0,unknown,1
9728,34,services,married,secondary,no,40,yes,no,cellular,17,jul,302,2,-1,0,unknown,0
10614,57,housemaid,divorced,primary,no,0,no,no,unknown,9,jun,97,1,-1,0,unknown,0
10047,53,blue-collar,married,secondary,no,1653,no,no,unknown,17,jun,88,2,-1,0,unknown,0
4281,35,management,single,tertiary,no,1756,no,no,cellular,20,aug,195,1,-1,0,unknown,1
2322,42,unemployed,divorced,secondary,no,759,no,no,cellular,28,jan,97,1,169,3,failure,0
10908,37,admin.,divorced,tertiary,no,-65,no,no,cellular,21,jul,226,1,-1,0,unknown,0
5855,31,blue-collar,single,secondary,no,228,no,no,cellular,6,aug,744,1,88,4,other,1
4486,36,management,married,tertiary,no,-861,yes,yes,cellular,28,jul,53,2,-1,0,unknown,0
1799,33,management,single,tertiary,no,952,yes,no,cellular,29,apr,1241,5,-1,0,unknown,1
10488,59,housemaid,married,primary,no,100,no,no,cellular,5,aug,1134,1,-1,0,unknown,1
998,59,entrepreneur,married,primary,no,222,no,no,cellular,18,nov,97,1,-1,0,unknown,0
8963,80,retired,married,secondary,no,173,no,no,cellular,2,aug,87,3,-1,0,unknown,0
1329,48,services,divorced,unknown,no,973,no,no,cellular,8,oct,319,1,134,2,success,1
1354,38,admin.,married,secondary,no,755,yes,no,cellular,17,feb,120,1,-1,0,unknown,1
4465,30,management,married,tertiary,no,5381,no,no,cellular,17,nov,375,1,-1,0,unknown,0
56,29,management,single,tertiary,no,92,no,no,cellular,2,jun,101,1,92,5,success,0
10948,46,technician,married,secondary,no,363,yes,no,cellular,6,aug,209,3,-1,0,unknown,0
496,32,services,married,secondary,no,914,no,no,cellular,15,jun,372,1,-1,0,unknown,1
3909,31,unknown,married,secondary,no,111,no,no,cellular,21,nov,504,2,93,2,failure,1
9533,29,management,married,tertiary,no,7832,yes,no,unknown,27,may,304,2,-1,0,unknown,0
872,37,services,single,secondary,no,50,no,no,cellular,19,nov,244,1,154,8,other,0
11055,79,retired,married,secondary,no,2661,no,no,cellular,10,nov,254,5,-1,0,unknown,1
6538,40,blue-collar,married,secondary,no,1954,no,no,cellular,31,jul,1107,2,-1,0,unknown,1
1572,26,student,single,secondary,no,2572,yes,no,cellular,5,may,620,1,-1,0,unknown,0
7520,38,admin.,divorced,secondary,no,-51,no,yes,cellular,30,jan,102,1,-1,0,unknown,0
2011,46,management,married,tertiary,no,4693,no,yes,cellular,7,aug,79,1,394,2,failure,1
684,29,services,divorced,secondary,no,84,yes,no,cellular,13,apr,1101,2,-1,0,unknown,1
2935,27,blue-collar,single,secondary,no,535,no,no,cellular,16,nov,183,1,94,1,success,1
5265,30,management,married,tertiary,no,-181,yes,no,cellular,19,nov,621,2,-1,0,unknown,0
9784,45,admin.,married,secondary,no,805,yes,no,unknown,15,may,186,3,-1,0,unknown,0
2537,27,student,single,tertiary,no,39,no,no,cellular,17,may,379,1,258,10,other,1
907,50,technician,married,secondary,no,3176,no,no,cellular,7,aug,670,1,-1,0,unknown,1
4363,40,management,married,tertiary,no,-63,no,yes,cellular,2,jul,196,1,-1,0,unknown,0
5567,56,blue-collar,married,secondary,no,448,yes,yes,cellular,17,may,556,1,181,2,other,1
7297,30,blue-collar,single,secondary,no,-93,yes,no,unknown,27,may,149,2,-1,0,unknown,0
3619,46,admin.,married,secondary,no,22,no,no,cellular,26,aug,388,6,-1,0,unknown,1
7325,33,technician,married,secondary,no,5083,no,no,cellular,27,oct,161,1,96,2,other,0
3985,36,technician,married,secondary,no,3,no,no,cellular,20,aug,100,4,-1,0,unknown,0
5216,38,self-employed,single,secondary,no,592,no,no,cellular,6,may,275,1,-1,0,unknown,0
8333,41,entrepreneur,married,secondary,no,30,no,no,cellular,30,apr,460,1,-1,0,unknown,1
743,43,retired,married,secondary,no,860,no,no,telephone,30,oct,132,1,-1,0,unknown,1
8353,31,student,single,secondary,no,3511,no,no,cellular,6,oct,311,1,96,1,success,1
9500,25,management,single,tertiary,no,219,no,no,cellular,30,apr,458,1,-1,0,unknown,1
6139,58,management,married,tertiary,no,3342,no,no,cellular,5,feb,344,5,-1,0,unknown,1
8679,31,management,single,tertiary,no,1619,no,no,cellular,30,apr,327,2,-1,0,unknown,1
5975,34,management,married,tertiary,no,3696,no,no,cellular,8,apr,758,2,160,5,other,1
6794,34,technician,divorced,secondary,no,259,no,no,cellular,11,aug,316,2,-1,0,unknown,0
5805,30,management,single,tertiary,no,1466,no,no,cellular,12,aug,111,4,-1,0,unknown,0
10577,42,management,divorced,secondary,no,-272,no,no,cellular,8,jul,186,1,-1,0,unknown,0
4118,50,services,married,secondary,no,77,no,no,cellular,27,may,138,2,-1,0,unknown,0
1465,34,blue-collar,married,secondary,no,-436,yes,no,unknown,26,may,317,1,-1,0,unknown,0
3545,36,management,married,tertiary,no,495,no,no,cellular,5,aug,157,3,97,2,success,1
10148,60,retired,divorced,secondary,no,496,yes,no,cellular,15,may,655,2,-1,0,unknown,1
8108,59,retired,married,primary,no,-411,no,no,cellular,29,jan,225,1,-1,0,unknown,0
5905,32,management,divorced,tertiary,no,874,no,no,cellular,12,aug,1282,6,-1,0,unknown,1
9525,57,management,married,tertiary,no,1410,yes,no,cellular,10,jul,185,1,-1,0,unknown,0
9824,23,technician,single,secondary,no,283,yes,no,cellular,22,sep,175,1,184,2,success,1
4765,39,admin.,single,secondary,no,6512,no,no,unknown,20,jun,16,6,-1,0,unknown,0
10448,43,admin.,single,secondary,no,1707,yes,no,cellular,6,sep,369,3,504,5,other,1
4324,48,technician,married,secondary,no,862,no,no,cellular,30,jul,160,2,-1,0,unknown,0
10403,49,admin.,single,secondary,no,7426,no,no,telephone,20,nov,65,2,-1,0,unknown,0
3694,54,blue-collar,married,primary,no,316,yes,no,cellular,14,may,240,1,-1,0,unknown,0
8475,32,entrepreneur,married,tertiary,no,762,no,no,cellular,19,jul,187,11,-1,0,unknown,1
9245,50,technician,married,secondary,no,2497,yes,no,cellular,21,nov,35,1,176,1,failure,0
7648,32,services,single,secondary,no,1659,yes,no,unknown,30,may,120,6,-1,0,unknown,0
6170,64,retired,married,unknown,no,34,no,no,cellular,26,aug,244,2,-1,0,unknown,1
1299,45,management,single,tertiary,no,997,no,yes,cellular,19,nov,152,1,-1,0,unknown,0
229,26,student,single,tertiary,no,10086,no,no,cellular,21,apr,110,2,-1,0,unknown,1
7839,41,blue-collar,married,secondary,no,4910,yes,no,cellular,3,apr,1090,1,-1,0,unknown,0
8212,38,admin.,married,secondary,no,0,yes,no,cellular,8,sep,210,1,92,3,success,1
449,62,management,married,tertiary,no,557,no,no,cellular,14,aug,185,1,-1,0,unknown,1
2557,28,admin.,single,secondary,no,-170,no,yes,cellular,10,jul,720,2,-1,0,unknown,1
4922,52,entrepreneur,divorced,secondary,no,105,no,yes,telephone,22,jul,275,4,-1,0,unknown,0
93,45,admin.,married,secondary,no,3006,no,no,cellular,29,apr,388,2,-1,0,unknown,1
4243,33,services,married,secondary,no,227,yes,yes,cellular,13,aug,477,2,-1,0,unknown,1
5449,32,services,single,secondary,no,2459,yes,yes,unknown,23,may,162,1,-1,0,unknown,0
183,26,self-employed,single,tertiary,no,2857,no,no,cellular,3,jul,446,1,-1,0,unknown,1
9153,32,technician,married,secondary,no,2556,no,no,cellular,6,aug,269,3,-1,0,unknown,0
9942,42,technician,married,secondary,no,3082,no,no,cellular,11,sep,285,1,-1,0,unknown,1
2737,44,management,married,unknown,no,2982,no,no,unknown,16,jun,55,2,-1,0,unknown,0
1963,42,services,married,tertiary,no,12223,yes,no,cellular,19,nov,36,1,-1,0,unknown,0
5891,38,entrepreneur,married,unknown,no,259,no,no,cellular,18,nov,63,1,-1,0,unknown,0
3095,25,student,single,secondary,no,1957,no,no,cellular,24,jun,1207,4,385,1,failure,1
6614,58,self-employed,married,tertiary,no,-364,yes,no,unknown,5,may,355,1,-1,0,unknown,0
2800,27,unemployed,single,primary,no,9,no,yes,cellular,9,jul,919,2,-1,0,unknown,1
1591,28,admin.,married,secondary,no,330,no,no,cellular,2,dec,357,1,188,3,other,1
2176,43,admin.,married,secondary,no,877,yes,no,cellular,2,feb,135,1,-1,0,unknown,0
7102,40,blue-collar,divorced,secondary,no,973,no,no,cellular,14,may,449,1,-1,0,unknown,1
11113,40,technician,married,secondary,no,7313,yes,no,cellular,18,nov,241,2,182,1,failure,0
2504,33,admin.,married,secondary,no,7,yes,no,cellular,17,apr,612,1,148,1,failure,0
8829,45,management,divorced,secondary,no,644,yes,no,unknown,4,jun,633,1,-1,0,unknown,1
7025,47,technician,married,tertiary,no,2408,no,no,cellular,30,apr,376,1,-1,0,unknown,1
2874,51,housemaid,divorced,primary,no,127,no,no,unknown,13,sep,69,1,-1,0,unknown,0
8623,31,management,single,tertiary,no,5205,no,no,cellular,9,jun,529,2,-1,0,unknown,1
4991,38,entrepreneur,married,tertiary,no,7752,yes,no,cellular,15,jul,138,4,-1,0,unknown,0
6333,62,management,married,tertiary,no,0,no,no,cellular,13,apr,113,3,182,3,failure,0
7386,55,admin.,married,secondary,no,8304,no,no,cellular,1,sep,193,1,92,1,success,1
640,39,blue-collar,single,secondary,no,522,yes,no,telephone,14,may,225,7,350,2,failure,0
7847,50,services,married,secondary,no,3169,no,no,cellular,13,aug,399,1,430,1,failure,1
5155,59,admin.,married,secondary,no,3735,no,no,cellular,18,mar,203,4,121,2,failure,1
3598,31,blue-collar,divorced,secondary,no,-277,yes,no,telephone,17,jul,1008,2,-1,0,unknown,1
3533,53,technician,married,secondary,no,1982,yes,yes,cellular,27,nov,160,1,-1,0,unknown,1
6623,54,technician,married,secondary,no,1938,no,yes,cellular,28,jul,551,3,-1,0,unknown,1
1694,46,blue-collar,married,secondary,no,2348,no,no,cellular,17,nov,182,1,-1,0,unknown,0
6979,30,services,single,secondary,no,1881,no,yes,unknown,26,jun,29,1,-1,0,unknown,0
10640,49,admin.,married,secondary,no,1096,yes,no,cellular,17,apr,609,1,303,5,failure,0
9385,24,services,single,secondary,no,11,yes,no,unknown,27,jun,114,4,-1,0,unknown,0
11064,53,technician,married,secondary,no,-725,yes,no,unknown,27,may,1205,1,-1,0,unknown,1
2271,27,student,married,secondary,no,119,yes,no,cellular,16,jul,781,2,-1,0,unknown,1
3969,27,services,single,secondary,no,1347,no,no,telephone,28,dec,824,1,193,11,success,1
7936,58,admin.,married,primary,no,879,yes,no,unknown,16,may,242,7,-1,0,unknown,0
4175,29,blue-collar,single,tertiary,no,98,no,no,cellular,10,aug,170,2,-1,0,unknown,0
8494,51,unemployed,married,tertiary,no,1801,no,no,cellular,16,apr,838,3,-1,0,unknown,1
1119,29,unemployed,single,tertiary,no,497,yes,no,cellular,18,may,642,3,298,6,success,1
3178,39,technician,married,secondary,no,3494,yes,no,cellular,19,nov,139,1,92,4,failure,0
6114,44,admin.,divorced,secondary,no,-43,yes,yes,cellular,20,apr,206,1,-1,0,unknown,0
6163,52,services,married,secondary,no,659,no,no,cellular,28,jan,390,4,93,1,success,1
4742,37,management,married,tertiary,no,578,yes,no,cellular,8,aug,401,4,-1,0,unknown,0
8951,33,management,single,tertiary,no,0,no,no,cellular,27,aug,191,4,-1,0,unknown,0
1516,40,admin.,single,unknown,no,355,yes,no,cellular,7,apr,345,2,138,6,other,0
11154,32,admin.,single,secondary,no,131,yes,no,cellular,22,jun,522,1,183,2,success,1
3845,80,retired,married,secondary,no,668,no,no,telephone,8,jul,250,1,371,1,success,1
4965,35,management,single,tertiary,no,1750,yes,no,cellular,30,apr,687,1,9,3,success,1
3316,31,admin.,single,secondary,no,747,yes,no,unknown,26,may,543,2,-1,0,unknown,1
2707,31,management,single,tertiary,no,533,no,no,telephone,12,may,372,1,90,10,success,1
5544,24,blue-collar,single,secondary,no,833,yes,no,cellular,15,may,956,1,-1,0,unknown,1
1518,47,blue-collar,married,primary,no,2,yes,yes,cellular,20,nov,661,4,190,1,failure,0
1728,48,unknown,married,unknown,no,558,no,no,cellular,25,aug,433,6,-1,0,unknown,0
9049,53,services,married,unknown,no,257,yes,no,unknown,5,may,209,2,-1,0,unknown,0
927,45,admin.,single,secondary,no,-11,yes,no,cellular,5,may,247,1,-1,0,unknown,0
1839,49,technician,married,tertiary,no,80,no,no,cellular,17,jul,123,1,-1,0,unknown,0
1558,39,housemaid,married,primary,no,267,no,no,unknown,9,jun,1151,5,-1,0,unknown,0
5144,35,admin.,divorced,secondary,no,3636,no,yes,cellular,21,nov,808,2,-1,0,unknown,1
3567,46,entrepreneur,married,tertiary,no,1920,no,no,cellular,22,aug,604,6,-1,0,unknown,1
7456,41,technician,single,primary,no,340,yes,no,cellular,13,may,262,1,349,1,failure,0
9694,51,admin.,divorced,secondary,no,2195,yes,no,unknown,13,may,59,1,-1,0,unknown,0
1179,41,technician,single,tertiary,no,-89,yes,no,cellular,3,feb,195,4,251,4,failure,0
1420,75,retired,married,primary,no,3324,no,no,cellular,2,feb,149,1,-1,0,unknown,0
2156,29,management,married,tertiary,no,205,no,no,cellular,4,jun,787,1,-1,0,unknown,1
5713,30,services,married,secondary,no,699,yes,no,unknown,29,may,544,1,-1,0,unknown,0
200,30,blue-collar,divorced,secondary,yes,457,yes,no,unknown,20,jun,115,20,-1,0,unknown,0
415,42,unemployed,married,secondary,no,1289,no,no,cellular,15,oct,1176,3,92,6,success,1
8394,56,services,married,secondary,no,1989,no,no,cellular,3,aug,279,4,181,4,success,1
2923,31,management,single,tertiary,no,713,no,no,cellular,28,aug,162,1,-1,0,unknown,0
9946,36,blue-collar,married,secondary,no,1797,yes,yes,cellular,17,nov,166,1,181,2,failure,0
1365,59,blue-collar,married,unknown,no,337,no,no,unknown,18,jun,100,4,-1,0,unknown,0
2916,34,entrepreneur,married,tertiary,no,105,yes,no,unknown,28,may,249,2,-1,0,unknown,0
5688,47,housemaid,married,primary,no,0,yes,no,telephone,24,jul,193,1,-1,0,unknown,0
8918,52,technician,married,secondary,no,851,no,no,unknown,17,jun,87,2,-1,0,unknown,0
8872,49,management,divorced,tertiary,no,178,no,no,cellular,6,aug,174,2,-1,0,unknown,0
9310,53,technician,married,secondary,no,6831,no,no,cellular,13,may,1130,2,-1,0,unknown,1
10034,38,technician,married,tertiary,no,3234,no,no,cellular,18,nov,578,2,-1,0,unknown,1
8051,33,management,married,secondary,no,369,no,no,cellular,11,feb,446,1,-1,0,unknown,1
6944,35,admin.,single,secondary,no,0,yes,no,cellular,8,may,376,3,-1,0,unknown,0
7489,55,services,married,secondary,no,244,yes,no,cellular,8,may,171,1,-1,0,unknown,0
6050,37,management,single,tertiary,no,8828,no,no,unknown,12,jun,1010,3,-1,0,unknown,1
8224,46,admin.,married,primary,no,469,yes,no,cellular,2,feb,75,1,264,10,other,0
10804,44,management,married,unknown,no,282,no,no,cellular,6,oct,296,3,-1,0,unknown,1
1325,34,services,married,secondary,no,1337,no,no,cellular,17,dec,330,2,127,3,success,1
10505,42,admin.,single,secondary,no,1143,yes,yes,telephone,17,nov,106,1,-1,0,unknown,0
3334,27,self-employed,single,tertiary,no,147,no,no,cellular,22,jun,111,5,-1,0,unknown,0
1065,35,blue-collar,married,primary,no,624,yes,no,unknown,7,may,163,1,-1,0,unknown,0
5018,36,self-employed,married,tertiary,no,506,no,no,cellular,3,nov,217,1,70,2,failure,1
9503,18,student,single,unknown,no,108,no,no,cellular,9,feb,92,1,183,1,success,1
5037,41,technician,married,secondary,no,0,no,no,cellular,28,jan,411,2,156,8,other,0
3312,34,blue-collar,married,secondary,no,1207,yes,no,unknown,21,may,905,1,-1,0,unknown,1
6495,35,admin.,divorced,secondary,no,1224,yes,no,cellular,3,nov,187,1,-1,0,unknown,1
5851,51,technician,married,tertiary,no,1347,yes,yes,cellular,10,feb,160,1,243,1,failure,1
9405,26,blue-collar,single,tertiary,no,567,no,no,cellular,25,may,421,1,-1,0,unknown,1
6051,30,services,married,tertiary,no,81,no,no,cellular,22,apr,145,1,-1,0,unknown,1
860,29,entrepreneur,single,tertiary,no,219,yes,no,cellular,18,may,76,2,356,1,failure,0
890,29,blue-collar,single,secondary,no,2891,yes,no,cellular,7,may,293,1,-1,0,unknown,0
7531,29,student,single,secondary,no,314,no,no,cellular,13,aug,485,3,105,1,success,0
9987,57,retired,married,unknown,no,-157,no,no,cellular,28,aug,31,9,-1,0,unknown,0
3936,49,technician,divorced,secondary,no,2677,yes,yes,cellular,31,jul,67,3,-1,0,unknown,0
10777,27,blue-collar,single,tertiary,no,567,no,no,cellular,25,nov,238,2,184,1,success,1
2567,44,blue-collar,married,secondary,no,1025,yes,no,unknown,18,jun,200,1,-1,0,unknown,0
5717,32,blue-collar,divorced,secondary,no,880,yes,yes,unknown,4,jun,112,1,-1,0,unknown,0
7238,30,admin.,single,secondary,no,873,no,no,cellular,7,oct,301,1,216,2,failure,0
9407,32,technician,married,secondary,no,3271,no,no,cellular,12,feb,375,1,374,1,other,1
9360,69,retired,married,primary,no,2346,no,no,cellular,11,feb,354,2,-1,0,unknown,1
10110,43,services,divorced,secondary,no,1040,yes,no,unknown,19,may,552,3,-1,0,unknown,1
6866,28,unemployed,married,secondary,no,-42,yes,yes,cellular,31,jul,143,4,-1,0,unknown,0
2742,57,management,divorced,unknown,no,854,no,no,cellular,27,aug,700,4,92,1,failure,1
8474,39,blue-collar,married,secondary,no,62,yes,no,cellular,7,may,877,3,-1,0,unknown,1
1283,39,services,married,tertiary,no,1493,no,no,cellular,9,feb,912,3,-1,0,unknown,1
1569,54,management,married,tertiary,no,1014,no,yes,cellular,30,apr,240,1,162,2,failure,1
2232,34,admin.,married,tertiary,no,1636,yes,yes,cellular,6,sep,136,1,521,2,failure,0
10124,30,blue-collar,married,secondary,no,128,yes,no,unknown,14,may,273,1,-1,0,unknown,0
3168,57,unemployed,married,secondary,no,890,no,no,cellular,5,feb,343,4,-1,0,unknown,0
5468,28,student,single,secondary,no,153,no,no,cellular,23,jul,1124,2,-1,0,unknown,1
8769,42,self-employed,married,secondary,no,240,yes,no,cellular,4,feb,183,1,189,16,other,0
7595,53,self-employed,married,primary,no,6,yes,no,unknown,27,may,233,2,-1,0,unknown,0
7578,41,admin.,married,tertiary,no,1536,no,no,cellular,7,aug,273,1,95,2,failure,1
8619,64,retired,married,tertiary,no,380,no,no,cellular,25,aug,479,1,-1,0,unknown,1
9969,40,admin.,single,tertiary,no,27,no,no,cellular,20,aug,467,2,-1,0,unknown,1
373,32,blue-collar,single,secondary,no,413,yes,no,cellular,19,nov,270,1,-1,0,unknown,0
8921,54,management,married,tertiary,no,2819,no,no,cellular,7,aug,123,3,-1,0,unknown,0
7521,36,admin.,single,secondary,no,148,yes,no,cellular,15,may,1357,4,374,2,failure,1
4143,74,retired,married,tertiary,no,1843,no,no,cellular,15,mar,192,1,185,2,success,1
2187,30,technician,married,secondary,no,418,yes,no,unknown,3,jun,112,1,-1,0,unknown,0
10035,59,retired,divorced,unknown,no,-49,yes,no,unknown,13,may,248,2,-1,0,unknown,0
2853,37,blue-collar,married,secondary,no,1330,no,no,cellular,30,apr,390,1,-1,0,unknown,1
6483,39,blue-collar,married,secondary,no,2467,no,no,cellular,19,jul,207,2,276,3,other,1
986,36,technician,single,secondary,no,265,yes,yes,unknown,5,may,348,1,-1,0,unknown,0
7579,46,admin.,married,secondary,no,517,yes,no,cellular,5,may,29,3,-1,0,unknown,0
11066,47,technician,married,secondary,no,19,yes,no,unknown,6,may,105,2,-1,0,unknown,0
8077,48,admin.,married,secondary,no,1060,yes,no,cellular,20,apr,87,2,318,3,failure,0
8091,41,admin.,married,secondary,no,0,yes,no,cellular,17,nov,595,2,-1,0,unknown,0
1582,40,services,divorced,primary,no,1937,yes,no,unknown,2,jun,86,1,-1,0,unknown,0
2535,34,admin.,married,secondary,no,869,no,no,unknown,6,may,1677,1,-1,0,unknown,1
4164,44,admin.,divorced,secondary,no,0,no,no,cellular,14,apr,1594,1,148,1,failure,1
8028,47,housemaid,married,secondary,yes,-1531,yes,no,cellular,31,jul,156,8,-1,0,unknown,0
1801,42,services,married,secondary,no,1376,yes,no,cellular,2,mar,712,4,-1,0,unknown,1
9393,27,technician,divorced,secondary,no,21,yes,no,cellular,18,may,336,1,356,1,failure,0
10183,45,unemployed,divorced,secondary,no,-44,yes,no,cellular,7,jul,256,2,-1,0,unknown,0
4774,40,blue-collar,married,secondary,no,1451,no,no,cellular,30,sep,117,1,121,1,success,1
6105,32,blue-collar,married,secondary,no,1,yes,no,unknown,8,may,102,1,-1,0,unknown,0
7801,38,blue-collar,single,primary,no,947,yes,no,cellular,12,may,361,2,-1,0,unknown,0
9053,36,admin.,single,secondary,no,191,yes,no,cellular,25,jul,18,7,-1,0,unknown,0
5130,59,services,married,secondary,no,307,yes,yes,unknown,6,may,250,7,-1,0,unknown,0
2720,43,self-employed,married,secondary,no,14144,yes,no,cellular,21,nov,504,1,-1,0,unknown,1
1152,38,technician,married,secondary,no,381,yes,no,unknown,29,may,126,2,-1,0,unknown,0
10746,43,management,divorced,tertiary,no,666,no,no,cellular,13,aug,160,3,-1,0,unknown,0
7851,33,management,single,tertiary,no,87,no,no,cellular,12,aug,978,1,-1,0,unknown,1
9706,62,retired,married,secondary,no,1495,no,no,cellular,2,feb,265,1,-1,0,unknown,1
7908,54,self-employed,divorced,primary,no,4382,yes,no,telephone,18,may,193,4,-1,0,unknown,0
5670,35,management,married,tertiary,no,2682,yes,no,cellular,9,jul,156,1,-1,0,unknown,0
941,44,blue-collar,married,secondary,no,-448,yes,no,unknown,18,jun,149,2,-1,0,unknown,0
598,59,technician,married,secondary,no,7766,yes,no,cellular,25,feb,1422,1,461,1,failure,1
2488,52,technician,married,secondary,no,371,yes,yes,cellular,21,apr,224,2,182,1,success,1
7446,56,services,married,secondary,no,0,no,no,cellular,13,aug,112,4,-1,0,unknown,0
2864,34,services,divorced,secondary,no,89,yes,no,cellular,15,may,1871,4,-1,0,unknown,1
7274,32,services,single,secondary,no,-198,yes,no,unknown,21,may,681,3,-1,0,unknown,1
3630,31,technician,single,tertiary,no,176,no,no,cellular,21,aug,241,4,-1,0,unknown,0
1691,44,services,single,secondary,no,0,yes,no,unknown,14,may,198,1,-1,0,unknown,0
4244,35,admin.,married,secondary,no,898,yes,no,cellular,9,apr,214,1,-1,0,unknown,1
1878,34,self-employed,single,secondary,no,1261,yes,no,cellular,9,apr,169,2,-1,0,unknown,0
494,52,technician,divorced,secondary,no,204,no,no,cellular,7,aug,134,2,-1,0,unknown,0
5008,39,management,single,secondary,no,120,no,no,unknown,12,jun,66,1,-1,0,unknown,0
8968,41,blue-collar,divorced,secondary,no,3,yes,no,cellular,31,jul,228,4,-1,0,unknown,0
2965,27,management,single,secondary,no,967,yes,no,unknown,21,may,162,1,-1,0,unknown,0
6358,51,blue-collar,divorced,primary,no,-19,yes,no,cellular,13,may,829,1,296,11,failure,1
5086,50,housemaid,single,primary,no,1158,yes,no,cellular,3,feb,116,3,265,3,failure,0
6160,42,management,married,tertiary,no,1205,no,no,telephone,8,sep,376,2,-1,0,unknown,1
8058,59,retired,married,secondary,no,1521,yes,yes,unknown,14,may,1125,2,-1,0,unknown,1
4157,77,retired,married,secondary,no,638,no,no,cellular,7,aug,453,1,-1,0,unknown,1
4688,25,services,single,tertiary,no,130,yes,no,cellular,16,jul,49,1,-1,0,unknown,0
409,22,student,single,secondary,no,216,no,no,cellular,6,aug,178,1,179,2,success,1
3527,39,blue-collar,married,primary,no,34,yes,no,unknown,27,may,114,1,-1,0,unknown,0
3633,51,self-employed,married,unknown,no,2094,no,no,cellular,8,jun,458,6,-1,0,unknown,1
4150,37,management,married,tertiary,no,789,yes,yes,cellular,11,aug,93,1,190,2,other,0
7710,82,retired,married,unknown,no,211,no,no,telephone,22,apr,195,3,-1,0,unknown,0
2365,28,admin.,married,secondary,no,157,yes,yes,cellular,28,jul,164,2,-1,0,unknown,0
6443,38,admin.,married,tertiary,no,1988,no,no,cellular,2,jun,103,1,67,4,success,1
7152,33,admin.,single,secondary,no,1437,yes,no,unknown,21,may,641,1,-1,0,unknown,0
139,35,services,married,tertiary,no,4564,no,no,cellular,18,aug,45,6,-1,0,unknown,0
7816,51,admin.,married,primary,no,1330,yes,no,unknown,15,may,415,8,-1,0,unknown,0
1597,33,management,married,tertiary,no,968,no,yes,cellular,28,aug,95,10,-1,0,unknown,0
6599,25,admin.,single,tertiary,no,1185,no,no,cellular,7,oct,290,1,114,1,failure,1
559,35,management,single,tertiary,no,644,yes,no,unknown,30,may,120,2,-1,0,unknown,0
7897,33,management,married,tertiary,no,0,yes,no,cellular,14,apr,535,3,328,1,failure,1
9145,79,retired,married,secondary,no,723,no,no,telephone,9,sep,276,1,79,3,failure,1
10603,28,student,single,secondary,no,1377,yes,no,cellular,14,may,688,2,-1,0,unknown,1
4708,31,management,married,tertiary,no,4328,no,no,cellular,12,oct,203,4,165,14,success,1
7264,45,management,single,tertiary,no,2048,yes,no,cellular,18,oct,310,1,804,1,failure,1
7079,30,services,divorced,primary,no,459,yes,no,cellular,18,jul,494,1,-1,0,unknown,1
9583,32,technician,single,tertiary,no,550,no,no,cellular,19,nov,337,1,-1,0,unknown,1
2893,42,services,married,secondary,no,108,yes,yes,cellular,13,may,225,2,365,7,failure,0
2910,47,services,married,secondary,no,2070,yes,yes,unknown,26,may,136,1,-1,0,unknown,0
7443,32,management,single,tertiary,no,131,no,no,unknown,3,jun,267,3,-1,0,unknown,0
556,40,entrepreneur,married,secondary,no,6403,no,no,cellular,22,sep,208,2,-1,0,unknown,1
3671,27,technician,married,tertiary,no,8,yes,yes,cellular,18,may,398,1,370,2,failure,0
4313,42,blue-collar,married,primary,no,2003,yes,no,cellular,17,apr,177,3,-1,0,unknown,0
1501,43,admin.,divorced,secondary,no,729,yes,no,unknown,30,may,668,2,-1,0,unknown,0
8171,53,management,divorced,secondary,no,1004,no,yes,telephone,22,dec,119,1,-1,0,unknown,1
6235,46,management,married,tertiary,no,699,no,no,cellular,2,feb,241,1,-1,0,unknown,0
2890,45,admin.,married,secondary,no,1097,yes,yes,cellular,2,feb,174,1,208,1,failure,0
10555,33,technician,married,secondary,no,0,yes,yes,cellular,19,nov,163,2,-1,0,unknown,0
1090,64,retired,divorced,secondary,no,630,no,no,cellular,21,aug,97,1,-1,0,unknown,0
282,56,technician,married,tertiary,no,1181,no,no,cellular,28,jan,186,1,433,1,failure,1
7622,36,management,married,tertiary,no,3949,no,no,cellular,28,jan,130,2,-1,0,unknown,1
4737,87,retired,married,secondary,no,433,no,no,telephone,15,dec,150,1,-1,0,unknown,0
676,36,management,divorced,tertiary,no,-978,yes,no,cellular,13,may,62,3,-1,0,unknown,0
5796,44,management,married,tertiary,no,1954,no,no,cellular,2,jun,294,1,-1,0,unknown,1
4300,42,housemaid,married,unknown,no,302,yes,no,cellular,11,jul,342,2,-1,0,unknown,0
2510,55,technician,married,unknown,no,1393,yes,yes,telephone,21,nov,55,5,-1,0,unknown,0
10322,33,blue-collar,married,secondary,no,0,yes,yes,cellular,31,jul,16,43,-1,0,unknown,0
8316,31,blue-collar,single,primary,no,2369,yes,no,cellular,18,may,87,1,-1,0,unknown,0
7878,30,technician,married,secondary,no,1011,yes,no,unknown,16,may,109,1,-1,0,unknown,0
5932,29,student,single,secondary,no,110,yes,no,unknown,7,may,169,3,-1,0,unknown,0
10408,35,student,married,tertiary,no,387,yes,no,cellular,8,may,1024,3,347,3,failure,1
8806,25,admin.,married,unknown,no,349,yes,no,cellular,22,jul,1037,8,-1,0,unknown,1
8540,32,management,single,tertiary,no,2915,no,no,cellular,8,sep,519,1,131,2,failure,1
2523,60,retired,divorced,tertiary,no,-134,no,no,cellular,12,may,243,1,271,4,failure,0
6264,70,retired,married,primary,no,3230,no,no,cellular,24,nov,112,1,-1,0,unknown,0
4679,35,admin.,single,secondary,no,0,yes,no,cellular,13,may,1073,1,-1,0,unknown,1
6183,43,technician,single,tertiary,no,1017,yes,no,unknown,19,may,257,2,-1,0,unknown,0
5933,35,services,divorced,secondary,no,-718,yes,no,cellular,21,nov,47,1,-1,0,unknown,0
1701,54,management,married,primary,no,366,yes,no,unknown,15,may,589,1,-1,0,unknown,0
1605,34,admin.,married,secondary,no,641,yes,yes,unknown,16,may,467,1,-1,0,unknown,0
3996,44,admin.,single,secondary,no,1534,no,no,cellular,7,aug,166,1,99,2,other,1
8476,53,blue-collar,married,primary,no,4641,no,no,unknown,16,jun,356,2,-1,0,unknown,0
8849,36,services,married,secondary,no,52,yes,no,cellular,7,sep,351,1,95,6,success,1
10712,55,retired,married,primary,no,1821,no,no,cellular,8,aug,224,2,-1,0,unknown,0
5524,77,retired,married,tertiary,no,1047,no,no,cellular,30,jun,108,5,-1,0,unknown,0
7109,30,management,single,tertiary,no,4889,no,no,cellular,11,aug,545,2,-1,0,unknown,1
722,29,blue-collar,married,primary,no,111,yes,no,cellular,6,may,14,11,-1,0,unknown,0
4383,36,entrepreneur,single,tertiary,no,658,yes,no,unknown,16,jun,61,3,-1,0,unknown,0
4595,43,admin.,married,secondary,no,506,no,no,unknown,20,jun,398,1,-1,0,unknown,0
3044,70,retired,divorced,primary,no,383,no,no,cellular,28,apr,50,2,-1,0,unknown,0
512,38,blue-collar,divorced,primary,no,-258,yes,no,cellular,14,may,134,2,370,4,other,0
8140,39,services,married,secondary,no,-311,yes,no,cellular,6,may,55,2,345,2,other,0
532,54,unemployed,single,secondary,no,3611,yes,no,cellular,5,feb,81,1,-1,0,unknown,0
10037,47,blue-collar,married,secondary,no,182,yes,no,telephone,10,jul,39,1,-1,0,unknown,1
657,31,technician,married,tertiary,no,0,no,no,cellular,29,aug,70,2,-1,0,unknown,0
7653,37,technician,married,tertiary,no,122,no,no,cellular,25,jun,266,2,318,3,other,1
9608,44,blue-collar,married,primary,no,-101,yes,no,cellular,15,may,679,1,366,4,failure,1
8739,32,technician,married,secondary,no,696,yes,no,unknown,2,jun,815,1,-1,0,unknown,1
3149,36,technician,single,secondary,no,144,no,no,cellular,26,may,87,1,308,2,failure,0
7556,51,admin.,married,secondary,no,4178,yes,no,unknown,30,may,556,1,-1,0,unknown,0
10024,28,unemployed,married,primary,no,7459,yes,no,cellular,2,feb,981,5,269,2,failure,1
6928,52,services,married,secondary,no,497,yes,no,telephone,15,jul,265,5,-1,0,unknown,0
32,28,technician,single,secondary,no,250,no,yes,cellular,29,jan,133,1,-1,0,unknown,0
2779,34,management,divorced,tertiary,no,2240,no,no,cellular,8,sep,220,2,184,3,success,1
5347,37,technician,single,tertiary,no,1609,no,yes,unknown,20,jun,10,19,-1,0,unknown,0
2526,34,self-employed,single,tertiary,no,1943,yes,no,cellular,16,apr,478,2,-1,0,unknown,0
1107,31,technician,married,secondary,no,450,no,yes,cellular,20,nov,111,2,129,4,failure,0
1432,37,technician,married,tertiary,no,341,no,no,cellular,13,aug,287,3,182,3,success,1
3542,35,technician,single,tertiary,no,5301,no,no,cellular,21,nov,937,2,-1,0,unknown,1
8479,44,admin.,married,secondary,no,497,yes,no,cellular,3,feb,321,3,270,2,other,0
9568,40,admin.,married,secondary,no,0,yes,no,unknown,23,may,193,2,-1,0,unknown,0
10720,31,blue-collar,divorced,secondary,no,0,yes,yes,cellular,18,jul,913,4,-1,0,unknown,1
6543,55,unemployed,married,primary,no,1212,no,no,cellular,31,aug,241,1,92,1,failure,0
5991,38,management,married,tertiary,no,0,no,no,cellular,24,sep,246,12,197,6,failure,0
5702,35,management,single,tertiary,no,62,yes,no,cellular,20,apr,213,3,-1,0,unknown,1
3994,40,management,married,tertiary,yes,0,no,no,cellular,28,jul,165,5,-1,0,unknown,0
51,59,technician,married,secondary,no,316,no,no,cellular,14,aug,200,4,-1,0,unknown,0
9712,36,technician,single,secondary,no,7503,yes,no,telephone,5,may,193,1,335,1,failure,0
2642,44,blue-collar,married,primary,no,6,no,no,cellular,10,jul,338,9,-1,0,unknown,0
8424,31,blue-collar,married,secondary,no,255,yes,yes,cellular,18,may,295,1,-1,0,unknown,0
5446,30,blue-collar,single,secondary,no,2145,yes,no,cellular,18,may,727,2,-1,0,unknown,1
10233,31,blue-collar,single,secondary,no,23,no,no,cellular,21,nov,116,1,-1,0,unknown,0
2302,38,blue-collar,married,primary,no,1401,no,no,cellular,13,may,516,1,-1,0,unknown,1
313,44,management,married,tertiary,no,-1636,yes,yes,cellular,11,may,257,1,-1,0,unknown,0
6052,38,management,married,tertiary,no,-558,yes,no,cellular,21,jul,533,1,-1,0,unknown,0
8168,26,services,single,secondary,no,136,no,no,cellular,20,apr,120,1,-1,0,unknown,1
4870,37,unemployed,single,tertiary,no,1032,no,no,telephone,4,feb,63,1,-1,0,unknown,0
9222,59,blue-collar,married,secondary,no,2605,no,no,cellular,30,jan,85,2,-1,0,unknown,0
1364,52,services,married,secondary,no,2081,yes,no,unknown,29,may,150,1,-1,0,unknown,0
1261,69,management,married,tertiary,no,840,no,no,telephone,5,feb,128,3,-1,0,unknown,1
1836,30,blue-collar,single,secondary,no,155,yes,yes,cellular,9,jul,1426,3,-1,0,unknown,1
5847,58,technician,married,secondary,no,1463,yes,no,cellular,12,aug,110,3,-1,0,unknown,0
4191,60,retired,married,tertiary,no,0,yes,no,unknown,13,may,34,4,-1,0,unknown,0
8779,39,management,single,tertiary,no,0,yes,no,cellular,22,may,271,1,93,3,success,1
3063,25,blue-collar,single,secondary,no,-375,yes,no,cellular,14,jul,61,2,-1,0,unknown,0
1316,31,technician,single,secondary,no,200,no,no,cellular,6,aug,315,2,-1,0,unknown,0
3388,46,management,married,tertiary,no,273,yes,no,cellular,15,sep,1962,1,105,3,failure,1
2973,29,management,married,tertiary,no,199,yes,yes,unknown,7,may,1689,4,-1,0,unknown,1
2330,39,technician,single,secondary,no,556,yes,no,unknown,29,may,322,1,-1,0,unknown,0
4864,26,blue-collar,divorced,secondary,no,0,yes,no,unknown,19,may,48,3,-1,0,unknown,0
9726,28,technician,married,secondary,no,742,no,no,cellular,26,may,236,1,-1,0,unknown,1
4898,33,services,married,secondary,no,386,no,no,cellular,12,nov,253,1,92,4,failure,1
1114,31,blue-collar,married,secondary,no,41,yes,no,unknown,19,may,265,1,-1,0,unknown,0
8954,63,technician,married,secondary,no,973,no,no,cellular,25,feb,318,1,388,1,success,1
3354,55,technician,married,secondary,no,312,no,no,cellular,6,feb,13,8,9,3,other,0
9101,39,blue-collar,single,secondary,no,1170,no,no,unknown,6,jun,383,1,-1,0,unknown,0
1323,38,technician,married,tertiary,no,202,no,no,cellular,5,aug,1311,2,-1,0,unknown,1
9369,46,management,married,tertiary,no,0,no,no,cellular,18,nov,716,2,110,3,other,1
6957,58,admin.,married,secondary,no,92,yes,no,unknown,27,may,180,1,-1,0,unknown,0
7513,36,technician,divorced,secondary,no,54,yes,no,cellular,27,aug,1642,3,-1,0,unknown,1
2067,61,retired,married,tertiary,no,1257,no,no,cellular,10,feb,503,1,-1,0,unknown,1
10235,29,management,married,tertiary,no,0,yes,yes,cellular,15,jul,218,1,-1,0,unknown,0
3910,36,admin.,divorced,secondary,no,1224,yes,no,cellular,12,nov,482,1,374,1,success,1
787,51,blue-collar,married,primary,no,541,no,no,cellular,11,aug,663,3,-1,0,unknown,1
8654,33,blue-collar,married,secondary,no,202,yes,no,cellular,17,apr,377,1,-1,0,unknown,0
2136,45,blue-collar,married,primary,no,-66,yes,no,unknown,6,may,263,2,-1,0,unknown,0
3374,41,admin.,divorced,secondary,no,322,yes,no,unknown,6,may,87,4,-1,0,unknown,0
8277,48,management,married,tertiary,no,2351,no,no,cellular,15,sep,150,1,105,3,success,1
5172,29,technician,single,secondary,no,110,yes,no,cellular,13,apr,1036,1,-1,0,unknown,1
7111,28,blue-collar,single,secondary,no,524,yes,no,cellular,6,may,554,2,-1,0,unknown,1
4867,25,services,married,secondary,no,4522,yes,no,cellular,18,may,177,4,-1,0,unknown,0
2577,43,management,married,tertiary,no,79,no,no,cellular,26,may,640,1,-1,0,unknown,1
10170,42,management,married,tertiary,no,2816,no,no,cellular,10,nov,193,2,-1,0,unknown,1
8233,41,blue-collar,married,secondary,no,393,yes,yes,cellular,10,jul,122,1,-1,0,unknown,0
6625,46,technician,divorced,tertiary,no,0,no,no,cellular,28,jan,1199,2,-1,0,unknown,1
1883,49,blue-collar,married,primary,no,408,no,no,cellular,12,aug,559,4,-1,0,unknown,1
6720,55,services,divorced,secondary,no,2166,yes,no,unknown,28,may,23,17,-1,0,unknown,0
5328,45,technician,married,secondary,no,0,yes,no,cellular,7,dec,344,1,-1,0,unknown,1
10300,43,blue-collar,married,primary,no,3064,yes,no,cellular,20,nov,2453,2,-1,0,unknown,1
4790,52,services,married,unknown,no,337,yes,no,unknown,19,may,85,3,-1,0,unknown,0
2674,49,technician,married,tertiary,no,1235,no,no,cellular,13,aug,354,3,-1,0,unknown,1
1552,53,management,married,tertiary,no,1624,no,no,cellular,6,aug,107,1,98,6,success,1
3325,33,management,single,tertiary,no,0,yes,no,cellular,13,may,585,1,-1,0,unknown,1
9499,52,unemployed,divorced,secondary,no,230,no,no,cellular,24,dec,422,2,-1,0,unknown,1
4527,35,blue-collar,divorced,primary,no,1792,yes,no,cellular,31,jul,630,6,-1,0,unknown,1
6415,26,unemployed,single,secondary,no,622,no,no,cellular,28,jan,1451,2,-1,0,unknown,1
2112,76,retired,married,primary,no,3324,no,no,cellular,13,aug,227,2,192,1,failure,1
10438,41,services,divorced,tertiary,no,1583,yes,no,cellular,9,jul,662,1,-1,0,unknown,1
4312,52,services,married,secondary,no,992,yes,no,cellular,27,oct,424,1,515,1,failure,1
4589,37,management,married,tertiary,no,-666,yes,no,cellular,18,nov,204,2,-1,0,unknown,0
1966,59,admin.,single,secondary,no,2166,yes,yes,cellular,7,may,574,1,-1,0,unknown,1
4308,31,technician,single,tertiary,no,969,no,no,cellular,15,jun,95,1,-1,0,unknown,0
9624,36,blue-collar,divorced,secondary,no,719,yes,no,unknown,13,may,1052,1,-1,0,unknown,0
4202,55,technician,married,unknown,no,240,yes,no,cellular,2,aug,108,3,277,1,success,1
661,48,blue-collar,divorced,secondary,no,-314,yes,no,cellular,18,may,7,5,-1,0,unknown,0
244,42,self-employed,married,secondary,no,0,no,no,cellular,14,aug,277,4,-1,0,unknown,0
7001,56,management,married,secondary,no,238,yes,no,cellular,19,nov,808,1,-1,0,unknown,0
8941,31,services,married,secondary,no,1783,yes,yes,cellular,6,may,219,1,-1,0,unknown,0
4513,34,blue-collar,married,secondary,no,1454,yes,no,cellular,11,feb,231,2,297,2,failure,1
5501,41,management,married,tertiary,no,27696,no,no,cellular,12,feb,138,2,184,3,success,1
7369,35,management,married,tertiary,no,1133,yes,no,cellular,3,nov,102,1,-1,0,unknown,1
8766,48,management,married,tertiary,no,7867,yes,yes,unknown,30,may,306,3,-1,0,unknown,0
2766,28,admin.,divorced,secondary,no,785,yes,no,unknown,8,may,442,2,-1,0,unknown,1
8319,57,housemaid,married,primary,no,0,no,no,cellular,13,aug,189,2,-1,0,unknown,0
7043,30,technician,single,secondary,no,778,yes,no,cellular,18,may,22,2,346,2,failure,0
1435,40,management,married,tertiary,no,-17,yes,yes,cellular,11,may,474,1,256,1,success,1
3953,47,management,single,tertiary,no,551,no,no,cellular,29,oct,124,1,-1,0,unknown,1
9742,45,management,married,secondary,yes,237,yes,no,cellular,21,nov,526,1,-1,0,unknown,0
8636,26,services,single,secondary,no,1445,no,no,telephone,23,oct,171,1,-1,0,unknown,1
8524,50,technician,married,primary,no,570,no,no,unknown,20,jun,21,3,-1,0,unknown,0
2467,41,management,single,tertiary,no,1982,no,no,cellular,21,nov,558,1,-1,0,unknown,1
3786,28,technician,single,tertiary,no,11862,no,no,cellular,21,oct,549,2,238,13,other,1
1328,24,student,single,secondary,no,1234,no,no,cellular,21,jul,314,1,156,2,success,1
8306,25,services,single,tertiary,no,12,no,no,cellular,12,jun,126,6,-1,0,unknown,1
7058,41,technician,married,secondary,no,1788,no,no,cellular,28,aug,222,1,-1,0,unknown,0
9868,44,services,divorced,secondary,no,51,yes,yes,unknown,27,may,3094,2,-1,0,unknown,1
195,38,housemaid,divorced,secondary,no,70,no,no,cellular,27,jan,164,4,92,4,success,1
8408,35,unemployed,married,secondary,no,978,no,no,cellular,29,dec,1370,3,209,3,success,1
7892,42,admin.,divorced,secondary,no,0,yes,no,unknown,7,may,229,2,-1,0,unknown,0
5834,29,admin.,divorced,secondary,no,-254,yes,no,cellular,14,may,406,2,-1,0,unknown,1
7120,59,admin.,married,secondary,no,106,no,no,cellular,22,may,186,1,-1,0,unknown,1
469,31,blue-collar,married,secondary,no,1664,yes,no,cellular,7,may,603,2,17,2,failure,0
5352,28,services,married,secondary,no,222,yes,no,unknown,29,may,101,23,-1,0,unknown,0
10999,50,management,divorced,tertiary,no,299,no,no,cellular,17,nov,666,3,-1,0,unknown,0
10610,46,admin.,married,secondary,no,368,no,no,cellular,20,aug,293,1,90,4,other,1
7582,59,retired,married,primary,yes,-13,no,no,cellular,11,aug,77,1,-1,0,unknown,0
2718,32,admin.,married,secondary,no,0,no,no,cellular,25,jul,209,1,-1,0,unknown,0
5110,34,blue-collar,single,secondary,no,3043,yes,yes,cellular,20,nov,670,1,-1,0,unknown,1
680,41,services,single,secondary,no,-675,yes,yes,cellular,18,mar,147,4,-1,0,unknown,1
6362,41,entrepreneur,married,secondary,no,8491,yes,no,cellular,18,nov,929,1,-1,0,unknown,1
3760,37,services,divorced,secondary,no,49,yes,no,unknown,16,may,619,2,-1,0,unknown,1
1797,24,student,single,secondary,no,689,no,no,cellular,8,sep,630,1,-1,0,unknown,1
4899,32,technician,single,tertiary,no,932,yes,no,cellular,16,apr,944,1,318,1,failure,1
5514,42,services,married,secondary,no,3465,yes,yes,cellular,16,jul,1039,2,-1,0,unknown,1
2179,55,unemployed,married,tertiary,no,5345,no,no,unknown,6,may,278,1,-1,0,unknown,0
2269,56,technician,married,secondary,no,0,yes,yes,cellular,29,apr,152,1,223,3,other,0
4992,30,technician,single,secondary,no,133,yes,no,cellular,29,jan,113,2,-1,0,unknown,0
6239,75,retired,married,secondary,no,3771,no,no,telephone,16,oct,186,1,183,1,failure,1
4337,67,retired,divorced,secondary,no,704,no,no,cellular,3,nov,537,1,-1,0,unknown,1
2641,50,unemployed,married,secondary,no,3478,yes,no,unknown,13,may,342,3,-1,0,unknown,0
10118,58,services,married,primary,no,943,yes,no,unknown,3,jun,243,3,-1,0,unknown,0
10172,47,self-employed,married,primary,no,574,yes,no,cellular,20,nov,137,5,-1,0,unknown,0
6700,35,technician,married,secondary,no,0,yes,no,cellular,19,nov,644,4,-1,0,unknown,1
6548,42,unemployed,married,tertiary,no,576,no,no,cellular,3,jun,447,2,96,1,success,1
5581,57,entrepreneur,married,secondary,no,1179,no,no,cellular,19,aug,189,2,-1,0,unknown,0
138,33,management,married,tertiary,no,22867,yes,no,cellular,10,aug,73,1,440,2,failure,0
9820,54,management,married,secondary,no,1660,no,no,cellular,20,nov,337,3,-1,0,unknown,0
7609,49,management,married,tertiary,no,4374,yes,no,cellular,31,jul,68,3,-1,0,unknown,0
8803,59,retired,married,secondary,no,2396,no,no,cellular,27,aug,1040,6,-1,0,unknown,1
2402,25,management,single,tertiary,no,316,no,no,cellular,27,mar,347,2,-1,0,unknown,1
7251,36,management,married,tertiary,no,1582,no,no,telephone,3,feb,26,2,197,1,failure,0
250,31,blue-collar,divorced,secondary,no,1125,no,yes,unknown,15,may,548,1,-1,0,unknown,0
1740,57,management,divorced,tertiary,no,6468,yes,no,cellular,4,sep,730,1,157,4,failure,1
1336,29,services,divorced,secondary,no,-7,yes,no,cellular,13,may,1279,3,-1,0,unknown,1
2825,32,blue-collar,single,primary,no,12198,yes,no,cellular,18,may,178,1,-1,0,unknown,1
3974,24,blue-collar,married,primary,no,656,yes,no,unknown,16,may,894,1,-1,0,unknown,1
9677,54,technician,single,tertiary,no,467,yes,no,cellular,18,jul,674,3,-1,0,unknown,1
3305,52,technician,married,tertiary,no,0,no,no,cellular,9,nov,467,3,92,7,failure,1
9836,53,housemaid,married,primary,yes,945,no,no,cellular,29,jan,82,2,-1,0,unknown,0
8835,43,management,divorced,secondary,no,51,no,no,cellular,2,feb,430,1,-1,0,unknown,1
6178,43,technician,married,secondary,no,-754,yes,yes,cellular,9,jul,727,3,-1,0,unknown,1
2922,44,management,single,tertiary,no,483,no,no,cellular,6,mar,207,2,199,6,success,1
2578,46,management,married,tertiary,no,242,no,no,cellular,4,aug,120,2,96,1,success,1
3317,40,management,married,tertiary,no,158,no,no,telephone,30,apr,712,2,-1,0,unknown,1
2323,23,student,single,tertiary,no,691,no,no,cellular,27,may,1178,1,178,6,success,1
5229,29,self-employed,married,secondary,no,123,no,yes,cellular,21,apr,158,2,181,1,success,1
2549,38,management,single,tertiary,no,1637,no,yes,cellular,5,aug,231,1,-1,0,unknown,0
10142,50,management,married,tertiary,no,346,no,no,cellular,6,feb,178,1,-1,0,unknown,1
8084,47,entrepreneur,married,secondary,no,318,no,no,cellular,4,aug,299,2,-1,0,unknown,0
5988,54,technician,married,secondary,no,0,no,no,telephone,16,nov,986,1,94,8,failure,0
2572,47,management,married,tertiary,no,0,no,yes,cellular,21,aug,374,1,-1,0,unknown,1
2211,39,technician,married,secondary,no,2983,no,no,cellular,3,dec,472,1,-1,0,unknown,1
10312,39,technician,married,secondary,no,2266,no,no,cellular,18,feb,208,4,-1,0,unknown,1
6299,25,student,single,secondary,no,1868,no,no,cellular,26,oct,259,1,103,2,other,1
8777,34,management,married,tertiary,no,1352,no,no,cellular,8,aug,265,2,-1,0,unknown,0
10877,43,blue-collar,married,secondary,no,2160,no,no,cellular,2,jun,169,1,-1,0,unknown,1
719,39,management,married,tertiary,no,0,no,no,cellular,28,aug,93,25,-1,0,unknown,0
9518,33,admin.,married,secondary,no,177,yes,no,cellular,11,may,100,1,-1,0,unknown,0
4847,39,blue-collar,married,secondary,no,854,yes,yes,cellular,6,may,181,1,-1,0,unknown,0
4597,30,services,single,secondary,no,1649,yes,no,unknown,23,may,206,1,-1,0,unknown,0
2594,27,services,single,secondary,no,194,yes,no,unknown,16,may,326,1,-1,0,unknown,0
2289,54,unemployed,single,tertiary,no,252,yes,no,cellular,21,jul,101,1,-1,0,unknown,0
1893,27,blue-collar,single,secondary,no,2486,yes,no,unknown,29,may,733,1,-1,0,unknown,1
2709,30,blue-collar,single,secondary,no,103,yes,no,cellular,17,apr,2053,2,317,1,other,0
10762,48,technician,single,secondary,no,-92,yes,no,cellular,3,feb,1393,1,-1,0,unknown,1
8663,49,management,married,tertiary,no,1093,yes,yes,cellular,15,sep,316,1,246,4,success,1
5726,31,admin.,single,secondary,no,554,yes,no,cellular,5,feb,94,1,-1,0,unknown,0
152,60,management,married,tertiary,no,79,no,no,unknown,11,jun,48,3,-1,0,unknown,0
5769,37,technician,married,secondary,no,0,yes,no,cellular,22,apr,1288,3,-1,0,unknown,1
11042,37,admin.,married,secondary,no,96,no,no,cellular,7,aug,155,1,99,2,success,1
4105,39,admin.,divorced,secondary,no,160,yes,no,cellular,5,aug,156,1,-1,0,unknown,0
8750,30,technician,single,secondary,no,2544,no,no,cellular,8,apr,108,2,-1,0,unknown,1
5575,59,retired,married,tertiary,no,9676,no,no,telephone,27,mar,234,2,-1,0,unknown,1
7502,37,management,single,tertiary,no,22125,no,yes,cellular,21,nov,331,2,-1,0,unknown,1
2455,41,blue-collar,married,secondary,no,1236,yes,no,cellular,11,may,911,3,-1,0,unknown,1
1233,57,management,married,tertiary,no,3431,yes,no,cellular,21,nov,55,2,189,1,failure,0
1514,36,self-employed,single,tertiary,no,353,no,no,cellular,11,aug,361,2,181,2,success,1
6738,35,technician,single,secondary,no,1855,yes,no,unknown,7,may,138,1,-1,0,unknown,0
5880,49,blue-collar,married,secondary,no,-454,yes,no,cellular,14,may,558,1,-1,0,unknown,1
1794,61,retired,married,secondary,no,86,no,no,cellular,23,oct,149,1,-1,0,unknown,1
647,31,management,single,tertiary,no,11821,no,no,cellular,18,aug,384,11,-1,0,unknown,1
8894,31,entrepreneur,divorced,secondary,no,290,yes,no,cellular,13,apr,230,1,-1,0,unknown,0
7357,56,blue-collar,married,secondary,no,249,yes,no,unknown,29,may,791,2,-1,0,unknown,1
10559,28,management,single,secondary,no,-994,yes,yes,cellular,18,jul,174,2,-1,0,unknown,0
6925,40,technician,married,secondary,no,-496,no,no,telephone,28,jul,22,2,-1,0,unknown,0
8897,53,admin.,divorced,secondary,no,592,yes,no,unknown,13,may,151,1,-1,0,unknown,0
2083,40,technician,single,secondary,no,822,yes,yes,cellular,29,jan,155,2,245,3,failure,0
9088,32,admin.,divorced,secondary,no,-273,yes,no,cellular,5,may,64,1,-1,0,unknown,0
2304,55,technician,married,unknown,no,574,yes,no,cellular,29,jan,243,2,-1,0,unknown,0
7499,58,technician,married,secondary,no,3399,no,no,telephone,30,nov,1628,2,188,8,success,1
5661,34,management,married,tertiary,no,676,no,no,telephone,11,nov,486,1,-1,0,unknown,1
10049,45,entrepreneur,married,tertiary,no,219,yes,yes,cellular,28,jul,118,4,-1,0,unknown,0
2768,48,management,married,primary,no,606,no,no,cellular,5,mar,77,6,-1,0,unknown,0
7570,40,admin.,single,secondary,no,664,no,no,cellular,19,nov,188,2,121,2,success,0
2079,50,admin.,divorced,secondary,no,0,yes,no,unknown,20,jun,174,1,-1,0,unknown,0
181,35,management,divorced,tertiary,no,26,no,no,cellular,16,apr,78,2,-1,0,unknown,1
3125,38,management,married,tertiary,no,76,yes,no,cellular,20,apr,167,2,287,3,failure,0
8659,54,blue-collar,married,primary,no,6242,yes,no,cellular,7,may,162,1,-1,0,unknown,0
7572,37,services,married,secondary,no,52,yes,no,cellular,6,sep,908,1,185,9,success,1
6793,41,blue-collar,married,primary,no,1461,yes,no,unknown,6,jun,554,2,-1,0,unknown,1
6328,32,services,married,primary,no,228,yes,no,cellular,21,jul,1017,6,-1,0,unknown,1
943,29,services,single,secondary,no,192,no,no,cellular,30,jan,327,4,-1,0,unknown,0
4902,50,admin.,divorced,secondary,no,-194,yes,no,cellular,13,apr,238,2,-1,0,unknown,0
6470,47,blue-collar,divorced,primary,no,603,yes,yes,cellular,8,may,1080,1,-1,0,unknown,1
4306,38,management,married,tertiary,no,1223,no,no,cellular,12,aug,1092,5,-1,0,unknown,1
5384,38,services,single,secondary,no,2253,yes,no,cellular,13,may,937,3,-1,0,unknown,1
1602,30,self-employed,single,secondary,no,5223,no,no,cellular,14,oct,404,2,-1,0,unknown,0
9326,41,technician,divorced,secondary,no,1545,no,yes,cellular,13,aug,183,2,-1,0,unknown,0
3233,45,technician,single,secondary,no,586,no,yes,cellular,28,jul,32,3,-1,0,unknown,0
7822,57,retired,married,tertiary,no,1269,no,no,cellular,31,aug,1120,1,-1,0,unknown,1
3170,57,retired,married,secondary,no,5313,no,no,cellular,16,dec,283,2,196,1,success,1
8599,55,blue-collar,married,unknown,no,7561,no,no,unknown,6,jun,685,3,-1,0,unknown,1
7216,43,services,married,primary,no,2557,yes,no,telephone,15,oct,166,3,183,5,success,1
6842,71,retired,divorced,tertiary,yes,1236,yes,no,cellular,14,sep,335,4,-1,0,unknown,1
10967,25,admin.,single,secondary,no,96,yes,no,unknown,9,may,176,2,-1,0,unknown,0
10123,39,technician,married,secondary,no,1587,yes,no,cellular,2,jun,171,3,-1,0,unknown,1
8624,69,retired,married,secondary,no,2473,no,no,cellular,8,jul,967,3,-1,0,unknown,1
4890,31,services,single,tertiary,no,1626,no,no,unknown,31,jul,15,1,-1,0,unknown,0
6272,29,management,married,tertiary,no,10576,no,no,unknown,15,may,1224,2,-1,0,unknown,1
9702,32,management,single,tertiary,no,3,yes,no,cellular,13,may,568,1,-1,0,unknown,1
281,50,management,married,tertiary,no,400,no,no,cellular,13,aug,343,2,-1,0,unknown,0
5707,35,management,married,tertiary,no,753,no,no,cellular,27,aug,111,9,-1,0,unknown,0
1309,42,blue-collar,married,primary,no,-97,yes,no,cellular,3,feb,216,4,271,5,failure,0
4834,52,technician,married,tertiary,no,0,no,yes,cellular,5,aug,409,1,-1,0,unknown,0
570,59,admin.,married,secondary,no,1365,no,no,unknown,19,jun,327,1,-1,0,unknown,0
3127,32,services,single,secondary,no,-1139,yes,no,cellular,7,jul,201,1,-1,0,unknown,0
5480,25,admin.,single,secondary,no,122,yes,no,cellular,7,may,481,2,-1,0,unknown,1
9002,32,technician,married,secondary,no,367,yes,no,cellular,11,may,214,2,276,3,failure,0
6643,43,blue-collar,married,primary,no,250,yes,no,cellular,12,may,144,5,342,16,failure,0
3747,38,management,married,tertiary,no,1276,no,no,cellular,17,may,272,2,182,3,success,1
4880,73,retired,married,tertiary,no,459,no,no,cellular,17,feb,281,1,-1,0,unknown,1
5198,57,management,married,tertiary,no,10583,no,no,cellular,25,mar,272,1,178,6,success,1
6447,40,blue-collar,married,primary,no,570,yes,no,unknown,12,may,109,3,-1,0,unknown,0
2277,37,management,married,tertiary,no,1276,no,no,cellular,16,nov,146,1,94,2,success,1
6434,26,student,single,secondary,no,620,no,no,cellular,17,feb,104,1,-1,0,unknown,1
50,32,technician,single,tertiary,no,723,no,no,cellular,28,aug,68,27,-1,0,unknown,0
4943,42,blue-collar,married,secondary,no,413,yes,no,cellular,11,feb,456,2,184,2,success,1
2057,45,management,married,tertiary,no,3643,no,no,cellular,21,nov,162,1,-1,0,unknown,0
3126,38,management,married,tertiary,no,1308,yes,no,cellular,2,feb,626,1,-1,0,unknown,1
2385,48,unemployed,married,secondary,no,817,no,no,cellular,14,jan,517,1,282,4,success,1
6323,42,blue-collar,single,primary,no,-68,yes,yes,unknown,26,may,167,1,-1,0,unknown,0
934,32,technician,single,secondary,no,40,no,no,cellular,8,aug,419,2,-1,0,unknown,1
7490,34,technician,single,tertiary,no,122,no,no,unknown,27,may,73,5,-1,0,unknown,0
6633,46,student,single,unknown,no,1527,no,no,cellular,8,sep,358,3,184,1,success,1
2757,58,technician,married,secondary,no,786,yes,no,unknown,7,may,165,3,-1,0,unknown,0
7719,48,housemaid,single,primary,no,46,no,no,cellular,3,aug,113,2,180,1,failure,1
8931,26,management,single,tertiary,no,114,yes,no,cellular,7,may,457,1,-1,0,unknown,1
3896,26,management,single,tertiary,no,-8,no,no,cellular,13,aug,402,2,-1,0,unknown,0
11092,30,admin.,married,secondary,no,1794,no,no,cellular,20,nov,1035,1,-1,0,unknown,1
4407,58,blue-collar,married,primary,no,1357,yes,no,unknown,13,may,150,2,-1,0,unknown,0
7736,40,blue-collar,married,secondary,no,746,yes,yes,cellular,2,feb,241,1,262,3,other,0
3544,43,technician,married,secondary,no,2344,yes,no,unknown,27,may,111,2,-1,0,unknown,0
9956,47,technician,married,secondary,no,2283,yes,no,cellular,21,nov,170,2,-1,0,unknown,0
1986,33,technician,married,secondary,no,73,yes,no,cellular,2,jul,218,1,-1,0,unknown,1
8326,36,blue-collar,married,secondary,no,-206,yes,no,unknown,8,may,177,2,-1,0,unknown,0
4139,25,admin.,single,secondary,no,1871,no,no,cellular,4,jun,136,1,-1,0,unknown,1
3581,45,blue-collar,married,primary,no,101,yes,no,unknown,12,may,460,5,-1,0,unknown,1
4271,32,blue-collar,married,primary,no,902,yes,no,unknown,27,may,106,2,-1,0,unknown,0
11149,54,retired,married,primary,no,309,no,no,cellular,13,aug,969,2,-1,0,unknown,1
4461,31,blue-collar,single,secondary,no,196,yes,no,cellular,5,may,568,1,341,7,failure,1
2499,58,management,single,tertiary,no,1387,yes,no,unknown,5,may,174,5,-1,0,unknown,0
5681,46,blue-collar,married,secondary,no,-396,no,yes,cellular,4,aug,115,1,-1,0,unknown,0
2763,52,blue-collar,married,secondary,no,331,no,no,cellular,8,aug,84,4,-1,0,unknown,0
261,51,blue-collar,married,primary,no,3764,no,no,telephone,9,mar,450,3,181,6,success,1
9161,30,admin.,married,secondary,no,1265,yes,yes,unknown,26,may,414,2,-1,0,unknown,1
2602,40,services,single,secondary,no,1038,no,no,unknown,5,jun,741,1,-1,0,unknown,0
7703,51,management,married,primary,no,6298,yes,no,unknown,20,jun,14,3,-1,0,unknown,0
6357,48,technician,married,secondary,no,759,yes,no,cellular,28,jul,84,5,-1,0,unknown,0
7768,40,technician,married,secondary,no,1716,yes,no,cellular,12,aug,226,8,-1,0,unknown,0
1017,33,technician,married,secondary,no,4790,yes,no,cellular,20,apr,137,1,272,2,failure,0
10376,33,blue-collar,married,secondary,no,-267,yes,no,cellular,20,apr,1030,3,-1,0,unknown,1
5842,52,blue-collar,divorced,primary,no,196,yes,no,unknown,7,may,119,3,-1,0,unknown,0
7168,25,student,single,secondary,no,3713,no,no,cellular,24,may,323,2,353,3,other,1
4996,58,entrepreneur,married,tertiary,no,776,yes,no,telephone,9,jul,990,1,-1,0,unknown,1
4073,30,services,married,secondary,no,129,yes,no,unknown,26,may,1446,7,-1,0,unknown,1
3337,35,blue-collar,married,secondary,no,306,no,no,unknown,20,jun,12,8,-1,0,unknown,0
5353,56,blue-collar,married,primary,no,8163,no,no,cellular,14,aug,1231,4,-1,0,unknown,1
7373,26,unemployed,single,tertiary,no,2170,no,no,cellular,3,feb,317,1,-1,0,unknown,0
1667,60,technician,married,tertiary,no,91,no,no,cellular,27,aug,105,4,-1,0,unknown,0
3687,31,management,single,tertiary,no,924,no,no,cellular,7,sep,231,1,94,3,success,1
6871,33,technician,married,secondary,no,3572,yes,no,cellular,18,nov,85,2,-1,0,unknown,0
2919,22,admin.,single,secondary,no,114,no,no,cellular,30,mar,517,1,-1,0,unknown,1
7830,39,technician,married,secondary,no,-1451,yes,yes,cellular,30,jul,65,5,-1,0,unknown,0
69,41,technician,single,unknown,no,356,yes,no,unknown,13,may,93,2,-1,0,unknown,0
6761,45,blue-collar,married,primary,no,2433,no,no,cellular,6,aug,133,2,-1,0,unknown,0
4549,24,admin.,married,secondary,no,0,yes,no,cellular,16,apr,284,1,-1,0,unknown,0
8209,50,technician,divorced,unknown,no,2794,no,no,cellular,12,aug,1336,2,-1,0,unknown,1
6469,38,services,single,secondary,no,1315,no,no,unknown,20,jun,23,12,-1,0,unknown,0
1471,55,retired,married,secondary,no,1431,no,yes,cellular,28,jan,107,1,-1,0,unknown,0
8106,60,retired,divorced,secondary,no,935,no,no,cellular,31,jul,8,17,-1,0,unknown,0
2515,36,admin.,married,secondary,no,1314,yes,no,cellular,17,jul,330,3,-1,0,unknown,0
5852,49,management,divorced,tertiary,no,914,no,no,cellular,4,aug,185,1,-1,0,unknown,1
9553,47,technician,married,secondary,no,644,no,no,telephone,28,jan,54,3,160,13,failure,0
8220,57,management,married,unknown,no,0,no,no,cellular,30,sep,585,1,-1,0,unknown,0
10633,31,blue-collar,single,secondary,no,530,no,yes,cellular,18,nov,251,2,-1,0,unknown,0
1747,44,housemaid,married,primary,no,3706,no,no,unknown,17,jun,209,3,-1,0,unknown,0
724,60,retired,married,secondary,no,2722,no,no,cellular,12,aug,506,2,-1,0,unknown,1
9162,45,blue-collar,married,primary,no,351,yes,no,unknown,19,jun,66,1,-1,0,unknown,0
9263,60,retired,married,secondary,no,5632,yes,no,cellular,30,jul,380,7,-1,0,unknown,0
6568,32,management,single,tertiary,no,2465,no,no,cellular,13,aug,414,1,-1,0,unknown,1
2283,40,services,single,secondary,no,65,yes,no,cellular,15,may,15,3,-1,0,unknown,0
1194,34,self-employed,single,tertiary,no,36,no,no,telephone,28,jan,55,1,-1,0,unknown,0
5872,43,services,divorced,secondary,no,130,yes,no,unknown,8,may,193,1,-1,0,unknown,0
10155,58,retired,married,secondary,no,1230,no,no,cellular,20,may,420,1,87,1,failure,1
521,58,admin.,married,secondary,no,4348,yes,no,cellular,23,jun,790,4,141,1,other,1
3867,60,retired,divorced,secondary,no,-639,yes,no,cellular,15,may,585,1,-1,0,unknown,1
4658,47,self-employed,married,secondary,no,4420,yes,yes,cellular,20,nov,454,1,-1,0,unknown,1
3945,31,unemployed,divorced,tertiary,no,756,no,no,cellular,20,jul,355,2,-1,0,unknown,1
10901,50,blue-collar,divorced,secondary,no,204,yes,yes,unknown,14,may,421,1,-1,0,unknown,0
8647,54,blue-collar,married,primary,no,2440,no,yes,cellular,17,nov,334,1,-1,0,unknown,0
3442,47,blue-collar,married,primary,no,550,yes,no,unknown,7,may,113,1,-1,0,unknown,0
3380,52,management,married,tertiary,no,583,no,no,cellular,17,nov,209,1,91,2,failure,1
9484,39,blue-collar,married,secondary,no,0,yes,no,unknown,6,may,262,1,-1,0,unknown,0
8356,26,management,single,tertiary,no,1094,yes,no,cellular,8,sep,137,1,-1,0,unknown,1
6279,39,services,divorced,primary,no,471,yes,no,unknown,6,may,161,2,-1,0,unknown,0
192,56,management,married,tertiary,no,12356,yes,no,cellular,26,may,410,1,551,5,other,1
5601,46,admin.,married,secondary,no,526,no,yes,cellular,31,jul,251,3,-1,0,unknown,0
1172,22,management,single,tertiary,no,104,no,yes,cellular,16,apr,330,3,-1,0,unknown,1
3984,33,admin.,married,secondary,no,17,yes,no,cellular,13,may,74,1,351,1,failure,0
7605,34,services,married,secondary,no,1337,no,no,cellular,12,aug,255,2,104,1,success,1
6996,30,technician,married,tertiary,no,541,yes,no,unknown,26,may,414,2,-1,0,unknown,1
636,60,technician,divorced,secondary,no,367,no,no,cellular,16,aug,318,2,-1,0,unknown,1
6193,40,blue-collar,married,primary,no,-66,yes,no,unknown,6,may,288,1,-1,0,unknown,0
10463,30,admin.,single,secondary,no,3528,no,no,cellular,4,aug,250,1,92,2,failure,1
4293,45,self-employed,married,tertiary,no,-497,yes,yes,cellular,20,nov,260,1,-1,0,unknown,0
7576,34,management,married,tertiary,no,13,yes,no,cellular,21,jul,47,1,-1,0,unknown,0
7029,49,management,married,tertiary,no,0,yes,no,cellular,18,nov,102,1,-1,0,unknown,0
9352,30,blue-collar,single,primary,no,395,no,no,cellular,21,nov,429,1,-1,0,unknown,0
9213,42,management,married,tertiary,no,36,no,no,cellular,21,nov,664,3,-1,0,unknown,1
7793,47,technician,married,secondary,no,321,yes,yes,unknown,4,jul,111,1,-1,0,unknown,0
2185,56,retired,married,tertiary,no,281,no,no,cellular,3,mar,96,2,-1,0,unknown,1
6907,48,management,married,secondary,no,268,yes,no,cellular,28,jul,458,7,-1,0,unknown,1
6149,39,admin.,divorced,secondary,no,32,no,yes,unknown,20,jun,8,10,-1,0,unknown,0
11096,35,management,single,tertiary,no,704,no,no,cellular,21,apr,164,1,-1,0,unknown,1
10301,36,management,single,tertiary,no,5958,yes,no,cellular,22,sep,155,1,184,1,success,1
10871,33,services,single,secondary,no,772,yes,no,cellular,29,jan,323,2,259,3,success,0
3075,36,admin.,single,tertiary,no,980,no,no,cellular,30,jul,156,3,179,4,failure,0
1284,35,management,married,tertiary,no,244,yes,no,cellular,19,nov,138,1,-1,0,unknown,0
8646,74,retired,divorced,primary,no,2308,no,no,telephone,16,sep,251,2,535,2,success,0
9308,41,technician,single,tertiary,no,1646,yes,no,cellular,5,aug,172,3,92,8,success,1
6540,52,unemployed,married,secondary,no,94,no,no,cellular,10,nov,293,3,190,10,failure,1
1137,29,admin.,single,secondary,no,163,yes,yes,unknown,16,may,803,1,-1,0,unknown,1
2788,35,blue-collar,married,secondary,no,0,yes,no,cellular,9,jul,277,1,-1,0,unknown,0
7431,27,student,single,secondary,no,91,no,no,telephone,4,dec,157,6,95,37,other,0
8367,34,blue-collar,married,tertiary,no,748,yes,yes,cellular,6,may,161,1,-1,0,unknown,0
8747,28,student,single,secondary,no,949,yes,no,unknown,28,may,1730,1,-1,0,unknown,1
9796,47,unemployed,married,secondary,no,312,no,no,cellular,29,jul,884,1,-1,0,unknown,1
11040,30,technician,single,secondary,no,158,no,no,cellular,6,oct,144,1,-1,0,unknown,1
463,33,technician,married,secondary,no,390,no,no,cellular,13,aug,460,2,-1,0,unknown,0
10485,32,services,married,secondary,no,-344,no,yes,cellular,4,feb,44,1,-1,0,unknown,0
2324,55,blue-collar,married,primary,no,3297,yes,yes,telephone,30,apr,96,1,-1,0,unknown,0
6228,60,housemaid,married,unknown,no,491,no,no,cellular,14,aug,503,4,-1,0,unknown,0
5871,39,management,single,tertiary,no,633,no,no,cellular,19,nov,105,2,133,3,failure,0
8244,33,services,single,tertiary,no,395,yes,no,cellular,23,jul,1359,6,-1,0,unknown,1
9404,40,unemployed,married,secondary,no,1960,yes,no,unknown,2,jun,605,6,-1,0,unknown,1
10842,40,blue-collar,married,primary,no,7831,yes,no,unknown,14,may,78,1,-1,0,unknown,0
880,55,housemaid,married,primary,no,10,no,no,cellular,4,feb,174,3,-1,0,unknown,0
9137,35,admin.,divorced,secondary,no,437,yes,no,unknown,4,jun,908,1,-1,0,unknown,1
6474,31,technician,married,tertiary,no,313,yes,no,cellular,27,aug,114,2,-1,0,unknown,0
8315,75,retired,married,secondary,no,3771,no,no,telephone,15,apr,185,1,181,2,success,1
4887,29,technician,married,secondary,no,23,yes,no,cellular,2,jun,163,1,55,2,failure,1
83,39,management,married,secondary,no,2981,no,no,cellular,26,mar,200,1,-1,0,unknown,1
5291,53,technician,married,primary,no,6181,no,no,cellular,14,jul,817,2,209,3,other,1
648,58,management,married,secondary,no,37,no,no,cellular,18,aug,84,11,-1,0,unknown,0
8335,31,admin.,single,secondary,no,396,yes,no,unknown,19,may,104,1,-1,0,unknown,0
2119,60,retired,divorced,tertiary,no,2,no,no,cellular,2,mar,228,4,390,2,other,1
3114,29,admin.,single,secondary,no,265,yes,no,cellular,25,nov,414,1,184,1,failure,1
5638,57,admin.,married,secondary,no,2137,no,no,telephone,8,jul,132,7,-1,0,unknown,0
485,52,technician,single,secondary,no,436,no,yes,unknown,22,mar,95,1,-1,0,unknown,1
9355,30,technician,single,tertiary,no,0,yes,no,cellular,5,jun,159,2,-1,0,unknown,1
10911,53,management,divorced,tertiary,no,50,yes,no,cellular,15,may,669,1,337,3,failure,1
7972,37,management,divorced,tertiary,no,488,yes,no,cellular,17,sep,328,1,854,2,failure,1
10886,21,student,single,unknown,no,200,no,no,unknown,1,jun,8,1,-1,0,unknown,0
4338,86,retired,married,primary,no,5236,no,no,telephone,1,apr,558,2,-1,0,unknown,1
1337,27,blue-collar,single,secondary,no,3792,no,no,cellular,22,oct,504,1,183,2,success,1
7544,26,management,single,tertiary,no,9447,no,no,cellular,4,sep,113,1,100,2,other,0
2651,32,management,single,tertiary,no,0,yes,no,cellular,30,apr,370,3,-1,0,unknown,1
3281,36,admin.,married,secondary,no,953,yes,no,cellular,17,feb,38,1,-1,0,unknown,0
772,31,admin.,married,secondary,no,23,no,no,cellular,28,aug,322,7,-1,0,unknown,0
5122,36,management,single,tertiary,no,2646,no,no,cellular,13,oct,169,1,182,10,success,1
874,54,blue-collar,married,primary,no,532,no,no,telephone,31,jul,73,2,-1,0,unknown,0
699,37,management,married,tertiary,no,5,no,no,cellular,29,aug,36,2,-1,0,unknown,0
9804,29,technician,single,tertiary,no,2489,yes,no,cellular,3,mar,355,1,86,5,failure,1
3028,50,services,single,secondary,no,1716,yes,no,cellular,7,apr,272,1,-1,0,unknown,0
5411,52,technician,married,secondary,no,475,yes,no,cellular,28,jul,121,3,-1,0,unknown,0
7117,30,blue-collar,married,primary,no,0,yes,no,cellular,6,may,239,2,-1,0,unknown,0
4875,30,unemployed,married,tertiary,no,0,yes,no,cellular,18,nov,756,1,-1,0,unknown,0
8451,47,housemaid,married,tertiary,no,2290,no,no,cellular,15,apr,54,1,-1,0,unknown,0
9048,54,management,married,secondary,no,0,no,no,cellular,19,nov,106,1,-1,0,unknown,0
72,55,management,married,primary,no,19,yes,no,unknown,16,may,56,3,-1,0,unknown,0
5649,55,blue-collar,married,secondary,no,2059,yes,no,cellular,11,may,149,1,259,4,failure,0
10748,73,retired,married,tertiary,no,448,no,no,cellular,24,mar,136,1,-1,0,unknown,1
14,27,admin.,single,secondary,no,4745,no,no,telephone,12,nov,411,4,192,1,other,1
6551,40,services,married,primary,no,-9,yes,no,unknown,15,may,920,2,-1,0,unknown,1
1851,42,blue-collar,married,secondary,no,-755,yes,yes,unknown,2,jun,312,1,-1,0,unknown,0
4921,58,management,divorced,tertiary,no,5701,no,no,cellular,2,feb,521,1,-1,0,unknown,1
5217,31,management,divorced,tertiary,no,414,no,yes,cellular,16,jul,241,1,-1,0,unknown,1
4060,35,technician,married,secondary,no,840,yes,no,cellular,29,jul,281,4,-1,0,unknown,0
2659,26,management,single,tertiary,no,222,no,no,cellular,28,jun,247,1,63,2,success,1
10318,36,technician,married,tertiary,no,4388,no,no,cellular,8,aug,52,3,-1,0,unknown,0
8097,51,blue-collar,married,secondary,no,50,yes,yes,unknown,6,may,121,1,-1,0,unknown,0
10068,57,retired,married,tertiary,no,0,yes,yes,unknown,28,may,648,1,-1,0,unknown,1
10144,26,technician,single,secondary,no,33,no,no,cellular,23,jul,91,7,-1,0,unknown,0
4069,30,blue-collar,single,secondary,no,953,yes,no,unknown,2,jun,747,2,-1,0,unknown,1
2981,31,blue-collar,single,secondary,no,-159,no,yes,telephone,21,nov,49,1,-1,0,unknown,0
10528,34,management,married,tertiary,no,0,no,no,cellular,29,aug,120,2,-1,0,unknown,0
10761,40,blue-collar,married,primary,no,236,yes,no,unknown,20,may,167,2,-1,0,unknown,0
9207,70,retired,married,primary,no,2795,no,no,cellular,8,jul,480,1,181,2,success,1
6244,40,technician,married,tertiary,no,84,no,no,cellular,28,aug,715,8,-1,0,unknown,0
5000,55,blue-collar,married,primary,no,11,no,no,unknown,17,jun,150,2,-1,0,unknown,0
10825,54,retired,single,secondary,no,129,no,yes,cellular,28,jul,867,2,-1,0,unknown,1
6901,33,blue-collar,single,primary,yes,-15,no,yes,cellular,7,jul,326,2,-1,0,unknown,0
8704,32,technician,married,secondary,no,-300,no,no,cellular,28,aug,226,9,-1,0,unknown,0
2078,42,services,single,unknown,no,410,no,no,cellular,21,nov,34,2,-1,0,unknown,0
7642,51,management,married,tertiary,no,2455,yes,no,cellular,21,jul,553,1,-1,0,unknown,1
9790,30,management,single,tertiary,no,147,no,no,cellular,9,sep,234,1,100,1,failure,1
115,30,entrepreneur,single,primary,no,0,yes,yes,unknown,27,may,1051,1,-1,0,unknown,1
6416,39,admin.,married,secondary,no,1221,no,no,unknown,12,jun,97,1,-1,0,unknown,0
3667,42,blue-collar,married,secondary,no,443,yes,no,unknown,2,jun,671,5,-1,0,unknown,1
6862,64,retired,married,secondary,no,571,yes,no,cellular,20,apr,1422,2,-1,0,unknown,1
7438,44,technician,married,secondary,no,2776,yes,no,cellular,27,jan,701,1,-1,0,unknown,1
1855,41,management,single,tertiary,no,1253,no,no,cellular,21,jul,1134,5,-1,0,unknown,1
132,42,management,married,tertiary,no,294,no,no,cellular,26,aug,513,1,-1,0,unknown,1
5241,42,management,married,unknown,no,849,yes,no,cellular,8,oct,667,1,321,1,other,1
3097,33,technician,married,tertiary,no,-482,yes,no,cellular,29,jul,90,3,-1,0,unknown,0
8460,38,management,married,tertiary,no,385,yes,no,telephone,28,oct,154,1,-1,0,unknown,1
6544,45,blue-collar,married,secondary,no,61,yes,yes,unknown,23,may,208,1,-1,0,unknown,0
5185,85,retired,married,primary,no,1255,no,no,cellular,15,jan,233,3,-1,0,unknown,1
2201,34,admin.,single,secondary,no,601,no,no,cellular,17,nov,184,3,-1,0,unknown,0
10841,30,admin.,single,secondary,no,585,no,yes,cellular,2,feb,7,6,-1,0,unknown,0
4029,31,management,married,tertiary,no,477,yes,no,cellular,21,nov,77,5,-1,0,unknown,0
3341,57,blue-collar,married,secondary,no,2058,yes,no,telephone,18,may,23,2,-1,0,unknown,0
10492,36,entrepreneur,divorced,tertiary,no,3407,no,no,cellular,16,mar,392,4,-1,0,unknown,1
785,61,management,married,secondary,no,544,no,no,cellular,29,dec,63,3,200,9,success,1
795,44,technician,divorced,secondary,no,1262,yes,no,unknown,26,may,788,11,-1,0,unknown,1
557,42,services,divorced,secondary,no,83,no,no,cellular,13,may,300,5,358,6,failure,0
1077,34,admin.,married,secondary,no,1467,yes,no,cellular,17,apr,113,1,332,2,failure,0
9680,30,management,single,tertiary,no,7845,yes,no,unknown,3,jun,59,1,-1,0,unknown,0
3039,30,admin.,single,secondary,no,28,no,no,unknown,20,aug,107,1,-1,0,unknown,0
7397,30,admin.,married,secondary,no,521,yes,no,cellular,19,nov,648,1,-1,0,unknown,0
11046,46,admin.,divorced,secondary,no,3201,yes,no,telephone,13,may,157,3,-1,0,unknown,0
10044,26,services,single,tertiary,no,1140,yes,no,cellular,6,feb,984,2,-1,0,unknown,1
4947,32,management,single,secondary,no,131,yes,yes,cellular,23,jul,1152,2,-1,0,unknown,1
8152,31,services,married,secondary,no,182,no,no,cellular,20,aug,231,2,-1,0,unknown,0
1071,46,entrepreneur,married,secondary,no,0,no,yes,cellular,18,jul,115,1,-1,0,unknown,0
1648,35,management,single,tertiary,no,805,no,no,cellular,17,sep,613,1,-1,0,unknown,0
9127,33,admin.,married,secondary,no,1737,no,no,cellular,30,apr,524,2,-1,0,unknown,0
9650,78,retired,married,unknown,no,4807,no,no,telephone,22,oct,1002,4,-1,0,unknown,1
8184,36,technician,married,secondary,no,-393,no,no,telephone,14,aug,119,4,-1,0,unknown,0
3224,46,technician,married,secondary,no,332,yes,no,unknown,9,may,772,1,-1,0,unknown,1
9641,24,blue-collar,single,secondary,yes,-203,yes,no,unknown,12,jun,465,3,-1,0,unknown,1
1115,31,admin.,single,tertiary,no,355,yes,no,cellular,12,may,609,1,-1,0,unknown,1
9545,36,management,single,tertiary,no,1400,yes,no,cellular,11,may,608,3,-1,0,unknown,1
2091,43,management,divorced,tertiary,no,-410,no,yes,cellular,9,jul,189,1,-1,0,unknown,0
8068,30,blue-collar,single,unknown,no,6281,no,no,cellular,21,apr,149,2,-1,0,unknown,1
9691,49,technician,single,secondary,no,-188,yes,yes,cellular,17,nov,454,1,-1,0,unknown,1
3157,46,management,married,tertiary,no,229,yes,no,unknown,5,may,197,1,-1,0,unknown,0
10665,49,blue-collar,married,primary,no,-232,no,yes,cellular,11,aug,106,2,-1,0,unknown,0
6698,27,admin.,married,secondary,no,0,yes,no,cellular,6,may,837,1,-1,0,unknown,1
9075,31,self-employed,single,tertiary,no,17924,yes,no,cellular,14,may,745,1,174,3,failure,1
2380,44,admin.,single,secondary,no,985,yes,yes,cellular,11,may,9,7,325,19,failure,0
3706,48,management,married,tertiary,no,0,no,yes,cellular,19,feb,204,4,182,1,success,1
10250,31,blue-collar,married,primary,no,55,yes,yes,cellular,17,apr,340,2,-1,0,unknown,0
8882,33,management,married,tertiary,no,1195,yes,no,telephone,13,may,355,4,-1,0,unknown,0
2581,30,management,married,tertiary,no,102,yes,no,cellular,5,apr,470,7,426,3,other,1
7421,35,services,married,secondary,no,152,yes,no,unknown,2,jun,563,1,-1,0,unknown,1
8973,31,technician,divorced,secondary,no,10787,yes,no,unknown,4,jun,135,2,-1,0,unknown,0
960,52,blue-collar,married,secondary,no,2087,yes,no,cellular,31,aug,267,1,474,1,failure,1
1951,57,technician,married,tertiary,no,6822,no,no,cellular,7,aug,797,2,-1,0,unknown,1
9228,27,unemployed,single,tertiary,no,3060,no,no,cellular,30,jan,533,1,-1,0,unknown,0
10379,26,services,single,secondary,no,209,yes,no,cellular,22,jul,319,2,-1,0,unknown,0
9741,34,services,married,secondary,no,-315,yes,no,unknown,8,may,56,2,-1,0,unknown,0
10550,29,self-employed,single,tertiary,no,121,yes,no,unknown,30,may,1500,2,-1,0,unknown,1
2235,48,unemployed,divorced,secondary,no,201,no,no,cellular,10,nov,594,1,91,1,success,1
2969,30,technician,single,secondary,no,411,yes,no,cellular,16,apr,948,1,-1,0,unknown,0
3772,60,blue-collar,married,secondary,no,2879,yes,no,cellular,5,aug,122,1,-1,0,unknown,0
7089,41,services,married,secondary,no,0,yes,yes,cellular,4,jun,352,2,122,2,failure,1
1070,37,management,married,tertiary,no,89,yes,no,unknown,19,may,162,10,-1,0,unknown,0
9142,54,technician,married,secondary,no,114,no,no,cellular,30,jul,458,3,-1,0,unknown,1
7617,27,self-employed,single,tertiary,no,4574,no,no,cellular,12,aug,187,2,-1,0,unknown,0
7240,41,admin.,married,secondary,no,55,yes,no,unknown,8,may,1120,2,-1,0,unknown,1
9077,33,management,single,tertiary,no,23,no,no,cellular,20,aug,216,3,-1,0,unknown,0
3246,50,blue-collar,married,primary,no,5872,yes,no,cellular,5,may,762,3,-1,0,unknown,1
7403,47,management,married,tertiary,no,0,no,no,cellular,27,oct,508,1,-1,0,unknown,1
5498,51,management,married,tertiary,no,0,yes,yes,unknown,29,may,410,5,-1,0,unknown,0
579,40,technician,divorced,tertiary,no,4736,yes,no,cellular,11,feb,285,2,-1,0,unknown,1
8644,32,student,single,tertiary,no,1138,no,no,telephone,10,feb,402,3,-1,0,unknown,1
1768,47,services,married,secondary,no,367,yes,no,cellular,12,may,309,1,306,4,success,1
8686,43,management,married,tertiary,no,839,no,no,cellular,22,jul,942,1,-1,0,unknown,1
10906,32,management,single,tertiary,no,0,yes,no,cellular,20,apr,415,2,-1,0,unknown,0
5619,49,admin.,married,secondary,no,2501,yes,no,unknown,30,may,50,2,-1,0,unknown,0
5301,29,management,single,tertiary,no,1377,no,no,cellular,8,apr,548,2,-1,0,unknown,1
3215,48,management,divorced,secondary,no,769,no,yes,cellular,28,jan,58,2,184,15,other,0
2128,21,student,single,secondary,no,123,no,no,telephone,11,nov,513,1,91,1,success,1
6093,54,housemaid,married,secondary,no,962,yes,no,cellular,29,oct,288,3,-1,0,unknown,1
1882,41,housemaid,divorced,primary,no,22,yes,no,cellular,18,nov,238,3,126,4,other,0
7777,45,admin.,married,secondary,yes,-106,yes,yes,cellular,7,may,553,3,288,1,other,1
3707,27,technician,single,tertiary,no,401,no,no,cellular,6,aug,218,3,93,2,success,1
9302,23,student,single,tertiary,no,113,no,no,cellular,17,nov,266,1,-1,0,unknown,1
2134,61,retired,married,secondary,no,569,no,no,cellular,4,aug,219,1,-1,0,unknown,1
5614,41,self-employed,married,secondary,no,1,no,no,cellular,19,aug,55,4,-1,0,unknown,0
1415,35,entrepreneur,divorced,secondary,no,80,no,no,cellular,20,aug,67,5,-1,0,unknown,0
10621,25,admin.,single,secondary,no,654,no,no,cellular,8,apr,216,1,-1,0,unknown,0
9170,27,blue-collar,single,secondary,no,3792,no,no,cellular,22,apr,279,2,-1,0,unknown,1
1080,58,retired,married,secondary,no,2714,no,no,cellular,26,may,165,1,287,2,failure,1
5174,39,blue-collar,divorced,primary,no,3,no,yes,unknown,1,jul,625,1,-1,0,unknown,0
8617,37,management,married,tertiary,no,0,no,no,cellular,16,jul,268,2,182,3,success,1
2551,46,blue-collar,married,primary,no,-29,yes,no,unknown,12,may,322,1,-1,0,unknown,0
9587,61,retired,married,secondary,no,86,no,no,cellular,25,jan,639,1,94,1,success,1
10513,29,management,single,tertiary,no,428,no,no,cellular,22,may,293,2,-1,0,unknown,1
9948,32,technician,single,secondary,no,0,no,no,cellular,18,aug,594,4,-1,0,unknown,1
3185,43,retired,married,primary,no,7298,no,no,unknown,11,jun,36,2,-1,0,unknown,0
2889,47,admin.,married,secondary,no,829,yes,yes,cellular,18,nov,48,1,188,1,failure,0
3061,24,student,single,secondary,no,382,no,no,cellular,30,apr,567,2,-1,0,unknown,1
970,37,technician,single,secondary,no,-242,yes,no,cellular,13,aug,1149,6,-1,0,unknown,1
6584,53,blue-collar,married,unknown,no,111,no,no,unknown,20,jun,39,3,-1,0,unknown,0
2068,36,blue-collar,married,secondary,no,0,no,no,cellular,4,feb,235,1,244,1,failure,0
2379,35,services,married,secondary,no,341,yes,no,cellular,14,may,345,1,-1,0,unknown,1
735,38,unemployed,married,tertiary,no,2812,yes,no,cellular,30,apr,830,1,-1,0,unknown,1
8576,26,blue-collar,single,secondary,no,786,yes,yes,unknown,14,may,103,5,-1,0,unknown,0
4772,52,technician,married,tertiary,no,2557,no,no,cellular,28,jan,134,5,204,2,success,1
2132,35,management,married,secondary,no,53,yes,no,cellular,18,nov,378,1,-1,0,unknown,0
9548,53,management,single,tertiary,no,720,yes,no,unknown,17,nov,99,1,-1,0,unknown,0
6085,54,management,married,secondary,no,2693,no,no,cellular,22,mar,222,1,188,6,other,1
6945,29,student,single,secondary,no,67,no,no,cellular,23,feb,211,1,187,5,success,1
5073,39,management,married,secondary,no,215,no,no,cellular,11,aug,1141,4,-1,0,unknown,1
8005,41,services,married,secondary,no,804,yes,no,unknown,20,may,127,8,-1,0,unknown,0
11143,56,blue-collar,married,primary,no,-85,yes,yes,unknown,26,may,118,1,-1,0,unknown,0
9324,32,self-employed,single,tertiary,no,1249,yes,no,cellular,19,nov,472,1,-1,0,unknown,1
736,62,unemployed,married,secondary,no,780,no,no,cellular,28,aug,162,2,-1,0,unknown,1
1748,59,retired,married,primary,no,3648,no,no,telephone,19,jun,1321,3,-1,0,unknown,1
7845,49,blue-collar,divorced,secondary,yes,259,no,no,unknown,16,may,283,2,-1,0,unknown,0
4826,38,management,divorced,tertiary,no,4335,yes,no,cellular,20,nov,640,1,-1,0,unknown,0
4588,29,services,single,secondary,no,695,no,no,unknown,3,jul,97,1,-1,0,unknown,0
5724,27,admin.,single,secondary,no,292,yes,no,cellular,12,may,53,9,362,8,other,0
4960,29,self-employed,single,tertiary,no,805,no,no,cellular,23,feb,132,1,103,7,failure,1
5490,32,admin.,single,secondary,no,45,yes,yes,cellular,14,may,908,3,344,7,other,0
5040,29,management,married,tertiary,no,318,yes,no,cellular,18,may,1434,2,356,4,failure,0
10938,76,retired,married,primary,no,3324,no,no,cellular,13,nov,122,1,92,3,success,1
1490,46,blue-collar,married,secondary,no,524,yes,no,telephone,5,may,15,7,-1,0,unknown,0
4562,80,retired,married,primary,no,155,no,no,telephone,9,dec,343,2,-1,0,unknown,1
9150,34,blue-collar,married,secondary,no,320,yes,no,cellular,12,aug,352,1,828,2,failure,1
9273,31,management,married,tertiary,no,3914,no,yes,cellular,29,jan,266,1,-1,0,unknown,0
8657,30,self-employed,married,tertiary,no,2666,no,no,cellular,5,aug,475,2,93,4,success,1
3617,26,student,single,unknown,no,19,no,no,telephone,30,apr,268,1,-1,0,unknown,0
1850,35,student,single,secondary,no,188,yes,no,cellular,16,feb,75,3,200,5,failure,1
10570,45,entrepreneur,married,secondary,no,781,no,yes,cellular,17,nov,652,2,126,2,failure,1
10221,49,entrepreneur,married,primary,no,6188,no,no,cellular,18,nov,453,1,-1,0,unknown,1
643,28,services,single,tertiary,no,128,no,no,cellular,27,may,460,1,414,1,failure,1
7697,55,technician,married,secondary,yes,-308,no,no,cellular,2,feb,781,1,-1,0,unknown,1
6723,35,management,married,tertiary,yes,-10,yes,no,cellular,15,may,168,2,364,1,other,0
1773,31,student,single,secondary,no,3511,no,no,cellular,2,jul,667,1,-1,0,unknown,1
10519,36,technician,single,secondary,yes,-487,yes,no,cellular,17,apr,1080,1,-1,0,unknown,1
11145,32,blue-collar,married,primary,no,-105,yes,yes,telephone,31,jul,454,19,-1,0,unknown,0
1241,35,blue-collar,married,unknown,no,1084,yes,no,cellular,10,jul,1019,1,-1,0,unknown,0
1317,49,blue-collar,married,secondary,no,30,yes,no,unknown,5,may,135,4,-1,0,unknown,0
6209,35,management,single,tertiary,no,7506,yes,no,unknown,30,oct,248,1,-1,0,unknown,1
2595,30,management,single,secondary,no,-383,yes,no,cellular,18,may,170,1,-1,0,unknown,0
1889,32,technician,single,tertiary,no,514,yes,yes,cellular,7,may,138,1,168,1,failure,0
9011,40,blue-collar,married,secondary,no,475,yes,no,unknown,5,may,332,2,-1,0,unknown,0
1699,28,management,single,tertiary,no,9710,no,no,cellular,14,oct,786,2,-1,0,unknown,0
1410,34,blue-collar,married,secondary,no,261,yes,no,cellular,3,feb,88,5,251,3,failure,0
5993,51,services,married,unknown,no,5801,yes,no,unknown,29,may,147,2,-1,0,unknown,0
7302,43,self-employed,divorced,secondary,no,347,no,no,cellular,19,nov,1468,3,-1,0,unknown,1
10216,42,blue-collar,married,primary,no,1461,yes,no,cellular,7,may,757,2,170,3,failure,1
4981,47,student,single,unknown,no,107,no,no,telephone,15,jul,119,8,-1,0,unknown,0
9297,73,retired,divorced,primary,no,2308,no,no,telephone,30,mar,163,2,-1,0,unknown,1
6947,47,technician,divorced,secondary,no,2836,no,yes,cellular,14,aug,10,2,-1,0,unknown,0
2334,55,retired,divorced,secondary,no,2204,no,no,cellular,22,feb,261,1,264,1,failure,1
6198,48,blue-collar,married,primary,no,51,no,yes,telephone,9,jul,76,1,-1,0,unknown,0
5030,43,blue-collar,single,secondary,no,3,yes,no,unknown,9,may,929,3,-1,0,unknown,1
8886,51,blue-collar,married,primary,no,216,yes,no,cellular,17,apr,666,3,274,3,failure,0
6641,55,services,single,secondary,no,-40,yes,no,unknown,12,may,178,2,-1,0,unknown,0
3753,44,technician,single,tertiary,no,2033,no,no,cellular,3,sep,444,1,99,1,failure,1
4199,30,management,single,tertiary,no,218,no,no,unknown,3,jun,75,1,-1,0,unknown,0
4354,41,admin.,married,secondary,no,3138,no,no,cellular,14,sep,409,1,398,1,failure,1
11078,43,technician,single,secondary,no,34,no,no,telephone,30,jul,29,1,-1,0,unknown,0
9083,34,admin.,married,secondary,no,79,yes,no,unknown,23,may,83,1,-1,0,unknown,0
5282,38,blue-collar,married,primary,no,7944,no,no,unknown,17,jun,116,3,-1,0,unknown,0
601,48,management,married,secondary,no,0,yes,yes,cellular,3,nov,1233,1,351,2,failure,1
8753,34,blue-collar,single,secondary,no,39,no,no,cellular,18,jul,138,3,-1,0,unknown,0
5029,38,management,married,tertiary,no,1440,no,no,cellular,11,aug,111,2,-1,0,unknown,0
847,35,blue-collar,married,primary,no,2878,yes,no,cellular,18,nov,140,2,-1,0,unknown,0
7255,63,management,married,tertiary,no,3115,no,no,cellular,16,nov,432,5,-1,0,unknown,1
9687,27,self-employed,single,tertiary,no,347,no,no,cellular,6,aug,385,4,-1,0,unknown,1
9549,58,admin.,married,secondary,no,169,no,no,cellular,16,nov,301,1,94,3,failure,1
2891,25,blue-collar,single,secondary,no,303,no,no,cellular,18,mar,265,1,-1,0,unknown,1
4852,28,management,single,tertiary,no,0,yes,no,cellular,16,jul,767,5,-1,0,unknown,1
10131,50,technician,married,secondary,no,3370,no,no,cellular,2,jun,160,2,-1,0,unknown,1
1104,37,technician,single,secondary,no,3665,no,no,cellular,12,aug,664,3,-1,0,unknown,1
1273,28,management,single,tertiary,no,185,no,no,cellular,30,jan,651,2,-1,0,unknown,0
1142,40,admin.,married,secondary,no,767,yes,no,cellular,6,feb,168,1,-1,0,unknown,0
4250,34,self-employed,single,tertiary,no,9962,no,no,cellular,20,aug,474,1,-1,0,unknown,1
1380,49,management,single,tertiary,no,1556,yes,no,cellular,28,jul,674,3,-1,0,unknown,0
7124,33,blue-collar,single,secondary,no,-416,yes,no,unknown,16,may,767,2,-1,0,unknown,1
8789,31,admin.,married,secondary,no,685,yes,no,cellular,15,may,552,1,329,3,failure,1
905,47,management,married,unknown,no,4567,no,no,telephone,31,jul,921,4,-1,0,unknown,0
8439,48,blue-collar,married,primary,no,214,yes,yes,cellular,14,may,307,1,177,2,failure,1
2596,32,technician,married,tertiary,no,636,yes,no,cellular,28,aug,370,1,116,4,success,1
394,40,blue-collar,married,primary,no,0,no,no,cellular,24,jul,313,1,-1,0,unknown,0
712,30,services,single,unknown,no,138,yes,no,cellular,20,apr,187,1,-1,0,unknown,0
5422,30,technician,divorced,tertiary,no,317,yes,no,cellular,25,jul,67,5,-1,0,unknown,0
3774,60,admin.,married,unknown,no,4629,yes,no,cellular,27,oct,624,1,-1,0,unknown,1
4977,41,management,married,tertiary,no,653,yes,no,telephone,17,nov,60,2,-1,0,unknown,0
9013,39,unemployed,married,primary,no,7005,yes,no,cellular,28,jul,429,2,184,3,success,1
10007,27,admin.,single,secondary,no,276,yes,no,unknown,19,may,311,2,-1,0,unknown,0
10087,43,management,divorced,tertiary,no,1,yes,yes,unknown,2,jun,28,8,-1,0,unknown,0
7156,30,management,single,tertiary,no,376,yes,no,cellular,21,nov,710,1,-1,0,unknown,1
1369,43,housemaid,married,primary,no,25,no,no,cellular,12,aug,121,2,-1,0,unknown,0
493,29,blue-collar,married,secondary,no,940,yes,yes,cellular,15,may,382,1,-1,0,unknown,1
3805,34,services,married,secondary,no,1182,yes,no,unknown,28,may,124,1,-1,0,unknown,0
3644,42,management,married,tertiary,no,-700,yes,no,unknown,14,may,110,1,-1,0,unknown,0
10151,47,management,married,tertiary,no,2351,no,no,cellular,2,jun,163,2,84,1,success,1
10063,35,services,married,secondary,no,0,no,no,unknown,9,jun,115,4,-1,0,unknown,0
10319,55,technician,divorced,secondary,no,3450,no,no,cellular,10,feb,169,1,183,1,failure,1
892,40,management,married,secondary,no,2596,no,no,unknown,12,jun,236,1,-1,0,unknown,0
7434,19,student,single,secondary,no,329,no,no,cellular,22,oct,252,2,-1,0,unknown,1
2701,43,blue-collar,married,secondary,no,1025,yes,no,cellular,2,jun,106,1,-1,0,unknown,0
5339,41,blue-collar,divorced,primary,no,138,yes,no,cellular,18,jul,640,3,-1,0,unknown,1
4197,30,technician,married,tertiary,no,2166,no,no,cellular,12,jan,316,2,-1,0,unknown,1
3537,54,management,married,tertiary,no,1114,yes,no,cellular,21,nov,1195,2,175,1,other,0
10879,36,blue-collar,married,unknown,no,722,yes,no,unknown,20,may,268,2,-1,0,unknown,0
5368,56,technician,single,secondary,no,751,yes,no,cellular,15,may,43,8,177,5,failure,0
1897,38,self-employed,married,secondary,no,746,no,no,unknown,20,jun,256,3,-1,0,unknown,0
3525,61,retired,married,primary,no,3738,no,no,telephone,6,feb,188,1,-1,0,unknown,0
727,30,services,single,secondary,no,1268,yes,no,cellular,8,apr,105,4,320,8,other,1
4286,45,blue-collar,divorced,primary,no,-207,no,no,cellular,15,jul,878,2,-1,0,unknown,1
9450,32,management,married,tertiary,no,1331,no,no,cellular,12,nov,126,1,92,5,failure,1
8812,60,technician,married,primary,no,4243,yes,no,cellular,4,feb,387,1,251,1,failure,0
4957,30,management,single,tertiary,no,1028,no,no,cellular,4,feb,1294,2,-1,0,unknown,1
3651,25,services,divorced,secondary,no,1694,no,no,cellular,7,jul,159,2,-1,0,unknown,0
2516,32,blue-collar,married,primary,no,-6,yes,no,cellular,6,may,169,2,-1,0,unknown,0
5054,31,services,single,secondary,no,85,no,no,cellular,16,jul,151,1,-1,0,unknown,0
489,37,management,married,tertiary,no,347,yes,no,cellular,22,jul,282,1,-1,0,unknown,0
6490,27,technician,single,secondary,no,1742,yes,no,unknown,16,may,787,1,-1,0,unknown,1
4638,25,student,single,secondary,no,154,no,no,cellular,2,sep,382,1,183,3,success,1
5108,33,management,single,secondary,no,2955,yes,no,cellular,18,may,178,2,-1,0,unknown,0
6297,25,student,single,secondary,no,331,no,no,telephone,26,aug,170,4,-1,0,unknown,1
5154,45,blue-collar,married,secondary,no,96,yes,no,cellular,13,apr,348,3,256,2,failure,1
8781,26,management,single,tertiary,no,3178,no,no,cellular,2,jun,64,1,-1,0,unknown,0
1609,48,admin.,divorced,secondary,no,-407,yes,no,cellular,14,may,210,2,352,1,failure,0
11074,52,blue-collar,married,tertiary,no,297,yes,no,unknown,7,may,55,1,-1,0,unknown,0
4575,57,management,married,tertiary,no,-92,yes,yes,unknown,20,jun,1617,1,-1,0,unknown,1
10031,35,management,divorced,tertiary,no,146,no,no,cellular,6,aug,720,2,-1,0,unknown,1
1377,49,blue-collar,single,primary,no,2146,yes,no,cellular,7,may,1516,2,353,2,other,1
4404,34,admin.,married,secondary,no,1499,yes,no,cellular,13,apr,186,1,327,2,failure,0
4418,56,retired,married,secondary,no,3738,yes,no,cellular,17,apr,156,1,305,6,other,1
649,46,management,married,tertiary,no,460,no,no,cellular,28,jan,56,1,-1,0,unknown,0
2735,31,admin.,single,secondary,no,476,no,no,cellular,9,feb,284,2,-1,0,unknown,0
9938,29,technician,married,secondary,no,95,no,yes,cellular,3,feb,172,3,-1,0,unknown,1
2569,35,management,married,tertiary,no,925,no,no,cellular,8,jun,200,4,-1,0,unknown,1
4764,35,admin.,single,secondary,no,2452,yes,no,unknown,5,jun,91,2,-1,0,unknown,0
9695,54,self-employed,single,tertiary,no,384,no,yes,cellular,27,may,200,1,-1,0,unknown,1
1994,34,blue-collar,married,primary,no,6718,no,no,cellular,13,jan,278,4,97,1,other,0
595,32,services,single,secondary,no,152,yes,no,cellular,25,may,158,2,-1,0,unknown,1
7547,29,blue-collar,married,secondary,no,975,yes,no,unknown,27,may,265,2,-1,0,unknown,0
1170,21,student,single,secondary,no,224,no,no,cellular,30,apr,871,1,-1,0,unknown,1
9797,31,blue-collar,married,secondary,no,435,yes,no,unknown,21,may,204,1,-1,0,unknown,0
1795,30,blue-collar,single,secondary,no,1165,yes,no,cellular,18,may,365,2,-1,0,unknown,0
7832,53,management,married,tertiary,no,1348,no,yes,cellular,17,jul,120,3,-1,0,unknown,0
8525,35,blue-collar,married,secondary,no,975,yes,no,cellular,16,jul,102,1,-1,0,unknown,0
1809,39,technician,single,unknown,no,45248,yes,no,unknown,6,may,1623,1,-1,0,unknown,1
2943,28,unemployed,single,primary,no,1374,no,no,cellular,23,apr,203,4,-1,0,unknown,1
1372,30,student,single,unknown,no,4468,no,no,cellular,2,feb,204,1,-1,0,unknown,1
4877,48,entrepreneur,married,secondary,no,104,yes,yes,cellular,18,nov,55,1,-1,0,unknown,0
2906,40,management,married,secondary,no,8486,no,no,unknown,6,may,260,3,-1,0,unknown,0
9947,48,management,married,tertiary,no,1808,yes,no,cellular,26,feb,245,1,-1,0,unknown,1
7849,22,student,single,secondary,no,23,no,no,cellular,27,oct,137,1,-1,0,unknown,1
6511,40,entrepreneur,married,tertiary,no,3571,no,no,unknown,9,jun,222,3,-1,0,unknown,0
5858,39,technician,married,secondary,no,2266,no,no,cellular,22,may,86,1,93,4,success,0
9493,36,technician,married,tertiary,no,571,yes,yes,cellular,31,jul,46,3,-1,0,unknown,0
3299,39,management,single,tertiary,no,139,no,no,cellular,22,aug,109,2,-1,0,unknown,0
5312,28,blue-collar,single,secondary,no,39,no,no,cellular,31,jul,22,7,-1,0,unknown,0
7882,26,student,single,secondary,no,620,no,no,cellular,22,may,223,1,94,1,success,1
7054,32,admin.,single,tertiary,no,8866,no,no,cellular,18,mar,278,2,-1,0,unknown,1
5951,55,technician,married,tertiary,no,169,no,yes,cellular,5,aug,618,2,-1,0,unknown,1
3954,57,technician,married,secondary,no,1753,yes,no,cellular,7,may,539,1,-1,0,unknown,0
4041,35,technician,married,secondary,no,4508,yes,no,cellular,18,nov,854,1,-1,0,unknown,1
7389,40,technician,married,secondary,no,2338,no,no,cellular,16,oct,717,2,-1,0,unknown,1
8163,36,self-employed,married,secondary,no,188,yes,yes,cellular,4,may,1046,3,333,2,success,1
11140,47,admin.,married,secondary,no,70,yes,no,cellular,5,apr,144,4,374,2,success,1
7301,55,management,single,tertiary,no,1498,no,no,cellular,25,aug,340,5,-1,0,unknown,0
6580,74,retired,married,primary,no,0,no,no,telephone,13,aug,562,2,-1,0,unknown,1
1105,31,management,married,tertiary,no,546,no,no,cellular,7,aug,147,2,-1,0,unknown,0
4840,37,admin.,married,secondary,no,1207,yes,no,telephone,6,apr,1353,2,138,2,success,1
2357,35,housemaid,married,tertiary,no,1265,yes,no,cellular,15,may,326,5,179,4,failure,1
4351,30,services,married,secondary,no,80,yes,no,unknown,8,may,185,2,-1,0,unknown,0
8052,34,admin.,married,secondary,no,260,no,no,cellular,28,jan,50,1,-1,0,unknown,0
2786,53,technician,divorced,secondary,no,751,yes,no,unknown,16,may,343,4,-1,0,unknown,0
581,40,technician,married,tertiary,no,1293,no,no,cellular,16,sep,1702,3,105,2,success,1
6981,30,technician,married,secondary,no,590,yes,no,unknown,23,may,242,3,-1,0,unknown,0
456,47,technician,divorced,tertiary,no,694,yes,no,cellular,11,may,1001,4,-1,0,unknown,0
1442,41,management,divorced,tertiary,no,1757,no,no,cellular,22,apr,314,1,239,13,failure,1
4780,36,student,married,primary,no,3503,no,no,unknown,6,jun,31,1,-1,0,unknown,0
6174,32,self-employed,single,tertiary,no,0,yes,no,cellular,6,may,767,1,-1,0,unknown,1
1049,49,admin.,divorced,secondary,no,169,yes,no,unknown,30,may,447,1,-1,0,unknown,0
10432,55,retired,married,tertiary,no,357,yes,no,cellular,30,apr,878,1,-1,0,unknown,0
5261,44,technician,married,secondary,no,267,no,no,cellular,22,aug,520,2,-1,0,unknown,1
9964,29,management,single,tertiary,no,307,yes,no,cellular,2,jun,690,1,-1,0,unknown,1
10107,34,housemaid,married,primary,no,2929,no,no,cellular,14,aug,518,2,-1,0,unknown,1
8723,53,services,divorced,primary,no,778,yes,no,cellular,17,apr,221,2,-1,0,unknown,0
9576,34,admin.,married,tertiary,no,899,yes,no,unknown,12,nov,114,1,170,3,failure,1
6962,49,technician,divorced,secondary,no,342,no,yes,cellular,19,nov,58,3,-1,0,unknown,0
6384,27,management,single,tertiary,no,1,yes,no,cellular,30,jul,764,4,-1,0,unknown,1
1489,54,self-employed,married,secondary,no,203,yes,no,telephone,7,jul,238,8,-1,0,unknown,0
10764,61,self-employed,married,tertiary,no,10861,no,no,cellular,26,jul,336,2,259,3,success,1
7715,35,admin.,married,secondary,no,2374,yes,no,cellular,11,aug,765,2,183,5,success,1
8263,29,management,single,tertiary,no,573,yes,yes,unknown,16,jun,190,4,-1,0,unknown,0
3825,47,services,single,unknown,no,1784,no,no,cellular,19,oct,385,2,-1,0,unknown,1
5400,24,management,married,unknown,no,448,no,no,cellular,14,apr,324,1,-1,0,unknown,1
9246,42,technician,divorced,secondary,no,0,yes,no,unknown,28,may,471,2,-1,0,unknown,0
407,32,management,single,tertiary,no,1882,no,no,cellular,25,aug,497,5,-1,0,unknown,1
767,34,blue-collar,single,secondary,no,1156,yes,no,unknown,23,may,234,2,-1,0,unknown,0
4446,43,blue-collar,married,secondary,no,953,yes,no,cellular,4,feb,765,2,-1,0,unknown,1
1395,32,technician,single,secondary,no,1732,yes,no,cellular,14,aug,1871,3,-1,0,unknown,1
1692,26,blue-collar,married,primary,no,399,yes,no,cellular,22,jul,1288,2,-1,0,unknown,0
6365,58,admin.,single,secondary,no,247,no,yes,unknown,20,jun,66,6,-1,0,unknown,0
6374,46,management,married,unknown,no,802,yes,no,telephone,25,jul,417,1,-1,0,unknown,0
4427,51,blue-collar,married,secondary,no,1022,yes,no,cellular,8,may,311,3,-1,0,unknown,0
1296,35,admin.,married,secondary,no,-244,yes,yes,cellular,6,may,118,1,-1,0,unknown,0
4537,46,management,married,tertiary,no,3984,no,no,cellular,13,aug,77,2,-1,0,unknown,0
7483,45,management,married,tertiary,no,10,no,no,cellular,26,aug,133,7,-1,0,unknown,0
3897,38,services,single,primary,no,-87,yes,no,cellular,13,may,531,1,-1,0,unknown,0
7813,34,technician,single,tertiary,no,2733,no,no,cellular,14,jul,604,1,-1,0,unknown,1
7701,57,admin.,married,secondary,no,808,no,no,cellular,14,jul,417,3,-1,0,unknown,0
3277,43,unemployed,divorced,secondary,no,1854,no,no,cellular,13,nov,131,2,197,1,success,0
5222,36,admin.,married,secondary,no,96,no,no,cellular,30,apr,208,1,87,1,success,1
7067,25,technician,divorced,secondary,no,86,no,yes,cellular,8,jul,483,2,-1,0,unknown,0
6184,44,blue-collar,divorced,primary,no,-57,yes,no,cellular,7,may,234,1,356,2,failure,0
6271,54,blue-collar,divorced,unknown,no,-473,yes,no,cellular,14,may,239,1,351,2,failure,0
7748,36,technician,divorced,secondary,no,3158,yes,no,cellular,3,jun,144,2,-1,0,unknown,1
5816,51,blue-collar,married,primary,no,2095,yes,yes,cellular,2,feb,438,4,-1,0,unknown,0
7669,41,self-employed,divorced,tertiary,no,4418,yes,no,cellular,21,nov,855,3,-1,0,unknown,0
8487,28,technician,single,secondary,no,2335,no,no,cellular,13,may,624,1,-1,0,unknown,1
11016,46,admin.,divorced,secondary,no,-60,no,no,cellular,17,nov,117,1,-1,0,unknown,0
2553,51,entrepreneur,married,tertiary,no,83,no,no,cellular,20,apr,267,2,-1,0,unknown,1
10304,29,services,single,secondary,no,84,no,yes,unknown,3,jul,587,3,-1,0,unknown,1
3730,95,retired,divorced,primary,no,2282,no,no,telephone,21,apr,207,17,-1,0,unknown,1
6870,30,student,single,secondary,no,1681,no,no,cellular,23,mar,128,1,106,2,success,1
9997,68,retired,single,tertiary,no,2144,no,no,cellular,26,jan,708,1,96,3,success,1
8213,32,admin.,married,secondary,no,51,yes,yes,cellular,7,jul,297,1,-1,0,unknown,1
9312,48,self-employed,single,unknown,no,0,no,no,unknown,18,jun,453,1,-1,0,unknown,0
1168,36,management,married,tertiary,no,242,yes,no,cellular,14,may,20,1,-1,0,unknown,0
11091,51,unknown,married,unknown,no,2642,no,no,cellular,29,jul,52,6,-1,0,unknown,0
10619,37,technician,married,secondary,no,1707,yes,no,cellular,26,jul,546,2,784,3,failure,1
8516,30,management,married,tertiary,no,1384,yes,no,telephone,14,aug,60,2,-1,0,unknown,0
10960,46,blue-collar,married,primary,no,874,no,no,cellular,6,aug,996,1,-1,0,unknown,1
5841,36,housemaid,married,secondary,no,2880,no,no,unknown,12,jun,283,1,-1,0,unknown,0
10953,31,admin.,married,secondary,no,368,yes,no,cellular,5,may,414,5,361,3,other,0
10917,58,services,married,secondary,no,12180,no,no,unknown,16,jun,121,5,-1,0,unknown,0
5292,42,management,married,unknown,no,1519,no,no,cellular,19,oct,230,1,92,1,success,1
6941,66,retired,married,tertiary,no,1948,no,no,cellular,29,oct,106,2,269,2,failure,1
8257,25,student,single,unknown,no,480,no,no,cellular,8,sep,140,1,-1,0,unknown,1
82,51,entrepreneur,married,secondary,no,-799,no,yes,cellular,15,jul,1001,3,-1,0,unknown,1
10021,33,technician,divorced,secondary,no,370,yes,no,cellular,11,aug,145,4,-1,0,unknown,0
191,33,technician,single,secondary,no,18,no,no,cellular,22,aug,93,2,-1,0,unknown,0
3887,32,self-employed,married,tertiary,no,1464,no,no,telephone,14,aug,133,2,-1,0,unknown,0
8515,43,admin.,married,secondary,no,616,yes,no,unknown,9,may,168,2,-1,0,unknown,0
4263,37,blue-collar,married,secondary,no,2697,yes,no,cellular,20,apr,430,1,-1,0,unknown,0
798,45,management,married,tertiary,no,1199,no,no,telephone,3,feb,221,2,-1,0,unknown,0
1459,46,technician,married,secondary,no,68,yes,yes,unknown,16,jun,87,3,-1,0,unknown,0
8947,26,services,single,secondary,no,901,yes,no,unknown,26,may,764,2,-1,0,unknown,1
990,60,blue-collar,married,primary,no,14,yes,yes,cellular,15,may,781,4,178,3,failure,0
7739,33,services,divorced,unknown,no,392,yes,no,cellular,15,jul,753,4,-1,0,unknown,0
7194,74,retired,married,primary,no,1413,no,no,cellular,25,feb,385,2,-1,0,unknown,1
4445,38,blue-collar,divorced,primary,no,0,no,no,unknown,12,jun,49,2,-1,0,unknown,0
590,33,entrepreneur,single,tertiary,no,300,yes,yes,cellular,30,jan,922,5,-1,0,unknown,1
7164,49,technician,married,secondary,no,-849,yes,yes,unknown,27,may,197,1,-1,0,unknown,0
2017,34,admin.,single,secondary,no,1581,yes,yes,unknown,20,may,52,11,-1,0,unknown,0
2056,24,blue-collar,single,secondary,no,476,yes,no,unknown,4,jun,161,1,-1,0,unknown,0
5644,57,management,divorced,tertiary,no,3287,no,no,cellular,30,mar,277,2,337,1,success,1
2010,31,admin.,single,secondary,no,387,yes,no,cellular,13,may,228,2,370,1,failure,0
7974,72,retired,married,secondary,no,5715,no,no,cellular,17,nov,1127,5,184,3,success,1
9739,26,student,single,tertiary,no,641,yes,no,cellular,15,may,55,1,368,1,failure,0
8979,45,management,divorced,tertiary,no,854,no,yes,cellular,8,jul,730,1,-1,0,unknown,1
1027,41,services,married,secondary,no,2085,yes,no,unknown,26,may,125,4,-1,0,unknown,0
5002,53,admin.,married,primary,no,228,yes,no,unknown,16,may,97,1,-1,0,unknown,0
1156,59,management,married,tertiary,no,1,yes,no,cellular,29,apr,210,1,-1,0,unknown,1
3145,49,management,divorced,tertiary,no,696,yes,no,unknown,2,jun,310,3,-1,0,unknown,0
8574,40,management,married,tertiary,no,3352,yes,no,telephone,23,oct,138,1,-1,0,unknown,1
4071,31,technician,single,secondary,no,816,no,no,cellular,9,jun,100,2,-1,0,unknown,0
3898,30,management,married,tertiary,no,2994,yes,no,cellular,26,mar,156,1,137,1,other,0
2461,31,blue-collar,married,secondary,no,2591,yes,no,cellular,20,nov,55,1,-1,0,unknown,0
9358,32,management,single,tertiary,no,2536,yes,no,cellular,26,aug,958,6,-1,0,unknown,1
3419,46,housemaid,married,secondary,no,271,yes,no,cellular,30,jul,1013,29,-1,0,unknown,1
5042,46,management,divorced,tertiary,no,-130,yes,no,cellular,24,mar,144,2,-1,0,unknown,1
9844,34,management,divorced,secondary,no,291,no,no,cellular,7,aug,91,2,-1,0,unknown,0
2155,38,management,divorced,tertiary,no,441,yes,no,cellular,30,jan,67,1,-1,0,unknown,0
7094,46,blue-collar,married,secondary,no,456,no,yes,cellular,18,aug,618,6,-1,0,unknown,1
8848,32,technician,married,secondary,no,599,no,no,cellular,19,nov,79,1,-1,0,unknown,0
10807,45,admin.,divorced,secondary,no,59,yes,no,cellular,24,jul,873,8,-1,0,unknown,1
7031,44,self-employed,divorced,tertiary,no,1070,yes,no,cellular,12,aug,137,2,104,3,success,1
10541,47,management,married,tertiary,no,4693,no,yes,cellular,12,nov,89,1,97,3,success,1
6733,46,services,married,secondary,no,-119,yes,no,cellular,22,jul,151,3,-1,0,unknown,0
4692,37,technician,married,secondary,no,1120,yes,no,unknown,30,may,103,5,-1,0,unknown,0
226,54,technician,divorced,secondary,no,2156,yes,no,cellular,3,feb,261,1,195,4,failure,1
7557,49,housemaid,married,primary,no,0,yes,no,cellular,25,jul,42,3,-1,0,unknown,0
9526,56,management,married,tertiary,no,2366,yes,yes,cellular,3,feb,538,2,188,4,failure,0
5324,33,management,divorced,tertiary,no,2885,no,no,cellular,5,aug,1051,2,-1,0,unknown,1
10594,32,management,married,tertiary,no,-383,yes,no,unknown,27,may,241,1,-1,0,unknown,0
4254,42,management,married,secondary,yes,-34,no,no,cellular,5,feb,176,1,-1,0,unknown,0
6819,55,services,divorced,primary,no,2923,yes,no,unknown,15,may,104,2,-1,0,unknown,0
10315,38,management,single,tertiary,no,623,no,no,cellular,28,jun,297,4,144,4,other,1
1076,31,blue-collar,married,secondary,no,30,yes,no,unknown,11,jun,172,14,-1,0,unknown,0
4117,60,unemployed,married,secondary,no,957,no,no,cellular,8,sep,246,1,184,3,success,1
9114,59,technician,married,secondary,no,116,no,no,cellular,12,aug,398,4,422,3,failure,1
2404,50,management,married,tertiary,no,0,no,no,cellular,10,aug,232,3,130,3,other,0
5052,35,blue-collar,married,unknown,no,520,yes,no,cellular,17,apr,476,1,-1,0,unknown,1
2195,43,services,married,secondary,no,2145,no,no,cellular,22,may,271,1,183,3,failure,1
2698,30,admin.,single,secondary,no,457,no,no,cellular,27,apr,90,2,-1,0,unknown,0
6011,24,technician,single,secondary,no,403,no,no,unknown,17,jun,247,1,-1,0,unknown,1
3844,38,technician,married,tertiary,no,940,no,no,cellular,12,aug,191,7,-1,0,unknown,0
9530,57,entrepreneur,married,primary,no,1153,yes,yes,unknown,9,jun,238,6,-1,0,unknown,0
10218,32,blue-collar,married,secondary,no,897,yes,no,cellular,7,apr,293,3,322,2,failure,0
4855,26,services,married,secondary,no,54,yes,no,unknown,13,may,116,1,-1,0,unknown,0
10508,54,management,divorced,tertiary,no,487,yes,no,unknown,21,may,828,4,-1,0,unknown,1
7807,52,technician,married,tertiary,no,523,yes,yes,cellular,8,jul,113,1,-1,0,unknown,0
605,44,entrepreneur,married,secondary,no,692,no,no,unknown,18,jun,73,4,-1,0,unknown,0
10651,51,self-employed,married,secondary,no,1178,no,no,cellular,6,aug,530,2,-1,0,unknown,0
2799,60,admin.,divorced,secondary,no,-41,yes,yes,cellular,6,feb,1658,1,262,1,failure,1
5305,41,admin.,single,secondary,no,-109,yes,yes,cellular,11,may,1038,1,370,1,failure,1
5585,32,blue-collar,married,secondary,no,889,yes,no,cellular,10,sep,185,1,99,5,success,1
2494,30,student,single,tertiary,no,31,yes,no,cellular,14,may,23,1,-1,0,unknown,0
2459,50,management,divorced,tertiary,no,201,yes,no,cellular,24,jul,248,1,-1,0,unknown,0
7195,32,technician,divorced,secondary,no,-262,yes,no,telephone,28,aug,85,24,-1,0,unknown,0
6662,64,housemaid,married,primary,no,768,no,no,cellular,14,jan,371,1,-1,0,unknown,1
8248,38,services,married,primary,no,0,no,no,cellular,28,jul,33,3,-1,0,unknown,0
10139,57,services,married,primary,no,1728,yes,no,telephone,16,jul,164,1,-1,0,unknown,0
10182,59,retired,divorced,secondary,no,1,no,no,cellular,19,aug,335,1,-1,0,unknown,1
10076,59,technician,married,secondary,no,1,no,no,cellular,15,apr,159,2,378,3,failure,1
5578,41,management,married,primary,no,5310,yes,no,cellular,17,nov,984,1,-1,0,unknown,1
6524,31,blue-collar,single,unknown,yes,17,yes,no,cellular,6,may,72,1,-1,0,unknown,0
3549,64,self-employed,married,tertiary,no,661,no,no,cellular,21,dec,367,2,294,2,failure,1
9221,37,technician,married,tertiary,no,549,no,no,cellular,2,mar,239,1,-1,0,unknown,1
11031,28,blue-collar,married,primary,no,254,yes,no,cellular,20,apr,149,2,-1,0,unknown,0
9516,38,admin.,married,primary,no,-175,yes,no,telephone,21,jul,86,9,-1,0,unknown,0
4778,40,blue-collar,single,secondary,no,0,yes,no,unknown,27,may,59,4,-1,0,unknown,0
1407,45,blue-collar,married,secondary,no,0,no,no,cellular,30,jul,25,2,-1,0,unknown,0
9257,29,blue-collar,single,tertiary,no,455,no,no,telephone,27,may,214,2,36,1,success,1
10650,40,management,married,tertiary,no,964,yes,no,telephone,13,may,95,3,-1,0,unknown,0
276,36,technician,married,primary,no,1653,yes,yes,unknown,27,may,336,10,-1,0,unknown,0
2634,57,management,married,tertiary,no,350,no,no,telephone,4,may,87,3,-1,0,unknown,0
6395,56,retired,married,secondary,no,393,no,yes,cellular,26,jul,183,1,221,2,failure,1
597,35,management,married,secondary,no,339,yes,no,unknown,23,may,317,1,-1,0,unknown,0
5590,49,blue-collar,married,secondary,no,1219,yes,no,cellular,26,aug,168,5,-1,0,unknown,0
3616,51,admin.,married,secondary,no,2662,no,no,telephone,28,jan,148,2,-1,0,unknown,0
7815,48,management,single,tertiary,no,334,yes,no,cellular,28,sep,600,2,92,12,success,1
2536,59,retired,married,primary,no,0,no,no,cellular,5,jun,493,2,-1,0,unknown,1
10345,28,services,married,secondary,no,4,yes,no,unknown,27,jun,133,5,-1,0,unknown,0
1547,39,admin.,divorced,secondary,no,765,no,no,unknown,9,jun,155,3,-1,0,unknown,0
1304,47,management,single,tertiary,no,159,no,no,telephone,29,oct,220,3,155,3,other,1
3662,37,admin.,married,secondary,no,1314,yes,no,cellular,22,may,74,1,14,9,failure,0
2038,56,admin.,divorced,secondary,no,1693,no,no,cellular,26,oct,238,4,442,4,failure,1
7992,31,management,single,tertiary,no,12569,no,no,cellular,9,sep,344,1,295,1,failure,1
4095,27,services,single,secondary,no,353,yes,no,cellular,15,may,663,1,-1,0,unknown,1
2430,37,entrepreneur,divorced,secondary,no,175,yes,yes,unknown,13,may,753,6,-1,0,unknown,1
8662,40,services,divorced,secondary,no,49,no,yes,cellular,18,jul,191,1,-1,0,unknown,0
7770,28,blue-collar,single,secondary,no,1285,no,no,telephone,30,jan,199,2,2,17,other,0
9188,50,housemaid,married,secondary,no,388,no,no,cellular,8,jun,152,2,89,2,success,0
7345,33,admin.,divorced,secondary,no,294,yes,no,cellular,8,may,763,1,-1,0,unknown,1
11124,29,technician,single,tertiary,no,2485,no,no,telephone,24,jul,48,6,-1,0,unknown,0
2783,25,admin.,single,secondary,no,2816,no,no,cellular,30,apr,327,1,-1,0,unknown,1
3487,31,blue-collar,married,secondary,no,3311,yes,no,unknown,20,may,719,1,-1,0,unknown,1
7480,55,blue-collar,married,unknown,no,6134,no,no,cellular,6,aug,127,2,-1,0,unknown,0
2208,35,management,married,tertiary,no,1380,no,no,cellular,23,feb,155,1,-1,0,unknown,1
6360,40,services,married,secondary,no,518,no,no,telephone,17,jul,84,1,-1,0,unknown,0
7650,47,admin.,married,secondary,no,829,yes,yes,unknown,14,may,339,1,-1,0,unknown,0
10090,39,blue-collar,married,secondary,no,1382,yes,no,cellular,12,aug,357,1,182,2,success,1
9109,36,blue-collar,divorced,primary,no,17,yes,no,cellular,16,jul,329,1,-1,0,unknown,0
5011,31,services,married,secondary,no,593,yes,no,cellular,19,nov,391,2,-1,0,unknown,0
2261,49,services,divorced,secondary,no,947,no,no,unknown,20,jun,808,2,-1,0,unknown,1
4358,35,technician,married,tertiary,no,1629,no,no,cellular,25,jul,653,4,-1,0,unknown,1
5271,28,admin.,single,secondary,no,127,no,no,cellular,16,sep,1334,2,-1,0,unknown,1
6080,59,unemployed,married,secondary,no,1047,no,no,cellular,18,feb,83,3,-1,0,unknown,1
10652,34,blue-collar,married,primary,no,-1,yes,no,cellular,18,may,1057,6,355,1,other,1
10423,42,management,married,tertiary,no,0,no,no,cellular,6,aug,81,3,-1,0,unknown,0
9560,84,retired,married,secondary,no,81204,no,no,telephone,1,apr,390,1,94,3,success,1
2432,55,retired,divorced,tertiary,no,0,no,no,cellular,18,may,616,1,370,1,success,1
10477,30,admin.,married,tertiary,no,26,yes,no,cellular,16,apr,62,1,323,1,failure,0
4645,55,management,divorced,secondary,no,204,yes,no,cellular,11,jul,1973,2,-1,0,unknown,1
4733,36,management,married,tertiary,no,0,yes,no,cellular,8,may,308,3,-1,0,unknown,1
9249,41,management,married,tertiary,no,0,yes,no,cellular,18,nov,897,3,-1,0,unknown,1
4396,19,student,single,secondary,no,302,no,no,cellular,16,jul,205,1,-1,0,unknown,1
10781,30,blue-collar,single,secondary,no,522,no,no,cellular,6,feb,197,3,-1,0,unknown,0
9847,31,student,single,secondary,no,1776,no,no,cellular,15,jun,220,1,207,1,other,1
8464,33,technician,single,tertiary,no,317,yes,no,cellular,4,jun,323,1,80,14,other,1
583,44,housemaid,single,primary,no,1059,no,no,unknown,18,jun,2093,1,-1,0,unknown,1
3453,35,blue-collar,single,unknown,no,484,no,no,cellular,8,jul,344,1,87,3,failure,1
11054,56,services,divorced,secondary,no,450,no,no,unknown,9,jun,47,1,-1,0,unknown,0
10526,37,blue-collar,married,secondary,no,288,yes,no,cellular,5,may,159,6,-1,0,unknown,0
7541,31,management,single,tertiary,no,0,no,no,cellular,25,aug,191,5,-1,0,unknown,0
3217,31,blue-collar,married,secondary,no,1766,no,yes,cellular,5,jun,166,2,-1,0,unknown,1
3254,51,management,single,unknown,no,-461,yes,no,unknown,28,may,33,2,-1,0,unknown,0
6236,33,self-employed,single,tertiary,no,1049,no,no,cellular,4,may,126,4,-1,0,unknown,0
10098,31,technician,single,secondary,no,1222,yes,no,cellular,20,apr,186,3,-1,0,unknown,0
4746,27,admin.,married,secondary,no,3415,no,no,cellular,9,oct,266,3,184,1,success,1
1874,49,admin.,married,tertiary,no,6574,no,no,cellular,8,jun,138,3,-1,0,unknown,1
3961,29,admin.,single,tertiary,no,41,yes,no,cellular,13,aug,148,2,-1,0,unknown,1
4543,37,technician,married,secondary,no,588,yes,no,cellular,14,aug,65,4,-1,0,unknown,0
9192,20,student,single,tertiary,no,2764,yes,no,unknown,29,may,139,2,-1,0,unknown,0
7239,27,technician,single,tertiary,no,4661,no,no,cellular,8,apr,114,1,-1,0,unknown,1
8135,34,technician,divorced,secondary,no,1451,yes,no,unknown,30,may,1097,15,-1,0,unknown,1
4171,36,blue-collar,married,secondary,no,3935,yes,yes,unknown,27,may,220,6,-1,0,unknown,0
1292,60,retired,divorced,secondary,no,514,no,no,cellular,16,mar,263,1,124,9,other,1
7837,34,unemployed,married,secondary,no,978,no,no,cellular,3,jun,262,2,71,1,success,1
6670,26,technician,single,secondary,no,1231,yes,no,cellular,4,sep,230,1,93,7,success,1
1828,46,unemployed,married,secondary,no,-125,yes,no,unknown,6,may,23,1,-1,0,unknown,0
6803,28,services,single,secondary,no,525,no,no,cellular,23,jul,81,1,-1,0,unknown,0
1967,44,technician,married,secondary,no,7863,no,no,cellular,26,aug,59,6,-1,0,unknown,0
4747,32,technician,single,tertiary,no,195,yes,no,cellular,22,aug,239,2,-1,0,unknown,0
6813,58,admin.,married,unknown,no,903,no,no,cellular,28,jan,56,1,-1,0,unknown,0
3399,35,management,single,tertiary,no,837,no,no,cellular,4,aug,329,1,-1,0,unknown,0
10401,42,entrepreneur,married,secondary,no,324,yes,no,cellular,15,jul,528,3,-1,0,unknown,0
334,56,management,married,tertiary,no,563,yes,no,cellular,6,may,100,2,168,1,failure,0
10062,46,self-employed,married,primary,no,3262,no,no,cellular,14,aug,77,8,-1,0,unknown,0
1053,35,blue-collar,married,secondary,no,80,yes,yes,cellular,21,nov,38,2,172,2,failure,0
4705,30,management,married,tertiary,no,6432,yes,no,cellular,21,nov,206,2,119,3,other,0
3320,30,admin.,single,secondary,no,983,yes,no,cellular,27,may,189,2,-1,0,unknown,1
5175,50,technician,married,secondary,no,103,yes,no,cellular,3,feb,109,4,267,6,failure,0
4637,32,admin.,married,secondary,no,-1,no,no,cellular,8,jul,228,2,-1,0,unknown,0
4722,36,technician,single,secondary,no,376,no,no,cellular,13,aug,479,1,-1,0,unknown,1
9283,41,blue-collar,married,primary,no,865,no,yes,unknown,19,may,19,5,-1,0,unknown,0
8790,31,technician,single,secondary,no,31868,no,no,telephone,14,aug,34,6,-1,0,unknown,0
2840,49,admin.,married,secondary,no,1047,no,no,cellular,8,aug,133,4,-1,0,unknown,0
1492,28,technician,single,tertiary,no,558,yes,no,cellular,15,may,300,1,-1,0,unknown,0
3024,51,entrepreneur,married,tertiary,no,5254,yes,no,unknown,23,oct,134,1,-1,0,unknown,1
6588,31,admin.,single,tertiary,no,4041,no,no,cellular,30,apr,1034,2,-1,0,unknown,1
6019,42,entrepreneur,divorced,secondary,no,335,yes,no,cellular,12,may,580,1,-1,0,unknown,1
1764,42,management,divorced,secondary,no,283,yes,no,cellular,23,jul,761,1,-1,0,unknown,1
7924,25,student,single,secondary,no,4147,no,no,cellular,14,aug,211,3,-1,0,unknown,1
5057,32,management,single,tertiary,no,354,no,no,cellular,4,mar,177,2,133,5,other,1
5864,40,unemployed,divorced,secondary,no,1694,no,no,cellular,12,aug,473,6,-1,0,unknown,1
2115,36,admin.,divorced,tertiary,no,4708,no,no,cellular,15,jun,104,1,-1,0,unknown,0
7377,40,entrepreneur,married,tertiary,no,1953,yes,no,unknown,6,jun,112,5,-1,0,unknown,0
3177,27,management,single,secondary,no,145,yes,no,cellular,5,may,121,4,89,3,failure,0
6820,60,management,single,tertiary,no,1034,yes,no,cellular,7,aug,231,3,-1,0,unknown,1
10352,46,admin.,single,secondary,no,272,no,no,cellular,31,jul,149,4,-1,0,unknown,0
1108,47,entrepreneur,married,tertiary,no,0,no,no,telephone,18,nov,103,2,-1,0,unknown,0
10417,34,services,married,secondary,no,-451,yes,yes,cellular,23,jul,498,1,-1,0,unknown,0
3951,42,admin.,divorced,secondary,no,241,yes,no,cellular,15,may,1012,3,-1,0,unknown,1
8950,31,unknown,married,secondary,no,3,no,no,cellular,20,jul,91,2,-1,0,unknown,0
9375,49,blue-collar,married,secondary,no,134,yes,yes,unknown,27,may,265,2,-1,0,unknown,0
3138,34,management,single,tertiary,no,9,no,no,cellular,11,jul,439,2,-1,0,unknown,0
10269,27,management,single,tertiary,yes,-713,yes,no,unknown,4,jun,525,2,-1,0,unknown,1
10229,27,student,single,secondary,no,213,no,no,cellular,27,mar,378,1,-1,0,unknown,1
1655,31,admin.,divorced,secondary,no,217,yes,no,cellular,30,jan,1776,2,-1,0,unknown,1
7235,53,technician,married,secondary,no,7984,yes,no,cellular,2,feb,151,1,-1,0,unknown,0
7696,37,admin.,single,secondary,no,796,yes,no,telephone,29,jan,143,3,-1,0,unknown,0
2771,47,blue-collar,married,secondary,no,1230,yes,no,telephone,12,nov,378,1,-1,0,unknown,1
1698,28,blue-collar,married,secondary,no,2788,yes,no,unknown,6,jun,369,2,-1,0,unknown,1
6707,37,services,single,secondary,no,278,yes,no,unknown,3,jun,1045,3,-1,0,unknown,1
9223,49,services,married,secondary,no,1377,yes,no,unknown,7,may,1101,1,-1,0,unknown,0
2263,37,blue-collar,single,unknown,no,2188,no,no,unknown,16,may,193,8,-1,0,unknown,0
2850,34,management,single,tertiary,no,6766,no,no,cellular,28,aug,210,5,-1,0,unknown,0
10181,22,student,single,secondary,no,2162,no,no,telephone,2,feb,168,1,-1,0,unknown,0
5696,56,management,married,tertiary,no,25290,no,no,cellular,31,jul,81,12,-1,0,unknown,0
1478,34,management,married,tertiary,no,362,yes,no,unknown,30,may,38,3,-1,0,unknown,0
4328,34,technician,single,secondary,no,2085,no,no,cellular,10,aug,356,3,182,2,success,1
2419,41,entrepreneur,married,tertiary,no,221,yes,no,unknown,14,may,57,2,-1,0,unknown,0
3699,26,student,single,tertiary,no,39,no,no,cellular,26,may,396,3,-1,0,unknown,1
10167,45,blue-collar,married,secondary,no,28,no,yes,cellular,4,feb,215,1,222,1,other,0
4046,27,blue-collar,single,primary,no,232,yes,no,cellular,26,oct,701,2,-1,0,unknown,1
6173,35,blue-collar,single,secondary,no,0,yes,no,cellular,16,apr,1174,1,345,4,other,1
343,34,admin.,married,secondary,no,384,yes,no,cellular,14,may,551,2,-1,0,unknown,0
9504,38,admin.,single,secondary,no,2470,no,no,telephone,31,oct,227,1,-1,0,unknown,1
8468,26,entrepreneur,single,tertiary,no,725,no,no,cellular,5,feb,1916,2,189,29,other,1
154,42,services,single,secondary,no,3403,yes,no,cellular,7,aug,215,1,99,1,failure,1
1355,56,blue-collar,married,unknown,no,665,yes,no,unknown,20,jun,109,2,-1,0,unknown,0
2949,35,technician,married,secondary,no,905,no,yes,cellular,21,aug,114,2,-1,0,unknown,0
1520,59,retired,divorced,tertiary,no,3444,no,no,cellular,6,feb,241,2,-1,0,unknown,1
2805,39,housemaid,single,primary,no,109,yes,no,unknown,6,may,699,3,-1,0,unknown,0
8381,43,admin.,married,secondary,no,1996,no,yes,cellular,31,jul,34,3,-1,0,unknown,0
4494,28,admin.,married,tertiary,no,167,yes,yes,cellular,18,feb,126,2,-1,0,unknown,0
10088,35,self-employed,divorced,tertiary,no,1354,yes,no,unknown,23,may,736,2,-1,0,unknown,1
10542,33,unemployed,single,tertiary,no,157,yes,no,unknown,26,may,897,5,-1,0,unknown,0
5611,30,blue-collar,single,secondary,no,80,yes,yes,cellular,5,may,145,1,337,4,failure,0
3901,73,retired,married,unknown,no,519,no,no,telephone,16,oct,434,1,57,1,failure,1
2878,37,technician,married,secondary,yes,0,no,no,unknown,18,jun,236,1,-1,0,unknown,0
8413,42,technician,married,secondary,no,89,yes,no,cellular,5,may,159,1,-1,0,unknown,0
428,54,technician,married,secondary,no,-315,no,yes,cellular,10,jul,2029,1,-1,0,unknown,1
10166,35,technician,single,secondary,no,399,yes,no,cellular,13,may,496,2,345,3,failure,1
9993,48,blue-collar,married,secondary,no,1405,yes,no,unknown,14,may,629,2,-1,0,unknown,1
9732,40,self-employed,married,secondary,no,0,yes,no,cellular,11,may,657,1,-1,0,unknown,1
1015,35,management,married,tertiary,no,2161,no,no,cellular,9,mar,139,2,181,3,success,1
6195,40,unemployed,married,secondary,no,3430,yes,no,cellular,20,nov,1855,3,-1,0,unknown,0
1622,33,admin.,single,tertiary,no,490,yes,no,cellular,7,may,31,1,363,2,failure,0
11084,28,self-employed,single,tertiary,no,2503,no,no,cellular,25,may,426,1,-1,0,unknown,1
5792,31,blue-collar,married,secondary,no,-190,yes,yes,cellular,8,may,299,3,-1,0,unknown,0
406,46,self-employed,married,secondary,no,548,no,no,cellular,12,aug,1181,4,-1,0,unknown,1
4968,44,management,divorced,tertiary,no,0,no,no,unknown,6,jun,373,1,-1,0,unknown,0
3109,34,blue-collar,married,primary,no,3527,yes,no,cellular,21,nov,1022,1,-1,0,unknown,1
4769,35,admin.,single,secondary,no,0,no,yes,cellular,7,jul,480,1,-1,0,unknown,0
6267,47,management,single,tertiary,no,6651,no,no,cellular,8,jul,229,1,412,2,failure,1
932,57,management,married,primary,no,687,yes,yes,telephone,21,jul,107,3,-1,0,unknown,0
3289,29,management,single,tertiary,no,874,yes,no,cellular,16,mar,231,1,181,2,success,1
8104,26,blue-collar,married,secondary,no,557,yes,yes,unknown,27,may,282,2,-1,0,unknown,0
5800,33,blue-collar,single,secondary,no,498,no,no,cellular,12,aug,338,2,104,1,success,1
178,38,blue-collar,single,secondary,no,-56,yes,yes,unknown,6,jun,247,2,-1,0,unknown,0
3810,51,housemaid,divorced,secondary,no,9228,no,no,cellular,18,jul,655,4,-1,0,unknown,1
1445,49,technician,married,secondary,no,808,yes,no,cellular,28,jan,1232,1,-1,0,unknown,1
9940,40,technician,married,secondary,no,503,yes,no,unknown,14,may,127,3,-1,0,unknown,0
411,34,admin.,divorced,secondary,no,661,yes,no,cellular,5,aug,245,2,183,10,failure,1
5348,32,self-employed,divorced,tertiary,no,3271,no,no,cellular,4,may,949,3,-1,0,unknown,1
8418,44,blue-collar,divorced,unknown,no,284,no,no,cellular,3,feb,167,4,187,5,other,0
9202,25,technician,single,secondary,no,7103,yes,no,cellular,28,may,188,3,10,1,failure,1
8221,33,management,married,tertiary,no,5878,no,no,cellular,23,oct,438,1,430,2,failure,1
1820,57,management,divorced,tertiary,no,8897,yes,no,cellular,12,aug,865,2,-1,0,unknown,1
8044,51,housemaid,married,primary,no,1093,no,yes,unknown,18,jun,18,1,-1,0,unknown,0
8514,26,student,single,secondary,no,132,no,no,cellular,1,oct,194,1,119,1,success,1
8531,38,technician,single,tertiary,no,2496,no,no,unknown,17,jun,193,1,-1,0,unknown,0
6502,45,admin.,married,secondary,no,1214,yes,no,cellular,2,feb,150,2,189,2,failure,0
867,49,management,married,tertiary,no,0,no,no,telephone,17,oct,223,1,-1,0,unknown,1
144,54,blue-collar,married,secondary,no,506,yes,no,cellular,18,nov,172,2,104,2,failure,0
11021,31,technician,single,secondary,no,1282,no,no,cellular,12,may,144,1,460,2,failure,0
8001,58,blue-collar,single,secondary,no,119,yes,yes,cellular,12,may,985,1,-1,0,unknown,1
897,39,blue-collar,married,primary,no,275,yes,no,unknown,16,jun,189,2,-1,0,unknown,0
5164,35,blue-collar,married,secondary,no,126,yes,no,cellular,16,apr,472,1,-1,0,unknown,0
5315,39,management,married,tertiary,no,1795,no,no,cellular,8,aug,922,7,-1,0,unknown,1
3001,48,housemaid,married,tertiary,no,5473,no,no,cellular,24,feb,127,2,184,2,success,1
4557,30,admin.,single,secondary,no,-213,yes,yes,unknown,27,may,751,1,-1,0,unknown,1
6554,39,technician,married,secondary,no,0,yes,no,unknown,5,may,203,1,-1,0,unknown,0
8957,52,blue-collar,married,secondary,no,1027,no,no,cellular,23,jul,59,1,-1,0,unknown,0
2900,29,management,married,tertiary,yes,53,yes,no,cellular,31,jul,27,17,-1,0,unknown,0
6334,42,technician,married,secondary,no,0,no,no,cellular,30,jul,351,2,-1,0,unknown,0
9690,46,management,single,tertiary,no,2223,no,no,unknown,12,jun,67,3,-1,0,unknown,0
9118,31,management,married,tertiary,no,84,no,yes,unknown,1,jul,143,1,-1,0,unknown,0
196,80,retired,divorced,primary,no,235,no,no,cellular,31,mar,577,1,223,3,other,1
5213,37,management,married,tertiary,no,2987,yes,no,cellular,13,may,216,1,87,10,success,1
9937,50,management,married,tertiary,no,469,no,no,cellular,16,oct,170,1,183,1,success,1
398,33,technician,married,secondary,no,348,yes,no,cellular,7,may,263,2,294,1,success,0
3925,46,technician,married,secondary,no,190,yes,no,cellular,12,aug,370,2,-1,0,unknown,0
26,28,management,single,tertiary,no,9314,no,no,cellular,2,jul,276,2,-1,0,unknown,1
367,64,management,married,tertiary,no,5112,no,no,telephone,19,oct,898,7,137,11,other,1
3319,31,blue-collar,married,secondary,no,1406,yes,yes,cellular,13,apr,1091,2,-1,0,unknown,1
2679,56,technician,married,tertiary,no,1476,no,no,telephone,31,jul,40,3,-1,0,unknown,0
8720,43,housemaid,married,secondary,no,150,no,no,telephone,28,jul,290,7,-1,0,unknown,0
1013,44,services,divorced,secondary,no,-368,yes,no,cellular,5,may,895,1,-1,0,unknown,1
4023,49,services,married,secondary,no,2416,yes,no,cellular,16,apr,1366,1,-1,0,unknown,1
8964,32,blue-collar,married,secondary,no,889,yes,no,cellular,3,jun,1076,2,85,3,other,1
5374,40,technician,divorced,tertiary,no,1871,yes,no,cellular,17,nov,64,1,-1,0,unknown,0
8486,39,technician,married,secondary,no,4101,yes,no,cellular,18,feb,146,2,264,1,other,1
8695,28,blue-collar,single,primary,no,431,yes,no,cellular,13,may,68,2,363,2,failure,0
9738,45,admin.,married,secondary,no,67,no,no,cellular,5,feb,326,2,-1,0,unknown,0
4564,28,management,single,unknown,yes,101,yes,no,unknown,9,may,224,3,-1,0,unknown,0
2040,49,technician,single,unknown,no,443,no,no,unknown,20,jun,25,11,-1,0,unknown,0
5350,32,entrepreneur,married,tertiary,no,598,no,no,cellular,18,aug,135,6,-1,0,unknown,0
3807,39,management,married,secondary,no,363,yes,yes,cellular,17,jul,184,1,-1,0,unknown,0
5956,31,blue-collar,married,secondary,no,1131,yes,yes,cellular,15,apr,126,1,148,6,failure,0
5254,45,admin.,married,secondary,no,256,no,no,cellular,21,nov,135,2,-1,0,unknown,0
2669,27,student,single,secondary,no,672,no,no,cellular,18,mar,236,2,-1,0,unknown,0
4470,36,blue-collar,married,secondary,no,1772,no,no,unknown,5,jun,208,1,-1,0,unknown,1
9129,59,retired,single,secondary,no,351,yes,no,unknown,27,may,1063,5,-1,0,unknown,1
4111,23,student,single,tertiary,no,82,no,no,cellular,4,may,289,4,-1,0,unknown,0
7203,48,admin.,married,unknown,no,3756,no,no,cellular,14,aug,65,10,-1,0,unknown,0
2166,37,technician,married,secondary,no,2707,yes,no,telephone,16,jul,109,1,-1,0,unknown,0
1789,73,retired,married,primary,no,1388,no,no,telephone,11,jan,767,2,83,1,success,1
8512,52,retired,married,tertiary,no,350,no,yes,cellular,9,jul,156,1,-1,0,unknown,0
4200,44,entrepreneur,married,tertiary,no,121,no,no,cellular,10,aug,412,1,-1,0,unknown,1
8538,39,admin.,single,secondary,no,223,no,no,cellular,4,feb,277,1,-1,0,unknown,0
6422,51,technician,married,secondary,no,52,no,no,cellular,13,aug,114,2,-1,0,unknown,0
8173,50,housemaid,married,secondary,no,388,no,no,cellular,15,sep,173,2,99,4,failure,1
1976,38,admin.,single,unknown,no,446,yes,no,unknown,13,may,386,1,-1,0,unknown,0
11022,31,management,married,secondary,no,1064,no,no,telephone,20,nov,60,1,-1,0,unknown,0
1209,40,management,married,tertiary,no,2487,no,no,cellular,30,apr,126,1,-1,0,unknown,0
1980,30,services,single,secondary,no,-114,yes,no,cellular,21,jul,396,2,-1,0,unknown,0
6361,31,management,single,tertiary,no,924,no,no,cellular,27,feb,172,1,-1,0,unknown,1
4652,26,admin.,single,secondary,no,96,no,no,cellular,11,aug,349,1,70,3,failure,1
9757,77,retired,married,primary,no,29340,no,no,cellular,15,mar,257,1,91,2,other,1
4881,44,management,married,secondary,no,0,no,no,cellular,21,aug,167,2,-1,0,unknown,0
427,51,technician,married,secondary,no,337,yes,no,cellular,20,aug,687,4,-1,0,unknown,0
2106,56,retired,divorced,primary,no,48,yes,no,cellular,14,may,132,2,-1,0,unknown,0
2758,38,management,married,tertiary,no,1463,yes,no,cellular,25,aug,425,4,-1,0,unknown,0
444,53,blue-collar,married,secondary,no,21522,no,no,unknown,24,jun,146,4,-1,0,unknown,0
10892,47,technician,married,tertiary,no,2155,no,no,unknown,20,jun,178,3,-1,0,unknown,0
1124,49,technician,married,tertiary,no,523,yes,no,cellular,3,mar,152,2,-1,0,unknown,1
2546,63,housemaid,married,primary,no,91,no,no,telephone,26,aug,128,3,-1,0,unknown,1
4648,53,technician,single,tertiary,no,185,yes,no,cellular,8,may,1448,2,-1,0,unknown,1
7037,50,blue-collar,married,tertiary,no,5423,yes,no,cellular,21,nov,75,3,-1,0,unknown,0
7292,29,management,single,tertiary,no,3041,yes,no,cellular,8,may,606,3,-1,0,unknown,1
988,43,admin.,married,secondary,no,2682,no,no,cellular,30,jul,103,8,-1,0,unknown,0
1266,48,unemployed,divorced,secondary,no,201,no,no,cellular,10,feb,406,2,92,2,success,1
5901,45,technician,married,secondary,no,6993,yes,no,cellular,20,nov,283,1,-1,0,unknown,1
8814,25,blue-collar,married,secondary,no,758,yes,no,unknown,28,may,504,3,-1,0,unknown,0
8502,28,blue-collar,married,secondary,no,61,yes,no,cellular,11,feb,253,1,174,4,success,1
854,34,technician,married,secondary,no,883,no,no,telephone,3,feb,166,2,173,3,failure,0
0,65,retired,divorced,secondary,no,744,no,no,cellular,5,jul,182,1,-1,0,unknown,0
825,56,management,married,tertiary,no,2551,yes,no,cellular,17,nov,150,2,-1,0,unknown,0
3087,46,management,married,secondary,no,0,no,no,cellular,18,nov,1855,1,-1,0,unknown,1
4798,57,management,married,secondary,no,39,yes,no,cellular,15,may,114,2,-1,0,unknown,0
4193,41,services,married,primary,no,450,yes,no,unknown,14,may,374,2,-1,0,unknown,0
596,60,retired,married,tertiary,no,846,no,no,telephone,26,may,1346,1,-1,0,unknown,1
4280,55,retired,married,secondary,no,102,yes,no,unknown,7,may,74,1,-1,0,unknown,0
4362,48,unknown,married,unknown,no,3,no,no,cellular,19,aug,104,2,-1,0,unknown,0
5226,56,management,married,tertiary,no,412,no,no,telephone,20,nov,179,6,-1,0,unknown,0
10609,35,management,married,tertiary,no,3168,no,no,cellular,22,aug,24,30,-1,0,unknown,0
10562,73,retired,married,unknown,no,739,no,no,cellular,11,sep,210,1,-1,0,unknown,1
9391,25,management,single,secondary,no,1272,yes,no,cellular,24,jul,342,2,-1,0,unknown,0
10721,34,management,single,tertiary,no,2633,yes,no,cellular,21,nov,705,6,-1,0,unknown,1
6801,35,blue-collar,single,secondary,no,-482,yes,no,unknown,27,may,472,1,-1,0,unknown,0
6106,36,admin.,married,secondary,no,542,yes,no,unknown,18,jun,604,6,-1,0,unknown,0
10889,29,admin.,single,secondary,no,306,yes,no,cellular,18,may,774,4,-1,0,unknown,1
3635,30,admin.,married,secondary,no,-170,yes,yes,unknown,26,may,130,1,-1,0,unknown,0
4848,49,technician,married,tertiary,no,1071,no,no,cellular,17,jun,169,1,-1,0,unknown,1
1725,26,self-employed,married,secondary,no,492,yes,yes,cellular,15,may,439,4,-1,0,unknown,0
3101,30,technician,single,secondary,no,86,no,no,unknown,20,aug,45,1,-1,0,unknown,0
8933,41,entrepreneur,married,primary,no,0,no,no,cellular,3,jul,438,2,389,1,other,1
4911,45,blue-collar,divorced,secondary,no,-184,yes,no,cellular,7,may,878,3,170,5,failure,1
1024,30,admin.,married,tertiary,no,4168,no,no,cellular,3,jun,198,1,-1,0,unknown,0
4903,45,management,married,tertiary,no,22815,no,no,cellular,26,aug,653,8,-1,0,unknown,0
2563,35,admin.,single,primary,no,8,yes,no,unknown,16,may,148,18,-1,0,unknown,0
9126,57,entrepreneur,married,unknown,no,657,no,no,unknown,12,jun,344,1,-1,0,unknown,0
7066,48,technician,married,secondary,yes,0,no,no,unknown,30,may,682,1,-1,0,unknown,1
2223,38,management,single,tertiary,no,427,yes,no,cellular,6,may,17,3,169,2,failure,0
3735,46,blue-collar,married,unknown,no,336,yes,no,cellular,14,aug,260,3,457,1,other,1
3780,37,management,married,tertiary,no,1113,no,no,cellular,1,sep,265,2,183,2,success,1
2946,60,entrepreneur,divorced,secondary,no,80,yes,no,unknown,15,may,397,1,-1,0,unknown,0
4088,32,services,married,secondary,no,689,yes,yes,cellular,16,jun,162,3,-1,0,unknown,1
6032,36,admin.,married,secondary,no,465,yes,no,unknown,20,may,160,1,-1,0,unknown,0
5214,26,admin.,single,secondary,no,1099,no,no,cellular,15,jan,99,2,225,13,other,0
6699,36,admin.,divorced,secondary,no,246,yes,no,unknown,16,may,206,2,-1,0,unknown,0
5814,60,retired,married,secondary,no,1853,no,no,cellular,10,feb,234,1,183,1,success,1
10414,42,blue-collar,single,primary,no,156,yes,no,telephone,15,may,7,4,371,5,failure,0
1214,51,management,divorced,tertiary,no,0,yes,no,cellular,28,jul,534,4,-1,0,unknown,0
10399,57,technician,married,primary,no,3376,yes,no,telephone,2,jun,421,2,-1,0,unknown,1
4781,32,blue-collar,married,secondary,no,10287,yes,no,cellular,27,may,281,4,188,1,failure,1
5003,54,self-employed,divorced,primary,no,351,yes,no,unknown,6,jun,642,2,-1,0,unknown,1
1058,32,services,divorced,secondary,no,454,yes,no,cellular,18,jul,978,1,-1,0,unknown,1
9199,53,admin.,married,secondary,no,10541,no,no,cellular,9,feb,164,2,92,1,success,1
4684,57,admin.,married,secondary,no,4168,yes,yes,unknown,16,may,47,1,-1,0,unknown,0
9663,52,technician,married,secondary,no,195,yes,no,cellular,18,feb,220,1,63,5,failure,1
9009,55,admin.,married,tertiary,no,46,no,no,cellular,29,aug,59,4,-1,0,unknown,0
371,32,self-employed,married,primary,no,286,yes,no,cellular,6,aug,175,1,-1,0,unknown,0
2341,52,blue-collar,married,secondary,no,-519,yes,no,unknown,9,jun,442,8,-1,0,unknown,1
761,47,management,divorced,tertiary,no,8226,yes,no,cellular,30,jul,137,2,-1,0,unknown,0
3292,35,technician,married,secondary,no,6,yes,no,cellular,11,may,204,2,348,2,failure,0
3918,35,admin.,single,secondary,no,855,yes,no,unknown,12,may,241,3,-1,0,unknown,0
6316,37,admin.,married,secondary,no,1314,yes,no,cellular,12,feb,118,4,210,3,failure,1
6313,38,services,married,secondary,no,1313,no,no,unknown,17,jun,33,2,-1,0,unknown,0
4232,49,blue-collar,married,secondary,no,3728,yes,no,cellular,11,jul,1060,2,-1,0,unknown,1
3099,67,retired,married,secondary,no,1443,no,no,cellular,8,apr,245,1,-1,0,unknown,1
185,32,management,single,tertiary,no,0,no,no,cellular,22,aug,148,2,-1,0,unknown,0
6557,35,admin.,single,secondary,no,181,yes,no,cellular,18,may,217,4,301,1,failure,0
6099,55,blue-collar,divorced,primary,no,8180,no,no,cellular,14,may,854,2,360,1,failure,1
9837,24,admin.,single,tertiary,no,-61,no,no,cellular,11,mar,95,4,-1,0,unknown,1
3324,34,management,married,tertiary,no,158,no,no,cellular,9,sep,278,2,132,4,failure,1
4745,38,management,single,tertiary,no,1746,yes,no,unknown,21,may,139,1,-1,0,unknown,0
933,58,technician,married,secondary,no,4299,yes,no,unknown,29,may,348,3,-1,0,unknown,0
10884,44,management,married,tertiary,no,105,yes,no,unknown,6,may,1529,2,-1,0,unknown,0
8506,57,retired,married,tertiary,no,34,no,yes,cellular,28,jan,139,1,-1,0,unknown,0
7645,40,self-employed,married,secondary,no,0,no,no,unknown,19,jun,61,1,-1,0,unknown,0
5894,34,blue-collar,divorced,unknown,no,172,no,no,cellular,15,jun,177,1,-1,0,unknown,1
11052,33,entrepreneur,divorced,tertiary,no,37,no,yes,cellular,8,jul,1082,1,-1,0,unknown,1
11105,55,blue-collar,divorced,secondary,no,7378,no,no,unknown,14,may,316,3,-1,0,unknown,0
9465,37,management,married,tertiary,no,5355,no,no,telephone,17,feb,466,4,-1,0,unknown,1
10730,45,blue-collar,married,primary,no,2388,no,no,cellular,11,aug,317,2,-1,0,unknown,0
10426,27,services,single,secondary,no,223,yes,yes,cellular,13,may,297,2,-1,0,unknown,0
6411,39,management,married,tertiary,no,271,yes,no,cellular,12,aug,1344,1,-1,0,unknown,1
1567,39,management,married,tertiary,no,1363,no,no,cellular,21,aug,294,3,-1,0,unknown,0
6622,38,blue-collar,single,secondary,no,1121,no,no,unknown,18,jun,203,1,-1,0,unknown,0
6847,33,technician,married,secondary,no,14850,yes,no,cellular,5,feb,122,5,-1,0,unknown,0
10207,39,management,married,tertiary,no,0,yes,yes,cellular,17,jul,301,1,-1,0,unknown,0
6950,40,management,married,tertiary,no,384,no,no,cellular,20,apr,200,3,327,2,failure,0
9136,40,blue-collar,married,primary,no,104,yes,no,unknown,26,may,470,2,-1,0,unknown,0
333,66,retired,married,secondary,no,780,no,no,cellular,12,feb,388,4,-1,0,unknown,0
1988,56,management,married,primary,no,870,no,no,cellular,14,may,220,1,179,1,success,1
7593,28,management,single,tertiary,no,80,no,no,cellular,20,oct,676,2,146,2,failure,1
4059,37,management,married,primary,no,1506,no,no,cellular,2,nov,101,3,80,3,success,0
10127,40,services,married,secondary,no,0,yes,no,cellular,2,jun,297,1,28,3,failure,0
9785,38,services,married,secondary,no,8876,no,no,cellular,19,nov,636,1,-1,0,unknown,0
288,24,admin.,single,secondary,no,1295,no,no,cellular,21,apr,476,1,-1,0,unknown,1
3365,37,technician,married,secondary,no,494,yes,no,cellular,2,feb,247,2,269,3,failure,0
7073,51,services,married,primary,no,-553,yes,no,unknown,4,jun,149,8,-1,0,unknown,0
4797,42,technician,divorced,tertiary,no,2611,yes,no,cellular,25,jun,300,1,389,3,failure,1
9647,57,management,married,tertiary,no,10583,no,no,cellular,28,sep,341,3,98,3,success,1
2014,34,technician,divorced,secondary,no,27,yes,no,unknown,26,may,133,3,-1,0,unknown,0
504,54,blue-collar,married,primary,no,-636,yes,no,unknown,30,may,324,3,-1,0,unknown,0
8899,59,technician,divorced,secondary,no,2595,yes,no,cellular,29,aug,398,2,-1,0,unknown,0
10646,43,blue-collar,married,unknown,no,245,yes,no,cellular,16,apr,829,1,-1,0,unknown,0
7873,55,technician,married,secondary,no,570,no,no,cellular,27,aug,94,6,-1,0,unknown,0
6797,45,unknown,married,unknown,no,356,no,no,cellular,11,aug,212,2,-1,0,unknown,0
5187,34,technician,married,secondary,no,0,no,no,cellular,9,jul,628,1,-1,0,unknown,0
422,48,admin.,married,secondary,no,156,no,no,cellular,4,aug,291,1,-1,0,unknown,1
7782,33,management,married,secondary,no,588,yes,no,cellular,18,may,11,5,-1,0,unknown,0
4251,28,student,single,secondary,no,196,no,no,cellular,2,jul,423,3,-1,0,unknown,1
614,45,management,single,tertiary,no,1411,no,no,cellular,7,sep,800,2,102,3,failure,1
1054,34,admin.,married,tertiary,no,69,no,yes,cellular,25,nov,296,1,205,2,failure,1
2326,34,technician,single,tertiary,no,2838,yes,no,cellular,13,may,620,3,-1,0,unknown,1
7594,32,blue-collar,married,secondary,no,136,no,no,cellular,16,nov,206,1,188,3,success,1
1505,31,admin.,married,secondary,no,97,yes,no,unknown,19,may,607,1,-1,0,unknown,1
4474,36,management,single,unknown,no,62,no,no,cellular,13,apr,398,2,-1,0,unknown,1
10835,39,housemaid,married,primary,no,34,yes,no,cellular,14,jul,377,3,-1,0,unknown,0
977,34,admin.,single,tertiary,no,4254,yes,no,cellular,21,nov,714,1,-1,0,unknown,1
879,38,technician,divorced,secondary,no,1294,yes,no,unknown,29,may,565,1,-1,0,unknown,0
9319,60,services,divorced,secondary,no,758,no,no,cellular,3,feb,282,1,-1,0,unknown,0
650,35,unemployed,single,secondary,no,2116,yes,no,cellular,13,may,409,2,-1,0,unknown,0
8354,43,services,divorced,secondary,no,-287,yes,no,cellular,20,apr,580,4,-1,0,unknown,0
8115,43,admin.,married,secondary,no,388,yes,no,cellular,19,nov,111,2,-1,0,unknown,0
9717,48,blue-collar,married,secondary,no,558,yes,no,telephone,5,feb,708,8,-1,0,unknown,0
8867,63,housemaid,married,primary,no,333,no,no,telephone,1,oct,321,1,-1,0,unknown,0
6268,31,technician,single,tertiary,no,53,no,no,cellular,28,jan,97,2,-1,0,unknown,0
7039,55,technician,married,secondary,no,3899,yes,no,telephone,28,jul,596,4,-1,0,unknown,1
7244,32,management,single,tertiary,no,307,no,no,cellular,25,jan,96,1,201,3,success,0
10059,32,technician,single,secondary,no,562,yes,no,unknown,30,may,722,3,-1,0,unknown,1
9968,30,technician,single,secondary,no,816,yes,no,unknown,14,nov,179,1,-1,0,unknown,1
1112,24,self-employed,single,tertiary,no,931,yes,no,unknown,28,may,200,4,-1,0,unknown,0
2575,42,technician,married,tertiary,no,757,no,no,cellular,10,feb,154,1,-1,0,unknown,1
5255,34,management,divorced,tertiary,no,2885,no,no,cellular,10,feb,314,2,156,4,other,1
8977,55,technician,married,secondary,no,6958,yes,yes,unknown,13,may,178,2,-1,0,unknown,0
6294,37,admin.,married,tertiary,no,3913,yes,no,cellular,27,apr,124,1,-1,0,unknown,1
11065,54,management,married,tertiary,no,154,no,no,unknown,9,may,155,3,-1,0,unknown,0
8916,47,entrepreneur,married,unknown,no,1481,yes,no,cellular,6,may,64,2,364,3,failure,0
2617,28,student,single,secondary,no,154,yes,no,unknown,20,may,21,9,-1,0,unknown,0
10952,39,management,single,tertiary,no,0,yes,no,cellular,18,feb,224,3,-1,0,unknown,1
6417,46,technician,married,secondary,no,863,yes,no,cellular,3,feb,67,3,-1,0,unknown,0
9569,54,services,married,unknown,no,386,no,yes,cellular,19,nov,74,1,152,1,success,0
7229,40,management,married,tertiary,no,0,no,no,cellular,6,aug,131,2,98,6,success,1
7351,61,housemaid,married,primary,no,848,no,no,cellular,27,apr,605,1,187,1,other,0
8610,37,services,married,secondary,no,1970,yes,no,telephone,5,nov,253,1,-1,0,unknown,1
7699,35,management,married,tertiary,no,16,no,no,cellular,19,nov,185,1,-1,0,unknown,0
8056,37,admin.,married,secondary,no,1283,yes,no,unknown,20,may,209,1,-1,0,unknown,0
4035,41,admin.,single,tertiary,no,982,no,no,cellular,23,jul,105,1,-1,0,unknown,0
2484,27,student,single,tertiary,no,5169,yes,no,cellular,3,sep,431,1,466,3,success,1
7141,39,management,married,tertiary,no,1241,yes,no,cellular,5,jun,138,2,-1,0,unknown,0
8722,33,unemployed,single,tertiary,no,4874,no,no,telephone,22,feb,363,2,-1,0,unknown,0
10469,63,retired,married,unknown,no,2193,no,no,telephone,21,apr,1348,4,-1,0,unknown,1
8158,39,management,married,tertiary,no,2763,yes,no,unknown,2,jun,526,2,-1,0,unknown,1
3783,57,admin.,single,secondary,no,5768,yes,no,unknown,19,jun,512,1,-1,0,unknown,1
861,48,admin.,married,secondary,no,476,no,no,unknown,5,jun,489,3,-1,0,unknown,0
8015,39,admin.,married,primary,no,444,yes,no,cellular,8,may,374,2,-1,0,unknown,0
992,31,admin.,married,secondary,no,8781,yes,no,cellular,14,may,680,1,177,1,success,1
10752,23,services,single,secondary,no,870,no,no,cellular,29,dec,296,1,176,4,success,1
4376,55,unemployed,married,primary,no,1221,no,yes,cellular,8,jul,108,1,-1,0,unknown,0
4808,46,technician,divorced,tertiary,no,0,yes,no,cellular,11,aug,249,5,-1,0,unknown,0
7814,51,entrepreneur,married,primary,no,538,no,no,cellular,18,nov,1122,4,-1,0,unknown,1
5039,50,services,married,secondary,no,901,yes,no,unknown,20,jun,8,6,-1,0,unknown,0
3493,53,unemployed,divorced,secondary,no,587,no,no,cellular,19,nov,561,1,-1,0,unknown,1
5407,49,technician,divorced,secondary,no,972,no,no,cellular,16,nov,104,3,175,2,failure,0
1033,59,management,married,tertiary,no,296,no,yes,cellular,15,jul,805,3,-1,0,unknown,1
781,47,services,married,secondary,no,0,yes,no,cellular,9,jul,173,1,-1,0,unknown,0
6318,38,management,married,tertiary,no,630,no,no,cellular,2,sep,362,1,388,3,other,1
1147,44,management,married,tertiary,no,1451,yes,no,cellular,5,feb,80,7,80,15,failure,0
224,33,technician,married,tertiary,no,16992,yes,no,unknown,29,may,58,1,-1,0,unknown,0
6192,48,blue-collar,married,primary,no,430,no,no,cellular,14,may,340,3,371,8,failure,0
1496,24,admin.,single,secondary,no,1295,no,no,cellular,22,jul,355,2,92,1,success,1
10637,37,management,married,tertiary,no,-57,yes,no,cellular,31,jul,37,20,-1,0,unknown,0
171,53,blue-collar,married,secondary,no,-76,no,no,cellular,29,jan,173,1,164,4,other,0
1176,37,services,married,secondary,no,483,yes,no,cellular,30,jan,188,1,-1,0,unknown,0
8111,40,technician,married,secondary,no,192,no,no,cellular,7,aug,266,2,-1,0,unknown,0
9828,42,admin.,married,secondary,no,12,yes,no,cellular,16,apr,466,4,-1,0,unknown,0
9715,35,management,married,tertiary,no,2957,yes,yes,cellular,8,aug,733,3,-1,0,unknown,1
9598,42,unemployed,married,tertiary,no,0,no,no,cellular,8,oct,113,1,-1,0,unknown,0
8166,47,entrepreneur,married,secondary,no,0,no,no,unknown,19,jun,563,2,-1,0,unknown,0
6763,44,management,married,primary,no,4758,yes,no,cellular,22,jul,712,6,-1,0,unknown,1
8006,35,management,single,tertiary,no,0,no,no,cellular,18,aug,276,5,-1,0,unknown,0
7136,31,management,single,tertiary,no,533,no,no,cellular,12,nov,90,3,93,6,success,1
8813,52,unemployed,married,secondary,no,1416,no,no,cellular,13,sep,218,3,187,3,success,1
8534,30,services,married,secondary,no,5,no,yes,cellular,10,jul,829,5,-1,0,unknown,1
1021,34,management,married,tertiary,no,606,no,no,cellular,20,apr,97,1,-1,0,unknown,1
5080,33,technician,single,secondary,no,2085,no,no,cellular,9,feb,501,2,-1,0,unknown,1
9244,39,management,married,tertiary,no,0,no,no,cellular,29,aug,94,2,-1,0,unknown,0
1290,34,blue-collar,married,primary,no,329,yes,no,cellular,17,apr,952,1,343,1,failure,1
10341,59,retired,married,primary,no,1634,yes,yes,cellular,5,aug,836,1,-1,0,unknown,1
9268,24,unemployed,single,secondary,no,2573,no,no,cellular,24,may,375,2,-1,0,unknown,1
9853,36,blue-collar,married,primary,no,871,yes,yes,telephone,18,nov,2,1,-1,0,unknown,0
7794,60,admin.,married,secondary,no,3735,no,no,cellular,22,sep,183,1,184,11,success,1
3560,73,retired,married,secondary,no,2850,no,no,cellular,17,nov,300,1,40,8,failure,1
5561,31,management,married,tertiary,no,1230,yes,no,unknown,27,may,290,4,-1,0,unknown,0
7134,57,technician,married,secondary,no,29207,yes,no,telephone,21,nov,232,2,-1,0,unknown,0
3197,32,management,single,tertiary,no,2667,yes,no,cellular,12,aug,971,2,-1,0,unknown,1
6141,38,management,married,tertiary,no,676,no,no,cellular,15,may,59,3,-1,0,unknown,0
7806,49,entrepreneur,married,tertiary,no,384,no,no,unknown,11,jun,64,1,-1,0,unknown,0
5530,37,unemployed,married,secondary,no,4769,no,no,cellular,29,jan,124,1,-1,0,unknown,0
9218,47,admin.,single,secondary,no,3696,no,no,cellular,12,jan,758,4,-1,0,unknown,1
4412,44,blue-collar,married,secondary,no,88,yes,no,cellular,2,jul,275,1,-1,0,unknown,1
4539,26,management,single,tertiary,no,943,no,no,cellular,11,nov,166,1,195,1,success,1
2529,47,management,divorced,tertiary,no,12026,yes,no,telephone,27,oct,251,1,-1,0,unknown,1
442,38,admin.,divorced,secondary,no,19,yes,no,cellular,5,feb,1130,3,251,2,success,1
4799,32,management,single,tertiary,no,7290,yes,no,cellular,18,may,357,1,-1,0,unknown,1
1673,38,blue-collar,divorced,secondary,no,1817,yes,no,cellular,28,jul,1096,4,-1,0,unknown,1
4653,59,services,married,secondary,no,2965,yes,no,cellular,13,may,1970,3,-1,0,unknown,1
10655,47,self-employed,married,tertiary,no,192,no,no,telephone,30,jul,120,6,-1,0,unknown,0
5982,52,blue-collar,married,primary,no,1409,yes,no,unknown,19,jun,224,1,-1,0,unknown,0
6075,34,housemaid,married,secondary,no,0,yes,no,unknown,30,oct,154,1,-1,0,unknown,1
4431,25,student,single,secondary,no,1919,yes,no,cellular,15,may,264,1,351,4,failure,0
6255,26,technician,single,tertiary,no,1066,no,no,cellular,15,apr,200,1,-1,0,unknown,1
10573,27,technician,single,tertiary,no,2781,yes,no,cellular,24,may,168,1,389,1,failure,1
8340,55,technician,married,secondary,no,462,no,no,cellular,11,aug,116,2,-1,0,unknown,0
10870,32,management,single,tertiary,no,1134,no,no,cellular,28,aug,85,4,-1,0,unknown,0
4525,47,unemployed,married,secondary,yes,0,no,no,cellular,18,nov,81,2,-1,0,unknown,0
8901,53,management,divorced,tertiary,no,2679,no,no,cellular,20,nov,295,3,-1,0,unknown,1
10736,33,management,single,tertiary,no,275,no,no,cellular,18,nov,348,1,-1,0,unknown,0
177,35,technician,single,secondary,no,1227,no,no,cellular,18,mar,593,4,90,6,other,1
5145,55,entrepreneur,married,secondary,no,27624,no,no,telephone,3,jun,437,1,-1,0,unknown,1
1703,49,services,married,secondary,no,388,no,no,telephone,31,jul,1032,4,-1,0,unknown,1
7933,36,housemaid,married,secondary,no,205,yes,no,telephone,18,nov,176,4,-1,0,unknown,0
10387,24,admin.,single,tertiary,no,1141,yes,no,unknown,23,may,230,1,-1,0,unknown,0
10932,34,blue-collar,married,primary,no,3868,yes,no,cellular,18,may,134,1,350,1,failure,0
1782,32,blue-collar,married,primary,no,1076,yes,no,unknown,19,may,67,1,-1,0,unknown,0
1320,35,admin.,married,secondary,no,0,no,no,cellular,7,jul,78,11,-1,0,unknown,0
6667,30,management,single,tertiary,no,2995,yes,no,cellular,18,nov,329,1,-1,0,unknown,0
7910,33,management,single,tertiary,no,5437,no,no,cellular,4,may,267,1,91,1,failure,1
203,37,blue-collar,married,secondary,no,-97,yes,no,unknown,5,jun,135,2,-1,0,unknown,0
4161,32,management,single,tertiary,no,769,no,no,cellular,29,aug,695,2,-1,0,unknown,1
3612,40,admin.,married,secondary,no,-283,no,no,unknown,20,jun,253,2,-1,0,unknown,0
2353,35,admin.,married,secondary,no,-257,no,no,cellular,28,jan,117,3,-1,0,unknown,0
8064,29,blue-collar,single,secondary,no,0,no,no,cellular,6,feb,437,2,-1,0,unknown,0
465,28,unemployed,single,secondary,yes,-353,yes,no,unknown,12,may,89,3,-1,0,unknown,0
1992,50,entrepreneur,married,secondary,no,556,yes,no,unknown,16,may,130,2,-1,0,unknown,0
2668,49,blue-collar,married,primary,yes,-98,yes,no,cellular,20,nov,182,2,-1,0,unknown,0
9771,42,management,married,tertiary,no,372,yes,no,cellular,3,aug,654,2,-1,0,unknown,1
9862,48,admin.,married,secondary,no,1131,no,yes,cellular,8,may,49,1,-1,0,unknown,0
1641,35,management,single,tertiary,no,18111,no,no,cellular,14,aug,172,4,-1,0,unknown,1
9476,56,technician,married,secondary,no,589,yes,no,unknown,23,oct,518,1,147,2,success,1
1835,31,technician,married,secondary,no,522,yes,yes,cellular,27,aug,308,4,-1,0,unknown,0
8982,35,technician,married,secondary,no,2201,no,no,telephone,12,apr,350,1,-1,0,unknown,1
8219,28,student,single,tertiary,no,0,no,no,cellular,28,sep,294,2,105,7,other,1
7764,72,retired,married,secondary,no,2850,no,no,cellular,16,oct,131,2,241,1,success,0
7383,67,retired,divorced,primary,no,2027,no,no,cellular,15,mar,161,2,-1,0,unknown,1
10531,36,management,single,unknown,no,62,no,no,cellular,13,jul,311,1,91,2,success,1
587,38,blue-collar,married,primary,no,132,yes,no,cellular,14,may,797,2,-1,0,unknown,0
4507,41,management,divorced,tertiary,no,3426,no,no,cellular,4,jun,102,2,297,3,failure,1
1394,55,housemaid,married,primary,no,1563,yes,no,cellular,17,nov,128,2,-1,0,unknown,0
6208,60,admin.,married,secondary,no,3735,no,no,cellular,22,mar,248,1,90,10,success,1
1250,47,management,single,tertiary,no,372,no,no,cellular,15,jun,257,1,-1,0,unknown,1
9642,50,management,married,tertiary,no,0,no,no,cellular,30,jan,199,1,205,1,failure,0
9413,46,blue-collar,single,tertiary,no,460,yes,no,unknown,7,may,1102,2,-1,0,unknown,1
6435,46,blue-collar,divorced,primary,no,2775,no,yes,cellular,8,jul,188,1,-1,0,unknown,0
5548,33,blue-collar,divorced,secondary,no,3546,yes,no,unknown,23,may,777,2,-1,0,unknown,1
5869,26,unemployed,married,secondary,no,285,yes,no,cellular,6,may,265,2,342,2,failure,0
8562,51,services,married,secondary,no,-467,no,no,unknown,9,jun,216,5,-1,0,unknown,0
3387,30,technician,divorced,secondary,no,3028,yes,no,cellular,28,aug,65,5,-1,0,unknown,0
5732,27,unemployed,single,primary,no,93,no,no,unknown,11,oct,4,1,-1,0,unknown,0
5046,39,services,single,tertiary,no,410,no,no,unknown,19,jun,266,4,-1,0,unknown,0
9752,31,management,single,tertiary,no,2734,yes,no,cellular,15,may,858,3,-1,0,unknown,1
6072,46,housemaid,married,primary,no,312,yes,yes,cellular,25,jul,137,7,-1,0,unknown,0
8853,56,admin.,single,secondary,no,4118,no,no,telephone,27,may,165,1,-1,0,unknown,1
5539,52,retired,married,unknown,no,293,no,no,unknown,11,jun,706,1,-1,0,unknown,1
2566,66,retired,married,primary,no,3629,no,no,cellular,2,feb,474,1,172,2,other,1
10925,34,technician,single,tertiary,no,370,no,no,cellular,11,aug,116,2,-1,0,unknown,0
5032,33,management,single,tertiary,no,3770,no,no,cellular,28,jan,757,2,-1,0,unknown,0
4042,51,technician,married,tertiary,no,0,no,no,telephone,17,nov,81,1,-1,0,unknown,0
1985,24,blue-collar,married,secondary,no,272,no,no,cellular,16,nov,105,2,94,2,success,1
995,31,management,married,secondary,no,8629,yes,no,cellular,21,nov,957,1,184,2,failure,1
5232,27,blue-collar,single,secondary,no,-208,yes,no,unknown,21,may,127,2,-1,0,unknown,0
10490,42,technician,married,secondary,no,1812,yes,no,cellular,31,jul,84,2,-1,0,unknown,0
9543,53,management,married,tertiary,no,800,no,no,cellular,18,nov,90,1,-1,0,unknown,0
1074,36,services,married,secondary,no,981,no,no,unknown,16,jun,1093,1,-1,0,unknown,1
6695,42,blue-collar,married,primary,no,170,yes,no,unknown,19,may,51,41,-1,0,unknown,0
4032,31,admin.,single,secondary,no,81,yes,no,cellular,23,apr,215,2,165,11,other,0
9822,27,blue-collar,single,secondary,no,87,no,no,telephone,10,jul,245,1,-1,0,unknown,0
5768,37,management,married,tertiary,no,332,yes,no,cellular,14,aug,190,2,84,7,failure,0
2769,47,admin.,married,secondary,no,368,no,no,cellular,21,may,403,1,87,6,success,1
8188,36,entrepreneur,married,tertiary,no,0,no,no,unknown,2,jun,87,3,-1,0,unknown,0
7192,47,services,married,secondary,no,1717,no,no,cellular,20,aug,216,9,-1,0,unknown,0
9185,42,blue-collar,married,secondary,no,3,yes,no,cellular,12,may,118,1,-1,0,unknown,0
3903,26,management,single,tertiary,no,3,yes,no,cellular,23,jul,106,1,-1,0,unknown,0
5950,40,blue-collar,single,primary,no,1530,yes,no,cellular,20,apr,8,3,315,1,failure,0
5733,46,entrepreneur,married,tertiary,no,-43,no,no,unknown,12,may,138,8,-1,0,unknown,0
10821,47,blue-collar,married,primary,no,113,yes,no,unknown,13,may,276,1,-1,0,unknown,0
6888,30,blue-collar,single,secondary,yes,239,yes,no,unknown,21,may,412,1,-1,0,unknown,1
7943,52,retired,divorced,primary,no,-779,yes,yes,cellular,17,apr,709,1,-1,0,unknown,1
9751,45,services,married,unknown,no,318,no,no,cellular,16,jul,63,2,-1,0,unknown,0
11106,54,blue-collar,married,secondary,no,1070,no,no,cellular,18,nov,373,4,-1,0,unknown,0
4315,33,blue-collar,single,primary,no,910,yes,no,cellular,20,apr,42,1,-1,0,unknown,0
10910,30,technician,single,secondary,no,-522,yes,yes,cellular,5,may,670,2,286,6,failure,1
627,42,unknown,married,unknown,no,222,no,no,cellular,26,aug,80,16,-1,0,unknown,0
3349,57,technician,married,secondary,no,950,yes,no,cellular,9,jul,1272,1,-1,0,unknown,0
9262,47,blue-collar,single,unknown,no,2443,no,no,unknown,18,jun,422,1,-1,0,unknown,0
10790,40,blue-collar,married,secondary,no,679,yes,no,cellular,17,apr,642,2,304,1,failure,0
8436,32,management,single,tertiary,no,17,no,no,cellular,22,aug,72,4,-1,0,unknown,0
8150,21,student,single,unknown,no,53,no,no,cellular,14,jun,270,1,-1,0,unknown,1
1291,57,blue-collar,married,primary,no,630,yes,no,unknown,29,may,52,1,-1,0,unknown,0
299,39,entrepreneur,married,tertiary,no,350,yes,no,cellular,24,jul,230,2,-1,0,unknown,0
5048,40,technician,divorced,secondary,no,2394,no,no,unknown,9,jun,75,4,-1,0,unknown,0
5633,38,services,married,secondary,no,5293,yes,no,cellular,11,may,475,1,171,6,failure,1
9758,38,blue-collar,divorced,secondary,no,0,yes,no,telephone,20,apr,162,1,181,5,success,1
6683,35,admin.,single,secondary,no,2830,no,no,unknown,20,jun,22,12,-1,0,unknown,0
2189,36,technician,single,secondary,no,35,no,no,cellular,29,aug,493,2,-1,0,unknown,0
7424,35,admin.,married,secondary,no,786,no,yes,cellular,25,jul,322,1,-1,0,unknown,0
4347,50,self-employed,married,primary,no,0,no,no,cellular,22,aug,125,4,-1,0,unknown,0
2095,45,admin.,married,secondary,no,25,yes,no,unknown,28,may,82,4,-1,0,unknown,0
9019,78,retired,divorced,secondary,no,631,no,no,telephone,11,aug,95,1,-1,0,unknown,0
10012,31,self-employed,married,tertiary,no,414,no,no,cellular,14,aug,169,5,-1,0,unknown,0
985,35,services,married,secondary,no,1728,yes,no,cellular,17,apr,865,1,-1,0,unknown,0
4693,32,services,single,secondary,no,6983,no,no,cellular,7,aug,255,1,-1,0,unknown,1
6310,36,management,single,tertiary,no,4,yes,no,cellular,7,may,855,2,342,1,failure,1
707,37,admin.,single,tertiary,no,3954,yes,no,cellular,12,aug,87,1,117,2,failure,0
3050,35,technician,married,secondary,no,15474,no,no,cellular,21,nov,89,1,92,2,other,0
5912,35,technician,divorced,secondary,no,2047,yes,no,cellular,1,oct,66,1,-1,0,unknown,0
10576,60,blue-collar,married,primary,no,5,no,no,cellular,29,jan,533,1,92,1,success,1
3147,30,technician,single,tertiary,no,1,no,no,cellular,20,aug,88,2,-1,0,unknown,0
10715,36,blue-collar,married,primary,no,409,yes,no,unknown,11,jun,81,3,-1,0,unknown,0
3303,31,management,divorced,tertiary,no,254,no,no,cellular,18,aug,1576,8,-1,0,unknown,1
6253,46,admin.,married,secondary,no,179,yes,no,cellular,29,jan,194,4,436,1,other,0
3055,49,admin.,married,secondary,no,880,yes,yes,cellular,18,may,22,3,-1,0,unknown,0
8370,42,management,married,tertiary,no,4,yes,no,cellular,8,may,579,2,295,1,success,1
6895,38,entrepreneur,married,secondary,no,680,yes,no,unknown,19,may,144,2,-1,0,unknown,0
8375,54,retired,divorced,tertiary,no,6102,yes,yes,unknown,21,may,86,6,-1,0,unknown,0
7457,56,blue-collar,married,unknown,no,982,yes,yes,cellular,7,may,135,2,-1,0,unknown,0
6037,40,management,married,tertiary,no,16,no,yes,cellular,9,feb,47,4,-1,0,unknown,0
1774,51,blue-collar,married,primary,no,0,no,no,unknown,9,jun,166,2,-1,0,unknown,0
9038,60,self-employed,married,primary,no,46,yes,no,unknown,6,may,202,4,-1,0,unknown,0
8075,59,admin.,married,secondary,no,2552,no,yes,cellular,5,aug,125,3,-1,0,unknown,0
9239,31,management,married,tertiary,no,131,no,no,cellular,18,feb,332,2,-1,0,unknown,1
2647,47,admin.,married,secondary,no,2601,no,no,cellular,24,sep,261,1,-1,0,unknown,1
166,54,management,divorced,tertiary,no,5475,no,no,cellular,21,oct,1032,1,91,4,success,1
10137,33,management,married,tertiary,no,307,no,no,unknown,16,may,806,4,-1,0,unknown,0
3866,47,blue-collar,married,secondary,no,665,no,no,cellular,18,aug,885,3,-1,0,unknown,0
3286,42,blue-collar,single,secondary,no,419,no,no,cellular,7,jul,88,3,-1,0,unknown,0
7516,48,admin.,married,secondary,no,660,no,no,cellular,18,feb,318,1,561,2,success,1
8845,41,technician,single,tertiary,no,1646,yes,no,cellular,5,may,258,1,90,7,success,1
5909,44,technician,married,secondary,no,1139,yes,no,cellular,30,jan,64,1,-1,0,unknown,0
1627,44,technician,single,secondary,no,29,yes,no,unknown,5,may,151,1,-1,0,unknown,0
6386,44,management,married,tertiary,no,423,no,no,cellular,12,mar,2330,5,-1,0,unknown,1
3928,54,admin.,married,tertiary,no,19,no,no,cellular,26,aug,131,2,-1,0,unknown,0
6828,43,blue-collar,married,primary,no,0,yes,no,unknown,20,may,592,1,-1,0,unknown,0
2756,43,technician,married,secondary,no,1358,no,no,cellular,10,mar,159,3,-1,0,unknown,1
617,28,student,single,tertiary,no,844,no,no,cellular,16,apr,551,2,-1,0,unknown,1
10789,42,services,married,primary,no,473,yes,no,cellular,30,jan,54,1,-1,0,unknown,0
4364,27,management,single,tertiary,no,99,yes,no,unknown,4,jun,767,2,-1,0,unknown,1
7658,36,self-employed,single,tertiary,no,583,no,no,cellular,30,jan,859,1,235,1,other,0
3361,67,retired,married,tertiary,no,3810,no,no,cellular,21,oct,1206,1,-1,0,unknown,0
2807,35,management,married,tertiary,no,0,yes,no,cellular,11,nov,229,2,96,3,success,1
6466,45,technician,divorced,tertiary,no,206,no,no,cellular,13,aug,376,4,-1,0,unknown,0
7602,69,retired,divorced,secondary,no,4572,no,no,telephone,27,oct,146,2,56,1,other,1
7898,36,services,married,secondary,no,0,yes,yes,cellular,15,jul,201,4,-1,0,unknown,0
5803,47,management,married,unknown,no,4189,yes,no,cellular,19,nov,489,3,-1,0,unknown,1
4690,58,retired,divorced,primary,no,2538,yes,no,cellular,19,nov,680,2,111,6,failure,1
3421,45,blue-collar,married,primary,no,6691,no,no,cellular,13,aug,211,2,-1,0,unknown,0
8432,54,retired,married,secondary,no,3846,yes,yes,unknown,19,jun,216,2,-1,0,unknown,0
4820,46,entrepreneur,married,secondary,no,131,yes,no,cellular,20,apr,69,2,-1,0,unknown,0
4273,36,blue-collar,married,primary,no,1503,no,no,cellular,19,nov,138,1,-1,0,unknown,0
3072,31,services,single,secondary,no,13,no,yes,cellular,6,feb,1019,2,-1,0,unknown,1
4677,34,admin.,divorced,secondary,no,0,yes,no,cellular,6,may,153,1,-1,0,unknown,0
6971,60,blue-collar,married,primary,no,493,no,no,cellular,18,aug,671,4,-1,0,unknown,1
2479,52,unemployed,married,primary,no,959,no,no,telephone,30,jul,694,2,-1,0,unknown,1
7706,32,management,married,tertiary,no,927,no,no,cellular,8,oct,282,1,-1,0,unknown,0
3492,55,management,married,secondary,no,2693,no,no,cellular,22,sep,182,1,184,7,success,1
1876,34,admin.,married,secondary,no,247,no,no,cellular,8,oct,401,2,-1,0,unknown,1
5125,36,technician,married,primary,no,0,no,no,unknown,4,jul,584,1,-1,0,unknown,1
2704,55,blue-collar,divorced,secondary,no,496,no,yes,cellular,28,jul,93,4,-1,0,unknown,0
5545,50,entrepreneur,divorced,tertiary,no,816,no,no,cellular,19,nov,630,1,-1,0,unknown,0
2168,41,admin.,single,secondary,no,224,yes,no,cellular,12,may,22,8,-1,0,unknown,0
1417,37,management,single,tertiary,no,0,no,no,cellular,20,oct,107,1,258,3,other,0
509,25,student,single,secondary,no,108,no,no,cellular,29,apr,305,3,-1,0,unknown,1
9655,31,management,married,tertiary,no,10884,no,no,cellular,10,aug,294,3,98,2,success,1
1331,32,technician,married,tertiary,no,514,yes,no,unknown,20,may,414,2,-1,0,unknown,0
9475,43,management,single,tertiary,no,2067,yes,no,unknown,8,may,756,1,-1,0,unknown,1
3347,55,management,married,tertiary,no,505,yes,no,cellular,17,apr,58,1,316,1,other,0
7281,45,management,married,tertiary,no,2220,yes,no,cellular,11,jul,128,2,-1,0,unknown,0
4265,32,blue-collar,single,secondary,no,567,yes,no,cellular,7,may,275,2,342,4,other,0
6750,58,blue-collar,married,secondary,no,1298,yes,no,unknown,29,may,516,4,-1,0,unknown,0
5645,50,housemaid,single,secondary,no,799,no,no,telephone,28,jan,63,1,-1,0,unknown,0
2887,59,management,married,tertiary,no,0,yes,yes,cellular,20,apr,392,1,-1,0,unknown,1
9808,32,management,divorced,tertiary,no,294,yes,no,cellular,17,apr,1095,1,274,5,success,1
8628,39,management,married,tertiary,no,-974,no,yes,cellular,13,aug,130,4,-1,0,unknown,0
9483,33,admin.,single,tertiary,no,272,yes,no,cellular,1,sep,293,2,92,3,success,1
10624,25,student,single,secondary,no,304,no,no,cellular,26,may,226,2,-1,0,unknown,1
4566,41,technician,married,tertiary,no,585,yes,no,telephone,20,apr,60,1,-1,0,unknown,0
11062,59,blue-collar,married,primary,no,320,yes,no,unknown,15,may,695,1,-1,0,unknown,1
3107,33,management,married,tertiary,no,644,yes,yes,cellular,3,feb,124,2,271,2,failure,0
8972,48,blue-collar,married,primary,no,456,yes,yes,unknown,19,may,289,1,-1,0,unknown,0
6053,51,entrepreneur,married,primary,no,1443,no,no,cellular,18,feb,172,10,-1,0,unknown,1
2834,38,management,married,tertiary,no,1477,no,no,cellular,15,sep,385,3,769,2,failure,1
8699,43,unemployed,married,primary,no,9,yes,yes,cellular,6,may,472,1,-1,0,unknown,0
2560,37,admin.,married,secondary,no,529,yes,no,cellular,16,sep,234,1,149,2,other,0
6949,30,technician,divorced,secondary,no,3100,yes,no,unknown,21,may,154,4,-1,0,unknown,0
10914,33,technician,married,tertiary,no,8023,no,no,cellular,30,nov,107,1,105,3,failure,0
10668,25,management,single,tertiary,no,3902,no,no,cellular,23,sep,856,1,-1,0,unknown,1
8805,35,blue-collar,married,secondary,no,667,yes,no,cellular,14,may,10,5,324,27,other,0
3950,30,management,married,tertiary,no,-27,yes,no,unknown,27,may,29,2,-1,0,unknown,0
380,44,admin.,married,secondary,no,1696,no,no,unknown,16,jun,139,3,-1,0,unknown,0
6073,28,management,single,tertiary,no,3611,no,no,cellular,26,feb,141,2,-1,0,unknown,1
2814,76,retired,married,unknown,no,8919,no,no,cellular,28,jan,231,1,-1,0,unknown,0
9291,34,blue-collar,single,primary,no,-109,yes,no,cellular,15,jul,860,4,-1,0,unknown,1
4432,46,blue-collar,married,secondary,no,922,no,yes,cellular,14,jul,151,2,-1,0,unknown,0
7418,45,blue-collar,single,secondary,no,0,yes,no,cellular,26,apr,1472,1,192,4,failure,1
10994,50,management,single,tertiary,no,490,no,no,cellular,14,aug,273,5,-1,0,unknown,0
4633,38,admin.,divorced,secondary,no,0,yes,no,cellular,21,jul,93,1,-1,0,unknown,0
3073,30,technician,single,tertiary,no,106,yes,no,cellular,13,may,119,3,-1,0,unknown,0
4411,20,student,single,primary,no,134,no,no,cellular,12,jul,273,1,277,3,other,0
10813,32,management,single,secondary,no,1088,yes,no,cellular,6,apr,317,1,363,2,success,1
4674,53,admin.,single,primary,no,0,yes,no,cellular,7,may,176,1,322,5,other,0
7042,26,services,single,secondary,no,37,no,yes,cellular,2,feb,219,5,-1,0,unknown,0
8561,40,blue-collar,married,primary,no,0,yes,no,cellular,21,jul,1080,4,-1,0,unknown,1
2328,48,blue-collar,married,secondary,no,1000,yes,no,unknown,12,jun,1268,2,-1,0,unknown,1
8668,30,student,single,secondary,no,1779,no,no,cellular,11,aug,233,1,433,1,success,1
823,44,technician,married,unknown,yes,-375,yes,yes,telephone,6,may,149,4,-1,0,unknown,0
4027,32,services,married,secondary,no,264,yes,yes,cellular,19,nov,1502,1,-1,0,unknown,1
3355,31,admin.,single,secondary,no,690,no,no,cellular,4,may,10,4,87,12,failure,0
679,69,services,married,unknown,no,23592,no,no,cellular,3,jul,837,3,-1,0,unknown,0
5892,31,self-employed,married,secondary,no,581,yes,no,cellular,13,oct,845,1,152,6,failure,0
11019,35,technician,single,secondary,no,365,yes,no,unknown,8,may,256,2,-1,0,unknown,0
1993,55,unemployed,married,primary,no,8585,no,no,telephone,28,jan,201,2,-1,0,unknown,0
10509,32,services,single,unknown,no,2378,no,no,cellular,17,nov,1132,2,-1,0,unknown,1
329,40,services,divorced,primary,no,4,yes,no,cellular,7,may,171,2,-1,0,unknown,0
522,31,technician,married,secondary,no,183,no,no,cellular,16,apr,495,1,-1,0,unknown,1
10773,32,admin.,married,secondary,no,35,no,no,cellular,17,dec,324,3,126,3,success,1
2262,56,management,married,tertiary,no,1390,yes,no,cellular,18,nov,543,1,-1,0,unknown,1
3016,30,technician,single,tertiary,no,10,no,no,cellular,26,aug,276,8,-1,0,unknown,0
544,48,blue-collar,married,primary,no,418,yes,no,unknown,9,may,102,3,-1,0,unknown,0
1138,58,admin.,divorced,secondary,no,3337,yes,no,telephone,8,oct,369,2,690,3,failure,1
4361,39,management,married,tertiary,no,119,yes,no,cellular,1,sep,265,2,476,4,success,1
8589,56,management,divorced,tertiary,no,2037,no,no,cellular,5,aug,318,1,91,6,failure,1
6967,45,technician,single,secondary,no,410,yes,no,unknown,30,may,891,4,-1,0,unknown,1
5055,35,services,married,secondary,no,0,yes,no,cellular,24,jul,810,1,-1,0,unknown,0
2752,54,self-employed,married,primary,no,1463,no,no,unknown,20,jun,60,1,-1,0,unknown,0
1652,33,management,single,tertiary,no,20,no,no,cellular,21,aug,329,2,-1,0,unknown,0
3015,32,technician,divorced,secondary,no,211,yes,yes,unknown,29,may,230,4,-1,0,unknown,0
7717,36,technician,married,secondary,no,480,no,no,cellular,20,oct,213,1,-1,0,unknown,1
9087,36,admin.,divorced,tertiary,no,4708,no,no,cellular,3,dec,284,1,171,1,failure,1
4476,33,management,single,tertiary,no,321,no,no,cellular,22,aug,227,2,-1,0,unknown,0
1439,30,technician,married,secondary,no,2326,no,no,cellular,14,dec,420,1,175,2,failure,1
10370,29,unemployed,single,primary,no,1374,no,no,cellular,17,nov,309,3,208,4,success,1
810,31,management,married,tertiary,no,859,yes,yes,cellular,4,aug,182,3,-1,0,unknown,0
3733,25,technician,single,secondary,no,938,no,no,cellular,1,jun,1048,1,-1,0,unknown,1
7323,54,blue-collar,married,primary,no,1895,yes,no,cellular,17,apr,345,1,-1,0,unknown,0
6005,57,technician,married,secondary,no,7554,no,no,telephone,28,oct,141,1,-1,0,unknown,1
8016,57,services,single,secondary,no,0,no,no,cellular,6,aug,355,1,-1,0,unknown,1
2483,43,management,married,tertiary,no,1059,no,yes,cellular,1,jun,335,2,-1,0,unknown,1
2359,32,management,single,tertiary,no,6542,yes,no,cellular,15,may,1598,4,175,5,failure,1
2454,89,retired,married,tertiary,no,553,no,no,telephone,19,aug,2027,5,-1,0,unknown,0
10022,42,admin.,single,secondary,no,1451,yes,no,cellular,4,may,251,4,-1,0,unknown,1
5555,42,management,married,tertiary,no,1823,yes,no,unknown,13,may,31,1,-1,0,unknown,0
5358,28,blue-collar,single,primary,no,442,no,no,cellular,30,jan,157,2,-1,0,unknown,0
8395,59,housemaid,married,tertiary,no,0,no,no,telephone,13,nov,494,1,-1,0,unknown,1
2693,49,services,married,primary,no,0,yes,no,cellular,6,may,445,2,166,3,failure,1
7048,32,technician,single,secondary,no,3297,no,no,cellular,11,aug,99,2,-1,0,unknown,0
6598,37,unemployed,married,tertiary,no,1236,no,no,cellular,29,jul,300,2,-1,0,unknown,0
10783,31,technician,single,secondary,no,433,no,no,cellular,11,aug,1504,2,-1,0,unknown,0
10617,46,management,married,tertiary,yes,-337,no,yes,cellular,21,aug,120,2,-1,0,unknown,0
4153,46,unemployed,single,tertiary,no,44,no,no,cellular,14,aug,225,1,-1,0,unknown,1
2266,29,blue-collar,married,secondary,no,2870,yes,no,cellular,16,jul,988,1,-1,0,unknown,1
5606,60,blue-collar,married,secondary,no,0,no,yes,unknown,5,jun,124,1,-1,0,unknown,0
2033,66,retired,married,secondary,no,203,no,no,cellular,7,jul,376,1,-1,0,unknown,1
1102,58,blue-collar,married,secondary,no,544,no,no,unknown,17,jun,97,1,-1,0,unknown,0
7371,49,unemployed,married,primary,no,518,no,no,cellular,29,jan,1917,2,-1,0,unknown,1
10411,38,blue-collar,married,secondary,no,-40,yes,no,unknown,23,may,227,1,-1,0,unknown,0
2310,26,student,single,secondary,no,864,yes,no,cellular,15,may,659,1,-1,0,unknown,1
7621,39,blue-collar,married,primary,no,2226,yes,no,unknown,6,may,158,1,-1,0,unknown,0
1434,35,blue-collar,married,unknown,no,4822,yes,no,unknown,20,may,843,2,-1,0,unknown,1
3614,57,management,married,tertiary,no,375,no,no,cellular,21,oct,135,1,-1,0,unknown,1
6968,72,retired,divorced,primary,no,0,no,no,telephone,28,aug,359,1,-1,0,unknown,0
976,29,management,single,tertiary,no,119,yes,no,unknown,28,may,136,2,-1,0,unknown,0
6081,35,unknown,married,primary,no,634,no,no,cellular,7,jul,185,2,-1,0,unknown,0
9929,38,services,married,primary,no,175,no,no,unknown,17,jun,132,2,-1,0,unknown,0
3817,32,management,single,tertiary,no,131,yes,no,cellular,11,aug,112,1,81,1,other,0
10220,49,blue-collar,married,secondary,no,3309,yes,no,cellular,15,may,349,2,-1,0,unknown,0
9197,50,entrepreneur,married,tertiary,no,230,no,no,telephone,30,jul,1089,4,-1,0,unknown,1
6055,48,blue-collar,married,primary,no,816,yes,no,cellular,31,jul,114,7,-1,0,unknown,0
7904,38,management,single,tertiary,no,104,yes,no,cellular,6,may,606,3,-1,0,unknown,1
10741,48,management,married,tertiary,no,1167,yes,yes,cellular,26,jan,122,4,50,4,other,0
11004,39,management,married,primary,no,738,yes,yes,cellular,18,jul,215,3,-1,0,unknown,0
477,57,retired,married,primary,no,3518,yes,no,cellular,25,aug,626,3,-1,0,unknown,1
5784,52,management,married,tertiary,no,1227,no,no,cellular,22,aug,1123,4,-1,0,unknown,1
10255,43,blue-collar,married,primary,no,2952,no,no,cellular,3,aug,417,2,95,1,other,1
9798,36,services,single,secondary,no,-253,yes,no,cellular,14,apr,1073,1,-1,0,unknown,1
6765,38,services,married,secondary,no,968,yes,no,cellular,6,apr,272,1,-1,0,unknown,0
9915,51,management,married,tertiary,no,4917,no,no,cellular,23,apr,113,1,-1,0,unknown,1
8273,28,admin.,single,secondary,no,-7,no,yes,unknown,26,jun,3183,2,-1,0,unknown,1
6406,31,entrepreneur,single,tertiary,yes,-405,yes,yes,cellular,13,aug,703,2,-1,0,unknown,1
3389,37,blue-collar,married,secondary,no,-67,no,no,cellular,2,feb,157,1,-1,0,unknown,0
4946,24,student,single,secondary,no,822,no,no,cellular,27,oct,184,1,91,2,failure,1
3596,27,blue-collar,married,primary,no,416,yes,no,unknown,30,may,1193,2,-1,0,unknown,1
646,26,management,single,tertiary,no,-3,no,no,cellular,13,apr,1022,2,-1,0,unknown,1
1879,30,management,married,tertiary,no,-328,yes,no,unknown,14,may,242,5,-1,0,unknown,0
6889,41,blue-collar,single,unknown,no,961,yes,no,unknown,29,may,117,1,-1,0,unknown,0
3414,34,technician,married,secondary,no,390,yes,no,cellular,27,mar,95,2,231,2,failure,1
10161,35,unemployed,married,secondary,no,1,yes,no,cellular,28,jul,173,8,-1,0,unknown,0
3209,53,blue-collar,married,secondary,no,2,yes,no,unknown,16,may,851,2,-1,0,unknown,0
6987,53,unemployed,married,primary,no,980,yes,no,cellular,3,dec,352,1,-1,0,unknown,1
7034,33,self-employed,divorced,secondary,no,1904,yes,no,cellular,17,jul,1584,2,-1,0,unknown,1
1831,30,technician,single,secondary,no,3144,no,no,cellular,19,may,212,2,-1,0,unknown,1
554,26,technician,single,tertiary,no,401,no,no,cellular,5,may,188,2,-1,0,unknown,1
9376,31,management,single,tertiary,no,354,no,no,cellular,30,apr,502,1,9,2,success,1
6322,45,management,married,tertiary,no,160,no,no,cellular,10,nov,182,2,194,1,success,1
10581,63,retired,divorced,primary,no,109,no,no,cellular,10,nov,406,2,-1,0,unknown,1
3744,33,blue-collar,married,secondary,no,-112,yes,no,unknown,28,may,132,1,-1,0,unknown,0
10769,58,technician,married,unknown,no,49,yes,no,unknown,15,may,75,2,-1,0,unknown,0
7184,31,self-employed,single,tertiary,no,3343,no,no,cellular,3,sep,365,1,94,1,success,1
2681,43,admin.,single,secondary,no,733,yes,no,cellular,25,may,282,1,187,3,success,1
208,38,technician,single,tertiary,no,110,no,no,unknown,17,jun,1051,3,-1,0,unknown,1
3260,64,retired,married,secondary,no,4787,no,no,cellular,28,apr,392,1,182,1,success,1
1877,26,blue-collar,single,secondary,no,-84,yes,yes,cellular,29,jul,63,5,-1,0,unknown,0
7479,49,blue-collar,married,primary,no,-167,no,no,cellular,7,jul,51,1,-1,0,unknown,0
2173,39,blue-collar,single,primary,no,24277,no,no,cellular,28,aug,261,1,-1,0,unknown,1
1568,61,admin.,married,unknown,no,4629,yes,no,cellular,29,jul,349,3,183,2,success,1
9439,34,blue-collar,married,primary,no,425,yes,no,cellular,16,jul,1389,7,-1,0,unknown,0
8007,48,management,divorced,tertiary,no,17964,yes,no,cellular,1,sep,120,1,98,5,success,1
893,45,technician,divorced,secondary,no,-357,yes,yes,cellular,18,may,618,1,355,2,failure,1
721,49,technician,married,secondary,no,12531,no,no,cellular,13,aug,77,8,-1,0,unknown,0
6240,35,blue-collar,single,secondary,no,0,yes,no,cellular,9,feb,226,3,280,1,other,0
7968,32,services,married,secondary,no,1398,yes,yes,cellular,15,may,233,1,-1,0,unknown,0
5936,41,management,divorced,tertiary,no,1401,no,no,unknown,16,jun,110,4,-1,0,unknown,0
827,24,student,single,secondary,no,382,no,no,cellular,13,nov,256,2,92,3,failure,1
7993,28,blue-collar,married,primary,no,-196,no,no,cellular,7,jul,209,1,-1,0,unknown,0
61,41,blue-collar,single,primary,no,0,yes,no,unknown,16,may,522,5,-1,0,unknown,0
11041,39,entrepreneur,married,tertiary,yes,1,yes,yes,unknown,29,may,102,1,-1,0,unknown,0
10926,76,retired,married,tertiary,no,2991,no,no,cellular,22,oct,344,1,183,1,success,1
7921,33,technician,married,secondary,no,484,yes,no,cellular,16,aug,205,3,182,9,success,1
3364,39,blue-collar,single,secondary,no,0,no,no,cellular,22,jul,864,4,-1,0,unknown,1
2732,60,retired,married,primary,no,6307,yes,no,unknown,11,jun,362,1,-1,0,unknown,0
10393,58,management,married,tertiary,no,287,yes,no,cellular,21,aug,676,8,-1,0,unknown,0
9028,33,management,married,tertiary,no,296,no,no,cellular,16,jul,90,2,-1,0,unknown,0
7312,28,admin.,single,secondary,no,2290,yes,no,cellular,18,may,2301,1,-1,0,unknown,1
5068,29,technician,single,secondary,no,590,no,no,cellular,25,may,124,1,-1,0,unknown,1
243,36,self-employed,single,tertiary,no,-103,yes,yes,telephone,17,oct,3253,1,-1,0,unknown,1
9032,26,blue-collar,single,secondary,no,5005,no,yes,cellular,3,apr,117,1,-1,0,unknown,1
10806,51,services,married,unknown,no,3413,no,no,cellular,27,aug,146,7,-1,0,unknown,0
9652,51,self-employed,married,secondary,no,95,yes,no,cellular,23,jul,1309,4,-1,0,unknown,1
8366,57,management,divorced,unknown,no,854,no,no,cellular,6,oct,480,1,40,5,success,1
10398,33,services,divorced,secondary,no,2411,yes,no,cellular,23,oct,130,1,161,1,failure,1
5247,30,management,single,tertiary,no,364,no,no,cellular,30,apr,306,2,-1,0,unknown,1
565,59,management,married,tertiary,no,2764,no,no,cellular,18,feb,459,1,56,3,failure,0
9593,48,technician,divorced,tertiary,no,113,no,yes,cellular,22,jul,38,1,-1,0,unknown,0
7509,45,management,married,tertiary,no,786,no,no,cellular,10,sep,84,3,-1,0,unknown,1
2823,28,management,single,tertiary,yes,1414,yes,no,cellular,8,jul,294,1,521,1,failure,1
1952,35,technician,married,tertiary,no,703,no,no,cellular,20,apr,169,1,-1,0,unknown,0
4761,33,services,married,secondary,no,5034,yes,no,unknown,8,may,207,3,-1,0,unknown,0
5837,43,management,divorced,tertiary,no,2367,no,no,cellular,22,sep,83,1,113,3,success,1
316,30,technician,single,secondary,no,656,no,yes,unknown,4,jul,523,1,-1,0,unknown,0
2653,36,management,married,tertiary,no,0,no,no,telephone,27,aug,645,9,-1,0,unknown,1
2474,48,blue-collar,married,primary,no,719,no,yes,cellular,11,aug,418,5,-1,0,unknown,1
11008,46,technician,married,secondary,no,0,no,no,cellular,30,apr,200,1,259,2,other,1
7394,54,technician,divorced,secondary,no,859,no,yes,cellular,21,jul,710,1,-1,0,unknown,1
8761,35,self-employed,married,secondary,no,2251,no,no,cellular,19,aug,151,8,-1,0,unknown,0
102,30,management,single,tertiary,no,3779,no,no,cellular,13,apr,1093,1,-1,0,unknown,1
8520,34,admin.,single,tertiary,no,64,yes,no,cellular,28,jul,76,2,-1,0,unknown,0
52,42,admin.,married,secondary,no,445,yes,no,unknown,7,may,202,2,-1,0,unknown,0
300,68,retired,divorced,primary,no,250,no,no,cellular,3,feb,360,1,-1,0,unknown,1
8078,44,services,married,secondary,no,850,no,yes,cellular,16,jul,220,5,-1,0,unknown,0
2859,47,blue-collar,married,secondary,no,1568,yes,no,cellular,19,feb,388,1,262,7,success,1
4327,30,blue-collar,single,secondary,no,161,no,yes,telephone,8,sep,298,3,-1,0,unknown,1
888,41,management,married,tertiary,no,30,no,no,cellular,19,aug,171,7,-1,0,unknown,0
8986,42,technician,married,tertiary,no,1189,no,no,unknown,5,jun,323,3,-1,0,unknown,0
3098,28,blue-collar,married,primary,no,278,yes,yes,telephone,15,may,31,9,373,4,other,0
1314,43,unemployed,single,tertiary,no,983,yes,no,cellular,26,feb,97,1,-1,0,unknown,1
325,32,management,single,tertiary,no,935,no,no,cellular,10,aug,161,2,375,5,failure,1
9322,44,admin.,married,secondary,no,205,no,no,cellular,3,nov,289,1,-1,0,unknown,1
5961,36,services,single,secondary,no,528,no,no,cellular,3,feb,225,2,-1,0,unknown,0
1035,53,services,married,secondary,no,341,no,no,cellular,30,apr,423,2,-1,0,unknown,1
2305,58,blue-collar,married,secondary,no,1457,yes,no,cellular,8,jul,144,4,-1,0,unknown,0
2147,30,services,married,secondary,no,1256,yes,no,cellular,18,may,123,3,-1,0,unknown,0
10659,46,blue-collar,divorced,secondary,no,138,no,no,cellular,19,nov,277,1,-1,0,unknown,0
4514,34,technician,single,secondary,no,440,yes,no,cellular,6,may,445,2,345,2,failure,0
10812,40,entrepreneur,married,secondary,no,1238,yes,no,telephone,21,jul,50,2,-1,0,unknown,0
1371,18,student,single,unknown,no,108,no,no,cellular,10,aug,167,1,-1,0,unknown,1
2550,46,blue-collar,married,primary,no,804,yes,no,cellular,12,may,1063,2,361,1,success,1
768,42,blue-collar,married,secondary,no,-972,yes,no,unknown,29,may,146,1,-1,0,unknown,0
9778,28,technician,single,secondary,no,2000,no,no,telephone,3,feb,226,2,-1,0,unknown,0
10591,38,services,married,secondary,no,2669,yes,no,cellular,20,apr,208,2,-1,0,unknown,0
3919,55,management,married,tertiary,no,86,no,no,telephone,16,jun,64,1,-1,0,unknown,0
1517,60,blue-collar,married,unknown,no,104,yes,no,unknown,5,may,22,1,-1,0,unknown,0
545,52,admin.,single,secondary,no,-528,yes,yes,cellular,1,jun,1144,2,-1,0,unknown,1
4317,29,student,single,secondary,no,459,no,no,cellular,15,dec,279,3,189,19,other,1
10079,35,student,single,secondary,no,188,yes,no,cellular,5,may,863,1,78,8,success,1
10313,46,unemployed,married,secondary,no,16397,no,no,cellular,18,nov,641,1,-1,0,unknown,0
8363,46,blue-collar,married,secondary,no,137,no,no,unknown,20,jun,252,3,-1,0,unknown,0
347,52,blue-collar,married,secondary,no,2230,no,no,cellular,29,oct,423,3,-1,0,unknown,1
1859,25,admin.,single,tertiary,no,220,no,no,cellular,26,may,68,1,-1,0,unknown,0
3689,31,management,single,tertiary,no,15,no,no,cellular,11,aug,119,2,-1,0,unknown,0
9351,34,services,divorced,secondary,no,1281,no,no,cellular,5,feb,237,1,-1,0,unknown,0
4711,59,entrepreneur,married,secondary,no,496,no,no,cellular,22,oct,738,3,183,1,success,1
3587,26,admin.,single,secondary,yes,0,yes,no,cellular,16,jul,157,2,-1,0,unknown,0
6846,56,retired,married,primary,no,1947,no,no,cellular,2,mar,225,2,123,5,failure,1
2975,51,blue-collar,married,primary,no,21614,no,no,cellular,29,aug,47,20,-1,0,unknown,0
8649,43,blue-collar,married,secondary,no,184,no,yes,cellular,16,jul,1019,11,-1,0,unknown,1
4993,41,management,married,tertiary,no,0,no,no,cellular,17,sep,294,4,63,11,other,1
161,40,technician,divorced,tertiary,no,568,yes,no,unknown,24,oct,112,1,-1,0,unknown,1
2970,64,retired,married,tertiary,no,846,no,no,cellular,11,feb,671,1,181,3,failure,1
9813,41,technician,married,secondary,no,1819,no,no,cellular,22,sep,397,1,371,3,failure,1
8288,48,admin.,divorced,secondary,no,83,yes,no,cellular,13,may,1101,1,-1,0,unknown,1
4535,31,management,single,tertiary,no,424,no,yes,cellular,7,aug,224,2,-1,0,unknown,0
9610,43,management,single,tertiary,no,1304,no,no,cellular,6,aug,501,2,-1,0,unknown,1
2863,38,services,married,secondary,no,105,no,no,cellular,30,jul,244,2,-1,0,unknown,0
2086,31,services,married,unknown,no,-82,yes,no,cellular,31,jul,543,31,-1,0,unknown,0
8509,60,blue-collar,married,primary,no,1262,yes,yes,unknown,13,may,1015,1,-1,0,unknown,1
11101,35,blue-collar,married,secondary,no,74,no,no,cellular,23,jul,248,2,-1,0,unknown,0
8420,52,blue-collar,married,secondary,no,955,no,yes,cellular,17,jun,301,2,134,4,success,1
393,29,student,single,tertiary,no,5,no,no,cellular,15,jul,889,5,-1,0,unknown,1
5079,39,management,married,tertiary,no,1836,no,no,cellular,6,aug,902,3,-1,0,unknown,1
11043,40,blue-collar,married,primary,no,46,yes,no,unknown,6,may,119,1,-1,0,unknown,0
10450,39,blue-collar,married,primary,no,766,yes,no,unknown,3,jun,350,3,-1,0,unknown,0
6661,40,services,single,secondary,no,573,yes,no,cellular,14,may,329,1,-1,0,unknown,0
7982,47,admin.,married,secondary,no,3676,no,no,cellular,15,jul,415,2,342,1,other,1
8584,36,blue-collar,married,secondary,no,537,no,yes,cellular,7,jul,206,6,-1,0,unknown,0
5759,31,management,single,tertiary,no,115,no,no,cellular,17,mar,187,1,-1,0,unknown,1
7408,73,retired,married,secondary,no,2850,no,no,cellular,8,oct,512,1,144,7,failure,0
3056,78,retired,married,primary,no,680,no,no,telephone,24,may,838,1,89,9,failure,0
9282,30,technician,single,secondary,no,3286,yes,no,cellular,9,apr,743,1,-1,0,unknown,1
217,46,management,married,secondary,no,5127,no,no,cellular,6,aug,472,1,-1,0,unknown,0
2650,37,blue-collar,married,secondary,no,454,yes,no,unknown,12,may,115,1,-1,0,unknown,0
9542,49,management,married,unknown,no,0,no,no,cellular,19,nov,99,2,-1,0,unknown,0
2534,50,management,married,tertiary,no,453,no,yes,unknown,4,jul,608,1,-1,0,unknown,0
5823,34,management,married,tertiary,no,0,yes,yes,cellular,10,jul,129,1,-1,0,unknown,0
10030,51,retired,divorced,secondary,no,1679,no,no,cellular,12,aug,417,1,365,9,other,1
4136,33,technician,single,tertiary,no,149,yes,no,cellular,19,nov,424,2,182,1,other,1
10649,46,services,married,primary,no,116,yes,no,cellular,18,may,267,4,341,3,failure,0
10863,30,technician,single,secondary,no,426,yes,no,telephone,17,nov,127,4,111,6,failure,0
7372,35,blue-collar,married,secondary,no,1454,yes,no,cellular,12,aug,323,1,182,4,success,1
6562,32,services,married,secondary,no,15,yes,no,cellular,15,may,391,1,-1,0,unknown,0
2268,41,management,married,tertiary,no,4063,yes,no,cellular,12,may,14,5,172,2,failure,0
147,46,technician,married,secondary,no,536,yes,no,unknown,16,jun,750,2,-1,0,unknown,1
3482,29,management,single,tertiary,no,268,no,no,cellular,16,apr,667,1,-1,0,unknown,1
7207,55,blue-collar,married,unknown,no,23,no,no,cellular,30,jan,143,1,2,3,other,0
1580,47,self-employed,married,tertiary,no,0,no,no,telephone,21,nov,28,1,-1,0,unknown,0
9427,34,services,single,secondary,no,-30,no,no,cellular,21,jul,1360,3,-1,0,unknown,1
451,42,technician,married,tertiary,no,757,no,no,cellular,30,apr,354,1,79,1,success,1
6104,34,technician,single,secondary,no,559,no,no,cellular,22,aug,259,2,-1,0,unknown,0
5342,38,technician,single,secondary,no,145,yes,no,unknown,27,may,109,2,-1,0,unknown,0
11001,33,blue-collar,married,unknown,no,2655,yes,no,cellular,21,nov,195,1,-1,0,unknown,0
10179,51,technician,married,secondary,no,1327,no,no,cellular,7,jul,21,2,-1,0,unknown,0
8949,54,management,divorced,tertiary,no,7010,no,no,cellular,11,mar,275,2,-1,0,unknown,0
10356,45,admin.,married,secondary,no,205,no,no,cellular,4,aug,180,1,92,3,success,1
2299,30,management,married,tertiary,no,1996,no,no,cellular,8,feb,1133,3,101,1,other,1
9033,58,management,married,tertiary,no,1384,yes,no,cellular,27,mar,342,1,-1,0,unknown,1
6616,35,management,married,tertiary,no,4124,yes,no,cellular,23,jul,350,2,445,7,other,1
10101,46,services,divorced,secondary,no,0,no,no,unknown,20,jun,1023,3,-1,0,unknown,1
8253,57,admin.,married,secondary,no,169,no,no,cellular,3,feb,369,1,-1,0,unknown,1
1555,43,management,married,tertiary,no,1336,yes,yes,cellular,27,may,82,2,309,1,failure,0
1391,58,admin.,married,secondary,no,855,no,no,cellular,14,aug,81,2,-1,0,unknown,0
9753,47,management,divorced,tertiary,no,4556,yes,no,unknown,14,may,146,1,-1,0,unknown,0
10351,53,blue-collar,married,secondary,no,1093,yes,yes,unknown,16,jun,244,3,-1,0,unknown,0
1678,30,services,single,secondary,no,-158,yes,no,cellular,12,may,426,1,370,2,failure,1
10412,41,housemaid,married,secondary,no,879,no,no,unknown,5,jun,1053,2,-1,0,unknown,1
6250,33,management,married,tertiary,no,23,yes,yes,cellular,6,feb,150,1,-1,0,unknown,0
5338,32,management,married,tertiary,no,0,no,no,cellular,29,aug,183,2,-1,0,unknown,0
10753,38,services,married,secondary,no,173,yes,no,unknown,20,may,130,2,-1,0,unknown,0
8238,44,management,married,tertiary,no,0,yes,no,cellular,31,jul,49,5,-1,0,unknown,0
34,31,management,single,tertiary,no,2016,no,no,cellular,30,apr,209,1,-1,0,unknown,1
9679,30,management,single,tertiary,no,502,no,no,cellular,11,oct,463,3,95,6,success,1
10697,34,admin.,single,secondary,no,88,yes,no,unknown,27,may,169,2,-1,0,unknown,0
8733,22,blue-collar,single,secondary,no,682,no,no,cellular,5,jun,126,2,91,1,success,1
2285,26,admin.,single,secondary,no,-326,yes,no,unknown,19,may,128,3,-1,0,unknown,0
7320,45,entrepreneur,divorced,tertiary,no,-395,yes,no,unknown,13,may,470,1,-1,0,unknown,1
2410,34,blue-collar,married,primary,no,3986,yes,no,cellular,17,apr,345,2,-1,0,unknown,0
10584,42,blue-collar,married,primary,no,1673,yes,no,cellular,17,apr,636,3,-1,0,unknown,1
9801,47,management,married,tertiary,no,274,no,yes,cellular,4,feb,313,2,-1,0,unknown,0
7196,31,management,single,tertiary,no,78,yes,no,cellular,22,jul,369,2,-1,0,unknown,0
3813,33,management,single,tertiary,no,718,yes,no,cellular,29,jun,271,1,84,3,success,1
10921,55,retired,married,tertiary,no,101,yes,no,cellular,9,jul,111,1,-1,0,unknown,0
10327,56,services,married,primary,no,486,no,yes,telephone,21,jul,1877,1,-1,0,unknown,1
8406,39,services,married,secondary,no,20928,no,no,cellular,14,may,1166,1,352,1,other,0
9653,58,retired,divorced,unknown,no,5920,yes,no,cellular,21,nov,96,1,121,1,failure,0
1121,37,management,married,tertiary,no,203,no,no,cellular,21,oct,759,1,90,5,success,1
7237,62,housemaid,married,tertiary,no,1528,no,no,cellular,14,apr,496,1,-1,0,unknown,1
1753,27,blue-collar,single,tertiary,no,567,no,no,cellular,26,may,523,3,182,3,success,1
7101,74,retired,married,secondary,no,3771,no,no,telephone,16,apr,159,1,-1,0,unknown,0
2892,34,technician,single,secondary,no,2729,yes,no,cellular,18,nov,835,1,-1,0,unknown,1
7690,33,technician,married,secondary,no,180,no,no,cellular,4,aug,561,1,435,3,failure,1
9350,31,admin.,married,secondary,no,941,yes,no,cellular,8,apr,213,4,-1,0,unknown,0
7610,38,blue-collar,married,secondary,no,2467,no,no,cellular,2,jun,192,1,-1,0,unknown,1
2803,35,services,married,secondary,no,377,no,yes,cellular,31,jul,30,13,-1,0,unknown,0
3831,45,blue-collar,single,secondary,no,0,no,no,cellular,5,aug,374,2,472,1,success,1
6442,34,services,single,secondary,no,258,yes,no,unknown,4,jun,131,2,-1,0,unknown,0
2355,72,retired,married,primary,no,3856,no,no,cellular,10,dec,582,4,115,1,other,1
9389,27,management,single,tertiary,no,446,no,no,cellular,23,jun,205,3,-1,0,unknown,0
392,40,housemaid,married,secondary,no,949,no,no,cellular,8,aug,182,1,-1,0,unknown,0
10157,46,management,married,secondary,no,0,no,no,cellular,27,aug,38,6,-1,0,unknown,0
9177,53,management,divorced,tertiary,no,2152,no,no,cellular,13,feb,75,3,-1,0,unknown,1
10965,33,admin.,single,tertiary,no,272,yes,no,cellular,1,jun,326,1,237,2,failure,1
5001,25,services,single,secondary,no,628,no,no,cellular,8,jul,266,1,-1,0,unknown,0
5431,39,technician,married,secondary,no,116,no,no,cellular,22,may,554,2,-1,0,unknown,1
1351,47,blue-collar,married,primary,no,673,yes,yes,unknown,6,jun,118,4,-1,0,unknown,0
6872,39,management,married,tertiary,no,208,no,no,cellular,20,aug,170,4,-1,0,unknown,0
3026,53,services,married,primary,no,49,no,no,unknown,28,may,152,1,-1,0,unknown,0
4819,50,unemployed,married,secondary,no,3357,no,no,cellular,9,jun,239,4,-1,0,unknown,1
1743,39,technician,married,tertiary,no,108,no,no,cellular,28,may,589,3,28,2,other,0
9506,43,blue-collar,married,secondary,no,1096,no,yes,unknown,30,may,180,1,-1,0,unknown,0
7160,47,management,married,tertiary,no,2306,no,no,telephone,6,aug,239,4,-1,0,unknown,1
2443,44,blue-collar,single,primary,no,36,yes,no,cellular,15,may,551,1,371,2,failure,1
4874,38,management,single,tertiary,no,38,no,no,cellular,20,aug,105,2,-1,0,unknown,0
6775,45,blue-collar,married,primary,no,360,no,no,unknown,20,jun,98,2,-1,0,unknown,0
9431,39,admin.,married,secondary,no,1388,yes,no,cellular,15,jul,150,5,-1,0,unknown,0
524,34,management,married,tertiary,no,273,yes,no,cellular,14,may,492,1,175,2,failure,1
5170,50,management,married,tertiary,no,469,no,no,cellular,16,apr,161,1,-1,0,unknown,1
4377,45,technician,single,tertiary,no,0,no,no,cellular,18,aug,773,4,-1,0,unknown,1
5962,55,retired,married,secondary,no,6690,no,no,cellular,30,apr,534,1,-1,0,unknown,0
8282,60,housemaid,married,secondary,no,0,no,no,telephone,3,aug,676,2,181,5,failure,1
3420,42,technician,married,secondary,no,994,yes,no,cellular,25,may,365,5,-1,0,unknown,0
8203,51,technician,married,secondary,no,100,no,no,cellular,2,feb,467,2,-1,0,unknown,1
9279,35,blue-collar,single,primary,no,21,yes,no,unknown,27,may,129,1,-1,0,unknown,0
11034,47,management,married,secondary,no,1144,no,yes,cellular,29,jan,324,1,-1,0,unknown,0
3512,37,technician,single,tertiary,no,6101,no,no,cellular,4,may,60,5,87,1,success,0
2044,34,technician,single,secondary,no,161,no,yes,cellular,8,aug,61,2,-1,0,unknown,0
2145,55,retired,married,primary,no,3334,no,no,cellular,14,aug,632,4,-1,0,unknown,1
895,35,technician,married,secondary,no,294,yes,no,cellular,15,jun,238,6,98,5,success,0
1251,56,technician,single,primary,no,145,yes,no,telephone,6,feb,124,2,9,2,other,0
8645,54,admin.,married,secondary,no,66,yes,no,cellular,11,nov,167,1,-1,0,unknown,1
2300,28,admin.,single,secondary,no,707,yes,no,cellular,25,may,226,1,-1,0,unknown,1
10958,37,management,single,tertiary,no,102,yes,no,cellular,6,may,445,1,258,2,failure,1
5593,55,housemaid,married,primary,no,1537,no,no,unknown,19,jun,359,1,-1,0,unknown,0
6717,21,student,single,unknown,no,137,yes,no,unknown,12,may,198,3,-1,0,unknown,0
1455,24,admin.,married,secondary,no,230,yes,no,cellular,15,may,73,1,-1,0,unknown,0
4423,31,technician,divorced,tertiary,no,0,no,no,cellular,27,aug,581,6,-1,0,unknown,1
514,31,technician,married,secondary,yes,-367,yes,no,cellular,18,jul,474,2,-1,0,unknown,1
6330,42,blue-collar,married,secondary,no,349,yes,no,cellular,7,apr,226,2,-1,0,unknown,0
131,58,unemployed,married,secondary,no,687,yes,no,cellular,7,aug,221,1,99,2,success,1
4741,47,technician,married,secondary,no,1219,no,no,cellular,18,aug,697,4,-1,0,unknown,1
5836,58,management,married,tertiary,no,3864,yes,no,cellular,15,jul,815,4,-1,0,unknown,1
7245,32,services,married,secondary,no,0,no,no,cellular,31,jul,105,6,-1,0,unknown,0
1190,35,management,married,tertiary,no,2161,no,no,cellular,9,sep,569,3,-1,0,unknown,1
8481,44,admin.,married,secondary,no,764,yes,no,cellular,3,sep,232,1,213,1,failure,0
3308,50,management,married,primary,no,313,no,no,telephone,14,oct,958,1,-1,0,unknown,1
5019,30,management,single,tertiary,no,398,no,no,cellular,30,apr,554,1,6,2,success,1
1798,35,blue-collar,married,secondary,no,0,yes,yes,cellular,8,apr,519,1,-1,0,unknown,0
8633,49,management,married,tertiary,no,64,no,no,unknown,11,jun,586,1,-1,0,unknown,1
7375,57,services,divorced,primary,no,2225,yes,no,cellular,18,may,8,4,-1,0,unknown,0
10956,31,management,single,tertiary,no,0,yes,yes,cellular,14,may,117,3,352,3,failure,0
918,33,blue-collar,single,secondary,no,706,yes,no,cellular,7,apr,329,1,322,1,failure,0
54,26,blue-collar,married,secondary,no,2770,yes,no,unknown,8,may,141,1,-1,0,unknown,0
270,28,self-employed,single,tertiary,no,160,no,no,unknown,11,nov,158,1,-1,0,unknown,1
4086,36,unknown,married,secondary,no,179,no,no,cellular,8,aug,14,8,-1,0,unknown,0
8399,30,entrepreneur,married,secondary,no,12737,no,yes,cellular,19,nov,589,2,-1,0,unknown,1
1423,26,technician,single,secondary,no,2,yes,yes,unknown,15,may,461,1,-1,0,unknown,0
1484,30,services,single,primary,no,5746,yes,no,telephone,20,nov,125,2,-1,0,unknown,0
7442,41,technician,married,tertiary,no,63,no,no,cellular,25,aug,36,3,-1,0,unknown,0
10086,49,technician,married,secondary,no,-142,yes,yes,cellular,23,jul,73,4,-1,0,unknown,0
6458,53,technician,single,secondary,no,925,no,no,cellular,25,aug,930,3,-1,0,unknown,1
4999,33,technician,single,secondary,no,930,yes,no,cellular,15,may,163,5,359,1,failure,0
5840,30,blue-collar,single,secondary,no,1598,yes,no,cellular,10,jul,634,1,-1,0,unknown,1
8251,57,management,divorced,tertiary,no,3287,no,no,cellular,22,jun,867,1,84,3,success,1
10810,29,admin.,single,secondary,no,266,yes,no,cellular,6,may,540,1,-1,0,unknown,1
10549,29,technician,married,secondary,no,2326,no,no,cellular,6,mar,195,1,-1,0,unknown,1
780,25,services,married,secondary,no,50,yes,no,unknown,5,may,342,1,-1,0,unknown,0
2267,68,retired,divorced,primary,no,2027,no,no,cellular,14,sep,404,2,91,4,success,1
10163,31,technician,single,secondary,no,138,no,no,cellular,26,may,91,1,285,2,other,1
4569,35,unemployed,married,secondary,no,2080,yes,no,telephone,14,apr,266,3,-1,0,unknown,0
5897,32,blue-collar,single,secondary,no,-84,yes,no,cellular,11,may,426,1,-1,0,unknown,0
3724,40,technician,married,secondary,no,66,yes,no,unknown,12,may,29,8,-1,0,unknown,0
5280,63,retired,married,tertiary,no,1795,no,no,cellular,7,sep,219,1,-1,0,unknown,1
9606,55,management,married,tertiary,no,171,yes,no,cellular,8,aug,73,6,-1,0,unknown,0
396,48,services,married,secondary,no,2597,yes,no,cellular,6,may,182,2,355,1,failure,0
5787,38,housemaid,single,secondary,no,465,yes,no,cellular,16,mar,180,1,302,3,success,1
425,55,management,divorced,tertiary,no,9756,yes,no,cellular,5,jun,103,2,95,1,other,1
8943,51,management,married,tertiary,no,0,yes,yes,cellular,19,aug,263,1,84,1,other,0
9871,40,services,married,secondary,no,113,yes,no,unknown,4,jun,126,1,-1,0,unknown,0
10811,29,blue-collar,married,secondary,no,-565,yes,no,unknown,18,jun,164,3,-1,0,unknown,0
8423,73,retired,married,primary,no,5539,no,no,telephone,6,aug,338,1,-1,0,unknown,1
924,34,management,single,tertiary,no,1310,no,yes,cellular,20,nov,90,3,-1,0,unknown,0
8997,30,admin.,married,secondary,no,39,yes,no,cellular,28,jul,101,3,-1,0,unknown,0
10701,58,services,married,secondary,no,688,no,no,cellular,6,aug,152,2,-1,0,unknown,0
6668,44,admin.,married,secondary,no,10905,no,no,cellular,19,aug,240,2,271,1,other,1
3025,39,management,married,secondary,no,1585,yes,no,cellular,30,jan,82,2,-1,0,unknown,0
2687,28,management,single,tertiary,no,278,no,yes,cellular,29,jan,194,1,-1,0,unknown,0
10474,53,blue-collar,married,primary,no,1388,no,no,cellular,7,aug,139,4,-1,0,unknown,0
8712,33,services,married,secondary,no,210,yes,no,cellular,13,may,1207,2,-1,0,unknown,1
974,26,services,single,secondary,no,1347,no,no,telephone,18,jun,280,6,92,5,other,1
2339,28,blue-collar,married,secondary,no,0,yes,no,cellular,15,may,6,4,-1,0,unknown,0
85,31,admin.,married,secondary,no,1130,yes,no,cellular,23,jul,236,5,-1,0,unknown,0
8429,38,admin.,divorced,secondary,no,19,yes,no,unknown,30,may,604,2,-1,0,unknown,1
769,38,admin.,divorced,secondary,no,3834,yes,no,cellular,13,apr,363,2,327,1,failure,0
1984,41,self-employed,married,secondary,no,323,yes,no,cellular,17,apr,949,2,254,6,other,1
7417,34,admin.,married,secondary,no,560,yes,no,unknown,5,may,198,3,-1,0,unknown,0
10330,53,unemployed,married,secondary,no,582,yes,no,unknown,8,may,96,2,-1,0,unknown,0
7899,42,entrepreneur,married,secondary,no,46,no,no,cellular,2,feb,1013,1,-1,0,unknown,0
7876,49,management,married,secondary,no,99,yes,no,cellular,6,may,687,2,343,1,failure,1
987,34,retired,married,primary,no,4499,no,no,unknown,21,may,1681,1,-1,0,unknown,1
5625,42,entrepreneur,married,primary,no,558,yes,no,cellular,6,may,186,2,-1,0,unknown,0
107,25,technician,single,secondary,no,1199,no,no,cellular,1,jun,287,1,-1,0,unknown,1
796,57,management,married,tertiary,no,1660,no,no,cellular,4,aug,642,1,-1,0,unknown,1
594,37,student,single,unknown,no,444,no,no,cellular,4,may,1063,5,-1,0,unknown,1
1689,30,unemployed,married,secondary,no,221,no,no,cellular,8,aug,61,4,-1,0,unknown,0
1201,34,technician,single,secondary,no,1313,no,no,cellular,19,apr,237,4,-1,0,unknown,0
420,50,management,single,tertiary,no,3537,no,no,unknown,24,oct,305,1,-1,0,unknown,1
4785,42,services,married,secondary,no,737,yes,no,unknown,14,may,762,2,-1,0,unknown,0
5362,46,housemaid,married,secondary,no,38,no,no,cellular,27,may,181,3,183,1,success,1
1002,40,admin.,married,secondary,no,4775,no,no,cellular,15,sep,215,1,-1,0,unknown,1
4754,56,management,married,unknown,no,4623,no,no,cellular,25,feb,305,1,192,1,success,1
2462,44,blue-collar,married,secondary,no,1397,no,no,cellular,20,nov,326,1,-1,0,unknown,0
2914,35,entrepreneur,married,tertiary,no,542,yes,yes,unknown,27,may,591,5,-1,0,unknown,0
8583,51,unemployed,divorced,secondary,no,-56,yes,no,cellular,19,nov,544,3,-1,0,unknown,0
7018,54,management,married,tertiary,no,122,yes,no,cellular,22,jul,126,3,-1,0,unknown,0
2192,53,management,married,tertiary,no,0,no,no,cellular,11,aug,608,2,-1,0,unknown,1
8455,44,management,married,secondary,no,13054,yes,no,cellular,11,may,471,2,174,12,other,0
9056,38,housemaid,single,primary,no,199,yes,no,cellular,12,may,1203,1,306,1,failure,1
2027,85,retired,married,primary,no,98,no,no,cellular,30,apr,416,1,-1,0,unknown,1
4397,38,services,single,secondary,no,322,yes,no,unknown,26,may,61,1,-1,0,unknown,0
6090,29,technician,divorced,secondary,no,124,no,no,unknown,27,may,125,1,-1,0,unknown,0
6755,41,technician,married,secondary,no,1270,yes,no,unknown,5,may,1389,1,-1,0,unknown,1
10782,31,management,single,tertiary,no,5691,yes,no,cellular,21,nov,37,2,123,1,failure,0
1454,64,retired,married,secondary,no,1612,no,no,cellular,18,may,336,1,89,5,failure,1
7962,32,technician,divorced,tertiary,no,53,no,no,cellular,22,aug,671,2,-1,0,unknown,1
4110,33,blue-collar,married,secondary,no,89,yes,no,cellular,18,jul,278,2,-1,0,unknown,1
4740,57,admin.,divorced,secondary,no,658,no,no,cellular,10,jul,724,1,-1,0,unknown,1
7551,32,admin.,married,secondary,no,0,yes,no,cellular,30,apr,177,2,-1,0,unknown,1
7747,40,management,married,tertiary,no,193,no,no,cellular,18,aug,105,6,-1,0,unknown,0
2279,51,management,married,tertiary,yes,0,no,yes,cellular,29,jul,204,6,-1,0,unknown,0
10446,38,admin.,married,secondary,no,0,yes,no,telephone,16,jul,284,8,-1,0,unknown,0
859,35,technician,married,secondary,no,1,yes,yes,unknown,21,may,85,1,-1,0,unknown,0
4429,39,technician,single,tertiary,no,861,no,no,unknown,20,jun,32,5,-1,0,unknown,0
11112,46,blue-collar,married,primary,no,143,yes,no,unknown,7,may,279,1,-1,0,unknown,0
8049,37,management,single,unknown,no,715,yes,no,unknown,20,may,247,2,-1,0,unknown,0
4964,44,unemployed,single,primary,yes,-4,no,yes,cellular,30,jul,788,2,-1,0,unknown,1
3505,49,technician,single,secondary,no,1202,yes,no,unknown,18,jun,122,1,-1,0,unknown,0
7931,61,management,married,tertiary,no,267,no,no,cellular,21,oct,192,3,184,1,success,1
7114,38,technician,married,secondary,no,4539,no,no,cellular,16,sep,387,1,-1,0,unknown,1
7629,45,technician,married,secondary,no,0,no,no,telephone,13,aug,99,1,-1,0,unknown,0
8287,34,technician,married,secondary,no,0,yes,no,cellular,3,aug,261,1,470,2,failure,1
1565,48,management,single,tertiary,no,159,no,no,telephone,7,jul,229,1,251,6,success,1
5675,38,entrepreneur,married,secondary,no,-272,no,yes,unknown,17,jun,143,2,-1,0,unknown,0
4783,32,admin.,married,tertiary,no,284,yes,no,cellular,29,apr,717,3,-1,0,unknown,1
8771,45,management,married,secondary,no,21,yes,no,unknown,3,jun,788,2,-1,0,unknown,0
1916,81,retired,divorced,secondary,no,452,no,no,telephone,16,dec,443,1,-1,0,unknown,1
7618,38,student,divorced,tertiary,no,2946,no,no,cellular,16,jun,605,3,-1,0,unknown,1
10939,56,management,married,tertiary,no,94,no,no,cellular,23,jul,530,3,-1,0,unknown,0
4241,40,services,married,secondary,no,105,yes,no,cellular,9,jul,161,1,-1,0,unknown,0
8425,38,management,married,tertiary,no,5432,yes,yes,cellular,17,apr,707,1,149,2,failure,0
1585,36,housemaid,single,secondary,no,1015,yes,no,cellular,18,may,1008,1,347,2,success,1
2785,31,self-employed,married,tertiary,no,94,no,no,cellular,22,aug,579,2,-1,0,unknown,1
10302,26,technician,single,tertiary,no,15161,no,no,cellular,2,feb,280,1,-1,0,unknown,1
3958,51,management,married,tertiary,no,-321,no,no,cellular,6,feb,470,2,9,2,other,0
11073,38,housemaid,divorced,tertiary,no,4312,no,no,cellular,15,may,67,4,175,6,failure,0
10850,40,admin.,married,secondary,no,1597,yes,no,unknown,30,may,633,1,-1,0,unknown,0
5756,59,management,married,tertiary,no,2239,no,no,cellular,22,may,431,1,-1,0,unknown,1
122,30,blue-collar,single,secondary,no,148,no,no,cellular,2,apr,206,1,-1,0,unknown,0
6153,26,technician,single,secondary,yes,-454,no,yes,cellular,18,jul,652,2,-1,0,unknown,0
7093,29,technician,single,secondary,no,382,no,no,cellular,5,aug,409,4,-1,0,unknown,1
7852,48,management,married,tertiary,no,0,yes,no,cellular,6,sep,194,2,125,6,failure,1
8426,50,admin.,married,secondary,no,1138,yes,yes,cellular,31,jul,73,8,-1,0,unknown,0
3987,64,retired,married,secondary,no,466,yes,no,cellular,18,oct,526,1,-1,0,unknown,1
4114,43,management,divorced,tertiary,no,481,yes,no,cellular,3,jun,187,1,20,1,other,1
4932,39,unemployed,married,tertiary,no,201,no,no,cellular,3,jun,699,1,119,1,failure,1
4749,57,retired,married,secondary,no,0,yes,no,cellular,5,may,127,1,363,4,failure,0
3180,38,management,married,secondary,no,3840,yes,yes,cellular,17,nov,62,1,-1,0,unknown,0
7523,49,management,married,tertiary,no,322,no,no,cellular,6,aug,72,4,-1,0,unknown,0
7571,77,retired,married,tertiary,no,0,no,no,cellular,16,oct,847,1,60,1,success,1
4468,32,management,divorced,tertiary,no,12,no,no,cellular,17,jul,321,1,-1,0,unknown,0
5102,49,technician,married,secondary,no,378,no,no,unknown,9,jun,189,2,-1,0,unknown,0
7970,34,admin.,divorced,secondary,no,67,yes,no,unknown,6,may,90,1,-1,0,unknown,0
2184,39,services,married,secondary,no,636,yes,no,telephone,12,may,15,1,-1,0,unknown,0
5167,49,technician,married,secondary,no,307,no,no,cellular,9,dec,854,1,-1,0,unknown,1
5782,32,blue-collar,single,secondary,no,760,yes,no,cellular,16,apr,445,1,148,2,other,0
1293,34,services,single,secondary,no,2257,no,yes,telephone,30,jan,568,2,-1,0,unknown,0
4374,39,services,single,secondary,no,7066,yes,no,cellular,15,may,667,3,357,3,other,1
7407,33,services,married,secondary,no,207,yes,no,cellular,14,may,629,4,-1,0,unknown,1
7181,28,technician,married,primary,no,-58,yes,no,unknown,8,may,74,1,-1,0,unknown,0
7461,25,student,single,secondary,no,703,no,no,cellular,5,may,1100,3,-1,0,unknown,0
5963,54,management,married,tertiary,no,588,no,no,cellular,13,aug,327,1,-1,0,unknown,0
5709,59,blue-collar,married,secondary,no,0,yes,no,unknown,20,may,217,4,-1,0,unknown,0
2667,45,admin.,married,secondary,no,46,yes,no,cellular,5,may,234,1,-1,0,unknown,0
5114,29,management,single,tertiary,no,9407,no,no,cellular,4,may,267,6,-1,0,unknown,1
10205,35,technician,married,tertiary,no,1354,no,no,cellular,2,jun,250,2,-1,0,unknown,1
6261,53,technician,married,tertiary,no,988,no,no,cellular,20,aug,1408,5,-1,0,unknown,1
9344,31,management,single,tertiary,no,0,no,no,cellular,25,aug,11,16,-1,0,unknown,0
10993,25,management,single,tertiary,no,493,yes,no,unknown,4,jun,301,1,-1,0,unknown,0
1494,38,management,married,tertiary,no,179,no,no,unknown,8,aug,317,4,-1,0,unknown,1
1852,57,retired,divorced,primary,yes,0,no,yes,cellular,24,jul,125,2,-1,0,unknown,0
2789,29,blue-collar,married,secondary,no,313,yes,no,cellular,20,apr,172,2,343,3,other,0
2376,37,services,married,secondary,no,775,no,no,cellular,14,aug,150,2,-1,0,unknown,1
7639,56,management,divorced,tertiary,no,722,no,no,cellular,19,feb,134,3,94,2,failure,0
3069,82,retired,married,secondary,no,276,no,no,telephone,17,aug,199,1,-1,0,unknown,1
2489,31,management,single,tertiary,no,307,no,no,cellular,21,nov,86,2,-1,0,unknown,0
3111,26,blue-collar,single,secondary,no,463,no,yes,cellular,2,jul,248,2,-1,0,unknown,1
3930,32,services,married,secondary,no,207,yes,no,unknown,23,may,360,1,-1,0,unknown,0
6177,69,technician,married,tertiary,no,482,no,no,cellular,29,jul,478,1,267,1,failure,1
10875,34,admin.,divorced,secondary,no,1085,no,no,cellular,11,mar,101,7,-1,0,unknown,1
8490,26,technician,single,secondary,no,855,yes,no,unknown,28,may,87,2,-1,0,unknown,0
7455,58,technician,married,secondary,no,0,yes,no,cellular,15,jul,53,1,-1,0,unknown,0
1633,37,blue-collar,married,secondary,no,1590,no,no,unknown,12,jun,305,2,-1,0,unknown,0
8995,28,blue-collar,single,secondary,no,-193,no,no,cellular,18,jul,580,7,-1,0,unknown,0
577,29,admin.,single,secondary,no,-309,yes,yes,unknown,4,jun,215,1,-1,0,unknown,0
4349,44,blue-collar,single,primary,no,1593,yes,no,unknown,29,may,828,3,-1,0,unknown,1
8555,31,management,married,tertiary,no,1575,no,no,cellular,12,aug,178,4,-1,0,unknown,0
8567,53,management,married,tertiary,no,3591,yes,no,cellular,5,aug,306,2,181,2,other,1
10212,32,management,married,secondary,no,134,yes,yes,cellular,15,may,532,3,-1,0,unknown,1
5142,59,retired,single,secondary,yes,-341,no,yes,cellular,14,jul,94,3,-1,0,unknown,0
1869,26,admin.,married,secondary,no,2469,no,no,cellular,16,jul,136,8,-1,0,unknown,0
5099,36,blue-collar,married,primary,no,378,yes,no,cellular,5,may,1240,1,-1,0,unknown,1
4845,49,services,married,secondary,no,7019,yes,no,cellular,2,jun,263,1,368,3,failure,1
7668,27,blue-collar,married,tertiary,no,335,yes,no,unknown,26,jun,519,3,-1,0,unknown,1
8170,37,services,married,secondary,no,2678,no,no,cellular,25,mar,156,1,-1,0,unknown,1
3207,38,admin.,married,secondary,no,1767,yes,no,cellular,12,nov,893,7,-1,0,unknown,1
4728,26,admin.,single,tertiary,no,3672,yes,no,unknown,29,may,360,5,-1,0,unknown,0
3798,29,student,single,secondary,no,658,no,no,cellular,15,jul,198,2,244,4,other,1
2905,60,management,divorced,tertiary,no,366,no,no,cellular,3,jun,593,1,-1,0,unknown,1
2186,48,housemaid,married,tertiary,no,5473,no,no,cellular,24,aug,232,2,-1,0,unknown,1
2843,60,retired,divorced,tertiary,no,381,yes,no,cellular,17,apr,208,2,344,4,failure,0
1286,27,management,single,tertiary,no,1720,no,no,cellular,15,jun,910,1,224,3,success,1
5494,50,services,divorced,secondary,yes,-210,no,yes,cellular,21,aug,153,7,-1,0,unknown,0
2963,33,technician,single,secondary,no,3059,no,yes,cellular,6,aug,482,2,-1,0,unknown,1
10693,40,management,married,tertiary,no,24450,no,no,cellular,25,aug,73,2,-1,0,unknown,0
5275,39,management,single,unknown,no,2887,yes,no,unknown,7,may,42,2,-1,0,unknown,0
7651,34,management,married,tertiary,no,589,no,no,cellular,19,apr,125,2,-1,0,unknown,1
3621,34,blue-collar,married,secondary,no,751,yes,yes,cellular,17,nov,1303,1,-1,0,unknown,1
2753,36,entrepreneur,married,primary,no,177,yes,no,unknown,12,may,63,5,-1,0,unknown,0
3874,30,management,single,tertiary,no,3410,yes,no,cellular,18,may,140,1,-1,0,unknown,0
1726,32,blue-collar,married,secondary,no,328,yes,no,unknown,20,may,132,1,-1,0,unknown,0
1891,45,technician,married,secondary,no,999,yes,no,unknown,16,may,656,2,-1,0,unknown,0
1005,31,blue-collar,married,secondary,no,812,yes,no,cellular,23,sep,245,1,-1,0,unknown,0
4098,48,management,married,tertiary,no,20718,yes,no,unknown,14,may,125,1,-1,0,unknown,0
753,40,management,single,tertiary,no,0,no,no,cellular,26,aug,58,7,-1,0,unknown,0
3528,50,technician,married,tertiary,no,2313,no,no,cellular,5,aug,553,1,-1,0,unknown,1
5326,55,retired,married,tertiary,no,357,yes,no,cellular,11,aug,526,1,103,1,failure,0
4116,22,management,single,tertiary,no,104,no,yes,cellular,18,oct,509,1,185,3,success,1
6220,73,retired,divorced,secondary,no,7111,yes,no,cellular,12,oct,146,1,-1,0,unknown,1
4830,31,services,single,secondary,no,181,no,no,cellular,13,nov,239,2,93,2,success,1
1319,26,management,divorced,tertiary,no,667,no,no,telephone,19,jun,177,2,-1,0,unknown,0
531,46,blue-collar,married,primary,no,557,no,no,unknown,18,jun,89,1,-1,0,unknown,0
10396,37,services,married,secondary,no,1543,yes,no,cellular,16,feb,138,2,-1,0,unknown,1
3228,33,blue-collar,married,secondary,no,19,yes,no,cellular,4,feb,56,1,271,1,other,0
5049,34,self-employed,married,tertiary,no,0,no,no,cellular,28,aug,730,11,-1,0,unknown,1
9841,59,retired,married,primary,no,1115,no,no,unknown,19,jun,834,1,-1,0,unknown,1
1685,36,self-employed,single,secondary,no,1295,no,no,cellular,20,nov,1192,1,-1,0,unknown,1
1684,38,self-employed,married,secondary,no,173,no,no,cellular,18,aug,205,4,-1,0,unknown,0
5831,55,admin.,married,secondary,no,512,no,no,cellular,18,aug,115,4,-1,0,unknown,0
9347,42,technician,divorced,secondary,no,1689,yes,no,cellular,31,jul,50,2,-1,0,unknown,0
1111,28,admin.,single,secondary,no,2,yes,no,cellular,24,jul,454,1,-1,0,unknown,1
5356,38,blue-collar,single,secondary,no,0,no,no,cellular,27,oct,297,1,75,3,failure,1
2344,36,technician,divorced,secondary,no,2823,yes,no,cellular,8,jun,215,1,371,6,failure,1
10294,25,self-employed,married,tertiary,no,1182,yes,no,unknown,26,may,141,2,-1,0,unknown,0
5697,58,management,divorced,tertiary,no,5037,yes,no,cellular,18,nov,1437,2,-1,0,unknown,1
8987,38,self-employed,single,tertiary,no,605,no,no,telephone,18,jun,1603,10,-1,0,unknown,1
7862,46,admin.,married,secondary,no,1252,yes,yes,cellular,17,nov,59,1,-1,0,unknown,0
1749,41,technician,married,tertiary,no,13,no,no,unknown,5,jun,189,2,-1,0,unknown,0
321,39,blue-collar,married,primary,no,-50,yes,no,cellular,15,may,100,1,-1,0,unknown,0
8410,40,technician,single,secondary,no,360,yes,no,unknown,9,may,73,1,-1,0,unknown,0
124,48,blue-collar,married,secondary,no,7408,no,yes,cellular,4,feb,101,2,-1,0,unknown,0
5592,32,management,single,tertiary,no,124,no,no,cellular,4,feb,87,2,-1,0,unknown,0
7088,30,unemployed,single,tertiary,no,1159,no,no,cellular,12,aug,95,1,68,1,success,0
9108,34,technician,married,tertiary,no,127,no,no,cellular,3,jun,117,1,-1,0,unknown,1
9065,45,unemployed,single,secondary,no,382,yes,yes,cellular,18,may,182,1,-1,0,unknown,0
2390,35,services,married,tertiary,no,0,yes,no,unknown,2,jun,312,2,-1,0,unknown,0
6822,30,self-employed,single,tertiary,no,251,no,no,cellular,12,jul,537,1,-1,0,unknown,1
10451,46,admin.,divorced,secondary,no,-637,yes,no,cellular,17,nov,153,1,-1,0,unknown,0
10888,55,admin.,divorced,secondary,no,1693,no,no,cellular,10,aug,247,1,102,3,success,0
1352,47,technician,married,secondary,no,-9,no,no,cellular,14,aug,457,2,-1,0,unknown,0
4390,37,management,married,tertiary,no,57,no,no,cellular,5,feb,345,1,-1,0,unknown,1
4771,55,technician,married,secondary,no,517,yes,yes,cellular,6,feb,47,3,263,4,failure,0
2950,66,housemaid,married,secondary,no,1929,no,no,cellular,2,feb,169,1,-1,0,unknown,0
4614,33,technician,married,secondary,no,221,yes,no,cellular,13,may,669,1,355,4,failure,1
4985,34,blue-collar,married,secondary,no,182,no,no,cellular,6,aug,938,2,-1,0,unknown,1
3659,33,services,married,secondary,no,387,yes,no,cellular,7,apr,327,2,138,2,failure,0
9018,86,retired,married,primary,no,1255,no,no,telephone,14,jul,247,1,180,3,success,1
8154,32,management,married,secondary,no,6217,yes,yes,cellular,18,nov,486,2,181,2,failure,0
4586,55,retired,married,primary,no,3876,no,no,cellular,21,nov,54,1,-1,0,unknown,0
6213,43,management,married,tertiary,no,1258,no,no,unknown,20,oct,312,1,-1,0,unknown,1
1089,62,retired,married,tertiary,no,2557,yes,no,cellular,10,nov,404,1,57,8,success,1
8523,29,management,single,secondary,no,293,yes,no,unknown,28,may,188,2,-1,0,unknown,0
8756,34,management,single,tertiary,no,757,no,no,cellular,18,aug,37,4,-1,0,unknown,0
8181,50,management,married,tertiary,no,398,no,no,telephone,30,jul,1567,5,-1,0,unknown,0
3353,28,unknown,single,secondary,no,4465,no,no,cellular,28,jan,769,1,-1,0,unknown,1
2509,33,services,single,tertiary,no,-452,no,no,cellular,29,jan,692,2,-1,0,unknown,1
1864,37,blue-collar,married,secondary,no,4321,no,no,cellular,5,jun,657,1,-1,0,unknown,1
5866,57,management,divorced,unknown,no,0,no,no,unknown,13,may,95,1,-1,0,unknown,0
11076,34,technician,married,secondary,no,563,yes,yes,cellular,29,aug,32,15,-1,0,unknown,0
1808,38,blue-collar,married,secondary,no,622,yes,no,unknown,21,may,611,2,-1,0,unknown,1
2503,47,unemployed,divorced,secondary,no,0,no,yes,cellular,30,jan,127,2,233,8,other,0
8585,48,blue-collar,married,secondary,no,1513,no,yes,cellular,17,jul,1171,1,-1,0,unknown,0
10247,35,management,married,tertiary,no,8000,no,no,cellular,13,may,331,1,90,3,success,1
1617,58,retired,married,primary,no,565,no,no,telephone,7,jul,876,1,-1,0,unknown,1
7287,39,management,married,tertiary,no,285,yes,no,cellular,15,jul,838,3,-1,0,unknown,1
3590,47,blue-collar,married,secondary,no,1996,no,no,unknown,5,jun,761,2,-1,0,unknown,1
6835,48,self-employed,married,secondary,no,91,no,no,cellular,21,aug,136,8,-1,0,unknown,0
7299,54,admin.,divorced,secondary,no,200,no,no,cellular,3,jun,170,1,-1,0,unknown,1
2775,38,services,single,secondary,no,91,no,no,cellular,2,mar,207,1,-1,0,unknown,1
4083,24,blue-collar,single,secondary,no,3,yes,no,cellular,15,may,311,1,-1,0,unknown,0
8201,55,management,married,tertiary,no,13578,no,no,cellular,29,oct,247,2,-1,0,unknown,0
7606,33,services,married,secondary,no,255,yes,yes,cellular,21,nov,588,2,184,2,failure,0
8513,58,management,married,tertiary,no,2261,yes,no,cellular,3,jun,1361,1,391,1,failure,0
6537,40,admin.,married,secondary,no,367,yes,no,telephone,5,feb,89,1,274,1,failure,0
6986,38,services,married,secondary,no,8876,no,no,cellular,2,feb,280,1,75,1,failure,0
4892,45,entrepreneur,divorced,secondary,no,1187,no,yes,cellular,20,nov,157,1,-1,0,unknown,0
4515,28,blue-collar,single,unknown,no,913,yes,no,unknown,27,may,580,2,-1,0,unknown,0
2374,28,management,married,tertiary,no,22,yes,no,cellular,31,jul,59,3,-1,0,unknown,0
5642,54,services,divorced,secondary,no,0,no,no,cellular,1,jun,174,1,81,2,success,1
6911,30,blue-collar,single,secondary,no,183,yes,no,cellular,18,jul,610,1,-1,0,unknown,1
10602,43,technician,married,tertiary,no,2643,no,no,cellular,12,aug,188,3,100,5,success,1
10496,52,housemaid,married,primary,no,10943,no,no,cellular,16,sep,292,1,-1,0,unknown,1
4441,61,retired,married,secondary,no,3114,no,no,cellular,13,nov,381,1,-1,0,unknown,1
4714,39,housemaid,married,tertiary,no,94,no,no,cellular,6,aug,181,2,-1,0,unknown,0
3348,35,blue-collar,divorced,secondary,no,0,yes,no,unknown,20,may,1205,1,-1,0,unknown,1
6377,32,management,married,tertiary,no,134,no,yes,cellular,29,aug,162,2,-1,0,unknown,0
3351,41,blue-collar,single,secondary,no,75,yes,no,unknown,1,jul,479,9,-1,0,unknown,1
10959,52,management,married,tertiary,no,1453,no,no,telephone,29,jul,254,21,-1,0,unknown,0
7883,37,technician,single,secondary,no,980,no,no,cellular,8,aug,1306,5,-1,0,unknown,1
7454,76,retired,married,secondary,no,2302,no,no,telephone,5,feb,110,1,87,2,failure,0
10104,35,management,single,tertiary,no,2486,yes,no,cellular,25,may,265,1,-1,0,unknown,0
3371,36,technician,single,secondary,yes,12,no,no,cellular,12,aug,587,2,-1,0,unknown,1
7411,45,admin.,single,secondary,no,946,yes,no,cellular,21,nov,56,2,175,4,failure,0
2979,30,entrepreneur,married,primary,no,2686,yes,no,cellular,15,jul,808,3,-1,0,unknown,1
3439,41,housemaid,married,primary,no,365,no,no,cellular,8,aug,203,5,-1,0,unknown,0
580,56,technician,married,secondary,no,589,yes,no,unknown,29,may,535,2,-1,0,unknown,1
126,31,technician,single,secondary,no,2388,no,no,cellular,5,aug,123,1,-1,0,unknown,0
10333,34,management,single,tertiary,no,404,yes,no,cellular,5,feb,10,6,-1,0,unknown,0
1666,52,blue-collar,divorced,primary,no,-191,yes,no,unknown,15,may,755,1,-1,0,unknown,1
6225,39,services,married,secondary,no,2843,yes,no,unknown,19,jun,585,1,-1,0,unknown,1
9902,48,blue-collar,married,secondary,no,741,yes,no,cellular,16,apr,227,1,-1,0,unknown,0
5608,58,retired,married,primary,no,269,yes,no,unknown,16,may,38,2,-1,0,unknown,0
1635,49,self-employed,married,tertiary,no,599,no,no,cellular,12,aug,174,1,-1,0,unknown,0
2629,52,blue-collar,married,secondary,no,555,yes,no,cellular,12,may,314,2,-1,0,unknown,0
7833,31,services,single,secondary,no,222,yes,no,cellular,13,may,168,2,-1,0,unknown,0
9001,57,services,married,primary,no,443,no,no,telephone,17,jul,167,1,-1,0,unknown,0
1909,36,management,married,tertiary,no,396,no,no,cellular,13,aug,67,5,-1,0,unknown,0
8446,31,technician,single,secondary,no,863,yes,no,cellular,3,feb,146,1,263,5,success,0
2471,57,retired,married,secondary,no,91,no,yes,unknown,3,jul,256,3,-1,0,unknown,0
2815,53,services,married,secondary,no,367,yes,yes,cellular,29,jan,155,1,261,2,failure,0
3878,57,retired,married,tertiary,no,138,no,no,unknown,26,may,157,5,-1,0,unknown,0
2714,32,management,married,tertiary,no,71,no,no,cellular,2,feb,75,1,-1,0,unknown,0
5455,47,management,married,tertiary,no,1057,no,no,cellular,4,aug,488,2,-1,0,unknown,0
6030,40,blue-collar,single,secondary,no,3,no,no,cellular,19,nov,998,1,-1,0,unknown,1
5648,53,management,married,tertiary,no,-601,yes,no,unknown,30,may,509,2,-1,0,unknown,0
5209,32,admin.,married,secondary,no,8749,yes,yes,unknown,21,oct,294,1,-1,0,unknown,1
10525,31,blue-collar,married,secondary,no,-720,yes,yes,unknown,15,may,112,2,-1,0,unknown,0
6834,36,management,married,tertiary,no,9324,yes,no,cellular,30,mar,138,8,-1,0,unknown,0
3509,35,technician,married,tertiary,no,328,yes,no,cellular,22,jul,654,2,-1,0,unknown,1
822,45,blue-collar,married,primary,no,789,no,yes,cellular,29,jan,79,1,-1,0,unknown,0
2053,55,technician,divorced,tertiary,no,0,no,no,cellular,18,aug,237,1,-1,0,unknown,1
7231,33,services,married,secondary,no,1082,yes,yes,cellular,19,nov,351,1,-1,0,unknown,0
65,54,management,married,unknown,no,24,no,no,cellular,31,jul,12,10,-1,0,unknown,0
10828,28,blue-collar,married,secondary,no,-185,yes,yes,unknown,13,may,170,1,-1,0,unknown,0
10575,31,blue-collar,married,secondary,no,369,yes,yes,unknown,14,may,89,2,-1,0,unknown,0
1189,41,blue-collar,married,secondary,no,2717,yes,yes,cellular,24,jul,559,2,-1,0,unknown,0
3245,65,management,married,secondary,no,587,no,no,cellular,15,apr,223,2,-1,0,unknown,1
1529,41,admin.,single,secondary,no,882,yes,yes,unknown,28,may,145,2,-1,0,unknown,0
10174,31,services,married,secondary,no,0,yes,no,cellular,29,jan,224,2,-1,0,unknown,0
4333,42,admin.,married,secondary,no,534,yes,no,unknown,16,may,139,2,-1,0,unknown,0
5006,26,technician,married,secondary,no,915,no,no,cellular,2,jun,384,1,-1,0,unknown,1
6340,42,housemaid,divorced,secondary,no,314,no,no,unknown,9,jun,249,2,-1,0,unknown,0
7614,51,services,single,secondary,no,513,yes,no,cellular,29,jul,331,2,-1,0,unknown,0
2582,58,technician,divorced,secondary,no,-354,yes,yes,cellular,7,jul,98,1,-1,0,unknown,0
3877,38,blue-collar,married,secondary,no,360,yes,no,unknown,14,may,220,2,-1,0,unknown,0
8162,52,blue-collar,married,unknown,no,0,yes,no,cellular,9,jul,1486,1,-1,0,unknown,1
2065,35,management,single,tertiary,no,538,no,no,cellular,22,dec,410,3,165,2,other,1
8615,24,student,single,unknown,no,358,no,no,cellular,14,jun,245,1,384,1,other,1
3553,43,technician,divorced,secondary,no,-36,yes,no,cellular,17,nov,190,1,104,1,failure,0
6906,33,blue-collar,married,primary,no,1002,yes,no,unknown,30,may,201,4,-1,0,unknown,0
5013,42,management,divorced,tertiary,no,1243,no,no,cellular,26,aug,1000,4,-1,0,unknown,1
7891,33,management,married,tertiary,no,133,yes,no,unknown,26,may,308,4,-1,0,unknown,0
1288,25,blue-collar,single,secondary,no,389,no,no,cellular,3,jun,837,1,-1,0,unknown,1
750,33,blue-collar,married,secondary,no,0,yes,no,telephone,14,jul,305,3,-1,0,unknown,0
1900,50,management,married,tertiary,no,414,yes,no,cellular,3,apr,707,1,302,3,failure,1
9301,52,admin.,single,secondary,no,726,yes,no,cellular,24,may,699,1,378,9,failure,1
8071,29,services,married,secondary,no,57,yes,no,telephone,21,jul,342,9,-1,0,unknown,0
5495,31,self-employed,married,secondary,no,157,yes,no,unknown,19,may,285,1,-1,0,unknown,0
9327,51,management,married,tertiary,no,656,yes,no,cellular,25,jul,268,2,-1,0,unknown,0
10337,58,retired,single,primary,no,999,no,no,cellular,25,jul,188,6,-1,0,unknown,0
8289,40,blue-collar,married,secondary,no,273,yes,no,unknown,19,jun,1082,1,-1,0,unknown,0
2985,31,blue-collar,married,secondary,no,505,yes,no,cellular,17,apr,218,4,329,2,other,0
4712,31,blue-collar,single,secondary,yes,-575,yes,no,unknown,2,jun,153,9,-1,0,unknown,0
7543,33,services,single,secondary,no,406,yes,no,cellular,5,feb,61,1,275,1,failure,0
1608,50,management,married,tertiary,no,-516,yes,no,unknown,15,may,226,2,-1,0,unknown,0
882,37,management,married,secondary,no,80,no,no,cellular,27,aug,155,3,-1,0,unknown,0
3940,39,self-employed,single,tertiary,no,426,no,no,unknown,18,jun,1029,1,-1,0,unknown,1
4959,42,technician,single,unknown,no,11115,no,no,cellular,10,aug,187,1,102,1,success,1
2971,39,management,married,tertiary,no,351,yes,no,unknown,20,may,999,3,-1,0,unknown,0
5902,29,technician,married,tertiary,no,1489,yes,no,unknown,28,may,430,1,-1,0,unknown,0
7517,58,management,married,secondary,no,-382,no,no,cellular,31,jul,644,12,-1,0,unknown,1
230,28,services,single,secondary,no,373,yes,no,cellular,18,may,115,2,-1,0,unknown,0
2275,44,services,single,secondary,no,618,no,no,cellular,12,may,193,1,-1,0,unknown,1
3391,29,blue-collar,married,secondary,no,339,yes,no,cellular,15,may,63,3,354,2,failure,0
503,60,services,single,primary,no,313,yes,no,unknown,15,may,920,2,-1,0,unknown,1
902,35,entrepreneur,married,tertiary,no,1859,yes,no,cellular,14,jul,227,2,-1,0,unknown,0
3293,49,blue-collar,single,primary,no,566,yes,no,cellular,25,jul,979,2,-1,0,unknown,1
11119,28,blue-collar,married,secondary,no,1137,no,no,cellular,6,feb,129,4,211,3,other,0
7937,40,blue-collar,married,secondary,no,1844,yes,no,cellular,11,may,231,1,-1,0,unknown,0
345,29,technician,single,secondary,no,1612,yes,no,unknown,26,may,375,2,-1,0,unknown,0
4938,35,management,single,tertiary,no,1618,yes,yes,cellular,7,may,542,1,-1,0,unknown,1
8180,50,blue-collar,divorced,secondary,no,203,yes,no,telephone,19,nov,265,1,127,4,other,0
922,57,admin.,married,unknown,no,0,yes,no,unknown,15,may,215,2,-1,0,unknown,0
5900,47,retired,married,secondary,no,-71,yes,no,cellular,11,aug,293,5,-1,0,unknown,0
6593,40,technician,single,tertiary,no,1646,yes,no,cellular,2,feb,215,1,242,2,failure,1
881,34,management,married,tertiary,no,828,no,yes,cellular,11,aug,1080,3,-1,0,unknown,1
10658,38,management,married,tertiary,no,238,no,no,cellular,4,aug,139,1,92,3,failure,1
7752,59,housemaid,divorced,tertiary,no,0,no,no,cellular,20,apr,379,1,332,2,other,0
11136,30,blue-collar,married,secondary,no,0,yes,no,unknown,26,may,30,1,-1,0,unknown,0
5503,58,management,divorced,tertiary,no,372,no,yes,unknown,29,oct,11,1,-1,0,unknown,1
10377,36,unemployed,married,tertiary,no,154,no,no,cellular,26,aug,556,7,-1,0,unknown,1
1668,31,blue-collar,married,secondary,no,136,no,no,cellular,12,may,228,2,267,1,failure,1
2026,53,admin.,divorced,unknown,no,257,no,no,cellular,11,jul,1310,2,-1,0,unknown,1
10595,23,student,single,secondary,no,794,no,no,cellular,26,jul,607,3,171,3,other,1
9507,38,blue-collar,divorced,primary,no,0,yes,no,cellular,13,may,531,2,-1,0,unknown,1
4956,58,housemaid,married,primary,no,237,no,no,telephone,18,jul,200,3,-1,0,unknown,0
1611,49,admin.,married,secondary,no,0,no,no,cellular,1,jun,1460,1,-1,0,unknown,1
688,83,retired,divorced,primary,no,46,no,no,cellular,25,mar,115,1,-1,0,unknown,1
3115,28,self-employed,single,tertiary,no,1579,no,no,cellular,14,oct,122,3,-1,0,unknown,0
130,55,retired,married,primary,no,2,no,no,unknown,27,jun,392,4,-1,0,unknown,0
3880,36,technician,married,tertiary,no,911,yes,yes,cellular,4,may,275,3,-1,0,unknown,0
6487,40,admin.,single,tertiary,no,1005,yes,no,cellular,21,jul,449,1,-1,0,unknown,0
4980,40,blue-collar,married,unknown,no,1181,yes,no,cellular,4,feb,718,2,189,2,success,1
10973,41,technician,married,tertiary,no,0,no,no,unknown,20,jun,95,1,-1,0,unknown,0
41,27,admin.,married,secondary,no,1595,no,no,cellular,29,dec,196,2,197,2,success,1
851,34,blue-collar,single,secondary,no,1759,no,yes,cellular,25,jul,695,1,-1,0,unknown,1
10456,53,technician,married,tertiary,no,2557,no,no,cellular,29,jul,95,4,182,7,success,0
3456,79,retired,married,primary,no,3025,no,no,cellular,11,dec,166,3,126,3,other,1
6948,41,blue-collar,married,secondary,yes,720,no,yes,cellular,24,jul,651,1,-1,0,unknown,1
673,29,management,single,tertiary,no,3846,no,no,cellular,3,jun,313,2,-1,0,unknown,1
9826,33,management,single,tertiary,no,1240,yes,no,cellular,4,feb,505,2,260,1,other,0
7844,34,housemaid,single,primary,no,443,no,no,cellular,30,jan,10,1,2,1,other,0
4026,36,housemaid,married,primary,no,622,no,no,unknown,20,jun,55,5,-1,0,unknown,0
9494,60,blue-collar,married,primary,no,228,yes,no,unknown,28,may,249,11,-1,0,unknown,0
1687,54,retired,married,primary,no,11,yes,yes,cellular,18,aug,48,10,-1,0,unknown,0
3040,32,management,married,tertiary,no,26,no,no,cellular,22,aug,222,6,-1,0,unknown,0
2619,34,technician,single,tertiary,no,992,yes,no,cellular,5,feb,71,2,-1,0,unknown,1
7466,55,management,married,tertiary,no,16786,no,no,cellular,18,nov,90,1,-1,0,unknown,0
2401,40,unemployed,single,tertiary,no,79,no,no,cellular,15,oct,570,1,135,1,failure,1
8553,36,admin.,single,secondary,no,10041,yes,no,cellular,20,nov,91,2,184,1,other,0
6922,57,admin.,married,primary,no,215,yes,yes,cellular,17,jul,210,2,-1,0,unknown,0
2148,50,entrepreneur,married,secondary,no,2731,no,no,cellular,8,aug,111,2,-1,0,unknown,0
527,37,housemaid,single,secondary,no,465,yes,no,cellular,18,may,899,3,-1,0,unknown,1
637,45,unemployed,divorced,primary,yes,11,no,no,cellular,13,aug,489,5,-1,0,unknown,1
7887,61,admin.,married,secondary,no,1046,yes,no,cellular,21,aug,158,1,-1,0,unknown,1
9991,30,management,single,tertiary,no,697,no,no,cellular,28,apr,545,2,181,8,success,1
1061,19,student,single,secondary,no,329,no,no,cellular,30,apr,169,1,190,2,success,1
6206,49,entrepreneur,married,tertiary,no,4976,yes,no,cellular,21,nov,105,1,-1,0,unknown,0
2631,43,unemployed,married,primary,no,519,no,no,unknown,20,jun,973,2,-1,0,unknown,1
2744,41,management,married,tertiary,no,-29,no,no,cellular,29,jan,41,2,266,2,failure,0
7838,56,self-employed,married,tertiary,yes,0,no,no,cellular,19,nov,122,1,-1,0,unknown,0
9515,45,blue-collar,single,primary,no,999,no,no,cellular,29,jan,182,2,-1,0,unknown,0
3937,28,services,single,secondary,no,168,no,no,cellular,12,jan,387,1,194,1,other,1
6021,41,admin.,single,secondary,no,1020,yes,no,unknown,19,may,882,1,-1,0,unknown,1
9671,78,retired,married,primary,no,8556,no,no,telephone,21,apr,137,2,-1,0,unknown,1
312,60,housemaid,married,primary,no,517,no,no,unknown,12,jun,1178,3,-1,0,unknown,0
7744,51,blue-collar,married,primary,no,201,yes,no,cellular,17,jul,582,2,-1,0,unknown,1
7381,49,management,married,tertiary,no,342,no,no,cellular,30,jan,433,2,228,1,failure,0
9388,38,self-employed,divorced,secondary,no,0,yes,no,cellular,20,apr,84,1,-1,0,unknown,0
7014,58,unemployed,single,tertiary,no,2094,no,no,cellular,1,jun,161,2,-1,0,unknown,0
464,27,management,single,tertiary,no,107,no,no,cellular,18,oct,767,3,-1,0,unknown,1
9247,44,entrepreneur,divorced,secondary,no,1,no,no,cellular,31,jul,388,4,-1,0,unknown,0
7488,32,management,married,secondary,no,0,no,no,cellular,20,aug,162,4,-1,0,unknown,0
4034,26,management,single,tertiary,no,1027,no,no,cellular,23,sep,744,1,-1,0,unknown,1
10882,33,management,married,tertiary,no,1778,no,no,cellular,12,feb,388,1,-1,0,unknown,1
3511,33,admin.,single,secondary,no,-15,no,no,telephone,12,may,326,3,350,2,failure,0
3641,69,retired,married,secondary,no,0,no,no,cellular,28,apr,184,2,126,2,other,1
8928,36,entrepreneur,married,secondary,no,2971,no,no,cellular,12,nov,247,1,97,8,failure,1
8447,36,management,single,tertiary,no,811,no,no,cellular,6,mar,229,1,-1,0,unknown,1
1,38,blue-collar,married,secondary,no,1627,no,no,unknown,16,jun,1323,9,-1,0,unknown,1
8630,40,blue-collar,married,primary,no,1206,no,yes,telephone,16,jul,201,5,-1,0,unknown,0
5624,29,management,married,tertiary,no,1441,yes,no,cellular,4,feb,80,2,-1,0,unknown,1
9923,39,admin.,single,secondary,no,0,no,yes,unknown,19,jun,142,1,-1,0,unknown,0
2806,56,management,married,tertiary,no,3120,yes,no,cellular,7,aug,666,2,-1,0,unknown,0
3187,25,blue-collar,single,primary,no,17,yes,no,unknown,13,may,97,2,-1,0,unknown,0
1913,30,blue-collar,single,secondary,no,0,yes,no,cellular,14,jul,768,2,-1,0,unknown,0
7384,53,entrepreneur,married,secondary,no,162,yes,no,cellular,7,may,270,2,-1,0,unknown,0
10560,41,technician,married,secondary,no,4004,no,no,cellular,17,apr,314,2,-1,0,unknown,1
5191,56,management,married,tertiary,no,0,no,yes,unknown,20,jun,422,1,-1,0,unknown,1
3673,58,management,married,tertiary,no,3768,yes,no,unknown,18,jun,316,1,-1,0,unknown,0
541,40,management,married,tertiary,no,0,no,no,cellular,10,nov,147,1,96,8,success,1
3431,27,services,married,secondary,no,0,yes,no,cellular,22,jul,1608,13,-1,0,unknown,1
240,36,technician,single,secondary,no,301,yes,yes,cellular,29,jul,367,1,-1,0,unknown,0
9206,31,technician,single,secondary,no,40,no,no,cellular,7,aug,123,2,-1,0,unknown,0
10950,31,services,single,secondary,no,181,no,no,cellular,30,apr,325,1,-1,0,unknown,1
9423,50,technician,single,secondary,no,-97,yes,no,cellular,8,apr,425,1,306,2,failure,0
10249,31,technician,single,secondary,no,137,no,no,cellular,27,aug,27,14,-1,0,unknown,0
8304,35,management,divorced,tertiary,no,0,yes,no,telephone,29,oct,171,1,-1,0,unknown,1
1333,45,management,married,tertiary,no,547,no,no,cellular,2,feb,577,1,-1,0,unknown,1
7013,52,blue-collar,married,primary,no,117,no,yes,cellular,24,jul,164,2,-1,0,unknown,0
5103,40,blue-collar,divorced,secondary,no,0,yes,no,unknown,6,may,121,2,-1,0,unknown,0
2249,35,services,married,secondary,no,437,yes,no,unknown,26,may,240,1,-1,0,unknown,0
5036,31,technician,single,tertiary,no,967,no,no,cellular,21,nov,210,3,-1,0,unknown,0
10046,54,management,married,secondary,no,2895,yes,no,cellular,9,feb,20,2,256,1,failure,0
2870,57,retired,divorced,primary,no,63,no,yes,cellular,25,jul,1448,17,-1,0,unknown,1
9869,35,management,married,tertiary,no,36,no,yes,cellular,16,jul,1656,5,-1,0,unknown,1
4897,45,blue-collar,single,tertiary,no,-243,no,yes,cellular,8,jul,171,2,-1,0,unknown,0
1334,24,student,single,secondary,no,387,no,no,telephone,4,may,340,8,-1,0,unknown,1
2528,26,technician,married,secondary,no,267,yes,no,cellular,28,jul,817,2,-1,0,unknown,1
5960,47,management,single,tertiary,no,86,no,no,cellular,5,aug,253,1,97,4,success,1
10699,25,student,single,tertiary,no,326,no,no,cellular,26,may,390,1,-1,0,unknown,1
1101,32,technician,single,tertiary,no,5514,no,no,telephone,22,oct,181,1,-1,0,unknown,1
10874,28,self-employed,single,tertiary,no,442,no,no,cellular,19,jun,474,3,95,3,other,1
10942,41,student,single,secondary,no,1934,yes,no,cellular,21,nov,162,2,-1,0,unknown,0
4275,50,blue-collar,married,primary,no,383,no,no,telephone,2,oct,382,2,-1,0,unknown,0
956,31,management,single,tertiary,no,1675,no,no,cellular,2,sep,114,2,363,1,failure,0
6648,46,services,married,secondary,no,4,no,no,cellular,30,apr,268,1,261,5,other,1
6577,39,blue-collar,married,secondary,no,1382,yes,no,cellular,11,feb,397,2,-1,0,unknown,1
8453,35,management,single,tertiary,no,1599,yes,yes,cellular,13,apr,407,1,-1,0,unknown,1
6325,65,unknown,married,unknown,no,4717,no,no,telephone,6,aug,256,1,-1,0,unknown,1
3367,28,blue-collar,married,secondary,no,1020,yes,no,unknown,28,may,251,1,-1,0,unknown,0
10277,35,blue-collar,married,primary,no,994,yes,no,unknown,23,may,1349,8,-1,0,unknown,1
2592,65,retired,married,tertiary,no,2416,no,no,cellular,17,feb,221,2,-1,0,unknown,1
675,42,technician,single,tertiary,no,-411,yes,no,cellular,24,jul,212,3,-1,0,unknown,0
2632,38,technician,divorced,secondary,no,631,yes,no,cellular,25,aug,343,2,-1,0,unknown,0
1933,37,technician,married,secondary,no,3720,yes,no,cellular,28,jan,561,1,-1,0,unknown,0
993,37,technician,married,secondary,no,432,yes,no,cellular,6,jul,386,3,776,55,failure,1
2338,50,blue-collar,single,primary,no,1743,yes,no,unknown,6,jun,49,5,-1,0,unknown,0
5925,29,management,single,tertiary,no,5359,no,no,cellular,18,feb,147,1,-1,0,unknown,1
6307,37,management,married,tertiary,no,238,no,no,cellular,3,nov,149,1,-1,0,unknown,1
10395,58,admin.,married,secondary,no,1813,yes,no,telephone,17,jul,15,1,-1,0,unknown,0
2007,51,management,married,tertiary,no,385,no,no,cellular,11,aug,39,2,-1,0,unknown,0
6012,55,entrepreneur,divorced,primary,no,29,no,no,unknown,16,jun,500,1,-1,0,unknown,0
7781,34,management,married,tertiary,no,3402,no,no,cellular,3,jun,88,2,-1,0,unknown,0
2240,48,admin.,married,secondary,no,368,no,no,cellular,8,oct,363,2,140,7,success,1
6915,40,blue-collar,married,primary,no,332,yes,no,cellular,12,may,339,2,369,3,failure,0
1940,52,management,married,tertiary,no,-970,yes,no,cellular,4,feb,489,1,-1,0,unknown,1
820,30,management,single,tertiary,no,502,no,yes,cellular,18,jul,572,1,-1,0,unknown,1
3390,36,admin.,married,tertiary,no,211,yes,no,unknown,5,may,146,2,-1,0,unknown,0
6038,31,management,married,tertiary,no,83,no,no,cellular,29,jan,300,1,-1,0,unknown,0
1665,32,technician,single,secondary,no,28,yes,no,cellular,18,nov,368,1,-1,0,unknown,0
6518,39,admin.,divorced,secondary,no,112,no,no,cellular,16,sep,574,3,-1,0,unknown,1
866,47,technician,married,secondary,no,3466,yes,no,cellular,11,jul,853,2,-1,0,unknown,1
11121,30,admin.,single,secondary,no,265,yes,no,cellular,25,may,681,1,181,2,success,1
2482,37,technician,married,tertiary,yes,0,yes,no,unknown,14,may,93,14,-1,0,unknown,0
7674,46,blue-collar,married,primary,no,-44,no,yes,telephone,22,aug,16,13,-1,0,unknown,0
8444,25,admin.,single,secondary,no,285,no,no,cellular,3,jul,658,3,-1,0,unknown,1
6044,41,services,married,unknown,yes,-1,no,yes,cellular,30,jul,1171,4,-1,0,unknown,1
8976,40,technician,married,secondary,no,-28,yes,yes,unknown,30,may,289,2,-1,0,unknown,0
3832,28,admin.,single,secondary,no,0,yes,yes,cellular,18,may,390,5,-1,0,unknown,1
9337,44,management,married,tertiary,no,22,yes,no,cellular,6,aug,265,2,-1,0,unknown,0
5408,48,technician,married,secondary,no,197,no,yes,cellular,3,feb,47,2,222,3,other,0
4673,57,admin.,married,unknown,no,1401,no,no,cellular,21,aug,91,22,-1,0,unknown,0
9459,79,retired,married,secondary,no,668,no,no,telephone,2,jul,363,1,-1,0,unknown,1
10702,25,technician,single,secondary,no,139,no,yes,cellular,12,oct,138,1,-1,0,unknown,1
3032,33,entrepreneur,single,tertiary,no,1623,yes,no,cellular,2,sep,291,3,-1,0,unknown,1
602,39,admin.,married,tertiary,no,1108,no,no,cellular,21,apr,204,1,-1,0,unknown,1
2675,58,self-employed,married,secondary,no,0,yes,no,unknown,15,may,272,9,-1,0,unknown,0
4170,72,retired,married,primary,no,4657,no,no,cellular,22,dec,305,3,309,5,success,1
2475,26,blue-collar,single,secondary,yes,-36,yes,no,unknown,3,jun,482,2,-1,0,unknown,1
9672,48,management,married,tertiary,no,190,no,no,cellular,25,aug,14,22,-1,0,unknown,0
4786,50,admin.,single,secondary,no,3702,no,no,cellular,16,oct,109,5,-1,0,unknown,0
5010,42,self-employed,married,primary,no,3717,no,no,unknown,20,jun,235,1,-1,0,unknown,0
1644,30,services,married,secondary,no,0,yes,no,cellular,21,nov,681,4,-1,0,unknown,1
8352,37,unemployed,married,tertiary,no,7620,no,no,telephone,23,feb,367,1,176,6,failure,1
2405,63,technician,married,secondary,no,896,yes,no,cellular,14,aug,276,2,-1,0,unknown,1
10201,39,admin.,married,secondary,no,732,no,no,cellular,23,apr,522,4,-1,0,unknown,1
2257,44,services,married,primary,no,2557,yes,no,cellular,14,apr,250,1,181,8,success,1
6829,55,management,married,tertiary,no,23189,yes,no,unknown,14,may,77,1,-1,0,unknown,0
980,44,blue-collar,married,primary,no,1265,yes,no,cellular,16,jul,555,1,-1,0,unknown,1
9980,46,management,divorced,tertiary,no,461,no,no,cellular,30,dec,369,2,-1,0,unknown,1
4777,38,management,single,tertiary,no,427,yes,no,cellular,18,nov,253,1,182,1,failure,0
9179,44,management,married,tertiary,no,2383,no,no,cellular,1,jul,571,2,-1,0,unknown,1
4047,41,admin.,divorced,secondary,no,6046,yes,yes,telephone,14,sep,185,2,-1,0,unknown,1
7802,29,management,married,tertiary,no,8103,no,no,cellular,28,may,473,3,-1,0,unknown,1
8877,47,blue-collar,married,secondary,no,1230,yes,no,cellular,30,apr,412,1,169,1,success,1
7103,37,blue-collar,married,primary,no,178,yes,yes,unknown,9,jun,72,1,-1,0,unknown,0
7753,46,entrepreneur,divorced,secondary,no,-563,no,yes,cellular,15,jul,769,4,-1,0,unknown,1
9823,33,services,married,secondary,no,403,yes,no,unknown,20,may,274,2,-1,0,unknown,0
117,25,student,single,secondary,no,348,no,no,cellular,10,aug,245,1,-1,0,unknown,1
6694,30,management,single,tertiary,no,0,no,no,cellular,18,aug,124,3,-1,0,unknown,0
4180,28,blue-collar,married,primary,no,674,yes,no,telephone,14,may,921,4,-1,0,unknown,0
6426,47,unemployed,single,secondary,no,4819,no,no,cellular,18,nov,144,1,-1,0,unknown,0
4196,30,management,married,tertiary,no,1567,yes,no,cellular,12,aug,1133,4,-1,0,unknown,1
4844,36,services,married,secondary,no,3740,yes,no,cellular,7,apr,254,1,-1,0,unknown,0
3604,51,services,divorced,secondary,no,65,no,yes,cellular,15,jul,881,1,-1,0,unknown,1
886,60,services,married,tertiary,no,4256,yes,no,cellular,16,nov,200,1,92,4,success,1
7266,60,retired,divorced,secondary,no,1,no,no,cellular,19,feb,302,1,184,1,success,1
1029,32,services,married,secondary,no,1844,yes,yes,cellular,3,feb,158,4,201,6,failure,0
3700,35,services,single,secondary,no,1742,yes,no,cellular,31,jul,39,2,-1,0,unknown,0
5970,39,management,married,tertiary,no,710,yes,no,cellular,11,jul,211,2,-1,0,unknown,0
10517,44,self-employed,married,tertiary,no,1196,no,no,cellular,20,aug,552,5,-1,0,unknown,1
626,31,technician,single,secondary,no,354,no,yes,cellular,22,aug,186,2,-1,0,unknown,0
584,30,admin.,single,tertiary,no,305,no,no,cellular,30,apr,633,1,85,2,success,1
8566,46,services,divorced,unknown,no,3390,no,no,unknown,20,jun,152,3,-1,0,unknown,0
7453,28,management,single,tertiary,no,6784,no,no,cellular,1,oct,502,1,115,3,other,1
7172,43,management,married,tertiary,no,0,no,no,cellular,14,jul,1153,3,-1,0,unknown,1
10795,42,management,single,tertiary,no,11891,no,no,cellular,6,apr,158,1,-1,0,unknown,1
9052,45,technician,married,secondary,no,2403,no,no,cellular,21,nov,207,1,-1,0,unknown,0
5989,28,management,single,tertiary,no,385,no,yes,cellular,9,feb,79,4,193,7,failure,0
6666,34,blue-collar,single,primary,no,505,yes,no,unknown,13,may,351,1,-1,0,unknown,0
3808,47,blue-collar,married,primary,no,-245,yes,yes,unknown,12,jun,67,4,-1,0,unknown,0
8089,39,services,divorced,secondary,no,1957,yes,yes,cellular,20,nov,47,1,-1,0,unknown,0
6963,57,admin.,divorced,secondary,no,3100,no,yes,cellular,29,jul,165,2,-1,0,unknown,0
4285,24,student,single,secondary,no,8165,no,no,cellular,15,sep,216,1,-1,0,unknown,1
5527,28,student,single,tertiary,no,221,yes,no,cellular,15,may,176,1,-1,0,unknown,0
10199,32,management,married,tertiary,no,8929,no,no,cellular,11,mar,126,1,-1,0,unknown,1
10466,37,services,divorced,secondary,no,239,yes,no,unknown,23,may,140,2,-1,0,unknown,0
4651,30,services,single,secondary,no,-143,yes,no,cellular,15,may,85,1,-1,0,unknown,0
10067,36,unemployed,married,secondary,no,-35,no,no,cellular,30,jan,339,3,-1,0,unknown,0
3181,41,technician,married,secondary,no,2152,no,no,cellular,30,sep,134,1,121,1,other,0
5393,33,blue-collar,married,primary,no,5,yes,no,cellular,17,apr,1007,2,-1,0,unknown,1
3085,41,unknown,single,unknown,no,942,no,no,cellular,22,apr,219,1,-1,0,unknown,1
5729,28,technician,married,secondary,no,880,yes,no,unknown,26,may,188,1,-1,0,unknown,0
9233,40,management,married,tertiary,no,2763,yes,no,cellular,2,jul,566,1,395,2,success,1
1645,33,admin.,single,secondary,no,315,yes,yes,cellular,14,may,888,3,-1,0,unknown,1
3064,53,technician,married,secondary,no,195,yes,no,cellular,19,may,472,1,90,6,success,1
4560,38,admin.,single,secondary,no,4023,no,no,unknown,11,jun,339,2,-1,0,unknown,0
2182,29,management,single,tertiary,no,265,no,no,cellular,24,aug,130,2,94,1,success,1
8856,26,admin.,married,secondary,no,3415,no,no,cellular,8,apr,209,1,-1,0,unknown,1
67,80,retired,married,secondary,no,8304,no,no,telephone,8,sep,606,3,91,13,success,1
9012,27,blue-collar,single,secondary,no,484,yes,no,cellular,15,apr,309,2,-1,0,unknown,0
8438,40,blue-collar,married,primary,no,-35,yes,no,cellular,18,may,194,3,-1,0,unknown,0
6439,46,blue-collar,married,primary,no,-271,yes,no,cellular,25,jul,65,2,-1,0,unknown,0
10687,51,self-employed,single,secondary,no,0,no,no,cellular,29,oct,1707,2,-1,0,unknown,1
7818,33,management,married,tertiary,no,1047,no,no,cellular,8,aug,512,4,-1,0,unknown,1
589,41,blue-collar,married,secondary,no,598,yes,no,cellular,12,may,69,3,364,11,failure,0
4796,67,retired,divorced,secondary,no,704,no,no,cellular,8,feb,186,2,97,1,success,1
4405,46,blue-collar,married,secondary,no,4707,yes,no,unknown,23,may,93,8,-1,0,unknown,0
4108,39,technician,single,secondary,no,1104,no,no,cellular,7,aug,395,2,-1,0,unknown,1
8124,39,technician,married,secondary,no,1587,yes,no,cellular,8,sep,108,2,98,3,success,1
5986,31,management,single,tertiary,no,98,no,no,cellular,11,aug,69,2,-1,0,unknown,0
6043,33,technician,married,tertiary,no,599,yes,no,cellular,29,aug,461,2,-1,0,unknown,0
10742,42,blue-collar,married,secondary,no,879,yes,no,cellular,18,nov,140,1,-1,0,unknown,0
6014,59,blue-collar,divorced,secondary,no,0,no,yes,cellular,15,jul,237,4,-1,0,unknown,0
6849,36,technician,single,secondary,no,539,yes,no,cellular,27,aug,398,2,477,1,failure,1
6778,43,management,married,tertiary,no,0,yes,no,cellular,5,feb,280,2,-1,0,unknown,0
6869,30,management,single,tertiary,no,115,no,no,cellular,12,aug,154,2,-1,0,unknown,0
1475,28,technician,single,tertiary,no,1628,yes,no,cellular,25,jul,1422,2,-1,0,unknown,1
3466,57,retired,married,secondary,no,168,no,no,cellular,7,aug,342,1,-1,0,unknown,1
8606,51,management,married,tertiary,no,3463,no,yes,cellular,13,jul,371,2,166,3,other,1
7714,59,management,divorced,tertiary,no,258,yes,no,cellular,20,apr,33,1,173,1,success,0
10075,47,technician,married,secondary,no,1167,yes,no,cellular,30,apr,968,1,87,5,failure,1
7230,82,retired,married,primary,no,243,no,no,cellular,26,jul,275,1,180,2,success,1
683,19,student,single,primary,no,103,no,no,cellular,10,jul,104,2,-1,0,unknown,1
1171,57,technician,divorced,secondary,no,3105,yes,no,unknown,14,may,173,11,-1,0,unknown,0
4729,48,housemaid,married,secondary,no,0,no,no,cellular,28,may,270,5,-1,0,unknown,1
4393,30,admin.,single,secondary,no,-36,no,no,cellular,16,jul,561,9,-1,0,unknown,1
5538,32,admin.,married,secondary,no,0,no,no,unknown,23,may,206,3,-1,0,unknown,0
7065,47,management,single,tertiary,no,4402,no,no,telephone,10,dec,805,1,190,1,other,1
4784,43,admin.,single,secondary,no,6,no,no,unknown,16,may,244,1,-1,0,unknown,0
4240,37,unemployed,single,tertiary,no,1316,yes,no,cellular,10,mar,350,2,112,3,failure,1
3065,54,entrepreneur,divorced,tertiary,no,5784,no,no,cellular,21,nov,75,5,-1,0,unknown,0
10638,32,self-employed,married,secondary,no,67,no,no,cellular,5,aug,153,1,-1,0,unknown,0
5133,52,technician,married,secondary,no,386,no,no,cellular,20,apr,438,1,-1,0,unknown,1
9899,37,blue-collar,married,primary,no,240,yes,no,cellular,11,may,259,1,370,2,other,0
11082,32,blue-collar,married,secondary,no,254,yes,no,cellular,19,nov,1720,3,-1,0,unknown,1
6724,40,technician,married,tertiary,no,206,no,no,cellular,23,apr,499,6,185,4,success,1
10042,29,self-employed,single,secondary,no,970,yes,no,cellular,13,may,240,1,-1,0,unknown,0
280,50,blue-collar,divorced,primary,no,15,yes,no,cellular,12,may,173,2,350,7,failure,0
10364,53,unknown,married,primary,no,732,no,no,cellular,27,oct,759,2,-1,0,unknown,1
2533,57,blue-collar,married,primary,no,23,yes,no,telephone,31,jul,25,8,-1,0,unknown,0
4299,51,retired,married,primary,no,67,no,no,unknown,18,jun,835,1,-1,0,unknown,1
9965,46,unknown,married,unknown,no,2911,no,no,telephone,7,jul,41,9,-1,0,unknown,0
6025,75,retired,divorced,primary,no,37127,no,no,cellular,11,feb,505,1,-1,0,unknown,0
6300,57,blue-collar,married,primary,no,0,no,no,unknown,9,jun,73,2,-1,0,unknown,0
10868,35,unemployed,single,tertiary,no,415,no,no,cellular,4,may,164,2,89,2,success,1
8419,38,housemaid,married,secondary,no,110,no,no,cellular,25,may,167,1,-1,0,unknown,0
1375,29,blue-collar,married,secondary,no,3310,no,no,cellular,1,sep,367,1,91,4,failure,0
6937,34,services,married,secondary,no,-538,yes,no,unknown,26,may,682,1,-1,0,unknown,1
6071,47,technician,single,secondary,no,736,no,no,cellular,29,jul,212,2,-1,0,unknown,0
6452,57,blue-collar,married,unknown,no,3585,no,no,telephone,14,nov,172,1,-1,0,unknown,1
5662,26,admin.,married,secondary,no,714,yes,no,unknown,28,may,183,1,-1,0,unknown,0
2384,30,management,single,tertiary,no,168,no,no,cellular,27,aug,35,13,-1,0,unknown,0
9471,31,blue-collar,single,secondary,no,609,yes,no,cellular,14,apr,1126,1,335,1,failure,0
3743,45,unemployed,married,secondary,no,2040,no,no,telephone,2,feb,803,1,-1,0,unknown,1
2154,28,blue-collar,single,secondary,no,1348,yes,no,cellular,6,aug,221,2,-1,0,unknown,1
1482,52,technician,divorced,secondary,no,152,no,no,cellular,13,aug,404,6,-1,0,unknown,1
8810,39,management,divorced,tertiary,no,224,no,no,cellular,5,apr,208,1,-1,0,unknown,1
3144,60,retired,divorced,tertiary,no,979,yes,no,cellular,15,jul,346,1,181,4,success,1
3714,39,technician,single,tertiary,no,393,no,no,cellular,28,jun,325,1,94,1,success,1
3767,34,technician,single,secondary,no,666,no,no,cellular,21,aug,1503,2,-1,0,unknown,1
7788,52,technician,married,secondary,no,117,no,no,cellular,26,feb,959,3,186,6,success,1
10430,32,management,single,tertiary,no,1966,no,no,cellular,18,aug,176,3,-1,0,unknown,0
5533,60,retired,married,secondary,no,975,no,no,cellular,16,sep,303,1,792,1,failure,1
5071,35,blue-collar,married,secondary,no,257,yes,no,cellular,14,may,186,1,-1,0,unknown,0
11072,39,management,married,tertiary,no,-17,yes,yes,cellular,28,aug,908,1,-1,0,unknown,1
6408,61,technician,divorced,secondary,no,6481,no,no,cellular,19,oct,131,1,-1,0,unknown,1
6977,25,blue-collar,single,secondary,no,217,yes,no,cellular,18,may,504,1,-1,0,unknown,1
30,35,blue-collar,married,primary,no,102,yes,no,unknown,20,may,1334,1,-1,0,unknown,1
1664,33,blue-collar,single,primary,no,557,yes,no,cellular,17,apr,91,2,331,2,failure,0
1366,55,technician,married,secondary,no,276,yes,no,unknown,12,may,486,1,-1,0,unknown,0
7259,28,blue-collar,single,secondary,no,643,no,no,cellular,3,jul,308,2,-1,0,unknown,1
9736,36,management,single,tertiary,no,2944,no,no,cellular,18,aug,882,8,-1,0,unknown,1
6497,56,services,married,unknown,no,616,no,no,unknown,18,jun,1812,1,-1,0,unknown,0
3464,35,self-employed,single,tertiary,no,71,no,no,cellular,15,jun,651,1,-1,0,unknown,1
7430,43,services,married,tertiary,no,519,yes,no,cellular,18,may,715,6,-1,0,unknown,0
5096,30,technician,married,secondary,no,450,no,yes,cellular,14,jul,72,4,-1,0,unknown,0
6356,52,unemployed,married,secondary,no,94,no,no,cellular,10,feb,153,1,92,13,success,1
3017,32,management,single,tertiary,no,10281,no,no,cellular,22,apr,400,1,-1,0,unknown,1
8216,37,technician,single,secondary,no,1211,yes,no,unknown,21,may,795,1,-1,0,unknown,1
10366,37,management,married,secondary,no,565,no,no,cellular,29,apr,449,1,398,1,success,1
355,46,management,married,tertiary,no,7331,no,no,cellular,11,sep,658,4,95,2,other,1
9678,22,student,single,primary,no,3472,no,no,cellular,20,oct,332,1,183,3,failure,1
11009,46,admin.,married,secondary,no,1264,no,no,telephone,28,jan,100,2,-1,0,unknown,0
92,26,blue-collar,single,secondary,no,428,no,yes,cellular,7,jul,575,1,-1,0,unknown,0
7853,34,management,married,tertiary,no,589,no,no,cellular,1,sep,300,1,44,3,other,1
1472,52,admin.,married,primary,no,204,no,no,cellular,19,aug,123,2,-1,0,unknown,0
7236,53,blue-collar,married,secondary,no,208,no,no,unknown,20,jun,333,15,-1,0,unknown,0
7928,26,blue-collar,single,primary,no,-887,yes,no,cellular,18,may,827,2,-1,0,unknown,1
9047,51,technician,married,secondary,no,2937,no,no,telephone,21,nov,30,3,-1,0,unknown,0
853,35,blue-collar,married,unknown,no,1201,no,no,unknown,18,jun,537,1,-1,0,unknown,1
9216,33,management,single,tertiary,no,576,no,no,cellular,25,may,220,1,111,2,other,0
696,46,technician,married,secondary,no,1590,yes,no,cellular,15,jul,59,2,-1,0,unknown,0
829,37,management,divorced,tertiary,no,0,yes,no,cellular,11,may,217,6,-1,0,unknown,0
4812,38,entrepreneur,married,tertiary,no,1110,yes,no,cellular,20,nov,888,2,183,2,failure,1
4339,49,management,married,tertiary,no,2881,no,no,cellular,2,mar,120,3,-1,0,unknown,1
7070,31,entrepreneur,divorced,tertiary,no,0,yes,no,cellular,18,nov,164,1,-1,0,unknown,0
7976,48,self-employed,married,tertiary,no,0,no,no,cellular,29,jan,1249,3,-1,0,unknown,1
3883,56,blue-collar,married,secondary,no,316,yes,no,unknown,19,may,27,1,-1,0,unknown,0
2880,32,technician,single,tertiary,no,720,no,no,cellular,12,aug,234,4,-1,0,unknown,0
57,32,management,married,tertiary,no,1270,no,no,cellular,19,aug,232,3,-1,0,unknown,1
10246,33,technician,married,secondary,no,183,no,no,cellular,16,jul,457,2,182,3,other,1
1362,37,entrepreneur,single,secondary,no,-22,yes,no,cellular,15,may,317,1,-1,0,unknown,1
7667,54,housemaid,married,primary,no,127,no,no,cellular,19,aug,176,4,-1,0,unknown,0
9689,29,technician,single,secondary,no,1395,yes,no,unknown,26,may,61,1,-1,0,unknown,0
7130,35,blue-collar,married,secondary,no,1160,no,yes,telephone,19,nov,62,1,-1,0,unknown,0
6796,51,management,married,tertiary,no,2635,no,no,cellular,21,may,407,3,74,5,failure,1
1989,48,blue-collar,married,primary,yes,-50,yes,no,cellular,14,may,212,6,-1,0,unknown,0
10653,26,technician,single,tertiary,no,192,yes,no,unknown,15,may,477,1,-1,0,unknown,0
8913,42,blue-collar,married,secondary,no,273,no,no,unknown,12,jun,315,1,-1,0,unknown,0
5127,26,student,single,tertiary,no,97,no,no,cellular,27,aug,382,1,-1,0,unknown,0
5069,49,technician,divorced,secondary,no,-236,yes,no,unknown,26,may,204,2,-1,0,unknown,0
6571,41,blue-collar,married,secondary,no,193,yes,no,unknown,29,may,130,1,-1,0,unknown,0
1718,50,self-employed,married,secondary,no,5312,no,no,cellular,23,jul,106,3,-1,0,unknown,0
1845,53,entrepreneur,married,secondary,no,288,no,no,unknown,6,may,69,1,-1,0,unknown,0
6908,56,management,married,primary,no,21,no,no,cellular,7,jul,118,1,-1,0,unknown,0
9141,32,admin.,married,secondary,no,366,no,no,cellular,14,jan,366,2,-1,0,unknown,1
10729,30,services,single,secondary,no,0,yes,no,cellular,7,jul,161,2,-1,0,unknown,0
4147,43,admin.,married,tertiary,no,189,yes,no,cellular,14,jul,1062,4,-1,0,unknown,1
664,42,blue-collar,single,secondary,no,625,no,no,unknown,19,jun,651,3,-1,0,unknown,1
774,58,self-employed,married,primary,no,1013,yes,no,cellular,11,aug,206,1,461,1,failure,1
6964,33,blue-collar,married,secondary,no,379,yes,yes,cellular,16,jun,263,2,-1,0,unknown,1
3291,39,admin.,married,secondary,no,-367,yes,no,cellular,16,apr,667,2,-1,0,unknown,0
207,60,management,married,tertiary,no,2281,no,no,cellular,5,feb,230,2,-1,0,unknown,1
3686,35,management,married,tertiary,no,1731,no,no,cellular,31,jul,361,4,-1,0,unknown,1
9400,25,student,single,secondary,no,469,no,no,cellular,24,feb,524,1,187,2,success,0
3213,33,blue-collar,married,secondary,no,285,no,yes,unknown,3,jul,267,1,-1,0,unknown,0
5811,30,management,single,tertiary,no,726,yes,no,cellular,16,apr,39,1,342,3,failure,0
1910,33,management,married,tertiary,no,32,no,no,cellular,29,aug,27,7,-1,0,unknown,0
4109,58,management,married,secondary,no,2155,no,yes,cellular,10,feb,135,2,92,5,success,1
9591,53,blue-collar,married,primary,yes,-462,no,no,cellular,29,jan,470,1,-1,0,unknown,1
10738,42,entrepreneur,married,unknown,no,206,yes,no,cellular,30,jul,695,2,-1,0,unknown,1
9023,39,admin.,single,unknown,no,0,yes,no,cellular,11,may,62,1,-1,0,unknown,0
11007,66,retired,married,secondary,no,2326,no,yes,cellular,18,feb,232,1,181,1,success,1
1625,38,services,married,secondary,no,934,yes,no,cellular,14,may,715,1,-1,0,unknown,1
2820,33,technician,married,secondary,no,399,yes,no,cellular,7,may,143,1,-1,0,unknown,0
2832,43,management,married,tertiary,no,3518,no,no,cellular,15,jun,181,2,-1,0,unknown,1
8833,54,management,married,tertiary,no,534,no,no,cellular,1,jun,177,2,-1,0,unknown,1
3732,20,student,single,secondary,no,130,no,no,telephone,4,may,75,3,-1,0,unknown,0
786,23,admin.,married,secondary,no,299,yes,no,unknown,19,jun,104,1,-1,0,unknown,0
739,20,student,single,unknown,no,2785,no,no,cellular,16,sep,327,2,-1,0,unknown,1
1444,49,blue-collar,married,primary,no,247,no,yes,cellular,22,jul,283,1,-1,0,unknown,0
6532,44,unemployed,divorced,tertiary,no,0,no,no,cellular,5,feb,1960,3,-1,0,unknown,1
1322,40,admin.,married,secondary,no,824,yes,no,cellular,17,apr,359,1,-1,0,unknown,0
7984,60,blue-collar,married,secondary,no,19447,yes,no,telephone,9,jul,196,1,-1,0,unknown,0
5873,65,retired,married,primary,no,1760,no,no,cellular,18,aug,855,4,-1,0,unknown,1
4188,55,technician,married,secondary,no,517,yes,yes,unknown,19,may,61,4,-1,0,unknown,0
6734,44,management,married,primary,no,294,no,no,cellular,16,apr,165,3,-1,0,unknown,1
8130,32,technician,single,tertiary,no,1625,no,no,cellular,22,may,796,1,109,1,failure,1
9397,36,admin.,married,unknown,no,991,no,no,cellular,14,jan,589,2,-1,0,unknown,1
4400,31,blue-collar,married,secondary,no,604,yes,no,cellular,18,nov,394,2,-1,0,unknown,0
5168,29,admin.,single,secondary,no,382,yes,no,unknown,12,may,460,1,-1,0,unknown,0
10355,46,technician,married,secondary,no,3,yes,yes,cellular,12,may,614,3,-1,0,unknown,1
10656,29,management,single,tertiary,no,765,no,no,cellular,16,nov,238,1,-1,0,unknown,1
8207,48,blue-collar,married,primary,no,492,no,yes,cellular,21,aug,139,2,-1,0,unknown,0
3889,24,blue-collar,single,primary,no,1033,yes,no,cellular,24,nov,283,1,-1,0,unknown,0
4481,40,management,married,tertiary,no,30,yes,no,cellular,28,jul,609,6,-1,0,unknown,0
4189,28,management,single,tertiary,no,334,yes,no,unknown,14,may,438,4,-1,0,unknown,0
2597,46,technician,divorced,secondary,no,-824,yes,no,cellular,7,aug,429,3,-1,0,unknown,1
1282,37,admin.,married,secondary,no,1110,yes,no,telephone,22,jul,802,11,-1,0,unknown,1
1402,45,services,divorced,secondary,no,396,yes,yes,cellular,1,apr,251,4,329,4,failure,0
11027,23,technician,single,secondary,no,598,no,no,cellular,30,apr,166,1,-1,0,unknown,0
3484,28,technician,single,tertiary,no,387,yes,no,cellular,20,apr,205,1,82,1,failure,1
10585,40,entrepreneur,single,secondary,no,5,no,yes,cellular,15,jul,117,3,-1,0,unknown,0
3966,33,technician,married,secondary,no,1234,no,no,telephone,9,nov,61,1,-1,0,unknown,0
4025,34,admin.,married,secondary,no,61,no,yes,unknown,5,may,21,1,-1,0,unknown,0
9958,30,services,single,tertiary,no,1788,no,no,cellular,4,aug,288,1,181,2,failure,1
412,29,technician,married,secondary,no,1180,yes,no,cellular,17,apr,367,3,323,3,failure,1
10641,41,blue-collar,married,secondary,no,1954,no,no,cellular,18,nov,65,1,110,2,success,0
4,35,technician,married,tertiary,no,1473,yes,no,unknown,12,may,84,3,-1,0,unknown,0
7491,76,retired,married,tertiary,no,2991,no,no,cellular,25,jan,195,1,95,2,success,0
5346,33,blue-collar,married,secondary,no,263,yes,no,unknown,21,may,206,3,-1,0,unknown,0
8917,67,retired,married,secondary,no,2048,no,no,cellular,16,sep,452,5,195,4,other,1
4906,51,retired,married,secondary,no,1435,no,no,unknown,11,jun,587,1,-1,0,unknown,1
5136,41,blue-collar,married,primary,no,219,no,yes,unknown,18,jun,1574,3,-1,0,unknown,1
10976,35,admin.,single,secondary,no,321,no,no,cellular,21,jul,143,1,412,3,other,1
1231,23,unemployed,single,primary,no,1003,no,no,telephone,27,nov,8,1,-1,0,unknown,1
8895,41,technician,married,secondary,no,0,no,no,cellular,29,aug,141,2,-1,0,unknown,0
3613,31,technician,single,secondary,no,1170,yes,no,unknown,2,jun,120,2,-1,0,unknown,0
4135,43,technician,single,unknown,no,11115,no,no,cellular,23,apr,291,1,182,3,success,1
3140,41,blue-collar,married,secondary,no,2039,yes,no,cellular,8,may,729,1,-1,0,unknown,1
6531,59,management,married,tertiary,no,5397,no,no,cellular,23,jun,671,3,-1,0,unknown,1
252,30,management,single,tertiary,no,3473,no,no,cellular,12,mar,1209,2,-1,0,unknown,1
7971,30,self-employed,married,tertiary,no,543,yes,yes,unknown,4,jun,1449,6,-1,0,unknown,1
2069,33,admin.,married,tertiary,no,69,no,yes,cellular,4,may,77,2,-1,0,unknown,0
4813,50,admin.,married,secondary,no,4855,no,no,cellular,5,aug,720,2,-1,0,unknown,1
4608,43,unknown,married,primary,no,0,yes,no,cellular,9,jul,132,1,-1,0,unknown,0
9068,37,self-employed,married,secondary,no,1549,yes,no,unknown,20,jun,161,7,-1,0,unknown,0
3186,60,blue-collar,divorced,secondary,no,0,yes,no,unknown,29,may,1207,1,-1,0,unknown,1
7349,31,technician,single,tertiary,no,1166,yes,no,unknown,3,jun,207,1,-1,0,unknown,0
8365,62,retired,divorced,tertiary,no,0,no,no,cellular,13,nov,227,2,-1,0,unknown,1
6791,56,management,divorced,tertiary,no,310,no,no,unknown,20,jun,75,4,-1,0,unknown,0
5180,55,management,married,tertiary,no,1161,yes,no,cellular,20,nov,8,6,-1,0,unknown,0
4942,56,retired,married,primary,no,9367,no,no,cellular,4,may,617,2,-1,0,unknown,1
5067,53,blue-collar,divorced,primary,no,4401,no,no,telephone,11,nov,241,1,92,1,success,1
2576,36,blue-collar,married,primary,no,2079,yes,yes,unknown,19,may,403,2,-1,0,unknown,0
3716,24,services,single,secondary,no,638,yes,yes,cellular,7,may,792,3,-1,0,unknown,1
5929,36,technician,married,secondary,no,1368,no,no,cellular,1,jun,516,1,292,5,failure,1
7204,48,management,single,secondary,no,1106,no,yes,cellular,8,jul,265,1,-1,0,unknown,0
5267,35,blue-collar,married,secondary,no,2200,yes,no,cellular,17,apr,14,1,-1,0,unknown,0
8967,35,technician,married,tertiary,no,6,yes,no,cellular,18,nov,47,1,-1,0,unknown,0
8780,36,self-employed,married,secondary,no,189,yes,no,cellular,22,jul,632,1,-1,0,unknown,0
237,48,management,divorced,tertiary,no,1401,yes,no,unknown,20,jun,72,3,-1,0,unknown,0
4577,25,management,single,tertiary,no,2506,no,no,cellular,17,feb,485,1,-1,0,unknown,1
4776,50,entrepreneur,married,tertiary,no,2410,no,no,cellular,21,nov,65,1,-1,0,unknown,0
8305,51,housemaid,married,primary,no,618,yes,yes,cellular,4,feb,69,1,-1,0,unknown,0
10755,36,management,single,tertiary,no,3850,yes,no,cellular,12,aug,239,2,100,4,failure,1
5554,42,technician,married,secondary,no,473,yes,no,cellular,7,jul,216,5,-1,0,unknown,0
8718,50,management,married,secondary,no,1165,no,no,cellular,16,jul,455,1,-1,0,unknown,1
10465,60,retired,married,primary,no,894,yes,no,unknown,15,may,65,7,-1,0,unknown,0
809,46,services,divorced,secondary,no,4329,no,no,cellular,21,nov,534,2,-1,0,unknown,1
8023,61,management,married,tertiary,no,997,no,no,cellular,22,jun,269,1,104,1,success,1
5212,34,management,divorced,tertiary,no,70,yes,no,unknown,22,jul,5,1,701,6,other,0
8267,56,management,married,tertiary,no,705,no,no,cellular,19,nov,164,2,-1,0,unknown,0
8710,36,management,married,tertiary,no,0,yes,no,unknown,27,may,145,2,-1,0,unknown,0
5147,61,retired,married,secondary,no,89,no,no,cellular,28,oct,154,1,181,2,failure,0
2715,58,management,divorced,secondary,no,10180,no,no,cellular,3,mar,180,2,-1,0,unknown,1
6595,42,entrepreneur,single,unknown,no,323,no,no,unknown,16,jun,617,1,-1,0,unknown,1
3564,32,management,single,tertiary,no,111,yes,no,unknown,8,may,162,2,-1,0,unknown,0
1389,32,services,divorced,secondary,no,4612,yes,no,cellular,24,jul,937,4,-1,0,unknown,0
5111,37,admin.,divorced,tertiary,no,4708,no,no,cellular,2,jun,238,1,181,2,success,1
4156,69,retired,married,primary,no,324,no,no,cellular,4,feb,136,4,-1,0,unknown,1
3350,34,technician,single,tertiary,no,925,yes,no,cellular,13,apr,709,1,-1,0,unknown,1
2614,58,admin.,married,secondary,no,2160,yes,yes,cellular,5,may,1090,1,-1,0,unknown,1
1965,41,management,married,tertiary,no,3872,no,no,cellular,15,oct,231,1,-1,0,unknown,0
6295,39,services,single,secondary,no,326,yes,no,unknown,27,may,115,1,-1,0,unknown,0
5178,55,blue-collar,married,secondary,no,196,no,no,cellular,21,aug,81,1,-1,0,unknown,1
1230,53,blue-collar,married,unknown,no,2509,no,no,telephone,22,may,231,2,-1,0,unknown,1
5227,29,admin.,divorced,secondary,no,504,yes,no,cellular,7,may,203,1,-1,0,unknown,0
7447,31,self-employed,married,tertiary,no,2666,no,no,cellular,10,nov,318,2,97,6,success,1
8828,43,technician,married,primary,no,4844,yes,no,cellular,19,nov,434,1,-1,0,unknown,0
5888,49,management,married,tertiary,no,22520,no,no,cellular,21,nov,579,9,-1,0,unknown,1
2729,27,services,single,secondary,no,-151,no,no,cellular,8,jul,283,2,-1,0,unknown,0
4935,41,admin.,single,secondary,no,90,yes,no,cellular,15,may,77,2,347,4,failure,0
9,26,student,single,tertiary,no,10086,no,no,cellular,8,jul,475,3,78,2,success,0
1769,40,blue-collar,divorced,primary,no,54,yes,no,cellular,13,may,10,5,362,3,other,0
7792,43,housemaid,single,primary,no,24,no,no,cellular,31,jul,35,2,-1,0,unknown,0
2776,61,retired,divorced,secondary,no,927,no,no,cellular,30,apr,427,3,-1,0,unknown,1
1205,40,admin.,married,tertiary,no,764,yes,no,unknown,17,nov,85,1,-1,0,unknown,1
1805,46,blue-collar,married,secondary,no,640,yes,no,cellular,6,may,246,1,55,5,success,1
10397,44,admin.,divorced,tertiary,no,558,yes,no,cellular,31,mar,262,2,-1,0,unknown,1
365,54,admin.,married,unknown,no,140,no,no,telephone,27,apr,473,2,182,2,failure,1
10,55,technician,married,secondary,no,0,no,no,cellular,27,jul,506,2,-1,0,unknown,0
4141,29,admin.,single,tertiary,no,514,no,no,cellular,2,feb,270,1,-1,0,unknown,0
3249,35,technician,married,secondary,no,2019,yes,yes,cellular,18,nov,83,2,144,1,failure,0
8966,40,technician,married,tertiary,no,1034,yes,no,cellular,18,may,368,2,-1,0,unknown,0
4672,33,admin.,married,secondary,no,0,yes,no,telephone,17,jul,1448,7,-1,0,unknown,1
4399,42,management,married,tertiary,no,372,yes,no,cellular,4,aug,153,3,1,2,success,1
3640,35,management,divorced,tertiary,no,141,no,yes,cellular,20,nov,728,1,-1,0,unknown,1
8694,51,admin.,single,secondary,no,1994,no,no,unknown,18,jun,771,2,-1,0,unknown,1
8195,38,services,married,secondary,no,797,yes,no,cellular,20,apr,62,4,-1,0,unknown,0
9151,43,technician,single,unknown,no,11115,no,no,cellular,23,oct,476,1,74,2,success,1
4291,48,admin.,married,secondary,no,2235,yes,yes,unknown,15,may,755,2,-1,0,unknown,0
10654,56,housemaid,single,tertiary,no,1947,no,no,unknown,30,mar,110,1,-1,0,unknown,1
9975,33,unemployed,single,tertiary,no,1974,no,no,cellular,14,aug,498,2,191,1,failure,1
4822,43,blue-collar,married,primary,no,953,yes,no,unknown,19,may,135,1,-1,0,unknown,0
5466,76,housemaid,divorced,primary,no,1411,no,no,telephone,19,oct,233,2,187,3,success,1
6966,38,unemployed,single,secondary,no,804,no,no,cellular,1,jun,1087,1,-1,0,unknown,1
6881,28,self-employed,single,tertiary,no,3290,no,no,cellular,5,jun,201,2,-1,0,unknown,1
145,55,unemployed,married,secondary,no,1436,yes,no,cellular,4,feb,969,2,-1,0,unknown,0
10238,42,management,single,tertiary,no,0,yes,yes,unknown,5,may,562,2,-1,0,unknown,1
4966,37,management,single,tertiary,no,455,yes,no,cellular,13,aug,904,6,-1,0,unknown,1
6526,34,admin.,single,secondary,no,846,yes,no,cellular,17,apr,758,2,-1,0,unknown,0
3698,38,management,married,tertiary,no,1617,yes,no,cellular,16,apr,691,1,-1,0,unknown,0
2089,42,blue-collar,married,secondary,no,351,yes,no,unknown,16,may,76,21,-1,0,unknown,0
9021,51,management,single,tertiary,no,297,yes,no,cellular,15,may,415,4,375,1,failure,1
1153,45,entrepreneur,married,secondary,no,242,no,yes,cellular,4,feb,510,1,198,4,failure,0
4950,41,management,divorced,secondary,no,0,no,no,cellular,6,aug,438,2,-1,0,unknown,0
10678,67,retired,divorced,primary,no,1746,no,no,cellular,5,aug,134,1,-1,0,unknown,0
8397,62,self-employed,married,tertiary,no,3685,no,no,cellular,3,feb,181,3,-1,0,unknown,0
4659,31,admin.,single,secondary,no,131,yes,no,cellular,15,jun,151,1,-1,0,unknown,1
4807,43,blue-collar,married,secondary,no,-312,yes,no,unknown,20,jun,26,11,-1,0,unknown,0
10116,23,student,single,secondary,no,431,no,no,cellular,15,feb,201,3,186,2,success,1
7809,20,student,single,secondary,no,153,no,no,unknown,21,jun,100,1,-1,0,unknown,1
8658,34,blue-collar,single,secondary,no,79,no,yes,cellular,20,nov,104,1,-1,0,unknown,0
4872,29,unknown,single,secondary,no,923,no,no,cellular,26,may,333,1,-1,0,unknown,0
10962,34,blue-collar,married,secondary,no,640,yes,no,cellular,29,apr,636,2,-1,0,unknown,1
11057,34,blue-collar,married,secondary,no,262,no,no,cellular,15,sep,89,2,106,1,success,1
5755,46,blue-collar,married,unknown,no,9328,yes,no,cellular,5,may,725,3,-1,0,unknown,1
625,57,blue-collar,single,primary,no,739,yes,no,cellular,14,may,172,2,364,1,failure,0
9208,43,management,divorced,tertiary,no,1133,yes,no,cellular,5,may,131,1,-1,0,unknown,0
8827,43,blue-collar,married,primary,no,18,yes,no,cellular,14,may,131,2,370,3,other,0
2352,53,technician,divorced,tertiary,no,2228,no,no,cellular,17,nov,890,1,-1,0,unknown,1
3447,56,services,divorced,secondary,no,191,no,no,cellular,23,jul,335,3,-1,0,unknown,0
7613,19,student,single,unknown,no,108,no,no,cellular,9,mar,273,2,182,1,success,1
8218,54,admin.,married,secondary,no,0,no,no,cellular,28,jan,161,1,98,2,failure,1
17,29,technician,single,secondary,no,113,no,no,cellular,12,feb,328,2,183,4,success,1
2638,51,services,married,secondary,no,7,yes,no,cellular,31,jul,8,30,-1,0,unknown,0
2967,26,technician,single,secondary,no,218,yes,no,unknown,27,may,436,1,-1,0,unknown,0
9603,32,self-employed,married,tertiary,no,102,no,no,cellular,22,aug,398,5,-1,0,unknown,0
5682,36,unemployed,married,secondary,no,1766,no,no,unknown,11,jun,595,2,-1,0,unknown,1
5550,26,technician,single,secondary,no,2002,no,no,cellular,29,jan,146,1,-1,0,unknown,1
6440,56,technician,single,secondary,no,3499,yes,no,unknown,29,may,248,3,-1,0,unknown,0
9630,28,services,single,secondary,no,340,yes,no,cellular,24,jul,821,2,-1,0,unknown,1
3030,29,management,single,secondary,no,703,yes,no,cellular,16,nov,236,1,550,2,success,1
8401,39,housemaid,married,primary,no,2460,no,no,cellular,11,jul,194,3,-1,0,unknown,0
10869,58,retired,married,secondary,no,35,no,no,cellular,29,jul,336,7,-1,0,unknown,0
4292,36,technician,single,secondary,no,2511,yes,no,cellular,16,apr,700,5,-1,0,unknown,1
5330,22,student,single,secondary,no,107,no,no,cellular,14,apr,125,1,-1,0,unknown,1
2411,40,unemployed,single,tertiary,no,7968,no,no,cellular,2,mar,263,2,180,2,success,1
6718,34,admin.,married,tertiary,no,0,no,no,cellular,30,jul,292,1,183,2,success,1
275,24,admin.,single,tertiary,no,674,yes,no,cellular,6,jul,267,1,-1,0,unknown,1
11075,32,admin.,married,secondary,no,20011,no,no,cellular,20,apr,234,1,-1,0,unknown,0
2447,52,self-employed,married,tertiary,no,6657,no,no,telephone,30,apr,917,1,-1,0,unknown,1
7856,30,admin.,divorced,secondary,no,370,yes,no,unknown,15,may,160,1,-1,0,unknown,0
10444,34,technician,single,secondary,no,664,yes,yes,cellular,11,may,88,2,343,2,other,0
3726,42,technician,married,tertiary,no,1079,no,no,cellular,31,jul,61,2,-1,0,unknown,0
1203,33,admin.,divorced,secondary,no,661,yes,no,cellular,4,may,90,4,167,3,failure,0
8660,40,admin.,single,secondary,no,985,yes,no,cellular,4,jun,592,3,50,8,failure,1
2121,47,management,single,tertiary,no,334,yes,no,cellular,28,jun,614,3,94,9,success,1
9387,54,retired,married,secondary,no,1371,no,no,telephone,25,jul,1492,2,-1,0,unknown,1
4939,40,management,single,unknown,no,838,yes,no,unknown,12,may,619,3,-1,0,unknown,0
10737,43,blue-collar,married,secondary,no,1311,yes,no,unknown,14,may,746,1,-1,0,unknown,0
741,51,admin.,single,secondary,no,726,yes,no,cellular,27,apr,89,8,-1,0,unknown,1
6764,27,services,married,secondary,no,0,yes,no,cellular,23,jul,198,13,-1,0,unknown,0
4203,33,self-employed,married,tertiary,no,1278,no,no,cellular,6,oct,649,1,-1,0,unknown,1
6101,45,blue-collar,married,primary,no,804,yes,no,unknown,16,may,528,1,-1,0,unknown,1
9472,31,management,married,tertiary,no,325,yes,no,cellular,18,jul,1139,2,-1,0,unknown,1
7340,38,management,married,tertiary,no,413,no,no,cellular,13,apr,240,1,179,2,failure,1
548,23,entrepreneur,single,primary,no,4,yes,no,unknown,13,may,395,2,-1,0,unknown,1
3578,29,blue-collar,single,secondary,no,-20,no,yes,cellular,21,jul,574,1,-1,0,unknown,1
1193,37,technician,married,secondary,no,157,yes,no,unknown,7,may,238,2,-1,0,unknown,0
9505,40,blue-collar,married,secondary,no,2158,no,no,cellular,10,jul,277,1,-1,0,unknown,0
778,30,services,married,secondary,no,637,yes,no,cellular,15,may,69,5,-1,0,unknown,0
6509,38,blue-collar,married,secondary,no,468,yes,no,unknown,8,may,101,2,-1,0,unknown,0
1765,47,management,single,tertiary,no,86,no,no,cellular,30,apr,387,3,87,1,success,1
1373,39,services,married,secondary,no,304,yes,yes,unknown,9,may,323,1,-1,0,unknown,0
10972,32,blue-collar,married,secondary,yes,-53,yes,no,cellular,16,apr,648,1,272,1,other,1
1955,30,management,single,tertiary,no,3340,no,no,cellular,3,jun,238,3,-1,0,unknown,1
4123,50,entrepreneur,married,tertiary,no,-168,yes,no,cellular,23,jul,1327,2,-1,0,unknown,1
1868,31,unemployed,married,tertiary,no,330,no,no,cellular,13,jul,309,1,181,3,success,1
3194,29,technician,married,secondary,no,767,yes,no,cellular,5,feb,253,1,-1,0,unknown,0
10340,60,unemployed,married,primary,no,0,no,no,cellular,22,jul,1193,1,412,1,other,1
10857,34,technician,single,tertiary,no,2671,no,no,cellular,19,aug,119,9,-1,0,unknown,0
1757,26,blue-collar,single,primary,no,-295,yes,no,cellular,6,may,138,1,-1,0,unknown,0
6179,29,blue-collar,married,secondary,no,-28,yes,no,unknown,12,may,393,1,-1,0,unknown,0
3393,53,technician,single,tertiary,no,1,no,no,cellular,21,aug,190,1,-1,0,unknown,0
5783,32,admin.,single,secondary,no,184,yes,no,unknown,8,may,230,4,-1,0,unknown,0
8415,55,unemployed,married,secondary,no,512,no,no,cellular,28,jan,70,1,-1,0,unknown,0
7284,22,student,single,primary,no,423,no,no,cellular,16,jul,316,1,179,10,success,1
10521,32,self-employed,married,primary,no,102,yes,no,cellular,18,jul,560,1,-1,0,unknown,1
11069,62,housemaid,married,secondary,no,2,no,no,cellular,3,nov,322,1,-1,0,unknown,1
1148,35,management,single,tertiary,no,1496,yes,no,cellular,22,aug,73,4,-1,0,unknown,0
8526,33,management,single,tertiary,no,369,no,no,cellular,25,aug,143,10,-1,0,unknown,0
8579,26,technician,single,tertiary,no,686,yes,no,unknown,30,may,98,2,-1,0,unknown,0
6615,42,housemaid,divorced,secondary,no,1406,yes,no,cellular,22,jul,178,1,-1,0,unknown,0
8261,41,admin.,divorced,secondary,no,1967,yes,no,cellular,18,may,115,1,341,1,failure,0
43,44,technician,married,secondary,no,7649,no,no,cellular,20,aug,188,6,-1,0,unknown,0
2798,42,management,single,tertiary,no,4264,yes,no,unknown,28,may,882,1,-1,0,unknown,0
3932,30,student,single,tertiary,no,7529,no,no,cellular,20,apr,175,6,183,1,success,1
4616,73,retired,married,unknown,no,3443,no,no,telephone,4,sep,770,3,-1,0,unknown,1
4644,62,retired,married,secondary,no,1495,no,no,cellular,17,aug,606,1,196,1,success,1
9060,30,unemployed,divorced,secondary,no,7105,no,no,cellular,22,dec,321,2,-1,0,unknown,1
4584,28,self-employed,single,secondary,no,5679,yes,no,cellular,9,feb,701,4,-1,0,unknown,1
4530,30,technician,single,tertiary,no,655,no,no,cellular,6,oct,384,2,-1,0,unknown,1
1511,36,technician,single,secondary,no,818,yes,yes,cellular,19,aug,96,4,-1,0,unknown,0
9657,64,retired,married,primary,no,440,no,no,cellular,6,feb,495,1,-1,0,unknown,1
9277,41,self-employed,married,unknown,no,1377,yes,no,cellular,15,may,111,4,371,2,other,0
150,40,blue-collar,married,secondary,no,10,yes,no,unknown,9,may,1692,2,-1,0,unknown,1
5304,52,blue-collar,married,secondary,no,1405,no,yes,cellular,17,jul,753,2,-1,0,unknown,1
2640,38,technician,single,tertiary,no,11,no,no,unknown,18,jun,78,3,-1,0,unknown,0
462,50,blue-collar,married,primary,no,280,yes,no,unknown,18,jun,61,23,-1,0,unknown,0
3717,38,services,divorced,unknown,no,6360,no,no,unknown,20,jun,1409,2,-1,0,unknown,1
6844,34,admin.,single,secondary,no,1704,yes,no,unknown,15,may,218,2,-1,0,unknown,0
8742,27,entrepreneur,married,secondary,no,2329,no,no,telephone,27,oct,131,1,-1,0,unknown,1
911,39,services,divorced,secondary,no,687,yes,no,cellular,9,jul,869,1,-1,0,unknown,1
8832,29,management,single,tertiary,no,265,no,no,cellular,22,may,491,1,-1,0,unknown,1
2371,34,technician,married,secondary,no,47,no,no,cellular,25,aug,132,6,-1,0,unknown,0
10770,70,retired,married,primary,no,3782,no,no,cellular,16,mar,618,1,-1,0,unknown,0
6083,51,technician,married,secondary,no,371,yes,yes,cellular,21,oct,287,1,-1,0,unknown,1
6559,31,technician,divorced,secondary,no,268,no,no,unknown,16,may,118,2,-1,0,unknown,0
2381,30,technician,single,secondary,no,148,yes,yes,cellular,15,may,115,5,-1,0,unknown,0
6180,37,blue-collar,single,secondary,no,847,no,no,unknown,20,jun,54,1,-1,0,unknown,0
6169,44,technician,single,secondary,no,285,yes,no,cellular,12,may,373,3,-1,0,unknown,0
4009,49,entrepreneur,divorced,secondary,no,159,yes,no,unknown,13,may,95,3,-1,0,unknown,0
963,36,blue-collar,married,secondary,no,1088,yes,no,cellular,13,may,77,2,345,2,failure,0
10192,65,management,divorced,tertiary,no,90,yes,no,cellular,22,apr,416,1,-1,0,unknown,1
876,34,blue-collar,married,primary,no,695,yes,yes,unknown,16,may,1064,4,-1,0,unknown,1
5460,39,housemaid,married,secondary,no,1444,no,no,cellular,19,nov,100,1,117,8,success,0
9115,38,technician,married,secondary,no,183,yes,no,cellular,16,apr,256,3,339,2,failure,0
9743,46,technician,married,secondary,no,3434,no,yes,cellular,8,jun,148,2,101,1,success,1
10248,21,student,single,tertiary,no,1258,no,no,cellular,7,jul,404,1,-1,0,unknown,0
704,27,technician,single,secondary,no,643,no,no,telephone,14,oct,301,1,93,1,success,1
4615,30,blue-collar,married,secondary,no,2493,no,no,cellular,28,jan,293,2,-1,0,unknown,1
4213,33,management,single,tertiary,no,224,no,no,cellular,23,jun,342,2,107,2,success,1
6144,45,management,divorced,tertiary,no,2813,yes,no,cellular,13,may,43,1,-1,0,unknown,0
5044,58,retired,married,primary,no,1351,yes,no,telephone,17,apr,392,3,-1,0,unknown,0
3023,36,technician,married,primary,no,3350,yes,no,cellular,16,apr,86,1,269,3,other,0
10527,30,services,married,secondary,no,1808,yes,no,cellular,18,may,83,2,-1,0,unknown,0
10447,50,blue-collar,married,primary,no,-37,yes,no,unknown,12,may,78,3,-1,0,unknown,0
6858,54,retired,married,secondary,no,1851,no,no,unknown,11,jun,296,3,-1,0,unknown,0
7355,33,admin.,married,secondary,no,95,yes,no,cellular,30,apr,335,1,-1,0,unknown,1
2051,38,technician,single,secondary,no,1655,no,no,cellular,29,jul,392,2,-1,0,unknown,0
403,49,technician,divorced,secondary,no,5,no,no,cellular,19,aug,131,2,-1,0,unknown,0
9191,41,technician,married,secondary,no,871,yes,no,unknown,6,may,145,1,-1,0,unknown,0
1485,57,retired,married,primary,no,207,yes,no,unknown,8,may,193,1,-1,0,unknown,0
241,34,technician,married,tertiary,no,100,no,no,cellular,20,aug,196,2,-1,0,unknown,0
1039,31,technician,single,secondary,no,1819,yes,no,unknown,15,may,226,2,-1,0,unknown,0
9390,57,technician,married,primary,no,0,no,no,unknown,5,jun,58,8,-1,0,unknown,0
7280,48,unemployed,married,secondary,no,926,no,no,cellular,15,feb,382,4,185,6,success,1
1807,29,blue-collar,single,secondary,no,348,yes,no,unknown,9,may,185,2,-1,0,unknown,0
7211,52,blue-collar,married,primary,no,924,no,no,cellular,21,aug,93,4,-1,0,unknown,0
3218,48,blue-collar,married,primary,no,134,yes,no,unknown,28,may,315,2,-1,0,unknown,0
6558,31,management,single,tertiary,no,1308,no,no,cellular,22,aug,323,3,-1,0,unknown,0
4258,43,management,married,tertiary,no,40,no,no,cellular,10,feb,147,1,-1,0,unknown,1
3296,57,technician,married,secondary,no,402,yes,no,unknown,6,may,153,3,-1,0,unknown,0
8080,31,services,married,secondary,no,505,no,no,cellular,11,jul,773,3,-1,0,unknown,0
2765,33,services,married,secondary,no,2918,no,yes,cellular,20,nov,1059,2,-1,0,unknown,1
10855,31,self-employed,single,tertiary,no,2589,no,no,cellular,21,nov,614,1,-1,0,unknown,1
6843,49,technician,married,tertiary,no,2611,no,no,cellular,20,apr,194,2,-1,0,unknown,1
3385,29,services,single,secondary,no,271,yes,no,unknown,20,may,1882,2,-1,0,unknown,1
2731,51,entrepreneur,married,tertiary,no,36935,yes,no,cellular,21,nov,41,1,-1,0,unknown,0
4206,62,management,married,tertiary,no,997,no,no,cellular,22,apr,554,1,304,2,success,1
3762,36,services,married,secondary,no,297,yes,yes,cellular,15,jul,157,5,-1,0,unknown,0
8541,34,management,married,tertiary,no,2287,yes,no,unknown,26,may,895,4,-1,0,unknown,1
4941,44,admin.,married,secondary,no,0,no,no,cellular,31,jul,209,1,-1,0,unknown,0
5083,38,management,single,tertiary,no,690,yes,no,unknown,20,may,34,1,-1,0,unknown,0
2125,46,housemaid,married,primary,no,296,yes,no,unknown,20,jun,205,4,-1,0,unknown,0
10210,36,technician,married,secondary,no,84,yes,no,unknown,20,may,67,1,-1,0,unknown,0
4081,36,management,single,tertiary,no,20,yes,no,cellular,20,apr,766,2,150,3,other,0
1823,34,admin.,single,secondary,no,1352,yes,no,cellular,20,apr,126,1,334,3,other,0
539,37,blue-collar,married,secondary,no,-57,yes,yes,cellular,7,may,55,5,-1,0,unknown,0
5389,37,self-employed,married,secondary,no,1633,no,no,cellular,7,jul,629,2,-1,0,unknown,1
5515,57,retired,married,secondary,no,466,no,no,cellular,5,aug,641,2,-1,0,unknown,1
5830,23,admin.,single,tertiary,no,897,yes,no,cellular,8,feb,190,2,280,8,failure,1
1524,32,technician,married,tertiary,no,0,yes,no,cellular,19,nov,231,4,-1,0,unknown,0
819,31,blue-collar,single,secondary,no,2137,no,no,unknown,29,may,413,1,-1,0,unknown,0
9709,28,technician,single,secondary,no,922,yes,no,cellular,7,apr,304,1,-1,0,unknown,0
10684,35,self-employed,single,tertiary,no,353,no,no,cellular,12,aug,582,1,-1,0,unknown,1
2097,32,management,married,tertiary,no,2667,yes,no,cellular,4,mar,251,1,181,4,failure,1
8634,38,management,single,tertiary,no,619,yes,no,unknown,6,jun,460,4,-1,0,unknown,1
4174,60,retired,married,primary,no,414,no,no,unknown,8,may,395,1,-1,0,unknown,0
8311,30,self-employed,single,tertiary,no,3137,yes,no,cellular,31,jul,368,7,-1,0,unknown,0
5395,90,retired,divorced,secondary,no,1,no,no,cellular,13,feb,152,3,-1,0,unknown,1
1922,35,technician,married,tertiary,no,108,yes,no,cellular,31,jul,65,3,-1,0,unknown,0
11131,33,management,single,tertiary,no,561,no,no,cellular,7,apr,104,1,-1,0,unknown,0
10160,40,blue-collar,single,secondary,no,1066,yes,no,unknown,21,may,171,1,-1,0,unknown,0
6713,62,retired,married,primary,no,1742,no,no,cellular,14,jun,167,2,98,6,other,1
3775,36,technician,married,secondary,no,283,yes,yes,unknown,27,jun,56,2,-1,0,unknown,0
621,32,technician,single,secondary,no,5205,no,no,cellular,20,nov,352,1,-1,0,unknown,0
7487,47,housemaid,divorced,secondary,no,1453,no,no,unknown,12,jun,303,1,-1,0,unknown,0
3118,44,entrepreneur,married,secondary,no,320,yes,yes,cellular,5,feb,269,3,234,2,other,0
3403,39,admin.,single,secondary,no,2263,yes,yes,telephone,21,nov,1158,9,-1,0,unknown,1
5562,51,blue-collar,married,secondary,no,984,yes,no,telephone,7,apr,353,4,-1,0,unknown,0
2431,32,admin.,married,secondary,no,51,yes,yes,cellular,14,jan,203,1,87,2,other,1
1315,37,technician,married,secondary,no,28,no,no,cellular,21,aug,101,2,-1,0,unknown,0
4526,53,blue-collar,married,secondary,no,-8,no,no,cellular,5,aug,794,1,-1,0,unknown,1
7413,39,services,married,secondary,no,323,no,no,cellular,9,jun,874,2,188,6,failure,1
7393,30,self-employed,single,secondary,no,-617,no,yes,cellular,19,nov,925,1,-1,0,unknown,1
10574,57,services,divorced,primary,no,1367,no,no,unknown,9,jun,144,3,-1,0,unknown,0
3504,62,blue-collar,married,secondary,no,272,no,no,cellular,11,nov,289,1,92,3,success,1
6745,53,admin.,married,secondary,no,10541,no,no,cellular,9,nov,178,1,-1,0,unknown,1
2428,56,blue-collar,single,secondary,no,1187,yes,no,cellular,5,feb,47,2,-1,0,unknown,0
1540,32,management,single,tertiary,no,154,no,yes,cellular,21,aug,301,3,-1,0,unknown,0
4721,48,self-employed,married,tertiary,no,16,yes,yes,cellular,18,nov,214,1,-1,0,unknown,0
6994,68,retired,married,secondary,no,1146,no,no,cellular,3,mar,153,2,110,3,success,1
3377,25,technician,married,tertiary,no,839,yes,no,cellular,18,may,700,3,-1,0,unknown,1
6780,43,admin.,single,secondary,no,733,yes,no,cellular,21,aug,126,1,88,4,success,1
8944,46,self-employed,single,secondary,no,526,no,no,cellular,30,apr,523,1,87,2,other,1
5361,46,unemployed,married,secondary,no,2551,no,no,cellular,12,aug,645,2,-1,0,unknown,1
3678,61,management,married,tertiary,no,3371,no,no,cellular,28,sep,299,2,-1,0,unknown,1
2031,43,management,single,tertiary,no,1806,yes,no,cellular,12,aug,161,2,-1,0,unknown,0
5112,34,services,married,secondary,no,-16,yes,yes,unknown,5,may,78,1,-1,0,unknown,0
10464,26,admin.,married,secondary,no,710,yes,yes,unknown,6,jun,1276,2,-1,0,unknown,1
5948,30,technician,single,secondary,no,120,yes,no,cellular,18,may,74,1,-1,0,unknown,0
7116,30,blue-collar,married,secondary,no,486,yes,no,unknown,29,may,1109,3,-1,0,unknown,1
3275,44,entrepreneur,married,tertiary,no,121,no,no,cellular,9,nov,248,1,91,1,success,1
3719,52,technician,divorced,secondary,no,1005,yes,no,cellular,2,jun,195,1,-1,0,unknown,1
2140,43,blue-collar,married,primary,no,-192,yes,no,unknown,8,may,1120,2,-1,0,unknown,1
3720,38,management,single,tertiary,no,3646,yes,no,cellular,12,may,1710,2,286,1,other,1
3019,55,blue-collar,married,unknown,no,890,no,no,cellular,22,aug,1329,2,-1,0,unknown,1
5288,26,admin.,single,secondary,no,2509,no,no,cellular,27,may,776,3,97,3,success,1
1802,50,admin.,married,secondary,no,-195,no,no,cellular,22,aug,119,4,-1,0,unknown,0
2077,23,student,single,secondary,no,431,no,no,cellular,13,aug,496,2,-1,0,unknown,1
2035,49,blue-collar,married,secondary,no,553,no,no,cellular,12,aug,645,8,-1,0,unknown,1
5202,31,admin.,married,secondary,no,307,yes,no,unknown,9,may,538,1,-1,0,unknown,1
10262,48,blue-collar,married,secondary,no,3776,no,no,telephone,4,may,254,4,-1,0,unknown,0
9594,38,management,married,unknown,no,76,no,no,cellular,16,mar,261,1,-1,0,unknown,1
2740,35,technician,married,tertiary,no,7050,no,no,cellular,11,aug,222,3,182,4,success,1
4287,48,management,married,primary,no,1744,no,no,unknown,9,jun,181,1,-1,0,unknown,0
538,34,admin.,divorced,secondary,no,479,yes,no,cellular,12,may,515,1,350,5,failure,1
5919,39,blue-collar,married,primary,no,398,yes,no,cellular,12,may,256,1,-1,0,unknown,0
3656,32,services,married,secondary,no,-34,yes,no,unknown,30,may,1236,2,-1,0,unknown,1
5588,30,admin.,single,secondary,no,914,yes,no,cellular,28,oct,524,3,272,1,failure,1
979,50,admin.,married,secondary,no,3608,yes,no,cellular,14,may,196,8,182,4,success,1
10043,34,admin.,married,secondary,no,124,yes,no,telephone,14,may,604,4,366,2,other,1
6040,28,services,single,secondary,no,60,no,yes,cellular,29,jan,248,1,-1,0,unknown,0
4316,38,technician,single,tertiary,no,508,yes,yes,cellular,12,aug,1103,2,-1,0,unknown,1
5984,37,blue-collar,single,unknown,no,217,no,no,cellular,23,sep,272,2,-1,0,unknown,1
7398,39,technician,married,tertiary,no,1293,no,no,cellular,3,jun,140,2,-1,0,unknown,1
4757,31,technician,married,unknown,no,14533,no,no,cellular,16,jun,245,2,-1,0,unknown,1
11148,41,technician,married,secondary,no,862,no,no,cellular,18,nov,474,2,-1,0,unknown,0
5877,36,management,divorced,tertiary,no,563,no,no,unknown,20,jun,10,4,-1,0,unknown,0
8196,35,technician,married,tertiary,no,3160,yes,no,cellular,16,nov,445,2,95,1,failure,1
10056,41,technician,single,tertiary,no,145,no,no,cellular,22,jul,1833,2,-1,0,unknown,1
1509,30,unemployed,single,secondary,no,0,yes,no,cellular,16,apr,137,1,-1,0,unknown,0
7002,25,technician,single,tertiary,no,3411,no,no,cellular,19,aug,225,2,-1,0,unknown,1
7401,40,self-employed,married,tertiary,no,1498,no,no,cellular,4,feb,62,1,-1,0,unknown,0
5632,29,services,married,secondary,no,363,yes,no,cellular,15,may,164,1,-1,0,unknown,0
7123,47,housemaid,single,primary,no,2785,yes,no,cellular,13,may,570,1,-1,0,unknown,1
8191,44,technician,married,tertiary,no,964,no,no,cellular,29,jul,158,2,-1,0,unknown,0
9338,46,admin.,married,secondary,no,659,yes,no,telephone,29,jul,1127,11,-1,0,unknown,1
5065,45,blue-collar,married,secondary,no,521,yes,no,unknown,17,jun,259,3,-1,0,unknown,0
9462,57,management,married,tertiary,no,2845,yes,no,telephone,19,apr,1143,5,-1,0,unknown,1
7214,45,admin.,divorced,tertiary,no,1506,no,no,cellular,28,jul,365,4,-1,0,unknown,1
5652,28,admin.,married,secondary,no,330,no,no,cellular,2,jun,226,2,182,4,success,1
9238,28,blue-collar,single,secondary,no,1011,yes,no,cellular,20,apr,204,3,-1,0,unknown,0
2972,33,admin.,single,tertiary,no,7608,no,no,cellular,30,mar,238,4,-1,0,unknown,1
3433,38,services,married,tertiary,no,563,yes,no,cellular,7,may,251,2,-1,0,unknown,0
3008,46,blue-collar,married,secondary,no,942,no,no,cellular,18,nov,240,3,119,2,failure,0
4321,34,management,married,tertiary,no,2037,no,no,cellular,15,dec,324,2,-1,0,unknown,1
6993,36,blue-collar,married,secondary,no,0,no,no,cellular,15,jul,794,1,-1,0,unknown,0
4918,38,management,divorced,tertiary,no,151,yes,no,cellular,17,jul,50,1,-1,0,unknown,0
7362,50,blue-collar,married,primary,no,-522,yes,no,cellular,13,may,863,3,-1,0,unknown,1
10988,45,unemployed,married,primary,no,0,yes,no,cellular,2,feb,570,2,-1,0,unknown,0
3488,34,entrepreneur,married,secondary,no,3119,yes,no,unknown,21,may,250,4,-1,0,unknown,0
4544,48,blue-collar,married,unknown,no,113,no,no,cellular,11,aug,104,13,-1,0,unknown,0
5786,32,blue-collar,married,primary,no,206,yes,no,unknown,20,may,205,2,-1,0,unknown,0
2645,36,blue-collar,married,secondary,no,2894,yes,no,cellular,17,jul,747,1,-1,0,unknown,0
2496,37,services,single,primary,no,0,no,yes,cellular,6,feb,155,6,245,5,other,0
5676,53,admin.,married,secondary,no,1796,no,no,telephone,15,dec,476,1,193,1,failure,1
7615,41,technician,single,secondary,no,30,no,no,unknown,23,may,1003,1,-1,0,unknown,0
10197,73,retired,married,primary,no,542,no,no,cellular,26,oct,355,1,180,5,failure,1
7254,45,admin.,married,secondary,no,1206,no,no,telephone,8,feb,309,1,446,3,failure,1
2658,42,technician,divorced,secondary,no,-106,yes,no,unknown,29,may,95,1,-1,0,unknown,0
7977,33,blue-collar,single,secondary,no,15341,no,no,cellular,20,apr,335,1,334,3,failure,0
4687,34,management,single,tertiary,no,13014,no,no,cellular,13,aug,738,1,-1,0,unknown,1
4683,34,management,married,tertiary,no,577,yes,no,cellular,20,apr,243,2,153,1,failure,0
4021,52,technician,married,secondary,no,1490,no,yes,unknown,17,jun,420,4,-1,0,unknown,0
8385,36,management,married,tertiary,no,2987,yes,no,cellular,12,aug,307,1,-1,0,unknown,1
8025,22,student,single,secondary,no,216,no,no,cellular,8,feb,363,1,187,1,success,1
2573,42,admin.,married,secondary,no,437,yes,no,cellular,11,aug,120,3,190,1,failure,0
7583,50,admin.,married,tertiary,no,6574,no,no,cellular,8,sep,495,1,92,3,success,1
6463,32,management,single,tertiary,no,1434,no,no,cellular,11,aug,1144,3,-1,0,unknown,0
7803,31,housemaid,married,primary,no,2603,yes,no,cellular,18,nov,224,1,-1,0,unknown,0
3175,59,services,divorced,secondary,no,1,yes,no,cellular,28,jan,602,1,253,5,other,1
8671,34,technician,single,secondary,no,174,no,no,telephone,11,may,259,4,-1,0,unknown,0
9401,45,technician,married,secondary,no,1441,yes,no,cellular,18,nov,93,1,113,2,other,0
10648,26,blue-collar,single,secondary,no,-29,yes,no,cellular,10,jul,998,4,-1,0,unknown,1
3202,36,management,divorced,tertiary,no,59,no,no,cellular,13,aug,526,2,-1,0,unknown,1
3092,40,blue-collar,married,secondary,no,1515,yes,no,cellular,10,aug,503,1,-1,0,unknown,1
6936,46,admin.,divorced,secondary,no,2087,no,no,cellular,20,nov,768,3,-1,0,unknown,1
7303,59,retired,married,primary,no,-47,yes,no,cellular,27,aug,84,4,-1,0,unknown,0
9303,42,technician,married,unknown,no,1559,no,no,cellular,30,apr,368,1,-1,0,unknown,1
945,35,management,single,secondary,yes,-202,yes,no,unknown,20,may,268,3,-1,0,unknown,0
8955,45,student,single,unknown,no,1527,no,no,cellular,8,mar,132,1,-1,0,unknown,1
5856,34,management,single,tertiary,no,1494,yes,no,cellular,18,nov,596,1,182,1,other,1
9803,32,technician,single,secondary,no,483,no,no,cellular,8,aug,580,3,-1,0,unknown,1
4715,50,technician,married,secondary,no,3370,no,no,cellular,21,aug,531,2,80,2,success,1
7603,41,entrepreneur,divorced,tertiary,no,-413,yes,no,unknown,8,may,170,2,-1,0,unknown,0
5249,36,entrepreneur,divorced,tertiary,no,3407,no,no,cellular,9,jun,993,4,85,4,success,1
9410,35,management,single,tertiary,no,0,yes,no,unknown,2,jun,184,1,-1,0,unknown,0
1737,32,technician,married,secondary,no,1119,no,no,cellular,19,nov,371,2,-1,0,unknown,0
8746,36,self-employed,divorced,tertiary,no,1354,yes,no,cellular,14,may,1723,1,356,2,success,1
2684,43,technician,married,secondary,no,629,no,no,cellular,5,aug,196,1,-1,0,unknown,0
4401,36,admin.,single,tertiary,no,3954,yes,no,unknown,21,may,432,1,-1,0,unknown,0
9372,45,management,married,tertiary,no,904,yes,yes,unknown,20,jun,14,9,-1,0,unknown,0
1132,36,management,single,secondary,no,1511,yes,no,cellular,16,nov,270,1,-1,0,unknown,1
5691,36,technician,married,secondary,no,432,yes,yes,unknown,4,aug,94,1,-1,0,unknown,0
8891,49,blue-collar,married,secondary,no,1127,yes,yes,cellular,17,apr,162,2,281,1,failure,0
8922,33,management,married,tertiary,no,455,yes,yes,unknown,29,may,122,10,-1,0,unknown,0
3018,39,technician,single,secondary,no,300,no,no,cellular,10,sep,315,6,394,1,failure,0
6491,48,unemployed,divorced,secondary,no,201,no,no,cellular,11,aug,140,1,-1,0,unknown,1
9027,38,technician,married,secondary,no,1478,no,no,cellular,12,aug,926,4,-1,0,unknown,1
3557,35,technician,married,secondary,no,294,yes,no,cellular,9,mar,301,1,90,4,success,1
1599,56,technician,married,secondary,no,6619,yes,no,telephone,4,nov,465,1,-1,0,unknown,1
5639,35,technician,single,secondary,no,1693,yes,no,cellular,26,may,58,1,105,1,success,0
3235,57,management,divorced,tertiary,no,408,yes,no,cellular,13,may,402,2,351,1,failure,0
1344,40,blue-collar,divorced,unknown,no,528,yes,no,cellular,13,may,340,2,357,5,failure,0
9120,31,technician,married,tertiary,no,636,yes,no,cellular,4,may,352,4,-1,0,unknown,1
6223,51,services,divorced,secondary,no,9,no,no,unknown,18,jun,371,2,-1,0,unknown,1
11094,42,services,single,secondary,no,247,yes,no,cellular,31,jul,114,2,-1,0,unknown,0
4739,37,admin.,single,secondary,no,-261,no,yes,cellular,10,jul,259,1,-1,0,unknown,0
5211,34,management,married,tertiary,no,158,no,no,cellular,9,mar,212,3,181,6,success,1
2556,33,management,single,tertiary,no,3552,no,no,cellular,13,feb,158,2,85,3,failure,1
7558,31,services,married,secondary,no,395,no,no,cellular,25,jul,174,3,-1,0,unknown,0
9163,60,retired,married,secondary,no,1853,no,no,cellular,11,aug,408,1,-1,0,unknown,1
7826,30,admin.,single,secondary,no,186,yes,no,cellular,13,may,390,1,-1,0,unknown,0
9079,33,services,married,primary,no,6904,no,no,telephone,20,nov,114,2,-1,0,unknown,0
7469,49,admin.,married,secondary,no,0,no,no,cellular,22,aug,115,2,-1,0,unknown,0
6092,56,retired,married,secondary,no,415,no,no,cellular,22,aug,158,2,-1,0,unknown,0
10190,46,blue-collar,married,secondary,no,2603,yes,yes,cellular,11,may,50,3,277,2,failure,0
5889,35,blue-collar,married,primary,no,602,yes,no,cellular,14,may,467,6,-1,0,unknown,0
2618,36,management,single,tertiary,no,335,no,no,unknown,10,oct,5,1,772,4,failure,0
8902,31,services,single,secondary,no,671,yes,no,unknown,7,may,193,3,-1,0,unknown,0
6685,41,blue-collar,married,secondary,no,2823,yes,no,unknown,14,may,858,1,-1,0,unknown,1
9406,41,blue-collar,single,secondary,no,925,yes,no,telephone,13,may,43,1,-1,0,unknown,0
9497,28,blue-collar,married,secondary,no,708,yes,no,unknown,6,jun,339,5,-1,0,unknown,0
2088,59,housemaid,divorced,primary,no,2518,no,no,cellular,30,jul,675,3,-1,0,unknown,1
3645,70,retired,married,primary,no,2795,no,no,cellular,8,jan,301,2,-1,0,unknown,1
5804,55,management,divorced,tertiary,no,0,no,no,cellular,18,aug,309,4,-1,0,unknown,1
10662,30,admin.,single,secondary,no,127,yes,no,cellular,18,may,16,6,368,1,other,0
352,56,blue-collar,divorced,primary,no,-9,yes,yes,cellular,8,may,728,1,-1,0,unknown,1
6657,58,blue-collar,married,primary,no,494,no,no,cellular,14,aug,171,10,-1,0,unknown,0
4242,34,self-employed,married,tertiary,no,2427,no,no,telephone,11,aug,90,3,70,3,failure,0
1392,36,housemaid,divorced,tertiary,no,7296,yes,no,cellular,18,aug,108,6,-1,0,unknown,0
3251,32,services,married,secondary,no,38,yes,no,cellular,15,may,744,1,-1,0,unknown,1
5504,38,management,married,tertiary,no,1187,yes,yes,cellular,2,feb,157,1,-1,0,unknown,0
3857,42,services,married,secondary,no,1165,yes,no,cellular,18,may,485,6,-1,0,unknown,0
2607,19,student,single,unknown,no,108,no,no,cellular,10,aug,168,1,182,2,success,1
279,53,blue-collar,single,secondary,no,1004,no,no,cellular,13,may,393,1,84,1,other,1
5239,30,blue-collar,married,primary,no,5956,yes,yes,cellular,20,nov,405,1,139,1,failure,0
8783,41,self-employed,married,tertiary,no,0,yes,no,telephone,29,apr,395,3,426,1,other,1
5931,32,blue-collar,divorced,unknown,no,291,yes,yes,unknown,27,jun,120,6,-1,0,unknown,0
11061,38,self-employed,married,tertiary,no,2084,yes,no,cellular,16,apr,71,2,330,2,failure,0
5,30,management,single,tertiary,no,119,no,no,cellular,28,jan,430,1,-1,0,unknown,0
5478,39,admin.,divorced,secondary,no,728,yes,yes,cellular,18,oct,222,1,-1,0,unknown,1
3169,52,entrepreneur,married,secondary,no,1306,no,no,cellular,15,jun,288,1,-1,0,unknown,1
4016,37,admin.,divorced,secondary,no,1533,yes,no,cellular,21,nov,555,4,-1,0,unknown,1
6931,38,unknown,single,tertiary,no,0,no,no,cellular,11,sep,260,3,95,3,success,1
10851,41,management,married,tertiary,no,-412,yes,no,cellular,29,jan,85,1,195,5,other,0
9189,32,technician,single,secondary,no,540,no,yes,cellular,29,jan,750,1,-1,0,unknown,1
2100,32,blue-collar,married,primary,no,-94,yes,yes,cellular,11,may,308,1,-1,0,unknown,0
3401,40,blue-collar,married,primary,no,592,yes,no,cellular,18,may,80,3,350,2,failure,0
5999,47,services,married,secondary,no,311,yes,yes,cellular,12,may,238,1,301,3,failure,0
8100,44,blue-collar,married,secondary,no,1697,yes,no,unknown,4,jul,150,2,-1,0,unknown,1
5186,48,management,married,tertiary,no,308,yes,no,cellular,14,jul,125,5,-1,0,unknown,0
800,51,management,single,unknown,no,1277,no,no,cellular,22,feb,143,5,294,1,failure,0
7999,27,blue-collar,single,secondary,no,240,yes,no,cellular,18,may,166,4,-1,0,unknown,0
1996,45,admin.,divorced,secondary,no,-176,no,yes,cellular,7,jul,574,1,-1,0,unknown,1
899,36,management,single,tertiary,no,2032,no,yes,cellular,20,nov,736,1,-1,0,unknown,1
4570,34,technician,married,secondary,no,1246,no,no,unknown,28,may,88,3,-1,0,unknown,0
7017,50,technician,married,secondary,no,156,no,yes,cellular,14,jul,1130,3,-1,0,unknown,1
3520,27,technician,married,secondary,no,58,yes,no,unknown,28,may,82,1,-1,0,unknown,0
1661,51,blue-collar,married,tertiary,no,2404,yes,no,telephone,20,nov,30,1,-1,0,unknown,0
8685,35,management,married,tertiary,no,365,no,no,cellular,21,nov,168,2,-1,0,unknown,0
3929,37,unknown,single,tertiary,no,0,no,no,cellular,8,jun,257,2,97,1,success,1
3795,35,unemployed,single,primary,no,68,no,no,cellular,3,jul,175,1,-1,0,unknown,1
3610,36,technician,married,secondary,no,368,yes,yes,unknown,6,may,1597,2,-1,0,unknown,1
1898,67,retired,married,unknown,no,2540,no,no,telephone,14,jun,278,5,116,4,other,1
4905,29,services,single,secondary,no,1008,yes,no,unknown,23,may,426,9,-1,0,unknown,0
2159,26,blue-collar,single,secondary,no,972,yes,no,unknown,20,may,177,10,-1,0,unknown,0
6816,34,management,married,tertiary,no,39,no,no,cellular,13,aug,160,1,-1,0,unknown,0
7462,49,admin.,single,tertiary,no,228,yes,no,cellular,2,mar,368,1,-1,0,unknown,1
7914,32,management,single,tertiary,no,0,no,no,cellular,5,feb,550,4,-1,0,unknown,1
9681,29,management,single,tertiary,no,572,no,no,cellular,16,dec,314,1,195,1,success,1
7705,57,housemaid,married,primary,no,1969,no,no,cellular,14,aug,286,3,-1,0,unknown,0
10893,35,management,married,tertiary,no,62,no,no,cellular,8,feb,469,2,185,2,failure,1
6154,29,unemployed,single,unknown,no,1584,no,no,cellular,6,sep,245,1,-1,0,unknown,1
1844,25,student,single,secondary,no,8,no,no,cellular,22,apr,107,2,-1,0,unknown,1
9896,23,management,single,tertiary,no,2143,no,no,cellular,30,mar,180,2,-1,0,unknown,1
1968,62,housemaid,married,tertiary,no,1528,no,no,cellular,15,oct,134,2,184,1,success,1
1332,50,admin.,married,secondary,no,10250,yes,no,cellular,7,dec,254,3,385,2,other,1
9536,30,admin.,married,secondary,yes,23,no,yes,cellular,4,feb,149,2,-1,0,unknown,0
804,34,management,single,tertiary,no,268,no,no,cellular,7,sep,587,1,-1,0,unknown,1
10019,26,blue-collar,married,secondary,no,245,yes,no,unknown,28,may,146,2,-1,0,unknown,0
10306,33,blue-collar,married,tertiary,no,6138,yes,no,unknown,20,may,369,1,-1,0,unknown,0
2214,32,management,married,tertiary,no,578,no,yes,cellular,22,jul,29,2,-1,0,unknown,0
6207,30,technician,married,tertiary,no,569,no,no,cellular,27,aug,976,12,-1,0,unknown,1
2580,34,management,married,tertiary,no,99,no,yes,cellular,3,feb,264,2,-1,0,unknown,0
10903,47,blue-collar,married,secondary,no,2548,yes,no,cellular,11,may,577,1,368,1,other,0
188,41,unknown,single,tertiary,no,1567,no,no,cellular,1,jul,291,2,-1,0,unknown,0
1780,69,retired,married,secondary,no,0,no,no,cellular,25,aug,412,2,-1,0,unknown,1
3096,34,technician,married,secondary,no,-259,yes,no,unknown,27,may,124,2,-1,0,unknown,0
3763,79,retired,divorced,primary,no,2787,no,no,telephone,13,jul,617,1,377,1,success,1
8846,35,blue-collar,married,secondary,no,5639,yes,no,cellular,20,nov,945,2,-1,0,unknown,1
8105,64,retired,married,secondary,no,5966,yes,no,cellular,22,jun,983,1,-1,0,unknown,1
4485,56,management,divorced,tertiary,no,3885,yes,no,cellular,10,jul,51,1,-1,0,unknown,0
2273,43,unknown,married,unknown,no,1517,no,no,unknown,20,jun,45,1,-1,0,unknown,0
8994,32,services,single,secondary,no,2881,no,no,cellular,2,jul,356,1,-1,0,unknown,1
8809,41,blue-collar,married,primary,no,4,no,no,cellular,23,jul,74,5,-1,0,unknown,0
5336,30,technician,single,secondary,no,1165,no,no,cellular,4,jun,204,2,183,3,success,1
6455,40,technician,single,tertiary,no,431,no,no,cellular,7,jul,180,2,-1,0,unknown,1
8688,59,unknown,married,unknown,no,2443,no,no,unknown,20,jun,8,8,-1,0,unknown,0
5785,59,housemaid,married,primary,no,235,no,no,cellular,13,aug,119,2,-1,0,unknown,0
5402,47,management,married,tertiary,no,3663,no,no,cellular,30,mar,364,3,-1,0,unknown,1
10858,29,technician,single,secondary,no,309,yes,no,unknown,13,may,214,1,-1,0,unknown,0
8165,42,management,divorced,tertiary,no,1064,no,no,cellular,18,aug,101,2,-1,0,unknown,0
6903,37,technician,married,secondary,no,1610,no,no,unknown,16,jun,140,2,-1,0,unknown,0
10561,31,management,single,tertiary,no,-173,yes,no,unknown,6,may,396,2,-1,0,unknown,0
2296,42,management,married,tertiary,no,-556,yes,yes,cellular,8,may,682,3,347,3,failure,1
5731,64,management,married,tertiary,no,4688,no,no,cellular,21,oct,200,1,-1,0,unknown,1
9035,52,blue-collar,married,primary,no,1624,no,no,unknown,20,jun,114,3,-1,0,unknown,0
6859,44,technician,divorced,secondary,no,275,no,no,cellular,17,nov,1077,1,-1,0,unknown,1
3758,27,student,single,secondary,no,538,no,no,cellular,4,jun,124,2,-1,0,unknown,1
10899,41,admin.,married,secondary,no,-76,yes,no,cellular,16,apr,263,1,-1,0,unknown,0
5980,39,technician,married,secondary,no,130,no,no,cellular,8,jul,202,2,-1,0,unknown,0
2545,27,blue-collar,married,primary,no,106,yes,no,unknown,30,may,150,5,-1,0,unknown,0
8667,30,technician,single,secondary,no,194,no,yes,cellular,27,aug,60,3,-1,0,unknown,0
9922,42,technician,single,secondary,no,1364,yes,no,unknown,15,may,1867,6,-1,0,unknown,1
385,40,blue-collar,married,secondary,no,1808,yes,no,cellular,12,may,560,1,-1,0,unknown,1
2387,38,admin.,married,secondary,no,11303,no,no,cellular,28,dec,473,2,216,2,failure,1
8217,33,admin.,divorced,tertiary,no,891,no,no,cellular,8,may,398,2,-1,0,unknown,1
2514,36,admin.,single,tertiary,no,994,no,no,cellular,5,feb,195,1,176,5,failure,1
5322,28,technician,single,secondary,no,313,no,no,cellular,9,feb,1183,2,-1,0,unknown,1
1556,31,unemployed,single,primary,no,163,no,no,cellular,30,jan,707,2,2,1,other,1
3727,52,services,married,primary,no,306,yes,no,cellular,13,may,650,5,-1,0,unknown,1
681,47,unknown,married,unknown,no,1880,no,no,unknown,18,jun,64,2,-1,0,unknown,0
9398,29,management,single,tertiary,no,2955,no,no,cellular,29,apr,226,2,-1,0,unknown,1
3606,32,self-employed,married,secondary,no,1942,yes,no,unknown,30,may,84,9,-1,0,unknown,0
8680,41,services,married,unknown,no,1538,no,no,cellular,29,jul,710,2,-1,0,unknown,1
9307,45,management,married,tertiary,no,226,yes,no,cellular,15,feb,91,4,185,6,success,1
3397,29,management,single,tertiary,no,0,yes,no,cellular,13,may,155,1,351,1,failure,0
9119,56,blue-collar,married,secondary,no,1602,yes,no,unknown,6,may,427,1,-1,0,unknown,0
7860,35,management,single,tertiary,no,7918,no,no,cellular,7,sep,497,1,-1,0,unknown,1
5589,44,management,married,tertiary,no,226,yes,no,cellular,14,aug,190,3,270,3,failure,1
2403,51,blue-collar,married,secondary,no,500,no,no,cellular,14,may,471,1,-1,0,unknown,0
8656,48,management,divorced,tertiary,no,313,no,no,cellular,8,may,208,1,-1,0,unknown,0
35,26,entrepreneur,married,tertiary,yes,144,no,yes,cellular,25,jul,730,1,-1,0,unknown,0
4643,42,management,married,tertiary,no,24780,no,no,cellular,6,aug,184,2,-1,0,unknown,0
1525,41,entrepreneur,married,tertiary,no,306,yes,no,unknown,20,jun,102,3,-1,0,unknown,0
1264,35,entrepreneur,married,tertiary,no,-31,yes,no,cellular,21,nov,171,2,-1,0,unknown,0
9913,29,blue-collar,single,secondary,no,908,yes,no,unknown,20,jun,1663,1,-1,0,unknown,1
1060,61,retired,married,tertiary,no,32685,no,no,cellular,2,mar,1447,2,-1,0,unknown,1
8792,59,entrepreneur,married,primary,no,0,no,no,unknown,19,jun,239,1,-1,0,unknown,0
6147,61,management,married,tertiary,no,267,no,no,cellular,20,apr,190,1,-1,0,unknown,1
9897,39,admin.,married,secondary,no,3047,yes,no,cellular,11,may,279,1,370,2,failure,0
6077,28,student,single,secondary,no,28,no,no,cellular,29,jan,220,2,-1,0,unknown,0
5043,35,management,married,tertiary,no,1193,yes,no,unknown,2,jun,101,2,-1,0,unknown,0
4259,35,technician,single,secondary,no,204,yes,no,cellular,25,may,236,1,-1,0,unknown,1
5156,62,blue-collar,married,secondary,no,272,no,no,cellular,11,aug,146,1,286,2,failure,1
6375,53,blue-collar,married,secondary,no,913,yes,no,cellular,23,jul,730,1,-1,0,unknown,0
3066,41,management,married,secondary,no,280,yes,no,cellular,2,jun,88,1,95,2,success,0
2590,78,retired,married,unknown,no,38,no,no,telephone,4,aug,156,1,1,3,other,0
8706,31,student,single,tertiary,no,4951,no,no,cellular,28,jun,150,3,-1,0,unknown,0
3173,42,admin.,married,secondary,no,-1386,yes,yes,cellular,15,jul,56,4,-1,0,unknown,0
1289,39,blue-collar,divorced,secondary,no,36,yes,no,unknown,12,may,109,2,-1,0,unknown,0
10897,39,admin.,married,secondary,no,0,no,no,cellular,27,jan,366,1,436,10,failure,1
7129,43,services,single,secondary,no,3403,yes,no,cellular,12,nov,707,2,97,2,success,1
3574,23,blue-collar,married,secondary,no,272,no,no,cellular,14,aug,100,2,-1,0,unknown,1
3654,29,technician,single,secondary,no,706,yes,no,cellular,18,may,1340,1,-1,0,unknown,1
5795,42,management,married,tertiary,no,559,no,no,cellular,19,aug,88,1,-1,0,unknown,0
9072,51,management,divorced,tertiary,no,119,no,no,cellular,17,nov,200,1,165,2,failure,0
7569,34,technician,married,secondary,no,133,no,no,cellular,15,nov,401,2,187,5,success,1
8698,29,technician,single,tertiary,no,910,yes,no,cellular,11,may,278,1,-1,0,unknown,0
2544,38,technician,married,secondary,no,6728,no,no,cellular,21,aug,252,4,-1,0,unknown,1
10027,33,services,single,secondary,no,152,yes,no,cellular,25,may,202,2,365,2,success,1
6815,41,blue-collar,married,unknown,no,732,yes,no,unknown,16,may,25,1,-1,0,unknown,0
8042,56,admin.,single,secondary,no,-13,no,no,unknown,16,jun,52,3,-1,0,unknown,0
3781,53,technician,divorced,primary,no,1443,yes,no,unknown,14,may,476,1,-1,0,unknown,1
9966,26,services,single,tertiary,no,0,no,yes,telephone,1,jul,261,4,-1,0,unknown,1
2111,43,blue-collar,single,primary,no,-399,no,yes,cellular,28,jul,662,3,-1,0,unknown,1
10074,27,management,single,tertiary,yes,0,no,yes,cellular,8,jul,46,1,-1,0,unknown,0
3432,34,management,single,unknown,no,6013,yes,no,cellular,18,may,612,1,-1,0,unknown,1
5977,34,technician,single,tertiary,no,9851,yes,no,cellular,20,nov,128,5,-1,0,unknown,0
9313,55,services,married,tertiary,no,606,no,yes,cellular,18,nov,114,2,-1,0,unknown,0
4660,45,management,married,tertiary,yes,-577,yes,yes,cellular,24,jul,204,1,-1,0,unknown,0
9846,45,admin.,married,secondary,no,6971,no,no,cellular,22,may,119,1,-1,0,unknown,0
2552,41,management,divorced,tertiary,no,5037,no,no,cellular,23,apr,252,9,185,5,other,1
2947,30,blue-collar,married,secondary,no,673,yes,no,unknown,20,may,610,2,-1,0,unknown,0
9577,32,technician,single,tertiary,no,703,yes,no,cellular,3,feb,489,2,271,2,success,0
7279,30,admin.,single,secondary,no,98,yes,no,cellular,23,jul,100,5,-1,0,unknown,0
10455,34,blue-collar,married,secondary,no,800,no,no,cellular,5,apr,144,1,-1,0,unknown,1
4835,44,admin.,married,secondary,yes,0,no,yes,unknown,30,jun,76,3,-1,0,unknown,0
8156,37,blue-collar,married,unknown,no,1508,no,yes,unknown,6,jun,381,2,-1,0,unknown,1
8757,67,management,married,secondary,no,1287,no,no,cellular,2,feb,511,1,-1,0,unknown,0
6826,57,retired,married,primary,no,318,no,no,cellular,22,aug,371,4,-1,0,unknown,0
10099,67,management,married,tertiary,no,405,no,no,cellular,7,aug,345,2,-1,0,unknown,1
8320,30,technician,married,secondary,no,455,yes,no,cellular,21,nov,758,1,-1,0,unknown,1
7676,39,blue-collar,married,secondary,no,171,yes,yes,cellular,8,may,153,1,353,1,failure,0
3444,52,blue-collar,married,secondary,no,665,yes,no,unknown,15,may,57,4,-1,0,unknown,0
7201,31,management,single,tertiary,no,41,yes,no,cellular,18,aug,392,2,-1,0,unknown,0
6684,60,admin.,married,secondary,no,106,no,no,cellular,21,aug,216,3,91,1,success,1
4181,31,entrepreneur,single,unknown,no,301,yes,no,cellular,4,feb,371,1,-1,0,unknown,0
1639,66,technician,married,secondary,no,0,no,no,cellular,6,feb,751,1,-1,0,unknown,1
1032,32,management,single,tertiary,no,312,no,no,cellular,26,may,208,2,98,2,success,1
8700,49,technician,divorced,secondary,no,305,no,no,cellular,24,jul,367,2,-1,0,unknown,1
7758,50,blue-collar,married,primary,no,1064,yes,no,cellular,8,aug,31,2,-1,0,unknown,0
1224,53,self-employed,married,tertiary,no,20,yes,no,cellular,7,aug,218,2,-1,0,unknown,0
3589,47,technician,divorced,tertiary,no,8422,no,no,cellular,8,aug,200,4,-1,0,unknown,0
1603,36,services,single,secondary,no,365,no,no,cellular,4,may,643,1,-1,0,unknown,1
4020,35,management,single,tertiary,no,992,no,yes,cellular,1,sep,238,1,-1,0,unknown,1
9582,25,technician,single,secondary,no,505,no,yes,cellular,17,nov,386,2,-1,0,unknown,1
5703,37,blue-collar,married,secondary,no,740,yes,no,cellular,7,may,434,3,342,2,failure,0
3411,41,technician,single,tertiary,no,1104,no,no,unknown,9,jun,352,1,-1,0,unknown,0
10462,60,blue-collar,married,unknown,no,2090,yes,no,cellular,7,may,957,2,-1,0,unknown,1
8145,31,admin.,married,secondary,no,113,yes,no,cellular,18,nov,474,3,-1,0,unknown,0
1305,30,services,single,secondary,no,773,yes,yes,unknown,4,jun,29,1,-1,0,unknown,0
1618,32,self-employed,single,tertiary,no,386,yes,no,cellular,18,nov,482,1,-1,0,unknown,1
10305,43,technician,divorced,secondary,no,1612,no,no,cellular,25,may,262,2,353,1,other,1
5179,38,management,married,tertiary,no,590,no,no,cellular,31,jul,49,2,-1,0,unknown,0
2666,39,management,married,tertiary,no,2939,no,no,cellular,6,oct,608,1,99,3,failure,1
8062,45,blue-collar,married,secondary,no,-221,yes,yes,unknown,3,jun,170,1,-1,0,unknown,0
3184,22,blue-collar,single,secondary,no,-51,yes,no,cellular,15,may,859,1,-1,0,unknown,1
1453,43,management,divorced,tertiary,no,2367,no,no,cellular,1,jun,114,1,38,2,other,1
9634,44,technician,married,secondary,no,1901,no,no,cellular,6,aug,165,2,-1,0,unknown,0
10180,53,technician,married,tertiary,no,9001,no,no,cellular,5,apr,170,1,-1,0,unknown,1
8431,58,blue-collar,married,primary,no,5188,yes,no,cellular,25,aug,606,6,-1,0,unknown,1
2809,39,management,married,tertiary,no,45,no,no,cellular,28,aug,148,4,-1,0,unknown,0
3510,35,services,single,primary,no,167,no,yes,cellular,11,jul,614,2,-1,0,unknown,1
5767,41,services,married,secondary,no,0,yes,no,unknown,5,may,114,2,-1,0,unknown,0
6776,35,self-employed,married,secondary,no,524,yes,no,cellular,21,nov,484,4,-1,0,unknown,0
2138,37,admin.,single,tertiary,no,1000,yes,no,cellular,15,jun,322,1,90,1,success,1
2865,37,services,married,secondary,no,393,yes,yes,cellular,13,may,95,1,357,1,failure,0
1513,27,services,married,secondary,no,0,yes,no,cellular,17,jul,991,5,-1,0,unknown,1
10234,34,technician,divorced,secondary,no,-276,yes,no,unknown,29,may,175,3,-1,0,unknown,0
5383,39,management,single,tertiary,no,5073,yes,no,cellular,12,may,1182,1,286,4,failure,1
3906,39,technician,single,secondary,no,1104,no,no,cellular,20,nov,333,2,105,2,success,0
7855,56,admin.,married,secondary,no,33,no,yes,cellular,19,nov,111,1,-1,0,unknown,0
5908,41,blue-collar,married,secondary,no,213,yes,no,unknown,8,may,10,2,-1,0,unknown,0
7589,30,admin.,married,tertiary,no,285,no,no,cellular,5,feb,693,2,-1,0,unknown,0
8850,68,retired,married,tertiary,no,2820,no,no,cellular,3,dec,154,1,97,2,failure,1
10831,73,retired,married,primary,no,796,no,no,cellular,23,apr,888,1,182,3,success,1
10714,53,admin.,married,secondary,no,1796,no,no,telephone,16,mar,295,1,91,2,success,1
246,30,services,single,secondary,no,1824,yes,no,cellular,21,jul,153,2,-1,0,unknown,0
10663,28,management,single,tertiary,no,637,yes,no,cellular,4,feb,324,1,-1,0,unknown,0
301,45,entrepreneur,married,tertiary,no,20138,yes,no,cellular,20,nov,871,5,-1,0,unknown,1
6663,48,blue-collar,single,primary,no,8990,no,no,telephone,2,feb,1790,2,-1,0,unknown,1
3436,34,blue-collar,married,secondary,no,1682,yes,yes,cellular,28,jul,123,3,-1,0,unknown,0
2918,29,blue-collar,single,secondary,no,9,yes,no,cellular,11,may,262,3,-1,0,unknown,0
3577,25,admin.,single,secondary,no,120,yes,no,unknown,3,jun,542,1,-1,0,unknown,0
3440,41,admin.,married,tertiary,no,1,yes,no,telephone,18,may,327,2,361,3,failure,1
6850,73,retired,married,primary,no,508,no,no,cellular,14,jun,154,4,97,1,success,0
1059,38,technician,single,secondary,no,0,no,no,cellular,22,aug,305,2,-1,0,unknown,0
9340,32,admin.,married,secondary,no,684,yes,no,cellular,14,may,607,3,-1,0,unknown,1
9529,48,management,divorced,tertiary,no,148,no,no,cellular,12,aug,152,2,-1,0,unknown,0
5887,39,services,married,secondary,no,2,yes,no,cellular,25,jul,174,10,-1,0,unknown,0
1186,47,technician,married,secondary,no,2246,yes,no,cellular,10,jul,330,1,-1,0,unknown,0
1057,46,blue-collar,married,secondary,no,922,yes,no,telephone,18,nov,296,2,-1,0,unknown,0
2317,37,technician,single,tertiary,no,147,no,no,unknown,7,may,416,2,-1,0,unknown,0
7625,23,admin.,single,secondary,no,252,yes,no,cellular,15,may,56,1,-1,0,unknown,0
11120,35,management,divorced,tertiary,no,2885,no,no,cellular,13,aug,199,3,43,8,other,1
7218,52,management,married,tertiary,no,659,no,no,cellular,23,jul,517,4,-1,0,unknown,0
11079,43,blue-collar,married,secondary,no,699,yes,yes,cellular,20,nov,1258,2,122,2,other,1
348,37,management,divorced,tertiary,no,122,yes,no,unknown,19,may,1622,2,-1,0,unknown,1
3011,59,management,married,tertiary,no,315,no,no,cellular,2,mar,591,1,176,2,failure,1
11068,35,technician,married,secondary,no,249,no,no,cellular,21,aug,205,8,-1,0,unknown,0
1961,43,services,divorced,secondary,no,313,yes,no,cellular,8,may,155,2,-1,0,unknown,0
3886,23,student,single,secondary,no,8494,no,no,cellular,25,aug,158,2,-1,0,unknown,0
10708,39,self-employed,married,secondary,no,4722,yes,no,unknown,17,jun,483,1,-1,0,unknown,0
9833,36,admin.,single,unknown,no,1815,no,no,unknown,5,jun,387,1,-1,0,unknown,0
10536,37,self-employed,married,secondary,yes,0,yes,no,cellular,17,jul,158,1,-1,0,unknown,0
4505,26,student,single,tertiary,no,294,no,no,cellular,5,mar,87,1,91,2,success,1
5474,49,management,single,tertiary,no,7443,no,no,telephone,19,jun,293,5,211,2,failure,1
2059,41,unemployed,married,tertiary,no,0,no,no,cellular,29,apr,882,1,181,3,success,1
8323,47,housemaid,divorced,primary,no,1405,no,no,unknown,12,jun,127,1,-1,0,unknown,0
5473,53,technician,married,secondary,no,1319,no,no,unknown,19,jun,1318,3,-1,0,unknown,1
662,28,admin.,single,secondary,no,4745,no,no,telephone,12,may,360,1,181,5,success,1
1519,60,retired,married,primary,no,1588,no,no,cellular,6,oct,728,1,-1,0,unknown,1
6970,32,admin.,married,secondary,no,1604,no,yes,cellular,7,jul,625,1,-1,0,unknown,1
8177,40,technician,married,secondary,no,8379,no,no,unknown,12,jun,52,6,-1,0,unknown,0
4054,24,services,single,secondary,no,414,yes,no,cellular,18,may,493,1,370,1,other,1
6145,59,retired,married,secondary,no,2291,no,yes,cellular,14,jul,127,3,-1,0,unknown,0
5801,31,technician,married,tertiary,no,120,no,no,cellular,8,aug,1000,1,-1,0,unknown,1
3242,35,admin.,married,secondary,no,557,yes,no,cellular,17,jun,54,4,-1,0,unknown,0
9041,29,technician,married,secondary,no,273,no,no,cellular,4,feb,2775,2,-1,0,unknown,1
5173,40,entrepreneur,married,primary,no,3676,yes,yes,unknown,15,may,101,1,-1,0,unknown,0
2932,35,management,married,tertiary,no,8,no,no,cellular,23,apr,93,3,-1,0,unknown,1
7028,34,management,single,tertiary,no,549,no,no,cellular,6,oct,1246,2,-1,0,unknown,1
487,40,admin.,divorced,secondary,no,2129,no,no,cellular,30,apr,452,1,-1,0,unknown,1
7353,32,management,single,tertiary,no,12569,no,no,cellular,1,jul,561,2,295,2,success,1
6757,27,services,single,secondary,no,302,no,no,cellular,3,jul,203,1,-1,0,unknown,1
4467,55,management,divorced,tertiary,no,-207,no,no,cellular,2,feb,211,1,-1,0,unknown,0
11044,52,services,married,secondary,no,992,yes,no,cellular,27,jan,342,1,92,2,success,1
10803,24,student,single,secondary,no,1925,no,no,cellular,11,aug,1363,1,-1,0,unknown,1
9883,35,management,single,tertiary,no,671,yes,no,cellular,10,mar,112,1,-1,0,unknown,1
7767,70,retired,married,secondary,no,2575,no,no,telephone,20,apr,216,2,-1,0,unknown,1
7601,53,management,married,tertiary,no,34230,yes,yes,cellular,7,may,279,1,358,9,other,0
7874,34,management,single,tertiary,no,-292,yes,no,cellular,19,aug,181,6,-1,0,unknown,0
3263,43,technician,married,secondary,no,3285,yes,no,unknown,13,may,1721,2,-1,0,unknown,1
9411,35,admin.,divorced,secondary,no,1085,no,no,cellular,5,jun,199,1,86,7,success,1
7263,20,student,single,secondary,no,215,no,no,cellular,24,nov,325,1,95,5,success,1
3148,42,blue-collar,married,secondary,no,1958,yes,no,unknown,30,may,124,3,-1,0,unknown,0
1786,26,student,single,secondary,no,655,no,no,cellular,16,sep,190,1,-1,0,unknown,1
5613,34,services,divorced,secondary,no,0,yes,yes,unknown,20,may,203,1,-1,0,unknown,0
3711,48,services,single,primary,no,-139,no,no,cellular,13,may,75,2,-1,0,unknown,0
4014,36,services,divorced,secondary,no,115,no,no,unknown,6,jun,201,1,-1,0,unknown,0
7338,29,unemployed,single,primary,no,550,no,no,cellular,29,jan,801,1,-1,0,unknown,1
8330,46,management,married,tertiary,no,0,yes,no,cellular,14,jul,247,2,-1,0,unknown,0
5741,54,retired,married,secondary,no,522,no,yes,cellular,14,jul,81,3,-1,0,unknown,0
2080,23,services,married,secondary,no,1309,yes,no,unknown,3,jun,349,2,-1,0,unknown,0
6555,61,retired,married,tertiary,no,5267,no,no,cellular,11,feb,226,3,-1,0,unknown,1
6042,33,services,married,secondary,no,22,yes,no,unknown,5,may,71,1,-1,0,unknown,0
1343,26,technician,single,tertiary,no,515,no,no,cellular,31,may,775,1,-1,0,unknown,1
7241,38,technician,married,secondary,no,205,no,no,cellular,26,may,332,1,-1,0,unknown,1
3531,24,technician,married,secondary,no,556,yes,no,cellular,6,nov,368,2,80,2,success,1
3514,37,management,married,tertiary,no,108,yes,yes,cellular,4,jun,262,2,-1,0,unknown,1
2001,36,management,married,tertiary,no,3874,no,no,cellular,25,aug,425,6,-1,0,unknown,0
454,47,unemployed,single,tertiary,no,2500,no,no,cellular,30,jan,240,1,-1,0,unknown,0
3043,37,entrepreneur,married,primary,no,62,no,no,cellular,31,jul,404,2,-1,0,unknown,0
4406,73,retired,married,tertiary,no,1843,no,no,cellular,11,sep,106,2,-1,0,unknown,1
6175,33,services,single,secondary,no,100,yes,no,cellular,14,may,11,8,297,7,other,0
5761,23,student,single,secondary,no,486,no,no,cellular,3,mar,87,1,-1,0,unknown,0
824,38,management,married,tertiary,no,1722,yes,no,cellular,10,jul,500,1,-1,0,unknown,1
852,41,entrepreneur,married,tertiary,no,121,yes,no,cellular,5,may,456,1,287,1,failure,0
10660,44,management,married,tertiary,no,4119,yes,yes,telephone,21,nov,1074,1,-1,0,unknown,1
9139,43,services,divorced,secondary,no,5571,no,no,unknown,9,jun,149,1,-1,0,unknown,0
1720,29,blue-collar,single,secondary,no,2,yes,yes,cellular,21,apr,379,5,-1,0,unknown,1
6671,30,entrepreneur,married,secondary,no,-346,yes,yes,cellular,22,jul,88,1,-1,0,unknown,0
8801,50,technician,married,tertiary,no,3117,no,no,cellular,20,nov,44,2,164,1,failure,0
6353,42,management,divorced,tertiary,no,266,no,yes,cellular,28,jan,228,1,-1,0,unknown,0
8961,42,housemaid,married,primary,yes,16,no,no,unknown,11,jun,79,1,-1,0,unknown,0
8417,42,services,divorced,secondary,no,444,no,no,cellular,21,nov,171,1,-1,0,unknown,0
4414,54,management,married,tertiary,no,184,no,no,cellular,6,feb,13,6,-1,0,unknown,0
6227,55,technician,married,tertiary,no,1320,no,no,cellular,28,jul,340,1,91,2,success,1
6278,34,self-employed,married,primary,no,7468,yes,yes,cellular,30,apr,383,1,-1,0,unknown,1
8384,26,blue-collar,single,secondary,no,311,yes,no,cellular,7,may,798,2,-1,0,unknown,1
7173,60,retired,married,tertiary,no,108,no,no,cellular,26,aug,624,1,-1,0,unknown,1
10710,49,services,married,secondary,no,486,yes,yes,unknown,30,may,43,2,-1,0,unknown,0
3143,49,services,married,primary,no,468,no,no,cellular,5,aug,608,2,-1,0,unknown,0
6974,37,management,married,tertiary,no,21,no,no,cellular,21,aug,50,12,-1,0,unknown,0
5958,76,retired,divorced,primary,no,802,no,no,cellular,9,mar,241,1,181,5,success,1
1814,40,technician,married,secondary,no,990,yes,no,cellular,6,feb,252,3,-1,0,unknown,0
10865,31,student,single,tertiary,no,4951,no,no,cellular,17,sep,285,3,81,3,failure,1
1047,31,self-employed,single,secondary,no,762,no,no,cellular,11,aug,312,3,-1,0,unknown,0
8039,45,admin.,married,secondary,no,0,no,yes,telephone,15,jul,533,3,-1,0,unknown,1
1225,35,technician,single,secondary,no,27,yes,no,cellular,25,may,214,1,305,1,other,1
8137,45,self-employed,divorced,tertiary,yes,75,yes,yes,cellular,4,feb,236,1,-1,0,unknown,0
2495,47,entrepreneur,married,secondary,no,0,no,no,unknown,5,jun,1446,1,-1,0,unknown,1
1590,53,housemaid,married,unknown,no,0,no,no,cellular,22,aug,207,1,-1,0,unknown,0
1226,27,admin.,single,secondary,no,3,yes,no,cellular,8,may,346,2,-1,0,unknown,0
9181,30,services,single,secondary,no,-100,yes,yes,cellular,15,may,292,1,-1,0,unknown,0
3201,32,blue-collar,married,secondary,no,2263,no,no,cellular,7,may,113,2,-1,0,unknown,0
9625,40,technician,single,secondary,no,153,no,no,cellular,7,aug,125,2,-1,0,unknown,0
4128,27,technician,single,secondary,no,0,no,no,cellular,6,feb,161,1,-1,0,unknown,0
6865,29,blue-collar,single,secondary,no,16,no,no,unknown,12,may,197,3,-1,0,unknown,0
5822,28,blue-collar,married,secondary,no,-470,yes,no,cellular,7,may,275,2,-1,0,unknown,0
4216,43,blue-collar,married,primary,no,3917,no,no,cellular,3,jun,725,2,93,1,success,1
8748,34,admin.,married,tertiary,no,79,yes,no,cellular,5,aug,203,1,92,5,success,1
4738,51,management,divorced,tertiary,no,1267,yes,no,unknown,30,may,254,2,-1,0,unknown,0
1028,29,technician,divorced,secondary,no,328,yes,yes,cellular,4,feb,25,1,-1,0,unknown,0
3078,42,blue-collar,married,secondary,no,429,yes,no,cellular,18,may,110,1,370,1,failure,0
10518,55,retired,married,secondary,no,2312,no,no,unknown,12,jun,60,1,-1,0,unknown,0
2792,51,management,single,tertiary,yes,-55,yes,no,cellular,11,may,281,2,266,6,failure,0
5715,46,blue-collar,married,secondary,no,1723,no,no,cellular,17,jun,176,2,52,7,failure,1
8488,20,student,single,primary,no,0,no,no,cellular,1,feb,143,5,91,8,failure,0
2712,42,management,single,tertiary,yes,0,yes,no,cellular,21,nov,824,1,-1,0,unknown,1
950,54,management,married,tertiary,no,0,yes,no,cellular,24,jul,140,2,-1,0,unknown,0
6958,27,blue-collar,married,secondary,no,197,no,no,telephone,23,jul,222,1,-1,0,unknown,0
10982,40,management,married,tertiary,no,7780,no,no,telephone,4,may,364,1,355,1,other,0
2826,36,admin.,married,secondary,no,746,yes,no,cellular,17,nov,581,3,-1,0,unknown,0
4528,32,management,single,tertiary,no,597,no,yes,cellular,24,jul,869,1,-1,0,unknown,0
4760,32,management,single,tertiary,no,316,yes,no,cellular,29,jan,215,3,-1,0,unknown,0
1924,41,management,divorced,tertiary,no,647,yes,no,unknown,16,may,270,1,-1,0,unknown,0
323,37,admin.,married,tertiary,no,0,yes,no,cellular,17,nov,65,2,119,1,failure,0
2142,41,management,married,tertiary,no,1897,yes,no,unknown,19,may,335,3,-1,0,unknown,0
4121,33,blue-collar,married,secondary,no,315,no,no,cellular,4,feb,146,3,-1,0,unknown,1
6388,46,management,married,secondary,no,149,no,no,cellular,21,nov,1222,2,-1,0,unknown,1
4665,37,services,single,tertiary,no,1189,no,no,cellular,13,sep,323,9,199,4,other,1
7300,37,services,married,secondary,no,981,no,no,cellular,7,jul,682,2,386,1,success,1
8851,50,technician,married,secondary,no,2218,yes,no,cellular,17,aug,711,1,-1,0,unknown,1
11141,51,technician,married,secondary,no,6840,no,no,telephone,7,jul,257,1,-1,0,unknown,1
2830,43,blue-collar,married,secondary,no,14646,no,no,cellular,23,oct,210,1,-1,0,unknown,1
8927,40,management,divorced,tertiary,no,205,no,no,cellular,25,jul,357,1,-1,0,unknown,0
1512,47,blue-collar,married,secondary,no,238,yes,yes,cellular,13,mar,3076,1,-1,0,unknown,1
3676,28,services,single,secondary,no,458,no,no,cellular,4,feb,112,4,201,3,failure,0
66,24,admin.,single,tertiary,no,0,yes,no,cellular,27,may,122,2,-1,0,unknown,1
5146,41,blue-collar,married,secondary,no,449,yes,yes,cellular,12,may,313,2,-1,0,unknown,0
1714,22,management,single,tertiary,no,760,no,no,telephone,7,dec,6,1,-1,0,unknown,0
1237,49,blue-collar,married,primary,no,23,yes,no,unknown,23,may,247,1,-1,0,unknown,0
8278,28,blue-collar,married,secondary,no,4287,no,no,cellular,30,apr,171,1,-1,0,unknown,0
9537,36,blue-collar,married,primary,no,599,yes,no,unknown,21,may,649,2,-1,0,unknown,1
5396,39,blue-collar,divorced,secondary,no,33,no,no,cellular,29,jan,593,4,-1,0,unknown,0
6127,58,blue-collar,married,secondary,no,25,no,no,unknown,9,jun,486,3,-1,0,unknown,1
8559,54,unemployed,single,secondary,no,380,no,no,cellular,17,nov,696,2,-1,0,unknown,1
3012,22,technician,single,secondary,no,283,yes,no,cellular,22,mar,254,2,-1,0,unknown,1
216,38,technician,single,tertiary,no,5122,yes,no,cellular,20,nov,370,1,184,1,failure,0
9200,35,housemaid,married,primary,no,113,yes,no,cellular,17,jul,923,2,-1,0,unknown,1
4732,44,management,married,tertiary,no,0,yes,no,unknown,28,may,260,1,-1,0,unknown,0
10071,28,admin.,married,secondary,no,170,yes,yes,unknown,21,may,492,1,-1,0,unknown,0
2395,36,management,married,tertiary,no,3770,yes,no,cellular,31,jul,150,4,-1,0,unknown,0
1197,27,admin.,married,secondary,no,-97,yes,no,unknown,18,jun,1528,2,-1,0,unknown,1
418,29,self-employed,single,tertiary,no,476,yes,no,cellular,18,may,427,1,-1,0,unknown,1
4681,58,retired,married,secondary,no,13,no,no,cellular,7,aug,92,4,-1,0,unknown,0
3941,52,management,married,tertiary,no,7192,no,no,cellular,4,aug,1486,1,-1,0,unknown,1
4727,35,management,married,tertiary,no,2717,no,no,cellular,13,aug,394,6,-1,0,unknown,1
2433,62,retired,married,secondary,no,569,no,no,cellular,4,feb,94,5,184,1,success,1
3423,33,admin.,married,tertiary,no,882,no,no,cellular,22,apr,104,1,183,4,failure,1
7267,52,admin.,divorced,secondary,no,363,yes,no,cellular,21,aug,168,1,462,1,success,1
4664,37,unemployed,married,secondary,no,459,no,no,cellular,20,nov,109,4,-1,0,unknown,0
9298,59,retired,divorced,primary,no,217,yes,no,unknown,26,may,574,3,-1,0,unknown,0
7250,41,blue-collar,married,secondary,no,2067,yes,no,unknown,20,jun,120,4,-1,0,unknown,0
1356,36,admin.,married,tertiary,no,586,yes,no,cellular,28,jan,126,1,-1,0,unknown,0
1700,71,retired,married,primary,no,4657,no,no,cellular,16,feb,93,5,-1,0,unknown,1
955,35,management,married,tertiary,no,-468,yes,no,cellular,30,jul,540,8,-1,0,unknown,1
3396,48,housemaid,single,secondary,no,71,no,no,cellular,28,aug,97,3,-1,0,unknown,0
5415,32,technician,married,secondary,no,348,yes,no,cellular,17,jul,926,1,-1,0,unknown,1
3580,29,blue-collar,married,primary,no,-382,yes,no,cellular,28,jul,35,2,-1,0,unknown,0
8880,47,blue-collar,married,primary,no,2749,yes,no,cellular,30,apr,774,2,164,1,failure,1
5149,34,services,married,secondary,no,190,yes,no,cellular,15,may,121,3,-1,0,unknown,0
8521,34,technician,single,tertiary,no,0,yes,no,cellular,17,apr,158,2,-1,0,unknown,0
6604,28,blue-collar,single,secondary,no,4054,yes,no,cellular,11,may,133,2,-1,0,unknown,0
2703,46,management,married,secondary,no,5559,no,no,unknown,17,jun,483,1,-1,0,unknown,0
2717,60,technician,divorced,secondary,no,-50,no,no,cellular,28,aug,433,12,-1,0,unknown,0
168,35,technician,married,tertiary,no,432,no,no,cellular,12,aug,104,8,-1,0,unknown,0
197,45,services,single,secondary,no,1515,no,no,unknown,20,jun,14,4,-1,0,unknown,0
5723,36,management,married,tertiary,no,0,yes,no,telephone,23,oct,140,1,143,3,failure,1
10471,30,student,single,tertiary,no,7529,no,no,cellular,19,oct,328,1,-1,0,unknown,1
4049,39,technician,married,secondary,no,211,no,no,telephone,6,feb,53,2,-1,0,unknown,0
1376,26,technician,single,secondary,no,354,no,no,cellular,16,jul,586,1,-1,0,unknown,1
9532,32,management,married,tertiary,no,6138,no,no,cellular,29,jul,519,2,90,9,failure,1
2183,32,management,married,tertiary,no,2458,yes,no,cellular,4,may,77,2,-1,0,unknown,0
1715,22,admin.,single,tertiary,no,897,yes,no,cellular,4,feb,133,4,-1,0,unknown,1
7848,33,admin.,single,tertiary,no,146,no,no,cellular,23,jul,351,3,-1,0,unknown,1
8362,52,self-employed,married,secondary,no,-488,yes,no,unknown,29,may,322,1,-1,0,unknown,0
3895,36,blue-collar,married,primary,no,243,yes,yes,unknown,30,may,118,2,-1,0,unknown,0
9586,31,blue-collar,single,secondary,no,1205,yes,no,cellular,16,apr,462,1,328,2,other,0
339,32,management,single,tertiary,no,311,no,no,unknown,12,may,757,2,-1,0,unknown,1
5327,27,student,single,secondary,no,6036,no,no,cellular,31,mar,175,1,181,1,failure,1
8741,34,blue-collar,married,secondary,no,29,yes,no,cellular,15,may,285,5,-1,0,unknown,1
2511,31,services,divorced,primary,no,459,yes,no,cellular,7,may,623,1,293,1,success,1
4051,29,management,single,unknown,no,560,no,no,cellular,5,apr,459,1,307,1,failure,1
1429,67,retired,married,tertiary,no,1341,no,no,cellular,13,feb,706,1,-1,0,unknown,1
5618,30,management,single,tertiary,no,12857,yes,no,cellular,6,nov,150,1,-1,0,unknown,1
3991,42,technician,divorced,secondary,no,305,yes,no,cellular,28,aug,82,4,-1,0,unknown,0
98,41,entrepreneur,married,primary,no,39,yes,no,cellular,21,nov,549,2,-1,0,unknown,1
10860,37,technician,single,tertiary,no,0,yes,no,cellular,23,jul,366,6,-1,0,unknown,1
2841,55,management,married,tertiary,no,154,no,no,telephone,11,may,70,2,367,3,failure,0
11127,36,services,married,secondary,no,4721,no,no,cellular,9,dec,149,3,-1,0,unknown,1
2386,28,admin.,single,secondary,no,144,no,yes,cellular,8,jul,136,1,-1,0,unknown,0
9090,23,blue-collar,married,secondary,no,94,yes,no,unknown,5,may,193,1,-1,0,unknown,0
3638,30,blue-collar,married,secondary,no,278,yes,yes,unknown,23,may,1073,1,-1,0,unknown,1
3721,34,management,single,tertiary,no,76,yes,no,cellular,13,may,747,2,371,3,failure,1
9148,45,services,married,primary,no,7811,no,no,unknown,16,jun,143,2,-1,0,unknown,0
4609,27,admin.,single,tertiary,no,689,no,no,cellular,26,jan,98,1,307,1,failure,0
2871,25,management,married,primary,no,168,yes,no,unknown,3,jun,801,1,-1,0,unknown,1
11109,46,technician,married,secondary,no,0,no,no,cellular,28,aug,63,2,-1,0,unknown,0
2983,53,services,divorced,secondary,no,36,yes,yes,unknown,2,jul,25,1,417,1,success,1
4115,33,services,single,secondary,no,170,no,no,cellular,7,jul,782,1,-1,0,unknown,1
3977,32,services,single,secondary,no,182,yes,no,cellular,6,may,145,1,-1,0,unknown,0
361,32,technician,single,secondary,no,1279,yes,no,unknown,3,jun,1173,3,-1,0,unknown,1
2719,36,technician,married,secondary,no,1345,yes,no,cellular,18,nov,82,1,172,3,failure,0
2363,32,blue-collar,married,unknown,no,1267,yes,no,cellular,18,may,66,2,-1,0,unknown,0
330,36,blue-collar,married,secondary,no,536,yes,no,cellular,8,apr,274,3,-1,0,unknown,1
9935,42,management,married,primary,no,5310,yes,no,cellular,20,aug,273,1,90,3,success,1
6479,46,management,married,tertiary,no,0,no,no,cellular,26,may,401,1,-1,0,unknown,0
10089,47,admin.,single,secondary,no,3957,yes,no,telephone,11,may,58,3,334,3,other,0
5066,60,retired,divorced,secondary,no,1091,no,no,cellular,30,jul,441,5,-1,0,unknown,1
227,40,unemployed,single,tertiary,no,7968,no,no,cellular,2,jun,596,1,-1,0,unknown,1
10013,27,management,single,tertiary,no,390,no,no,cellular,28,oct,190,1,82,1,success,0
4650,56,admin.,married,secondary,no,105,no,no,telephone,15,jul,80,2,-1,0,unknown,0
1476,56,blue-collar,married,primary,no,136,no,no,cellular,4,aug,270,1,-1,0,unknown,0
6200,45,admin.,divorced,secondary,no,0,yes,no,cellular,17,nov,102,1,-1,0,unknown,0
2877,47,admin.,single,secondary,no,3531,yes,no,cellular,7,jul,49,6,-1,0,unknown,0
9422,38,management,married,tertiary,no,0,no,no,cellular,28,aug,77,18,-1,0,unknown,0
2661,30,management,single,tertiary,no,265,no,no,cellular,25,nov,295,1,93,3,success,0
4809,34,entrepreneur,married,secondary,no,456,yes,yes,cellular,28,aug,137,8,-1,0,unknown,0
9209,57,services,divorced,secondary,no,-752,yes,no,unknown,28,may,102,1,-1,0,unknown,0
8262,37,admin.,married,secondary,no,1967,no,no,cellular,27,may,242,1,212,1,success,1
8308,30,services,single,secondary,yes,-366,yes,no,cellular,18,jul,516,1,-1,0,unknown,1
4462,52,blue-collar,married,primary,no,306,no,no,cellular,28,jan,223,1,-1,0,unknown,1
9769,36,management,married,tertiary,no,1257,no,no,cellular,8,feb,108,9,101,1,other,0
9045,54,retired,divorced,tertiary,no,0,no,no,unknown,13,may,618,1,-1,0,unknown,1
7964,37,management,married,tertiary,no,393,yes,no,cellular,14,may,567,3,275,4,failure,1
5628,44,housemaid,married,secondary,no,192,no,no,unknown,11,jun,232,2,-1,0,unknown,0
206,36,management,divorced,tertiary,no,81,no,yes,cellular,22,jul,560,1,-1,0,unknown,1
9660,33,technician,married,secondary,yes,72,yes,no,unknown,6,may,623,1,-1,0,unknown,0
3203,35,services,married,secondary,no,52,yes,no,cellular,2,mar,378,4,-1,0,unknown,1
8412,28,management,single,tertiary,no,1825,no,no,cellular,9,mar,236,1,-1,0,unknown,1
3358,36,services,divorced,secondary,yes,0,no,yes,cellular,15,jul,687,7,-1,0,unknown,1
7358,35,technician,married,secondary,no,0,yes,yes,cellular,17,nov,199,1,-1,0,unknown,0
9074,29,blue-collar,married,primary,no,544,no,yes,cellular,21,jul,121,4,-1,0,unknown,0
9317,27,technician,single,tertiary,no,11862,no,no,telephone,25,may,281,5,101,1,success,0
4640,31,blue-collar,single,secondary,no,2194,no,no,cellular,13,may,275,2,357,1,other,0
516,40,self-employed,married,secondary,yes,-754,yes,yes,unknown,3,jun,941,3,-1,0,unknown,1
916,31,admin.,married,secondary,no,35,no,no,cellular,30,apr,615,1,-1,0,unknown,1
6787,32,management,single,tertiary,no,312,no,no,cellular,17,feb,232,2,-1,0,unknown,1
551,38,blue-collar,married,primary,no,1852,yes,no,cellular,13,may,606,1,-1,0,unknown,1
7567,36,management,single,tertiary,no,3343,no,no,cellular,18,nov,307,1,-1,0,unknown,0
8884,47,admin.,married,secondary,no,1210,no,no,cellular,26,oct,604,1,91,4,failure,1
8143,49,blue-collar,married,primary,no,3,no,yes,cellular,9,jul,1439,6,-1,0,unknown,1
2440,30,management,single,tertiary,no,1541,no,no,cellular,18,aug,471,8,-1,0,unknown,1
3093,57,management,married,secondary,no,123,no,no,cellular,2,feb,154,2,-1,0,unknown,0
5332,27,admin.,single,tertiary,no,1993,yes,no,cellular,5,may,102,5,-1,0,unknown,0
4929,50,management,single,tertiary,no,1200,no,no,cellular,14,aug,904,3,-1,0,unknown,1
5448,54,technician,single,secondary,no,224,no,no,cellular,5,aug,134,2,-1,0,unknown,0
2101,34,management,single,tertiary,no,2159,no,no,unknown,18,feb,386,1,-1,0,unknown,1
5935,35,technician,single,secondary,no,183,no,no,cellular,23,oct,281,1,52,4,failure,1
8765,27,technician,divorced,secondary,no,1977,yes,no,cellular,22,may,449,1,-1,0,unknown,1
9648,35,technician,married,secondary,no,410,yes,no,cellular,20,nov,67,2,-1,0,unknown,0
10961,27,technician,single,secondary,no,337,no,no,unknown,9,jul,23,1,-1,0,unknown,1
8575,26,unemployed,single,tertiary,no,814,no,no,cellular,28,jan,1387,1,-1,0,unknown,1
5595,40,services,married,secondary,no,181,yes,no,unknown,16,may,370,1,-1,0,unknown,0
8817,49,admin.,single,tertiary,no,228,yes,no,cellular,2,jun,407,1,92,1,success,1
7732,64,unemployed,divorced,secondary,no,588,no,no,cellular,8,mar,409,1,-1,0,unknown,1
1539,57,retired,single,tertiary,no,842,no,no,cellular,13,aug,284,3,-1,0,unknown,1
1545,25,technician,single,secondary,no,0,no,yes,cellular,8,jul,634,1,-1,0,unknown,1
10008,40,technician,married,secondary,no,42,no,no,cellular,13,aug,1842,2,-1,0,unknown,1
8153,39,blue-collar,single,tertiary,no,48,no,no,cellular,3,jun,539,1,-1,0,unknown,1
5199,71,retired,married,tertiary,no,14220,yes,no,cellular,9,sep,397,1,-1,0,unknown,1
1182,39,self-employed,married,tertiary,no,1047,no,no,unknown,6,jun,554,1,-1,0,unknown,1
729,56,admin.,married,primary,no,202,yes,no,unknown,9,may,178,2,-1,0,unknown,0
7958,25,management,single,tertiary,no,2140,no,no,cellular,1,oct,81,1,-1,0,unknown,0
374,46,management,divorced,secondary,no,361,yes,no,unknown,19,may,86,7,-1,0,unknown,0
10084,48,admin.,married,primary,no,3644,yes,yes,telephone,31,jul,1039,9,-1,0,unknown,1
1826,27,student,single,secondary,no,538,no,no,cellular,18,dec,170,4,197,2,success,1
593,35,blue-collar,married,primary,no,0,yes,no,cellular,8,may,265,1,290,2,failure,0
5252,69,retired,married,unknown,no,426,no,no,telephone,10,sep,211,2,185,2,success,1
2298,33,technician,single,tertiary,no,8097,no,yes,cellular,21,aug,500,2,-1,0,unknown,0
9250,52,management,married,secondary,no,189,no,no,cellular,22,aug,90,2,-1,0,unknown,0
9272,26,technician,single,secondary,no,44,no,no,cellular,30,oct,217,1,-1,0,unknown,1
2311,39,technician,married,secondary,no,10685,yes,no,cellular,25,jul,1369,9,-1,0,unknown,1
8050,41,management,divorced,tertiary,no,4567,yes,yes,cellular,16,jul,106,1,-1,0,unknown,0
9237,50,management,married,unknown,no,8345,no,no,cellular,27,feb,194,1,261,1,failure,1
6336,42,self-employed,married,secondary,no,1216,yes,no,cellular,23,apr,296,1,521,1,failure,1
3373,38,management,single,secondary,no,399,yes,no,cellular,11,aug,367,4,-1,0,unknown,0
8103,37,technician,single,tertiary,no,197,no,no,cellular,16,nov,175,1,200,1,success,1
8669,50,admin.,married,secondary,no,715,no,no,cellular,28,aug,131,13,-1,0,unknown,0
9086,37,technician,single,secondary,yes,375,no,no,unknown,9,jun,223,2,-1,0,unknown,0
572,64,retired,divorced,secondary,no,4833,no,no,cellular,20,oct,621,1,181,3,failure,1
10515,42,management,married,tertiary,no,2665,yes,no,cellular,4,jun,280,2,126,11,failure,1
1117,44,blue-collar,married,primary,no,2657,yes,no,unknown,20,jun,202,2,-1,0,unknown,0
9396,41,blue-collar,divorced,primary,no,0,no,no,cellular,30,jul,509,2,-1,0,unknown,1
3104,47,blue-collar,married,secondary,no,2775,no,no,unknown,14,may,262,1,-1,0,unknown,0
1950,62,retired,married,secondary,no,2801,yes,yes,cellular,9,sep,261,1,183,1,success,1
1223,71,retired,married,tertiary,no,653,no,no,telephone,26,feb,367,1,-1,0,unknown,1
5953,31,management,married,tertiary,no,2603,yes,no,cellular,11,feb,280,4,-1,0,unknown,1
1034,43,technician,single,secondary,no,1195,yes,no,unknown,15,may,516,9,-1,0,unknown,0
10281,54,management,divorced,tertiary,no,-449,yes,no,cellular,14,may,691,1,-1,0,unknown,1
9601,31,management,single,tertiary,no,518,yes,no,cellular,18,may,399,1,-1,0,unknown,0
2813,35,blue-collar,single,secondary,no,855,yes,no,cellular,12,may,549,1,300,1,success,1
507,37,services,married,secondary,no,217,yes,no,cellular,11,may,152,1,-1,0,unknown,0
3054,25,management,single,tertiary,no,2305,no,no,cellular,3,feb,207,1,-1,0,unknown,0
746,32,technician,married,primary,no,62,yes,yes,unknown,13,may,120,1,-1,0,unknown,0
5377,33,management,single,tertiary,no,349,no,no,cellular,22,aug,182,1,-1,0,unknown,0
7062,38,unemployed,married,secondary,no,995,no,no,unknown,26,jul,84,1,-1,0,unknown,0
3124,55,management,married,secondary,no,2410,yes,no,cellular,17,nov,135,1,-1,0,unknown,0
2062,49,self-employed,divorced,secondary,no,6116,yes,no,cellular,21,nov,43,1,-1,0,unknown,0
7344,59,technician,married,secondary,no,259,no,no,cellular,18,mar,224,1,-1,0,unknown,1
3718,23,student,single,tertiary,no,0,no,no,cellular,10,aug,213,1,-1,0,unknown,1
9167,27,admin.,married,secondary,no,710,yes,yes,cellular,6,may,653,1,334,2,success,1
1018,27,management,single,secondary,no,924,yes,no,cellular,3,feb,84,1,-1,0,unknown,0
2819,29,management,single,unknown,no,698,no,no,cellular,8,feb,186,1,-1,0,unknown,0
734,59,retired,married,unknown,no,178,yes,no,telephone,11,jul,330,2,-1,0,unknown,0
7046,36,management,married,tertiary,no,203,no,no,cellular,23,jul,608,3,179,2,success,1
5944,32,management,married,tertiary,no,3387,yes,no,cellular,15,may,1111,5,-1,0,unknown,1
10740,42,management,married,tertiary,no,386,yes,no,unknown,7,may,168,1,-1,0,unknown,0
10623,56,management,married,secondary,no,230,no,no,unknown,9,may,73,4,-1,0,unknown,0
9578,36,blue-collar,single,primary,no,2176,yes,no,unknown,28,may,52,2,-1,0,unknown,0
3480,39,technician,divorced,secondary,no,507,no,no,cellular,20,aug,173,4,-1,0,unknown,0
10114,30,unemployed,married,tertiary,no,330,no,no,cellular,3,jul,264,1,80,1,success,1
1307,46,blue-collar,married,primary,no,-388,yes,yes,cellular,10,jul,207,1,-1,0,unknown,0
6381,41,self-employed,single,tertiary,no,1081,no,no,cellular,27,may,229,3,-1,0,unknown,1
8799,30,self-employed,married,tertiary,no,2666,no,no,cellular,4,feb,467,1,-1,0,unknown,1
3568,43,technician,married,secondary,no,4945,yes,no,cellular,3,sep,219,3,185,2,success,1
5663,29,services,single,secondary,no,1934,no,no,cellular,29,sep,271,1,-1,0,unknown,1
3091,50,management,divorced,tertiary,no,810,no,no,cellular,15,sep,91,1,103,3,success,1
10824,54,management,married,tertiary,no,6525,yes,no,cellular,19,nov,133,1,170,3,failure,0
6821,29,services,single,secondary,no,887,no,no,cellular,4,feb,343,1,-1,0,unknown,0
6513,30,admin.,married,secondary,no,873,yes,no,telephone,12,nov,119,1,167,3,success,0
4734,40,management,single,tertiary,no,27,no,no,cellular,27,aug,165,6,-1,0,unknown,0
9446,33,blue-collar,married,secondary,yes,2,no,no,unknown,23,may,74,4,-1,0,unknown,0
1690,52,blue-collar,married,secondary,no,580,no,no,cellular,21,nov,965,2,-1,0,unknown,1
4804,42,technician,married,secondary,no,2,no,no,unknown,29,may,249,2,-1,0,unknown,0
9418,45,technician,married,secondary,no,879,no,no,cellular,7,jul,621,2,-1,0,unknown,1
8731,31,technician,single,tertiary,yes,24,no,no,cellular,21,aug,246,2,-1,0,unknown,0
5017,30,management,married,tertiary,no,882,no,no,cellular,22,aug,102,6,-1,0,unknown,0
6221,25,blue-collar,single,secondary,no,543,yes,no,cellular,15,may,302,1,-1,0,unknown,0
6983,28,blue-collar,single,tertiary,no,1984,yes,no,cellular,4,may,32,2,14,1,failure,0
27,47,admin.,married,secondary,no,1387,yes,no,cellular,14,oct,158,1,826,1,failure,0
7379,42,technician,married,secondary,no,994,yes,no,cellular,12,nov,227,3,93,6,success,1
8978,38,admin.,married,primary,no,1487,no,no,unknown,9,jun,332,2,-1,0,unknown,0
6135,31,unemployed,married,secondary,no,-825,yes,no,unknown,7,may,179,2,-1,0,unknown,0
3871,35,technician,single,tertiary,no,13460,yes,no,cellular,15,may,1068,3,-1,0,unknown,1
9928,29,management,single,tertiary,no,92,no,no,cellular,2,mar,175,5,-1,0,unknown,1
5024,33,management,married,tertiary,no,62,yes,no,cellular,2,feb,102,1,264,1,failure,0
5870,39,blue-collar,married,secondary,no,284,yes,yes,cellular,17,apr,1426,2,318,6,failure,0
7704,32,admin.,married,tertiary,no,390,yes,yes,cellular,5,may,100,1,243,1,other,0
6059,30,management,single,tertiary,no,297,no,no,cellular,8,nov,188,1,-1,0,unknown,1
8373,35,admin.,single,secondary,no,303,no,no,cellular,24,sep,173,2,190,10,other,1
6065,31,technician,single,tertiary,no,424,no,no,cellular,29,jan,106,1,161,2,failure,0
2227,42,management,married,unknown,no,1519,no,no,cellular,19,jul,268,1,-1,0,unknown,1
1210,30,student,single,tertiary,no,3300,no,no,cellular,21,nov,1571,1,-1,0,unknown,1
4521,42,blue-collar,married,secondary,no,790,yes,no,unknown,29,may,356,2,-1,0,unknown,0
5917,46,unemployed,divorced,secondary,no,3354,yes,no,cellular,19,nov,522,1,174,1,success,1
7693,39,services,married,secondary,no,53,no,no,unknown,5,mar,257,1,394,1,failure,1
10849,28,blue-collar,married,primary,no,-55,yes,no,unknown,7,may,361,2,-1,0,unknown,0
837,35,entrepreneur,married,secondary,no,2971,no,no,cellular,4,may,429,4,164,2,failure,1
4565,52,management,married,tertiary,no,11650,yes,no,cellular,17,nov,48,1,-1,0,unknown,0
7599,58,services,divorced,secondary,no,462,no,no,cellular,13,nov,495,1,93,1,success,1
6249,82,retired,married,primary,no,8603,no,no,cellular,22,oct,306,3,107,1,success,1
3705,60,admin.,single,secondary,no,473,no,no,cellular,5,feb,175,2,8,1,other,0
2096,36,technician,divorced,tertiary,no,119,no,no,cellular,23,jul,127,8,-1,0,unknown,0
8286,57,retired,married,primary,no,1532,no,no,telephone,6,feb,286,3,-1,0,unknown,0
2882,36,management,married,tertiary,no,495,no,no,cellular,11,sep,91,1,37,5,success,1
5138,52,self-employed,divorced,secondary,no,385,no,yes,cellular,26,aug,96,4,-1,0,unknown,0
7047,46,services,divorced,secondary,no,355,yes,no,cellular,8,may,122,2,338,8,other,0
6378,27,blue-collar,single,tertiary,no,644,no,no,cellular,2,jun,657,1,182,1,success,1
5152,40,management,single,tertiary,no,0,yes,no,cellular,23,feb,228,2,182,6,failure,1
3790,73,retired,married,primary,no,934,no,no,cellular,14,sep,961,5,-1,0,unknown,1
811,28,admin.,married,secondary,no,934,yes,no,unknown,4,jul,53,2,-1,0,unknown,0
889,38,blue-collar,married,secondary,no,602,yes,no,unknown,30,may,161,12,-1,0,unknown,0
2942,59,blue-collar,married,primary,no,229,yes,yes,unknown,7,may,19,1,-1,0,unknown,0
619,35,technician,single,secondary,no,-54,yes,no,unknown,30,may,70,2,-1,0,unknown,0
6636,46,admin.,married,secondary,no,70,yes,no,cellular,27,mar,229,2,-1,0,unknown,1
1228,50,technician,divorced,secondary,no,8016,no,no,cellular,17,jul,903,4,-1,0,unknown,0
4475,58,self-employed,married,tertiary,no,2596,no,no,telephone,18,nov,15,2,-1,0,unknown,0
2005,44,blue-collar,single,primary,no,10984,no,no,unknown,20,jun,258,18,-1,0,unknown,0
2697,32,management,married,tertiary,no,628,no,no,cellular,30,apr,280,1,-1,0,unknown,0
450,28,admin.,single,secondary,no,1076,yes,no,unknown,2,jun,537,5,-1,0,unknown,0
2936,31,technician,married,secondary,no,465,yes,no,cellular,12,may,259,3,-1,0,unknown,0
5424,51,blue-collar,married,primary,no,129,yes,no,cellular,15,may,611,2,-1,0,unknown,1
4455,35,technician,single,secondary,no,1001,no,yes,cellular,24,jul,178,2,-1,0,unknown,0
7590,31,management,single,tertiary,no,147,no,no,cellular,9,mar,469,1,181,2,success,1
967,42,services,married,secondary,no,154,yes,no,telephone,14,may,346,5,372,1,other,0
460,33,blue-collar,single,secondary,no,1794,yes,no,cellular,12,may,360,1,173,1,other,0
966,59,retired,married,tertiary,no,148,yes,yes,cellular,8,may,685,2,366,1,other,1
821,37,admin.,married,secondary,yes,0,no,no,unknown,9,jun,89,1,-1,0,unknown,0
11010,29,admin.,married,secondary,no,-150,yes,no,unknown,6,may,328,1,-1,0,unknown,0
350,31,technician,single,secondary,no,253,no,no,cellular,13,jan,262,1,-1,0,unknown,0
4267,30,management,single,tertiary,no,1191,no,no,cellular,11,aug,381,4,-1,0,unknown,0
7444,34,technician,married,secondary,no,1026,no,no,cellular,12,nov,319,1,100,6,failure,0
9128,27,admin.,married,tertiary,no,346,no,no,cellular,11,oct,212,1,-1,0,unknown,1
733,45,technician,single,tertiary,no,2033,no,no,cellular,15,jun,243,5,285,2,success,1
1122,34,entrepreneur,married,tertiary,no,1076,yes,no,cellular,5,feb,136,10,-1,0,unknown,1
2521,34,technician,single,secondary,no,920,yes,no,cellular,29,oct,250,1,342,5,failure,0
47,45,technician,divorced,unknown,yes,-25,no,yes,unknown,3,jul,158,3,-1,0,unknown,0
4581,60,technician,married,secondary,no,294,no,no,telephone,3,jun,206,4,-1,0,unknown,1
8391,29,management,single,tertiary,no,874,yes,no,cellular,16,sep,152,1,103,1,success,1
6265,31,blue-collar,married,secondary,no,0,yes,no,unknown,10,aug,97,1,782,1,other,1
3368,32,management,single,tertiary,no,2360,no,no,cellular,3,feb,152,2,160,5,other,1
7293,46,blue-collar,married,primary,no,977,no,yes,telephone,2,feb,436,3,-1,0,unknown,1
600,35,technician,single,secondary,no,144,no,no,cellular,22,jul,163,2,-1,0,unknown,0
6542,40,blue-collar,married,secondary,no,0,yes,no,unknown,16,may,167,2,-1,0,unknown,0
9567,71,retired,divorced,primary,no,275,no,no,cellular,14,jun,293,1,425,1,success,1
6920,59,retired,married,secondary,no,599,yes,no,cellular,7,may,31,1,-1,0,unknown,0
652,69,retired,single,tertiary,no,2144,no,no,cellular,29,jul,417,1,184,4,success,1
8146,31,admin.,single,secondary,no,162,yes,no,unknown,28,may,247,1,-1,0,unknown,0
5056,33,blue-collar,single,primary,no,863,yes,no,telephone,13,may,622,3,-1,0,unknown,1
2282,68,retired,married,secondary,no,0,no,no,cellular,22,jun,586,1,-1,0,unknown,1
4172,27,management,single,secondary,no,843,no,no,cellular,8,jan,187,1,-1,0,unknown,1
4215,32,management,married,tertiary,no,4945,no,no,cellular,4,jun,160,1,119,2,other,1
8230,43,technician,married,secondary,no,994,yes,yes,cellular,5,may,51,1,-1,0,unknown,0
6001,54,technician,divorced,secondary,no,2156,yes,no,cellular,30,apr,258,1,86,5,success,1
7081,33,blue-collar,married,secondary,no,1541,yes,no,unknown,23,may,423,2,-1,0,unknown,0
480,42,management,married,primary,no,860,yes,no,unknown,15,may,90,3,-1,0,unknown,0
9623,57,retired,divorced,primary,no,720,no,no,telephone,17,feb,202,4,-1,0,unknown,1
7038,32,management,married,tertiary,no,1812,no,no,cellular,4,aug,296,1,182,4,other,1
4420,56,management,married,primary,no,7747,no,no,unknown,5,jun,103,2,-1,0,unknown,0
3112,31,blue-collar,married,secondary,no,4471,yes,no,unknown,9,may,296,2,-1,0,unknown,0
2178,54,technician,married,tertiary,no,876,no,no,cellular,27,oct,269,3,541,3,success,1
6825,29,self-employed,married,secondary,no,425,yes,no,unknown,5,jun,562,15,-1,0,unknown,1
9071,36,management,married,primary,no,1506,no,no,cellular,14,aug,326,3,-1,0,unknown,1
9168,32,management,single,tertiary,no,4291,no,no,cellular,7,aug,1321,9,-1,0,unknown,1
2377,49,unemployed,married,secondary,no,769,yes,no,unknown,14,may,257,1,-1,0,unknown,0
5513,37,blue-collar,married,secondary,no,10721,yes,no,unknown,18,jun,394,3,-1,0,unknown,0
1730,44,management,married,tertiary,no,-600,yes,no,cellular,18,aug,360,1,-1,0,unknown,0
4623,36,technician,married,tertiary,no,911,yes,yes,cellular,25,may,117,2,21,3,failure,1
7387,30,management,married,tertiary,no,-250,yes,no,unknown,20,jun,11,6,-1,0,unknown,0
5572,37,entrepreneur,married,tertiary,no,1649,no,yes,cellular,1,jul,140,3,-1,0,unknown,1
599,54,blue-collar,divorced,primary,no,4401,no,no,telephone,13,may,414,1,183,2,success,1
869,29,management,married,tertiary,no,941,yes,no,unknown,4,jun,570,11,-1,0,unknown,0
10923,30,technician,single,secondary,no,925,no,no,cellular,20,nov,240,1,-1,0,unknown,0
2561,30,admin.,single,secondary,no,-548,yes,yes,cellular,28,jul,70,2,-1,0,unknown,0
1973,33,blue-collar,married,primary,no,0,no,no,cellular,8,may,174,1,-1,0,unknown,0
453,30,admin.,married,secondary,no,1310,no,no,telephone,27,oct,3284,1,-1,0,unknown,0
6150,27,management,single,tertiary,yes,0,yes,no,unknown,19,may,352,1,-1,0,unknown,0
2131,41,entrepreneur,married,primary,no,0,no,no,unknown,16,jun,630,2,-1,0,unknown,0
794,22,student,single,unknown,no,466,no,no,cellular,30,jun,377,1,-1,0,unknown,1
1046,50,management,married,secondary,no,0,yes,no,unknown,14,may,94,4,-1,0,unknown,0
1254,49,technician,married,tertiary,no,503,no,no,unknown,1,jul,297,2,-1,0,unknown,0
3615,51,blue-collar,married,primary,no,844,yes,no,unknown,29,may,184,3,-1,0,unknown,0
9651,40,blue-collar,married,secondary,no,95,no,yes,unknown,20,jun,61,4,-1,0,unknown,0
4456,46,technician,single,secondary,no,874,no,no,cellular,19,nov,819,3,-1,0,unknown,1
6867,52,management,married,tertiary,no,2428,yes,no,cellular,21,nov,294,1,116,3,failure,0
2126,35,technician,married,secondary,no,1067,no,yes,cellular,12,aug,179,6,-1,0,unknown,0
319,50,services,married,primary,no,5024,yes,yes,cellular,7,may,661,1,267,11,other,1
10881,37,services,single,tertiary,no,223,yes,no,unknown,28,may,25,1,-1,0,unknown,0
256,30,management,single,tertiary,no,222,no,yes,cellular,4,feb,111,1,204,2,other,0
11146,27,management,single,tertiary,no,6791,no,no,cellular,5,aug,179,2,69,26,other,1
3784,26,management,married,tertiary,no,775,no,no,unknown,19,may,35,3,-1,0,unknown,0
7072,54,management,married,tertiary,no,1464,no,no,cellular,30,jun,157,1,-1,0,unknown,1
4322,34,blue-collar,single,unknown,no,129,yes,yes,cellular,16,nov,295,1,200,2,success,1
10725,59,retired,divorced,primary,no,20,no,no,cellular,10,jul,298,1,-1,0,unknown,0
9236,36,management,married,tertiary,no,8564,yes,no,unknown,23,may,125,1,-1,0,unknown,0
9415,39,self-employed,married,tertiary,no,-3058,yes,yes,cellular,17,apr,882,3,-1,0,unknown,1
2449,73,retired,married,unknown,no,519,no,no,telephone,26,feb,270,3,133,2,success,1
4113,53,admin.,divorced,secondary,no,1151,yes,no,unknown,5,may,412,1,-1,0,unknown,0
2230,53,technician,married,tertiary,no,431,yes,no,cellular,5,may,55,1,328,1,failure,0
4775,38,blue-collar,single,secondary,no,0,no,no,cellular,13,aug,255,2,105,1,failure,0
2727,31,unemployed,married,secondary,no,6,no,no,cellular,4,jun,121,4,-1,0,unknown,1
4612,35,technician,single,tertiary,no,0,yes,no,telephone,28,aug,46,2,-1,0,unknown,0
3759,53,technician,married,tertiary,no,673,yes,no,cellular,9,jul,182,1,-1,0,unknown,0
7805,32,management,single,tertiary,no,520,no,no,cellular,3,feb,443,2,-1,0,unknown,1
3166,34,management,married,tertiary,no,0,yes,no,cellular,30,apr,300,1,86,1,success,1
5927,24,blue-collar,married,secondary,no,1222,yes,no,cellular,20,apr,369,1,-1,0,unknown,0
4013,78,retired,divorced,primary,no,55,no,no,telephone,5,nov,143,3,90,1,other,0
8119,34,management,single,tertiary,no,29,yes,no,cellular,13,may,248,2,-1,0,unknown,0
7053,32,technician,single,secondary,no,1995,yes,no,cellular,20,apr,121,1,-1,0,unknown,1
3924,65,retired,married,primary,no,276,no,no,cellular,22,apr,229,1,-1,0,unknown,1
5916,36,management,married,tertiary,no,495,no,no,cellular,14,jun,187,1,94,9,success,1
10866,34,admin.,married,secondary,no,48,yes,no,cellular,7,may,1806,2,287,3,other,1
728,37,blue-collar,married,primary,no,1322,yes,no,cellular,21,nov,14,8,185,1,other,0
9744,46,admin.,married,tertiary,no,2552,no,no,cellular,3,sep,260,1,94,8,success,1
2746,50,housemaid,married,tertiary,no,6181,no,no,unknown,17,jun,1162,2,-1,0,unknown,0
9927,42,admin.,married,primary,no,-306,yes,no,cellular,17,aug,308,1,459,1,success,1
3841,45,management,married,tertiary,no,81,no,yes,cellular,30,jul,61,3,-1,0,unknown,0
7527,28,admin.,married,secondary,no,1595,no,no,cellular,9,sep,268,1,254,4,success,1
11086,39,blue-collar,married,secondary,no,1403,no,no,cellular,11,may,214,8,326,2,failure,0
5041,47,blue-collar,married,secondary,no,116,yes,no,unknown,8,may,376,2,-1,0,unknown,0
711,37,services,divorced,secondary,no,319,yes,no,unknown,6,jun,467,3,-1,0,unknown,1
8611,31,management,married,tertiary,no,303,yes,no,unknown,14,may,143,1,-1,0,unknown,0
9851,46,self-employed,married,secondary,no,706,no,no,cellular,21,may,588,1,386,3,failure,1
5598,32,management,single,tertiary,no,0,no,no,cellular,22,aug,360,2,-1,0,unknown,0
1004,53,blue-collar,married,secondary,no,1777,yes,no,cellular,21,nov,796,5,154,1,failure,1
7474,47,housemaid,single,tertiary,no,3727,no,no,unknown,12,jun,993,6,-1,0,unknown,1
10050,50,housemaid,married,tertiary,no,5260,yes,no,cellular,24,jul,51,2,-1,0,unknown,0
1428,49,management,married,tertiary,no,395,no,no,cellular,10,dec,336,5,-1,0,unknown,1
2583,39,blue-collar,married,unknown,no,621,yes,no,cellular,20,apr,1333,5,-1,0,unknown,1
4387,28,management,single,tertiary,no,223,yes,no,telephone,27,aug,157,2,119,1,other,1
4092,39,management,single,tertiary,no,93,yes,yes,cellular,13,may,196,2,331,3,failure,0
429,43,management,married,tertiary,no,1379,yes,no,unknown,27,may,383,3,-1,0,unknown,0
7568,33,management,married,tertiary,no,0,yes,no,cellular,9,jul,310,1,-1,0,unknown,0
9190,39,entrepreneur,married,secondary,no,0,no,no,cellular,21,nov,108,7,-1,0,unknown,0
7511,54,unemployed,married,secondary,no,377,no,no,cellular,8,apr,1134,1,-1,0,unknown,1
2547,35,technician,single,secondary,no,126,no,no,cellular,22,aug,112,2,-1,0,unknown,0
5423,26,blue-collar,married,secondary,no,895,yes,no,cellular,4,feb,820,3,-1,0,unknown,0
2627,27,services,married,secondary,no,94,yes,no,unknown,15,may,352,2,-1,0,unknown,0
8627,30,services,single,secondary,no,268,no,no,unknown,24,jul,86,1,-1,0,unknown,0
6194,38,admin.,divorced,secondary,no,198,yes,no,unknown,26,may,431,2,-1,0,unknown,1
6653,36,technician,single,secondary,no,12264,no,no,cellular,11,oct,285,1,182,2,success,1
7151,32,admin.,single,tertiary,no,8866,no,no,cellular,9,jun,234,2,83,2,success,1
4005,32,entrepreneur,married,unknown,no,73,yes,no,cellular,21,nov,158,1,135,1,failure,0
7422,35,technician,single,secondary,no,1609,yes,no,unknown,30,may,288,3,-1,0,unknown,0
6786,35,blue-collar,married,primary,no,526,yes,no,cellular,2,feb,914,2,-1,0,unknown,0
5360,60,management,married,tertiary,no,3301,no,no,unknown,17,jun,2621,3,-1,0,unknown,1
682,31,services,single,secondary,no,629,yes,no,unknown,21,may,369,2,-1,0,unknown,0
1763,45,technician,divorced,secondary,no,2657,no,no,cellular,7,aug,895,3,-1,0,unknown,1
10388,33,blue-collar,married,secondary,no,58,no,no,unknown,16,may,144,2,-1,0,unknown,0
9673,50,management,married,tertiary,no,253,no,no,cellular,28,may,513,9,-1,0,unknown,1
3672,61,housemaid,married,primary,no,211,no,no,cellular,31,aug,443,2,186,3,failure,1
7586,53,technician,married,secondary,no,284,no,no,cellular,1,jun,781,1,-1,0,unknown,1
1129,56,retired,married,secondary,no,1894,yes,no,unknown,15,may,189,1,-1,0,unknown,0
6165,44,management,married,tertiary,no,1058,no,no,cellular,11,mar,188,3,-1,0,unknown,1
10578,56,unemployed,married,secondary,no,660,yes,no,unknown,6,jun,72,3,-1,0,unknown,0
1515,27,admin.,single,secondary,no,18188,yes,no,unknown,12,jun,541,17,-1,0,unknown,1
1087,46,self-employed,married,tertiary,no,-80,yes,no,unknown,12,may,112,2,-1,0,unknown,0
3244,36,management,single,tertiary,no,181,yes,no,cellular,13,may,159,2,278,4,failure,0
2643,31,management,single,tertiary,no,4718,yes,no,cellular,21,nov,536,1,-1,0,unknown,1
1842,81,retired,married,primary,no,5220,no,no,telephone,13,nov,135,1,94,2,other,1
9212,49,services,married,primary,no,1830,yes,no,cellular,15,feb,136,1,-1,0,unknown,1
9547,40,admin.,single,secondary,no,664,no,no,cellular,21,jul,1342,2,-1,0,unknown,1
10418,59,admin.,married,secondary,no,0,yes,no,cellular,10,jul,982,1,-1,0,unknown,1
4607,40,management,divorced,unknown,no,4095,yes,no,cellular,20,apr,281,1,-1,0,unknown,0
8684,32,technician,single,tertiary,no,13711,yes,no,cellular,14,may,638,1,175,3,success,0
2540,42,blue-collar,married,unknown,no,0,no,no,unknown,26,may,270,2,-1,0,unknown,0
8299,45,admin.,married,tertiary,no,2552,no,no,cellular,1,jun,69,1,293,7,failure,1
10454,45,self-employed,married,secondary,no,7,no,no,cellular,20,nov,691,1,-1,0,unknown,1
5529,29,management,married,secondary,no,231,no,no,cellular,14,may,1075,1,14,1,failure,1
4384,59,retired,married,secondary,no,493,no,no,cellular,30,apr,237,1,-1,0,unknown,1
363,41,technician,married,secondary,no,2990,yes,no,unknown,30,may,62,3,-1,0,unknown,0
4024,50,blue-collar,married,primary,no,859,yes,yes,telephone,9,feb,56,5,196,7,failure,0
6119,34,management,married,tertiary,no,0,no,no,cellular,6,aug,139,2,-1,0,unknown,0
9381,40,blue-collar,married,primary,no,2171,yes,no,unknown,9,may,97,1,-1,0,unknown,0
5197,42,blue-collar,single,primary,no,1628,yes,no,cellular,25,jul,590,8,-1,0,unknown,1
5812,59,self-employed,married,tertiary,no,185,no,no,cellular,4,feb,283,1,-1,0,unknown,0
2472,33,management,single,tertiary,no,6807,no,no,cellular,20,apr,163,1,-1,0,unknown,1
4104,35,technician,single,secondary,no,-89,yes,no,cellular,15,may,75,1,368,1,failure,0
1640,38,services,divorced,secondary,no,61,no,no,unknown,5,jun,636,1,-1,0,unknown,1
1647,39,management,single,tertiary,no,202,yes,no,cellular,12,may,59,1,301,1,other,0
1073,33,management,married,tertiary,no,158,no,no,cellular,6,feb,192,2,-1,0,unknown,1
791,55,management,married,tertiary,no,655,no,no,cellular,28,jul,167,6,-1,0,unknown,0
1778,36,admin.,single,secondary,no,11174,yes,no,cellular,15,apr,953,1,-1,0,unknown,1
169,30,technician,married,secondary,no,289,yes,no,cellular,14,aug,1184,4,-1,0,unknown,1
571,34,management,single,tertiary,no,612,no,no,cellular,30,apr,192,1,-1,0,unknown,0
5418,27,management,single,secondary,no,116,yes,no,cellular,6,feb,138,2,-1,0,unknown,0
8847,55,blue-collar,married,primary,no,158,yes,no,unknown,15,may,176,18,-1,0,unknown,0
2898,39,blue-collar,married,primary,no,-176,no,no,cellular,9,jul,176,1,-1,0,unknown,0
9528,36,unemployed,married,secondary,no,439,yes,no,telephone,6,feb,18,6,-1,0,unknown,0
5166,46,management,married,tertiary,no,3,no,no,cellular,18,aug,92,4,-1,0,unknown,0
3995,50,management,single,unknown,no,1277,no,no,cellular,4,may,63,1,-1,0,unknown,0
1941,51,housemaid,married,primary,no,108,no,no,unknown,16,jun,278,2,-1,0,unknown,0
5679,42,technician,single,secondary,no,541,yes,no,cellular,5,feb,656,1,-1,0,unknown,1
10554,52,management,married,primary,no,48,no,no,unknown,9,jun,135,2,-1,0,unknown,0
2899,33,admin.,single,secondary,no,572,yes,no,cellular,14,apr,344,1,74,2,failure,1
7333,34,management,married,tertiary,no,3301,yes,no,cellular,17,sep,164,5,92,6,success,1
3846,34,technician,single,tertiary,no,1039,no,no,cellular,11,aug,342,3,-1,0,unknown,0
689,52,blue-collar,divorced,primary,no,0,no,no,cellular,20,nov,19,1,-1,0,unknown,0
6851,59,retired,divorced,primary,no,-88,yes,no,unknown,5,jun,910,2,-1,0,unknown,1
6817,59,retired,married,secondary,no,25947,no,no,cellular,13,aug,292,2,-1,0,unknown,0
6276,39,management,single,tertiary,no,1234,no,no,telephone,29,jul,64,4,-1,0,unknown,0
7472,49,blue-collar,divorced,primary,no,-9,yes,yes,unknown,5,may,389,1,-1,0,unknown,0
5699,49,management,married,secondary,no,249,no,no,telephone,6,nov,234,1,-1,0,unknown,1
5687,26,blue-collar,single,secondary,no,3145,no,no,cellular,28,dec,1141,1,209,1,other,1
9616,54,management,married,secondary,yes,5249,yes,no,cellular,17,nov,108,1,-1,0,unknown,0
8118,58,management,married,tertiary,no,0,no,no,unknown,20,jun,22,4,-1,0,unknown,0
5237,36,blue-collar,married,secondary,no,3463,yes,no,telephone,21,nov,29,4,-1,0,unknown,0
4433,48,management,divorced,tertiary,no,174,no,no,cellular,6,aug,290,2,-1,0,unknown,0
1934,33,management,married,tertiary,no,1808,yes,no,unknown,4,jun,99,4,-1,0,unknown,0
9183,65,housemaid,married,primary,no,715,no,no,cellular,11,mar,323,1,-1,0,unknown,1
3313,20,admin.,single,secondary,no,336,no,yes,cellular,5,jun,133,1,-1,0,unknown,0
342,51,blue-collar,married,primary,no,0,no,no,unknown,8,may,384,1,-1,0,unknown,0
5074,35,management,single,tertiary,no,0,no,no,cellular,25,aug,81,6,-1,0,unknown,0
3265,23,technician,single,unknown,no,231,yes,no,cellular,7,may,560,3,367,1,other,0
10184,26,blue-collar,single,secondary,no,277,no,no,unknown,14,may,514,2,-1,0,unknown,0
84,43,technician,married,secondary,no,4056,no,no,cellular,4,may,13,6,89,2,failure,0
1022,32,technician,married,tertiary,no,-1053,yes,no,cellular,21,jul,357,3,-1,0,unknown,0
8573,26,management,single,tertiary,no,6840,yes,no,unknown,28,may,1560,2,-1,0,unknown,1
6570,35,admin.,married,secondary,no,404,yes,no,unknown,29,may,539,1,-1,0,unknown,1
2589,36,blue-collar,single,primary,no,79,no,no,unknown,20,jun,9,3,-1,0,unknown,0
8127,32,technician,single,tertiary,no,5514,no,no,cellular,22,apr,319,1,182,1,success,1
568,51,housemaid,married,unknown,no,2337,yes,no,cellular,16,apr,251,2,266,3,other,1
4002,55,management,married,tertiary,no,7803,no,no,cellular,15,jan,441,1,-1,0,unknown,1
6781,41,technician,married,secondary,no,-329,no,no,telephone,5,feb,13,8,238,9,other,0
4192,51,management,single,tertiary,no,151,yes,no,cellular,8,sep,638,1,427,3,success,1
6736,33,technician,married,tertiary,no,2728,no,no,cellular,5,aug,295,2,-1,0,unknown,0
9399,48,management,married,tertiary,no,263,yes,no,unknown,5,may,350,2,-1,0,unknown,0
7348,40,admin.,married,secondary,no,1060,yes,no,cellular,17,apr,14,3,-1,0,unknown,0
9534,51,retired,married,primary,no,1495,no,no,telephone,25,jul,1946,4,-1,0,unknown,1
164,32,blue-collar,single,secondary,no,435,yes,no,unknown,21,may,373,2,-1,0,unknown,0
5190,45,unknown,married,tertiary,no,406,no,no,cellular,7,sep,314,1,-1,0,unknown,1
4670,40,blue-collar,married,secondary,no,100,yes,no,unknown,29,may,218,2,-1,0,unknown,0
11000,30,self-employed,married,tertiary,no,163,yes,no,cellular,18,may,149,1,362,8,other,0
6084,33,management,single,tertiary,no,3161,yes,no,cellular,2,apr,313,3,-1,0,unknown,1
8503,47,technician,divorced,secondary,no,440,no,no,cellular,29,jan,147,1,-1,0,unknown,0
370,44,entrepreneur,married,secondary,no,860,yes,yes,cellular,6,may,96,2,295,5,failure,0
6837,29,management,married,secondary,no,0,yes,no,unknown,2,jun,85,4,-1,0,unknown,0
7335,59,management,divorced,tertiary,no,893,yes,no,cellular,16,apr,206,4,-1,0,unknown,0
9638,55,blue-collar,married,secondary,no,3917,yes,no,cellular,18,may,565,1,-1,0,unknown,1
3366,30,self-employed,single,secondary,no,280,no,no,telephone,5,may,92,3,-1,0,unknown,0
2333,26,admin.,single,secondary,no,255,no,no,cellular,14,aug,209,2,106,2,success,1
7420,80,retired,married,primary,no,1861,no,no,telephone,14,apr,563,2,-1,0,unknown,0
5762,27,self-employed,single,tertiary,no,270,yes,no,unknown,27,may,470,2,-1,0,unknown,0
926,36,blue-collar,married,primary,no,21,no,no,telephone,20,nov,35,1,-1,0,unknown,0
9640,53,management,divorced,tertiary,no,2894,yes,no,cellular,5,may,163,1,-1,0,unknown,0
4630,37,admin.,single,secondary,no,728,no,no,cellular,3,feb,129,1,174,2,other,1
6606,52,management,married,tertiary,no,40,no,no,cellular,19,nov,1265,3,-1,0,unknown,1
9886,29,services,single,secondary,no,9,no,yes,cellular,8,jul,202,2,-1,0,unknown,0
1126,33,technician,married,secondary,no,256,yes,no,cellular,18,nov,76,1,-1,0,unknown,0
3058,34,admin.,single,secondary,no,1504,yes,no,unknown,12,may,395,3,-1,0,unknown,0
160,30,management,single,tertiary,yes,35,no,no,cellular,30,jul,185,4,-1,0,unknown,0
7083,37,admin.,married,secondary,no,274,yes,no,unknown,27,may,731,3,-1,0,unknown,1
6453,36,services,single,secondary,no,1227,yes,yes,cellular,4,may,775,5,341,3,failure,1
10673,33,blue-collar,single,unknown,no,129,yes,yes,cellular,30,apr,482,1,161,1,failure,1
7772,25,services,single,secondary,no,382,yes,no,unknown,13,may,392,1,-1,0,unknown,0
5603,76,retired,divorced,primary,no,3049,no,no,cellular,24,mar,170,3,-1,0,unknown,1
7147,55,management,divorced,tertiary,no,668,no,no,cellular,28,aug,25,6,-1,0,unknown,0
8754,33,management,married,tertiary,no,71,no,no,cellular,16,nov,136,1,287,1,failure,0
4438,81,retired,married,primary,no,243,no,no,cellular,27,oct,131,1,-1,0,unknown,1
6460,38,services,married,secondary,no,775,no,no,cellular,12,feb,1835,3,182,2,success,1
7142,31,technician,married,secondary,no,684,yes,no,cellular,7,dec,620,3,-1,0,unknown,1
6583,59,blue-collar,married,primary,no,6212,yes,no,cellular,5,may,574,2,-1,0,unknown,0
4919,40,blue-collar,married,primary,no,-22,yes,no,unknown,19,may,84,3,-1,0,unknown,0
10171,43,unemployed,divorced,secondary,no,1854,no,no,cellular,30,apr,323,1,-1,0,unknown,1
9437,42,admin.,single,secondary,no,4253,yes,no,cellular,13,may,146,1,-1,0,unknown,0
8172,34,admin.,married,tertiary,no,69,no,yes,cellular,3,aug,263,3,251,3,success,1
7537,43,self-employed,single,primary,no,1337,yes,yes,cellular,20,nov,632,2,-1,0,unknown,0
7529,41,admin.,single,secondary,no,2002,yes,no,cellular,15,may,172,2,350,1,failure,0
486,42,technician,married,tertiary,no,13410,no,yes,cellular,14,aug,149,2,-1,0,unknown,0
10625,66,self-employed,married,tertiary,no,147,no,no,telephone,12,jan,411,1,-1,0,unknown,1
7477,47,admin.,single,secondary,no,1693,yes,no,cellular,22,oct,608,2,92,4,other,1
7135,48,management,divorced,tertiary,no,2263,no,no,cellular,29,jul,874,2,-1,0,unknown,1
552,37,admin.,married,secondary,no,68,yes,yes,cellular,13,may,151,2,351,1,failure,0
4488,57,admin.,married,secondary,no,403,yes,no,cellular,18,may,603,1,340,2,other,1
6687,71,retired,married,tertiary,no,3561,no,no,telephone,15,mar,577,7,-1,0,unknown,1
4214,23,housemaid,single,primary,no,93,yes,no,cellular,18,may,70,3,-1,0,unknown,0
7584,38,technician,married,tertiary,no,-1,no,no,cellular,8,aug,188,4,-1,0,unknown,0
3009,47,management,married,tertiary,no,2475,yes,no,cellular,20,nov,1476,4,-1,0,unknown,0
1411,53,blue-collar,married,secondary,no,4380,no,no,telephone,19,aug,223,7,-1,0,unknown,0
4590,32,technician,married,secondary,no,765,yes,yes,cellular,14,apr,850,2,-1,0,unknown,1
10297,76,retired,divorced,primary,no,2693,no,no,cellular,21,oct,107,2,-1,0,unknown,1
3331,42,admin.,married,secondary,no,281,yes,no,unknown,15,may,118,1,-1,0,unknown,0
6701,61,management,married,tertiary,no,0,no,no,cellular,16,oct,136,2,-1,0,unknown,1
6900,60,retired,divorced,tertiary,no,380,no,no,cellular,21,jul,219,1,-1,0,unknown,0
7954,80,retired,married,primary,no,997,no,no,cellular,29,oct,746,2,86,1,other,1
414,38,blue-collar,married,primary,no,178,yes,no,unknown,20,may,245,1,-1,0,unknown,0
4295,53,admin.,married,secondary,no,3765,no,no,unknown,20,jun,1094,3,-1,0,unknown,1
8821,43,technician,married,secondary,no,3288,yes,no,cellular,21,nov,775,3,-1,0,unknown,1
7019,49,entrepreneur,married,secondary,no,-1965,no,yes,telephone,10,jul,317,2,-1,0,unknown,0
2848,35,management,single,tertiary,no,916,yes,no,cellular,14,may,460,2,-1,0,unknown,1
2006,47,admin.,divorced,secondary,no,2232,no,no,cellular,27,may,439,1,103,1,success,1
3188,51,admin.,married,tertiary,no,0,yes,yes,cellular,8,mar,124,2,-1,0,unknown,1
8822,31,admin.,single,secondary,no,626,yes,no,unknown,21,may,211,1,-1,0,unknown,0
10153,29,admin.,married,secondary,no,0,yes,no,unknown,9,may,121,1,-1,0,unknown,0
7100,35,blue-collar,married,secondary,no,-461,no,no,unknown,23,may,339,1,-1,0,unknown,0
957,36,admin.,married,secondary,no,286,yes,no,cellular,22,jul,167,9,-1,0,unknown,0
10786,41,management,divorced,unknown,no,465,yes,no,cellular,22,jul,1508,1,-1,0,unknown,1
4750,54,unknown,married,secondary,no,2206,no,no,cellular,12,nov,104,1,99,2,other,1
211,48,blue-collar,divorced,primary,no,2677,no,no,unknown,20,jun,23,3,-1,0,unknown,0
7820,55,retired,divorced,secondary,no,282,yes,no,unknown,5,jun,99,2,-1,0,unknown,0
6467,53,housemaid,married,primary,no,2581,no,no,cellular,21,oct,828,1,189,1,failure,1
7162,42,management,married,tertiary,no,1272,yes,no,cellular,5,may,117,1,169,1,failure,0
10287,37,admin.,single,secondary,no,4803,no,no,cellular,15,jan,396,2,-1,0,unknown,1
4979,52,technician,married,secondary,no,0,yes,no,cellular,7,sep,211,1,294,1,failure,1
4469,49,self-employed,married,secondary,no,-199,yes,yes,cellular,29,jan,385,1,-1,0,unknown,0
7961,71,technician,married,tertiary,no,383,no,no,cellular,27,apr,388,3,-1,0,unknown,1
8192,31,management,divorced,tertiary,no,373,no,no,cellular,10,feb,132,6,-1,0,unknown,1
28,38,management,married,tertiary,no,613,no,no,cellular,30,apr,242,1,86,1,success,1
914,30,management,single,tertiary,no,640,no,no,cellular,6,feb,124,4,213,2,failure,0
5820,33,technician,married,secondary,no,557,no,no,cellular,4,may,367,1,-1,0,unknown,1
7071,64,retired,divorced,primary,no,315,no,no,cellular,17,feb,154,1,-1,0,unknown,1
1772,59,retired,married,secondary,no,5678,yes,no,unknown,14,may,238,2,-1,0,unknown,0
7126,39,technician,married,secondary,no,24,yes,no,cellular,28,jan,79,4,-1,0,unknown,0
9620,30,admin.,married,secondary,no,590,no,no,cellular,11,aug,443,3,-1,0,unknown,0
8117,35,admin.,divorced,secondary,no,0,no,no,cellular,30,jul,186,6,-1,0,unknown,0
10833,40,entrepreneur,married,tertiary,no,-164,no,no,cellular,7,may,87,1,-1,0,unknown,0
10231,22,student,single,secondary,no,948,no,no,telephone,18,aug,215,1,197,2,failure,1
1675,54,blue-collar,divorced,primary,no,215,yes,no,unknown,4,jun,71,5,-1,0,unknown,0
1123,46,management,married,secondary,no,21,yes,no,cellular,7,may,124,1,338,2,failure,0
3668,75,retired,divorced,secondary,no,2199,no,no,telephone,13,nov,137,1,-1,0,unknown,0
9941,42,management,married,primary,no,5310,yes,no,cellular,22,may,545,2,186,1,success,1
6280,38,management,married,tertiary,no,1875,no,no,cellular,17,nov,286,1,-1,0,unknown,0
4329,35,admin.,married,secondary,no,2,yes,no,cellular,18,mar,194,1,-1,0,unknown,1
3154,38,blue-collar,single,tertiary,no,172,yes,no,cellular,1,apr,1176,1,-1,0,unknown,1
8190,27,admin.,married,tertiary,no,2855,no,no,cellular,22,jul,138,2,178,4,success,1
4454,40,services,married,secondary,no,1305,no,no,cellular,22,jul,255,1,-1,0,unknown,0
4176,58,services,married,primary,no,2946,yes,no,cellular,14,may,467,1,-1,0,unknown,1
7441,26,blue-collar,married,secondary,no,5795,yes,no,cellular,14,may,1094,2,-1,0,unknown,1
10266,69,retired,married,secondary,no,0,no,no,cellular,27,jul,666,1,90,4,success,1
1819,31,services,single,secondary,no,181,no,no,cellular,12,aug,182,1,104,1,success,1
9617,35,technician,single,tertiary,no,670,no,no,cellular,13,oct,301,2,-1,0,unknown,1
4909,45,blue-collar,married,secondary,no,1144,yes,no,unknown,22,oct,676,1,-1,0,unknown,1
5421,55,blue-collar,single,tertiary,no,325,yes,no,unknown,8,may,693,1,-1,0,unknown,0
833,36,technician,single,tertiary,no,197,no,no,cellular,30,apr,260,1,-1,0,unknown,1
4217,50,services,married,secondary,no,1501,no,no,cellular,21,aug,946,4,-1,0,unknown,1
7692,45,unemployed,single,primary,no,8725,no,no,cellular,8,jul,286,2,-1,0,unknown,0
9364,36,admin.,married,secondary,no,1031,no,no,cellular,17,jun,282,4,-1,0,unknown,1
3369,53,management,divorced,tertiary,no,6388,yes,no,telephone,23,jul,203,2,-1,0,unknown,0
2977,33,technician,single,tertiary,no,258,no,no,cellular,12,mar,80,4,-1,0,unknown,1
272,31,self-employed,married,tertiary,no,168,no,no,cellular,4,feb,193,2,-1,0,unknown,1
5541,41,services,married,secondary,no,241,yes,yes,unknown,4,jun,144,1,-1,0,unknown,0
9154,41,blue-collar,married,primary,no,943,yes,no,unknown,29,may,242,3,-1,0,unknown,0
2107,24,management,single,tertiary,no,507,no,no,cellular,3,jul,257,1,-1,0,unknown,1
5426,70,retired,married,secondary,no,2064,no,no,cellular,22,oct,334,1,-1,0,unknown,0
5224,58,admin.,married,unknown,no,0,yes,no,cellular,17,nov,219,1,186,2,failure,0
8937,33,admin.,married,secondary,no,1077,yes,no,cellular,18,may,432,3,374,3,other,0
4350,60,management,married,tertiary,no,2222,yes,no,cellular,11,jul,1120,2,-1,0,unknown,1
10532,29,blue-collar,married,primary,no,-235,yes,no,cellular,22,jul,189,1,-1,0,unknown,0
6481,32,admin.,married,tertiary,no,281,yes,no,unknown,6,may,226,1,-1,0,unknown,0
4246,60,management,married,tertiary,no,474,no,no,cellular,31,aug,415,5,186,3,other,1
1068,29,self-employed,single,tertiary,no,3290,no,no,cellular,12,may,430,1,50,3,success,1
5210,45,management,married,tertiary,no,1529,no,no,cellular,30,jun,160,1,-1,0,unknown,0
8482,30,management,single,tertiary,no,2544,no,no,cellular,9,apr,152,2,-1,0,unknown,1
913,31,management,single,tertiary,no,617,no,no,cellular,4,jun,1161,1,97,2,success,1
5672,52,management,married,unknown,no,2240,yes,no,unknown,13,may,845,1,-1,0,unknown,1
7934,38,management,married,tertiary,no,536,yes,no,cellular,22,oct,234,1,92,1,success,1
8241,31,unemployed,married,secondary,no,20,no,no,telephone,18,nov,52,1,-1,0,unknown,0
10749,31,self-employed,single,tertiary,no,84,no,no,cellular,6,aug,157,4,-1,0,unknown,0
2476,49,technician,married,secondary,yes,-74,yes,no,cellular,19,nov,114,1,-1,0,unknown,0
5020,47,blue-collar,married,secondary,no,1536,yes,no,cellular,17,apr,41,1,301,4,other,0
9799,54,housemaid,married,tertiary,no,2473,no,no,cellular,5,mar,607,2,-1,0,unknown,1
3999,57,blue-collar,married,primary,no,3109,no,no,cellular,2,jun,482,2,-1,0,unknown,1
4082,36,technician,single,tertiary,no,962,yes,no,cellular,8,may,568,1,-1,0,unknown,1
10820,35,blue-collar,married,secondary,no,698,yes,yes,unknown,30,may,1343,3,-1,0,unknown,1
1499,33,management,single,tertiary,no,0,no,no,cellular,11,aug,699,7,-1,0,unknown,1
8456,55,management,divorced,tertiary,no,0,no,no,cellular,22,oct,360,5,-1,0,unknown,1
251,37,management,single,tertiary,no,2173,no,no,cellular,21,nov,158,3,114,1,failure,0
5251,30,admin.,married,secondary,no,873,yes,no,unknown,29,may,792,3,-1,0,unknown,1
11151,50,housemaid,married,primary,no,4,no,no,unknown,16,jun,51,1,-1,0,unknown,0
10723,36,blue-collar,married,secondary,no,418,yes,yes,cellular,13,may,132,2,-1,0,unknown,0
9611,35,management,divorced,tertiary,no,434,yes,no,cellular,13,aug,1314,2,-1,0,unknown,1
6380,70,retired,married,primary,no,324,no,no,cellular,11,aug,632,1,308,6,other,1
8379,35,services,single,secondary,no,1239,yes,no,cellular,5,may,60,2,347,1,failure,0
574,33,admin.,married,tertiary,no,640,no,no,cellular,24,jul,318,1,-1,0,unknown,0
1133,33,self-employed,single,tertiary,no,658,yes,no,cellular,12,apr,93,1,173,2,success,0
4142,29,blue-collar,single,primary,no,213,yes,no,unknown,6,jun,2653,3,-1,0,unknown,1
2373,32,admin.,married,secondary,no,56,yes,no,cellular,2,feb,275,1,258,1,other,0
7827,26,blue-collar,single,secondary,no,82,yes,no,unknown,9,may,654,1,-1,0,unknown,1
9311,54,blue-collar,married,primary,no,2933,yes,no,unknown,15,may,144,2,-1,0,unknown,0
6711,27,blue-collar,single,primary,no,377,no,no,cellular,19,feb,645,2,-1,0,unknown,1
10169,58,unemployed,married,secondary,no,18,no,no,cellular,31,jul,70,1,-1,0,unknown,0
6366,49,technician,married,tertiary,no,-888,no,yes,cellular,21,jul,298,1,-1,0,unknown,0
285,41,blue-collar,married,primary,no,201,yes,no,cellular,3,feb,157,1,-1,0,unknown,1
9284,29,student,single,unknown,no,10332,no,no,cellular,2,nov,46,3,-1,0,unknown,1
9419,41,management,single,tertiary,no,0,no,no,cellular,7,aug,91,2,-1,0,unknown,0
9456,34,technician,married,secondary,no,484,no,no,unknown,9,may,84,4,-1,0,unknown,0
1557,21,services,single,secondary,no,361,no,no,telephone,5,jun,329,1,95,1,other,0
863,42,blue-collar,married,secondary,no,1297,yes,no,cellular,3,apr,697,2,-1,0,unknown,0
6988,46,admin.,married,secondary,no,556,yes,yes,unknown,15,may,646,3,-1,0,unknown,1
1260,44,blue-collar,single,secondary,no,712,yes,yes,cellular,6,apr,740,3,-1,0,unknown,1
2801,44,self-employed,married,secondary,no,304,yes,no,telephone,9,feb,15,5,-1,0,unknown,0
6351,30,technician,single,tertiary,no,4060,no,no,cellular,3,feb,179,1,93,1,other,1
11159,35,technician,married,secondary,no,1144,no,no,cellular,20,aug,197,13,-1,0,unknown,0
4989,51,admin.,married,secondary,no,241,no,no,cellular,7,dec,308,2,-1,0,unknown,1
5341,31,admin.,single,secondary,no,622,no,no,cellular,18,jul,420,1,-1,0,unknown,1
10924,40,services,married,secondary,no,0,yes,yes,cellular,2,feb,226,2,-1,0,unknown,0
10629,39,student,single,tertiary,no,2103,no,no,cellular,2,feb,588,1,-1,0,unknown,1
7435,33,unknown,married,secondary,no,335,no,no,cellular,4,feb,891,2,177,7,failure,1
11147,38,admin.,divorced,secondary,no,930,yes,no,cellular,5,may,46,1,-1,0,unknown,0
7494,29,unemployed,single,secondary,no,2424,no,no,cellular,6,feb,93,1,-1,0,unknown,0
11045,83,retired,divorced,primary,no,4565,no,no,cellular,13,sep,175,2,-1,0,unknown,0
10713,34,technician,single,secondary,no,1279,yes,no,cellular,21,oct,339,3,91,10,success,1
4425,28,unemployed,married,secondary,no,863,yes,yes,unknown,27,may,355,1,-1,0,unknown,0
8914,31,services,single,secondary,no,-475,yes,no,telephone,12,may,232,3,-1,0,unknown,0
4759,54,technician,married,secondary,no,3323,yes,yes,cellular,8,apr,59,3,-1,0,unknown,0
834,44,services,married,secondary,no,1450,yes,no,cellular,14,apr,356,1,314,2,failure,0
8452,34,unemployed,married,secondary,no,200,yes,no,unknown,26,may,155,6,-1,0,unknown,0
4882,35,management,divorced,tertiary,no,1723,yes,no,cellular,25,jul,862,1,-1,0,unknown,1
2090,40,admin.,married,secondary,no,-253,yes,no,cellular,9,jul,177,1,-1,0,unknown,0
1575,28,management,single,tertiary,no,41,yes,no,cellular,15,may,885,3,352,2,other,1
2221,40,blue-collar,married,primary,yes,-509,yes,no,unknown,23,may,298,1,-1,0,unknown,0
9384,54,unknown,married,secondary,no,2206,no,no,cellular,11,feb,449,1,91,3,success,1
1917,43,management,married,unknown,no,5172,yes,no,unknown,29,may,57,3,-1,0,unknown,0
7337,47,blue-collar,married,secondary,no,802,yes,yes,cellular,12,may,289,2,-1,0,unknown,1
6449,39,services,single,secondary,no,322,yes,no,cellular,11,may,35,1,350,1,failure,0
7545,30,admin.,single,secondary,no,270,no,no,cellular,9,feb,123,1,-1,0,unknown,1
7656,40,unemployed,divorced,secondary,no,991,yes,no,unknown,12,jun,316,2,-1,0,unknown,0
6033,41,services,divorced,secondary,no,727,yes,no,cellular,11,may,246,1,-1,0,unknown,0
8448,47,technician,divorced,secondary,no,157,yes,no,cellular,25,aug,163,8,-1,0,unknown,0
263,38,blue-collar,married,primary,no,3419,yes,no,unknown,20,jun,324,5,-1,0,unknown,0
6403,50,entrepreneur,divorced,tertiary,no,223,no,no,cellular,7,jul,264,5,-1,0,unknown,0
678,34,admin.,married,secondary,no,1474,no,no,cellular,2,apr,739,2,-1,0,unknown,1
3326,52,technician,married,secondary,no,930,yes,no,unknown,2,jun,94,16,-1,0,unknown,0
7115,30,management,single,tertiary,no,398,no,no,cellular,27,oct,102,1,180,3,success,1
10772,44,technician,married,tertiary,no,717,no,no,cellular,3,jun,150,2,-1,0,unknown,0
4767,52,blue-collar,married,primary,no,1524,no,no,cellular,3,jul,1007,6,-1,0,unknown,1
2986,33,management,divorced,secondary,no,5,yes,no,unknown,13,may,1346,1,-1,0,unknown,1
6841,22,student,single,secondary,no,71,no,no,cellular,13,jul,337,1,181,2,success,1
6501,38,management,married,tertiary,no,-239,yes,no,unknown,2,jun,221,2,-1,0,unknown,0
6973,39,technician,single,secondary,no,681,yes,no,unknown,5,jun,170,1,-1,0,unknown,0
4556,50,unemployed,married,secondary,no,297,yes,no,cellular,31,jul,29,10,-1,0,unknown,0
615,36,admin.,divorced,secondary,no,592,no,no,cellular,13,oct,204,2,99,5,failure,1
8819,29,management,single,tertiary,no,2531,no,no,cellular,19,aug,634,1,-1,0,unknown,1
8598,56,management,single,tertiary,no,6507,yes,yes,cellular,29,jan,134,1,196,1,failure,0
1207,32,blue-collar,single,primary,no,1918,yes,no,cellular,8,may,318,1,172,1,failure,0
6617,49,unemployed,married,primary,yes,11,yes,no,telephone,31,jul,166,8,-1,0,unknown,0
11095,39,management,married,tertiary,no,494,no,no,cellular,9,sep,216,1,183,5,success,1
4787,55,management,married,tertiary,no,12972,no,no,telephone,18,aug,205,1,-1,0,unknown,1
3913,36,technician,married,tertiary,no,341,no,no,cellular,12,feb,419,2,183,1,success,1
4282,28,management,single,tertiary,no,882,no,yes,cellular,8,jul,107,2,-1,0,unknown,0
8652,60,retired,divorced,secondary,no,545,yes,no,unknown,6,may,1030,1,-1,0,unknown,1
167,44,services,married,secondary,no,191,yes,yes,cellular,7,may,490,1,-1,0,unknown,0
7329,58,self-employed,married,secondary,no,0,yes,no,telephone,3,feb,702,3,264,9,failure,0
8511,42,technician,married,secondary,no,827,no,no,cellular,25,aug,153,3,-1,0,unknown,0
8292,40,management,married,tertiary,no,143,no,no,cellular,13,aug,832,6,-1,0,unknown,0
766,32,management,single,secondary,no,2018,no,no,cellular,11,aug,1238,1,-1,0,unknown,1
5998,47,technician,married,secondary,no,335,no,no,cellular,17,feb,226,1,-1,0,unknown,1
3766,32,technician,single,tertiary,no,1855,no,no,cellular,15,sep,126,2,134,1,other,1
1242,46,management,married,tertiary,no,699,no,no,cellular,30,apr,970,1,87,1,failure,1
5007,61,retired,divorced,primary,no,3624,no,no,cellular,25,nov,342,1,-1,0,unknown,1
4052,52,blue-collar,married,primary,no,230,yes,no,cellular,6,may,198,2,170,2,failure,0
8622,51,management,married,tertiary,no,1612,yes,no,cellular,18,nov,61,2,131,1,failure,0
4367,52,services,married,secondary,no,2993,no,no,cellular,11,mar,96,6,-1,0,unknown,0
5153,44,services,married,secondary,no,808,yes,no,unknown,2,jun,67,2,-1,0,unknown,0
5447,32,services,single,secondary,no,1168,yes,no,cellular,16,nov,411,1,-1,0,unknown,1
3563,29,management,single,tertiary,no,600,yes,no,cellular,18,oct,170,5,-1,0,unknown,0
2307,28,technician,single,secondary,no,3,no,no,telephone,18,may,40,8,349,6,failure,0
10819,34,services,single,tertiary,no,371,no,no,unknown,20,may,77,1,-1,0,unknown,0
5034,35,blue-collar,married,secondary,no,1949,yes,no,unknown,2,jun,200,3,-1,0,unknown,0
7896,30,technician,married,secondary,no,484,yes,no,unknown,6,may,703,1,-1,0,unknown,1
2518,30,unemployed,single,tertiary,no,463,no,no,cellular,22,aug,374,4,-1,0,unknown,0
4871,34,entrepreneur,married,tertiary,no,121,yes,no,telephone,18,may,57,6,-1,0,unknown,0
10491,35,management,married,tertiary,no,611,no,no,cellular,1,oct,305,2,121,1,success,1
4409,36,services,single,secondary,no,760,no,no,unknown,20,jun,9,13,-1,0,unknown,0
4079,40,blue-collar,married,primary,no,-388,yes,no,cellular,4,may,195,3,340,1,failure,0
9135,39,services,single,secondary,no,403,yes,no,cellular,7,may,1262,3,-1,0,unknown,1
2507,50,retired,married,primary,no,29,no,no,unknown,20,jun,135,5,-1,0,unknown,0
3742,42,blue-collar,married,secondary,no,2913,no,no,cellular,3,jun,705,1,195,1,failure,1
2748,37,blue-collar,married,secondary,no,194,yes,no,unknown,12,may,566,7,-1,0,unknown,0
4927,33,self-employed,single,tertiary,no,658,yes,no,cellular,21,oct,307,1,208,1,success,1
2538,36,self-employed,single,tertiary,no,3560,no,no,unknown,2,jun,409,2,-1,0,unknown,0
1008,35,management,single,tertiary,no,1120,no,no,unknown,21,sep,4,1,771,2,success,0
5893,37,management,married,tertiary,no,3723,no,no,cellular,22,may,354,1,-1,0,unknown,1
5627,55,blue-collar,divorced,primary,no,410,no,yes,cellular,11,jul,221,2,-1,0,unknown,0
8797,31,technician,married,tertiary,no,3382,no,no,cellular,30,apr,739,1,-1,0,unknown,1
2683,37,admin.,married,tertiary,no,2741,no,no,unknown,16,jun,204,4,-1,0,unknown,0
10472,53,management,married,primary,no,13901,yes,no,cellular,21,nov,59,1,-1,0,unknown,0
2003,36,admin.,single,secondary,no,810,yes,no,unknown,17,jun,296,1,-1,0,unknown,0
259,35,management,single,tertiary,no,1750,yes,no,cellular,21,apr,333,3,-1,0,unknown,1
9061,47,entrepreneur,divorced,secondary,no,392,yes,yes,cellular,19,nov,125,1,-1,0,unknown,0
3022,23,blue-collar,single,secondary,no,492,yes,no,unknown,4,jun,638,1,-1,0,unknown,1
9356,33,management,single,tertiary,no,1781,no,no,cellular,8,oct,611,2,183,1,success,1
1038,40,admin.,single,secondary,no,90,yes,no,unknown,2,jun,252,4,-1,0,unknown,0
7242,33,admin.,single,secondary,no,555,yes,no,cellular,9,sep,204,1,365,1,success,1
4519,31,self-employed,single,tertiary,no,1815,no,no,telephone,9,feb,1541,1,-1,0,unknown,1
4091,39,services,married,secondary,no,3870,yes,no,cellular,20,apr,72,1,-1,0,unknown,0
2722,26,student,single,secondary,no,0,yes,no,unknown,5,may,610,2,-1,0,unknown,0
6714,36,blue-collar,married,secondary,no,1165,yes,no,unknown,13,may,1001,4,-1,0,unknown,1
1979,57,technician,married,secondary,no,589,yes,no,cellular,28,jan,198,1,244,1,other,0
2222,27,management,single,tertiary,no,1720,no,no,cellular,3,nov,284,2,273,1,failure,1
1178,50,management,married,tertiary,yes,72,no,no,cellular,22,aug,171,13,-1,0,unknown,0
7291,31,blue-collar,single,secondary,no,1207,yes,no,cellular,17,apr,163,2,-1,0,unknown,0
3965,37,management,single,tertiary,no,698,no,no,cellular,8,sep,1081,2,-1,0,unknown,1
4011,26,admin.,single,secondary,no,766,no,no,cellular,15,oct,457,2,-1,0,unknown,1
2907,26,unemployed,single,secondary,no,111,no,no,cellular,9,jul,537,1,-1,0,unknown,1
8336,56,management,married,tertiary,no,830,yes,yes,unknown,6,may,1201,1,-1,0,unknown,1
7498,66,management,married,unknown,no,2149,yes,no,cellular,26,may,135,2,90,11,success,1
2023,35,technician,married,secondary,no,2779,no,no,cellular,22,oct,118,2,-1,0,unknown,1
7359,44,blue-collar,married,secondary,no,3060,yes,no,cellular,20,nov,113,1,189,2,failure,0
5848,36,management,married,tertiary,no,-92,no,yes,cellular,18,nov,196,3,-1,0,unknown,0
1222,38,admin.,divorced,secondary,no,0,no,no,unknown,5,jun,56,1,-1,0,unknown,0
3089,36,student,single,unknown,no,172,no,no,unknown,12,jun,81,1,-1,0,unknown,0
7698,33,technician,single,secondary,no,151,yes,no,cellular,20,apr,104,3,236,6,failure,0
7709,48,management,single,tertiary,no,86,no,no,cellular,28,jun,281,3,186,6,other,1
8295,30,management,single,tertiary,no,2876,no,no,cellular,6,aug,103,4,-1,0,unknown,0
3359,49,entrepreneur,single,secondary,no,5802,no,no,cellular,12,aug,175,3,104,2,success,0
10843,35,blue-collar,single,secondary,no,142,yes,no,cellular,7,may,266,2,168,1,failure,0
10872,31,admin.,single,secondary,no,19,yes,no,cellular,18,nov,1978,1,-1,0,unknown,1
9674,38,student,married,unknown,no,0,no,no,cellular,8,jul,341,1,385,1,failure,1
9195,60,blue-collar,married,primary,no,5,no,no,cellular,29,oct,401,1,-1,0,unknown,1
9256,53,blue-collar,divorced,primary,no,4222,no,no,unknown,9,jun,112,1,-1,0,unknown,0
5047,57,retired,divorced,tertiary,no,734,no,no,cellular,6,aug,1357,4,-1,0,unknown,1
7423,48,blue-collar,single,primary,no,623,yes,no,cellular,2,feb,1425,2,-1,0,unknown,1
10751,54,admin.,married,tertiary,no,184,no,no,unknown,5,may,673,2,-1,0,unknown,1
4166,33,services,single,secondary,no,-27,yes,no,unknown,26,may,165,1,-1,0,unknown,0
6260,60,retired,married,secondary,no,197,no,no,cellular,7,oct,1386,1,-1,0,unknown,0
89,39,blue-collar,single,secondary,no,169,yes,no,unknown,9,may,38,1,-1,0,unknown,0
2018,36,management,married,tertiary,no,925,no,no,cellular,14,dec,321,3,189,4,success,1
4958,49,unknown,married,primary,no,341,yes,yes,unknown,15,may,520,2,-1,0,unknown,1
1324,59,admin.,divorced,secondary,no,-41,yes,yes,unknown,20,may,171,1,-1,0,unknown,0
760,25,services,single,secondary,no,801,no,no,cellular,5,jun,255,2,-1,0,unknown,1
4758,27,technician,single,tertiary,no,15161,no,no,cellular,2,jun,74,1,120,1,success,1
6879,24,blue-collar,married,secondary,no,685,yes,no,unknown,26,may,896,3,-1,0,unknown,1
7776,33,self-employed,married,secondary,no,409,no,no,cellular,8,sep,165,1,97,4,success,1
6645,38,housemaid,married,secondary,no,0,yes,no,cellular,23,jul,157,1,-1,0,unknown,0
6459,49,management,married,tertiary,no,4751,no,no,cellular,12,aug,884,4,-1,0,unknown,1
1157,68,retired,divorced,primary,no,2027,no,no,cellular,15,jun,619,2,92,2,success,1
9478,37,management,divorced,tertiary,no,1775,no,no,cellular,15,jul,514,5,-1,0,unknown,1
10535,45,management,married,tertiary,no,160,no,no,cellular,30,apr,619,1,-1,0,unknown,1
2782,41,admin.,single,secondary,no,4464,yes,no,telephone,21,jul,1425,2,-1,0,unknown,0
6137,30,self-employed,single,tertiary,no,3343,no,no,cellular,1,jun,235,1,-1,0,unknown,1
7003,41,blue-collar,married,secondary,no,1384,yes,no,unknown,15,may,1162,4,-1,0,unknown,1
8331,22,student,single,unknown,no,3317,no,no,cellular,10,aug,148,1,-1,0,unknown,0
4493,32,admin.,single,secondary,no,678,yes,no,cellular,4,feb,1579,1,246,4,failure,1
6824,39,blue-collar,married,secondary,no,261,no,no,cellular,4,may,841,4,-1,0,unknown,1
5098,29,student,single,secondary,no,1377,yes,no,cellular,3,aug,248,1,446,2,success,1
9551,47,technician,married,tertiary,yes,-813,yes,yes,unknown,16,jun,179,25,-1,0,unknown,0
9473,28,student,single,secondary,no,2351,no,no,telephone,22,oct,157,1,-1,0,unknown,1
1036,48,management,divorced,tertiary,no,503,no,yes,unknown,12,jun,1243,7,-1,0,unknown,1
3879,46,unemployed,married,secondary,no,2940,yes,no,unknown,29,may,195,2,-1,0,unknown,0
1840,39,admin.,single,secondary,no,2345,yes,no,cellular,8,may,491,2,344,2,failure,1
9792,46,management,married,tertiary,no,349,no,no,cellular,15,feb,295,2,616,1,failure,1
2438,49,services,single,secondary,no,1884,yes,no,cellular,8,may,43,1,-1,0,unknown,0
6303,59,admin.,married,secondary,no,1575,yes,no,cellular,22,aug,1241,11,-1,0,unknown,1
1508,41,housemaid,married,primary,no,0,no,no,cellular,14,apr,168,1,-1,0,unknown,1
1246,34,unemployed,single,secondary,no,15,no,no,cellular,12,jan,377,1,-1,0,unknown,1
6909,33,technician,single,secondary,no,161,no,no,cellular,25,aug,66,9,-1,0,unknown,0
2548,45,technician,married,secondary,no,2776,yes,no,cellular,27,jul,287,2,181,1,success,1
4518,30,entrepreneur,single,secondary,no,732,no,no,cellular,3,feb,1404,4,-1,0,unknown,1
6553,43,management,married,tertiary,yes,0,no,no,cellular,27,aug,25,19,-1,0,unknown,0
474,37,management,single,tertiary,no,230,yes,yes,cellular,2,feb,120,2,272,1,failure,0
8519,33,management,married,tertiary,no,310,no,no,cellular,29,aug,179,2,-1,0,unknown,0
8881,38,management,married,tertiary,no,536,yes,no,cellular,22,jul,248,1,-1,0,unknown,1
6217,34,services,single,secondary,no,313,yes,no,cellular,14,jul,634,3,-1,0,unknown,0
498,50,admin.,married,secondary,no,159,yes,no,unknown,7,may,216,2,-1,0,unknown,0
1385,45,technician,married,secondary,no,3395,yes,no,cellular,18,nov,92,1,188,1,failure,0
3200,31,management,married,tertiary,no,6138,no,no,cellular,16,oct,154,2,119,5,failure,1
10331,34,admin.,single,tertiary,no,625,no,yes,unknown,31,aug,34,1,-1,0,unknown,1
10565,48,entrepreneur,single,tertiary,no,318,yes,no,cellular,5,feb,1017,4,-1,0,unknown,1
8157,57,retired,married,secondary,no,3783,yes,no,unknown,6,jun,198,3,-1,0,unknown,0
929,37,blue-collar,married,primary,no,152,yes,no,cellular,17,apr,252,2,-1,0,unknown,0
3033,46,management,married,tertiary,no,1906,no,no,cellular,28,aug,44,6,-1,0,unknown,0
1532,34,unemployed,married,secondary,no,978,no,no,cellular,24,mar,132,1,-1,0,unknown,1
5309,35,management,single,tertiary,no,-292,yes,no,cellular,18,may,166,2,272,6,failure,0
9359,32,unemployed,married,secondary,no,365,yes,no,cellular,30,jan,210,3,-1,0,unknown,0
6654,47,management,married,tertiary,no,288,no,no,cellular,1,oct,101,1,-1,0,unknown,1
5899,52,technician,divorced,secondary,no,511,no,yes,cellular,20,aug,98,4,-1,0,unknown,0
1946,38,blue-collar,married,secondary,no,67,no,no,cellular,28,jan,74,1,239,2,failure,0
8936,42,management,divorced,unknown,no,7702,no,no,cellular,16,feb,138,2,-1,0,unknown,1
7722,29,student,single,secondary,no,314,no,no,cellular,7,dec,415,2,116,4,failure,1
2609,31,blue-collar,single,secondary,no,4415,yes,no,unknown,2,jun,329,1,-1,0,unknown,0
7145,43,blue-collar,divorced,primary,no,-57,yes,no,unknown,16,may,221,2,-1,0,unknown,0
4917,33,blue-collar,single,primary,no,1390,yes,no,unknown,21,may,192,1,-1,0,unknown,0
1500,57,housemaid,married,primary,no,2785,no,no,cellular,11,aug,610,4,-1,0,unknown,1
5287,63,retired,divorced,secondary,no,859,no,no,cellular,13,feb,92,1,-1,0,unknown,0
5077,54,technician,married,secondary,no,0,no,no,cellular,6,nov,464,5,192,8,other,1
5883,52,admin.,married,primary,no,813,no,yes,cellular,5,aug,113,2,-1,0,unknown,0
1480,32,management,married,tertiary,no,794,yes,yes,cellular,9,jul,1014,1,-1,0,unknown,1
262,30,technician,single,tertiary,no,3,yes,no,unknown,7,may,174,1,-1,0,unknown,0
5181,55,services,single,secondary,no,1539,no,no,unknown,20,jun,65,2,-1,0,unknown,0
5817,39,blue-collar,married,primary,no,186,yes,no,unknown,16,may,208,3,-1,0,unknown,0
9770,25,blue-collar,single,primary,no,-221,yes,no,unknown,23,may,250,1,-1,0,unknown,0
3665,36,management,married,tertiary,no,93,no,no,cellular,12,jul,262,2,182,7,failure,1
10339,49,technician,single,secondary,no,1377,no,no,cellular,5,aug,935,1,-1,0,unknown,1
1908,34,admin.,married,secondary,no,0,yes,no,cellular,9,feb,30,4,-1,0,unknown,0
3332,47,services,married,secondary,no,1764,no,yes,cellular,26,aug,119,6,-1,0,unknown,0
6054,45,blue-collar,divorced,primary,no,-311,yes,no,unknown,23,may,1030,1,-1,0,unknown,1
887,46,management,married,tertiary,no,349,no,no,cellular,14,may,466,4,88,3,success,1
9816,50,technician,married,secondary,no,103,yes,no,unknown,12,may,79,6,-1,0,unknown,0
10077,30,management,married,tertiary,no,4328,no,no,cellular,30,apr,262,3,189,11,other,1
6998,29,housemaid,married,primary,no,417,no,no,cellular,23,jul,108,2,-1,0,unknown,0
10242,58,management,married,tertiary,no,96,no,no,cellular,21,nov,850,1,-1,0,unknown,1
293,31,services,married,secondary,no,71,yes,no,cellular,17,jul,740,2,-1,0,unknown,0
3318,37,blue-collar,married,secondary,no,604,yes,no,cellular,7,oct,371,1,495,1,failure,1
8398,51,blue-collar,married,secondary,no,700,no,no,cellular,8,aug,237,4,-1,0,unknown,0
3276,57,retired,married,secondary,no,485,no,no,cellular,2,feb,79,2,187,2,failure,0
6246,71,retired,married,secondary,no,3,no,no,cellular,13,aug,1175,3,189,1,other,0
10582,39,management,married,tertiary,no,562,no,no,cellular,13,sep,303,2,-1,0,unknown,0
10390,52,self-employed,married,secondary,no,517,no,no,cellular,26,aug,77,4,-1,0,unknown,0
1255,18,student,single,primary,no,608,no,no,cellular,13,nov,210,1,93,1,success,1
5208,54,retired,divorced,tertiary,no,349,yes,no,cellular,12,may,176,2,175,1,failure,0
9880,45,blue-collar,married,secondary,no,10252,no,no,cellular,22,sep,173,1,141,2,success,1
6242,29,management,single,tertiary,no,1445,no,no,cellular,4,dec,271,2,-1,0,unknown,1
9113,52,blue-collar,single,secondary,no,1541,yes,no,unknown,14,may,243,1,-1,0,unknown,0
9754,41,self-employed,single,tertiary,no,-94,yes,no,cellular,4,feb,1164,1,203,1,failure,1
7689,39,admin.,married,secondary,no,1595,yes,no,unknown,5,jun,102,2,-1,0,unknown,0
9722,55,admin.,married,secondary,no,1662,no,no,cellular,4,jun,94,2,-1,0,unknown,1
5366,27,technician,single,tertiary,no,11862,no,no,cellular,20,aug,217,1,87,6,failure,1
1696,37,technician,married,secondary,no,1458,no,no,cellular,30,apr,281,1,-1,0,unknown,1
6639,37,unemployed,single,tertiary,no,1291,no,no,cellular,5,aug,150,1,97,2,success,1
10143,55,management,married,primary,no,621,no,yes,cellular,2,feb,114,1,208,1,failure,0
1007,67,retired,married,unknown,no,2540,no,no,telephone,14,sep,279,3,92,9,success,1
10503,47,management,married,tertiary,no,288,no,no,cellular,31,mar,193,1,181,1,success,1
5101,49,technician,married,secondary,no,1091,no,no,telephone,30,jul,47,2,-1,0,unknown,0
4617,51,management,divorced,tertiary,no,1937,yes,no,cellular,18,nov,185,4,152,11,other,0
4604,38,admin.,married,secondary,no,1559,no,no,cellular,3,mar,136,2,280,1,failure,1
8372,40,management,married,tertiary,no,413,yes,no,unknown,14,may,150,1,-1,0,unknown,0
7842,60,technician,married,secondary,no,116,no,no,cellular,11,aug,329,2,181,8,success,1
4341,25,student,single,unknown,no,3,no,no,cellular,26,may,170,1,-1,0,unknown,1
7859,61,technician,married,primary,no,2282,no,no,cellular,25,nov,1092,1,-1,0,unknown,0
7150,23,services,single,secondary,no,279,yes,no,cellular,18,may,843,1,370,1,failure,1
9243,50,self-employed,married,secondary,no,1138,no,no,cellular,14,aug,219,10,-1,0,unknown,0
4865,60,retired,married,tertiary,no,2194,yes,no,telephone,20,apr,31,3,263,9,failure,0
10280,39,blue-collar,single,primary,no,581,yes,no,cellular,27,feb,233,1,270,1,other,1
10428,37,admin.,married,secondary,no,0,yes,no,cellular,2,jun,107,1,-1,0,unknown,1
4603,26,services,single,secondary,no,-72,yes,no,unknown,30,jun,82,9,-1,0,unknown,0
4346,72,retired,divorced,tertiary,no,438,no,no,cellular,23,feb,279,1,-1,0,unknown,1
10717,38,entrepreneur,married,tertiary,no,0,no,no,cellular,23,jul,532,2,-1,0,unknown,1
10478,82,housemaid,divorced,primary,no,1381,no,no,cellular,28,jul,844,5,181,4,failure,1
8717,30,technician,single,secondary,no,930,no,no,cellular,2,jul,396,1,-1,0,unknown,1
9479,45,admin.,married,secondary,no,153,no,no,cellular,5,aug,277,1,-1,0,unknown,1
5150,56,retired,married,secondary,no,74,yes,no,unknown,26,may,152,2,-1,0,unknown,0
9764,30,self-employed,married,tertiary,no,2666,no,no,cellular,4,may,781,3,89,1,success,1
1710,67,retired,married,primary,no,2391,no,no,cellular,28,jun,737,6,186,10,other,1
10856,77,management,married,unknown,no,1780,yes,no,cellular,23,apr,361,2,182,5,success,1
376,56,admin.,married,secondary,no,602,no,no,cellular,14,jun,458,1,130,8,success,1
805,56,admin.,single,secondary,no,2815,yes,no,cellular,11,sep,212,1,-1,0,unknown,1
3646,76,retired,married,primary,no,1492,no,no,telephone,3,nov,383,1,-1,0,unknown,1
1220,46,self-employed,married,secondary,no,567,no,no,cellular,18,jul,142,10,-1,0,unknown,0
3861,33,self-employed,single,tertiary,no,61,no,no,cellular,19,aug,836,3,-1,0,unknown,1
2169,43,blue-collar,married,secondary,no,917,yes,no,cellular,8,may,87,2,-1,0,unknown,0
3302,40,management,married,tertiary,no,1855,no,no,telephone,8,feb,78,6,-1,0,unknown,1
9464,49,management,married,tertiary,no,1167,yes,yes,cellular,25,jun,213,6,150,8,failure,1
9470,34,blue-collar,divorced,secondary,no,383,yes,no,unknown,13,may,2231,1,-1,0,unknown,1
209,36,management,single,tertiary,no,1379,no,no,cellular,25,may,189,1,186,1,failure,1
8343,27,blue-collar,married,primary,no,-413,no,yes,unknown,27,jun,422,6,-1,0,unknown,1
9084,63,housemaid,married,secondary,no,2,no,no,cellular,4,feb,45,2,93,1,success,0
7000,59,blue-collar,married,secondary,no,0,yes,no,unknown,5,may,226,1,-1,0,unknown,0
4103,43,blue-collar,married,primary,no,3131,yes,no,unknown,3,jun,441,3,-1,0,unknown,0
8682,39,technician,married,secondary,no,1,yes,no,unknown,26,may,506,2,-1,0,unknown,0
10326,49,housemaid,married,primary,no,889,no,no,telephone,7,jul,388,1,-1,0,unknown,1
5238,40,blue-collar,married,secondary,no,1028,yes,yes,cellular,17,apr,319,1,-1,0,unknown,0
1086,35,management,single,tertiary,no,1750,yes,no,cellular,22,oct,422,1,175,4,success,0
3122,52,services,married,primary,no,1625,no,no,cellular,8,aug,459,2,-1,0,unknown,1
7106,33,housemaid,single,tertiary,no,1107,yes,no,cellular,18,mar,201,1,-1,0,unknown,1
690,30,services,single,secondary,no,245,no,yes,cellular,8,jul,187,2,-1,0,unknown,0
7246,43,self-employed,married,secondary,no,5704,yes,no,cellular,6,aug,139,2,-1,0,unknown,0
9959,34,blue-collar,single,secondary,no,215,no,no,cellular,3,mar,350,3,-1,0,unknown,1
6041,44,blue-collar,married,primary,no,2791,no,no,unknown,18,jun,335,1,-1,0,unknown,0
10459,60,retired,divorced,secondary,no,4243,no,no,cellular,30,oct,416,2,-1,0,unknown,1
3003,28,unemployed,single,primary,no,236,no,no,cellular,6,feb,460,3,-1,0,unknown,0
6853,40,services,married,secondary,no,-116,yes,no,unknown,29,may,176,3,-1,0,unknown,0
9130,40,admin.,single,tertiary,no,1248,no,no,unknown,11,jun,1290,2,-1,0,unknown,1
510,50,admin.,single,secondary,no,133,no,no,cellular,28,jul,890,4,-1,0,unknown,1
9015,51,technician,single,tertiary,no,11222,yes,no,cellular,21,nov,126,2,171,7,failure,0
213,55,technician,married,tertiary,no,1320,no,no,cellular,28,apr,387,2,-1,0,unknown,1
9511,44,blue-collar,single,secondary,no,36,yes,no,unknown,8,may,712,1,-1,0,unknown,0
3611,35,management,married,tertiary,no,0,yes,yes,cellular,25,jul,86,4,-1,0,unknown,0
2229,49,technician,married,primary,no,230,yes,no,unknown,8,may,96,1,-1,0,unknown,0
5116,42,blue-collar,divorced,primary,no,301,yes,no,cellular,17,jul,1175,2,-1,0,unknown,1
8270,32,management,single,tertiary,no,2974,yes,no,cellular,24,apr,227,1,4,1,failure,1
2767,36,blue-collar,married,primary,no,828,no,no,cellular,13,may,1512,1,345,8,failure,1
4497,56,management,married,tertiary,no,746,no,no,cellular,30,apr,193,1,-1,0,unknown,0
723,27,services,single,secondary,no,339,no,no,cellular,4,jun,182,1,-1,0,unknown,1
4099,53,management,married,tertiary,no,20772,no,no,cellular,4,feb,715,1,-1,0,unknown,0
9271,38,technician,married,tertiary,no,4383,no,no,cellular,4,feb,1381,4,-1,0,unknown,1
337,30,services,married,secondary,no,292,yes,yes,cellular,15,apr,651,4,-1,0,unknown,0
5509,47,technician,divorced,unknown,no,442,yes,no,cellular,11,may,85,1,-1,0,unknown,0
9711,59,retired,divorced,tertiary,no,3444,no,no,cellular,10,aug,252,1,185,2,success,1
6995,48,unemployed,married,secondary,no,855,yes,no,unknown,9,may,241,2,-1,0,unknown,0
7925,39,blue-collar,married,secondary,no,167,yes,yes,cellular,12,may,612,1,-1,0,unknown,1
9320,47,blue-collar,married,secondary,no,2128,yes,no,telephone,17,apr,98,1,-1,0,unknown,0
665,30,technician,single,secondary,no,151,no,no,cellular,3,feb,276,2,-1,0,unknown,0
620,30,management,single,tertiary,no,5561,yes,no,cellular,27,feb,195,1,100,1,success,1
7672,37,blue-collar,married,primary,no,461,yes,no,unknown,30,may,272,2,-1,0,unknown,0
8905,25,admin.,single,tertiary,no,760,yes,no,cellular,27,may,223,3,89,2,failure,1
8193,30,services,single,secondary,no,140,yes,no,cellular,15,may,760,1,-1,0,unknown,1
4205,34,admin.,married,secondary,no,2378,yes,yes,telephone,10,jul,92,1,-1,0,unknown,0
4000,59,technician,divorced,secondary,no,2396,no,no,cellular,20,nov,488,1,-1,0,unknown,1
8239,45,self-employed,married,secondary,no,396,no,no,cellular,28,aug,238,1,-1,0,unknown,0
3736,40,management,married,primary,no,738,yes,yes,cellular,2,apr,399,2,258,3,failure,0
2446,29,blue-collar,married,secondary,no,5903,yes,no,unknown,8,may,194,1,-1,0,unknown,0
219,31,blue-collar,married,secondary,no,1660,yes,no,cellular,20,apr,342,1,-1,0,unknown,0
3872,42,admin.,single,secondary,no,1022,yes,no,unknown,5,may,146,2,-1,0,unknown,0
5230,39,blue-collar,married,secondary,no,11854,yes,no,cellular,15,may,15,9,-1,0,unknown,0
6291,23,management,single,tertiary,no,2605,yes,no,unknown,7,may,278,6,-1,0,unknown,0
616,51,blue-collar,married,secondary,no,2007,yes,no,cellular,12,aug,1226,3,-1,0,unknown,1
7655,33,technician,single,tertiary,no,2565,yes,no,cellular,13,may,128,2,-1,0,unknown,0
5532,30,blue-collar,married,secondary,no,194,yes,no,cellular,8,may,475,3,-1,0,unknown,0
7257,32,admin.,single,secondary,no,620,yes,no,unknown,26,may,1234,3,-1,0,unknown,1
4806,26,management,single,tertiary,no,828,yes,no,cellular,17,aug,156,1,199,1,failure,1
8870,31,management,single,tertiary,no,2384,yes,no,cellular,14,apr,608,2,-1,0,unknown,0
9219,38,unemployed,married,primary,no,7005,yes,no,cellular,25,jan,696,1,202,2,success,1
8974,26,management,single,tertiary,no,1720,no,no,cellular,3,feb,383,1,-1,0,unknown,0
4629,45,retired,single,secondary,yes,86,no,no,cellular,21,nov,64,5,-1,0,unknown,0
3199,44,management,married,tertiary,no,7177,no,no,unknown,19,jun,89,2,-1,0,unknown,0
5286,36,technician,single,secondary,no,12264,no,no,cellular,12,apr,158,2,-1,0,unknown,1
6536,40,management,divorced,tertiary,no,37,yes,no,unknown,16,may,412,1,-1,0,unknown,0
4555,36,technician,married,secondary,no,3579,no,no,cellular,14,aug,308,2,-1,0,unknown,0
2369,51,blue-collar,married,secondary,no,568,yes,no,unknown,4,jun,37,1,-1,0,unknown,0
2999,48,admin.,divorced,secondary,no,4099,no,no,cellular,2,apr,397,2,-1,0,unknown,1
2559,26,student,single,tertiary,no,294,no,no,cellular,4,dec,208,2,-1,0,unknown,1
8549,36,self-employed,married,secondary,no,1245,yes,no,unknown,6,jun,1469,9,-1,0,unknown,1
6370,33,blue-collar,married,secondary,no,6227,yes,no,unknown,23,may,76,2,-1,0,unknown,0
4043,50,blue-collar,married,primary,no,2590,yes,no,unknown,9,may,257,6,-1,0,unknown,0
8697,48,blue-collar,married,primary,no,1670,no,no,unknown,17,jun,145,1,-1,0,unknown,0
1956,38,technician,married,secondary,no,2767,yes,no,cellular,21,nov,711,2,-1,0,unknown,0
10346,25,management,single,tertiary,no,1602,yes,no,cellular,26,may,154,1,-1,0,unknown,0
7132,44,blue-collar,married,secondary,no,701,no,yes,unknown,3,jul,269,2,-1,0,unknown,0
674,42,management,married,tertiary,no,4,yes,no,cellular,17,jul,795,1,-1,0,unknown,1
419,39,technician,married,tertiary,no,94,no,no,cellular,7,aug,70,2,-1,0,unknown,0
5491,42,blue-collar,divorced,primary,no,213,yes,no,cellular,7,jul,434,3,-1,0,unknown,1
4506,46,blue-collar,married,unknown,no,842,yes,no,telephone,8,may,833,1,-1,0,unknown,1
4305,43,blue-collar,married,secondary,no,514,yes,yes,cellular,20,apr,34,2,-1,0,unknown,0
10429,50,management,married,tertiary,no,1396,no,no,cellular,25,aug,731,6,-1,0,unknown,1
8603,65,entrepreneur,married,tertiary,no,2331,no,no,telephone,11,aug,425,1,183,2,success,1
11107,33,management,single,tertiary,no,5276,no,no,cellular,4,nov,572,1,-1,0,unknown,0
7275,77,retired,married,secondary,no,820,no,no,telephone,21,oct,330,2,181,4,success,1
9840,27,blue-collar,single,secondary,no,3145,no,no,cellular,25,jun,374,1,179,2,success,1
4512,52,services,divorced,secondary,no,36,yes,yes,cellular,11,may,930,1,-1,0,unknown,1
10204,54,admin.,married,primary,no,0,no,no,cellular,30,jul,255,2,-1,0,unknown,0
175,25,services,single,secondary,no,594,no,no,cellular,4,jun,89,2,-1,0,unknown,1
5454,39,services,divorced,secondary,no,282,yes,no,cellular,17,jul,243,1,-1,0,unknown,0
7283,41,blue-collar,married,secondary,no,356,yes,no,cellular,14,may,90,5,-1,0,unknown,0
9231,42,technician,divorced,tertiary,no,802,no,no,telephone,28,jan,119,2,-1,0,unknown,0
3490,51,technician,married,secondary,no,-1944,yes,no,cellular,7,may,623,1,-1,0,unknown,1
8337,30,technician,single,primary,no,2731,yes,no,cellular,14,apr,314,1,-1,0,unknown,0
4701,36,self-employed,married,secondary,no,1184,yes,no,cellular,6,apr,1063,1,-1,0,unknown,1
6387,62,blue-collar,married,primary,no,1381,no,no,cellular,19,oct,1020,1,-1,0,unknown,0
320,31,management,married,tertiary,no,2344,yes,no,cellular,14,aug,221,6,-1,0,unknown,0
8322,43,admin.,married,secondary,no,2271,no,no,telephone,10,nov,524,1,-1,0,unknown,1
9523,33,admin.,single,tertiary,no,867,yes,no,cellular,14,apr,247,1,-1,0,unknown,0
3745,30,management,married,tertiary,no,0,no,no,cellular,7,aug,74,1,-1,0,unknown,0
5433,65,retired,married,secondary,no,20806,no,no,telephone,8,apr,523,2,-1,0,unknown,1
6560,74,retired,married,secondary,no,1714,no,no,telephone,17,feb,127,1,-1,0,unknown,1
3108,42,services,married,primary,no,2567,yes,no,unknown,19,may,401,2,-1,0,unknown,0
638,49,blue-collar,married,primary,no,67,no,yes,cellular,13,aug,269,4,-1,0,unknown,0
1196,36,management,single,tertiary,no,876,yes,no,unknown,23,may,241,2,-1,0,unknown,0
10985,53,housemaid,divorced,secondary,no,292,no,no,unknown,12,jun,92,2,-1,0,unknown,0
2458,58,unknown,married,tertiary,no,4150,no,no,unknown,6,jun,363,1,-1,0,unknown,0
3975,23,student,single,secondary,no,4126,no,no,cellular,25,mar,96,2,-1,0,unknown,1
7694,30,technician,single,tertiary,no,178,no,no,cellular,17,jul,656,3,-1,0,unknown,1
9789,33,services,married,secondary,no,7,yes,no,unknown,20,may,217,1,-1,0,unknown,0
497,59,retired,married,secondary,no,1035,yes,yes,cellular,5,aug,223,1,-1,0,unknown,0
5824,49,technician,married,primary,no,486,no,no,telephone,7,jul,229,5,-1,0,unknown,0
3376,35,technician,divorced,secondary,no,2823,yes,no,cellular,2,feb,229,1,-1,0,unknown,0
4089,46,management,married,tertiary,no,1217,yes,no,unknown,15,may,236,1,-1,0,unknown,0
10140,45,blue-collar,married,secondary,no,105,yes,yes,unknown,13,may,119,1,-1,0,unknown,0
3335,33,management,single,secondary,no,0,no,no,unknown,20,may,190,2,-1,0,unknown,0
45,28,admin.,single,tertiary,no,832,no,no,telephone,29,mar,433,3,342,1,failure,1
6425,25,technician,single,secondary,no,1847,no,no,cellular,26,may,137,2,-1,0,unknown,0
9428,41,technician,single,secondary,no,5329,no,no,cellular,14,jul,397,2,-1,0,unknown,1
9874,49,self-employed,married,tertiary,no,503,yes,no,cellular,6,feb,310,4,200,1,failure,0
4900,41,services,married,secondary,no,3992,yes,no,telephone,20,nov,281,2,-1,0,unknown,0
7471,39,management,single,tertiary,no,763,no,no,cellular,22,feb,543,1,189,1,failure,1
10971,64,retired,married,tertiary,no,1644,no,no,telephone,5,mar,341,4,179,4,success,1
9425,45,admin.,married,secondary,no,231,yes,no,unknown,18,jun,151,3,-1,0,unknown,0
4541,32,technician,married,tertiary,no,4654,yes,yes,cellular,20,nov,276,1,128,2,failure,1
9815,25,services,married,secondary,no,10,yes,no,cellular,7,may,51,1,294,1,failure,0
6185,56,services,married,secondary,no,654,no,no,cellular,15,sep,875,1,-1,0,unknown,1
7998,41,admin.,married,tertiary,no,5426,yes,no,unknown,14,may,149,2,-1,0,unknown,0
612,52,housemaid,married,secondary,no,3923,yes,no,unknown,14,may,942,3,-1,0,unknown,1
10847,32,technician,single,tertiary,no,6281,yes,no,unknown,3,jun,1336,4,-1,0,unknown,1
5885,32,blue-collar,single,primary,no,180,yes,no,cellular,13,may,804,1,-1,0,unknown,0
1473,33,management,married,tertiary,no,621,no,no,cellular,12,aug,913,5,-1,0,unknown,0
4860,41,management,married,tertiary,no,5561,no,no,cellular,20,aug,649,2,-1,0,unknown,1
266,48,admin.,single,secondary,no,479,yes,yes,unknown,18,jun,533,3,-1,0,unknown,0
6274,31,technician,married,secondary,no,2420,yes,no,cellular,19,nov,166,1,-1,0,unknown,0
6969,50,blue-collar,divorced,primary,no,388,no,no,cellular,5,feb,701,1,-1,0,unknown,0
2457,39,management,married,tertiary,no,481,no,no,cellular,7,dec,929,5,189,1,other,1
4803,33,management,single,tertiary,no,307,no,no,cellular,23,jul,113,6,179,4,failure,0
9777,41,blue-collar,married,secondary,no,1459,no,no,unknown,5,jun,82,1,-1,0,unknown,0
1149,47,management,married,tertiary,no,866,no,no,unknown,20,jun,7,7,-1,0,unknown,0
5594,47,management,single,tertiary,no,334,yes,no,cellular,26,mar,360,1,326,8,failure,1
6017,49,blue-collar,married,secondary,no,1730,yes,no,cellular,4,aug,605,2,92,4,success,1
3010,31,management,single,tertiary,no,30,no,no,cellular,8,aug,161,2,-1,0,unknown,0
238,47,management,single,tertiary,no,86,no,no,cellular,2,feb,1086,1,-1,0,unknown,1
9278,29,admin.,married,secondary,no,252,yes,no,cellular,15,may,1223,3,371,1,failure,0
1000,34,technician,married,tertiary,no,197,no,no,cellular,20,aug,78,3,-1,0,unknown,1
8142,39,management,married,tertiary,no,1654,no,yes,cellular,21,nov,151,1,-1,0,unknown,0
9294,26,management,single,tertiary,no,2786,no,no,cellular,23,mar,415,1,-1,0,unknown,1
7766,35,technician,married,tertiary,no,633,yes,yes,cellular,2,feb,76,3,5,3,other,0
4289,46,blue-collar,married,secondary,no,640,yes,no,cellular,11,sep,108,2,129,2,failure,1
6157,34,housemaid,married,tertiary,no,0,no,no,cellular,18,aug,148,1,84,2,failure,1
7064,28,management,single,tertiary,no,1584,yes,no,cellular,1,sep,222,2,-1,0,unknown,1
331,37,management,divorced,tertiary,no,481,yes,no,cellular,19,aug,97,6,-1,0,unknown,0
8004,27,blue-collar,single,secondary,no,23,no,no,cellular,26,feb,590,2,-1,0,unknown,0
3595,39,blue-collar,married,secondary,no,661,yes,no,cellular,3,feb,84,4,267,4,failure,0
3500,39,management,married,secondary,no,1880,no,no,cellular,12,aug,768,2,-1,0,unknown,1
2591,51,self-employed,married,secondary,no,44,yes,yes,telephone,21,jul,79,1,-1,0,unknown,0
9527,56,technician,married,secondary,no,147,no,no,cellular,12,apr,203,1,-1,0,unknown,0
4298,53,technician,married,secondary,no,1776,no,no,unknown,18,jun,443,7,-1,0,unknown,0
575,38,management,married,tertiary,no,2656,no,no,cellular,8,jul,230,2,-1,0,unknown,0
6916,54,retired,married,primary,no,0,yes,no,cellular,11,jul,159,2,-1,0,unknown,0
399,42,technician,single,secondary,no,0,yes,no,unknown,6,may,293,1,-1,0,unknown,0
5685,66,retired,married,secondary,no,203,no,no,cellular,18,jan,353,1,195,1,success,1
9037,33,technician,single,tertiary,no,34,no,no,cellular,28,aug,13,30,-1,0,unknown,0
1488,24,student,single,secondary,no,597,yes,no,cellular,20,apr,943,3,-1,0,unknown,1
2933,24,blue-collar,single,secondary,no,1857,yes,no,cellular,8,oct,147,1,92,5,other,1
4472,39,blue-collar,married,secondary,no,3832,yes,no,unknown,20,jun,14,13,-1,0,unknown,0
10683,32,entrepreneur,married,secondary,no,1996,yes,no,cellular,18,nov,271,1,-1,0,unknown,0
1947,46,management,married,secondary,no,10,yes,no,cellular,29,jul,122,7,-1,0,unknown,0
4303,39,technician,single,secondary,no,1022,yes,no,unknown,20,may,1410,2,-1,0,unknown,1
7459,59,technician,married,secondary,no,0,no,no,cellular,29,aug,62,2,-1,0,unknown,0
4062,50,technician,divorced,secondary,no,-54,yes,yes,cellular,13,may,698,2,292,1,failure,1
8086,28,technician,single,unknown,no,0,yes,no,cellular,27,oct,96,1,267,1,failure,1
10405,34,technician,married,tertiary,no,178,yes,no,cellular,18,nov,85,1,-1,0,unknown,0
10369,36,management,single,tertiary,no,1089,yes,no,unknown,30,may,126,1,-1,0,unknown,0
369,56,blue-collar,married,primary,no,826,yes,no,cellular,21,jul,853,1,-1,0,unknown,0
5719,45,admin.,married,secondary,no,0,no,no,cellular,14,aug,113,2,-1,0,unknown,0
8225,39,technician,divorced,secondary,no,385,no,no,cellular,13,oct,242,1,48,2,failure,1
3993,42,blue-collar,married,primary,no,1556,no,yes,cellular,8,jul,113,1,-1,0,unknown,0
848,28,blue-collar,single,secondary,no,3430,yes,no,unknown,6,jun,72,6,-1,0,unknown,0
5845,44,technician,married,secondary,no,5163,no,no,cellular,11,aug,48,2,-1,0,unknown,0
7425,36,services,married,secondary,no,5024,no,no,unknown,21,may,139,1,-1,0,unknown,0
8214,32,student,single,tertiary,no,922,no,no,cellular,18,oct,338,2,-1,0,unknown,0
2897,44,technician,divorced,secondary,no,14,no,no,cellular,13,aug,234,1,-1,0,unknown,1
6256,47,management,married,secondary,no,2892,no,no,unknown,17,jun,556,1,-1,0,unknown,1
1474,38,unemployed,married,secondary,no,0,no,no,cellular,24,jul,168,2,-1,0,unknown,0
4033,92,retired,married,unknown,no,775,no,no,cellular,26,jan,164,4,96,3,success,1
315,29,admin.,single,secondary,no,2768,yes,no,unknown,2,jun,121,4,-1,0,unknown,0
523,33,services,divorced,secondary,yes,339,yes,no,unknown,23,may,496,4,-1,0,unknown,0
826,37,unemployed,single,secondary,no,2722,no,no,telephone,27,apr,426,2,179,3,other,1
6379,40,blue-collar,married,primary,no,137,no,yes,cellular,10,jul,214,1,-1,0,unknown,0
3457,37,management,single,tertiary,no,1027,yes,no,cellular,2,mar,313,1,152,2,success,1
9893,34,management,married,tertiary,no,179,yes,no,cellular,20,nov,184,1,-1,0,unknown,0
433,37,technician,married,secondary,no,5115,yes,no,cellular,17,nov,1210,2,171,4,failure,1
9597,50,blue-collar,married,primary,no,71,yes,no,unknown,6,may,678,1,-1,0,unknown,0
4057,38,blue-collar,married,secondary,no,-210,yes,no,unknown,8,may,21,1,-1,0,unknown,0
1530,31,management,married,tertiary,no,596,no,no,cellular,12,aug,192,4,-1,0,unknown,0
9069,57,entrepreneur,married,unknown,no,975,yes,yes,cellular,22,jul,236,4,-1,0,unknown,0
1863,35,entrepreneur,married,secondary,no,1163,yes,no,unknown,20,may,284,1,-1,0,unknown,0
9205,22,student,single,secondary,no,948,no,no,telephone,25,feb,169,1,191,3,success,1
4278,34,technician,married,secondary,no,0,no,no,cellular,28,aug,183,10,-1,0,unknown,0
4238,29,blue-collar,married,secondary,no,296,yes,no,unknown,4,jun,153,1,-1,0,unknown,0
9097,32,management,married,tertiary,no,2465,yes,yes,cellular,7,may,923,1,-1,0,unknown,1
1238,56,retired,married,primary,no,9367,no,no,cellular,13,aug,320,2,101,2,success,1
277,52,entrepreneur,single,tertiary,no,3469,yes,no,cellular,16,apr,583,1,147,1,success,1
1382,40,admin.,married,secondary,no,1327,yes,yes,unknown,26,may,76,2,-1,0,unknown,0
6897,44,technician,single,secondary,no,7138,no,no,cellular,8,aug,809,2,-1,0,unknown,1
962,44,management,divorced,tertiary,no,5773,no,no,unknown,23,may,597,6,-1,0,unknown,1
3090,45,blue-collar,married,secondary,no,226,no,no,telephone,4,feb,170,2,212,2,failure,0
10845,36,management,married,tertiary,no,4,no,yes,cellular,29,jul,261,6,-1,0,unknown,0
2940,62,management,married,tertiary,no,1859,no,no,telephone,6,aug,245,3,-1,0,unknown,1
4554,25,services,single,secondary,no,505,no,no,cellular,15,jun,284,1,-1,0,unknown,1
1383,44,technician,divorced,secondary,no,982,yes,no,unknown,20,may,650,3,-1,0,unknown,1
9417,41,management,married,tertiary,no,254,no,no,cellular,9,jun,183,2,294,2,failure,1
8136,34,technician,married,secondary,no,1012,yes,yes,telephone,28,oct,540,1,-1,0,unknown,1
7253,56,retired,divorced,tertiary,no,158,no,yes,cellular,21,jul,854,1,-1,0,unknown,1
162,30,management,married,tertiary,no,1942,yes,yes,cellular,21,nov,436,2,178,3,other,1
8237,51,blue-collar,married,tertiary,no,7816,yes,no,unknown,12,may,76,2,-1,0,unknown,0
3362,47,blue-collar,married,primary,no,209,no,no,cellular,27,aug,77,6,-1,0,unknown,0
336,31,technician,single,secondary,no,373,no,no,cellular,22,aug,346,5,-1,0,unknown,0
6126,26,technician,single,secondary,no,0,no,yes,cellular,30,jul,65,26,-1,0,unknown,0
6982,25,student,married,tertiary,no,10,yes,no,cellular,21,jul,857,4,-1,0,unknown,1
5444,31,admin.,married,secondary,no,3,yes,no,cellular,28,jul,37,12,-1,0,unknown,0
3899,52,management,married,tertiary,no,4358,no,no,telephone,31,jul,30,7,-1,0,unknown,0
5373,41,blue-collar,single,secondary,yes,1085,yes,yes,cellular,7,jul,599,1,-1,0,unknown,1
7592,54,retired,divorced,primary,no,52,no,no,unknown,19,jun,184,3,-1,0,unknown,0
2997,35,management,married,secondary,no,839,yes,no,unknown,23,may,50,3,-1,0,unknown,0
7189,41,blue-collar,married,secondary,no,429,yes,no,unknown,13,may,244,1,-1,0,unknown,0
5095,27,management,single,tertiary,no,6791,no,no,telephone,22,mar,174,2,229,28,success,0
5571,53,management,married,unknown,no,2240,yes,no,cellular,2,jun,282,2,385,1,success,1
2724,22,admin.,single,secondary,no,372,no,no,cellular,6,oct,218,1,-1,0,unknown,1
7419,62,self-employed,divorced,tertiary,no,6,yes,no,cellular,13,apr,103,1,182,3,success,1
5308,47,admin.,married,secondary,no,3676,no,no,cellular,18,oct,567,1,95,3,success,1
4763,55,technician,divorced,tertiary,no,264,yes,no,unknown,30,may,34,2,-1,0,unknown,0
845,30,technician,married,secondary,no,2278,no,yes,telephone,19,nov,47,1,-1,0,unknown,0
6507,32,blue-collar,married,secondary,no,759,yes,no,cellular,9,apr,317,5,-1,0,unknown,1
9921,47,blue-collar,married,primary,no,4040,no,no,cellular,11,aug,53,5,-1,0,unknown,0
435,81,retired,married,primary,no,243,no,no,cellular,27,jan,340,1,92,1,success,1
7861,43,unemployed,divorced,secondary,no,0,yes,no,cellular,24,jul,229,2,-1,0,unknown,0
6446,71,retired,married,secondary,no,2850,no,no,cellular,17,feb,185,1,-1,0,unknown,1
764,85,retired,married,unknown,no,1934,no,no,telephone,12,jan,140,1,-1,0,unknown,0
1598,46,blue-collar,married,secondary,no,668,yes,no,unknown,15,may,1263,2,-1,0,unknown,1
2350,37,management,single,tertiary,no,1449,no,no,unknown,3,jun,291,1,-1,0,unknown,0
4068,27,blue-collar,single,secondary,no,1049,no,no,telephone,29,jan,389,3,-1,0,unknown,0
708,33,admin.,single,secondary,no,61,no,no,cellular,24,jul,286,4,-1,0,unknown,0
4221,47,admin.,single,tertiary,no,0,no,no,cellular,29,jan,137,1,-1,0,unknown,0
4031,25,student,single,secondary,no,469,no,no,cellular,21,aug,273,1,86,1,other,1
8885,46,blue-collar,divorced,secondary,no,1074,yes,no,cellular,14,may,277,2,-1,0,unknown,0
421,58,services,married,secondary,no,818,no,no,cellular,22,aug,283,1,-1,0,unknown,0
11036,33,blue-collar,single,secondary,no,329,no,no,cellular,6,sep,224,1,145,2,other,1
10178,50,technician,married,tertiary,no,247,no,no,unknown,23,may,173,1,-1,0,unknown,0
6777,31,blue-collar,married,secondary,no,1779,yes,no,unknown,5,jun,85,2,-1,0,unknown,0
6424,51,services,married,primary,no,8806,yes,no,unknown,19,may,131,1,-1,0,unknown,0
4625,29,technician,single,secondary,no,544,yes,no,unknown,13,may,360,1,-1,0,unknown,0
4568,35,management,married,secondary,no,724,yes,no,cellular,14,jul,287,2,415,1,failure,1
10427,41,technician,single,secondary,no,769,no,yes,cellular,20,nov,222,4,98,4,other,0
436,32,admin.,divorced,secondary,no,-241,no,yes,unknown,27,jun,856,2,-1,0,unknown,1
8126,30,technician,married,tertiary,no,526,yes,yes,unknown,26,jun,677,3,-1,0,unknown,1
3814,33,self-employed,divorced,tertiary,no,454,no,yes,cellular,18,nov,134,1,-1,0,unknown,0
2368,42,blue-collar,married,secondary,no,681,yes,no,cellular,18,nov,203,1,-1,0,unknown,0
2838,66,housemaid,married,primary,no,1230,no,no,cellular,17,dec,726,3,-1,0,unknown,1
7559,25,student,single,unknown,no,277,no,no,cellular,27,may,311,2,-1,0,unknown,1
844,34,self-employed,single,tertiary,no,462,no,no,cellular,21,aug,1877,3,-1,0,unknown,1
6877,58,management,divorced,unknown,no,2986,no,no,cellular,16,sep,414,1,91,5,other,1
10992,58,management,divorced,tertiary,no,5701,no,no,cellular,30,apr,354,1,87,1,success,1
2465,36,admin.,married,secondary,no,75,yes,no,unknown,4,jul,52,4,-1,0,unknown,0
2336,41,management,married,tertiary,no,1092,no,no,cellular,5,aug,736,1,-1,0,unknown,1
4231,47,blue-collar,married,primary,no,-58,yes,no,cellular,18,jul,92,2,-1,0,unknown,0
10516,40,blue-collar,married,secondary,no,5060,no,no,unknown,9,nov,299,1,-1,0,unknown,1
9936,58,technician,married,secondary,no,589,yes,no,cellular,10,feb,511,3,183,6,success,1
7566,78,retired,divorced,primary,no,229,no,no,telephone,22,oct,97,1,-1,0,unknown,1
6627,51,admin.,married,unknown,no,-1137,yes,yes,telephone,11,may,567,3,325,1,failure,0
10314,62,retired,married,secondary,no,1495,no,no,cellular,13,oct,896,1,57,2,success,1
10473,32,technician,single,secondary,no,12,no,no,cellular,7,aug,173,2,-1,0,unknown,0
7361,30,technician,married,tertiary,no,141,no,no,cellular,29,jan,166,2,-1,0,unknown,0
3253,41,admin.,divorced,secondary,no,6046,yes,yes,telephone,15,mar,300,6,182,2,success,1
3792,48,technician,married,secondary,no,1526,no,no,cellular,6,aug,273,2,-1,0,unknown,0
4713,47,technician,divorced,secondary,no,1851,yes,no,unknown,19,may,140,2,-1,0,unknown,0
8325,32,blue-collar,single,tertiary,no,3014,yes,no,cellular,7,may,291,2,-1,0,unknown,0
9089,48,blue-collar,married,primary,no,2227,no,no,cellular,18,aug,98,12,-1,0,unknown,0
841,37,self-employed,married,secondary,no,744,yes,yes,cellular,21,aug,161,3,-1,0,unknown,0
10887,26,admin.,single,secondary,no,-12,yes,no,unknown,4,jun,98,1,-1,0,unknown,0
5910,40,management,married,secondary,no,754,no,yes,cellular,6,apr,635,1,-1,0,unknown,1
9463,52,retired,married,secondary,no,0,no,no,cellular,22,aug,351,5,-1,0,unknown,0
3858,56,management,divorced,tertiary,no,4266,yes,no,unknown,17,jun,490,4,-1,0,unknown,1
2058,54,technician,married,secondary,no,827,no,yes,unknown,20,jun,294,2,-1,0,unknown,0
896,26,self-employed,married,tertiary,no,479,yes,no,cellular,9,feb,133,3,-1,0,unknown,0
9555,52,admin.,divorced,secondary,no,361,no,yes,cellular,20,nov,147,1,-1,0,unknown,0
5540,37,admin.,single,secondary,no,192,yes,no,unknown,23,may,105,2,-1,0,unknown,0
3448,36,admin.,single,secondary,no,1328,no,no,cellular,30,jul,69,9,-1,0,unknown,0
189,43,blue-collar,single,secondary,no,740,yes,no,unknown,20,jun,585,2,-1,0,unknown,1
6347,35,technician,single,tertiary,no,1880,no,no,cellular,20,may,154,1,-1,0,unknown,1
10767,42,housemaid,married,primary,no,4279,yes,no,cellular,22,jul,98,1,-1,0,unknown,0
10449,32,management,married,tertiary,no,607,yes,no,unknown,18,jun,1060,5,-1,0,unknown,1
8793,54,management,divorced,secondary,no,300,yes,no,cellular,20,nov,562,2,-1,0,unknown,1
5896,33,management,married,tertiary,no,808,yes,no,cellular,19,aug,12,16,-1,0,unknown,0
3183,47,management,married,tertiary,no,3505,no,no,cellular,17,nov,434,2,-1,0,unknown,1
3600,44,services,divorced,secondary,no,608,yes,yes,unknown,18,jun,19,30,-1,0,unknown,0
8141,36,management,married,secondary,no,565,no,no,cellular,27,mar,300,1,-1,0,unknown,1
6138,41,technician,married,secondary,no,102,yes,yes,unknown,14,may,387,9,-1,0,unknown,0
3274,32,blue-collar,married,primary,no,1644,no,no,cellular,7,sep,492,3,102,5,other,1
180,32,management,single,tertiary,no,3283,no,no,cellular,12,aug,623,2,191,2,success,1
5075,46,blue-collar,married,primary,no,369,yes,no,unknown,13,may,916,2,-1,0,unknown,1
10268,46,blue-collar,divorced,primary,no,916,yes,no,cellular,11,may,472,2,-1,0,unknown,0
1724,27,technician,single,tertiary,no,372,yes,yes,cellular,25,jul,728,2,-1,0,unknown,1
4268,37,management,married,tertiary,no,0,no,no,cellular,15,jan,426,2,196,1,other,1
3267,59,admin.,married,secondary,no,92,yes,no,cellular,12,may,139,2,350,1,failure,0
11093,24,student,single,secondary,no,3176,no,no,cellular,13,jan,108,2,-1,0,unknown,1
7634,32,admin.,married,secondary,no,337,no,no,cellular,15,may,51,3,368,1,failure,0
983,52,blue-collar,married,secondary,no,2276,no,no,unknown,20,jun,83,3,-1,0,unknown,0
6934,43,services,married,secondary,no,2145,no,no,cellular,25,aug,291,2,95,4,success,1
7468,57,housemaid,married,primary,no,625,no,yes,unknown,11,jun,867,1,-1,0,unknown,1
2702,46,blue-collar,married,primary,no,1291,yes,no,cellular,14,may,142,3,259,17,failure,0
2730,44,services,married,secondary,no,1335,yes,no,cellular,30,jul,94,5,-1,0,unknown,0
173,38,technician,single,tertiary,no,0,no,no,cellular,28,aug,247,2,-1,0,unknown,0
9275,66,management,married,unknown,no,2149,yes,no,cellular,30,nov,151,6,103,4,other,0
10402,49,technician,divorced,tertiary,no,1807,yes,no,cellular,12,mar,229,1,-1,0,unknown,1
8205,37,management,single,tertiary,no,2875,no,no,cellular,20,nov,110,2,-1,0,unknown,0
623,54,technician,married,secondary,no,0,no,no,telephone,14,aug,159,2,106,6,success,0
4593,32,admin.,married,secondary,no,200,no,no,cellular,1,sep,729,1,29,3,failure,1
341,41,blue-collar,single,primary,no,1618,yes,no,unknown,14,may,1553,1,-1,0,unknown,1
9793,35,admin.,married,secondary,no,-488,yes,no,unknown,2,jun,97,4,-1,0,unknown,0
4849,33,technician,married,secondary,no,-616,yes,yes,unknown,27,may,320,1,-1,0,unknown,0
6359,35,management,married,tertiary,no,0,yes,no,cellular,11,feb,391,2,92,5,success,1
6445,51,technician,married,secondary,no,2,yes,yes,cellular,4,feb,71,1,205,3,failure,0
1937,59,technician,married,secondary,no,259,no,no,cellular,15,jun,415,1,89,1,success,1
8268,42,management,married,tertiary,no,2187,yes,no,cellular,17,nov,525,3,-1,0,unknown,1
2383,37,management,divorced,secondary,no,1655,yes,no,cellular,12,may,178,1,175,2,failure,0
4954,60,admin.,married,secondary,no,3547,no,no,telephone,15,jun,351,6,-1,0,unknown,1
1269,33,unemployed,married,secondary,no,1211,no,no,cellular,11,feb,535,1,188,1,success,1
2122,34,admin.,single,secondary,no,66,yes,no,unknown,26,may,237,1,-1,0,unknown,0
3980,30,technician,single,secondary,no,863,yes,no,unknown,16,may,1193,5,-1,0,unknown,1
1945,40,blue-collar,married,secondary,no,1023,yes,no,cellular,13,may,64,5,336,11,other,0
10579,51,management,married,tertiary,no,4,yes,no,cellular,21,nov,58,2,-1,0,unknown,0
3648,64,retired,married,secondary,no,1574,no,no,telephone,29,jul,301,3,-1,0,unknown,1
11161,30,management,single,tertiary,no,2,no,no,cellular,23,mar,269,1,-1,0,unknown,0
9592,31,management,married,tertiary,no,81,yes,no,cellular,29,oct,164,2,-1,0,unknown,1
8965,31,unknown,married,tertiary,no,526,no,no,cellular,26,aug,130,13,-1,0,unknown,0
10622,47,blue-collar,married,secondary,no,303,no,no,unknown,11,jun,261,1,-1,0,unknown,0
3452,32,technician,single,secondary,no,230,yes,no,cellular,18,may,442,1,266,8,failure,1
10657,47,blue-collar,married,secondary,no,3630,yes,no,unknown,14,may,133,4,-1,0,unknown,0
2657,44,entrepreneur,married,secondary,no,887,yes,no,cellular,17,apr,519,1,14,2,failure,0
2398,30,blue-collar,divorced,primary,no,1,yes,no,unknown,6,jun,63,9,-1,0,unknown,0
11129,50,unemployed,married,secondary,no,3674,yes,no,unknown,30,may,886,3,-1,0,unknown,1
306,59,technician,married,secondary,no,10925,no,no,cellular,21,apr,100,1,-1,0,unknown,1
7686,35,management,married,tertiary,no,43,yes,no,cellular,20,apr,860,1,-1,0,unknown,1
6129,52,services,married,secondary,no,659,no,no,cellular,27,oct,113,1,-1,0,unknown,1
2331,57,entrepreneur,married,secondary,yes,-525,no,yes,cellular,25,jul,337,1,-1,0,unknown,0
10968,57,admin.,married,secondary,no,6005,yes,no,cellular,8,may,704,1,323,6,failure,1
920,59,unemployed,married,secondary,no,1047,no,no,cellular,21,aug,438,1,184,3,success,1
4093,54,management,married,tertiary,no,752,no,no,telephone,29,jul,211,5,491,4,other,1
5992,33,admin.,married,tertiary,no,79,yes,no,cellular,22,oct,249,2,335,2,failure,1
1583,36,student,single,tertiary,no,129,no,no,cellular,28,jan,918,1,93,1,success,1
10317,36,management,single,tertiary,no,62,yes,no,cellular,3,nov,566,1,182,7,failure,1
20,27,technician,single,secondary,no,204,no,no,cellular,28,jul,471,2,-1,0,unknown,1
737,33,admin.,single,secondary,no,3160,no,no,unknown,18,jun,719,13,-1,0,unknown,0
2194,45,blue-collar,divorced,primary,no,844,no,no,unknown,5,jun,1018,3,-1,0,unknown,1
10670,49,admin.,divorced,secondary,no,1718,no,yes,cellular,5,aug,211,1,-1,0,unknown,1
4436,27,technician,single,secondary,no,158,no,no,unknown,1,jul,650,2,-1,0,unknown,1
10344,32,technician,married,secondary,no,963,no,no,cellular,28,aug,15,13,-1,0,unknown,0
8499,42,technician,divorced,secondary,no,-78,yes,yes,cellular,29,jul,10,23,-1,0,unknown,0
9489,29,blue-collar,married,secondary,no,104,yes,no,cellular,18,may,903,4,-1,0,unknown,1
9517,33,technician,married,tertiary,no,1699,no,no,cellular,28,jan,202,1,83,3,success,1
540,31,services,married,primary,no,997,yes,no,cellular,3,feb,256,1,190,3,failure,0
6940,35,blue-collar,married,secondary,no,2054,yes,no,unknown,20,may,447,1,-1,0,unknown,0
1596,43,blue-collar,single,primary,no,548,yes,no,unknown,7,may,98,1,-1,0,unknown,0
4087,59,retired,married,tertiary,no,422,yes,no,cellular,14,may,647,4,-1,0,unknown,1
7955,26,management,single,tertiary,no,1177,no,no,cellular,19,oct,116,1,-1,0,unknown,0
2862,67,housemaid,divorced,secondary,no,5275,no,no,cellular,13,aug,222,4,-1,0,unknown,1
5161,31,services,married,secondary,no,1167,yes,yes,cellular,20,nov,279,1,-1,0,unknown,0
4294,54,admin.,divorced,secondary,no,1872,no,no,cellular,13,feb,439,5,-1,0,unknown,1
1140,78,retired,married,tertiary,no,1204,no,no,telephone,17,nov,135,1,-1,0,unknown,1
8890,31,management,married,tertiary,no,459,no,no,cellular,28,aug,13,14,-1,0,unknown,0
294,31,blue-collar,married,secondary,no,43,yes,no,unknown,19,may,405,3,-1,0,unknown,0
8139,22,student,single,primary,no,3472,no,no,cellular,19,apr,529,1,181,4,success,1
8477,49,blue-collar,married,secondary,no,0,no,yes,cellular,9,jul,625,1,-1,0,unknown,1
8489,57,technician,married,secondary,no,28,yes,no,cellular,8,may,163,1,358,1,failure,0
16,29,admin.,single,secondary,no,464,no,no,cellular,9,nov,208,2,91,3,success,1
1436,53,blue-collar,married,secondary,no,3079,no,no,cellular,5,apr,759,1,-1,0,unknown,0
2414,28,student,single,tertiary,no,3054,no,no,cellular,30,apr,384,1,80,6,other,1
77,54,management,divorced,tertiary,no,12018,yes,no,cellular,21,dec,267,2,-1,0,unknown,1
6530,50,admin.,divorced,secondary,no,81,no,yes,cellular,21,nov,64,1,-1,0,unknown,0
526,58,unemployed,married,secondary,no,687,yes,no,cellular,30,apr,341,2,-1,0,unknown,1
5941,38,technician,married,secondary,no,1919,no,no,cellular,4,aug,846,1,-1,0,unknown,1
1079,55,housemaid,married,primary,no,0,yes,no,cellular,17,jul,1303,2,-1,0,unknown,1
3434,46,services,divorced,unknown,no,973,no,no,cellular,2,feb,297,1,-1,0,unknown,0
2931,32,blue-collar,single,secondary,no,1342,yes,no,unknown,23,may,109,2,-1,0,unknown,0
748,51,entrepreneur,single,tertiary,no,0,no,no,cellular,30,jan,643,1,-1,0,unknown,0
8674,34,management,married,tertiary,no,11,yes,no,cellular,17,jul,654,1,-1,0,unknown,0
10502,40,technician,married,secondary,no,40,yes,no,cellular,21,nov,73,1,-1,0,unknown,0
6237,34,admin.,married,primary,no,0,yes,yes,cellular,14,may,1020,1,-1,0,unknown,1
7708,28,student,single,tertiary,no,3,no,no,cellular,11,nov,135,2,148,1,other,0
3424,34,management,married,tertiary,no,13,yes,no,cellular,30,jul,99,3,-1,0,unknown,0
7512,24,technician,single,secondary,no,409,yes,no,unknown,16,may,912,1,-1,0,unknown,1
4536,60,retired,married,secondary,no,1690,no,no,unknown,20,jun,1467,4,-1,0,unknown,1
9787,28,services,single,secondary,no,339,no,no,cellular,3,dec,350,1,182,1,success,1
5654,66,retired,married,tertiary,no,1948,no,no,cellular,28,jan,216,1,91,4,success,1
8616,35,management,married,unknown,no,2326,yes,yes,cellular,16,sep,319,1,-1,0,unknown,1
1340,31,self-employed,married,tertiary,no,2666,no,no,telephone,8,jul,411,2,148,9,other,1
10716,30,technician,single,tertiary,no,0,yes,no,cellular,5,jul,140,1,424,8,success,1
7346,62,technician,married,secondary,no,973,no,no,cellular,2,feb,326,1,-1,0,unknown,1
936,55,admin.,married,secondary,no,-2,no,no,cellular,28,aug,76,1,-1,0,unknown,0
4883,44,management,divorced,tertiary,no,2367,no,no,cellular,22,sep,263,1,184,6,success,1
9659,37,technician,single,tertiary,no,0,no,no,unknown,1,jul,1135,2,-1,0,unknown,1
7055,54,housemaid,married,primary,no,167,yes,no,cellular,22,jul,106,2,-1,0,unknown,0
9760,37,technician,married,secondary,no,261,no,no,cellular,29,aug,301,4,-1,0,unknown,0
4829,36,admin.,married,secondary,no,1954,yes,yes,cellular,20,nov,158,2,174,3,failure,0
2726,60,technician,divorced,tertiary,no,1900,yes,no,unknown,29,may,77,3,-1,0,unknown,0
291,58,admin.,married,secondary,no,1464,yes,yes,unknown,5,jun,53,29,-1,0,unknown,0
8938,34,entrepreneur,married,secondary,no,1368,yes,no,cellular,18,nov,252,2,-1,0,unknown,0
172,37,blue-collar,married,unknown,no,-1050,yes,no,unknown,2,jun,548,2,-1,0,unknown,0
8484,37,services,married,secondary,no,144,yes,no,cellular,20,apr,724,2,-1,0,unknown,0
7587,26,services,single,secondary,no,162,yes,no,cellular,2,mar,185,2,130,8,other,0
3517,39,blue-collar,divorced,secondary,no,0,yes,no,cellular,11,may,275,2,307,1,other,0
6552,28,blue-collar,married,secondary,no,61,yes,no,cellular,21,aug,744,1,109,3,success,1
10634,34,admin.,married,secondary,no,-312,yes,no,unknown,9,may,232,1,-1,0,unknown,0
6806,35,management,single,tertiary,no,431,no,no,cellular,17,aug,343,2,397,1,failure,1
546,55,management,married,tertiary,no,3848,yes,no,cellular,8,apr,222,2,-1,0,unknown,1
2562,52,services,married,secondary,no,820,yes,no,cellular,2,feb,135,2,-1,0,unknown,0
8608,37,blue-collar,married,primary,no,3154,yes,no,cellular,17,apr,404,1,305,3,failure,1
2586,36,management,married,tertiary,no,0,yes,no,cellular,29,jan,86,1,237,17,other,0
8307,60,retired,married,primary,no,71,no,no,cellular,10,jul,121,3,-1,0,unknown,0
8199,32,self-employed,married,secondary,no,514,yes,no,cellular,11,jul,812,1,-1,0,unknown,1
5746,36,technician,single,secondary,no,376,no,no,cellular,13,nov,193,1,92,1,success,1
714,27,management,married,tertiary,no,159,yes,no,cellular,25,jul,295,2,-1,0,unknown,0
10389,44,unemployed,married,secondary,no,0,no,no,cellular,21,nov,175,4,-1,0,unknown,0
10264,48,technician,divorced,secondary,no,-154,no,no,unknown,3,jun,342,3,-1,0,unknown,0
10154,27,management,single,tertiary,no,1840,no,no,cellular,1,jun,220,1,28,8,other,1
2382,36,technician,married,tertiary,no,202,no,no,cellular,29,jan,313,1,120,3,failure,1
8382,49,services,divorced,secondary,no,933,no,yes,cellular,29,jul,92,33,-1,0,unknown,0
6230,50,technician,married,secondary,no,1717,no,no,telephone,7,jul,416,8,-1,0,unknown,0
10244,27,services,single,secondary,no,1928,no,yes,cellular,15,jul,513,5,-1,0,unknown,0
2755,24,student,single,secondary,no,1809,no,no,cellular,11,oct,165,1,95,2,success,1
6520,41,unknown,married,unknown,no,779,no,no,cellular,30,jul,647,10,-1,0,unknown,0
8164,22,admin.,single,secondary,no,33,no,no,cellular,12,feb,369,1,-1,0,unknown,1
9367,56,blue-collar,married,secondary,no,1210,no,no,unknown,11,jun,935,1,-1,0,unknown,1
3264,32,blue-collar,married,secondary,yes,-1,yes,no,unknown,9,may,653,1,-1,0,unknown,1
3949,55,services,divorced,secondary,no,0,no,no,cellular,27,sep,262,6,193,4,success,1
6732,34,housemaid,married,primary,no,87,yes,no,unknown,15,may,139,2,-1,0,unknown,0
2764,58,management,married,secondary,no,-382,no,no,telephone,5,feb,398,4,189,12,success,0
242,57,unemployed,married,secondary,no,3754,no,no,cellular,5,feb,1063,2,-1,0,unknown,1
120,46,technician,married,unknown,no,605,yes,no,cellular,20,apr,780,2,-1,0,unknown,0
5469,30,blue-collar,married,secondary,no,378,yes,no,cellular,14,may,566,2,-1,0,unknown,1
2306,56,technician,married,secondary,no,2847,no,no,cellular,8,apr,327,1,-1,0,unknown,1
4261,46,management,divorced,tertiary,no,2166,yes,no,cellular,23,jul,870,1,-1,0,unknown,1
3838,35,technician,single,tertiary,no,670,no,no,cellular,13,apr,278,4,182,2,success,1
1387,60,housemaid,divorced,primary,no,1412,no,no,cellular,22,jul,127,4,-1,0,unknown,0
6848,37,management,married,tertiary,no,2951,no,no,cellular,21,nov,101,3,-1,0,unknown,0
667,32,technician,single,tertiary,no,1246,yes,no,cellular,30,apr,509,1,85,2,success,1
2608,53,retired,married,secondary,no,1296,yes,no,unknown,17,jun,115,1,-1,0,unknown,0
2605,32,blue-collar,married,secondary,no,3166,yes,no,cellular,20,nov,418,3,-1,0,unknown,0
6097,30,blue-collar,married,primary,no,35,yes,no,cellular,11,jul,366,2,-1,0,unknown,0
1832,39,management,divorced,tertiary,no,30,no,yes,cellular,3,feb,265,4,-1,0,unknown,0
2085,34,management,married,tertiary,no,158,no,no,cellular,9,jun,190,1,92,9,success,1
2869,34,technician,married,secondary,no,294,yes,no,cellular,9,dec,265,1,184,3,success,1
8250,34,management,single,tertiary,no,13014,no,no,cellular,12,feb,637,1,183,1,success,1
1350,34,technician,married,tertiary,no,2069,no,no,cellular,20,aug,328,2,-1,0,unknown,0
1165,27,blue-collar,married,secondary,no,4333,no,no,cellular,20,apr,163,1,-1,0,unknown,1
6953,40,technician,married,secondary,no,372,yes,no,cellular,21,nov,365,1,100,2,failure,0
10797,29,management,married,tertiary,no,314,no,no,unknown,28,may,938,2,-1,0,unknown,1
731,50,entrepreneur,married,primary,no,431,yes,no,cellular,20,apr,12,5,-1,0,unknown,0
378,30,management,single,tertiary,no,533,no,no,cellular,11,aug,229,2,99,4,success,1
8437,33,services,single,secondary,no,192,no,no,cellular,24,jul,255,1,-1,0,unknown,0
6343,45,self-employed,single,primary,no,112,no,no,unknown,20,jun,298,4,-1,0,unknown,0
382,34,management,married,tertiary,no,250,no,no,cellular,9,dec,787,1,188,8,other,0
10109,28,admin.,single,secondary,no,261,yes,yes,cellular,9,sep,259,2,98,4,success,1
1733,51,management,married,secondary,no,441,yes,no,cellular,7,may,189,2,167,2,other,0
8101,30,management,single,tertiary,no,5561,yes,no,cellular,19,nov,511,1,-1,0,unknown,1
11035,31,blue-collar,married,primary,no,196,no,no,cellular,7,aug,248,1,-1,0,unknown,0
5646,57,management,married,tertiary,no,830,yes,yes,cellular,8,may,662,1,367,1,success,1
5188,46,management,divorced,tertiary,no,1297,no,no,cellular,11,aug,716,3,-1,0,unknown,1
9261,46,management,married,secondary,no,0,no,no,unknown,12,jun,155,1,-1,0,unknown,0
9989,30,admin.,single,secondary,no,523,no,yes,cellular,12,jun,136,3,101,1,success,0
7607,56,retired,married,secondary,no,1044,no,no,telephone,3,jul,353,2,-1,0,unknown,1
1169,40,admin.,single,secondary,no,100,yes,no,cellular,11,aug,221,1,461,1,success,1
9635,33,technician,married,tertiary,no,6843,no,no,cellular,20,nov,755,1,100,10,other,1
10747,53,blue-collar,married,primary,no,5603,no,no,cellular,28,aug,2372,6,-1,0,unknown,1
7193,39,blue-collar,married,primary,no,2715,yes,no,unknown,2,jun,201,3,-1,0,unknown,0
8587,34,management,single,tertiary,no,1228,no,no,cellular,30,apr,580,2,84,8,success,1
651,48,blue-collar,married,primary,no,559,yes,no,unknown,15,may,1231,2,-1,0,unknown,0
10798,45,blue-collar,divorced,secondary,no,756,yes,no,unknown,6,may,179,2,-1,0,unknown,0
9165,23,student,single,secondary,no,1298,no,no,cellular,14,jul,603,1,-1,0,unknown,1
2117,33,technician,divorced,secondary,no,801,no,no,cellular,7,aug,341,5,-1,0,unknown,1
1619,49,services,married,secondary,no,1314,no,no,cellular,14,aug,834,14,-1,0,unknown,1
1348,46,blue-collar,married,secondary,no,640,yes,no,cellular,12,mar,215,1,182,4,success,1
8729,51,admin.,married,secondary,no,176,no,no,cellular,28,jan,214,1,183,2,failure,0
8855,21,student,single,unknown,no,1506,no,no,cellular,14,sep,340,1,-1,0,unknown,1
11083,42,housemaid,single,secondary,no,578,no,no,telephone,28,jan,44,1,-1,0,unknown,0
5259,42,admin.,divorced,secondary,no,527,no,yes,cellular,20,apr,112,1,-1,0,unknown,1
520,34,management,married,tertiary,no,160,yes,yes,cellular,15,jul,130,1,-1,0,unknown,0
7682,56,services,married,secondary,no,1150,no,yes,cellular,17,nov,107,1,117,3,failure,0
2327,33,admin.,married,tertiary,no,99,yes,yes,cellular,18,nov,55,2,-1,0,unknown,0
4237,55,management,single,tertiary,no,0,no,no,cellular,30,apr,156,3,-1,0,unknown,0
8735,64,retired,married,tertiary,no,1644,no,no,telephone,7,sep,569,4,-1,0,unknown,1
1592,37,technician,married,secondary,no,1,yes,no,unknown,6,may,608,1,-1,0,unknown,1
401,44,blue-collar,married,secondary,no,776,yes,no,unknown,29,may,306,1,-1,0,unknown,0
8389,33,blue-collar,single,primary,no,611,no,no,telephone,16,sep,390,2,-1,0,unknown,1
2260,35,entrepreneur,single,tertiary,no,145,yes,no,cellular,18,jul,799,2,-1,0,unknown,1
1962,19,student,single,secondary,no,372,no,no,telephone,8,jul,444,3,-1,0,unknown,1
9343,38,management,single,tertiary,no,1704,no,no,cellular,1,sep,222,1,-1,0,unknown,0
1531,28,services,single,secondary,no,47,no,no,cellular,22,jul,405,2,-1,0,unknown,0
5758,32,entrepreneur,single,tertiary,no,7641,yes,yes,cellular,21,nov,39,10,-1,0,unknown,0
1601,33,blue-collar,married,secondary,no,215,no,no,cellular,15,apr,166,1,-1,0,unknown,0
6125,37,entrepreneur,married,tertiary,no,4798,yes,no,unknown,20,may,156,2,-1,0,unknown,0
6103,51,admin.,divorced,secondary,no,340,yes,no,unknown,8,may,186,1,-1,0,unknown,0
10785,36,technician,single,secondary,no,7503,yes,no,unknown,4,jun,25,1,-1,0,unknown,0
1457,32,admin.,married,tertiary,no,0,yes,no,unknown,5,may,138,1,-1,0,unknown,0
10951,52,technician,married,tertiary,no,876,no,no,cellular,4,may,601,3,-1,0,unknown,1
10566,37,entrepreneur,married,tertiary,no,7944,no,no,cellular,21,nov,102,1,-1,0,unknown,0
2773,35,blue-collar,married,primary,no,51,yes,no,unknown,28,may,593,2,-1,0,unknown,0
1752,60,admin.,married,secondary,no,106,no,no,cellular,24,feb,137,1,187,4,success,1
7662,33,management,single,tertiary,no,7084,no,no,cellular,27,aug,512,8,-1,0,unknown,1
8030,61,retired,married,primary,no,197,no,no,cellular,17,feb,113,1,-1,0,unknown,1
2917,57,technician,married,tertiary,no,-1,no,no,unknown,14,may,850,2,-1,0,unknown,1
3425,34,admin.,single,secondary,no,79,yes,no,cellular,28,jul,219,3,-1,0,unknown,0
9600,26,technician,married,secondary,no,744,no,no,cellular,15,apr,609,1,-1,0,unknown,0
7526,72,retired,married,tertiary,no,2,no,no,cellular,7,aug,147,2,-1,0,unknown,1
391,32,management,single,tertiary,no,537,no,no,unknown,29,may,187,3,-1,0,unknown,0
5979,34,technician,single,secondary,no,4943,yes,yes,cellular,19,nov,117,2,-1,0,unknown,0
1997,36,admin.,single,secondary,no,449,yes,no,unknown,20,jun,136,3,-1,0,unknown,0
9970,57,admin.,married,secondary,no,2120,no,no,cellular,19,aug,687,4,-1,0,unknown,1
9063,35,management,single,tertiary,no,4348,yes,no,cellular,2,apr,1074,3,217,8,failure,0
3647,32,admin.,single,secondary,no,344,no,no,cellular,26,may,530,2,-1,0,unknown,1
4573,28,management,single,secondary,no,171,no,no,cellular,5,jun,324,1,87,1,success,1
9414,39,management,married,tertiary,no,309,no,no,cellular,26,aug,94,14,-1,0,unknown,0
6376,44,technician,single,primary,no,237,yes,no,cellular,25,jul,54,1,-1,0,unknown,0
2600,30,blue-collar,married,primary,no,2607,yes,no,unknown,28,may,158,10,-1,0,unknown,0
4001,60,management,married,tertiary,yes,-311,no,no,cellular,25,aug,151,6,-1,0,unknown,0
4647,32,services,single,secondary,no,72,no,no,cellular,28,jul,88,9,-1,0,unknown,0
2508,55,unemployed,single,primary,no,274,no,no,cellular,9,feb,7,5,-1,0,unknown,0
2313,40,technician,married,tertiary,no,1063,yes,yes,cellular,19,aug,264,2,-1,0,unknown,0
2172,38,blue-collar,single,tertiary,no,2885,yes,no,unknown,20,jun,1422,10,-1,0,unknown,1
5876,46,technician,married,secondary,no,1353,no,no,cellular,18,aug,528,5,-1,0,unknown,1
9265,53,technician,married,unknown,no,2242,no,no,cellular,10,jul,154,14,-1,0,unknown,0
1462,42,admin.,married,secondary,no,1133,yes,no,cellular,4,feb,161,4,212,3,failure,0
5937,54,management,married,secondary,no,1134,yes,no,cellular,25,jul,1330,3,-1,0,unknown,1
4685,43,admin.,single,secondary,no,-247,yes,yes,cellular,2,feb,751,2,76,4,failure,1
10112,93,retired,married,unknown,no,775,no,no,cellular,22,jul,860,2,177,7,success,1
9888,44,housemaid,single,secondary,no,299,no,no,cellular,20,nov,186,1,-1,0,unknown,0
6010,48,management,married,tertiary,no,3842,no,no,cellular,1,jun,215,2,-1,0,unknown,1
7011,36,services,single,secondary,no,0,yes,no,cellular,15,may,1002,4,-1,0,unknown,1
2688,42,admin.,married,primary,no,1547,yes,yes,unknown,27,may,272,3,-1,0,unknown,0
2915,33,management,married,tertiary,no,403,yes,no,unknown,26,may,114,2,-1,0,unknown,0
3620,37,services,married,secondary,no,1543,yes,no,cellular,22,may,298,1,10,6,failure,1
6391,58,admin.,divorced,secondary,no,1947,no,no,telephone,26,oct,228,1,-1,0,unknown,1
9112,59,retired,married,secondary,no,374,no,no,cellular,29,aug,272,2,-1,0,unknown,0
4466,30,self-employed,married,secondary,no,131,yes,no,unknown,8,may,306,1,-1,0,unknown,0
2378,35,entrepreneur,single,tertiary,no,1416,yes,no,cellular,6,may,100,1,169,12,other,0
7429,39,technician,divorced,secondary,no,291,yes,no,cellular,7,may,882,2,-1,0,unknown,1
3704,33,self-employed,married,tertiary,no,263,no,no,cellular,16,nov,79,4,94,3,failure,0
6214,54,management,married,tertiary,no,1938,yes,no,telephone,31,jul,81,7,-1,0,unknown,0
2246,58,management,married,tertiary,no,1697,no,no,unknown,20,jun,55,2,-1,0,unknown,0
6304,27,blue-collar,single,secondary,yes,-3,yes,no,unknown,19,may,265,5,-1,0,unknown,0
1281,23,self-employed,single,tertiary,no,780,no,no,cellular,16,sep,393,1,183,3,success,1
9403,36,blue-collar,married,primary,no,223,yes,no,unknown,14,jul,12,3,-1,0,unknown,0
4561,50,admin.,single,secondary,no,2252,no,no,cellular,30,apr,652,2,-1,0,unknown,1
3893,34,services,married,secondary,no,1637,yes,no,cellular,21,nov,107,4,-1,0,unknown,0
868,39,management,single,tertiary,no,1515,yes,no,cellular,4,may,815,6,167,6,failure,1
3768,39,services,married,secondary,no,25,yes,yes,cellular,12,may,658,1,351,3,failure,1
1127,56,admin.,married,primary,no,0,yes,no,cellular,3,apr,353,2,227,4,failure,0
3881,26,blue-collar,single,secondary,no,-128,no,yes,cellular,8,jul,392,2,-1,0,unknown,0
2829,60,self-employed,married,primary,no,362,no,yes,cellular,29,jul,816,6,-1,0,unknown,1
6766,34,blue-collar,single,secondary,no,215,no,no,cellular,5,jun,329,1,94,3,success,0
7530,46,admin.,married,secondary,no,-42,no,yes,telephone,28,jul,181,12,-1,0,unknown,0
3383,32,technician,married,secondary,no,660,no,no,cellular,25,oct,226,2,490,1,failure,1
8276,34,blue-collar,married,secondary,yes,-745,yes,yes,cellular,11,jul,131,2,-1,0,unknown,0
11038,39,admin.,divorced,secondary,no,83,yes,no,cellular,30,jul,69,6,-1,0,unknown,0
1239,46,technician,divorced,secondary,no,-90,no,yes,telephone,17,oct,270,1,-1,0,unknown,1
6597,35,admin.,married,secondary,no,304,no,no,cellular,18,mar,237,1,-1,0,unknown,1
8678,59,admin.,married,primary,no,1040,no,no,telephone,31,jul,733,1,-1,0,unknown,0
9287,37,management,single,tertiary,no,10269,yes,no,cellular,18,may,28,2,-1,0,unknown,0
8346,61,retired,married,tertiary,no,2557,yes,no,cellular,10,nov,89,1,91,4,success,1
1581,35,blue-collar,married,primary,no,147,yes,no,cellular,5,may,358,1,337,3,failure,0
3257,60,retired,married,primary,no,1542,yes,no,unknown,14,may,930,1,-1,0,unknown,1
3077,73,retired,divorced,primary,no,5028,no,no,cellular,4,dec,696,10,-1,0,unknown,1
2902,38,housemaid,divorced,secondary,no,70,no,no,cellular,27,oct,255,3,148,1,success,1
3585,35,blue-collar,married,primary,no,0,no,no,cellular,31,jul,57,4,-1,0,unknown,0
7510,40,admin.,married,secondary,no,732,no,no,cellular,9,sep,71,1,139,4,success,0
702,48,management,married,tertiary,no,1147,no,no,cellular,3,dec,155,1,120,3,success,1
8313,37,admin.,single,secondary,no,781,no,no,cellular,20,aug,75,1,-1,0,unknown,0
7624,42,blue-collar,married,primary,no,260,yes,no,telephone,31,jul,175,2,-1,0,unknown,0
1837,31,admin.,single,secondary,no,50,no,no,cellular,29,jan,395,1,-1,0,unknown,0
8879,24,student,single,secondary,no,1250,no,no,cellular,25,mar,411,2,-1,0,unknown,1
7224,30,blue-collar,single,secondary,no,239,yes,no,unknown,23,may,785,1,-1,0,unknown,1
4694,36,blue-collar,divorced,secondary,no,7051,no,yes,cellular,15,jul,106,13,-1,0,unknown,0
3970,36,management,single,tertiary,no,7606,yes,no,unknown,30,may,917,1,-1,0,unknown,1
2272,33,management,single,tertiary,no,1962,no,no,cellular,13,jul,363,1,181,1,failure,1
9877,30,management,single,tertiary,no,222,yes,no,cellular,12,aug,112,4,-1,0,unknown,0
8945,33,services,married,secondary,no,114,no,yes,unknown,3,jul,676,1,-1,0,unknown,1
7525,30,self-employed,single,tertiary,no,432,yes,no,cellular,2,feb,402,1,-1,0,unknown,1
9251,34,admin.,married,secondary,no,155,no,no,cellular,5,feb,696,2,-1,0,unknown,1
10941,31,management,married,tertiary,no,1331,no,no,cellular,30,apr,297,1,86,3,success,1
9305,52,management,married,tertiary,no,575,no,no,unknown,3,jun,315,1,-1,0,unknown,0
7199,40,management,married,secondary,no,99,no,no,cellular,9,feb,15,5,-1,0,unknown,0
6146,60,retired,married,secondary,no,0,no,no,cellular,5,aug,143,3,-1,0,unknown,0
3279,30,blue-collar,married,secondary,no,0,yes,yes,cellular,10,jul,1399,1,-1,0,unknown,1
3478,31,management,married,tertiary,no,1224,yes,yes,cellular,20,nov,75,2,119,2,success,0
2699,47,blue-collar,married,secondary,no,2787,no,no,cellular,11,aug,479,1,-1,0,unknown,1
9010,35,management,married,tertiary,no,109,no,yes,cellular,21,aug,257,2,-1,0,unknown,0
1588,27,student,single,secondary,no,111,no,no,cellular,7,jul,495,2,-1,0,unknown,1
9182,35,self-employed,married,secondary,no,188,yes,yes,unknown,5,jun,1865,2,-1,0,unknown,1
9776,29,admin.,single,secondary,no,1992,no,no,cellular,12,apr,119,2,-1,0,unknown,0
1741,39,technician,married,tertiary,no,94,yes,yes,unknown,16,may,813,1,-1,0,unknown,1
3534,38,services,divorced,primary,no,92,yes,yes,unknown,29,may,118,3,-1,0,unknown,0
9402,43,blue-collar,married,primary,no,377,no,yes,unknown,20,jun,11,5,-1,0,unknown,0
9974,36,blue-collar,married,secondary,no,218,yes,no,cellular,4,may,619,6,-1,0,unknown,1
2924,38,technician,single,secondary,no,1711,no,no,telephone,30,sep,234,1,-1,0,unknown,1
1915,59,admin.,married,secondary,no,2343,yes,no,unknown,5,may,1042,1,-1,0,unknown,1
10922,53,services,divorced,secondary,no,765,yes,no,cellular,14,may,959,3,174,7,other,1
202,33,blue-collar,married,primary,no,3868,yes,no,unknown,2,jun,445,1,-1,0,unknown,0
1414,31,self-employed,married,tertiary,no,229,no,no,cellular,29,jan,184,1,-1,0,unknown,0
10722,44,blue-collar,married,unknown,no,1529,yes,no,cellular,30,apr,347,1,-1,0,unknown,1
4831,33,unemployed,single,tertiary,no,6748,no,no,cellular,14,aug,1579,2,-1,0,unknown,1
9521,31,management,married,tertiary,no,156,no,no,cellular,13,aug,657,7,-1,0,unknown,1
5570,49,blue-collar,married,tertiary,no,1784,no,no,unknown,12,jun,753,1,-1,0,unknown,0
10433,34,management,married,tertiary,no,703,yes,no,cellular,14,apr,342,1,-1,0,unknown,1
891,35,blue-collar,married,secondary,no,-701,yes,yes,cellular,7,may,531,3,-1,0,unknown,0
346,25,blue-collar,single,secondary,no,189,no,yes,cellular,8,jul,687,2,-1,0,unknown,1
1816,58,blue-collar,married,primary,no,96,no,no,unknown,16,jun,76,3,-1,0,unknown,0
1419,27,technician,single,tertiary,no,11862,no,no,cellular,25,nov,285,2,97,7,success,1
2049,60,admin.,divorced,secondary,no,12039,no,no,telephone,12,oct,261,1,187,1,success,1
1854,31,technician,single,secondary,no,846,no,no,cellular,26,may,405,3,205,2,failure,1
4731,58,retired,single,primary,no,6570,no,no,cellular,21,jul,106,3,-1,0,unknown,0
10947,30,student,married,tertiary,no,324,no,no,cellular,25,aug,585,4,-1,0,unknown,0
1493,38,technician,married,secondary,no,5115,yes,no,cellular,2,jun,318,1,95,7,success,1
10289,44,unemployed,married,primary,no,97,yes,no,unknown,5,jun,105,3,-1,0,unknown,0
5381,59,retired,divorced,secondary,no,5583,yes,no,cellular,30,apr,720,1,-1,0,unknown,1
5827,58,admin.,married,secondary,no,826,no,no,unknown,12,jun,885,1,-1,0,unknown,1
8570,52,blue-collar,divorced,primary,no,2800,no,no,unknown,19,jun,149,1,-1,0,unknown,0
48,34,housemaid,married,secondary,no,390,yes,no,cellular,15,jul,659,3,-1,0,unknown,0
8498,49,management,married,tertiary,no,1,no,no,telephone,13,aug,640,2,101,4,success,1
1975,36,services,married,secondary,no,0,no,no,cellular,30,jul,843,2,-1,0,unknown,1
3554,41,blue-collar,married,primary,no,3658,yes,no,cellular,9,apr,268,1,330,1,failure,0
830,28,management,single,tertiary,no,1287,yes,no,cellular,26,feb,65,1,-1,0,unknown,1
3869,43,management,married,tertiary,no,149,yes,no,unknown,23,jun,662,2,-1,0,unknown,1
4151,27,entrepreneur,married,secondary,no,97,yes,yes,cellular,18,may,13,3,-1,0,unknown,0
2110,36,management,married,tertiary,no,3839,no,no,cellular,19,nov,146,1,-1,0,unknown,0
694,35,unemployed,married,secondary,no,2228,no,no,unknown,19,jun,461,2,-1,0,unknown,0
5903,31,technician,married,secondary,no,477,no,no,cellular,30,apr,146,1,-1,0,unknown,0
8778,48,technician,married,primary,no,788,no,no,telephone,9,jul,36,2,-1,0,unknown,0
149,32,blue-collar,married,secondary,yes,-238,yes,no,unknown,27,may,427,1,-1,0,unknown,0
10937,56,management,divorced,tertiary,no,382,no,no,cellular,19,nov,117,2,-1,0,unknown,0
10437,41,entrepreneur,married,secondary,no,187,no,yes,cellular,21,jul,354,1,-1,0,unknown,0
10628,25,student,single,secondary,no,679,no,no,cellular,25,oct,297,5,94,6,other,1
7097,27,student,single,secondary,no,3754,no,no,cellular,15,mar,106,3,98,1,other,0
1298,50,technician,divorced,secondary,no,0,no,no,cellular,1,apr,280,1,184,3,success,1
6735,59,retired,married,primary,no,3400,yes,no,cellular,5,aug,515,3,-1,0,unknown,1
7665,40,blue-collar,married,primary,no,2805,yes,no,cellular,14,may,173,6,353,23,failure,0
7742,44,management,married,tertiary,no,0,no,no,unknown,13,may,27,1,-1,0,unknown,0
4511,37,technician,single,secondary,no,265,yes,yes,cellular,3,feb,140,1,366,2,failure,1
6204,38,technician,divorced,secondary,no,902,yes,no,cellular,4,may,301,3,90,1,success,1
1268,30,management,married,tertiary,no,131,yes,no,cellular,11,aug,384,6,-1,0,unknown,1
7978,35,blue-collar,married,tertiary,no,1016,yes,no,cellular,17,jul,294,2,-1,0,unknown,0
9121,46,admin.,married,secondary,no,5021,no,no,cellular,15,jul,957,1,182,1,success,1
8178,64,retired,married,secondary,no,4787,no,no,cellular,28,oct,501,1,-1,0,unknown,1
3021,54,technician,married,secondary,no,0,no,no,telephone,30,apr,766,3,84,3,success,1
10103,34,management,married,tertiary,no,417,yes,no,cellular,18,nov,138,1,-1,0,unknown,0
9416,31,blue-collar,married,secondary,no,625,yes,no,cellular,2,jul,135,2,49,3,failure,1
5148,46,management,married,tertiary,no,2817,no,no,cellular,17,sep,543,1,-1,0,unknown,1
5712,23,technician,single,tertiary,no,1129,yes,no,unknown,28,may,806,1,-1,0,unknown,1
5832,44,blue-collar,single,primary,no,0,yes,no,cellular,24,jul,184,1,-1,0,unknown,0
5968,39,technician,married,secondary,no,834,yes,yes,cellular,20,apr,390,1,-1,0,unknown,0
9501,37,management,single,secondary,no,792,yes,no,unknown,16,may,1187,4,-1,0,unknown,1
9426,55,technician,divorced,tertiary,no,0,no,no,cellular,17,nov,134,2,91,1,success,1
10443,72,self-employed,married,tertiary,no,132,no,no,cellular,27,apr,444,1,-1,0,unknown,1
10931,53,technician,married,secondary,no,65,no,no,cellular,25,nov,99,1,92,2,failure,0
10943,48,blue-collar,married,secondary,no,863,yes,no,telephone,4,may,412,5,350,2,success,1
2908,40,blue-collar,married,primary,no,919,yes,no,unknown,3,jun,327,2,-1,0,unknown,0
94,37,management,married,tertiary,no,7100,no,no,cellular,20,nov,757,2,-1,0,unknown,0
10378,58,entrepreneur,married,secondary,no,2,no,no,unknown,16,jun,684,1,-1,0,unknown,0
5465,41,technician,divorced,secondary,no,4047,yes,no,cellular,18,feb,343,1,-1,0,unknown,1
4818,59,retired,married,secondary,no,2467,no,no,cellular,20,nov,972,2,-1,0,unknown,0
9791,49,services,married,tertiary,no,306,yes,no,cellular,18,aug,285,7,-1,0,unknown,0
1631,49,management,divorced,tertiary,no,-2049,yes,no,unknown,30,may,169,3,-1,0,unknown,0
5385,33,self-employed,single,tertiary,no,562,yes,yes,cellular,6,apr,196,1,363,1,failure,1
7695,51,technician,married,tertiary,no,0,no,no,cellular,7,may,662,2,66,2,success,1
6978,60,retired,married,secondary,no,2060,no,no,cellular,29,jun,135,4,95,4,failure,0
7670,39,entrepreneur,married,tertiary,no,2644,yes,no,unknown,20,may,253,1,-1,0,unknown,0
4832,57,management,married,tertiary,no,2681,no,no,cellular,11,mar,266,2,-1,0,unknown,1
4155,29,housemaid,single,tertiary,no,19,no,no,cellular,3,dec,274,1,230,1,success,1
5220,39,unemployed,married,secondary,no,1654,no,no,unknown,20,jun,264,6,-1,0,unknown,0
6151,35,self-employed,married,secondary,no,28,no,yes,unknown,2,jul,159,3,-1,0,unknown,0
1438,54,admin.,divorced,secondary,no,0,yes,yes,cellular,4,feb,330,1,182,3,success,0
7298,29,unemployed,single,secondary,no,25,no,no,cellular,14,apr,207,2,-1,0,unknown,1
5482,43,blue-collar,divorced,primary,no,3550,no,no,cellular,20,nov,1154,1,-1,0,unknown,1
3049,35,services,married,secondary,no,128,yes,no,cellular,12,may,136,1,-1,0,unknown,0
8298,49,blue-collar,divorced,primary,no,0,yes,no,cellular,29,jul,468,2,-1,0,unknown,0
3683,32,blue-collar,married,primary,no,3136,yes,no,cellular,19,nov,820,1,-1,0,unknown,1
5193,35,self-employed,single,tertiary,no,-30,no,no,cellular,4,feb,218,2,-1,0,unknown,0
3822,34,management,married,tertiary,no,1778,no,no,cellular,4,nov,358,1,162,2,failure,1
1758,45,admin.,married,secondary,no,925,no,no,cellular,6,aug,406,2,-1,0,unknown,1
7342,41,unemployed,single,primary,no,216,no,no,cellular,5,jun,577,3,-1,0,unknown,1
2074,30,blue-collar,married,secondary,no,282,yes,yes,unknown,23,may,148,2,-1,0,unknown,0
10891,29,management,single,tertiary,no,572,no,no,cellular,4,jun,224,1,-1,0,unknown,1
2694,51,management,married,tertiary,no,10635,yes,no,unknown,5,may,336,1,-1,0,unknown,0
10681,51,technician,married,secondary,no,130,no,no,cellular,22,aug,547,3,-1,0,unknown,0
7367,39,blue-collar,married,primary,no,12848,yes,no,unknown,5,jun,337,2,-1,0,unknown,0
7087,34,unemployed,single,tertiary,no,1974,no,no,cellular,22,jul,355,1,342,3,success,1
358,58,blue-collar,married,primary,no,73,no,no,unknown,17,jun,116,1,-1,0,unknown,0
3815,45,blue-collar,married,secondary,no,2246,yes,yes,cellular,21,nov,197,2,99,2,other,0
9590,39,management,married,tertiary,no,756,yes,no,unknown,2,jun,268,1,-1,0,unknown,0
8764,46,services,married,secondary,no,1757,yes,no,unknown,14,may,380,4,-1,0,unknown,0
7631,50,blue-collar,married,primary,no,82,no,no,telephone,5,apr,456,1,-1,0,unknown,1
5467,31,management,single,tertiary,no,-201,yes,no,cellular,22,aug,81,4,-1,0,unknown,0
4800,41,blue-collar,married,secondary,no,5517,yes,no,cellular,10,jul,584,1,-1,0,unknown,1
8155,42,services,married,unknown,no,1340,no,yes,cellular,30,jul,88,5,-1,0,unknown,0
8935,33,student,married,secondary,no,1536,no,no,cellular,6,aug,258,2,178,4,success,1
3734,34,management,married,secondary,no,1007,yes,no,cellular,21,jul,240,2,-1,0,unknown,0
10816,58,retired,divorced,tertiary,no,499,yes,yes,cellular,29,jan,181,1,-1,0,unknown,0
387,30,admin.,single,secondary,no,255,no,no,cellular,27,jan,143,1,-1,0,unknown,1
5774,34,admin.,married,secondary,no,430,yes,no,cellular,21,jul,82,4,-1,0,unknown,0
335,39,blue-collar,married,primary,no,-119,no,no,unknown,17,jun,135,6,-1,0,unknown,0
182,24,admin.,single,secondary,no,166,no,no,cellular,10,sep,256,2,-1,0,unknown,1
2648,28,management,single,tertiary,no,5474,no,no,cellular,28,jul,486,5,-1,0,unknown,1
7390,77,retired,married,primary,no,2223,no,no,telephone,10,aug,365,2,187,1,success,0
1688,39,management,married,tertiary,no,3518,yes,no,cellular,8,may,440,1,-1,0,unknown,0
5735,44,management,married,tertiary,no,58,yes,no,cellular,14,jul,72,3,-1,0,unknown,0
685,56,retired,divorced,primary,no,694,no,no,cellular,29,jan,144,1,102,1,other,1
1308,36,student,single,secondary,no,17,no,no,cellular,22,apr,621,1,-1,0,unknown,1
904,54,services,married,secondary,no,171,no,yes,cellular,14,jul,673,8,-1,0,unknown,0
1981,43,management,married,tertiary,no,2383,no,no,cellular,13,aug,379,6,-1,0,unknown,1
9916,34,self-employed,married,tertiary,no,1972,yes,no,cellular,23,jul,61,2,-1,0,unknown,0
1745,28,management,single,tertiary,no,223,yes,no,cellular,1,jun,303,1,278,3,success,1
8021,35,management,single,tertiary,no,2646,no,no,cellular,14,apr,133,8,183,2,success,1
9409,29,management,married,tertiary,no,2417,yes,no,cellular,7,may,126,2,-1,0,unknown,0
9111,25,technician,single,secondary,no,173,yes,no,cellular,15,may,186,2,-1,0,unknown,0
8149,36,management,married,tertiary,no,495,no,no,cellular,12,mar,213,3,182,6,success,1
8360,57,entrepreneur,married,tertiary,no,958,no,no,unknown,6,jun,250,2,-1,0,unknown,0
5813,61,admin.,married,tertiary,no,1332,no,no,cellular,12,mar,156,1,-1,0,unknown,1
7779,37,admin.,divorced,secondary,no,3975,yes,no,cellular,11,may,163,2,-1,0,unknown,0
8368,41,unemployed,married,primary,no,183,yes,no,cellular,29,jul,271,1,-1,0,unknown,0
10497,61,retired,married,secondary,no,2801,yes,yes,cellular,10,mar,239,1,-1,0,unknown,1
8159,31,admin.,married,secondary,no,3540,yes,no,cellular,21,nov,441,1,-1,0,unknown,0
2787,40,technician,single,unknown,no,3652,yes,no,unknown,14,may,1028,2,-1,0,unknown,1
1607,40,unemployed,single,secondary,no,334,no,no,cellular,5,mar,219,1,91,6,other,1
3519,29,services,single,tertiary,no,1788,no,no,cellular,27,oct,353,1,-1,0,unknown,1
8782,45,blue-collar,married,secondary,no,87,yes,no,cellular,14,may,96,1,360,3,failure,0
1256,31,management,single,secondary,no,360,yes,no,cellular,18,may,309,1,-1,0,unknown,1
3800,30,management,single,tertiary,no,536,no,no,cellular,15,oct,244,1,105,1,success,1
5802,47,management,married,tertiary,no,6637,yes,no,cellular,17,apr,174,2,-1,0,unknown,0
6728,33,admin.,married,unknown,no,2780,no,no,cellular,19,nov,485,1,-1,0,unknown,1
2032,32,technician,divorced,tertiary,no,267,no,no,cellular,26,may,128,1,-1,0,unknown,0
2239,32,technician,married,secondary,no,465,yes,no,cellular,12,may,210,2,-1,0,unknown,0
9160,51,admin.,divorced,secondary,no,520,no,yes,cellular,10,jul,157,1,-1,0,unknown,0
4478,25,student,single,unknown,no,1003,no,no,cellular,12,aug,361,1,-1,0,unknown,1
9331,31,management,single,tertiary,no,12857,yes,no,cellular,6,feb,158,1,92,1,success,1
1403,30,services,divorced,secondary,no,0,no,no,cellular,29,jan,89,1,-1,0,unknown,0
10596,65,retired,married,secondary,no,23421,no,no,cellular,2,feb,432,1,-1,0,unknown,0
9174,52,management,divorced,tertiary,no,2104,no,no,cellular,3,jun,210,2,-1,0,unknown,1
958,51,management,married,primary,yes,57,yes,yes,unknown,8,may,61,1,-1,0,unknown,0
8641,54,management,married,tertiary,no,8295,no,no,cellular,5,jun,207,1,-1,0,unknown,1
2015,30,management,single,tertiary,no,19358,no,no,cellular,19,nov,258,2,-1,0,unknown,0
383,39,technician,divorced,tertiary,yes,3,no,no,cellular,6,may,488,1,-1,0,unknown,1
4270,57,management,married,tertiary,no,0,yes,no,cellular,21,nov,67,1,-1,0,unknown,0
870,33,management,married,tertiary,no,148,no,no,unknown,20,may,717,1,-1,0,unknown,0
10014,30,blue-collar,married,secondary,no,167,yes,no,cellular,10,jul,255,1,-1,0,unknown,1
10434,52,management,married,tertiary,no,1319,yes,no,cellular,17,nov,113,1,-1,0,unknown,0
6863,35,technician,divorced,tertiary,no,0,yes,no,unknown,15,may,759,1,-1,0,unknown,0
744,22,student,single,secondary,no,0,no,no,cellular,6,feb,229,6,-1,0,unknown,1
4802,38,management,married,tertiary,no,4174,no,no,cellular,23,oct,336,2,184,5,failure,1
6760,36,blue-collar,married,primary,no,347,no,no,cellular,4,feb,167,2,-1,0,unknown,0
1448,80,retired,married,primary,no,1468,no,no,cellular,13,jan,330,3,-1,0,unknown,1
7761,40,admin.,married,secondary,no,260,yes,no,cellular,13,may,306,1,181,5,success,1
10661,48,unknown,single,unknown,no,1819,no,no,cellular,2,sep,1440,1,458,1,failure,1
7380,34,technician,married,secondary,no,883,no,no,cellular,14,aug,163,3,-1,0,unknown,0
5084,31,services,married,secondary,no,447,no,no,cellular,19,mar,220,3,-1,0,unknown,1
11087,36,management,single,secondary,no,992,no,no,unknown,6,jun,351,1,-1,0,unknown,0
3934,36,management,single,tertiary,no,219,no,no,cellular,3,feb,22,6,196,6,failure,0
6058,56,blue-collar,divorced,primary,no,8,yes,no,unknown,5,may,157,2,-1,0,unknown,0
6156,36,management,married,tertiary,no,9,no,no,cellular,11,aug,386,4,-1,0,unknown,1
7840,29,management,single,tertiary,no,985,yes,no,cellular,23,jul,396,2,-1,0,unknown,1
53,27,management,single,secondary,no,178,yes,no,unknown,3,jun,732,2,-1,0,unknown,1
2237,53,management,married,tertiary,no,1624,no,no,cellular,11,nov,166,3,97,7,success,1
1671,39,blue-collar,single,secondary,no,649,yes,no,cellular,15,apr,668,1,-1,0,unknown,1
4279,42,management,married,tertiary,no,254,no,no,cellular,9,dec,288,7,183,4,success,1
10329,38,entrepreneur,married,tertiary,no,678,no,yes,cellular,18,nov,82,2,152,1,failure,0
3535,46,self-employed,divorced,secondary,no,0,no,no,unknown,10,aug,6,1,-1,0,unknown,0
9100,40,services,married,secondary,no,471,yes,no,cellular,24,jul,430,4,-1,0,unknown,1
6216,46,unknown,married,tertiary,no,8564,no,no,cellular,2,aug,397,2,342,1,failure,0
1093,75,retired,married,secondary,no,291,no,no,cellular,11,feb,515,1,183,1,failure,1
4375,34,blue-collar,single,secondary,no,3723,yes,no,unknown,27,may,47,5,-1,0,unknown,0
4218,29,blue-collar,single,secondary,no,482,no,yes,cellular,10,jul,1097,3,-1,0,unknown,1
9227,51,management,married,tertiary,no,0,no,no,unknown,7,jun,302,1,-1,0,unknown,1
6430,52,admin.,married,secondary,no,-462,yes,no,cellular,9,feb,172,5,-1,0,unknown,0
7963,30,admin.,single,tertiary,no,305,no,no,cellular,4,feb,227,2,-1,0,unknown,1
5132,46,management,married,tertiary,no,273,yes,no,cellular,10,may,583,6,53,6,success,1
8497,29,technician,single,tertiary,no,940,yes,no,cellular,15,may,757,1,330,1,failure,0
4706,44,self-employed,divorced,secondary,no,8,no,no,cellular,26,jul,423,4,-1,0,unknown,1
1150,33,blue-collar,single,tertiary,no,700,no,no,cellular,9,feb,126,1,88,1,success,1
8235,36,admin.,single,secondary,no,1281,no,no,telephone,24,jul,119,2,-1,0,unknown,0
5094,35,management,single,tertiary,no,0,no,no,cellular,29,aug,131,2,-1,0,unknown,0
8875,43,management,divorced,tertiary,no,388,yes,no,unknown,8,may,2087,2,-1,0,unknown,1
5085,25,student,single,secondary,no,2975,no,no,cellular,2,sep,799,2,-1,0,unknown,1
5631,77,retired,married,primary,no,2590,no,no,telephone,15,feb,112,5,94,15,success,0
3964,34,technician,married,tertiary,no,932,yes,no,cellular,4,jun,218,1,-1,0,unknown,0
1905,29,management,single,tertiary,no,1026,no,no,cellular,12,feb,138,2,92,2,success,1
4839,65,retired,married,tertiary,no,1973,no,no,telephone,21,apr,396,3,-1,0,unknown,1
6878,42,management,married,tertiary,no,199,yes,no,cellular,9,jul,497,1,-1,0,unknown,0
9487,78,retired,married,unknown,no,4807,no,no,telephone,3,feb,892,2,104,4,success,1
71,25,technician,single,secondary,no,1298,no,no,cellular,2,sep,206,7,94,2,other,0
7724,30,blue-collar,married,secondary,no,364,yes,yes,cellular,4,feb,331,1,-1,0,unknown,0
6401,48,blue-collar,divorced,secondary,no,501,yes,no,cellular,15,may,12,5,-1,0,unknown,0
4173,53,blue-collar,married,primary,no,343,yes,no,cellular,25,jul,616,5,-1,0,unknown,1
9362,53,admin.,divorced,secondary,no,0,yes,yes,cellular,30,apr,586,2,-1,0,unknown,0
4352,40,technician,divorced,tertiary,no,0,no,no,unknown,17,jun,522,1,-1,0,unknown,1
1564,42,management,divorced,tertiary,no,742,yes,no,unknown,5,may,58,3,-1,0,unknown,0
9373,85,retired,divorced,primary,no,7613,no,no,cellular,18,feb,355,3,-1,0,unknown,1
8696,45,admin.,divorced,secondary,no,397,yes,yes,cellular,22,may,582,1,95,2,success,1
3430,29,management,married,tertiary,no,1387,yes,no,cellular,18,may,256,2,-1,0,unknown,1
2002,31,self-employed,married,tertiary,no,5,yes,yes,cellular,21,nov,635,1,135,2,failure,1
6918,59,admin.,married,secondary,no,1575,yes,no,cellular,12,may,301,3,263,11,success,0
3271,49,blue-collar,married,primary,yes,-354,no,yes,cellular,7,jul,455,1,-1,0,unknown,0
8728,49,management,married,tertiary,no,735,yes,no,unknown,13,may,50,3,-1,0,unknown,0
2370,41,services,married,secondary,no,803,yes,no,cellular,9,apr,592,4,316,3,failure,1
4077,40,management,married,tertiary,no,66,no,no,cellular,13,aug,737,4,-1,0,unknown,1
10452,26,management,single,tertiary,no,1623,no,no,cellular,2,jun,479,1,-1,0,unknown,1
10592,74,retired,married,tertiary,no,4912,no,no,telephone,21,oct,129,3,-1,0,unknown,0
3607,38,management,single,tertiary,no,455,yes,no,cellular,19,feb,255,2,555,6,success,1
8483,47,technician,married,tertiary,no,1694,no,yes,unknown,20,jun,560,3,-1,0,unknown,1
3664,36,technician,married,tertiary,no,521,no,no,cellular,20,oct,347,3,-1,0,unknown,1
5860,56,entrepreneur,married,tertiary,no,51439,no,yes,cellular,8,jul,325,1,-1,0,unknown,0
3469,75,retired,married,tertiary,no,2991,no,no,cellular,22,apr,240,1,-1,0,unknown,1
999,42,blue-collar,divorced,primary,no,419,yes,yes,unknown,14,may,96,4,-1,0,unknown,0
1613,27,management,single,tertiary,no,616,yes,no,cellular,22,may,685,1,101,1,other,1
1521,66,retired,married,primary,no,2883,no,no,cellular,23,apr,158,1,-1,0,unknown,1
7221,39,management,married,secondary,no,13578,yes,no,cellular,21,nov,185,2,-1,0,unknown,0
1404,28,self-employed,single,tertiary,no,4579,no,no,cellular,12,jan,409,2,-1,0,unknown,1
8359,60,management,married,tertiary,no,5990,yes,no,cellular,6,may,396,3,-1,0,unknown,1
5015,45,technician,divorced,secondary,no,146,no,no,cellular,8,jul,216,1,-1,0,unknown,0
9774,35,management,single,tertiary,no,681,no,no,cellular,18,feb,737,1,561,2,success,1
6047,55,management,married,unknown,no,1504,yes,no,cellular,22,may,338,2,-1,0,unknown,1
3496,22,student,single,secondary,no,1522,no,no,cellular,30,oct,368,2,-1,0,unknown,1
8551,36,management,divorced,tertiary,no,133,yes,no,unknown,9,may,117,1,-1,0,unknown,0
99,36,technician,single,secondary,no,1228,yes,no,cellular,4,may,303,3,-1,0,unknown,1
9581,31,blue-collar,single,secondary,no,33,yes,no,unknown,15,may,214,4,-1,0,unknown,0
2952,32,technician,single,tertiary,no,392,yes,no,cellular,21,nov,148,2,-1,0,unknown,0
10276,34,technician,married,tertiary,no,1539,yes,no,cellular,15,jun,441,1,56,1,other,1
7588,28,admin.,single,secondary,no,19,no,no,cellular,8,jul,78,4,-1,0,unknown,0
8719,28,self-employed,single,secondary,no,123,yes,no,unknown,9,may,97,1,-1,0,unknown,0
4179,40,technician,married,secondary,no,694,yes,no,cellular,3,jun,431,2,119,9,failure,1
4553,31,management,divorced,tertiary,no,294,yes,no,cellular,17,jul,536,5,-1,0,unknown,1
5838,42,services,married,secondary,no,508,yes,no,unknown,30,may,70,1,-1,0,unknown,0
5853,36,technician,married,secondary,no,2473,no,no,cellular,28,aug,965,4,-1,0,unknown,1
3247,25,management,married,tertiary,no,-242,yes,yes,cellular,18,may,600,4,332,4,other,1
7552,37,blue-collar,married,secondary,no,105,yes,no,unknown,8,may,69,2,-1,0,unknown,0
10457,50,entrepreneur,married,primary,no,237,yes,yes,unknown,30,may,184,4,-1,0,unknown,0
2295,60,retired,married,secondary,no,938,no,no,cellular,13,jan,380,3,-1,0,unknown,1
5231,47,admin.,married,secondary,no,368,no,no,cellular,23,feb,269,1,187,5,success,1
2604,31,management,married,tertiary,no,676,no,no,cellular,7,aug,1182,1,-1,0,unknown,1
6729,28,blue-collar,single,primary,no,54,yes,no,cellular,14,may,533,1,371,1,other,1
4843,29,student,single,secondary,no,1779,no,no,cellular,4,jun,400,1,-1,0,unknown,1
10791,37,blue-collar,married,primary,no,89,no,yes,telephone,8,jul,336,4,-1,0,unknown,0
8548,45,blue-collar,married,primary,no,900,yes,no,unknown,9,jun,213,1,-1,0,unknown,0
1043,49,admin.,married,secondary,no,3608,yes,no,unknown,13,nov,231,1,-1,0,unknown,1
1732,18,student,single,unknown,no,3,no,no,cellular,25,aug,130,2,-1,0,unknown,1
9155,41,admin.,married,secondary,no,0,no,no,unknown,20,jun,89,1,-1,0,unknown,0
4850,34,technician,married,secondary,no,1,no,no,cellular,28,aug,535,2,-1,0,unknown,1
1927,57,technician,married,secondary,no,295,no,no,cellular,19,aug,151,11,-1,0,unknown,0
7006,57,management,divorced,tertiary,no,2549,no,no,cellular,17,jul,193,2,-1,0,unknown,0
9290,44,technician,single,tertiary,no,643,no,no,cellular,16,oct,324,1,143,3,failure,1
4207,34,management,single,tertiary,no,1396,yes,no,cellular,17,jul,630,1,-1,0,unknown,0
5404,30,management,single,tertiary,no,697,no,no,cellular,29,oct,215,3,80,5,success,1
8707,37,admin.,single,secondary,no,810,yes,no,cellular,8,apr,376,1,295,1,failure,0
5033,57,technician,divorced,secondary,no,470,no,no,cellular,5,aug,480,3,-1,0,unknown,1
3632,38,admin.,married,secondary,no,47,yes,no,cellular,4,may,288,5,-1,0,unknown,1
5742,21,student,single,secondary,no,2488,no,no,telephone,12,jan,661,2,92,1,success,1
3756,53,management,married,tertiary,no,15,no,no,cellular,20,aug,921,2,-1,0,unknown,1
5728,71,retired,married,tertiary,no,2887,no,no,cellular,30,jun,128,1,-1,0,unknown,1
2130,31,admin.,single,secondary,no,-302,yes,yes,unknown,27,may,235,5,-1,0,unknown,0
8952,27,blue-collar,married,secondary,no,0,yes,no,cellular,17,jul,444,6,-1,0,unknown,0
935,57,retired,married,primary,no,9367,no,no,cellular,11,feb,981,1,90,6,success,1
9925,50,self-employed,married,tertiary,no,202,yes,no,cellular,15,apr,107,1,148,4,failure,0
3586,31,management,single,secondary,no,1310,yes,no,cellular,18,may,12,2,-1,0,unknown,0
3682,55,admin.,married,secondary,no,139,no,no,cellular,30,apr,241,1,-1,0,unknown,1
7040,59,admin.,married,secondary,no,145,yes,no,telephone,12,may,556,2,287,13,success,1
8246,32,blue-collar,married,secondary,no,1879,no,no,cellular,6,feb,591,8,-1,0,unknown,1
7133,59,management,married,tertiary,no,2239,no,no,cellular,20,aug,377,6,90,1,success,1
8865,27,management,single,tertiary,no,3104,yes,no,unknown,28,may,160,2,-1,0,unknown,0
5602,46,admin.,married,secondary,no,126,no,no,unknown,18,jun,1255,1,-1,0,unknown,1
1881,52,retired,divorced,primary,no,353,no,no,cellular,31,jul,395,4,-1,0,unknown,0
4210,21,student,single,secondary,no,216,no,no,cellular,5,aug,414,1,-1,0,unknown,1
1983,32,technician,single,tertiary,no,1246,yes,no,cellular,4,feb,192,2,-1,0,unknown,1
471,39,services,divorced,secondary,no,0,yes,no,cellular,13,apr,1006,2,-1,0,unknown,1
1528,57,entrepreneur,divorced,tertiary,no,873,no,no,unknown,17,jun,441,3,-1,0,unknown,0
3594,42,management,divorced,tertiary,no,461,yes,no,unknown,3,jun,72,1,-1,0,unknown,0
4576,30,services,married,secondary,no,517,no,no,cellular,11,dec,141,2,-1,0,unknown,1
5051,49,management,married,tertiary,no,5887,no,no,cellular,4,dec,439,3,185,5,success,1
10413,52,management,married,secondary,no,0,yes,yes,unknown,27,may,62,13,-1,0,unknown,0
2873,33,technician,single,secondary,no,177,yes,no,unknown,23,may,293,1,-1,0,unknown,0
6130,33,technician,divorced,secondary,no,464,no,no,cellular,4,feb,207,4,-1,0,unknown,0
141,32,admin.,single,secondary,no,4344,yes,no,cellular,17,nov,79,2,118,3,failure,0
4691,32,technician,single,tertiary,no,4665,yes,no,unknown,21,may,860,2,-1,0,unknown,1
2689,29,blue-collar,married,secondary,no,508,yes,yes,unknown,19,jun,262,5,-1,0,unknown,0
5791,41,self-employed,single,unknown,no,426,yes,no,unknown,19,jun,75,1,-1,0,unknown,0
3394,25,blue-collar,single,secondary,no,192,no,no,telephone,4,jul,112,2,-1,0,unknown,0
3990,27,management,single,tertiary,no,2648,no,no,cellular,5,feb,917,1,-1,0,unknown,1
1770,53,services,married,secondary,no,197,yes,no,cellular,17,apr,307,1,-1,0,unknown,0
9259,49,services,married,unknown,no,463,yes,no,telephone,15,jul,541,2,-1,0,unknown,0
8396,44,self-employed,married,unknown,no,163,yes,no,cellular,4,may,364,3,-1,0,unknown,1
2500,60,unemployed,married,secondary,no,1047,no,no,cellular,27,may,173,3,279,4,success,1
7315,35,self-employed,single,tertiary,no,5462,no,no,cellular,2,nov,188,1,186,1,success,1
3550,32,management,married,tertiary,no,2431,yes,no,cellular,14,may,646,5,-1,0,unknown,1
2073,30,management,single,tertiary,no,349,no,no,cellular,12,aug,180,3,-1,0,unknown,0
4886,50,blue-collar,married,secondary,no,907,no,yes,cellular,16,jul,68,1,-1,0,unknown,0
9374,44,blue-collar,married,secondary,no,0,no,no,cellular,30,jul,684,2,-1,0,unknown,1
3840,36,blue-collar,divorced,secondary,no,2278,yes,no,unknown,23,may,152,2,-1,0,unknown,0
225,59,retired,married,tertiary,no,1296,no,no,cellular,11,aug,862,11,-1,0,unknown,0
4326,31,technician,single,secondary,no,4888,yes,no,telephone,5,may,475,4,166,2,failure,0
1470,32,student,single,secondary,no,1102,no,no,telephone,8,oct,194,1,-1,0,unknown,1
2312,78,retired,married,primary,no,240,no,no,cellular,20,apr,325,1,-1,0,unknown,1
4920,35,management,single,tertiary,no,243,yes,no,unknown,12,may,102,3,-1,0,unknown,0
2224,31,technician,single,tertiary,no,208,no,no,cellular,12,aug,1344,7,-1,0,unknown,1
9288,46,blue-collar,married,secondary,no,-27,yes,no,cellular,11,may,254,1,-1,0,unknown,0
10506,29,admin.,single,secondary,no,-498,yes,no,cellular,2,feb,99,3,227,14,failure,0
7995,41,management,single,secondary,no,3234,yes,no,cellular,30,jan,2770,1,-1,0,unknown,1
3688,35,housemaid,single,secondary,no,1015,yes,no,unknown,5,jun,406,2,-1,0,unknown,1
2196,44,management,married,tertiary,no,1138,no,no,cellular,27,aug,523,3,-1,0,unknown,1
5778,53,technician,married,primary,no,6839,yes,no,cellular,19,nov,77,1,-1,0,unknown,0
9345,50,technician,married,secondary,no,778,no,no,cellular,23,jul,16,1,-1,0,unknown,0
1642,72,retired,married,unknown,no,1940,no,no,telephone,4,dec,705,2,-1,0,unknown,1
5997,44,management,married,tertiary,no,1791,no,no,telephone,12,aug,201,1,182,2,success,1
96,29,entrepreneur,married,secondary,no,714,yes,yes,cellular,13,may,482,2,-1,0,unknown,1
6972,36,technician,married,secondary,no,1466,yes,no,unknown,29,may,441,1,-1,0,unknown,0
113,34,blue-collar,divorced,secondary,no,1125,yes,yes,cellular,19,nov,141,2,-1,0,unknown,0
1009,38,entrepreneur,married,secondary,no,593,yes,yes,cellular,24,jul,1484,24,-1,0,unknown,1
2680,42,management,married,secondary,no,580,no,no,cellular,22,aug,67,2,-1,0,unknown,0
9474,53,housemaid,married,primary,no,70,no,no,cellular,21,aug,77,8,-1,0,unknown,0
7678,35,blue-collar,married,primary,no,159,yes,yes,cellular,12,may,826,1,-1,0,unknown,1
2133,50,technician,married,secondary,no,3654,no,no,cellular,29,oct,215,2,78,2,other,1
7127,34,unknown,single,secondary,no,859,no,no,cellular,28,jan,829,1,-1,0,unknown,1
8377,52,entrepreneur,married,tertiary,yes,-468,no,no,cellular,8,jul,534,1,-1,0,unknown,1
4195,41,admin.,married,secondary,no,120,no,yes,cellular,8,jul,489,1,-1,0,unknown,0
2663,34,admin.,married,secondary,no,0,yes,no,cellular,10,feb,97,1,85,1,failure,1
6373,40,services,married,secondary,no,1293,yes,no,cellular,13,apr,128,3,-1,0,unknown,0
5616,46,technician,married,secondary,no,4023,yes,no,cellular,7,aug,131,2,-1,0,unknown,0
8642,39,admin.,married,tertiary,no,1322,yes,no,cellular,24,sep,157,3,486,1,other,0
8332,33,technician,single,tertiary,no,3689,no,no,cellular,27,aug,445,3,-1,0,unknown,1
298,56,self-employed,married,unknown,no,0,no,no,cellular,19,aug,130,1,-1,0,unknown,0
10070,32,blue-collar,married,secondary,no,333,yes,no,cellular,8,may,501,2,-1,0,unknown,1
3450,59,unknown,married,unknown,no,1541,no,no,cellular,5,aug,790,1,-1,0,unknown,0
2219,34,entrepreneur,single,tertiary,no,714,yes,no,unknown,12,may,166,4,-1,0,unknown,0
6233,38,self-employed,married,secondary,no,279,yes,no,unknown,28,may,110,5,-1,0,unknown,0
5770,36,management,married,tertiary,no,203,no,no,cellular,25,jan,255,1,88,1,success,1
2093,32,technician,single,secondary,no,-1,yes,no,cellular,12,may,37,1,-1,0,unknown,0
7577,36,management,married,tertiary,no,96,no,no,cellular,30,jul,729,4,-1,0,unknown,1
5165,49,blue-collar,married,secondary,no,1946,no,no,cellular,19,oct,192,1,95,1,success,1
2574,39,admin.,married,secondary,no,260,yes,no,cellular,11,aug,175,2,116,2,failure,1
3746,29,self-employed,single,tertiary,no,1579,no,no,cellular,13,oct,190,1,92,5,success,1
519,27,housemaid,married,primary,no,275,yes,no,cellular,14,may,196,2,-1,0,unknown,0
356,25,blue-collar,single,secondary,no,2007,no,no,cellular,12,jan,265,2,-1,0,unknown,1
1954,35,blue-collar,single,secondary,no,3623,no,no,telephone,30,oct,160,1,-1,0,unknown,1
4234,60,retired,married,primary,no,600,no,no,cellular,19,aug,99,6,-1,0,unknown,0
4987,30,management,single,tertiary,no,13774,no,no,cellular,14,sep,380,1,-1,0,unknown,0
6566,36,management,married,tertiary,no,849,yes,yes,unknown,21,may,958,2,-1,0,unknown,1
3540,49,retired,married,primary,no,-37,no,no,unknown,4,jul,191,2,-1,0,unknown,0
10175,35,blue-collar,married,secondary,no,67,no,no,unknown,20,may,60,6,-1,0,unknown,0
8109,44,management,married,tertiary,no,7818,no,no,cellular,27,may,412,1,-1,0,unknown,1
4182,37,admin.,married,primary,no,214,yes,no,cellular,9,jul,645,1,-1,0,unknown,1
3842,30,services,single,secondary,no,-271,yes,no,cellular,7,may,609,1,337,1,success,1
44,32,blue-collar,single,primary,no,1426,yes,no,cellular,20,nov,114,1,-1,0,unknown,0
4426,31,entrepreneur,married,secondary,no,15,no,yes,cellular,29,jan,190,2,-1,0,unknown,0
3501,53,blue-collar,divorced,primary,no,559,no,no,telephone,9,feb,16,5,-1,0,unknown,0
3116,28,blue-collar,single,primary,no,0,yes,yes,unknown,3,jun,380,4,-1,0,unknown,0
7988,29,student,single,unknown,no,2929,no,no,cellular,5,may,232,1,89,4,other,1
9809,38,management,single,tertiary,no,8669,yes,no,telephone,20,apr,5,3,150,6,failure,0
9864,37,admin.,married,secondary,no,2061,yes,yes,cellular,22,jun,459,1,109,3,failure,1
5760,34,technician,married,primary,no,1301,no,no,cellular,2,feb,56,1,-1,0,unknown,0
8411,34,blue-collar,married,secondary,no,243,yes,no,cellular,18,may,507,1,-1,0,unknown,1
2894,26,admin.,single,secondary,no,338,no,no,cellular,29,oct,209,1,188,2,unknown,1
6885,58,management,married,tertiary,no,4152,yes,no,cellular,30,apr,750,2,164,4,other,1
2343,43,services,married,secondary,no,122,yes,no,cellular,5,may,355,2,-1,0,unknown,0
6046,52,retired,divorced,tertiary,no,-309,yes,no,unknown,19,jun,500,2,-1,0,unknown,1
7865,60,technician,married,secondary,no,824,yes,no,cellular,9,aug,265,1,181,8,success,1
4413,37,management,married,tertiary,no,4436,no,no,cellular,13,aug,846,5,-1,0,unknown,1
813,26,student,single,unknown,no,2503,no,no,cellular,30,apr,121,1,63,2,failure,0
2318,29,student,single,unknown,no,2929,no,no,cellular,11,aug,91,1,-1,0,unknown,0
1843,55,unknown,married,secondary,no,2206,no,no,cellular,12,aug,265,1,91,5,success,1
5106,44,technician,married,tertiary,no,1933,no,no,cellular,5,jun,462,1,-1,0,unknown,1
8161,29,admin.,married,secondary,no,494,yes,no,unknown,26,may,341,2,-1,0,unknown,0
3548,57,retired,married,secondary,no,427,no,no,cellular,29,jan,246,1,-1,0,unknown,0
1347,32,management,single,tertiary,no,1742,no,no,unknown,5,jun,231,2,-1,0,unknown,0
7944,41,management,married,primary,no,733,yes,no,cellular,7,may,69,1,335,7,failure,0
5789,37,services,married,secondary,no,466,yes,yes,cellular,25,may,377,1,-1,0,unknown,1
8074,44,entrepreneur,married,tertiary,no,3463,yes,yes,cellular,28,aug,210,3,-1,0,unknown,0
3214,25,technician,single,secondary,no,325,no,no,cellular,22,oct,716,3,-1,0,unknown,1
4252,41,services,married,secondary,no,1319,yes,no,cellular,11,may,305,1,-1,0,unknown,0
8269,32,management,married,tertiary,no,937,no,no,cellular,26,may,61,1,190,1,failure,0
10996,32,technician,single,tertiary,no,705,no,no,cellular,17,jun,544,1,-1,0,unknown,1
4635,33,services,divorced,secondary,no,44,no,yes,cellular,23,jul,529,1,-1,0,unknown,1
9805,59,blue-collar,married,primary,no,625,no,no,cellular,9,jul,133,1,-1,0,unknown,0
2646,60,technician,married,secondary,no,10925,no,no,cellular,23,oct,270,3,185,1,success,1
2137,49,entrepreneur,divorced,secondary,no,2908,no,no,unknown,6,jun,322,1,-1,0,unknown,0
3262,35,management,divorced,tertiary,no,457,yes,no,cellular,5,feb,114,3,-1,0,unknown,0
3873,31,technician,single,secondary,no,53,yes,yes,cellular,6,may,530,1,-1,0,unknown,1
10310,51,management,single,secondary,no,1610,yes,no,unknown,16,jun,1248,3,-1,0,unknown,1
3785,35,management,married,tertiary,no,71,yes,no,cellular,30,apr,510,2,-1,0,unknown,0
2392,31,entrepreneur,married,secondary,no,10,yes,yes,cellular,29,jan,161,3,188,9,failure,0
8655,29,unemployed,single,unknown,no,67,no,no,cellular,28,jan,330,2,-1,0,unknown,0
10272,60,self-employed,married,secondary,no,0,no,no,unknown,6,jun,97,1,-1,0,unknown,0
840,72,retired,married,primary,no,1612,no,no,cellular,7,aug,530,2,-1,0,unknown,1
1604,59,unemployed,married,secondary,no,957,no,no,cellular,8,mar,301,1,89,2,success,1
6480,32,management,single,tertiary,no,506,no,no,cellular,5,mar,63,2,-1,0,unknown,1
7812,34,technician,single,secondary,no,692,yes,no,unknown,20,may,254,1,-1,0,unknown,0
5843,51,housemaid,divorced,tertiary,no,1613,no,no,cellular,4,aug,870,1,-1,0,unknown,1
3794,30,technician,single,tertiary,no,3086,yes,no,cellular,7,may,84,3,168,1,failure,0
1674,33,technician,married,secondary,no,806,no,no,cellular,17,apr,108,1,-1,0,unknown,1
4331,60,blue-collar,married,primary,no,5,no,no,cellular,4,may,494,1,95,2,success,1
10005,27,admin.,married,tertiary,no,73,no,no,cellular,10,feb,159,1,-1,0,unknown,1
4978,38,management,single,tertiary,no,4841,no,no,cellular,22,may,580,3,-1,0,unknown,0
1637,36,student,single,unknown,no,417,no,no,cellular,10,feb,151,1,-1,0,unknown,1
3137,54,technician,married,secondary,no,2102,yes,no,cellular,5,apr,547,1,626,2,failure,1
7733,78,unknown,married,unknown,no,2235,no,no,telephone,14,apr,300,3,-1,0,unknown,1
2226,49,technician,divorced,unknown,no,387,no,no,cellular,28,jan,325,1,-1,0,unknown,1
10630,46,admin.,single,secondary,no,1693,yes,no,cellular,20,oct,427,1,-1,0,unknown,1
4134,45,management,married,tertiary,no,2671,no,no,cellular,14,aug,94,4,-1,0,unknown,1
982,36,blue-collar,married,primary,no,448,yes,no,unknown,5,may,286,1,-1,0,unknown,0
2388,32,entrepreneur,married,secondary,no,-242,yes,no,cellular,20,apr,1202,3,-1,0,unknown,1
6634,35,blue-collar,married,secondary,no,444,yes,no,cellular,15,apr,244,3,-1,0,unknown,0
8442,30,self-employed,single,tertiary,no,916,no,no,cellular,29,dec,449,2,-1,0,unknown,1
7439,24,technician,single,secondary,no,598,no,no,cellular,12,may,762,1,182,2,success,1
5388,45,services,single,secondary,no,482,yes,yes,unknown,30,may,637,2,-1,0,unknown,0
6329,32,services,married,secondary,no,3756,yes,no,unknown,4,jun,85,3,-1,0,unknown,0
8932,31,admin.,married,secondary,no,54,yes,no,cellular,21,nov,226,1,-1,0,unknown,0
5340,43,blue-collar,single,secondary,no,318,yes,no,unknown,5,jun,736,2,-1,0,unknown,1
8055,65,unemployed,married,secondary,no,3195,no,no,telephone,2,mar,904,1,-1,0,unknown,1
7652,48,retired,married,tertiary,no,4,no,yes,cellular,23,jul,70,5,-1,0,unknown,0
2366,28,admin.,single,secondary,no,25,yes,no,unknown,5,jun,109,2,-1,0,unknown,0
2396,40,services,married,secondary,no,473,yes,no,cellular,28,jul,383,3,-1,0,unknown,1
9156,30,technician,single,secondary,no,486,no,no,cellular,28,jan,335,3,-1,0,unknown,0
10146,28,management,single,tertiary,no,390,no,no,cellular,29,sep,845,1,232,4,success,1
193,28,admin.,single,unknown,no,24,yes,no,cellular,18,jul,415,2,-1,0,unknown,1
875,49,management,married,tertiary,no,3237,yes,no,unknown,5,may,232,3,-1,0,unknown,0
7825,26,unemployed,single,tertiary,no,3466,no,no,cellular,6,oct,275,2,-1,0,unknown,1
2784,38,management,married,tertiary,no,165,yes,no,cellular,17,apr,526,1,260,2,other,1
3470,23,student,single,secondary,no,556,yes,no,cellular,15,may,170,2,-1,0,unknown,0
2399,36,services,married,secondary,no,30,no,yes,cellular,8,jul,716,5,-1,0,unknown,1
8344,27,blue-collar,married,unknown,no,409,yes,no,cellular,18,may,525,1,-1,0,unknown,1
5476,47,blue-collar,married,secondary,no,4840,no,no,unknown,16,jun,53,1,-1,0,unknown,0
10115,51,technician,married,secondary,no,2682,no,no,unknown,18,jun,56,1,-1,0,unknown,0
6576,55,retired,married,secondary,no,1504,yes,yes,cellular,17,nov,761,1,-1,0,unknown,1
610,31,technician,married,secondary,no,2363,yes,no,unknown,13,may,247,1,-1,0,unknown,0
7035,52,housemaid,married,primary,no,3798,yes,no,cellular,17,jul,1208,1,-1,0,unknown,1
3935,26,blue-collar,single,primary,no,941,no,no,cellular,29,jan,1165,1,-1,0,unknown,1
10728,35,technician,single,secondary,no,196,yes,no,cellular,21,nov,318,1,-1,0,unknown,0
1497,39,blue-collar,single,secondary,no,29,yes,no,unknown,7,may,214,2,-1,0,unknown,0
9838,37,blue-collar,divorced,secondary,no,719,yes,no,cellular,13,may,118,1,365,1,failure,0
4596,23,technician,single,secondary,no,1587,yes,yes,cellular,14,may,502,2,-1,0,unknown,0
8653,34,unemployed,married,secondary,no,438,yes,yes,cellular,9,apr,272,1,323,1,failure,0
8121,40,technician,single,tertiary,no,1646,yes,no,cellular,4,aug,173,1,92,5,success,1
7750,39,blue-collar,single,secondary,no,1672,yes,no,cellular,20,apr,462,1,648,1,failure,1
858,32,admin.,married,secondary,no,205,no,no,cellular,18,jul,197,3,-1,0,unknown,0
4489,31,entrepreneur,single,secondary,no,379,yes,no,cellular,18,jul,570,2,-1,0,unknown,0
4986,29,unemployed,single,secondary,no,670,yes,no,unknown,26,sep,6,1,-1,0,unknown,0
6910,27,housemaid,married,primary,yes,-238,no,no,cellular,14,jul,132,4,-1,0,unknown,0
10439,31,management,single,tertiary,no,296,no,yes,cellular,8,jul,509,4,-1,0,unknown,1
7923,27,blue-collar,single,secondary,no,535,no,no,cellular,15,feb,171,1,91,2,success,1
4698,26,management,single,tertiary,no,7628,no,no,cellular,1,apr,263,1,-1,0,unknown,0
6800,43,management,married,tertiary,no,0,yes,no,cellular,7,may,240,3,293,5,failure,0
7399,30,management,single,tertiary,no,3773,yes,no,unknown,27,may,99,1,-1,0,unknown,0
9240,25,management,single,tertiary,no,1317,no,no,cellular,26,may,176,1,-1,0,unknown,1
9070,31,admin.,single,secondary,no,4198,no,no,cellular,25,nov,234,1,-1,0,unknown,1
1437,34,management,single,tertiary,no,681,no,no,cellular,6,aug,637,2,-1,0,unknown,1
1302,56,management,married,primary,no,405,no,no,cellular,21,jul,251,2,-1,0,unknown,0
2588,35,blue-collar,married,primary,no,1177,no,no,cellular,8,jun,243,4,-1,0,unknown,1
6344,59,management,single,tertiary,no,7668,no,no,cellular,5,aug,124,1,-1,0,unknown,0
8787,43,management,married,tertiary,no,136,no,no,cellular,6,aug,120,2,-1,0,unknown,0
5470,61,retired,married,secondary,no,1853,no,no,telephone,10,aug,520,1,181,2,success,1
1247,49,admin.,married,secondary,no,197,yes,no,cellular,13,apr,223,1,182,2,failure,1
4037,29,services,single,secondary,no,37,no,yes,cellular,17,jul,309,2,-1,0,unknown,0
1522,39,admin.,married,secondary,no,130,yes,yes,cellular,4,feb,1290,2,-1,0,unknown,1
2245,30,services,divorced,secondary,no,341,yes,no,cellular,20,nov,478,1,-1,0,unknown,1
5781,33,self-employed,married,primary,no,1862,yes,no,unknown,12,may,65,1,-1,0,unknown,0
3357,21,student,single,secondary,no,71,no,no,cellular,13,jan,169,2,-1,0,unknown,1
3752,36,management,divorced,tertiary,no,1057,no,no,cellular,19,jul,230,2,164,2,failure,1
3483,49,technician,single,unknown,no,350,no,no,cellular,28,jan,91,3,-1,0,unknown,0
1257,48,technician,married,secondary,no,568,yes,no,cellular,2,sep,378,2,386,1,success,1
10499,35,management,single,tertiary,no,304,yes,no,cellular,19,nov,274,2,-1,0,unknown,0
5947,35,management,single,tertiary,no,0,no,yes,cellular,14,aug,370,4,-1,0,unknown,0
2393,39,technician,married,primary,no,1846,no,no,cellular,5,feb,306,5,-1,0,unknown,0
1866,55,unemployed,married,secondary,no,-246,no,yes,cellular,8,jul,305,2,-1,0,unknown,0
4668,31,technician,single,secondary,no,271,yes,no,cellular,5,may,269,1,-1,0,unknown,0
2751,32,admin.,single,secondary,no,620,no,no,cellular,17,apr,211,2,343,3,failure,0
2519,40,admin.,married,secondary,no,523,yes,yes,unknown,8,may,598,3,-1,0,unknown,0
2872,44,blue-collar,married,tertiary,no,1371,no,no,cellular,13,may,788,3,363,4,other,0
2247,30,admin.,divorced,secondary,no,377,yes,no,unknown,4,jun,524,15,-1,0,unknown,1
6990,48,admin.,married,secondary,no,0,yes,no,cellular,17,jul,109,4,-1,0,unknown,0
9786,55,management,divorced,tertiary,no,2037,no,no,cellular,2,nov,209,2,273,1,failure,1
8568,46,admin.,divorced,secondary,no,1198,yes,yes,cellular,7,apr,837,1,307,1,other,0
8673,37,management,single,tertiary,no,3141,no,no,cellular,4,may,384,2,-1,0,unknown,1
1606,72,retired,married,secondary,no,1533,no,no,cellular,16,dec,546,2,-1,0,unknown,1
6503,37,self-employed,married,secondary,no,487,no,yes,cellular,27,aug,155,15,-1,0,unknown,0
309,36,management,divorced,secondary,no,1655,yes,no,cellular,18,nov,155,2,-1,0,unknown,0
8198,28,blue-collar,single,secondary,no,-46,yes,no,cellular,1,sep,199,1,92,14,success,1
8473,43,services,married,primary,no,2557,yes,no,telephone,15,apr,165,2,327,3,failure,1
7711,39,technician,single,secondary,no,1685,yes,no,cellular,8,may,319,1,368,1,failure,0
4063,56,retired,married,secondary,no,-1206,yes,no,cellular,15,jun,382,2,-1,0,unknown,1
9565,29,admin.,single,secondary,no,3528,no,no,cellular,8,oct,137,1,-1,0,unknown,1
6482,43,technician,married,secondary,no,0,no,no,cellular,19,aug,313,3,-1,0,unknown,0
10368,37,blue-collar,married,secondary,no,125,no,no,unknown,26,may,679,2,-1,0,unknown,1
4901,36,blue-collar,married,secondary,no,136,yes,no,unknown,4,jun,38,2,-1,0,unknown,0
567,33,unemployed,single,secondary,no,233,yes,no,unknown,8,may,221,4,-1,0,unknown,0
81,34,admin.,single,secondary,no,1880,yes,no,unknown,23,may,297,1,-1,0,unknown,0
9595,38,management,married,tertiary,no,119,yes,no,unknown,13,may,568,4,-1,0,unknown,1
9371,48,services,divorced,secondary,no,-276,yes,yes,cellular,13,may,674,1,-1,0,unknown,1
58,33,management,married,tertiary,no,728,yes,no,cellular,13,aug,275,5,-1,0,unknown,0
4335,40,services,married,secondary,no,695,yes,no,cellular,11,may,270,1,348,10,failure,0
6201,31,technician,single,secondary,no,205,yes,no,unknown,3,jun,342,2,-1,0,unknown,0
8082,56,technician,divorced,secondary,no,3450,no,no,cellular,10,aug,507,1,181,2,success,1
2329,48,blue-collar,married,primary,no,5154,yes,no,unknown,14,may,70,1,-1,0,unknown,0
5203,31,management,single,tertiary,no,307,no,no,cellular,8,jul,361,1,229,2,failure,1
1469,36,management,married,tertiary,no,1113,no,no,cellular,1,sep,212,1,-1,0,unknown,1
4516,40,management,single,tertiary,no,257,no,no,cellular,1,feb,147,1,209,1,failure,0
9408,68,retired,married,tertiary,no,2812,no,no,cellular,4,aug,651,1,1,7,success,1
7310,43,services,married,secondary,no,192,yes,yes,unknown,30,may,273,2,-1,0,unknown,0
8661,37,blue-collar,divorced,secondary,no,0,yes,no,cellular,21,apr,146,4,-1,0,unknown,1
1760,36,blue-collar,married,secondary,no,723,yes,no,cellular,31,jul,101,2,-1,0,unknown,0
6219,59,unknown,single,secondary,no,3237,no,no,unknown,6,jun,100,3,-1,0,unknown,0
843,25,management,married,secondary,no,2228,yes,no,cellular,23,jul,754,1,-1,0,unknown,1
8843,60,housemaid,divorced,secondary,no,387,yes,no,unknown,4,jun,235,1,-1,0,unknown,0
2705,34,management,divorced,tertiary,no,500,yes,no,unknown,29,may,399,1,-1,0,unknown,0
9522,37,technician,married,tertiary,no,88,no,no,cellular,6,may,195,1,90,3,other,1
6838,38,blue-collar,married,secondary,no,961,yes,no,unknown,16,may,346,1,-1,0,unknown,0
1099,20,student,single,secondary,no,215,no,no,cellular,24,feb,175,1,92,6,success,1
7256,32,technician,married,secondary,no,303,yes,no,cellular,8,apr,150,1,267,4,failure,1
4646,32,management,single,tertiary,no,11,yes,yes,cellular,5,may,399,1,-1,0,unknown,0
1030,47,technician,divorced,secondary,no,236,no,no,cellular,18,aug,263,4,-1,0,unknown,0
8594,45,blue-collar,single,secondary,no,0,yes,no,cellular,16,oct,283,1,165,3,failure,0
10159,41,blue-collar,married,primary,no,3140,yes,no,unknown,13,may,87,9,-1,0,unknown,0
5274,38,self-employed,married,secondary,no,138,no,no,unknown,9,may,182,3,-1,0,unknown,0
10095,51,blue-collar,married,primary,no,4497,yes,no,unknown,15,may,276,3,-1,0,unknown,0
1326,43,technician,married,secondary,no,3723,yes,no,cellular,11,aug,134,4,-1,0,unknown,0
6924,56,retired,married,primary,no,9367,no,no,telephone,13,nov,271,2,92,4,success,1
7068,35,services,married,secondary,no,52,yes,no,cellular,4,jun,328,2,94,4,success,1
563,52,blue-collar,married,tertiary,no,297,yes,no,cellular,18,nov,62,2,195,1,failure,0
6789,57,management,married,tertiary,no,1172,yes,no,cellular,20,nov,72,1,-1,0,unknown,0
7561,43,services,married,primary,no,2567,yes,no,cellular,14,may,109,1,360,2,failure,0
7020,45,management,single,tertiary,no,483,no,no,cellular,23,feb,95,2,265,11,other,1
351,42,management,married,tertiary,no,9916,yes,no,cellular,21,nov,306,1,-1,0,unknown,0
7879,33,blue-collar,married,secondary,no,395,yes,no,unknown,2,jun,122,1,-1,0,unknown,0
4442,30,technician,married,secondary,no,-393,yes,yes,cellular,16,jul,435,1,-1,0,unknown,1
6188,36,management,married,tertiary,no,6641,no,no,cellular,30,jul,105,4,-1,0,unknown,0
9510,37,management,married,tertiary,no,355,no,no,cellular,4,aug,340,1,-1,0,unknown,0
9270,62,retired,married,primary,no,1084,no,no,cellular,14,apr,505,1,-1,0,unknown,1
11152,42,blue-collar,married,primary,no,784,no,no,cellular,28,apr,428,3,-1,0,unknown,0
1236,30,management,single,tertiary,no,-218,yes,no,cellular,27,aug,13,15,-1,0,unknown,0
8582,27,admin.,single,tertiary,no,138,no,no,cellular,15,jun,89,2,-1,0,unknown,1
3870,47,admin.,single,secondary,no,3696,no,no,cellular,12,jul,250,2,181,4,success,1
4015,35,blue-collar,divorced,secondary,no,336,yes,no,cellular,14,may,191,1,346,2,failure,1
5708,48,technician,single,secondary,no,479,no,no,unknown,20,may,148,5,-1,0,unknown,0
8871,29,technician,single,secondary,no,1856,yes,yes,cellular,18,may,134,1,-1,0,unknown,0
2149,34,blue-collar,married,primary,no,267,yes,no,unknown,7,may,362,1,-1,0,unknown,0
9490,43,housemaid,single,primary,no,800,yes,no,cellular,13,may,902,1,-1,0,unknown,1
7033,48,unemployed,married,primary,no,608,no,no,cellular,30,jul,362,2,-1,0,unknown,0
2725,40,admin.,married,secondary,no,341,no,no,cellular,31,jul,1142,5,-1,0,unknown,1
2439,55,blue-collar,divorced,secondary,no,1613,yes,no,cellular,3,apr,296,1,270,3,failure,1
1390,50,management,divorced,tertiary,no,2564,yes,no,cellular,21,nov,124,4,113,8,failure,0
6873,59,blue-collar,divorced,primary,no,989,no,no,cellular,20,jul,125,2,-1,0,unknown,1
5833,47,blue-collar,married,secondary,no,1730,yes,no,cellular,30,apr,231,1,-1,0,unknown,1
10194,50,technician,married,secondary,no,892,yes,yes,unknown,15,may,234,1,-1,0,unknown,0
3074,33,management,single,tertiary,no,0,yes,no,telephone,5,may,399,2,358,5,other,0
7743,38,management,married,tertiary,no,-498,no,no,cellular,14,aug,85,6,-1,0,unknown,0
2231,48,unemployed,married,secondary,no,926,no,no,cellular,12,aug,504,2,178,10,success,1
5205,57,technician,married,secondary,no,6362,yes,yes,cellular,18,nov,66,1,-1,0,unknown,0
10188,45,management,married,tertiary,no,623,no,no,cellular,9,sep,405,3,-1,0,unknown,0
6804,36,admin.,single,tertiary,no,994,no,no,cellular,13,aug,185,2,105,3,success,0
1793,42,unemployed,married,unknown,no,190,no,no,cellular,11,aug,704,2,-1,0,unknown,1
6770,47,blue-collar,married,secondary,no,668,yes,no,cellular,4,may,230,6,354,2,success,0
5757,37,admin.,married,secondary,no,641,yes,no,unknown,5,jun,42,1,-1,0,unknown,0
3161,52,entrepreneur,married,primary,no,-104,no,yes,cellular,10,jul,124,1,-1,0,unknown,0
5273,48,admin.,married,secondary,no,292,yes,yes,cellular,29,jul,164,6,-1,0,unknown,0
2856,48,blue-collar,single,secondary,no,8982,yes,no,unknown,14,may,628,1,-1,0,unknown,0
1771,36,admin.,divorced,secondary,no,437,yes,no,cellular,14,may,722,2,344,1,success,1
4480,27,services,married,secondary,no,511,yes,no,unknown,30,jun,85,5,-1,0,unknown,0
7016,29,technician,single,secondary,no,825,no,no,cellular,25,jun,472,2,-1,0,unknown,1
5559,37,admin.,married,secondary,no,96,no,no,cellular,5,feb,102,1,182,3,success,0
8527,30,technician,single,tertiary,no,6619,yes,no,cellular,21,aug,239,8,-1,0,unknown,0
9589,40,management,married,tertiary,no,1598,yes,yes,cellular,6,may,1074,4,344,3,failure,1
1504,31,technician,single,tertiary,no,-749,yes,yes,cellular,29,jul,82,4,-1,0,unknown,0
7641,26,unemployed,single,secondary,no,632,no,no,cellular,12,feb,218,1,-1,0,unknown,1
10011,42,services,married,secondary,no,1301,yes,no,cellular,21,jul,510,6,-1,0,unknown,0
6248,43,entrepreneur,married,primary,no,2315,yes,yes,cellular,14,may,42,1,-1,0,unknown,0
1136,42,blue-collar,married,secondary,no,366,yes,no,cellular,22,may,324,1,106,1,failure,1
7746,29,housemaid,single,tertiary,no,19,no,no,cellular,4,may,268,1,88,4,success,1
6382,31,management,single,tertiary,no,3283,no,no,cellular,2,feb,258,1,73,1,failure,1
8176,59,management,married,primary,no,1727,no,no,telephone,25,may,500,4,358,2,failure,1
7258,39,blue-collar,married,secondary,no,462,yes,no,cellular,13,may,590,1,-1,0,unknown,1
2316,24,blue-collar,single,secondary,no,174,yes,yes,cellular,18,may,487,1,-1,0,unknown,1
9535,35,technician,single,unknown,no,726,yes,no,cellular,5,may,163,1,-1,0,unknown,0
1707,37,management,single,secondary,no,655,no,yes,cellular,4,feb,258,6,-1,0,unknown,0
3749,42,technician,married,secondary,no,4466,no,no,cellular,17,nov,158,2,-1,0,unknown,0
4655,26,management,single,tertiary,no,1646,no,no,cellular,18,sep,890,5,-1,0,unknown,1
5192,35,technician,single,secondary,no,183,no,no,cellular,1,sep,516,2,130,2,failure,0
6693,31,services,married,secondary,no,5,yes,no,unknown,16,may,216,1,-1,0,unknown,0
3942,29,unemployed,single,tertiary,no,70,no,no,cellular,25,may,393,1,-1,0,unknown,1
5857,29,technician,single,secondary,no,3466,no,no,cellular,21,apr,274,1,-1,0,unknown,1
6896,26,management,single,tertiary,no,390,no,no,cellular,7,aug,325,1,-1,0,unknown,1
5517,34,blue-collar,married,primary,no,503,yes,no,unknown,26,may,120,2,-1,0,unknown,0
1906,50,management,divorced,tertiary,no,810,no,no,cellular,4,jun,510,3,-1,0,unknown,1
1184,33,technician,married,secondary,no,0,no,no,cellular,25,aug,296,8,-1,0,unknown,0
9026,60,admin.,married,secondary,no,12980,no,no,cellular,5,mar,115,1,-1,0,unknown,1
2441,21,student,single,secondary,no,357,no,no,cellular,2,sep,115,3,-1,0,unknown,0
6946,37,entrepreneur,married,tertiary,no,555,no,no,cellular,7,jul,104,2,-1,0,unknown,0
10133,31,management,married,tertiary,no,1331,no,no,unknown,5,nov,268,1,-1,0,unknown,1
4039,28,blue-collar,married,secondary,no,61,yes,no,cellular,4,may,226,2,319,1,success,1
7535,38,management,single,tertiary,no,91,yes,no,unknown,19,may,492,9,-1,0,unknown,0
7098,52,technician,married,secondary,no,234,no,no,cellular,17,nov,255,1,-1,0,unknown,1
7309,34,technician,single,secondary,no,4367,no,no,cellular,13,aug,121,2,-1,0,unknown,0
9280,43,admin.,single,secondary,no,6,no,no,cellular,4,feb,58,1,264,1,failure,0
10311,36,management,married,primary,no,3953,yes,no,cellular,19,nov,277,1,-1,0,unknown,0
324,37,blue-collar,single,secondary,no,292,no,no,unknown,8,sep,9,1,-1,0,unknown,0
1421,25,admin.,single,secondary,no,483,no,yes,cellular,30,apr,68,1,86,1,success,0
5334,45,management,single,tertiary,no,4831,no,no,cellular,30,jul,852,3,182,11,success,1
9890,57,admin.,married,unknown,no,2038,no,no,cellular,9,aug,628,1,182,2,failure,1
9699,45,management,married,tertiary,no,242,no,no,cellular,30,apr,587,1,-1,0,unknown,1
11029,34,management,single,tertiary,no,0,yes,yes,cellular,26,may,197,2,98,1,other,0
4531,30,technician,married,tertiary,no,606,yes,no,cellular,30,apr,551,1,-1,0,unknown,0
3156,33,technician,married,secondary,no,3243,no,no,cellular,12,aug,439,4,-1,0,unknown,1
7063,70,retired,married,secondary,no,6422,no,no,cellular,10,mar,122,1,-1,0,unknown,1
3723,35,blue-collar,married,secondary,no,260,yes,no,telephone,13,may,155,6,-1,0,unknown,0
8772,34,blue-collar,married,secondary,no,1464,yes,no,cellular,28,aug,207,3,130,5,other,1
7316,24,management,single,tertiary,no,1506,no,no,cellular,12,jun,239,2,95,4,success,1
9125,45,blue-collar,married,secondary,no,61,yes,no,unknown,26,may,745,4,-1,0,unknown,1
8546,33,entrepreneur,married,secondary,no,137,yes,no,cellular,15,jul,136,3,-1,0,unknown,0
5543,60,retired,married,tertiary,no,2196,no,no,cellular,15,jun,318,3,-1,0,unknown,0
1977,50,management,married,tertiary,no,1612,no,no,cellular,15,jun,532,2,98,2,other,1
1109,48,technician,married,secondary,no,178,yes,no,unknown,17,jun,320,4,-1,0,unknown,0
1943,37,admin.,married,secondary,no,0,yes,no,cellular,9,dec,179,1,190,1,success,1
4534,35,self-employed,single,tertiary,no,353,no,no,cellular,11,feb,352,1,183,1,success,1
6545,37,technician,single,tertiary,no,197,no,no,cellular,13,may,234,1,87,3,success,1
856,57,management,divorced,unknown,no,2986,no,no,cellular,17,dec,222,2,231,1,failure,1
10224,65,retired,married,primary,no,493,no,no,cellular,16,oct,622,1,182,1,failure,0
1929,38,management,single,tertiary,no,3141,no,no,cellular,9,nov,347,4,189,2,success,1
6692,39,management,married,tertiary,no,937,no,no,cellular,16,apr,144,4,-1,0,unknown,1
10185,40,unemployed,single,tertiary,no,7968,no,no,cellular,3,sep,733,1,93,1,success,1
5523,27,student,single,tertiary,no,24,yes,no,cellular,2,feb,344,2,-1,0,unknown,0
5053,34,entrepreneur,married,primary,no,7279,yes,no,cellular,12,may,882,1,-1,0,unknown,1
1779,40,technician,married,secondary,no,2266,no,no,cellular,16,oct,447,1,147,5,failure,1
5557,46,admin.,single,secondary,no,1544,yes,no,unknown,29,may,609,1,-1,0,unknown,0
6472,68,retired,married,secondary,no,1146,no,no,cellular,16,nov,212,1,187,6,success,1
8364,31,management,married,tertiary,no,927,no,no,cellular,18,aug,100,4,-1,0,unknown,0
4821,32,technician,single,tertiary,no,4071,no,no,cellular,30,jun,319,2,-1,0,unknown,1
10069,71,retired,married,secondary,no,1696,no,no,cellular,6,oct,486,1,-1,0,unknown,1
3702,33,services,married,secondary,no,1697,no,no,cellular,3,nov,179,1,-1,0,unknown,1
5553,24,blue-collar,single,secondary,no,9883,no,no,cellular,8,jul,210,5,-1,0,unknown,1
7104,29,management,single,secondary,no,3317,no,yes,telephone,4,may,640,7,-1,0,unknown,1
1790,42,technician,married,tertiary,no,-215,no,no,unknown,20,jun,1573,5,-1,0,unknown,1
8796,41,blue-collar,single,primary,no,22,yes,no,unknown,14,may,152,1,-1,0,unknown,0
817,32,management,single,tertiary,no,1781,no,no,cellular,8,apr,321,1,-1,0,unknown,1
3885,64,retired,married,primary,no,48,no,no,cellular,9,sep,167,3,92,1,success,1
534,39,blue-collar,single,secondary,no,175,no,no,cellular,12,may,17,1,365,2,other,0
109,53,services,divorced,secondary,no,0,no,no,cellular,12,mar,80,2,-1,0,unknown,1
2464,39,services,single,secondary,no,26,yes,no,cellular,14,may,166,3,-1,0,unknown,0
7225,61,retired,divorced,secondary,no,4243,no,no,cellular,30,apr,315,1,182,2,success,1
5748,31,admin.,married,secondary,no,298,yes,yes,unknown,26,may,518,1,-1,0,unknown,0
2210,33,blue-collar,divorced,unknown,yes,-274,yes,yes,cellular,17,apr,715,2,329,2,failure,1
3907,64,retired,married,primary,no,12067,no,no,telephone,30,jul,367,2,92,2,success,1
3270,47,unemployed,married,secondary,no,817,no,no,cellular,7,apr,721,4,-1,0,unknown,1
2218,31,technician,single,tertiary,no,985,yes,no,cellular,17,apr,997,1,57,2,failure,1
1895,57,technician,divorced,secondary,no,3043,no,no,cellular,14,aug,707,2,-1,0,unknown,1
8677,25,blue-collar,single,secondary,no,1857,yes,no,cellular,12,oct,187,1,91,12,success,1
3285,32,management,married,tertiary,no,3696,no,no,unknown,21,may,315,3,-1,0,unknown,0
2076,36,management,married,tertiary,no,806,yes,no,cellular,3,feb,106,2,259,1,failure,0
7630,34,management,single,tertiary,yes,621,no,no,cellular,28,aug,205,3,-1,0,unknown,0
4571,35,unemployed,married,primary,no,3285,no,no,cellular,21,nov,1555,2,-1,0,unknown,1
5014,33,technician,married,secondary,no,2362,yes,no,cellular,26,aug,271,4,-1,0,unknown,0
6166,36,housemaid,single,tertiary,no,561,no,no,unknown,6,jun,274,2,-1,0,unknown,0
9055,38,blue-collar,divorced,secondary,no,0,yes,no,cellular,21,oct,576,1,183,4,success,1
1183,27,technician,married,secondary,no,7102,yes,no,unknown,30,may,141,9,-1,0,unknown,0
6087,46,services,married,secondary,no,0,no,no,cellular,18,aug,74,4,-1,0,unknown,0
6836,33,blue-collar,single,secondary,no,76,yes,no,unknown,4,jun,1141,4,-1,0,unknown,1
3737,49,blue-collar,divorced,primary,no,24,yes,no,cellular,11,may,701,1,362,1,success,1
7990,34,admin.,single,secondary,no,598,yes,no,cellular,17,apr,365,1,324,1,failure,0
9508,28,admin.,married,secondary,no,5,yes,no,cellular,18,jul,121,1,-1,0,unknown,0
3532,32,entrepreneur,married,secondary,no,390,no,no,cellular,6,sep,440,1,280,1,failure,1
3290,53,retired,married,primary,no,1068,no,no,cellular,28,jan,200,1,-1,0,unknown,0
1972,48,entrepreneur,married,secondary,no,4037,no,no,unknown,6,jun,23,1,-1,0,unknown,0
7095,30,technician,single,tertiary,no,2325,no,no,cellular,10,aug,263,1,127,7,failure,1
8403,37,technician,married,secondary,no,0,yes,yes,cellular,15,jul,101,3,-1,0,unknown,0
6883,26,services,single,tertiary,no,12,no,no,cellular,14,jun,563,1,181,10,failure,1
5162,36,management,married,tertiary,no,2547,no,no,cellular,31,jul,292,1,-1,0,unknown,0
10226,35,blue-collar,married,tertiary,no,5271,yes,no,cellular,14,apr,119,2,-1,0,unknown,0
10237,37,management,divorced,tertiary,no,1170,yes,yes,cellular,18,may,106,1,-1,0,unknown,0
8876,29,technician,single,tertiary,no,615,yes,no,cellular,18,may,373,1,-1,0,unknown,1
10873,41,services,married,tertiary,no,881,no,no,cellular,30,oct,257,3,-1,0,unknown,1
64,53,management,married,tertiary,no,583,no,no,cellular,17,nov,226,1,184,4,success,1
4548,33,technician,single,secondary,no,0,no,no,unknown,3,jul,1106,2,-1,0,unknown,0
9926,33,management,single,tertiary,no,62,yes,no,cellular,18,may,473,3,-1,0,unknown,1
8073,33,technician,married,secondary,no,8,no,no,cellular,29,aug,462,2,-1,0,unknown,0
2486,40,management,married,secondary,no,-240,no,yes,unknown,28,may,160,3,-1,0,unknown,0
5401,35,unemployed,single,secondary,no,295,no,no,unknown,17,mar,473,1,-1,0,unknown,1
4055,28,blue-collar,single,secondary,no,-46,yes,no,cellular,2,mar,525,1,89,11,failure,1
9875,49,blue-collar,married,secondary,no,102,no,no,cellular,29,aug,210,2,-1,0,unknown,0
3131,27,admin.,single,secondary,no,4590,yes,no,cellular,10,nov,131,4,89,3,failure,1
4266,55,management,married,primary,no,2587,no,no,cellular,4,sep,328,2,94,2,success,1
7749,57,admin.,single,secondary,no,3551,yes,no,cellular,12,may,458,1,-1,0,unknown,1
8386,36,services,married,secondary,no,2984,yes,no,unknown,2,jun,394,1,-1,0,unknown,1
10360,76,retired,married,primary,no,163,no,no,telephone,13,oct,120,1,-1,0,unknown,0
3287,56,blue-collar,married,primary,no,0,yes,no,cellular,16,jul,1222,1,-1,0,unknown,1
9933,48,management,married,tertiary,no,3842,no,no,cellular,1,oct,168,1,122,2,success,0
2152,26,blue-collar,single,secondary,no,1006,yes,no,cellular,14,may,667,1,-1,0,unknown,1
5520,50,unemployed,divorced,unknown,no,1088,no,no,cellular,2,feb,749,1,-1,0,unknown,1
9203,43,admin.,married,secondary,no,315,no,no,cellular,23,jul,129,2,-1,0,unknown,0
7626,31,blue-collar,single,unknown,no,6281,no,no,cellular,22,oct,257,1,128,3,other,1
6515,37,management,married,tertiary,no,2987,yes,no,cellular,15,feb,93,1,91,9,failure,1
7893,33,management,married,tertiary,no,0,yes,no,cellular,9,mar,305,1,326,1,success,1
5886,28,management,single,tertiary,no,3796,no,no,cellular,8,jul,315,2,-1,0,unknown,1
8808,53,admin.,married,secondary,no,578,no,no,cellular,29,aug,59,2,-1,0,unknown,0
5428,34,technician,single,secondary,no,179,no,no,cellular,19,aug,294,3,-1,0,unknown,0
7007,38,blue-collar,married,secondary,no,530,yes,no,cellular,20,apr,59,3,-1,0,unknown,0
6120,39,technician,divorced,secondary,no,902,yes,no,cellular,10,feb,691,2,180,5,failure,1
4602,25,technician,single,secondary,no,4859,no,no,cellular,12,jan,227,1,-1,0,unknown,1
5279,26,unemployed,single,secondary,no,461,no,no,cellular,28,jan,214,1,-1,0,unknown,0
3176,62,retired,married,unknown,no,800,no,no,cellular,17,feb,737,1,-1,0,unknown,1
3057,65,retired,divorced,secondary,no,828,no,no,cellular,13,jul,305,1,-1,0,unknown,1
7927,36,technician,single,secondary,no,-15,yes,no,unknown,6,may,341,3,-1,0,unknown,0
710,81,retired,married,primary,no,1154,no,no,telephone,17,sep,231,1,-1,0,unknown,1
2264,47,admin.,married,secondary,no,0,no,no,cellular,10,nov,213,1,190,1,other,1
10373,39,blue-collar,divorced,primary,yes,-294,yes,no,unknown,5,jun,181,2,-1,0,unknown,0
10065,70,retired,married,tertiary,no,44,no,no,cellular,18,sep,1104,2,88,2,other,1
7681,31,management,married,tertiary,no,216,no,no,cellular,22,jul,47,1,-1,0,unknown,0
8716,31,technician,single,secondary,no,4105,no,no,cellular,30,apr,264,1,-1,0,unknown,0
101,31,management,single,tertiary,no,9421,no,no,cellular,25,nov,372,1,-1,0,unknown,1
9748,34,technician,married,unknown,no,4053,yes,no,unknown,23,may,123,2,-1,0,unknown,0
3793,57,blue-collar,married,primary,no,2112,no,no,cellular,12,aug,1134,2,-1,0,unknown,1
2036,43,blue-collar,married,secondary,no,413,yes,no,cellular,12,aug,235,2,182,4,success,1
645,50,blue-collar,married,primary,no,334,no,no,cellular,27,aug,79,3,-1,0,unknown,0
9306,27,services,single,secondary,no,1820,yes,no,cellular,17,jul,1027,1,-1,0,unknown,1
8676,26,admin.,married,secondary,no,1595,no,no,cellular,15,jun,155,1,105,1,failure,1
4064,36,blue-collar,single,tertiary,no,1830,no,no,cellular,14,oct,183,1,91,11,failure,0
5657,45,blue-collar,married,primary,no,5461,yes,no,cellular,20,nov,841,2,-1,0,unknown,1
7938,37,technician,married,secondary,no,24,yes,no,cellular,13,aug,136,1,105,2,failure,0
10256,32,blue-collar,married,secondary,no,4996,yes,no,unknown,20,may,205,2,-1,0,unknown,0
7410,31,management,married,tertiary,no,792,no,no,cellular,20,aug,763,14,-1,0,unknown,1
2998,45,admin.,married,secondary,no,5021,no,no,cellular,14,jan,233,1,-1,0,unknown,1
3649,24,student,single,secondary,no,23878,no,no,cellular,26,may,133,1,97,1,success,1
6489,34,technician,married,secondary,no,133,no,no,cellular,12,may,171,2,181,3,success,1
5076,34,management,single,tertiary,no,2646,no,no,cellular,14,apr,142,1,-1,0,unknown,1
7027,57,housemaid,married,tertiary,no,2326,no,no,cellular,28,oct,207,1,194,1,success,1
10511,33,technician,married,secondary,no,3071,yes,yes,cellular,21,jul,323,1,-1,0,unknown,0
7339,28,admin.,single,secondary,no,-126,no,yes,cellular,8,jul,360,4,-1,0,unknown,0
871,55,admin.,married,secondary,no,183,yes,no,unknown,6,may,150,1,-1,0,unknown,0
4846,30,blue-collar,married,primary,no,201,yes,no,cellular,31,aug,219,1,157,12,failure,1
7197,60,retired,married,secondary,no,194,no,yes,cellular,30,jul,61,5,-1,0,unknown,0
360,26,technician,single,secondary,no,181,no,no,cellular,20,apr,158,2,-1,0,unknown,1
10386,35,management,married,unknown,no,1128,yes,no,unknown,4,jun,457,1,-1,0,unknown,0
1491,28,technician,single,tertiary,no,4987,no,no,cellular,9,feb,253,21,-1,0,unknown,1
8614,58,management,divorced,tertiary,no,1257,no,no,cellular,5,aug,1536,1,-1,0,unknown,1
4320,45,management,divorced,tertiary,no,3150,yes,no,cellular,17,nov,101,2,-1,0,unknown,0
6123,31,admin.,single,secondary,no,3950,yes,no,cellular,21,nov,529,1,-1,0,unknown,1
10323,36,technician,married,secondary,no,1345,yes,no,unknown,30,may,231,3,-1,0,unknown,0
1776,53,management,married,secondary,no,51,yes,no,cellular,17,apr,109,1,-1,0,unknown,0
9761,56,services,married,secondary,no,9,no,yes,cellular,20,aug,285,2,-1,0,unknown,0
3225,68,retired,married,secondary,no,1443,no,no,telephone,21,dec,2062,2,257,1,success,1
3575,39,services,married,secondary,no,208,no,yes,cellular,9,feb,122,2,-1,0,unknown,0
6312,71,retired,married,secondary,no,5715,no,no,cellular,17,nov,747,2,-1,0,unknown,1
4912,55,retired,divorced,secondary,no,1580,no,yes,unknown,19,jun,1007,1,-1,0,unknown,1
9325,27,blue-collar,single,secondary,no,5563,yes,no,unknown,30,may,435,2,-1,0,unknown,0
5443,32,technician,married,secondary,no,4790,yes,no,cellular,22,jul,314,2,-1,0,unknown,0
9289,68,retired,married,secondary,no,2469,yes,no,telephone,15,jul,552,2,-1,0,unknown,1
5072,38,student,single,unknown,no,64,no,no,cellular,6,aug,789,1,-1,0,unknown,0
10422,47,services,married,secondary,no,405,no,yes,cellular,8,aug,994,2,-1,0,unknown,1
3135,48,services,married,secondary,no,1355,no,no,cellular,12,aug,409,7,-1,0,unknown,0
10692,43,admin.,married,secondary,no,59,yes,no,cellular,15,jul,60,3,-1,0,unknown,0
1704,49,entrepreneur,divorced,unknown,yes,-701,yes,no,cellular,30,jul,988,2,-1,0,unknown,1
2958,56,management,married,tertiary,no,616,no,no,cellular,13,aug,293,2,105,2,success,1
6311,34,self-employed,single,secondary,no,3,yes,no,unknown,5,may,301,1,-1,0,unknown,0
1811,30,technician,married,secondary,no,0,yes,no,cellular,14,may,47,3,-1,0,unknown,0
3438,41,admin.,divorced,secondary,no,2550,yes,no,cellular,15,may,894,2,347,2,failure,0
8093,26,student,single,tertiary,no,1134,no,no,cellular,21,apr,464,4,-1,0,unknown,1
6070,29,blue-collar,married,secondary,no,7863,yes,no,cellular,14,may,1129,1,-1,0,unknown,1
10141,43,management,single,secondary,no,109,yes,no,unknown,27,may,64,3,-1,0,unknown,0
4696,43,management,single,tertiary,no,1696,yes,no,cellular,26,aug,257,1,474,3,failure,1
2144,60,admin.,married,secondary,no,-396,yes,no,cellular,11,may,443,1,350,1,failure,0
10409,35,technician,married,secondary,no,-180,no,yes,cellular,13,aug,823,2,-1,0,unknown,1
797,52,housemaid,divorced,secondary,no,131,yes,yes,cellular,11,may,87,1,-1,0,unknown,0
8491,23,blue-collar,single,secondary,no,0,yes,no,cellular,8,may,6,5,350,2,failure,0
8014,40,services,divorced,secondary,no,160,no,no,cellular,14,jul,123,3,-1,0,unknown,0
10278,37,blue-collar,divorced,secondary,no,811,yes,yes,cellular,6,apr,185,3,-1,0,unknown,0
1847,26,services,married,secondary,no,199,no,no,cellular,24,jul,139,6,-1,0,unknown,0
8989,35,admin.,single,tertiary,no,777,no,yes,cellular,28,may,85,1,-1,0,unknown,0
7061,28,management,single,tertiary,no,1086,yes,no,unknown,29,may,128,2,-1,0,unknown,0
7051,33,admin.,single,tertiary,no,146,no,no,cellular,22,oct,380,1,91,3,success,1
5335,40,services,married,secondary,no,-192,yes,no,cellular,11,may,666,1,-1,0,unknown,1
473,37,self-employed,single,primary,no,235,yes,no,cellular,17,apr,191,4,323,9,failure,0
1235,44,management,married,primary,no,558,no,no,cellular,19,feb,268,5,-1,0,unknown,1
5580,34,entrepreneur,married,tertiary,no,146,yes,no,cellular,14,jul,788,2,-1,0,unknown,1
5620,35,management,divorced,tertiary,no,3837,yes,no,unknown,8,may,1084,1,-1,0,unknown,1
3252,61,retired,married,secondary,no,77,no,no,cellular,6,aug,455,4,-1,0,unknown,1
10219,28,blue-collar,single,secondary,no,455,yes,no,cellular,11,jul,166,1,-1,0,unknown,0
1586,41,unemployed,married,secondary,no,0,yes,yes,cellular,5,may,400,1,-1,0,unknown,1
1616,36,blue-collar,married,secondary,no,928,no,no,cellular,17,apr,224,3,-1,0,unknown,0
1865,38,blue-collar,single,secondary,no,2580,yes,no,cellular,8,apr,1691,2,264,3,failure,1
2992,28,services,single,secondary,no,217,yes,no,cellular,9,feb,379,3,-1,0,unknown,0
9502,57,blue-collar,married,secondary,no,6004,yes,no,cellular,12,aug,157,6,-1,0,unknown,0
8613,53,admin.,married,secondary,no,849,yes,no,cellular,6,feb,3102,3,-1,0,unknown,1
482,57,management,married,secondary,no,657,yes,no,telephone,11,may,20,5,-1,0,unknown,0
8443,32,technician,married,secondary,no,473,no,yes,cellular,10,aug,1064,1,95,3,success,1
4550,25,management,married,tertiary,no,4461,no,no,cellular,11,mar,796,5,-1,0,unknown,1
1935,56,retired,married,secondary,no,0,no,no,cellular,26,jan,413,2,-1,0,unknown,0
9286,36,admin.,married,secondary,no,0,yes,yes,cellular,11,may,94,1,-1,0,unknown,0
10338,36,blue-collar,married,primary,no,973,yes,yes,unknown,23,may,293,1,-1,0,unknown,0
9252,37,blue-collar,divorced,secondary,no,316,yes,no,unknown,26,may,642,2,-1,0,unknown,1
5722,42,blue-collar,married,primary,no,-407,yes,yes,cellular,12,may,829,7,-1,0,unknown,1
10057,57,retired,married,primary,no,1623,yes,yes,cellular,18,jul,246,1,-1,0,unknown,0
6691,59,retired,married,secondary,no,136,no,no,cellular,6,aug,301,4,-1,0,unknown,0
10690,33,technician,married,secondary,no,480,yes,no,cellular,30,jan,272,1,270,1,other,0
4762,55,admin.,married,secondary,no,602,no,no,cellular,4,feb,390,2,150,6,success,1
10498,56,retired,married,primary,no,63,no,no,cellular,19,aug,122,2,-1,0,unknown,0
10694,38,services,married,secondary,no,-349,yes,no,cellular,20,apr,111,2,328,5,failure,0
7336,38,management,divorced,tertiary,no,4692,yes,no,unknown,29,may,1363,2,-1,0,unknown,1
10647,50,technician,divorced,secondary,no,-298,yes,no,cellular,6,feb,68,8,-1,0,unknown,0
5969,41,blue-collar,married,secondary,no,1020,yes,no,unknown,29,may,276,1,-1,0,unknown,0
11098,35,admin.,divorced,secondary,no,1085,no,no,cellular,4,feb,195,6,97,12,other,1
2150,33,unemployed,married,secondary,no,438,yes,yes,unknown,21,may,129,1,-1,0,unknown,0
5097,36,blue-collar,married,secondary,no,1049,yes,no,cellular,14,may,224,4,-1,0,unknown,1
7222,37,technician,single,tertiary,no,3943,no,no,cellular,6,apr,1138,2,138,1,failure,1
5439,29,technician,married,secondary,no,428,no,no,cellular,14,jul,131,4,-1,0,unknown,0
10724,33,management,married,tertiary,no,1064,yes,no,cellular,13,may,562,1,-1,0,unknown,1
7765,41,blue-collar,divorced,primary,no,664,no,yes,cellular,15,jul,955,5,-1,0,unknown,1
4613,41,blue-collar,married,secondary,no,-190,no,yes,cellular,29,jul,808,3,-1,0,unknown,1
42,33,services,married,secondary,no,1697,no,no,cellular,4,may,489,1,182,1,success,1
6686,39,self-employed,divorced,secondary,yes,-103,no,yes,unknown,5,jun,210,3,-1,0,unknown,0
3304,28,technician,single,secondary,no,631,no,no,cellular,29,apr,835,7,-1,0,unknown,0
6772,48,blue-collar,married,primary,no,476,no,no,cellular,11,aug,856,3,-1,0,unknown,1
7364,40,blue-collar,married,secondary,no,1508,no,no,cellular,3,nov,177,2,85,3,failure,0
7153,33,management,single,tertiary,no,1909,no,no,cellular,8,aug,191,2,-1,0,unknown,0
2855,32,technician,married,tertiary,no,2688,no,no,cellular,14,oct,216,1,57,1,failure,1
8128,32,technician,single,tertiary,no,705,yes,no,cellular,25,may,414,2,35,4,failure,1
948,47,technician,married,primary,no,235,no,no,cellular,2,mar,136,2,203,1,other,1
1306,49,blue-collar,married,primary,no,361,yes,no,unknown,16,jun,513,2,-1,0,unknown,1
716,38,entrepreneur,single,secondary,no,2543,no,no,cellular,10,aug,223,1,414,4,failure,1
9996,46,technician,married,secondary,no,2149,yes,no,cellular,15,apr,282,2,-1,0,unknown,1
6965,48,blue-collar,married,secondary,no,1230,yes,no,cellular,13,may,328,2,182,3,success,1
8441,43,admin.,married,secondary,no,0,no,no,unknown,20,jun,804,12,-1,0,unknown,0
2252,27,technician,single,tertiary,no,667,no,no,cellular,29,jan,866,2,-1,0,unknown,1
8029,28,blue-collar,married,secondary,no,1238,yes,no,unknown,14,may,246,1,-1,0,unknown,0
6158,29,admin.,single,tertiary,no,261,no,no,cellular,17,mar,136,19,-1,0,unknown,0
7470,31,technician,married,secondary,yes,-463,yes,no,unknown,28,may,210,1,-1,0,unknown,0
7074,54,self-employed,divorced,tertiary,no,0,yes,yes,cellular,29,jan,309,3,-1,0,unknown,0
8807,60,retired,married,secondary,no,8590,no,no,unknown,5,jun,85,1,-1,0,unknown,0
7760,35,blue-collar,single,secondary,no,40,yes,no,unknown,9,may,617,4,-1,0,unknown,1
2016,29,technician,single,secondary,no,6,no,no,cellular,25,may,315,1,-1,0,unknown,1
2030,52,technician,married,secondary,no,0,no,no,cellular,2,jun,541,3,-1,0,unknown,1
9682,41,housemaid,married,primary,no,46,no,no,cellular,22,aug,268,1,-1,0,unknown,0
7433,28,technician,single,secondary,no,154,yes,no,cellular,18,feb,416,2,-1,0,unknown,1
2716,35,self-employed,married,tertiary,no,2427,no,no,cellular,12,jul,210,3,158,7,other,1
8094,52,unemployed,married,tertiary,no,2133,no,yes,cellular,18,jul,90,1,-1,0,unknown,0
2791,60,retired,married,secondary,no,8121,yes,yes,cellular,18,aug,98,7,-1,0,unknown,0
1982,53,management,married,tertiary,no,0,yes,no,cellular,14,jul,85,3,-1,0,unknown,0
7212,32,technician,single,tertiary,no,1710,yes,no,cellular,15,may,439,1,175,3,other,0
3769,45,management,divorced,tertiary,no,6200,no,no,cellular,29,jul,103,2,-1,0,unknown,0
4065,33,technician,single,secondary,no,66,no,no,cellular,5,jun,157,2,-1,0,unknown,1
7331,29,technician,single,tertiary,no,2269,yes,no,cellular,20,apr,53,1,346,1,failure,0
6355,42,housemaid,married,primary,no,-209,no,yes,cellular,11,aug,90,2,-1,0,unknown,0
1052,36,management,single,tertiary,no,13,no,yes,cellular,18,nov,106,1,-1,0,unknown,0
5818,48,management,single,tertiary,no,5689,no,no,cellular,12,feb,262,1,-1,0,unknown,1
6651,43,management,married,tertiary,no,46,no,no,cellular,27,aug,63,8,-1,0,unknown,0
3352,46,technician,single,tertiary,no,4414,no,no,cellular,18,aug,504,7,-1,0,unknown,1
4388,27,unknown,single,secondary,no,1187,no,no,telephone,26,feb,232,1,101,1,failure,1
5674,31,technician,married,secondary,no,106,yes,no,unknown,13,may,101,13,-1,0,unknown,0
11058,40,admin.,single,secondary,no,50,no,no,cellular,15,may,837,1,-1,0,unknown,1
7026,44,self-employed,divorced,tertiary,no,1070,yes,no,cellular,11,nov,172,1,91,5,success,1
8466,59,management,married,tertiary,no,5397,no,no,cellular,23,sep,244,1,92,3,success,1
1200,54,management,married,tertiary,no,1411,no,no,cellular,12,aug,56,2,-1,0,unknown,0
4841,59,admin.,divorced,secondary,no,1525,no,no,telephone,29,jul,90,2,-1,0,unknown,0
4896,49,unemployed,married,tertiary,no,377,no,no,cellular,22,may,158,1,59,2,failure,0
5492,30,blue-collar,single,secondary,no,-390,yes,no,cellular,5,may,275,1,-1,0,unknown,0
8591,46,management,divorced,tertiary,no,624,no,no,cellular,18,mar,420,1,276,1,other,1
4788,43,technician,divorced,unknown,no,4389,no,no,cellular,8,apr,618,1,-1,0,unknown,1
8908,35,admin.,married,secondary,no,3854,yes,no,cellular,5,may,131,1,-1,0,unknown,0
8714,45,blue-collar,married,secondary,no,640,yes,no,cellular,4,may,447,1,-1,0,unknown,1
10292,64,retired,married,primary,no,2140,no,no,cellular,16,mar,881,3,155,2,failure,1
8681,31,management,single,tertiary,no,354,no,no,cellular,21,apr,242,2,-1,0,unknown,1
8953,26,management,single,tertiary,no,1438,no,no,cellular,27,apr,321,1,449,1,other,1
9990,56,technician,married,tertiary,no,73,no,no,cellular,21,aug,644,4,-1,0,unknown,1
8837,39,management,divorced,tertiary,no,3261,yes,no,unknown,9,jun,150,17,-1,0,unknown,0
10487,43,services,married,secondary,no,-236,yes,no,cellular,28,jul,745,7,-1,0,unknown,1
10827,39,technician,married,secondary,no,603,no,yes,cellular,15,apr,214,1,-1,0,unknown,1
476,45,blue-collar,single,secondary,no,615,yes,no,cellular,15,may,133,1,-1,0,unknown,0
1657,39,blue-collar,married,primary,no,867,yes,no,unknown,7,may,481,1,-1,0,unknown,0
3475,33,admin.,single,tertiary,no,193,no,no,unknown,5,may,132,2,-1,0,unknown,0
4336,55,management,married,tertiary,no,1433,no,no,unknown,12,jun,298,3,-1,0,unknown,0
3129,33,services,divorced,secondary,no,327,yes,no,unknown,7,may,109,1,-1,0,unknown,0
7374,33,technician,married,secondary,no,133,no,no,cellular,4,may,218,1,-1,0,unknown,1
9622,42,services,divorced,secondary,no,466,no,no,cellular,28,jan,48,1,-1,0,unknown,0
10878,36,blue-collar,married,secondary,no,4438,yes,no,unknown,20,may,446,1,-1,0,unknown,1
1784,29,technician,married,secondary,no,0,no,no,unknown,12,may,33,2,-1,0,unknown,0
6898,34,blue-collar,married,primary,no,1031,yes,no,unknown,29,may,751,3,-1,0,unknown,1
186,50,management,married,tertiary,no,3463,no,yes,cellular,28,oct,96,1,-1,0,unknown,1
1550,38,management,married,unknown,no,3576,no,no,cellular,26,may,579,1,-1,0,unknown,1
199,56,admin.,married,secondary,no,510,yes,no,cellular,10,jul,288,1,-1,0,unknown,0
5954,48,technician,married,secondary,no,606,yes,no,cellular,19,aug,231,4,-1,0,unknown,0
2845,32,blue-collar,single,secondary,no,6337,yes,no,cellular,19,nov,126,2,-1,0,unknown,0
6171,35,entrepreneur,single,secondary,no,866,yes,no,cellular,19,nov,147,1,-1,0,unknown,0
8017,37,services,married,secondary,no,1694,yes,yes,cellular,29,jan,404,2,251,6,failure,0
4132,32,unemployed,married,secondary,no,2996,yes,no,unknown,19,may,68,1,-1,0,unknown,0
10358,46,technician,married,secondary,no,1167,yes,no,cellular,21,nov,1540,2,-1,0,unknown,1
236,60,blue-collar,married,primary,no,631,no,no,cellular,12,aug,429,2,-1,0,unknown,1
3891,46,management,single,secondary,no,244,yes,no,unknown,15,may,244,1,-1,0,unknown,0
9708,57,self-employed,married,secondary,no,2109,no,no,cellular,21,aug,107,6,-1,0,unknown,0
3179,31,services,single,secondary,no,1709,no,yes,telephone,28,jan,944,3,-1,0,unknown,1
7313,46,technician,married,secondary,no,3434,no,yes,cellular,27,feb,115,1,-1,0,unknown,1
7745,46,admin.,single,unknown,no,306,yes,no,cellular,11,may,289,5,-1,0,unknown,0
9951,33,management,single,tertiary,no,1271,yes,no,cellular,15,apr,636,3,330,1,failure,1
4264,33,management,married,secondary,no,336,no,no,cellular,15,apr,179,3,-1,0,unknown,1
4510,37,admin.,single,secondary,no,309,yes,no,cellular,15,may,58,3,-1,0,unknown,0
6045,42,blue-collar,married,primary,no,-181,yes,no,unknown,15,may,297,3,-1,0,unknown,0
8470,46,management,single,tertiary,no,2904,yes,no,unknown,30,may,984,2,-1,0,unknown,1
6646,24,blue-collar,single,secondary,no,1,yes,no,cellular,11,may,79,2,-1,0,unknown,0
3210,25,technician,single,secondary,no,1231,yes,no,cellular,27,feb,412,5,-1,0,unknown,1
2020,35,services,married,secondary,no,4170,yes,no,unknown,20,may,1777,1,-1,0,unknown,1
8348,52,services,married,secondary,no,961,no,yes,cellular,18,feb,222,1,553,4,failure,1
8324,33,admin.,single,tertiary,no,475,yes,no,cellular,7,may,1046,1,-1,0,unknown,1
2048,37,admin.,divorced,secondary,no,1573,yes,no,cellular,12,may,639,3,326,10,failure,0
5678,35,blue-collar,married,secondary,no,262,no,no,cellular,15,sep,331,1,75,6,failure,1
2000,24,blue-collar,single,secondary,no,167,no,yes,cellular,25,may,288,1,96,2,success,1
3128,46,technician,married,secondary,yes,289,no,no,unknown,7,may,51,3,-1,0,unknown,0
8271,38,blue-collar,married,secondary,no,2008,yes,no,cellular,18,nov,354,1,-1,0,unknown,0
10826,48,unemployed,single,tertiary,no,3229,no,no,unknown,16,jun,1089,1,-1,0,unknown,1
9210,52,blue-collar,married,primary,no,4793,yes,no,unknown,6,jun,176,2,-1,0,unknown,0
4856,28,admin.,single,unknown,no,2736,no,no,cellular,8,jul,705,1,-1,0,unknown,1
1576,34,blue-collar,married,secondary,no,113,yes,no,cellular,13,may,16,2,-1,0,unknown,0
839,26,management,single,tertiary,no,800,yes,no,cellular,30,jan,405,2,-1,0,unknown,0
10522,54,retired,divorced,secondary,no,2761,no,no,cellular,16,jul,771,1,-1,0,unknown,0
4751,28,blue-collar,single,tertiary,no,727,yes,no,unknown,6,jun,144,4,-1,0,unknown,0
4096,61,retired,married,secondary,no,1058,no,no,cellular,27,apr,159,3,-1,0,unknown,1
5904,39,management,married,tertiary,no,0,yes,no,cellular,11,may,112,1,-1,0,unknown,0
7773,31,admin.,married,secondary,no,1229,no,no,cellular,12,apr,176,1,-1,0,unknown,1
3592,33,management,married,tertiary,no,22867,yes,no,cellular,10,nov,266,2,92,3,failure,1
4624,27,housemaid,married,secondary,yes,65,yes,yes,cellular,17,jul,59,1,-1,0,unknown,0
5123,44,technician,married,secondary,no,0,yes,no,unknown,30,may,243,3,-1,0,unknown,0
5413,36,management,single,tertiary,no,2163,no,no,cellular,5,jun,317,1,-1,0,unknown,0
4198,60,management,married,tertiary,no,0,no,no,cellular,7,aug,401,3,-1,0,unknown,1
9057,46,technician,divorced,secondary,no,1,yes,yes,unknown,26,may,200,3,-1,0,unknown,0
6015,28,technician,single,secondary,no,2034,yes,no,unknown,21,may,196,1,-1,0,unknown,0
653,42,entrepreneur,married,secondary,no,2959,yes,no,telephone,2,jul,711,1,342,1,failure,1
6162,59,management,married,unknown,no,3428,yes,yes,cellular,19,nov,103,1,-1,0,unknown,0
8407,27,management,single,secondary,no,35,no,no,cellular,4,jul,255,1,-1,0,unknown,0
8138,41,admin.,married,secondary,no,3126,yes,no,cellular,29,jun,222,1,91,7,failure,1
8542,60,technician,single,primary,no,11262,no,no,cellular,26,aug,323,1,-1,0,unknown,1
8061,34,technician,single,tertiary,no,184,yes,no,cellular,30,jul,87,3,-1,0,unknown,0
9440,25,services,single,secondary,no,1119,yes,no,cellular,18,may,1063,1,-1,0,unknown,1
703,28,blue-collar,married,secondary,no,173,no,no,cellular,18,jul,588,7,-1,0,unknown,1
937,54,retired,married,secondary,no,3538,no,no,cellular,27,may,820,1,-1,0,unknown,1
9451,50,management,married,secondary,no,2910,no,no,telephone,19,nov,433,1,113,1,failure,0
2671,34,blue-collar,married,secondary,no,4622,yes,yes,unknown,20,may,217,1,-1,0,unknown,0
5295,48,technician,married,unknown,no,67,yes,no,unknown,14,may,328,4,-1,0,unknown,0
6935,62,retired,married,secondary,no,3,no,no,cellular,4,aug,151,1,-1,0,unknown,0
7404,50,blue-collar,married,primary,no,4121,yes,yes,cellular,20,nov,177,1,-1,0,unknown,0
6680,48,technician,single,tertiary,no,0,no,no,unknown,16,jun,73,4,-1,0,unknown,0
1072,48,blue-collar,married,primary,no,595,no,no,cellular,24,jul,464,1,-1,0,unknown,0
10100,38,blue-collar,married,primary,no,668,no,no,unknown,8,may,238,1,-1,0,unknown,0
1381,37,management,divorced,tertiary,no,-42,yes,no,cellular,14,may,668,2,-1,0,unknown,1
4580,41,technician,married,secondary,no,2123,no,no,cellular,8,aug,130,2,-1,0,unknown,0
6385,58,self-employed,married,tertiary,no,1636,no,no,cellular,15,apr,187,1,-1,0,unknown,0
2710,27,student,single,primary,yes,25,no,no,unknown,28,aug,8,1,-1,0,unknown,0
340,41,technician,married,secondary,no,978,no,no,cellular,29,jul,55,2,-1,0,unknown,0
8866,63,blue-collar,married,secondary,no,180,no,no,cellular,15,jul,390,2,182,5,success,1
8691,49,admin.,single,secondary,no,293,no,no,cellular,28,jun,452,1,-1,0,unknown,1
635,43,management,married,tertiary,no,182,no,no,cellular,28,jan,152,1,-1,0,unknown,0
4158,50,admin.,divorced,secondary,no,363,yes,no,unknown,16,may,1340,1,-1,0,unknown,1
2824,58,retired,married,primary,no,2074,no,no,cellular,18,jun,259,2,-1,0,unknown,1
2934,27,blue-collar,married,secondary,no,419,yes,no,unknown,4,jun,1181,2,-1,0,unknown,1
3343,33,blue-collar,married,secondary,no,686,yes,yes,telephone,14,may,30,6,343,12,other,0
5656,29,technician,single,secondary,no,316,yes,no,cellular,3,mar,156,1,-1,0,unknown,1
3100,77,retired,married,tertiary,no,0,no,no,cellular,17,aug,286,1,-1,0,unknown,1
984,70,retired,divorced,primary,no,275,no,no,cellular,15,apr,82,1,-1,0,unknown,1
21,22,student,single,secondary,no,254,no,no,cellular,13,jan,143,2,-1,0,unknown,1
5579,52,retired,divorced,tertiary,no,3687,yes,yes,unknown,16,jun,741,4,-1,0,unknown,1
4459,38,technician,single,secondary,no,3278,no,no,cellular,19,aug,645,14,-1,0,unknown,1
8535,27,management,single,secondary,no,843,no,no,cellular,12,jul,123,2,185,1,success,0
560,35,blue-collar,single,secondary,no,885,yes,no,cellular,15,jul,632,6,-1,0,unknown,1
9718,39,management,married,tertiary,no,0,yes,no,cellular,5,may,811,2,-1,0,unknown,1
1422,29,blue-collar,single,unknown,no,694,yes,yes,cellular,16,jul,1806,4,-1,0,unknown,1
5635,43,admin.,married,secondary,no,323,yes,yes,cellular,12,may,43,3,369,2,failure,0
8272,32,technician,single,secondary,no,930,yes,no,unknown,21,may,122,1,-1,0,unknown,0
9858,39,technician,single,secondary,no,15,yes,no,cellular,30,apr,510,1,-1,0,unknown,1
9382,40,management,married,tertiary,no,423,yes,no,cellular,30,jul,134,24,-1,0,unknown,0
9881,39,technician,married,tertiary,no,11766,yes,no,cellular,14,aug,313,4,102,5,failure,0
4878,37,admin.,single,secondary,no,245,yes,yes,unknown,7,may,732,2,-1,0,unknown,1
7128,49,blue-collar,married,secondary,no,1946,no,no,cellular,16,jul,486,1,-1,0,unknown,1
692,26,management,single,tertiary,no,170,no,no,cellular,15,jun,129,1,-1,0,unknown,1
1262,30,unemployed,single,secondary,no,2424,no,no,cellular,12,nov,110,1,279,1,failure,1
6923,46,blue-collar,married,secondary,no,781,no,no,unknown,13,may,152,1,-1,0,unknown,0
4600,42,admin.,married,secondary,no,329,no,no,cellular,19,aug,347,3,-1,0,unknown,0
3546,43,blue-collar,married,secondary,no,576,yes,yes,unknown,13,may,148,1,-1,0,unknown,0
6078,20,student,single,unknown,no,755,no,no,cellular,29,dec,284,1,-1,0,unknown,1
10607,38,technician,married,secondary,no,0,no,no,cellular,8,jul,635,1,-1,0,unknown,1
7505,30,admin.,married,secondary,no,350,no,yes,cellular,9,jul,171,5,-1,0,unknown,0
8254,58,unemployed,married,secondary,no,1625,no,no,cellular,5,feb,286,2,-1,0,unknown,1
3295,57,retired,married,secondary,no,1841,no,no,telephone,5,jun,302,1,-1,0,unknown,1
2987,47,technician,married,secondary,no,0,no,no,cellular,21,nov,591,1,10,1,failure,1
9341,32,management,married,tertiary,no,141,yes,no,cellular,4,may,78,3,89,9,success,0
11011,31,management,married,tertiary,no,1170,no,no,cellular,20,aug,200,4,-1,0,unknown,0
2342,27,services,married,secondary,no,1303,yes,yes,unknown,21,may,364,1,-1,0,unknown,0
5650,32,entrepreneur,divorced,secondary,no,-934,yes,no,cellular,18,nov,50,1,-1,0,unknown,0
2361,35,technician,single,tertiary,no,2658,yes,no,cellular,19,aug,768,2,141,3,failure,1
9198,47,entrepreneur,married,tertiary,no,0,no,no,cellular,16,feb,261,2,-1,0,unknown,1
864,37,technician,divorced,secondary,no,141,yes,no,cellular,6,may,848,1,364,3,failure,1
8402,30,admin.,single,secondary,no,2702,yes,no,cellular,24,jul,129,2,-1,0,unknown,0
6115,27,technician,single,tertiary,no,501,no,yes,telephone,30,jan,370,4,-1,0,unknown,0
7368,51,entrepreneur,married,secondary,no,0,no,no,unknown,30,may,510,3,-1,0,unknown,0
6140,33,management,single,tertiary,no,0,no,no,unknown,27,may,277,1,-1,0,unknown,0
8834,32,self-employed,married,tertiary,no,1423,no,no,cellular,6,aug,1249,4,-1,0,unknown,1
5012,31,blue-collar,divorced,secondary,no,-209,yes,no,cellular,8,may,154,3,367,2,failure,0
9469,26,services,single,secondary,no,-481,yes,yes,cellular,6,may,595,5,-1,0,unknown,0
8940,31,services,married,secondary,no,418,yes,yes,cellular,9,jul,219,1,-1,0,unknown,0
6594,38,self-employed,married,secondary,no,290,yes,no,unknown,20,may,369,1,-1,0,unknown,0
4435,25,unemployed,single,tertiary,no,343,no,no,cellular,1,jun,377,1,-1,0,unknown,1
2851,33,technician,single,secondary,no,163,yes,no,cellular,20,aug,627,2,-1,0,unknown,1
3583,24,blue-collar,single,secondary,no,167,no,yes,cellular,18,feb,134,2,-1,0,unknown,1
389,24,self-employed,single,tertiary,no,2376,no,no,cellular,27,apr,122,1,-1,0,unknown,1
11025,36,management,single,tertiary,no,-78,yes,no,unknown,2,jun,1068,1,-1,0,unknown,1
835,51,blue-collar,married,unknown,no,41,yes,no,telephone,9,jul,16,43,-1,0,unknown,0
4859,61,admin.,married,unknown,no,4629,yes,no,cellular,27,jan,181,1,92,1,success,1
6164,25,blue-collar,single,secondary,no,509,no,no,cellular,5,mar,418,1,-1,0,unknown,1
2199,38,technician,married,secondary,no,0,yes,yes,cellular,15,jul,146,4,-1,0,unknown,0
630,46,entrepreneur,married,secondary,no,122,no,no,cellular,6,feb,1047,2,1,7,failure,0
9159,33,blue-collar,single,tertiary,no,700,no,no,cellular,30,apr,169,1,80,2,success,1
210,52,blue-collar,married,secondary,no,1319,no,no,telephone,30,apr,37,2,-1,0,unknown,0
6402,38,self-employed,single,tertiary,no,5774,yes,no,cellular,15,may,406,4,359,5,other,1
9143,26,admin.,single,secondary,no,712,yes,no,unknown,6,may,232,1,-1,0,unknown,0
5846,36,management,married,tertiary,no,203,no,no,cellular,29,oct,139,1,-1,0,unknown,1
9561,60,technician,married,secondary,no,259,no,no,cellular,6,jul,396,1,386,2,success,1
2286,40,management,married,primary,no,395,yes,no,cellular,22,apr,232,4,-1,0,unknown,1
7562,60,technician,married,tertiary,no,-71,yes,yes,cellular,30,jan,1451,1,-1,0,unknown,1
3283,39,blue-collar,single,primary,no,0,yes,yes,cellular,13,may,1975,5,-1,0,unknown,1
10523,45,technician,married,secondary,no,3492,yes,yes,unknown,20,jun,46,4,-1,0,unknown,0
9768,40,admin.,married,secondary,no,2574,yes,no,cellular,15,may,432,1,176,1,failure,1
4988,40,blue-collar,married,secondary,no,188,yes,yes,unknown,20,jun,570,2,-1,0,unknown,1
9309,42,management,married,tertiary,no,687,no,no,cellular,11,aug,667,2,-1,0,unknown,0
5806,29,admin.,single,secondary,no,731,no,no,cellular,14,apr,107,3,-1,0,unknown,1
10983,52,management,married,tertiary,no,1944,yes,no,cellular,15,apr,238,3,323,2,failure,0
8637,59,retired,married,primary,no,3648,no,no,telephone,23,oct,257,2,126,3,success,1
5583,44,management,married,tertiary,no,284,yes,yes,cellular,10,jul,109,5,-1,0,unknown,0
4599,37,unemployed,married,secondary,no,1978,no,no,cellular,9,sep,404,1,182,1,success,1
4163,21,technician,single,unknown,no,360,no,no,cellular,26,may,131,2,-1,0,unknown,1
2022,38,unemployed,married,primary,no,7005,yes,no,cellular,7,jul,370,1,412,1,failure,1
8909,38,admin.,married,secondary,no,47,yes,yes,cellular,31,jul,50,11,-1,0,unknown,0
4394,23,management,single,tertiary,no,1506,no,no,cellular,9,mar,131,4,-1,0,unknown,1
1551,57,entrepreneur,married,secondary,no,905,no,no,cellular,7,aug,121,1,-1,0,unknown,0
7414,39,technician,single,secondary,no,1435,no,no,cellular,17,jun,383,1,296,19,other,1
10259,49,management,married,tertiary,no,234,no,no,cellular,22,aug,55,6,-1,0,unknown,0
8554,51,admin.,married,secondary,no,949,no,no,cellular,5,aug,1092,1,-1,0,unknown,1
10832,33,technician,single,tertiary,no,0,yes,no,cellular,21,nov,654,1,-1,0,unknown,1
2655,29,services,married,secondary,no,1135,yes,no,cellular,17,feb,323,1,-1,0,unknown,1
3829,45,blue-collar,divorced,primary,no,594,yes,no,unknown,29,may,833,2,-1,0,unknown,1
10711,26,technician,single,secondary,no,941,no,yes,cellular,25,jul,784,1,-1,0,unknown,1
6716,32,management,married,tertiary,no,9214,no,yes,unknown,18,oct,71,1,-1,0,unknown,0
9104,50,management,married,tertiary,no,2366,no,no,cellular,28,jan,816,2,149,1,other,1
5921,34,blue-collar,married,secondary,no,320,yes,no,cellular,12,nov,413,1,92,3,success,1
8991,40,management,married,secondary,no,4025,yes,no,cellular,15,jul,107,4,-1,0,unknown,0
10601,28,services,single,secondary,no,6332,yes,no,telephone,7,may,149,1,343,4,failure,0
2960,54,blue-collar,married,primary,no,950,yes,no,unknown,15,may,285,2,-1,0,unknown,0
8342,25,admin.,single,secondary,no,483,no,yes,cellular,3,feb,189,1,-1,0,unknown,1
1658,37,management,married,tertiary,no,49,no,yes,cellular,22,aug,132,1,-1,0,unknown,0
7539,38,blue-collar,divorced,secondary,no,0,yes,no,cellular,11,may,580,1,173,1,failure,0
10552,33,entrepreneur,married,secondary,no,135,yes,no,cellular,17,apr,114,1,345,2,failure,0
1458,45,technician,married,secondary,no,1998,no,no,cellular,4,may,237,5,-1,0,unknown,1
4699,26,management,single,secondary,no,2613,no,no,cellular,1,jun,326,1,-1,0,unknown,1
10296,38,technician,divorced,secondary,no,1221,yes,yes,cellular,18,aug,73,7,-1,0,unknown,0
7965,31,management,married,tertiary,no,166,no,no,cellular,25,aug,392,6,-1,0,unknown,0
136,30,blue-collar,single,secondary,no,228,no,no,cellular,5,feb,232,1,365,1,failure,0
3675,33,admin.,married,secondary,no,920,no,no,cellular,16,nov,130,1,95,2,failure,1
10481,26,services,married,secondary,no,-379,yes,yes,cellular,22,jul,1237,7,-1,0,unknown,1
5552,23,student,single,secondary,no,922,no,no,cellular,28,may,538,2,184,9,failure,1
5240,42,blue-collar,married,primary,no,0,yes,yes,cellular,7,may,209,2,-1,0,unknown,0
9076,37,student,single,unknown,no,444,no,no,cellular,14,aug,137,1,102,5,success,1
344,34,technician,single,tertiary,no,2658,yes,no,cellular,31,mar,265,1,230,2,failure,0
9821,46,management,married,tertiary,no,16,yes,no,cellular,6,may,304,1,-1,0,unknown,0
9173,36,blue-collar,married,primary,no,679,yes,yes,cellular,13,may,115,1,-1,0,unknown,0
7110,44,services,divorced,secondary,no,-389,yes,yes,unknown,5,jun,52,1,-1,0,unknown,0
7180,53,management,married,secondary,no,2693,no,no,cellular,21,nov,140,1,-1,0,unknown,0
475,53,unknown,married,unknown,no,0,no,no,cellular,25,aug,209,5,-1,0,unknown,0
9299,32,services,single,tertiary,no,945,no,no,cellular,20,nov,531,1,-1,0,unknown,1
5262,77,retired,married,primary,no,1492,no,no,telephone,1,sep,663,1,208,2,other,0
10187,75,retired,married,tertiary,no,6027,no,no,cellular,14,may,809,1,179,4,success,1
9907,34,blue-collar,married,unknown,no,391,yes,yes,unknown,23,may,34,2,-1,0,unknown,0
3392,62,retired,married,secondary,no,569,no,no,cellular,4,aug,288,1,1,8,success,1
923,32,services,married,secondary,no,109,yes,no,unknown,2,jun,364,13,-1,0,unknown,0
1463,32,student,single,tertiary,no,1138,no,no,cellular,4,may,214,3,83,3,success,1
3989,38,services,married,primary,no,0,yes,no,cellular,17,nov,960,2,-1,0,unknown,0
10105,28,technician,single,tertiary,no,0,yes,no,cellular,25,may,269,1,40,2,failure,1
10332,34,blue-collar,divorced,secondary,no,0,yes,no,cellular,5,may,150,1,-1,0,unknown,0
773,46,management,married,tertiary,no,125,yes,no,telephone,12,may,81,5,-1,0,unknown,0
3327,30,management,married,tertiary,no,1235,yes,no,cellular,28,jul,104,3,-1,0,unknown,0
3468,31,management,divorced,tertiary,no,883,yes,no,cellular,5,mar,112,2,106,1,failure,1
7836,33,management,single,tertiary,no,6807,no,no,cellular,21,oct,512,2,184,1,success,1
8775,49,admin.,single,tertiary,no,228,yes,no,cellular,3,sep,252,2,93,2,success,1
7835,26,unemployed,single,tertiary,no,3511,no,no,cellular,30,apr,439,2,-1,0,unknown,1
8458,52,management,single,tertiary,no,741,no,no,cellular,7,aug,63,2,-1,0,unknown,0
7448,19,student,single,secondary,no,394,no,no,cellular,5,apr,327,3,-1,0,unknown,1
7086,35,services,single,secondary,no,719,yes,no,cellular,18,may,1359,3,368,3,failure,1
8536,44,blue-collar,divorced,secondary,no,-222,yes,no,unknown,27,may,112,3,-1,0,unknown,0
