id,subtaskID,answer
1,1,MATEMATICA MATE-INFO
2,2,2022
120760,3,7.825629996357346
120761,3,6.867716540955808
120762,3,8.437763604868334
120763,3,8.735178094148061
120764,3,8.09316396096822
120765,3,9.07334919675527
120766,3,9.280339185972682
120767,3,9.211082551079869
120768,3,8.70880858605663
120769,3,9.126799282259451
120770,3,8.98371935471831
120771,3,8.877186612457667
120772,3,8.25108814436693
120773,3,9.275772641699053
120774,3,9.104852820326624
120775,3,8.976671381482436
120776,3,9.312481549776253
120777,3,8.911572045674543
120778,3,8.765593490962905
120779,3,9.36068631988852
120780,3,8.974554043488073
120781,3,8.93630744237087
120782,3,9.007312687402912
120783,3,9.0589982460343
120784,3,8.292260794472693
120785,3,9.17987011592334
120786,3,9.215844701321815
120787,3,8.69092841046176
120788,3,6.602735873197846
120789,3,9.245280803241183
120790,3,9.05753723891783
120791,3,9.20115269861866
120792,3,9.384679796443672
120793,3,9.060922291298823
120794,3,8.955342020747565
120795,3,9.285979469283197
120796,3,9.364141581446496
120797,3,9.175842064377099
120798,3,9.143893572402149
120799,3,8.473819392834798
120800,3,9.205320019647244
120801,3,8.65189279012522
120802,3,8.226885064600525
120803,3,8.961150165978673
120804,3,9.042424715678635
120805,3,9.04812569422841
120806,3,9.217015844415979
120807,3,9.255360267227925
120808,3,9.163631920104784
120809,3,9.34283430203596
120810,3,8.821653708076001
120811,3,9.277156917858681
120812,3,9.141801609335392
120813,3,8.988194143353395
120814,3,8.730166607805902
120815,3,8.901109778197522
120816,3,8.795256006482488
120817,3,9.29439719485443
120818,3,9.12175985215487
120819,3,9.191461079516364
120820,3,9.29502878410862
120821,3,9.128678124865745
120822,3,9.192373892513901
120823,3,9.240258759024488
120824,3,8.823105759261603
120825,3,8.684294197325613
120826,3,9.401471058951234
120827,3,8.780379796726788
120828,3,7.195963319682247
120829,3,7.043522812909101
120830,3,4.420686666450697
120831,3,9.293796076469983
120832,3,9.05494514506897
120833,3,8.93789346259955
120834,3,9.374680200573962
120835,3,8.869426621800905
120836,3,8.381445201176321
120837,3,8.381445201176321
120838,3,8.357612749863954
120839,3,9.18278599432863
120840,3,8.764390787059128
120841,3,9.124750554769507
120842,3,9.37548974810284
120843,3,8.929058693639492
120844,3,7.981153534213826
120845,3,9.126817548316922
120846,3,8.599214790469517
120847,3,9.181684831285393
120848,3,8.90335294458157
120849,3,8.300683280242115
120850,3,8.698584719400072
120851,3,8.534075975957538
120852,3,9.141556687492752
120853,3,8.60837822028507
120854,3,8.463646902782301
120855,3,9.041682433893927
120856,3,8.8653721940748
120857,3,9.071288948394729
120858,3,8.661232254778277
120859,3,8.439312135938541
120860,3,8.625066467227624
120861,3,9.308231073078048
120862,3,9.209228182262635
120863,3,7.493136436650639
120864,3,9.087820187582961
120865,3,8.956008089190917
120866,3,8.862935415530035
120867,3,8.824164248943735
120868,3,8.824164248943735
120869,3,8.968185110599352
120870,3,8.970432835814583
120871,3,8.904590726805084
120872,3,8.98896591266304
120873,3,8.80196902917414
120874,3,8.6693817926543
120875,3,8.600596399291303
120876,3,8.465437943704854
120877,3,8.880001527805298
120878,3,8.492473486956921
120879,3,8.450566963739035
120880,3,4.947551488286693
120881,3,8.71931514920774
120882,3,8.650729315364579
120883,3,8.423667546224863
120884,3,8.713553817617782
120885,3,9.08322160570901
120886,3,9.023162202138868
120887,3,8.931051969595682
120888,3,9.389408312039304
120889,3,5.553171486726583
120890,3,8.810430713672158
120891,3,9.211365403338519
120892,3,8.702102942179273
120893,3,8.18079906365509
120894,3,6.9467707423443645
120895,3,8.588447602464123
120896,3,8.880217169098103
120897,3,8.794929227668074
120898,3,8.340594140503503
120899,3,8.707470026969485
120900,3,6.818539691209032
120901,3,8.305860709323905
120902,3,8.687435421083048
120903,3,8.791334396445038
120904,3,8.982071277542454
120905,3,8.784270695555392
120906,3,8.01987055361915
120907,3,8.69428875303997
120908,3,9.059702352754046
120909,3,7.719021849781608
120910,3,9.069386153851372
120911,3,8.53817421441598
120912,3,9.185099932396914
120913,3,8.866933222727482
120914,3,9.278601953045044
120915,3,8.849019413139464
120916,3,8.546932669990786
120917,3,8.998894603668216
120918,3,8.65536372070227
120919,3,9.154211655922209
120920,3,8.726029491465548
120921,3,9.236577984864896
120922,3,8.750279769500352
120923,3,8.820878503210755
120924,3,9.138122888572017
120925,3,8.472510665827388
120926,3,8.434795149292349
120927,3,6.721018865498336
120928,3,8.754324159309963
120929,3,9.004211453612326
120930,3,9.018984178182656
120931,3,8.939296262319436
120932,3,8.45176702876069
120933,3,7.807323469530761
120934,3,9.153631196368785
120935,3,8.73792722249721
120936,3,8.861241293561285
120937,3,8.774203903135463
120938,3,9.096160049619616
120939,3,7.562515601908883
120940,3,7.331086258142696
120941,3,9.076322357612986
120942,3,8.367474119131451
120943,3,8.898187022407864
120944,3,8.575885914374979
120945,3,9.137136124849631
120946,3,8.176560097780706
120947,3,9.2568672319126
120948,3,8.053482399339424
120949,3,9.216834942894707
120950,3,7.978091883485139
120951,3,8.557427716293105
120952,3,7.698703761351936
120953,3,8.212781582196708
120954,3,8.466852537154287
120955,3,8.267047260753468
120956,3,7.545800245806002
120957,3,8.696484749099133
120958,3,9.072530523682062
120959,3,8.78026307759292
120960,3,8.039157619505024
120961,3,8.79885751740047
120962,3,8.39612835044391
120963,3,8.526027753750906
120964,3,6.83068377202687
120965,3,8.605529195496764
120966,3,8.782121526279708
120967,3,8.782121526279708
120968,3,8.787983686062013
120969,3,8.3641670685624
120970,3,8.099726024411396
120971,3,8.551723471846742
120972,3,8.657490302329194
120973,3,8.521573042256467
120974,3,8.694054902322216
120975,3,7.209760780788914
120976,3,8.545241138258344
120977,3,8.519935084519565
120978,3,7.963973870358405
120979,3,8.356488775348165
120980,3,7.77458680006612
120981,3,7.8891130682227795
120982,3,8.436530201263384
120983,3,7.0590059239772955
120984,3,8.46875126836636
120985,3,8.204538495782913
120986,3,8.63949908082012
120987,3,8.817773487376535
120988,3,8.278339748605978
120989,3,8.046718129944606
120990,3,8.59847513811341
120991,3,8.958340435465983
120992,3,8.33180390707819
120993,3,8.196216203424955
120994,3,8.266273952139075
120995,3,8.68840010176058
120996,3,8.287953554170995
120997,3,8.540886441481108
120998,3,8.904350382372439
120999,3,8.938109132436555
121000,3,8.39372678891228
121001,3,8.217876580399203
121002,3,7.897708623851849
121003,3,8.85429192204376
121004,3,8.313716085707231
121005,3,8.734179908678573
121006,3,8.304473275062538
121007,3,8.654031458022997
121008,3,7.961071563595676
121009,3,8.760931923911121
121010,3,7.941416607787802
121011,3,8.728535763667203
121012,3,8.55951294439726
121013,3,8.62695568020843
121014,3,8.663114050767561
121015,3,8.822297759945041
121016,3,7.742269334630061
121017,3,8.564548922641219
121018,3,8.201036807250395
121019,3,8.003443060577432
121020,3,8.483049549686854
121021,3,8.640849153677804
121022,3,8.421070117544122
121023,3,8.244224479502645
121024,3,8.42202663292011
121025,3,6.710029641718011
121026,3,8.76169331347769
121027,3,7.424385556620878
121028,3,8.565243564237896
121029,3,7.997883321088915
121030,3,8.13328768266005
121031,3,8.509656442807957
121032,3,8.136464601770461
121033,3,8.307094066792683
121034,3,7.691169292009363
121035,3,8.27849282744169
121036,3,8.139608251225091
121037,3,7.227671063973621
121038,3,7.474721198556573
121039,3,7.611085668163634
121040,3,8.108391140297984
121041,3,8.122053601430789
121042,3,9.065937179906712
121043,3,9.132143326407743
121044,3,7.990563484614576
121045,3,7.932577401918614
121046,3,8.471108110794443
121047,3,8.39662071902978
121048,3,9.034543258301364
121049,3,7.939297717585143
121050,3,8.517239456109664
121051,3,7.785301149004278
121052,3,8.507572110944137
121053,3,8.414098594364937
121054,3,8.389551741117726
121055,3,8.406910792138502
121056,3,8.59423773329497
121057,3,7.861814835414224
121058,3,8.180811638179893
121059,3,8.22160779584627
121060,3,8.68181567949186
121061,3,8.068998825819747
121062,3,8.290773319876335
121063,3,7.892801132283341
121064,3,8.535829595869835
121065,3,8.817885210401004
121066,3,8.745678291975898
121067,3,8.602918329512573
121068,3,8.473375105353194
121069,3,7.981760993639818
121070,3,8.550637054358758
121071,3,8.386731589924286
121072,3,8.546674172240527
121073,3,8.746157877942933
121074,3,8.593440739307136
121075,3,8.700938411726966
121076,3,8.537962665576394
121077,3,8.696200904052882
121078,3,8.238176633833753
121079,3,7.848180889617874
121080,3,7.422483974824557
121081,3,7.675644462873434
121082,3,7.423065627163268
121083,3,8.379324633598006
121084,3,8.114923016150735
121085,3,8.475148547331882
121086,3,7.871294044594177
121087,3,8.338431916618918
121088,3,7.323219055044272
121089,3,8.253982019818707
121090,3,8.517196053727975
121091,3,5.508164005491842
121092,3,6.889666372585839
121093,3,8.379079037208141
121094,3,8.493185980445332
121095,3,8.218129564509633
121096,3,8.265552156166324
121097,3,8.686555724236444
121098,3,8.20004287209463
121099,3,7.600674627055663
121100,3,8.637899944124568
121101,3,8.405431765480262
121102,3,7.947142911355645
121103,3,8.167709437299612
121104,3,8.460875808791346
121105,3,7.222457819618931
121106,3,8.163975222754807
121107,3,7.654136479333219
121108,3,8.017780845364912
121109,3,8.234877698978456
121110,3,7.672924183957959
121111,3,7.8713285404890865
121112,3,5.803166865802264
121113,3,7.735832457916945
121114,3,5.575536473437576
121115,3,7.483435581438784
121116,3,8.0404310455707
121117,3,7.842653486282284
121118,3,7.122372779666282
121119,3,7.048472236190915
121120,3,7.656800118066342
121121,3,7.092879526532077
121122,3,8.105359732720824
121123,3,8.520015108964522
121124,3,7.818198198083724
121125,3,7.1889448149132695
121126,3,7.951402778185076
121127,3,8.022560391819574
121128,3,6.988083454507692
121129,3,8.093430586387479
121130,3,8.611792729744653
121131,3,8.14785326781304
121132,3,7.666542373705601
121133,3,8.753388502707416
121134,3,8.003568906904908
121135,3,8.219052190822351
121136,3,8.723745237970316
121137,3,8.103748472851926
121138,3,7.725006090699511
121139,3,7.9641482187587105
121140,3,7.796646610777254
121141,3,8.242491289278647
121142,3,8.101195539196565
121143,3,7.628439090367089
121144,3,7.59729685530109
121145,3,8.213366123523404
121146,3,7.495354383555371
121147,3,7.918855139153979
121148,3,6.6100835821384
121149,3,5.352986983275726
121150,3,8.403138706523519
121151,3,7.548913534767908
121152,3,7.473943939615497
121153,3,7.991608768717774
121154,3,8.31028617233376
121155,3,7.936743243942304
121156,3,7.909130672791449
121157,3,8.164127723118566
121158,3,7.07116968992822
121159,3,6.87774775352576
121160,3,8.087921697169174
121161,3,7.957575838474473
121162,3,5.378365857485447
121163,3,7.115373518748939
121164,3,8.171906502460839
121165,3,7.848508449054636
121166,3,7.49763353423438
121167,3,7.6601201679358155
121168,3,7.372606753078112
121169,3,7.858787555272637
121170,3,8.095161721749818
121171,3,7.9557697553271725
121172,3,7.580598215730468
121173,3,7.4027867486278325
121174,3,7.119368597215306
121175,3,7.534046946410071
121176,3,8.79633704989397
121177,3,7.577492688887064
121178,3,7.167406235862046
121179,3,7.598325219957706
121180,3,8.302285115763693
121181,3,7.578285795253393
121182,3,8.272961541110355
121183,3,8.103189618164517
121184,3,8.361729973627591
121185,3,7.572482252451076
121186,3,7.271163353337608
121187,3,6.605522169019599
121188,3,7.065332414006262
121189,3,7.454986910128485
121190,3,7.176881376983257
121191,3,8.06668544972712
121192,3,7.918061406866668
121193,3,7.9417893375535975
121194,3,7.378790617444805
121195,3,7.5064123096527755
121196,3,7.126293275205631
121197,3,7.7598835892288935
121198,3,7.589245479262594
121199,3,7.4438689220616965
121200,3,7.2495288822303765
121201,3,7.781575373420268
121202,3,8.101198612365367
121203,3,6.994905348605339
121204,3,7.752538247489992
121205,3,8.13213265504509
121206,3,7.704657797768922
121207,3,7.208381985425321
121208,3,6.757392780787048
121209,3,7.067362620715977
121210,3,7.468097498053903
121211,3,6.417822912294587
121212,3,7.740813158767466
121213,3,7.36878748707756
121214,3,7.696781272984765
121215,3,6.717098465662249
121216,3,6.937332113761549
121217,3,6.85768364963818
121218,3,6.5525033392825165
121219,3,8.090398239797322
121220,3,7.22096936337539
121221,3,7.403665735542292
121222,3,7.117519145516629
121223,3,7.6157611311165665
121224,3,7.482307005973353
121225,3,6.922895851656459
121226,3,7.583756797474654
121227,3,8.008259876205202
121228,3,6.954122029845728
121229,3,7.792677880329289
121230,3,6.922831371402296
121231,3,6.446839884357096
121232,3,7.27863581212774
121233,3,7.5990626302795015
121234,3,6.431969920096854
121235,3,7.200883593500975
121236,3,6.876431645079659
121237,3,7.44630227096682
121238,3,6.955977171786348
121239,3,7.525461463379855
121240,3,6.886818033467945
121241,3,7.247860083249095
121242,3,7.2147294808256435
121243,3,7.899506791612744
121244,3,7.853864740878732
121245,3,7.460888451306399
121246,3,7.586035397705064
121247,3,7.0625768215844476
121248,3,7.166148210828773
121249,3,6.93418979972925
121250,3,7.717443425671441
121251,3,6.742581152305575
121252,3,6.681163564016372
121253,3,6.917206861479037
121254,3,7.351500465066023
121255,3,7.117269714774015
121256,3,6.682235702037278
121257,3,8.195983922358156
121258,3,7.52532312578731
121259,3,6.7048249056990255
121260,3,7.700026605838392
121261,3,6.958340099648684
121262,3,7.026924536972379
121263,3,6.525104548729501
121264,3,6.699646226999039
121265,3,7.480321790421923
121266,3,7.039071380655468
121267,3,6.836258961661864
121268,3,6.515606846526716
121269,3,6.777479645968936
121270,3,7.424465676634866
121271,3,6.883876522450057
121272,3,6.738104689990767
121273,3,7.206119494202052
121274,3,7.883845440986896
121275,3,6.681491510205568
121276,3,8.147701628252426
121277,3,7.337380252742643
121278,3,7.759877919894514
121279,3,6.928328542945836
121280,3,7.243423324671039
121281,3,7.329437298199082
121282,3,6.938999636563861
121283,3,6.889011216964791
121284,3,6.371139097578795
121285,3,6.403298773477831
121286,3,6.558718760515208
121287,3,6.746509143789267
121288,3,6.732378022327302
121289,3,5.996213240009446
121290,3,6.314698921202895
121291,3,6.886413710852744
121292,3,6.535637640334057
121293,3,7.188558735278829
121294,3,7.472402633482925
121295,3,6.729251630704659
121296,3,6.729251630704659
121297,3,6.729251630704659
121298,3,6.5560610673146495
121299,3,6.368868047306175
121300,3,6.725912641387278
121301,3,6.8457080692105965
121302,3,7.582350188241026
121303,3,6.918119754093333
121304,3,8.07818012330758
121305,3,6.669071979705926
121306,3,7.2080980648485715
121307,3,6.672797868500899
121308,3,7.304969641674589
121309,3,6.793400827244621
121310,3,7.664893529395033
121311,3,6.671541937881878
121312,3,6.693313508643256
121313,3,7.117599716449102
121314,3,5.861091015105567
121315,3,6.861517161782738
121316,3,6.189476447430666
121317,3,7.017628378899765
121318,3,7.256903231945607
121319,3,6.872081096915428
121320,3,6.7259440351765996
121321,3,7.994234548470239
121322,3,6.814095378964246
121323,3,7.663970106065666
121324,3,6.983809835703464
121325,3,6.0889981836380365
121326,3,6.473180130890405
121327,3,6.530398787135671
121328,3,7.343943798410688
121329,3,6.8196528821470626
121330,3,6.834836677298157
121331,3,6.4753511055408355
121332,3,7.552383029553429
121333,3,7.320414357593638
121334,3,7.834587275005855
121335,3,7.1131160988423385
121336,3,7.0330204859836245
121337,3,6.317768757597769
121338,3,7.279353308192414
121339,3,6.92547926189904
121340,3,6.803569204737737
121341,3,8.04393035516194
121342,3,6.347996032630723
121343,3,6.407950941382813
121344,3,6.639328508258614
121345,3,6.188574414120656
121346,3,7.154992628600243
121347,3,6.822502979760219
121348,3,6.625106271901397
121349,3,7.272773369722214
121350,3,6.213793991276813
121351,3,6.910710886491506
121352,3,5.829956730715942
121353,3,6.162667909943386
121354,3,6.9645085429858185
121355,3,5.837902620842569
121356,3,6.324238583928524
121357,3,6.5405470805455455
121358,3,6.390177659621805
121359,3,6.367420330142887
121360,3,6.920924978237131
121361,3,6.767458937237596
121362,3,6.774106101769985
121363,3,6.702029043284669
121364,3,6.564529367355048
121365,3,6.2541203819336575
121366,3,6.374382337598417
121367,3,6.3611654892572025
121368,3,5.862189665820426
121369,3,6.273069685636943
121370,3,6.9400871280560175
121371,3,6.466341667712889
121372,3,6.1129543320466775
121373,3,5.901544038574132
121374,3,7.0482912039072865
121375,3,6.541065949238219
121376,3,7.152089217974951
121377,3,6.7810794486876445
121378,3,5.998803780699055
121379,3,6.124998870252151
121380,3,6.20116270596249
121381,3,7.676585580610445
121382,3,6.51447333504997
121383,3,4.853092662480421
121384,3,7.208934592154853
121385,3,6.7045082136921454
121386,3,6.382046272093374
121387,3,7.880466714063733
121388,3,6.4757873188534845
121389,3,5.847829179085387
121390,3,6.420039542592034
121391,3,6.829684459466484
121392,3,6.5889522780219325
121393,3,6.533839926440539
121394,3,6.802637849490278
121395,3,5.2614448521953765
121396,3,6.433874246085643
121397,3,6.767358749743109
121398,3,6.249655817752147
121399,3,7.003267997805535
121400,3,8.195981467041676
121401,3,6.237990130073553
121402,3,6.696300014766945
121403,3,6.547205633307439
121404,3,6.635440626620349
121405,3,6.513067516898552
121406,3,5.645935287975131
121407,3,6.361040624909363
121408,3,6.8285775402588955
121409,3,6.696372396842149
121410,3,6.402876525177516
121411,3,6.558679515102222
121412,3,6.623368809894988
121413,3,5.81320665109713
121414,3,6.346919198803599
121415,3,6.680083523879652
121416,3,6.941107211427869
121417,3,4.614212872151423
121418,3,6.50226165858506
121419,3,5.795772366644466
121420,3,6.038191161705551
121421,3,5.52992186871568
121422,3,6.784423087446864
121423,3,5.9793603487378935
121424,3,6.284467094646895
121425,3,6.398844336964749
121426,3,6.585525857828293
121427,3,6.2185211771279825
121428,3,6.093273389841466
121429,3,6.105516249360924
121430,3,6.780673904306028
121431,3,5.5214723440628655
121432,3,5.978067538602812
121433,3,5.90490820900925
121434,3,5.990796307472323
121435,3,7.108552458503269
121436,3,7.200600539627447
121437,3,6.328810549912117
121438,3,6.547930927454719
121439,3,7.843608485794878
121440,3,6.437056733162563
121441,3,7.87412040402714
121442,3,5.9648220793657405
121443,3,7.255145816600842
121444,3,6.492363704190964
121445,3,5.836519754282795
121446,3,4.784696322068285
121447,3,5.368661374967061
121448,3,5.579924199614672
121449,3,5.996015858874682
121450,3,5.809840674295874
121451,3,6.084976092803022
121452,3,7.220338030358367
121453,3,5.750054558025624
121454,3,5.947337861866549
121455,3,6.721488104205069
121456,3,6.015918825670444
121457,3,6.4347156223026625
121458,3,5.16447919940852
121459,3,5.8204904758971026
121460,3,6.086146890423006
121461,3,5.646257031377807
121462,3,5.329173245516173
121463,3,6.5632406487863815
121464,3,6.045815993244785
121465,3,5.508834211336463
121466,3,6.1008298949310324
121467,3,7.082917259060943
121468,3,6.401510105858289
121469,3,5.975341834412427
121470,3,5.547546003747057
121471,3,6.1673911000461175
121472,3,5.536008445443421
121473,3,4.6741035218389495
121474,3,4.6741035218389495
121475,3,4.6741035218389495
121476,3,5.458519312834416
121477,3,5.572674069019957
121478,3,5.529597108300598
121479,3,5.9202274279818035
121480,3,6.053952264510147
121481,3,6.765330169230208
121482,3,5.740034879547891
121483,3,5.755866695203315
121484,3,5.488582556999725
121485,3,4.94691960402822
121486,3,6.270820421828459
121487,3,5.681381856728761
121488,3,5.756909617931708
121489,3,5.1059795319690044
121490,3,6.7462598383919445
121491,3,6.64982679181299
121492,3,6.545394192098497
121493,3,5.570403061945694
121494,3,6.693733298229964
121495,3,6.707425474682189
121496,3,5.933318622465785
121497,3,5.612255205907557
121498,3,5.83242733834615
121499,3,5.995674176656563
121500,3,6.364652380855052
121501,3,5.777839265702474
121502,3,6.652350016686262
121503,3,5.7405816133086205
121504,3,5.412016010892131
121505,3,5.101280228803695
121506,3,5.657198372302615
121507,3,5.5380815562292804
121508,3,5.250405681574661
121509,3,5.289295963257488
121510,3,4.510926767038487
121511,3,5.7304123211058995
121512,3,5.770054577735531
121513,3,4.120815684330888
121514,3,4.911785426205816
121515,3,6.571135491137488
121516,3,5.221115658025023
121517,3,5.8856883058908425
121518,3,5.494567918370406
121519,3,5.263167963873578
121520,3,5.057731272470248
121521,3,5.978054631663827
121522,3,5.5589132490704545
121523,3,4.957111477424599
121524,3,5.725465344998661
121525,3,5.270052451358697
121526,3,5.383955161586497
121527,3,4.645580985459689
121528,3,4.665676229642685
121529,3,5.224811828786376
121530,3,5.284535648052229
121531,3,4.50517997917341
121532,3,7.393895508374892
121533,3,5.520324128005605
121534,3,5.552481438180903
121535,3,5.365385400001505
121536,3,5.975080323994046
121537,3,5.162818701299923
121538,3,7.2701475852572255
121539,3,6.753987585759559
121540,3,5.946449569400739
121541,3,6.271679554228555
121542,3,4.937307547799408
121543,3,5.160369207642837
121544,3,6.405366256538128
121545,3,6.334517413622735
121546,3,6.347715954776946
121547,3,6.351721714179357
121548,3,6.446088431535107
121549,3,6.69872280579733
121550,3,4.768856283115541
121551,3,4.861697436840224
121552,3,5.003118081477304
121553,3,5.495890300049184
121554,3,4.924063784419705
121555,3,4.680820049314848
121556,3,5.395717169363844
121557,3,4.7910222029580805
121558,3,5.435197642534221
121559,3,5.116633163014298
121560,3,5.414743679816122
121561,3,4.76655950757801
121562,3,3.9464720998015643
121563,3,4.466830815689102
121564,3,5.242533607654459
121565,3,4.8446976145204035
121566,3,4.137703408682283
121567,3,5.310114346822183
121568,3,4.793718071436104
121569,3,5.350527487129565
121570,3,5.0051780063102145
121571,3,4.742292360677736
121572,3,3.830600259304958
121573,3,5.150572786979064
121574,3,4.769366002754257
121575,3,5.889477991379357
121576,3,4.359158144416892
121577,3,4.643771299575432
121578,3,4.821662979434932
121579,3,4.727279976099072
121580,3,3.171531284805936
121581,3,4.729087316153125
121582,3,4.753825934056957
121583,3,6.013735441132006
121584,3,5.0376816652089005
121585,3,4.158802149546448
121586,3,3.2344967840458283
121587,3,4.591321227588358
121588,3,5.127754680903936
121589,3,5.153263995946807
121590,3,5.162248479328564
121591,3,3.270737531929685
121592,3,4.514582983761987
121593,3,3.75955774436514
121594,3,4.942622693498247
121595,3,4.317525026180645
121596,3,4.953176771924179
121597,3,4.828032727419004
121598,3,4.259123657808567
121599,3,4.914191165539588
121600,3,4.195839138623277
121601,3,4.033951145362918
121602,3,5.516239127429511
121603,3,4.250160030415715
121604,3,4.435721045431473
121605,3,4.927066526047993
121606,3,5.036930709023828
121607,3,2.9564391123901435
121608,3,3.3794566581611063
121609,3,4.732332735842121
121610,3,4.829776985578132
121611,3,4.400185213468831
121612,3,4.31993006410385
121613,3,4.293068127112358
121614,3,4.217969779072035
121615,3,4.572836029501511
121616,3,5.152938479499227
121617,3,3.0784549109748855
121618,3,3.9379501795435767
121619,3,3.519490193169638
121620,3,3.1356451681176676
121621,3,4.043717101076789
121622,3,3.9878113978955914
121623,3,4.026600528050265
121624,3,4.085767928374793
121625,3,3.057417880344587
121626,3,3.996432340578168
121627,3,3.825090064195666
121628,3,2.7979810917894143
121629,3,4.760356118398541
121630,3,4.147789855240559
121631,3,4.722987562190249
121632,3,3.2706984665801864
121633,3,4.443540405179066
121634,3,2.729607200745793
121635,3,3.351790700099769
121636,3,2.9295417494106855
121637,3,2.77444628403542
121638,3,3.058859590505342
121639,3,4.520407371892379
121640,3,3.845733121491124
121641,3,3.1047221196229278
121642,3,3.508588874348935
121643,3,2.747133780969137
121644,3,3.2911932383327205
121645,3,4.2686144908563595
121646,3,3.039242520183579
121647,3,2.935380527924755
121648,3,3.0806210539898222
121649,3,2.8939027489327342
121650,3,3.0949908489528557
121651,3,3.2139338751144795
121652,3,3.1737869675230246
121653,3,2.9623057272249422
121654,3,2.371158418572543
121655,3,3.228687581019508
121656,3,2.995791705677843
121657,3,2.8985664720341355
121658,3,3.0070515878504653
121659,3,3.199332830096068
121660,3,8.359550498535059
121661,3,8.223146851920859
121662,3,7.892178695200933
121663,3,8.717337281346673
121664,3,7.856520529218842
121665,3,9.146460007639586
121666,3,9.03553270950398
121667,3,8.844129115429753
121668,3,8.61510710505465
121669,3,8.383360690100407
121670,3,8.87212965507893
121671,3,9.105551795112452
121672,3,8.842701134630428
121673,3,7.2485548624875005
121674,3,8.51143178476663
121675,3,8.41302810527058
121676,3,9.134628078641986
121677,3,8.929630797281849
121678,3,7.985930295592265
121679,3,8.590401154158675
121680,3,8.157152565490039
121681,3,8.433604151553219
121682,3,8.515929138453558
121683,3,8.44352875060183
121684,3,8.768265102439939
121685,3,8.758870761385614
121686,3,9.12856850373527
121687,3,9.079500626669578
121688,3,9.053599943151449
121689,3,9.011581167244398
121690,3,8.816243964582117
121691,3,8.704236901050232
121692,3,7.979896525346329
121693,3,8.152912028665884
121694,3,8.97603961410199
121695,3,8.732786112024902
121696,3,8.624140552561384
121697,3,7.399273788474972
121698,3,8.675837688201064
121699,3,8.922111951629594
121700,3,8.916305022637363
121701,3,8.958069031507886
121702,3,8.740550108354341
121703,3,8.727388390482638
121704,3,8.674467038265671
121705,3,8.70522588837468
121706,3,9.133814240458184
121707,3,8.698862093833247
121708,3,8.631759018788895
121709,3,8.322100202774584
121710,3,8.82566327407499
121711,3,8.02887600365721
121712,3,8.957269307073108
121713,3,8.948401216683186
121714,3,7.380828733951727
121715,3,6.443801578812078
121716,3,8.48694221103037
121717,3,8.236587886223798
121718,3,7.050480975416301
121719,3,8.361251624327881
121720,3,8.949605974955631
121721,3,7.873110415288725
121722,3,8.993952657873367
121723,3,8.029342976844681
121724,3,8.789006987508547
121725,3,8.77946322945364
121726,3,7.5985980488625895
121727,3,5.355340238711533
121728,3,8.88374203230336
121729,3,8.530554726706734
121730,3,8.530554726706734
121731,3,8.268334296551576
121732,3,8.45295086222335
121733,3,8.233297781991032
121734,3,5.0821863119871225
121735,3,7.630878112327362
121736,3,8.35082215711523
121737,3,8.355757369124715
121738,3,8.447455804513387
121739,3,8.447455804513387
121740,3,8.110890527067276
121741,3,8.754239920378518
121742,3,8.287543892334817
121743,3,7.520677245463587
121744,3,6.536202840721983
121745,3,8.127164273262775
121746,3,8.227411725340746
121747,3,7.759728966122879
121748,3,8.781005010517994
121749,3,7.035254049563433
121750,3,3.5347146080132434
121751,3,6.671824700589682
121752,3,7.660953530312604
121753,3,8.207197728598377
121754,3,8.144391631339385
121755,3,8.783676809302769
121756,3,8.783676809302769
121757,3,7.376813909798843
121758,3,9.032905371743459
121759,3,8.742513842102667
121760,3,8.870003094113072
121761,3,6.218293991682873
121762,3,5.4075285445896
121763,3,8.340471032739414
121764,3,6.325826966094102
121765,3,7.7200081412990205
121766,3,6.3450263898165264
121767,3,8.345897314979517
121768,3,8.531203849058508
121769,3,6.369100081910491
121770,3,8.712538124283641
121771,3,8.29831839130229
121772,3,7.6541887036498455
121773,3,8.187874289454415
121774,3,6.795788264987198
121775,3,5.600044828364716
121776,3,5.600044828364716
121777,3,5.600044828364716
121778,3,7.4447791033507515
121779,3,7.672789904175985
121780,3,8.748709136123141
121781,3,8.559741716681051
121782,3,5.797358865158185
121783,3,5.265663924901714
121784,3,7.758010868630502
121785,3,6.813241120934851
121786,3,8.67524032472998
121787,3,8.705221367869397
121788,3,7.617699349527726
121789,3,7.517682639088484
121790,3,6.872278805049259
121791,3,8.016885213705423
121792,3,7.956121228122949
121793,3,6.4978064460764395
121794,3,7.66768590309856
121795,3,8.211321658289997
121796,3,7.7778141512856935
121797,3,6.9883021002685854
121798,3,6.2381755525634786
121799,3,7.040296986750306
121800,3,7.280371510903973
121801,3,8.263926053208122
121802,3,8.25009293160445
121803,3,7.000946573042479
121804,3,6.5243169412845
121805,3,8.809348533181032
121806,3,7.589205810702993
121807,3,6.142554775813143
121808,3,8.118335159802326
121809,3,7.05661283951318
121810,3,7.560663211409059
121811,3,7.5989497741722944
121812,3,6.540438835174999
121813,3,6.971917816687802
121814,3,7.419761254655507
121815,3,6.5419640194350865
121816,3,6.964713040284461
121817,3,6.55151595081561
121818,3,8.534342938125624
121819,3,6.230127339322722
121820,3,7.478154324411336
121821,3,8.69577483138859
121822,3,4.581437927045425
121823,3,7.69894369754722
121824,3,6.029698497010949
121825,3,7.206772367334183
121826,3,6.399913620464799
121827,3,6.896961723356795
121828,3,6.3906899760633795
121829,3,7.124222190520186
121830,3,7.663648471588145
121831,3,8.216313837286615
121832,3,6.471480488354146
121833,3,6.5767693968545355
121834,3,6.032553869613718
121835,3,8.297660006197718
121836,3,6.4541998094005475
121837,3,6.754013755600063
121838,3,6.222264226008126
121839,3,7.189869793948113
121840,3,5.9729029818910115
121841,3,5.619046308170693
121842,3,7.141474795043887
121843,3,7.079319378336737
121844,3,7.810229968384553
121845,3,7.6950461545484306
121846,3,6.435286594033412
121847,3,7.494574160595798
121848,3,8.380050491436307
121849,3,6.729255459625653
121850,3,6.592665425121329
121851,3,5.930937023090266
121852,3,7.205260079290086
121853,3,6.625262656124136
121854,3,8.252175869719197
121855,3,6.3090730597824916
121856,3,6.917430800332411
121857,3,6.896834522364754
121858,3,5.090841113638434
121859,3,7.03839412117551
121860,3,5.407607597599544
121861,3,3.810928202279343
121862,3,6.84137574221504
121863,3,6.627168094744174
121864,3,6.195439156561315
121865,3,6.938784362380736
121866,3,6.470894635481533
121867,3,7.213041353937257
121868,3,6.216789803978225
121869,3,8.148784083160042
121870,3,7.828975196401567
121871,3,7.4920519188684365
121872,3,6.300987124349501
121873,3,5.631700857906452
121874,3,5.220379658185445
121875,3,6.422795952377338
121876,3,5.535041927716104
121877,3,7.196616525436414
121878,3,6.3907054925128115
121879,3,5.874867405989576
121880,3,6.6862477753996625
121881,3,7.513631036055893
121882,3,7.108446569670424
121883,3,6.037059054515498
121884,3,6.698439741879678
121885,3,5.579097216354397
121886,3,5.880245258112687
121887,3,6.3167817910919135
121888,3,6.912867755228452
121889,3,5.653447308897154
121890,3,6.200101460981519
121891,3,6.756334589826218
121892,3,6.305362056928527
121893,3,6.449803850643588
121894,3,6.188776218122802
121895,3,6.359206408407928
121896,3,6.350651716597812
121897,3,5.210356294483855
121898,3,5.720965008808395
121899,3,7.416725730487008
121900,3,6.874111945241927
121901,3,4.451237930160468
121902,3,6.455949972116277
121903,3,5.905964655430886
121904,3,7.249958338157426
121905,3,7.588868153870007
121906,3,6.00897327179406
121907,3,6.160838277341112
121908,3,5.646650074008241
121909,3,5.24424731830181
121910,3,5.657706433630176
121911,3,6.656111545306145
121912,3,6.621311013741073
121913,3,6.542175673064711
121914,3,6.119101046519613
121915,3,6.013300881018902
121916,3,6.180661726693608
121917,3,5.760624334077171
121918,3,6.532384625177634
121919,3,7.326925992505941
121920,3,5.951482305867365
121921,3,6.309332665711449
121922,3,5.615625283698148
121923,3,7.066891919940036
121924,3,6.734147737108735
121925,3,6.241822872840418
121926,3,5.683765031364794
121927,3,5.411221513890219
121928,3,6.484779503360992
121929,3,5.557836946745587
121930,3,6.435130040421646
121931,3,6.648217633127542
121932,3,8.643707150425659
121933,3,5.815842716911997
121934,3,6.635162986653387
121935,3,6.173219168957844
121936,3,8.105107832612351
121937,3,5.334462816399229
121938,3,5.215246078385815
121939,3,6.695583764798075
121940,3,5.829525039126021
121941,3,6.467586751339116
121942,3,5.912874459361792
121943,3,6.607107935711671
121944,3,6.315182115973763
121945,3,5.353245305419341
121946,3,6.30603655480527
121947,3,4.635979823324348
121948,3,7.03448412647016
121949,3,6.49097659764166
121950,3,5.160571867081595
121951,3,4.424356925842566
121952,3,6.81560673084979
121953,3,5.154155678625507
121954,3,7.02698339583152
121955,3,6.957333527097369
121956,3,7.172377240449482
121957,3,6.208543580975235
121958,3,5.741148061134344
121959,3,5.641277383446451
121960,3,5.974531959501016
121961,3,6.088299340735846
121962,3,3.3748325617999146
121963,3,6.3945960022177575
121964,3,7.44712919581475
121965,3,4.998657286752106
121966,3,6.078994242540466
121967,3,5.862286321164616
121968,3,8.758454862474574
121969,3,5.856922022566294
121970,3,5.687683044946825
121971,3,6.021476456525284
121972,3,6.270266224866733
121973,3,6.658341062637766
121974,3,6.768356080089279
121975,3,5.737108240686117
121976,3,5.669116010293913
121977,3,6.081415820525817
121978,3,6.294348396804827
121979,3,7.05404998496965
121980,3,6.088932412405498
121981,3,5.935133102078585
121982,3,6.87879455235102
121983,3,7.054367433189311
121984,3,6.446640139106772
121985,3,6.357387455260662
121986,3,6.372893101056673
121987,3,5.786436150210087
121988,3,5.649530950541784
121989,3,4.93793278725051
121990,3,4.522195027418647
121991,3,5.3432976087152415
121992,3,5.4805338360231355
121993,3,5.711568324940995
121994,3,6.200215662248777
121995,3,6.912447534613598
121996,3,6.016326738423687
121997,3,5.7617145884572984
121998,3,5.430634818806505
121999,3,5.677624608222874
122000,3,5.414046654617691
122001,3,5.678666103668713
122002,3,5.483108372235982
122003,3,5.477748057169196
122004,3,6.395612896716023
122005,3,5.623281665849728
122006,3,5.955024187160622
122007,3,7.2598636492832505
122008,3,5.711144240228614
122009,3,6.25883201653306
122010,3,5.554767813276008
122011,3,6.557825347924165
122012,3,5.235283216414244
122013,3,5.060833072789832
122014,3,7.879419243586926
122015,3,5.556868712954365
122016,3,5.6692865468872204
122017,3,8.723334553525248
122018,3,5.035960704564142
122019,3,6.682965870698092
122020,3,5.409469211127572
122021,3,5.277634928220872
122022,3,6.503722892095032
122023,3,4.075614750117349
122024,3,5.79100645946461
122025,3,6.222046603033223
122026,3,5.128446007571267
122027,3,5.228538526552772
122028,3,6.42235314132949
122029,3,6.993111854603753
122030,3,7.099728945301129
122031,3,5.499243326854259
122032,3,5.722460122598417
122033,3,5.585200385095341
122034,3,5.66600577491805
122035,3,5.453315356198571
122036,3,6.027782984775794
122037,3,4.972821459445277
122038,3,6.946438458926285
122039,3,6.528754212315937
122040,3,5.789851438941643
122041,3,5.624348076008995
122042,3,5.233108766513
122043,3,5.739374059395362
122044,3,6.216113456383728
122045,3,4.714144379057612
122046,3,5.7055493032006295
122047,3,5.55858894909619
122048,3,6.325319113165306
122049,3,5.71222055012884
122050,3,6.287856271770237
122051,3,6.324700409955384
122052,3,5.2927217370975335
122053,3,5.219013445689491
122054,3,5.636783981938389
122055,3,5.73483971044479
122056,3,5.8555212490749495
122057,3,6.34322656480208
122058,3,5.709437082416199
122059,3,5.952254200832221
122060,3,5.394847503575431
122061,3,4.079059389376085
122062,3,5.411095201565374
122063,3,4.52116891339352
122064,3,5.0371607817526645
122065,3,5.539873286682618
122066,3,5.1205747912448185
122067,3,5.685811988091239
122068,3,5.425446388765047
122069,3,5.251931939928967
122070,3,4.875216021234393
122071,3,5.283422181815219
122072,3,4.487295168576702
122073,3,5.293119977205361
122074,3,5.617866021159689
122075,3,5.300984770512713
122076,3,5.8681965711379425
122077,3,5.6494699250398845
122078,3,6.724500072568564
122079,3,6.814325349050815
122080,3,5.360948508632408
122081,3,5.2533479525488485
122082,3,5.219987327740577
122083,3,4.058990946006629
122084,3,5.138932451198083
122085,3,5.312020886196551
122086,3,5.422146383294921
122087,3,4.595027907146898
122088,3,5.698901785346323
122089,3,5.411465246152608
122090,3,4.50975679444349
122091,3,5.159953871191804
122092,3,5.012702825781836
122093,3,5.317177418795654
122094,3,5.224661245585747
122095,3,5.733793958865179
122096,3,6.314203930320005
122097,3,5.844265843701933
122098,3,5.706682204384164
122099,3,5.153218003704149
122100,3,4.444624598769046
122101,3,5.3849376040921655
122102,3,5.10869816896432
122103,3,8.561619467101133
122104,3,7.602309221357942
122105,3,5.396537410776146
122106,3,5.366020736059712
122107,3,5.011710161334554
122108,3,5.531879948484998
122109,3,4.7420641554532965
122110,3,5.088003163748251
122111,3,8.017190095989678
122112,3,4.976597800490337
122113,3,5.2447539139982
122114,3,4.001474159600107
122115,3,5.084420752595425
122116,3,5.270831637504799
122117,3,5.259178655751929
122118,3,5.330555458575304
122119,3,4.938831011311733
122120,3,5.132205562212675
122121,3,4.930801129852022
122122,3,6.928820853220492
122123,3,4.504926822364681
122124,3,5.217379128710437
122125,3,5.281574095435056
122126,3,4.428043050736509
122127,3,5.67404682102742
122128,3,5.2006390186033595
122129,3,5.243133956311632
122130,3,5.093035841919402
122131,3,5.095739969409393
122132,3,5.3640089644139906
122133,3,5.067937511421531
122134,3,6.617917505121074
122135,3,5.392016608975732
122136,3,5.166341010530923
122137,3,5.236427072312347
122138,3,4.881780562286092
122139,3,4.992157004825788
122140,3,5.019277223150018
122141,3,4.987120289587674
122142,3,4.7606253112080195
122143,3,5.306018424977359
122144,3,4.48513876657506
122145,3,6.659145724779162
122146,3,4.809277189801849
122147,3,5.004969042200052
122148,3,4.902757159147703
122149,3,5.043746585810272
122150,3,4.911701305153547
122151,3,5.5849182935750825
122152,3,4.524509741599182
122153,3,5.24780155374073
122154,3,5.145946660248487
122155,3,4.809573401664009
122156,3,5.180799266494994
122157,3,8.093838839553522
122158,3,5.563760606722602
122159,3,5.399801568490825
122160,3,6.48545311283904
122161,3,5.828730661640397
122162,3,6.954637187335758
122163,3,7.3457788989192885
122164,3,7.412144011272161
122165,3,4.573420490231568
122166,3,4.912767549636224
122167,3,5.433146202219627
122168,3,4.509423402644217
122169,3,4.644270225420987
122170,3,5.042722147052277
122171,3,5.404980256291671
122172,3,4.625463195316481
122173,3,5.291861119976502
122174,3,4.775945445785205
122175,3,6.213970621426028
122176,3,4.666595751295926
122177,3,4.7799049458427065
122178,3,4.672613794845822
122179,3,4.651140963691179
122180,3,5.423769792425114
122181,3,4.766938914358448
122182,3,5.129495176909869
122183,3,4.801524767236534
122184,3,4.964927803059826
122185,3,5.11363676975583
122186,3,4.609663608310337
122187,3,4.403180617862452
122188,3,4.897596987535269
122189,3,4.7636091417084225
122190,3,5.153032448881627
122191,3,4.833798616618611
122192,3,4.87688566723486
122193,3,5.12856677315029
122194,3,5.11287017680602
122195,3,4.8232512415572835
122196,3,5.131277750780505
122197,3,4.749661667247735
122198,3,5.019166823343815
122199,3,4.5222970037121355
122200,3,5.3905183779262265
122201,3,4.606436097031132
122202,3,5.150827200359364
122203,3,4.787072910068896
122204,3,5.025032417354073
122205,3,4.695884185323427
122206,3,5.1233652408324115
122207,3,4.88176165173347
122208,3,5.133527595616995
122209,3,4.806187426373732
122210,3,5.753488726706301
122211,3,5.188865895457762
122212,3,4.603390044841877
122213,3,6.127191725521077
122214,3,5.274125578757376
122215,3,5.16565024175657
122216,3,4.585275582415681
122217,3,4.496703417948231
122218,3,4.972992323414315
122219,3,5.048622522645384
122220,3,5.135919141581657
122221,3,4.694361235283899
122222,3,4.542077723363494
122223,3,5.366863245022827
122224,3,4.595349158431755
122225,3,5.280814248176786
122226,3,4.900054662425666
122227,3,4.518679379431906
122228,3,5.149724087611752
122229,3,4.418748844687434
122230,3,4.52704715549871
122231,3,5.073728178041783
122232,3,5.082783395164487
122233,3,4.810405829233699
122234,3,5.2988310677135315
122235,3,5.253264190789357
122236,3,4.446594025271875
122237,3,4.743842644824261
122238,3,4.258439944222373
122239,3,4.2882308154547895
122240,3,4.508135179894283
122241,3,4.792457105369764
122242,3,4.663379565049045
122243,3,4.767478479755534
122244,3,4.67312677839265
122245,3,5.2043386226984065
122246,3,4.953501428780713
122247,3,5.064450508449806
122248,3,4.720947958818423
122249,3,4.543153427718482
122250,3,3.234430497256809
122251,3,5.167293752650665
122252,3,4.590683277540747
122253,3,4.433801953003664
122254,3,3.9233141252438353
122255,3,4.707901114989951
122256,3,4.490728341723452
122257,3,4.582167862725928
122258,3,4.632679682069154
122259,3,5.069711939310201
122260,3,4.549682524513271
122261,3,6.3600049368996805
122262,3,4.6498061644221105
122263,3,4.402983068782648
122264,3,4.17157229500962
122265,3,4.568605738107912
122266,3,4.203909446007678
122267,3,4.606600210438748
122268,3,4.935878922524777
122269,3,4.756686150133557
122270,3,4.564139622310291
122271,3,4.618190604712332
122272,3,3.0665566776644426
122273,3,4.660098643485998
122274,3,4.915908641158627
122275,3,4.589773050739938
122276,3,4.607453964433015
122277,3,3.735759176938044
122278,3,4.600841044938146
122279,3,4.441317100665865
122280,3,4.407867286117993
122281,3,4.730870462723328
122282,3,4.8146397788161615
122283,3,4.277728064920339
122284,3,4.417436456368037
122285,3,4.490465226403507
122286,3,4.601357185196579
122287,3,4.58271178417112
122288,3,4.587401545978237
122289,3,5.109634278153038
122290,3,4.350025680066473
122291,3,4.5138718062352545
122292,3,4.412388326485226
122293,3,4.773453327536017
122294,3,4.516784940551826
122295,3,2.9394390061224946
122296,3,4.343122284143014
122297,3,3.093918533051676
122298,3,4.1013696148478695
122299,3,4.502807338767607
122300,3,4.502807338767607
122301,3,4.502807338767607
122302,3,4.434730083709266
122303,3,4.67820007893534
122304,3,4.519225624552211
122305,3,4.273209023832827
122306,3,4.548657586072348
122307,3,4.472685847434535
122308,3,4.754392578141294
122309,3,4.1189302127660685
122310,3,4.565357034122365
122311,3,5.064420906322951
122312,3,4.123652209629551
122313,3,4.325204040836436
122314,3,4.630377918693005
122315,3,3.9414946674487332
122316,3,4.7206143132120895
122317,3,4.121519316178376
122318,3,4.0696287015841826
122319,3,4.453974589293397
122320,3,5.658455649357325
122321,3,4.269715138956531
122322,3,4.196150565005672
122323,3,5.213805593560067
122324,3,4.197458383002428
122325,3,4.064127218841584
122326,3,4.417183623621455
122327,3,3.9381934672277232
122328,3,4.883012931330734
122329,3,4.205915199650455
122330,3,4.496695786778018
122331,3,4.2612193724725715
122332,3,4.093770026645247
122333,3,4.120940765205738
122334,3,5.272817654811968
122335,3,3.9438017790774222
122336,3,2.5839276470515333
122337,3,4.499054750308543
122338,3,4.349610186306948
122339,3,4.339506814009814
122340,3,4.083778004591986
122341,3,4.413018474414052
122342,3,4.037530498077308
122343,3,4.1649842656436675
122344,3,4.561494176724096
122345,3,4.606526907425698
122346,3,4.3416278910378
122347,3,4.4984213652958385
122348,3,4.605133378934054
122349,3,4.277697042308949
122350,3,3.3622651583156107
122351,3,4.596925276904649
122352,3,4.314742425127056
122353,3,4.009790486368785
122354,3,3.960823618825627
122355,3,4.515106525689723
122356,3,3.4199667496841246
122357,3,3.249593429997508
122358,3,4.063180754181312
122359,3,3.436850415570821
122360,3,4.389140303379728
122361,3,4.182123371807975
122362,3,4.358565655271612
122363,3,3.9192185978602887
122364,3,3.748098478144951
122365,3,5.024083330101068
122366,3,4.371481963192028
122367,3,3.0549763678516157
122368,3,4.489109894052728
122369,3,4.167322943478699
122370,3,3.70583021348797
122371,3,3.9770643654106204
122372,3,3.947916432300031
122373,3,3.83607725459734
122374,3,3.101520209142634
122375,3,3.936032230785233
122376,3,3.911885901398326
122377,3,4.249814920524406
122378,3,3.804604581680539
122379,3,2.5266792999649095
122380,3,4.255105882972227
122381,3,4.318279082560452
122382,3,4.17271836941633
122383,3,4.56219414282018
122384,3,3.9135021820262534
122385,3,4.058354969341777
122386,3,4.003069613113101
122387,3,4.19869915298633
122388,3,4.3222414095774795
122389,3,3.812195381140077
122390,3,4.180723607590707
122391,3,3.7256009865093747
122392,3,3.6642799321455373
122393,3,3.9906577585783425
122394,3,4.129688770876648
122395,3,3.9562576753796432
122396,3,5.167619922848431
122397,3,2.897394000241783
122398,3,3.833058281995226
122399,3,4.391839538574818
122400,3,3.8466421919020735
122401,3,3.7920552926391484
122402,3,3.9837627889091585
122403,3,4.014519186450258
122404,3,4.283810948955388
122405,3,3.671473936388894
122406,3,3.7973974858907367
122407,3,4.725494995511406
122408,3,3.9036085129597686
122409,3,3.7150703616163128
122410,3,4.018471414538649
122411,3,3.6301678993734097
122412,3,3.9574356816699985
122413,3,4.102754690161787
122414,3,3.856074428200077
122415,3,3.898181721234247
122416,3,3.777835587380871
122417,3,3.8791215903738427
122418,3,3.052198864285416
122419,3,3.689626361737056
122420,3,3.435247384221495
122421,3,3.8563549473500687
122422,3,3.6492472808819247
122423,3,3.616094725689569
122424,3,3.55590298410071
122425,3,3.5168497998720465
122426,3,3.171941524311561
122427,3,3.826006126156471
122428,3,3.99610666229988
122429,3,3.410333829399336
122430,3,3.3612384059319202
122431,3,3.6750725826936588
122432,3,3.7547924260648005
122433,3,3.192790220989181
122434,3,3.428950320838178
122435,3,3.488362840398761
122436,3,2.627496881035177
122437,3,2.6516709954798827
122438,3,3.3761178594535535
122439,3,2.8588762156286505
122440,3,3.3227162608663208
122441,3,2.599575267656318
122442,3,3.389256315144891
122443,3,3.0168343357109553
122444,3,3.135583666712533
122445,3,3.3894577016428302
122446,3,3.266891510955182
122447,3,3.814863475600615
122448,3,2.8920145321498905
122449,3,3.3045757152875663
122450,3,3.541521379593442
122451,3,3.2688191168024896
122452,3,3.1368075230809866
122453,3,3.2842901702148244
122454,3,2.924160799336316
122455,3,3.275183576227345
122456,3,3.0648222948858725
122457,3,2.853908451141481
122458,3,3.212561099722722
122459,3,2.9074480058562293
122460,3,3.035549240041
122461,3,3.3753786008949604
122462,3,2.8496301386366447
122463,3,2.8867167838006007
122464,3,2.7241741839069835
122465,3,2.8410473705935417
122466,3,3.0389166316991374
122467,3,2.5564415721513107
122468,3,3.2022002295839798
122469,3,2.8526731792762052
122470,3,2.9778333721757537
122471,3,2.738080350598793
122472,3,2.9990016800952124
122473,3,2.663889272427622
122474,3,2.7833642786389157
122475,3,2.435830810994685
122476,3,2.5632268447888373
122477,3,2.2617872516937254
122478,3,2.522993336444089
122479,3,2.6676415429085205
122480,3,3.0322729717437578
122481,3,2.9878525076148943
122482,3,2.667910494240661
122483,3,2.8868783769752198
122484,3,2.2337471263103597
122485,3,7.085612564955679
122486,3,5.953004522781346
122487,3,7.495814317363275
122488,3,6.384802842144224
122489,3,6.024443325823512
122490,3,6.227046848861863
122491,3,5.9915888067713
122492,3,6.99941486784526
122493,3,6.06369686919833
122494,3,6.483267766752837
122495,3,6.0069396325893125
122496,3,6.317432570780045
122497,3,5.99223845263054
122498,3,6.798771459258351
122499,3,6.413626182396899
122500,3,7.318827589886301
122501,3,6.307621492841789
122502,3,6.390381441547641
122503,3,6.185327322965625
122504,3,6.0324619504138415
122505,3,6.0324619504138415
122506,3,6.750050903028319
122507,3,6.456739556325024
122508,3,6.4161917668503285
122509,3,6.003999864343207
122510,3,6.694761312620229
122511,3,6.074072800058107
122512,3,6.538231997309798
122513,3,6.4900986049018625
122514,3,6.578138500992805
122515,3,5.721462745927059
122516,3,5.759767910414747
122517,3,6.675256078312042
122518,3,6.318355814949321
122519,3,6.566332849095104
122520,3,7.204459180681041
122521,3,5.907015895003348
122522,3,6.426394706962233
122523,3,6.218613664097878
122524,3,6.673463922912905
122525,3,5.710256387047949
122526,3,6.761999879761437
122527,3,6.193839673305856
122528,3,3.7980377433789463
122529,3,6.006254640501206
122530,3,6.48594909095004
122531,3,5.939629915610513
122532,3,5.166777210746805
122533,3,6.651014384502047
122534,3,5.7490874291141765
122535,3,4.95442681356647
122536,3,5.312975200507516
122537,3,6.084547598224994
122538,3,6.186877327915995
122539,3,6.343850987313657
122540,3,5.850106046122033
122541,3,5.633889379403519
122542,3,5.044699833414545
122543,3,6.0170118196748605
122544,3,5.846553227588551
122545,3,6.076263876561184
122546,3,6.01655957364648
122547,3,4.809095180503505
122548,3,6.13833703008194
122549,3,4.939101894108999
122550,3,6.562305143462315
122551,3,5.914152827055722
122552,3,5.189589932287547
122553,3,6.7439349209415225
122554,3,5.059671515725413
122555,3,6.996163966586634
122556,3,5.1916610872830375
122557,3,5.951578876468757
122558,3,6.491977774920667
122559,3,6.048670983952115
122560,3,6.978424857344399
122561,3,6.203261434788174
122562,3,4.244435091973241
122563,3,6.106134123165473
122564,3,5.837291340568129
122565,3,5.36923788545591
122566,3,5.82442278323495
122567,3,6.066953733559906
122568,3,5.910984089054416
122569,3,5.135687783161495
122570,3,5.0086301484800835
122571,3,6.520806688793124
122572,3,5.8820940573846485
122573,3,5.196424729341883
122574,3,5.924745205810331
122575,3,6.045919599163431
122576,3,5.0044121156624835
122577,3,5.806929061780738
122578,3,6.131267144559647
122579,3,4.907671869363917
122580,3,5.199735895061874
122581,3,4.451027093435732
122582,3,3.134388626383031
122583,3,2.7514134218341186
122584,3,4.2837044747342805
122585,3,5.026486056148497
122586,3,5.2041335915603515
122587,3,5.434341467112386
122588,3,4.510916290683354
122589,3,4.9456508802082055
122590,3,2.9829403620412327
122591,3,2.827505451757758
122592,3,4.336842950053467
122593,3,3.863143743228951
122594,3,3.77584343257866
122595,3,2.846613089397238
122596,3,4.982237065359276
122597,3,3.015943734666855
122598,3,2.9306957647702947
122599,3,2.6390316641788596
122600,3,3.919765179050747
122601,3,2.8820750238585706
122602,3,3.583562012499391
122603,3,4.3960210166649105
122604,3,2.8253505383095097
122605,3,2.9119644649639844
122606,3,3.519758378645134
122607,3,2.8213790598028394
122608,3,4.286375256403321
122609,3,5.062650633205679
122610,3,4.119838175975454
122611,3,3.0693806740824687
122612,3,3.041295282690527
122613,3,2.8235758347276994
122614,3,2.9558766241203847
122615,3,2.737255419595542
122616,3,2.8792230742819673
122617,3,2.9313278335657373
122618,3,3.577783109745909
122619,3,2.876630974612244
122620,3,2.7426566522536193
122621,3,2.891940775935214
122622,3,3.05359412755765
122623,3,2.7697687072601442
122624,3,2.8342846864353506
122625,3,2.746039629989706
122626,3,2.7995799755955812
122627,3,2.9184718058382706
122628,3,3.2641553501504363
122629,3,2.7786110702080107
122630,3,2.6844679752274248
122631,3,2.8282888432614453
122632,3,2.778673285040566
122633,3,2.7769012903621744
122634,3,2.791674568557724
122635,3,2.838990937619707
122636,3,2.748887350763158
122637,3,2.8852435223403523
122638,3,2.952509051442091
122639,3,2.8180954217769494
122640,3,3.056324945235491
122641,3,2.9152222464054525
122642,3,8.474023580815318
122643,3,8.876236164302945
122644,3,9.036693622619286
122645,3,8.48143440807398
122646,3,8.77360688248991
122647,3,9.04887642327777
122648,3,7.78637605552342
122649,3,8.367314885067705
122650,3,8.88494880513937
122651,3,7.57162621950266
122652,3,7.775559723547592
122653,3,8.811608334635256
122654,3,7.514872839982254
122655,3,7.958836535191436
122656,3,7.961580740955088
122657,3,8.802708207900949
122658,3,8.761748621856146
122659,3,8.112589689987823
122660,3,8.42567513370134
122661,3,8.169392390521491
122662,3,8.002425488545752
122663,3,9.17574318434209
122664,3,7.197464854545673
122665,3,7.471990044675115
122666,3,7.898506309270772
122667,3,8.84953196340906
122668,3,7.940427698795844
122669,3,8.646205784019234
122670,3,8.476538906674046
122671,3,8.498743560177532
122672,3,8.325652446874523
122673,3,7.733889553371576
122674,3,7.036552633495611
122675,3,8.965296011263597
122676,3,8.53697094757765
122677,3,8.155810334693292
122678,3,8.575896578425592
122679,3,8.482497833257282
122680,3,8.069660289244206
122681,3,8.46905891175203
122682,3,8.809389172334742
122683,3,8.742369287588652
122684,3,8.607290554508943
122685,3,8.32583241209168
122686,3,7.676111841052238
122687,3,8.055362791412113
122688,3,8.50484644063566
122689,3,8.466305537407829
122690,3,8.647840535363235
122691,3,7.949492209364947
122692,3,8.379846718420353
122693,3,8.524421981440476
122694,3,8.468031190870214
122695,3,9.089367845399266
122696,3,8.33170217818262
122697,3,8.08439631462423
122698,3,8.22366471762024
122699,3,8.73184593632919
122700,3,7.648842572789392
122701,3,8.682044780286777
122702,3,7.7135312497051345
122703,3,8.572750343600363
122704,3,8.426725993433001
122705,3,8.730611028199453
122706,3,8.461250385940641
122707,3,7.215370810296308
122708,3,8.30354277233473
122709,3,8.48105757762419
122710,3,8.783247693728317
122711,3,8.505963576028607
122712,3,7.888402420990884
122713,3,8.232405308261336
122714,3,8.497379176178423
122715,3,8.448073710415507
122716,3,8.290095142166638
122717,3,8.892230173483242
122718,3,7.386971691263745
122719,3,7.846635837441931
122720,3,8.914304122511135
122721,3,8.461107996076862
122722,3,8.549102429313422
122723,3,7.694655068369192
122724,3,8.346967878044143
122725,3,8.04168873596237
122726,3,8.26430177095368
122727,3,7.703900227467342
122728,3,8.43593919430435
122729,3,7.278488197039816
122730,3,8.488930007214647
122731,3,7.471521547141805
122732,3,8.32013767003135
122733,3,8.212099952698381
122734,3,7.8098699178386015
122735,3,8.192608576859545
122736,3,7.935851861871862
122737,3,8.404429901321327
122738,3,7.585207554374485
122739,3,7.907372008902886
122740,3,7.680804279026733
122741,3,8.284826633480986
122742,3,8.558347858081326
122743,3,8.056350589577765
122744,3,7.341915598084444
122745,3,7.848376192070054
122746,3,7.883974551382147
122747,3,8.074884596411776
122748,3,7.778788704509386
122749,3,7.205194290952426
122750,3,8.261879224790881
122751,3,7.553417461620793
122752,3,7.628318467792057
122753,3,7.4063787353465536
122754,3,8.01224597623758
122755,3,7.5102046608488235
122756,3,8.364916584426208
122757,3,7.592197643668249
122758,3,8.315291450297869
122759,3,8.274344635691115
122760,3,7.7639611556620345
122761,3,8.295435818509066
122762,3,7.483432917377959
122763,3,8.840674659346053
122764,3,6.822796161769974
122765,3,8.51420460620528
122766,3,6.818892151351823
122767,3,7.706410317856772
122768,3,7.315109543249659
122769,3,7.585260063496675
122770,3,7.613843911819193
122771,3,6.720562193664171
122772,3,6.9421814983100285
122773,3,7.39936509423022
122774,3,7.143452981473129
122775,3,8.376006563447431
122776,3,7.5304141160196085
122777,3,8.175937950351896
122778,3,7.836553653639203
122779,3,7.914204913132437
122780,3,8.577642269462087
122781,3,6.535375786054658
122782,3,7.7460234624070505
122783,3,7.958488520655543
122784,3,6.992912218929733
122785,3,6.886199385762485
122786,3,7.793593213241136
122787,3,6.607876797755855
122788,3,8.18608684418916
122789,3,8.059003805348436
122790,3,6.911620817221649
122791,3,7.984917737347359
122792,3,6.289680036768576
122793,3,8.94336441977184
122794,3,8.65397953846803
122795,3,8.862185654584996
122796,3,8.877440069089428
122797,3,7.945851705673638
122798,3,5.705668081278961
122799,3,7.409548542313363
122800,3,7.6440243257695135
122801,3,7.456218142317137
122802,3,8.049051734369424
122803,3,5.953011021455345
122804,3,7.648718902569099
122805,3,6.910212450426689
122806,3,6.7832768560813514
122807,3,7.28399958919452
122808,3,7.582736011978529
122809,3,5.4241743383984105
122810,3,7.006407527233493
122811,3,7.547510806431606
122812,3,6.137391038283136
122813,3,7.03741306070928
122814,3,7.827779883636028
122815,3,6.1505531394689426
122816,3,6.4495016236164435
122817,3,5.516845620026588
122818,3,5.8571383708579186
122819,3,3.354232978772552
122820,3,3.368260807394782
122821,3,3.5483600350933835
122822,3,3.2805690924185247
122823,3,6.608249024638916
122824,3,7.068582438494406
122825,3,6.064476212225429
122826,3,6.935578485579753
122827,3,7.164533035894847
122828,3,6.517182525476851
122829,3,6.2171505569313315
122830,3,6.571565216793127
122831,3,7.4712928641416125
122832,3,6.118513888921021
122833,3,6.299493741999218
122834,3,6.295058367454093
122835,3,6.323293574180591
122836,3,6.633146289010913
122837,3,6.364035908399594
122838,3,6.932867850128911
122839,3,6.048216199113454
122840,3,6.388932990318771
122841,3,5.7727768499886025
122842,3,6.641165864420579
122843,3,6.620325957552386
122844,3,6.515240042911455
122845,3,6.22697514217321
122846,3,6.138252359286367
122847,3,6.123310906094104
122848,3,5.63369950036904
122849,3,5.110332903572004
122850,3,5.848618543009685
122851,3,5.522159444190535
122852,3,6.731578721249203
122853,3,6.451048885776245
122854,3,6.4833742971752715
122855,3,5.935000285071191
122856,3,6.327465717143668
122857,3,7.175672443937562
122858,3,6.573817564938464
122859,3,5.885411961519407
122860,3,5.777357273953748
122861,3,6.348441467407192
122862,3,6.23161955255543
122863,3,5.006274739868969
122864,3,5.339075649656576
122865,3,5.339075649656576
122866,3,5.339075649656576
122867,3,2.9268002305542824
122868,3,4.43792777115053
122869,3,2.864972309403799
122870,3,5.054402239235511
122871,3,2.7487982555584964
122872,3,2.9417235703244167
122873,3,4.509631013659553
122874,3,2.783521568024943
122875,3,3.122117870709807
122876,3,2.87281182352155
122877,3,3.5672384216087267
122878,3,3.081379414871269
122879,3,2.9332051354847133
122880,3,2.682137034376
122881,3,2.827864072047971
122882,3,2.9165588083137197
122883,3,2.585990071742671
122884,3,2.9088790795374444
122885,3,2.767932083362695
122886,3,2.6715697843607096
122887,3,3.0049943044246814
122888,3,2.88633862896299
122889,3,3.007345374824078
122890,3,2.8081274587752065
122891,3,2.831212685096381
122892,3,2.748162843933706
122893,3,2.7453850364623484
122894,3,3.237247359864611
122895,3,2.9605767410632002
122896,3,2.845860213788687
122897,3,2.9876416003126254
122898,3,3.437711604581714
122899,3,2.8545938618525413
122900,3,8.617538310548527
122901,3,9.50111897243771
122902,3,8.919172751675843
122903,3,8.821182996164945
122904,3,8.69285129477492
122905,3,9.218525233063083
122906,3,8.481518084712258
122907,3,8.86551996439379
122908,3,8.626431182009352
122909,3,8.907455535247275
122910,3,9.388626090367877
122911,3,9.10263788070362
122912,3,9.646053440832361
122913,3,9.036413189492665
122914,3,9.693135542312906
122915,3,8.92750765477739
122916,3,8.496140554135636
122917,3,8.476870257148846
122918,3,9.084503602053218
122919,3,8.976299546681604
122920,3,9.590670630029631
122921,3,9.434511543721483
122922,3,9.274187008147633
122923,3,8.655030871610993
122924,3,9.252653149061654
122925,3,8.384884441264832
122926,3,8.7440045417429
122927,3,9.08059643698535
122928,3,9.48863238761573
122929,3,9.259705379327048
122930,3,9.141792073081469
122931,3,8.991131764176899
122932,3,8.834881205590815
122933,3,8.134682503314082
122934,3,8.976626420913632
122935,3,9.557897394484353
122936,3,9.532462815575943
122937,3,8.97429931672803
122938,3,9.237589578523217
122939,3,8.622120369573581
122940,3,9.52680038829645
122941,3,9.008922326778897
122942,3,8.900357133401364
122943,3,8.469829857008552
122944,3,9.341630637662151
122945,3,9.308971668986564
122946,3,9.147191528518297
122947,3,9.274490576189812
122948,3,8.980832578371697
122949,3,9.257953540039903
122950,3,8.630852361243313
122951,3,8.910498782031258
122952,3,9.105365107851014
122953,3,9.465912080156626
122954,3,9.298196092669723
122955,3,9.104565722556643
122956,3,9.36695087305899
122957,3,9.169749567799151
122958,3,9.405047566504532
122959,3,8.812020619623464
122960,3,9.174648657155302
122961,3,8.98938518799666
122962,3,9.415716069072827
122963,3,8.749396784808013
122964,3,8.441881129286015
122965,3,9.085743548324402
122966,3,9.192193716839254
122967,3,8.761946561891147
122968,3,6.92535431709448
122969,3,8.461887058244509
122970,3,8.357673192007294
122971,3,9.381562259541969
122972,3,9.417985122636502
122973,3,9.184063122250278
122974,3,9.300809852571453
122975,3,9.526575639296976
122976,3,8.993154402874023
122977,3,9.478750272489858
122978,3,8.748125020968804
122979,3,9.451249469869753
122980,3,9.529773363600764
122981,3,9.444940536463605
122982,3,9.514553411597662
122983,3,9.255869778004469
122984,3,8.775441809585406
122985,3,8.80758049167183
122986,3,9.251053343321344
122987,3,9.047285897551841
122988,3,9.18046740659916
122989,3,9.416802142887034
122990,3,9.126996656410203
122991,3,8.65581736427798
122992,3,8.76423958843733
122993,3,9.063361460358724
122994,3,9.353582730377271
122995,3,9.284805430229417
122996,3,9.079918951212694
122997,3,9.173258593069342
122998,3,9.216338877939613
122999,3,8.676572699852006
123000,3,8.707309620819537
123001,3,8.088136517636093
123002,3,8.905881395179199
123003,3,9.24626433181069
123004,3,9.24098114771614
123005,3,9.518980713447078
123006,3,8.905361552190358
123007,3,9.237879879848872
123008,3,9.410677334777837
123009,3,9.493291110148617
123010,3,9.18634534006254
123011,3,9.600787107340638
123012,3,9.626539198195733
123013,3,9.347104473529427
123014,3,9.486671703865841
123015,3,9.42812719598398
123016,3,8.88318122883651
123017,3,8.570811727801637
123018,3,9.342819744588047
123019,3,9.557281844362201
123020,3,8.846947023499768
123021,3,9.396283555520752
123022,3,9.183910285823563
123023,3,9.18265483858635
123024,3,9.313023526870023
123025,3,9.503018121661059
123026,3,9.191085158507383
123027,3,9.208332597228049
123028,3,9.541480953232526
123029,3,8.975901797088357
123030,3,8.780848660776822
123031,3,9.450522108290597
123032,3,9.31304988365895
123033,3,9.44252817085404
123034,3,9.259460576562345
123035,3,9.3176300340644
123036,3,9.208722982532418
123037,3,9.113182976327641
123038,3,9.113182976327641
123039,3,9.182861016043189
123040,3,9.167910400890586
123041,3,8.473186141779083
123042,3,9.172451822056523
123043,3,8.723610824351338
123044,3,9.275750043506747
123045,3,8.047822873159689
123046,3,9.459958706523793
123047,3,9.34877928144929
123048,3,9.491807008327848
123049,3,9.16685865801988
123050,3,9.116418151026112
123051,3,8.983156100157935
123052,3,8.983156100157935
123053,3,9.4026403327865
123054,3,9.05690464051321
123055,3,9.353994373922335
123056,3,9.015747175886222
123057,3,8.704367246001867
123058,3,9.02393678188642
123059,3,9.201161617805024
123060,3,9.039959291481466
123061,3,9.54884913805492
123062,3,8.566314008246312
123063,3,8.954633936329895
123064,3,8.411409536603784
123065,3,8.92867644137249
123066,3,8.0826635386343
123067,3,8.97504494379697
123068,3,9.19509046346531
123069,3,9.344702827330945
123070,3,8.729215979686199
123071,3,9.04882108630649
123072,3,9.025598624736606
123073,3,9.115903626335925
123074,3,8.953767942007955
123075,3,9.294038727943564
123076,3,8.754452868984341
123077,3,8.754452868984341
123078,3,8.755018316624682
123079,3,8.3506200787622
123080,3,8.447968474035116
123081,3,9.192743924474108
123082,3,5.963221113499149
123083,3,8.814954508324512
123084,3,9.150164934670816
123085,3,9.02181617729953
123086,3,9.354738226459741
123087,3,9.156174911562061
123088,3,8.948168738069096
123089,3,9.277694158779289
123090,3,9.125511334676148
123091,3,8.730457309925683
123092,3,9.169498660572806
123093,3,9.15165231387631
123094,3,8.898451772297806
123095,3,9.402815229458508
123096,3,8.829322627225842
123097,3,9.085845926795226
123098,3,8.91671034834242
123099,3,9.01541738368782
123100,3,9.17206991877118
123101,3,8.850437836649462
123102,3,9.444277318754613
123103,3,9.14515246514082
123104,3,8.93255176934915
123105,3,9.151876965143778
123106,3,8.974668656340274
123107,3,8.973724454304687
123108,3,8.890712102805441
123109,3,9.32562974598169
123110,3,9.493884481933021
123111,3,8.677967809529536
123112,3,9.36159566787223
123113,3,9.243868642469454
123114,3,8.934232951672334
123115,3,8.893059142134327
123116,3,8.737309233906734
123117,3,9.009802201421776
123118,3,9.063779021592353
123119,3,9.129594782873166
123120,3,8.829174331060823
123121,3,7.917667899955578
123122,3,9.090699846306276
123123,3,8.686365929566518
123124,3,9.306853096996615
123125,3,9.287325371346785
123126,3,8.711417676252086
123127,3,8.601792317101921
123128,3,8.478502705897869
123129,3,8.599695387759168
123130,3,9.140192476506972
123131,3,7.552187732526287
123132,3,9.33967086518585
123133,3,9.216960035632727
123134,3,9.35570413013199
123135,3,9.183668636157357
123136,3,8.859319416494207
123137,3,9.091270878595312
123138,3,9.229609557393953
123139,3,9.388812904932646
123140,3,8.249220887467231
123141,3,8.661305878148337
123142,3,9.171014637948126
123143,3,8.17566201200388
123144,3,9.225147877450382
123145,3,8.925283288439598
123146,3,8.876081857284603
123147,3,9.400781604022498
123148,3,9.47311136971775
123149,3,8.896288598694115
123150,3,9.020075365312191
123151,3,8.855120981101242
123152,3,9.157137433407328
123153,3,9.183730296861313
123154,3,8.896006592492002
123155,3,7.748804786153617
123156,3,9.0319915764566
123157,3,8.434871402046767
123158,3,9.330605410730124
123159,3,9.043185012516375
123160,3,8.942512165279451
123161,3,8.818409322294098
123162,3,8.833161530663457
123163,3,8.972469690266456
123164,3,9.038737346172502
123165,3,8.708787995818927
123166,3,8.131725445856905
123167,3,8.50241590984682
123168,3,9.219847518216426
123169,3,8.60748507227656
123170,3,8.38233088852716
123171,3,8.733130917362452
123172,3,7.005114909928079
123173,3,8.295866766641383
123174,3,8.927828465924442
123175,3,8.758495209435653
123176,3,7.044295291895367
123177,3,9.384509148772167
123178,3,8.57435384961046
123179,3,8.411770021754403
123180,3,7.8066400995007665
123181,3,9.290348108047064
123182,3,8.682182325794226
123183,3,8.63604926063441
123184,3,8.912642064166006
123185,3,8.789362901523399
123186,3,8.678412694494273
123187,3,8.975659319834245
123188,3,8.477821030184394
123189,3,9.144652206363714
123190,3,8.592121727052843
123191,3,8.811027460997554
123192,3,9.04721359477892
123193,3,9.399302150853678
123194,3,8.918565375939728
123195,3,9.30138302821759
123196,3,8.958494258635545
123197,3,8.67356978651057
123198,3,8.5192890535361
123199,3,9.0313205323602
123200,3,8.115127214653091
123201,3,6.795644339302939
123202,3,9.0160550064378
123203,3,8.200216416028868
123204,3,8.799096912844536
123205,3,8.4329077347018
123206,3,9.069529744281946
123207,3,8.717973717934159
123208,3,9.113703851815645
123209,3,8.72947900742562
123210,3,9.32276615646208
123211,3,9.523720324661625
123212,3,8.775173957499886
123213,3,9.179630667643167
123214,3,8.85556010731733
123215,3,8.126939377891784
123216,3,8.537092678658517
123217,3,6.919827058774605
123218,3,8.155738536756298
123219,3,8.651940410713143
123220,3,8.16551938794209
123221,3,9.265000374021847
123222,3,7.877938157695455
123223,3,8.24468338634551
123224,3,8.935340878712047
123225,3,8.728954771647176
123226,3,7.736854892908282
123227,3,6.48714131071234
123228,3,8.709266385549085
123229,3,7.0496534077504815
123230,3,8.057348498822403
123231,3,9.032933986516822
123232,3,7.2505804656418835
123233,3,6.6650190553362165
123234,3,8.754611665491524
123235,3,8.350476902481223
123236,3,7.111509206456232
123237,3,5.653175536689473
123238,3,8.147201805457806
123239,3,8.612027466174906
123240,3,7.673696056929234
123241,3,9.230812155175919
123242,3,8.532078201668957
123243,3,6.602948274101768
123244,3,9.181858292748009
123245,3,8.636265785163417
123246,3,5.812232477957077
123247,3,8.097823511916175
123248,3,8.253955645110825
123249,3,7.4148339764576665
123250,3,8.168705803904514
123251,3,7.467295774053531
123252,3,5.4148205966432865
123253,3,8.216265271843294
123254,3,8.120751277015787
123255,3,7.726922723316884
123256,3,8.10473187343707
123257,3,6.750296623523455
123258,3,3.049897616471977
123259,3,3.6076061071505308
123260,3,3.172691595502981
123261,3,3.2000561159645917
123262,3,8.353944846390409
123263,3,6.723757261935511
123264,3,8.337998730086918
123265,3,8.84595657097329
123266,3,8.71664064197841
123267,3,8.224666271104203
123268,3,7.688614854447299
123269,3,8.571356700560512
123270,3,8.235553210255878
123271,3,8.17364969866133
123272,3,8.226116933784603
123273,3,8.584204238686828
123274,3,8.704404210465082
123275,3,8.74598161559139
123276,3,8.763568275180592
123277,3,6.580615576458913
123278,3,8.651032040839567
123279,3,8.014287555598212
123280,3,7.284658287867309
123281,3,7.969651639020476
123282,3,8.83261512607489
123283,3,8.20826844454001
123284,3,8.10941145239689
123285,3,8.10941145239689
123286,3,6.880226448274535
123287,3,7.61744831523705
123288,3,8.322827475268568
123289,3,8.548313125105391
123290,3,8.566414208104613
123291,3,8.69590107907658
123292,3,8.10964174658248
123293,3,8.119892924895947
123294,3,8.381944166856602
123295,3,8.263321781396689
123296,3,7.4263685004360855
123297,3,7.7827178549056315
123298,3,8.335723638713096
123299,3,8.629986178411743
123300,3,8.036162801655816
123301,3,8.519476431600806
123302,3,8.289228236499671
123303,3,7.72113591635009
123304,3,7.986982371337568
123305,3,7.914706227960293
123306,3,8.361576852232828
123307,3,7.638934677266684
123308,3,7.638934677266684
123309,3,8.129538410966834
123310,3,7.491180056667466
123311,3,8.466382216268098
123312,3,7.114022638288364
123313,3,8.59064006390801
123314,3,8.59655826372949
123315,3,8.04084057537401
123316,3,7.142333159911084
123317,3,8.676307562042894
123318,3,7.453439688445824
123319,3,7.91270068459237
123320,3,6.684480961022112
123321,3,8.298562348938521
123322,3,8.308164202975176
123323,3,7.6634532601976675
123324,3,7.247784831980185
123325,3,7.724832769840484
123326,3,8.34058406650772
123327,3,8.5151071277544
123328,3,8.296740267917647
123329,3,6.703594134679065
123330,3,7.485558618588804
123331,3,7.909717182739332
123332,3,8.157330470332363
123333,3,7.135722859354485
123334,3,7.861869619803022
123335,3,7.219941409431453
123336,3,7.642050059183923
123337,3,7.580986555337663
123338,3,7.526970524457402
123339,3,7.939118854420148
123340,3,8.298917296172416
123341,3,6.875896529439133
123342,3,7.653568302991919
123343,3,8.584628992782308
123344,3,7.316368143687023
123345,3,8.13410630478259
123346,3,7.466316786803336
123347,3,7.45888336629354
123348,3,8.429909979314626
123349,3,7.569482432691352
123350,3,7.890610167314286
123351,3,8.657624752428775
123352,3,6.505101757803937
123353,3,7.962786694126995
123354,3,6.433118696434262
123355,3,7.734056739911329
123356,3,7.893305020012539
123357,3,7.72686600050886
123358,3,8.162612407693288
123359,3,7.587452578886361
123360,3,7.76063638349228
123361,3,8.420279490539523
123362,3,7.31175780055652
123363,3,6.285146708588036
123364,3,6.843925734229894
123365,3,7.576963182549818
123366,3,7.590027188826181
123367,3,7.512163288585315
123368,3,7.556521825197332
123369,3,6.5308726806194874
123370,3,7.14267143945501
123371,3,7.997640178891194
123372,3,7.7900393339732865
123373,3,6.772800393225047
123374,3,7.612922120318068
123375,3,7.206497511275512
123376,3,5.433274997046288
123377,3,7.3356508525663555
123378,3,7.669283689119583
123379,3,6.466468330177456
123380,3,6.226808805288664
123381,3,7.437078923960721
123382,3,8.53430564850836
123383,3,6.467048844125567
123384,3,5.627561300910771
123385,3,8.326382706228465
123386,3,7.784545088483704
123387,3,8.153621924450507
123388,3,6.482294841260474
123389,3,6.806444750405083
123390,3,6.370632180698176
123391,3,7.506677472445015
123392,3,5.979895403911359
123393,3,7.747227681470772
123394,3,5.915803692603117
123395,3,7.688613406782301
123396,3,8.009517005665916
123397,3,8.12540309656469
123398,3,7.451390219216407
123399,3,6.770214697717345
123400,3,6.217578392108109
123401,3,7.841350213702273
123402,3,5.305254866791796
123403,3,6.238634660817035
123404,3,7.413992601983988
123405,3,5.582969530335422
123406,3,7.170293892947982
123407,3,7.9826799822182535
123408,3,7.053309571344187
123409,3,6.823692346963367
123410,3,4.892151362372464
123411,3,7.77740551860666
123412,3,7.140453275020572
123413,3,7.802478478191773
123414,3,6.268403771683559
123415,3,6.2874797738136365
123416,3,6.503798153440824
123417,3,6.155300200965017
123418,3,6.422913740233473
123419,3,5.082445559035146
123420,3,5.411310240475824
123421,3,5.1530310502561605
123422,3,3.6016581963756638
123423,3,3.8226717662555774
123424,3,3.9017814034642564
123425,3,3.3635794604267257
123426,3,3.415365422378567
123427,3,5.382485032702109
123428,3,4.04060164145293
123429,3,3.5994648071994773
123430,3,3.3957463736556517
123431,3,3.513064159781694
123432,3,3.365884056178194
123433,3,3.2120039105993783
123434,3,3.1580140692023484
123435,3,2.7259335582138777
123436,3,3.046116902369359
123437,3,3.124116988301365
123438,3,3.5757457366213945
123439,3,8.949121521064125
123440,3,9.162655586161854
123441,3,8.588681540921351
123442,3,8.668029640707303
123443,3,8.685528913253968
123444,3,8.910092004015222
123445,3,7.675453479715943
123446,3,8.740377714532134
123447,3,8.299627688321737
123448,3,7.665410805646073
123449,3,8.461556002324517
123450,3,7.900765637889413
123451,3,8.13996221452818
123452,3,7.951140214339861
123453,3,8.734155564607592
123454,3,8.403412511129021
123455,3,9.002212594047252
123456,3,7.257900242655571
123457,3,8.426109352969348
123458,3,8.97268657032291
123459,3,9.01992385545286
123460,3,7.943717010872978
123461,3,8.875123252369802
123462,3,7.728461743094231
123463,3,8.249809778983689
123464,3,7.939382798854796
123465,3,9.245749411248232
123466,3,7.937767821719004
123467,3,8.947826020813421
123468,3,8.56999406836245
123469,3,7.761943034791748
123470,3,8.410392281495934
123471,3,7.78988162863339
123472,3,7.7216789407277595
123473,3,8.563744039462513
123474,3,8.462868344987669
123475,3,8.408201193243476
123476,3,8.096054351396354
123477,3,8.868156409319155
123478,3,7.486482264391314
123479,3,8.247972878863983
123480,3,7.963961403999407
123481,3,8.127426882005777
123482,3,8.219854387502854
123483,3,8.161067063953263
123484,3,8.822374564444264
123485,3,7.743503787586977
123486,3,8.206495743150743
123487,3,8.011945757039092
123488,3,9.312438791263228
123489,3,8.339933015532099
123490,3,8.471508769249446
123491,3,8.7176196661633
123492,3,7.924318180147962
123493,3,7.924318180147962
123494,3,8.652046378198708
123495,3,7.360647193835598
123496,3,8.305126761499917
123497,3,7.9455476439730655
123498,3,8.831234482926742
123499,3,7.058646653562772
123500,3,7.5542746073714
123501,3,8.697834675509798
123502,3,8.19674981053822
123503,3,8.420762547016164
123504,3,7.642004218806226
123505,3,7.88527079009637
123506,3,8.127743709476904
123507,3,7.167924189972232
123508,3,7.5151129925566345
123509,3,7.959553744055456
123510,3,8.505658658507873
123511,3,7.462665589188975
123512,3,7.476835988070144
123513,3,8.113868722360438
123514,3,8.228061481822248
123515,3,8.105152566763312
123516,3,8.286446141659617
123517,3,8.85891177374972
123518,3,7.552715923003398
123519,3,8.58082397056287
123520,3,7.441456500365816
123521,3,8.45819530473897
123522,3,7.850653567392684
123523,3,7.8345575764678665
123524,3,9.34638879935591
123525,3,7.772226400369271
123526,3,7.125736967745655
123527,3,7.8813646372424575
123528,3,8.269003666458001
123529,3,7.710059582879722
123530,3,7.278809515845367
123531,3,5.6938277344092025
123532,3,8.627147987730238
123533,3,6.935430435218961
123534,3,6.96441282457353
123535,3,6.914718414971628
123536,3,7.584351509800078
123537,3,8.56507784077359
123538,3,7.89667011186889
123539,3,6.409228906787304
123540,3,8.22269748618545
123541,3,8.427617764062477
123542,3,6.624800099547847
123543,3,8.06703213547425
123544,3,7.963192503525508
123545,3,8.093610112564512
123546,3,8.386845082901209
123547,3,7.698583538814619
123548,3,8.489059996623924
123549,3,6.886579722809173
123550,3,7.834044682313543
123551,3,8.108181636780051
123552,3,8.10413010662018
123553,3,6.857392623793754
123554,3,7.485648552153167
123555,3,7.330796119839126
123556,3,7.765703763497189
123557,3,7.4339158335180295
123558,3,7.143877908520307
123559,3,7.01869338733992
123560,3,7.635353726249321
123561,3,7.944945624766823
123562,3,6.8087563646484455
123563,3,7.019774850673992
123564,3,7.839617997873026
123565,3,8.535430902525963
123566,3,7.035410194561881
123567,3,7.516651179237245
123568,3,7.99759714998245
123569,3,7.015022065482614
123570,3,6.348897122057777
123571,3,6.247285302914892
123572,3,7.0689905603823275
123573,3,7.951149778647284
123574,3,7.130609271117
123575,3,7.111954473407102
123576,3,7.949821978699998
123577,3,7.446043354900029
123578,3,7.26965121707728
123579,3,7.263880029136375
123580,3,7.651265340471821
123581,3,8.043995175427337
123582,3,5.683723166610183
123583,3,6.771311876926143
123584,3,7.044377663020661
123585,3,7.869804467137768
123586,3,7.6551721931863606
123587,3,6.6993218551799325
123588,3,8.25022533384993
123589,3,6.73248731305995
123590,3,7.441954558135327
123591,3,6.994334428321266
123592,3,6.934211714988012
123593,3,7.844906232016379
123594,3,6.471238134762098
123595,3,3.8464300172288084
123596,3,4.790898117723682
123597,3,5.59200092221712
123598,3,3.4835239894846644
123599,3,3.3424051646766904
123600,3,6.49483976604753
123601,3,4.956126138237138
123602,3,6.10872384612598
123603,3,6.114151204380043
123604,3,6.721394947017105
123605,3,7.964968781814647
123606,3,6.3061369747501095
123607,3,7.153436996463556
123608,3,7.655116139469303
123609,3,6.486286952174416
123610,3,5.728650237771735
123611,3,7.138570858466326
123612,3,6.785493389911887
123613,3,5.944611515292682
123614,3,7.210337042374945
123615,3,6.997553164503332
123616,3,6.233266088858849
123617,3,6.247922309453054
123618,3,7.351668106779425
123619,3,6.5825126180785425
123620,3,6.711661059858374
123621,3,5.555726861650475
123622,3,6.4389093464552465
123623,3,6.057013708498312
123624,3,7.132691305629965
123625,3,7.716861800863236
123626,3,6.843576966537266
123627,3,7.0006074703181005
123628,3,6.788041238451363
123629,3,6.072498428186686
123630,3,5.952664220925653
123631,3,6.2205952689469814
123632,3,5.134171708785607
123633,3,6.675169014346952
123634,3,6.235112915133499
123635,3,6.503397605499785
123636,3,6.562304607735371
123637,3,6.672528975054895
123638,3,6.527231028842918
123639,3,6.344931160773766
123640,3,6.454012372682328
123641,3,7.550103796172328
123642,3,6.215254553169222
123643,3,5.120905463923754
123644,3,6.259033175919834
123645,3,6.135273054857559
123646,3,6.114636709495283
123647,3,5.23576811293226
123648,3,6.005522535140013
123649,3,6.884594323887766
123650,3,6.028581249039098
123651,3,6.959640007925228
123652,3,7.368543672554437
123653,3,6.455240170269267
123654,3,6.038253897719539
123655,3,6.301748550734542
123656,3,6.471345156312413
123657,3,6.934442281745901
123658,3,6.556011391004146
123659,3,6.555936716197776
123660,3,4.449814812685508
123661,3,5.161580046555426
123662,3,6.3521060698336855
123663,3,6.636712297957116
123664,3,5.844892163742246
123665,3,6.575468496611129
123666,3,6.280568577220608
123667,3,5.14643400417438
123668,3,5.389135243195312
123669,3,6.301776492869371
123670,3,6.2076059525157685
123671,3,5.586712594563119
123672,3,6.215821336693005
123673,3,4.20805431849676
123674,3,5.095132489700032
123675,3,6.059340883911342
123676,3,4.960258144206045
123677,3,6.292305088100456
123678,3,6.656157826717974
123679,3,5.953409590712706
123680,3,6.015900431422322
123681,3,6.3513923366530385
123682,3,6.192642763241799
123683,3,5.671823932986855
123684,3,6.190349260357279
123685,3,6.360837308779677
123686,3,6.285243467406214
123687,3,6.048557132908935
123688,3,6.348228505307155
123689,3,6.367689583219659
123690,3,5.426789761052302
123691,3,5.111850613493268
123692,3,5.957661097536898
123693,3,5.055836763340547
123694,3,5.402786921313769
123695,3,5.765360140266366
123696,3,5.691766481263777
123697,3,4.46046198557067
123698,3,5.486351996849902
123699,3,5.009986079335268
123700,3,6.419419855054055
123701,3,4.899404848391438
123702,3,5.430630391930516
123703,3,5.135789425343938
123704,3,5.608388425261394
123705,3,3.7267902164500164
123706,3,5.852683976568172
123707,3,6.112465989433944
123708,3,5.99851061957839
123709,3,4.757814312097946
123710,3,3.5475427963554176
123711,3,5.13288464154604
123712,3,5.434599772740226
123713,3,5.175739028679054
123714,3,6.012238590253528
123715,3,7.045073680254776
123716,3,6.403979478602512
123717,3,6.0404674647182635
123718,3,6.2669387754832835
123719,3,4.376916374203827
123720,3,5.0861435797817744
123721,3,5.4477967545220825
123722,3,5.146404278285715
123723,3,6.328072784145472
123724,3,5.733415760862142
123725,3,5.568423457666109
123726,3,5.010843280988553
123727,3,4.876354355302145
123728,3,6.200586478787662
123729,3,6.051244318350353
123730,3,5.580001128502146
123731,3,6.370301656540668
123732,3,5.1561723020726875
123733,3,5.0931653965612185
123734,3,6.244877583331123
123735,3,4.9804124651522415
123736,3,5.112987675305063
123737,3,4.9118011816277845
123738,3,5.209139828700885
123739,3,4.301694769310297
123740,3,5.533354302580675
123741,3,6.5699405856556
123742,3,6.056892623316105
123743,3,4.224065919493766
123744,3,6.300344268969553
123745,3,5.0549809631566
123746,3,6.047975128151176
123747,3,6.203740513225721
123748,3,6.407788786649793
123749,3,6.12778324616108
123750,3,5.072587122073286
123751,3,4.85830255398696
123752,3,4.730650472560443
123753,3,5.156623867924429
123754,3,5.049601783628518
123755,3,4.9190134071128915
123756,3,5.163938422896974
123757,3,4.650810987573211
123758,3,5.858918758817441
123759,3,5.509283167478337
123760,3,4.61656961062736
123761,3,4.888480859051402
123762,3,5.026049941847598
123763,3,4.779196639103338
123764,3,4.768272092846732
123765,3,4.8513880579250035
123766,3,2.829207786171031
123767,3,3.7782082658012546
123768,3,4.51090982108734
123769,3,4.965604603260522
123770,3,3.9833519207770385
123771,3,4.405017767630621
123772,3,4.317245405413663
123773,3,4.8975843483203185
123774,3,4.603358316619639
123775,3,4.170649527987225
123776,3,2.6494231113287228
123777,3,4.929750498524172
123778,3,2.8667570716013357
123779,3,4.603173339571585
123780,3,2.700519364783426
123781,3,3.778133113270706
123782,3,4.671214189879349
123783,3,2.7349898623644218
123784,3,2.7822302037232918
123785,3,4.575837204754272
123786,3,4.191360346346434
123787,3,5.2229866362288435
123788,3,2.5763689698193843
123789,3,4.115784272143851
123790,3,4.8872251292387645
123791,3,4.011450245968369
123792,3,3.3973254140486353
123793,3,3.949100050937246
123794,3,3.7173116083079134
123795,3,4.222075100119021
123796,3,2.8301693763955704
123797,3,2.7886018138883353
123798,3,2.5822421437902054
123799,3,3.7422601207771065
123800,3,4.573400384761783
123801,3,5.29419861466471
123802,3,4.323449119460943
123803,3,4.143824477549547
123804,3,4.143824477549547
123805,3,4.143824477549547
123806,3,2.7152024284618625
123807,3,3.259099437049507
123808,3,2.5276711992991734
123809,3,4.6643521610688286
123810,3,2.8485005762091693
123811,3,4.113181549121612
123812,3,5.029406502060276
123813,3,2.467914564291789
123814,3,4.3484408253144675
123815,3,2.6859163399826906
123816,3,2.7404894916668523
123817,3,3.392777088073002
123818,3,3.811389240285278
123819,3,2.6515120591137125
123820,3,3.3007181468645195
123821,3,2.7269833748789734
123822,3,4.085430729017707
123823,3,2.723385218912905
123824,3,2.7420589932111263
123825,3,2.715725579055246
123826,3,2.7497216021244832
123827,3,2.6776415343237963
123828,3,2.5558663335573923
123829,3,2.5002339583191953
123830,3,2.3614478294318317
123831,3,2.649891232254931
123832,3,2.582138838116637
123833,3,2.538228536969661
123834,3,2.711505661096558
123835,3,2.817403227067957
123836,3,3.1125577906055195
123837,3,2.7273050123132023
123838,3,2.565581887560607
123839,3,2.681480078226505
123840,3,2.55460934894338
123841,3,2.3463807384903346
123842,3,3.2524208622538917
123843,3,2.702055346776145
123844,3,2.7152620827800638
123845,3,2.4950316790470843
123846,3,3.003458912484188
123847,3,2.4781969679294527
123848,3,2.8321757379293513
123849,3,2.77774522461101
123850,3,2.9781791052552147
123851,3,2.797455110750517
123852,3,2.6795690382340593
123853,3,2.5187625077723244
123854,3,2.636765727190694
123855,3,2.536027390962878
123856,3,2.723821207034712
123857,3,2.7430259302868363
123858,3,2.7430259302868363
123859,3,2.7430259302868363
123860,3,2.237937200668026
123861,3,2.5742785470863456
123862,3,2.9367254578848936
123863,3,2.4967029610484905
123864,3,2.6111524243369066
123865,3,2.5581622527217123
123866,3,2.824508449245788
123867,3,8.693329687351653
123868,3,9.136383172083573
123869,3,7.36685154363981
123870,3,8.161008511522919
123871,3,8.21360227198748
123872,3,9.256764951127145
123873,3,9.022921205013086
123874,3,8.446850234599625
123875,3,8.649623096440783
123876,3,8.304742144692032
123877,3,7.768221522710858
123878,3,8.132020650891992
123879,3,9.240541448860618
123880,3,8.727719396668714
123881,3,8.148419812316737
123882,3,8.034156862346064
123883,3,9.256061946306696
123884,3,8.807997648116572
123885,3,8.591354993081314
123886,3,9.072865704998437
123887,3,8.697304209303375
123888,3,9.221086440945577
123889,3,8.175029954817688
123890,3,7.465217609280546
123891,3,8.378808754088144
123892,3,8.341169186240013
123893,3,8.42337402723022
123894,3,8.410356539255204
123895,3,9.106660767378045
123896,3,9.3056054919831
123897,3,8.73626722413565
123898,3,7.705828770834962
123899,3,9.074365662732749
123900,3,8.62699996775812
123901,3,8.119131025211779
123902,3,9.279985640526055
123903,3,8.919472697407532
123904,3,8.978751807320767
123905,3,9.316398972947413
123906,3,8.667975427973198
123907,3,8.667975427973198
123908,3,9.039392052933776
123909,3,8.425208272398228
123910,3,9.06889865348221
123911,3,8.773268958709853
123912,3,9.357893349407108
123913,3,9.257130976196054
123914,3,9.314508828135649
123915,3,9.090413778978098
123916,3,8.391087584102138
123917,3,9.2425122336922
123918,3,8.770366783495039
123919,3,8.914876855056088
123920,3,9.148391815791445
123921,3,8.131703147222543
123922,3,8.911610912522361
123923,3,9.187252670046147
123924,3,7.955935403400343
123925,3,8.59075906511325
123926,3,8.770701901662136
123927,3,9.251686435498549
123928,3,9.03304031986008
123929,3,8.47821458109591
123930,3,8.511067579741397
123931,3,7.908155605601594
123932,3,8.659002258383195
123933,3,9.161892674661352
123934,3,8.689470230533868
123935,3,8.89520070283585
123936,3,8.867308989362332
123937,3,8.468409926874042
123938,3,8.913290174335128
123939,3,8.142948486527501
123940,3,7.810227226710463
123941,3,9.139098739128453
123942,3,8.713477580749778
123943,3,8.31888288500804
123944,3,8.771051633364712
123945,3,9.059361587405942
123946,3,9.09686114575235
123947,3,8.987370140131903
123948,3,8.389936068440067
123949,3,8.234282898401611
123950,3,8.462736175911022
123951,3,8.353547262783714
123952,3,9.189517658420638
123953,3,9.286761090894379
123954,3,9.063404727801483
123955,3,9.029584996295457
123956,3,8.878167977488298
123957,3,8.329623599906409
123958,3,8.886286886273474
123959,3,9.118972454115255
123960,3,9.094566264792654
123961,3,8.96153554228745
123962,3,8.734079535682055
123963,3,8.136250316259956
123964,3,7.791902614070359
123965,3,8.168715583519695
123966,3,8.63813652574786
123967,3,9.206614636252823
123968,3,8.440068823862056
123969,3,8.411258814899027
123970,3,8.651625075500261
123971,3,8.12102073764758
123972,3,8.72761918579241
123973,3,8.661174387617283
123974,3,7.624895703778459
123975,3,9.093994546390206
123976,3,9.000703236199527
123977,3,8.548927937618405
123978,3,8.598629258295315
123979,3,8.669481898671846
123980,3,8.147752167728028
123981,3,7.792014958932395
123982,3,9.230750946236812
123983,3,8.971090980874227
123984,3,9.096298988576104
123985,3,9.318289244618633
123986,3,8.851870119411233
123987,3,9.091652708085887
123988,3,8.017819940792661
123989,3,8.050250324636002
123990,3,9.097020976492127
123991,3,9.113425551034496
123992,3,8.148314311028395
123993,3,9.000391624596716
123994,3,8.492749430427304
123995,3,8.639970597991962
123996,3,9.077777612924171
123997,3,9.013864819709
123998,3,9.21616104804802
123999,3,8.62020832050799
124000,3,8.721746252027781
124001,3,8.931895492392101
124002,3,9.059603764936085
124003,3,8.732794415075691
124004,3,8.295248729545277
124005,3,8.636205023396563
124006,3,8.62110823041649
124007,3,8.563453625592194
124008,3,8.36849989139606
124009,3,8.046739368522607
124010,3,8.91038360809036
124011,3,8.823035016621679
124012,3,8.657194447617716
124013,3,7.958927671055318
124014,3,8.932240261102237
124015,3,8.92573942865858
124016,3,9.063840739012525
124017,3,6.776720807623136
124018,3,8.60069871989452
124019,3,8.686740897383723
124020,3,9.103410791747777
124021,3,9.147743678528192
124022,3,7.705835145437618
124023,3,8.380918681649346
124024,3,8.862527843834643
124025,3,7.768848657648347
124026,3,7.279083491833663
124027,3,8.514981205356445
124028,3,8.3527042904729
124029,3,8.986039646630537
124030,3,7.801301676885005
124031,3,7.953360123267839
124032,3,9.069342698029095
124033,3,8.163318014075356
124034,3,8.365055636969927
124035,3,9.09291150882654
124036,3,8.919333964067873
124037,3,8.943831234831405
124038,3,8.937322786166213
124039,3,8.82705044754969
124040,3,8.835431131360622
124041,3,9.08861704119708
124042,3,8.408516091894636
124043,3,8.431957699231003
124044,3,9.098079462171164
124045,3,7.987153915067379
124046,3,8.593304491938422
124047,3,8.711063601224037
124048,3,8.419238354630524
124049,3,8.7256841780043
124050,3,8.695091963426004
124051,3,9.174536509276127
124052,3,8.693550701624659
124053,3,8.05881837237483
124054,3,8.806962529271662
124055,3,8.933854346919151
124056,3,8.754938621353766
124057,3,8.776354666535006
124058,3,8.91655278414784
124059,3,8.379133809179072
124060,3,8.610942256631196
124061,3,9.104107263899476
124062,3,8.53076842223191
124063,3,8.737104833782961
124064,3,7.842259682194285
124065,3,8.709346216610832
124066,3,8.823366958298882
124067,3,8.545583261382326
124068,3,9.150301374514703
124069,3,8.71309395568623
124070,3,9.186250720990072
124071,3,8.343543932610574
124072,3,8.00600546883523
124073,3,8.60347575019538
124074,3,7.78223392467266
124075,3,8.21971126872505
124076,3,8.41532813015789
124077,3,8.8400226091583
124078,3,8.584365491296385
124079,3,8.427482071799357
124080,3,8.982261878234159
124081,3,7.797663966839901
124082,3,8.43778028348097
124083,3,8.885802698930805
124084,3,8.348270152878051
124085,3,8.712561943659681
124086,3,8.414402219521579
124087,3,8.216325736683908
124088,3,8.504378201626704
124089,3,8.272960499786771
124090,3,8.235898934189596
124091,3,8.868636909371098
124092,3,8.868636909371098
124093,3,8.831281429258071
124094,3,8.9152121455022
124095,3,7.8718977224185736
124096,3,8.685231014386288
124097,3,8.39499841586356
124098,3,8.137794231341022
124099,3,8.492362927237016
124100,3,7.866579393821646
124101,3,8.423578977256186
124102,3,8.263089038086738
124103,3,8.240873512384717
124104,3,8.634740934605386
124105,3,7.983135431536131
124106,3,8.752382048169064
124107,3,8.252481366493692
124108,3,8.503175723395882
124109,3,8.716814740117972
124110,3,5.417821875980624
124111,3,8.678454891935095
124112,3,8.650634901162519
124113,3,7.575981560549836
124114,3,8.041174844184328
124115,3,8.235409461763478
124116,3,8.45951282739053
124117,3,8.20925567632672
124118,3,7.807955490035765
124119,3,8.098020509249267
124120,3,8.644035729078745
124121,3,8.845362301524721
124122,3,8.551126126137536
124123,3,8.31320039621632
124124,3,7.411284556916044
124125,3,8.132483605303243
124126,3,8.134907279707175
124127,3,8.763210888431194
124128,3,7.665959252335558
124129,3,8.453554039907786
124130,3,8.460625754167694
124131,3,8.446938961047005
124132,3,7.5982919908974536
124133,3,8.988334575168986
124134,3,8.284230539435615
124135,3,8.502805682127757
124136,3,8.502805682127757
124137,3,8.404359802811285
124138,3,8.81162095612601
124139,3,8.476017153538063
124140,3,8.524004649314985
124141,3,7.1565914621413995
124142,3,6.685391061823923
124143,3,7.900864446313767
124144,3,8.211476306320316
124145,3,7.966280171727552
124146,3,8.530387938818379
124147,3,7.990180821386922
124148,3,7.881270854703667
124149,3,8.013100971751127
124150,3,8.317639465815946
124151,3,7.6683016020473636
124152,3,7.278336095307603
124153,3,8.986443044247032
124154,3,8.79586185644886
124155,3,8.769991583417337
124156,3,9.077839212510163
124157,3,8.357675645492705
124158,3,8.501235533356878
124159,3,8.60888773539511
124160,3,8.797041215310538
124161,3,8.201451342468271
124162,3,9.307974119066682
124163,3,8.486156654472685
124164,3,8.355402352515684
124165,3,8.796831316773812
124166,3,8.32555167844541
124167,3,8.385960533682978
124168,3,8.240411707462435
124169,3,8.253591005488612
124170,3,8.674516928970132
124171,3,7.96878636945282
124172,3,8.022826369482203
124173,3,8.4252115765382
124174,3,8.145098999471665
124175,3,7.544140988508129
124176,3,8.433163639286368
124177,3,8.15082625549823
124178,3,8.14578641316388
124179,3,8.682058431155468
124180,3,8.28619186382811
124181,3,8.466150096405698
124182,3,7.8983259864955855
124183,3,9.14877060759837
124184,3,7.282752061412095
124185,3,7.7670855343296274
124186,3,7.074557228415942
124187,3,8.372199449982116
124188,3,7.655201197903858
124189,3,8.45963816041795
124190,3,8.04664504574156
124191,3,7.467360251534269
124192,3,7.231813904395648
124193,3,8.145985419017684
124194,3,8.656579062390065
124195,3,7.495053119911315
124196,3,8.156109672085606
124197,3,8.415190097192928
124198,3,8.028730363711848
124199,3,8.619226016980658
124200,3,7.977657952769173
124201,3,7.401257440125089
124202,3,7.732727147018598
124203,3,7.663597693710944
124204,3,7.915854516700524
124205,3,7.0373758531931765
124206,3,7.523388739569596
124207,3,7.520774665935098
124208,3,6.495862774942848
124209,3,7.447691383072384
124210,3,7.77060386775894
124211,3,7.690045538029089
124212,3,8.581396378311087
124213,3,8.159925299774095
124214,3,8.304900857117417
124215,3,8.408437458789814
124216,3,7.872237878509627
124217,3,7.716858504648579
124218,3,6.674350777372265
124219,3,6.1832660239011235
124220,3,8.19751268544974
124221,3,8.94001094702615
124222,3,8.844040646576012
124223,3,7.303328143065165
124224,3,8.347197423827026
124225,3,8.182012217439707
124226,3,8.602978836811193
124227,3,8.041990315548494
124228,3,6.667060613984984
124229,3,6.750270399163875
124230,3,8.259974185810277
124231,3,6.267465006054175
124232,3,7.629928680900549
124233,3,6.131322937751102
124234,3,7.055237978798967
124235,3,6.777051648735872
124236,3,7.485100435087141
124237,3,5.0603787827151665
124238,3,8.010594572562155
124239,3,7.0603313328311685
124240,3,6.611640066249079
124241,3,7.248142541397476
124242,3,8.183363755819773
124243,3,8.312511747348243
124244,3,7.906570774437934
124245,3,7.225029328240807
124246,3,8.138092162598081
124247,3,8.673213324051856
124248,3,7.828857976649548
124249,3,7.073807824589846
124250,3,7.988814516818294
124251,3,6.740089823365944
124252,3,5.262186298094519
124253,3,8.721092628681603
124254,3,7.624745020131754
124255,3,7.775523591478897
124256,3,7.175128912263854
124257,3,7.938248816423585
124258,3,6.2826656614063054
124259,3,6.935103002320646
124260,3,6.612516081009343
124261,3,6.775290078290905
124262,3,6.191091236230021
124263,3,8.126685859325207
124264,3,6.842237432190261
124265,3,7.704441653912855
124266,3,8.256327105566871
124267,3,6.60938559690708
124268,3,5.71949987693897
124269,3,6.486649211891323
124270,3,6.0053961100435505
124271,3,6.914317547690226
124272,3,7.836044887003888
124273,3,6.422348407566595
124274,3,6.449654233632033
124275,3,6.313824472735427
124276,3,8.079084577181899
124277,3,6.575654866729036
124278,3,5.818676582904315
124279,3,5.437401751484725
124280,3,8.197735825829369
124281,3,8.004815556719587
124282,3,8.432641253367478
124283,3,8.404850969575683
124284,3,7.577847468497001
124285,3,6.626737124560089
124286,3,8.241521761344305
124287,3,5.791867244288254
124288,3,7.993733183751532
124289,3,5.752825076898714
124290,3,5.123039605549223
124291,3,5.450991353476233
124292,3,3.5420252192792985
124293,3,3.231393801968845
124294,3,3.111063970795341
124295,3,3.3156791738397593
124296,3,5.389190697811371
124297,3,5.275830760316547
124298,3,3.281694022526485
124299,3,3.30644195803346
124300,3,3.382178708437012
124301,3,3.2507386664905034
124302,3,3.1831445447202635
124303,3,9.256514810553748
124304,3,9.271355361176806
124305,3,7.62648311741958
124306,3,9.200182532578086
124307,3,9.091613186755081
124308,3,8.94244349187657
124309,3,9.180400730052419
124310,3,9.134578091281863
124311,3,9.13752784956741
124312,3,9.134618739162445
124313,3,9.05351981944722
124314,3,9.343848204736224
124315,3,9.20030739364729
124316,3,9.056710686649206
124317,3,8.931976714484868
124318,3,8.979647442544776
124319,3,9.179624839902619
124320,3,9.090391817756766
124321,3,9.014945690335162
124322,3,9.3112279730051
124323,3,8.917327500832908
124324,3,9.276247358859246
124325,3,8.855849422775297
124326,3,8.968472472391243
124327,3,8.953214716264464
124328,3,9.271914870100137
124329,3,9.053012736003346
124330,3,9.026910976528745
124331,3,9.007380885664274
124332,3,9.083865333390719
124333,3,9.060305781951815
124334,3,9.390792441633666
124335,3,8.760600917232768
124336,3,8.83655047525604
124337,3,9.112879773203783
124338,3,9.045586684994758
124339,3,8.972265103565194
124340,3,9.007100495386588
124341,3,8.80112047172796
124342,3,8.74489640569903
124343,3,8.985471087197634
124344,3,9.04052228253144
124345,3,9.10641771789236
124346,3,8.634744131063895
124347,3,9.103022434804723
124348,3,8.654012898546284
124349,3,9.057395317443268
124350,3,8.857110898791522
124351,3,8.490411229030732
124352,3,8.843948519876328
124353,3,8.923364934879746
124354,3,8.68332814175136
124355,3,9.09832907912143
124356,3,8.983748051417091
124357,3,8.834767082473334
124358,3,8.557432512111426
124359,3,9.147720085386567
124360,3,8.32131412917909
124361,3,8.569561762134143
124362,3,8.213119966313762
124363,3,8.795481022398423
124364,3,8.777458424473807
124365,3,8.926688630038287
124366,3,9.067432296109743
124367,3,8.90176235233319
124368,3,8.827902227816086
124369,3,8.668803061784605
124370,3,9.086619405244562
124371,3,8.305339290928245
124372,3,8.841375086950626
124373,3,8.506777565132644
124374,3,8.84362033011082
124375,3,9.23536738918983
124376,3,8.864220570005193
124377,3,8.784022930823987
124378,3,8.193452122613676
124379,3,9.173849450279157
124380,3,8.796820635335436
124381,3,8.998173172321444
124382,3,8.444889195078032
124383,3,9.280374955066858
124384,3,8.793399682260462
124385,3,8.988757855041424
124386,3,8.794488356781521
124387,3,8.636107572691936
124388,3,8.584680183203375
124389,3,8.827630319129328
124390,3,8.491583049083113
124391,3,8.491583049083113
124392,3,8.758944638167241
124393,3,8.863073248406492
124394,3,8.797875276933933
124395,3,8.83808183617656
124396,3,8.817386558855915
124397,3,8.823014072977841
124398,3,8.956270973903607
124399,3,8.788139852523088
124400,3,8.672232617817878
124401,3,8.554220914180549
124402,3,8.794790754401708
124403,3,8.595651577182549
124404,3,8.903705368934947
124405,3,8.973073604904183
124406,3,8.372965083805084
124407,3,8.89392192333285
124408,3,8.674089084441567
124409,3,8.850006431988174
124410,3,8.850006431988174
124411,3,8.599525522075115
124412,3,8.549480188432565
124413,3,8.31000523546326
124414,3,8.838850070052642
124415,3,8.805886671585487
124416,3,8.986725793722101
124417,3,8.63002601568446
124418,3,8.841543775340028
124419,3,8.58169175573289
124420,3,8.869281371090105
124421,3,8.671097487813043
124422,3,8.690555407380515
124423,3,8.425437440829624
124424,3,8.086540065092063
124425,3,8.790560298832549
124426,3,8.524221458066272
124427,3,8.657783342257128
124428,3,8.734484640696676
124429,3,8.281532869531327
124430,3,8.635267034011887
124431,3,8.111453664543076
124432,3,8.590095696984314
124433,3,8.530681803930106
124434,3,8.167375826141635
124435,3,8.273644252146198
124436,3,9.019625724930819
124437,3,8.88609818337676
124438,3,8.429162406318138
124439,3,8.612625241492145
124440,3,8.375677664731993
124441,3,8.419750093545748
124442,3,9.073010689753492
124443,3,8.538599671441755
124444,3,8.108771386043328
124445,3,8.393619573149671
124446,3,8.82204591745581
124447,3,8.418923153222396
124448,3,8.614020472071303
124449,3,8.58902026333403
124450,3,8.596812373718494
124451,3,8.518555713774775
124452,3,8.805268222928554
124453,3,8.339420161934411
124454,3,8.412182520197897
124455,3,8.522808942593283
124456,3,8.444712388283353
124457,3,7.982732700103496
124458,3,8.955527129715048
124459,3,8.451642819009695
124460,3,8.202591200650636
124461,3,8.720998428185407
124462,3,8.351111300405602
124463,3,8.500381177392399
124464,3,8.687088396462544
124465,3,8.885690200163479
124466,3,8.518433078992594
124467,3,8.744669579198533
124468,3,8.539878215981869
124469,3,8.484431132350451
124470,3,8.277282717967825
124471,3,8.057016088404463
124472,3,8.396064548517371
124473,3,8.010813100563011
124474,3,7.825109890829588
124475,3,8.13509896063879
124476,3,8.511155265135898
124477,3,8.444724959622583
124478,3,8.681899979677123
124479,3,8.192701722325381
124480,3,8.467004286124684
124481,3,8.263739903229093
124482,3,8.63672707245399
124483,3,8.407310172698692
124484,3,8.03493649467925
124485,3,8.220319284830378
124486,3,8.292096540669815
124487,3,8.487084058006843
124488,3,8.154816007667167
124489,3,8.287851670041322
124490,3,8.24068557803178
124491,3,8.14321566830725
124492,3,7.963944531316999
124493,3,8.24230461738754
124494,3,8.42930191651887
124495,3,8.239055518608737
124496,3,8.590812198133149
124497,3,8.528492644272013
124498,3,8.283840709307402
124499,3,8.283840709307402
124500,3,7.680512977720749
124501,3,8.157388614327633
124502,3,8.00141888391443
124503,3,7.905987013530246
124504,3,8.328914462554419
124505,3,7.88515310558283
124506,3,8.512410826336179
124507,3,8.221398386921837
124508,3,8.557114333092274
124509,3,8.293961039403893
124510,3,8.20623044635657
124511,3,8.316079333539994
124512,3,7.8878594775482
124513,3,8.047128835191119
124514,3,8.205857759946001
124515,3,7.832681388589871
124516,3,8.30579615095109
124517,3,8.321532666557772
124518,3,8.229813165910649
124519,3,8.160117046526638
124520,3,8.234870656565226
124521,3,8.756861546567878
124522,3,8.17895598217249
124523,3,7.8742284814299115
124524,3,8.23851501261042
124525,3,8.040013432023017
124526,3,7.788825239995576
124527,3,8.070060040361408
124528,3,8.181093982938387
124529,3,7.9458008123683355
124530,3,8.381409551345357
124531,3,7.937132984050384
124532,3,8.114492226371581
124533,3,8.278902540061292
124534,3,8.21150645071202
124535,3,8.209852170792006
124536,3,8.144656160670362
124537,3,8.08167434863718
124538,3,8.36767877144315
124539,3,8.645044241241317
124540,3,7.9442803989131106
124541,3,8.111962427847416
124542,3,8.032053231196507
124543,3,7.809253739309299
124544,3,8.240931163656516
124545,3,7.942782230823876
124546,3,8.08798909528695
124547,3,8.123982939750475
124548,3,7.952750703544112
124549,3,8.21443317981018
124550,3,8.111398211647595
124551,3,7.825299072642451
124552,3,7.6680451775499545
124553,3,7.944882192187659
124554,3,7.39411247010027
124555,3,8.112285622892728
124556,3,8.0965295673801
124557,3,7.891823428668182
124558,3,8.019958244459035
124559,3,8.137745566565947
124560,3,7.294716724362125
124561,3,7.862797975879497
124562,3,8.257607170537627
124563,3,7.995776015964607
124564,3,7.878258469762431
124565,3,7.355310847260376
124566,3,8.522932691961945
124567,3,7.929783013322813
124568,3,7.894837607611043
124569,3,7.901726411658868
124570,3,7.855351373140621
124571,3,7.956279480909513
124572,3,7.909957900852394
124573,3,7.690349417689951
124574,3,8.14602748945986
124575,3,7.9379386438093995
124576,3,7.66355469898493
124577,3,8.181407464647656
124578,3,7.9696284207927235
124579,3,7.7494327252241675
124580,3,8.286593534497113
124581,3,8.107449313863968
124582,3,8.083004515352163
124583,3,8.081579627762327
124584,3,7.5265871087867735
124585,3,7.665241132936563
124586,3,7.778197271720918
124587,3,7.738159059319948
124588,3,8.177636173990912
124589,3,8.07622488329415
124590,3,7.848644015284105
124591,3,7.398874042867935
124592,3,7.880723213326798
124593,3,7.813416395885893
124594,3,7.957800756758584
124595,3,7.902203125935602
124596,3,8.001482564883915
124597,3,7.729717457421788
124598,3,7.884713380303079
124599,3,7.748339232332061
124600,3,7.7591402724061265
124601,3,7.98896185849952
124602,3,7.944174833872742
124603,3,7.865531576646585
124604,3,7.896413582061272
124605,3,8.029540420518067
124606,3,8.042014258928848
124607,3,7.692282711710151
124608,3,8.141525234212612
124609,3,8.369759136393101
124610,3,7.948828382601331
124611,3,7.91381544680429
124612,3,7.739670731916412
124613,3,8.051307857430592
124614,3,7.788283518678254
124615,3,7.853755453978353
124616,3,7.772655392444634
124617,3,7.781648522170448
124618,3,7.679817217322926
124619,3,7.557281918992017
124620,3,7.696681201774875
124621,3,8.01245865032461
124622,3,7.990417840521912
124623,3,7.942004238410765
124624,3,7.634346588910677
124625,3,8.19477330724081
124626,3,7.655031713109543
124627,3,7.502306683730125
124628,3,7.5271175321873915
124629,3,8.692457779028834
124630,3,8.078881944881864
124631,3,7.664145910918508
124632,3,7.743538918080122
124633,3,7.689183152268773
124634,3,7.68269733874056
124635,3,7.793812234585669
124636,3,7.701069994923559
124637,3,7.697156170506336
124638,3,7.767122240717471
124639,3,7.823649522640832
124640,3,7.705485279191738
124641,3,7.77242096954037
124642,3,7.633599928150914
124643,3,7.757864674342407
124644,3,7.753757417690988
124645,3,7.700375047414649
124646,3,7.675740081881338
124647,3,7.563784824043426
124648,3,7.728811935647383
124649,3,7.70797288718154
124650,3,7.605321908755763
124651,3,7.4751478503356115
124652,3,7.717710085741597
124653,3,8.027795086314564
124654,3,7.6688953328958185
124655,3,7.6836212682631695
124656,3,7.483408542946869
124657,3,7.725210681697258
124658,3,7.993625412978297
124659,3,7.672017738738268
124660,3,7.639432397070232
124661,3,7.774540964072592
124662,3,7.5644085980997815
124663,3,7.373621501758007
124664,3,7.730543744540757
124665,3,7.607025645976057
124666,3,7.633737490195605
124667,3,7.76226078386261
124668,3,7.642728165000937
124669,3,7.694140038720207
124670,3,7.807100460794675
124671,3,7.909304962340903
124672,3,7.559216175372099
124673,3,7.440087452207388
124674,3,7.784867163914333
124675,3,7.476866676794024
124676,3,7.508114033161542
124677,3,7.560026825737154
124678,3,7.653600743914953
124679,3,7.2128692268966965
124680,3,7.795367334061465
124681,3,7.329645178599783
124682,3,7.353559249551054
124683,3,7.376448322858313
124684,3,7.588622989855287
124685,3,7.519516694977791
124686,3,7.527261482364655
124687,3,8.108825912621448
124688,3,7.905073961154873
124689,3,7.611157597045131
124690,3,7.596504348083117
124691,3,7.464592826355549
124692,3,7.521775073978478
124693,3,7.460836129077493
124694,3,7.862267987712594
124695,3,7.522755973116269
124696,3,7.4463282717543215
124697,3,7.492393827874182
124698,3,7.622981817710576
124699,3,7.76811662248444
124700,3,7.362830153932444
124701,3,7.504387797898024
124702,3,7.502391718802312
124703,3,7.12139462493513
124704,3,7.721558908177926
124705,3,7.433206398439724
124706,3,7.331433313626132
124707,3,7.265845307524032
124708,3,7.504646193919488
124709,3,7.280763383677825
124710,3,7.526865884413323
124711,3,7.1696664620951
124712,3,7.550494629197441
124713,3,7.609427591918597
124714,3,7.2903623302467615
124715,3,7.089963090516908
124716,3,7.410091827601033
124717,3,7.379410486375844
124718,3,7.464393807169334
124719,3,7.351270928729663
124720,3,7.585602025426989
124721,3,7.53087334736445
124722,3,7.133669759589753
124723,3,7.440758913441291
124724,3,7.307714065948667
124725,3,7.557271963401282
124726,3,7.625530539328037
124727,3,7.694212386397446
124728,3,7.066185129752055
124729,3,7.322375386496051
124730,3,8.116076555149858
124731,3,7.479730613959
124732,3,7.024725952879933
124733,3,7.1111505262927395
124734,3,7.236266667948164
124735,3,7.373243458248469
124736,3,7.3270633544357455
124737,3,7.375065540628076
124738,3,7.392509353723854
124739,3,6.850139575343207
124740,3,7.504764207953338
124741,3,7.721562473991489
124742,3,7.332613973473104
124743,3,7.170876937734987
124744,3,7.192029484916501
124745,3,7.3168676290595265
124746,3,6.9453717719662755
124747,3,7.687996663972551
124748,3,7.08103475602239
124749,3,7.345946211758897
124750,3,6.866774860310209
124751,3,7.6887394509697256
124752,3,7.121138857266463
124753,3,7.047504339807917
124754,3,7.370650904159375
124755,3,7.742072033499786
124756,3,7.516460204642331
124757,3,7.590010022063714
124758,3,7.06437950282142
124759,3,7.136824369956445
124760,3,7.06265297642202
124761,3,7.132683560301816
124762,3,7.304090452286468
124763,3,7.475097041894539
124764,3,7.383071067337793
124765,3,7.2761491670257765
124766,3,7.379624021188688
124767,3,7.087704857306194
124768,3,7.458462669731893
124769,3,7.351858684670612
124770,3,7.399903528689412
124771,3,7.2914467098082625
124772,3,7.290962062689033
124773,3,7.4686712268690805
124774,3,7.491046448737992
124775,3,7.420029163739959
124776,3,7.393822702695692
124777,3,6.997396985698922
124778,3,7.559949392491003
124779,3,7.426696196339564
124780,3,7.094506238941425
124781,3,7.312580344706876
124782,3,7.472635071800458
124783,3,7.208424716215497
124784,3,7.3793232630640455
124785,3,7.7318320284876645
124786,3,7.227136760885141
124787,3,7.408269915392523
124788,3,7.446550232029753
124789,3,6.94507024769216
124790,3,7.2801747704963375
124791,3,7.261585687803608
124792,3,7.090775245868029
124793,3,7.086832691704046
124794,3,7.30637339308357
124795,3,7.451908751803774
124796,3,7.306491114470553
124797,3,7.242958898746499
124798,3,7.336230674260915
124799,3,7.103849209760396
124800,3,7.344494242957887
124801,3,7.183165272768719
124802,3,7.242418377255406
124803,3,7.337536535971694
124804,3,7.381137133760345
124805,3,7.4101964701159995
124806,3,6.642386304879289
124807,3,7.292128548939158
124808,3,7.167550241094911
124809,3,6.912962120626487
124810,3,7.425653294882242
124811,3,7.774986150959892
124812,3,7.3197976349533524
124813,3,7.2491104455021995
124814,3,7.353505774020907
124815,3,7.422850290696954
124816,3,6.932740404599305
124817,3,7.035524814323875
124818,3,7.470782980014036
124819,3,7.128972360612661
124820,3,7.1278604962301735
124821,3,7.069993272771264
124822,3,7.2727629751613465
124823,3,6.6090159376868804
124824,3,6.850626586278444
124825,3,6.653249909681712
124826,3,7.161832787647256
124827,3,7.063425669710627
124828,3,6.98794017909737
124829,3,6.554460358423168
124830,3,7.342546029751913
124831,3,6.309666685246421
124832,3,7.339461907213632
124833,3,6.829579909328899
124834,3,6.665583745582486
124835,3,7.1580529298163595
124836,3,7.177130240762131
124837,3,7.050742570849856
124838,3,7.13301226398334
124839,3,6.983368756683441
124840,3,7.013422811409193
124841,3,7.2168724394671
124842,3,7.425821604217481
124843,3,7.1535714911910215
124844,3,7.392316002275496
124845,3,6.447162289435019
124846,3,7.334636438190529
124847,3,7.180795652996119
124848,3,7.0014747707678975
124849,3,6.6231109339780865
124850,3,7.010850069048012
124851,3,7.208870670835166
124852,3,7.003895420934294
124853,3,7.131174458722135
124854,3,7.085575539733903
124855,3,7.218231501202408
124856,3,6.0562599070143595
124857,3,7.0203019645951
124858,3,6.968890870450258
124859,3,7.156579813152239
124860,3,7.219954630476893
124861,3,6.768325159977406
124862,3,7.259453764264345
124863,3,7.1555275467840715
124864,3,6.996727188675364
124865,3,7.336600752509248
124866,3,7.605172013070015
124867,3,7.06767908285439
124868,3,6.979742392118346
124869,3,6.9106681718683065
124870,3,6.7018035607952156
124871,3,6.69439618936681
124872,3,7.290079176584515
124873,3,7.233272113910686
124874,3,7.0893328841404575
124875,3,7.025336291411313
124876,3,6.698759125408031
124877,3,7.129343241512903
124878,3,6.859991549261454
124879,3,7.279960786438478
124880,3,6.4780334390385255
124881,3,6.605718730799515
124882,3,6.674530351216163
124883,3,6.807117293686112
124884,3,7.193628626229318
124885,3,7.160649586564366
124886,3,6.9014085122431
124887,3,6.941629590691313
124888,3,6.908673465609677
124889,3,6.871624607935288
124890,3,7.013191689861947
124891,3,5.708941992645976
124892,3,6.907748665247154
124893,3,6.804183842373435
124894,3,6.59930581139778
124895,3,6.699029497889362
124896,3,7.458058898325559
124897,3,6.947035069356034
124898,3,6.9808709209137865
124899,3,6.9269581013686725
124900,3,6.634763404903296
124901,3,7.059567693976416
124902,3,6.718745084536129
124903,3,6.321311466569095
124904,3,6.966624607079377
124905,3,6.883730994417434
124906,3,6.988060271280925
124907,3,7.0610385064417365
124908,3,6.355812435800668
124909,3,6.898651411479849
124910,3,6.77935488311719
124911,3,6.681208427858252
124912,3,6.645446587662139
124913,3,6.740020076678018
124914,3,6.570185256898173
124915,3,6.733474206719426
124916,3,6.835775165527718
124917,3,6.741305331242215
124918,3,7.020043181420647
124919,3,6.876843424932326
124920,3,6.804271918726762
124921,3,6.658606740130439
124922,3,6.984790902632001
124923,3,6.47750259300949
124924,3,6.687131455339229
124925,3,6.949120059871128
124926,3,6.8214403820425265
124927,3,6.744287113960094
124928,3,6.7413732784070985
124929,3,6.440624068677737
124930,3,6.6732847524878345
124931,3,6.539820433060219
124932,3,6.865750850392426
124933,3,6.886054852575561
124934,3,6.849381568711648
124935,3,6.683898658147677
124936,3,6.469118235050227
124937,3,7.331543088845269
124938,3,6.820138166122639
124939,3,7.183951011989624
124940,3,6.8645305399516365
124941,3,6.731953933866207
124942,3,6.527634742181997
124943,3,6.850564933188435
124944,3,6.726038774383943
124945,3,6.606922223680333
124946,3,6.771062567469418
124947,3,6.955810901141264
124948,3,6.100868310570442
124949,3,6.556988393913155
124950,3,6.821970064183378
124951,3,6.726827975911952
124952,3,6.638083872095531
124953,3,6.800115418035778
124954,3,6.664867450839882
124955,3,6.2085829323356485
124956,3,6.45784668486615
124957,3,5.853543211766463
124958,3,6.543769984049794
124959,3,6.587971907466751
124960,3,6.491612113785696
124961,3,6.551062765821048
124962,3,6.590316513078181
124963,3,6.649898846175395
124964,3,6.781690167976206
124965,3,6.657673858329859
124966,3,6.494951336502968
124967,3,6.7802091557391435
124968,3,6.6484317204233685
124969,3,6.4602229078181725
124970,3,6.473168315012234
124971,3,6.3659714548811035
124972,3,6.839506750144131
124973,3,6.197211249565816
124974,3,6.059260021402613
124975,3,6.808663646866414
124976,3,6.486542779847483
124977,3,6.58001539421446
124978,3,6.687629665858203
124979,3,6.690755276063745
124980,3,6.813352543000086
124981,3,7.034657280939345
124982,3,6.829413520298464
124983,3,6.26356524432071
124984,3,6.291117988450633
124985,3,6.96388778431346
124986,3,6.821839699966868
124987,3,6.493999717335712
124988,3,6.186855125092983
124989,3,6.417749464922778
124990,3,6.580922896674036
124991,3,6.356947896772103
124992,3,6.276211481796934
124993,3,6.118750785989606
124994,3,6.650307523566903
124995,3,6.438831762075816
124996,3,6.851624414411371
124997,3,6.335082669883428
124998,3,6.722017638836753
124999,3,6.412565616773347
125000,3,6.812270015328013
125001,3,6.4256009116580195
125002,3,6.609383120329062
125003,3,6.370982683439603
125004,3,6.57526967076048
125005,3,6.694775419858251
125006,3,6.393456185434276
125007,3,6.543658120431799
125008,3,6.711572172329016
125009,3,6.498258321886033
125010,3,6.710863517723626
125011,3,6.330262160708961
125012,3,6.4069024329937765
125013,3,6.434436478553028
125014,3,6.49192442968537
125015,3,6.712431754096774
125016,3,6.768005463295808
125017,3,6.759227573693666
125018,3,6.568102014486595
125019,3,6.701144207378698
125020,3,6.415513458019745
125021,3,6.688859806366122
125022,3,6.226790481252456
125023,3,7.000396453593883
125024,3,6.518022011118488
125025,3,6.518022011118488
125026,3,5.840967429930393
125027,3,6.849705000328074
125028,3,6.493249758502963
125029,3,6.9006585152643725
125030,3,6.034486438908486
125031,3,6.517662511977926
125032,3,6.527013821395183
125033,3,6.3158759839310825
125034,3,6.626068279261057
125035,3,6.547212784120301
125036,3,6.766525667190627
125037,3,6.498915842184824
125038,3,6.624532572650147
125039,3,5.897722127435806
125040,3,6.546874702619305
125041,3,6.236555783944574
125042,3,6.31712477759445
125043,3,6.333454147352193
125044,3,6.102823435000754
125045,3,6.5095374112421265
125046,3,6.30845192474304
125047,3,6.519956000736242
125048,3,7.310916829518088
125049,3,6.4338046501987005
125050,3,6.474603162387175
125051,3,6.301772312540535
125052,3,6.424279171599478
125053,3,6.6255834982498625
125054,3,6.387107030453303
125055,3,6.552498940204247
125056,3,6.143973907507259
125057,3,6.606912142212751
125058,3,6.209827550955306
125059,3,6.528486156530447
125060,3,6.173086503924033
125061,3,8.073445441027545
125062,3,6.273758718499785
125063,3,5.791357568358172
125064,3,6.552404023172723
125065,3,6.5190253884562095
125066,3,6.187726786825801
125067,3,6.307764950763043
125068,3,6.3983675313516155
125069,3,5.833920934978852
125070,3,6.505602463822023
125071,3,6.392588708629272
125072,3,6.594711178605555
125073,3,5.948960123053455
125074,3,6.609365260512489
125075,3,5.604822201615865
125076,3,6.323538755305449
125077,3,6.212094661951163
125078,3,6.485093090491327
125079,3,5.876628492525776
125080,3,6.1552417462137745
125081,3,6.405975412573376
125082,3,6.545592415053207
125083,3,6.442339406037176
125084,3,6.559124127893847
125085,3,6.427309267807875
125086,3,6.38905796017646
125087,3,6.430077412931989
125088,3,6.024328042751629
125089,3,6.68089742990009
125090,3,6.324146200717745
125091,3,6.274316074899213
125092,3,6.202279712152156
125093,3,6.451015356165259
125094,3,6.4709270949860205
125095,3,6.627949265123859
125096,3,6.226252880162257
125097,3,6.351142397467211
125098,3,6.205626050474397
125099,3,6.293306003549288
125100,3,7.5318840654977555
125101,3,6.217494922846143
125102,3,5.735314169192562
125103,3,6.267715621642812
125104,3,5.493762099869401
125105,3,6.145605220420979
125106,3,6.492406452408266
125107,3,6.364025178836387
125108,3,6.452208003036552
125109,3,6.1843572669059
125110,3,6.175333199036181
125111,3,6.163450902705465
125112,3,6.343891506072468
125113,3,6.3505576894293645
125114,3,6.0944655123290685
125115,3,6.0616905758530795
125116,3,6.146023577393443
125117,3,6.281348224049088
125118,3,6.370304781134116
125119,3,6.2435402445756045
125120,3,6.2628560750266695
125121,3,5.912270360453588
125122,3,6.046885823218713
125123,3,6.179350215910246
125124,3,6.132932650088816
125125,3,5.930636201786238
125126,3,6.275173290346211
125127,3,6.35135638155603
125128,3,6.239628721268117
125129,3,6.316469780501393
125130,3,5.185320185297959
125131,3,6.305315812476986
125132,3,6.001867856428085
125133,3,6.189628726353506
125134,3,6.14470774698959
125135,3,5.86959902025229
125136,3,6.460007651362796
125137,3,6.344695211734627
125138,3,6.056902566504593
125139,3,6.301241853616591
125140,3,6.47342220055278
125141,3,6.354965744508761
125142,3,6.0364518469323105
125143,3,6.115097047912752
125144,3,6.22006987510988
125145,3,5.887187764685997
125146,3,6.0508449927020225
125147,3,5.76593429491635
125148,3,6.072099739358455
125149,3,6.187799901639959
125150,3,4.981876363987589
125151,3,6.2523709570042705
125152,3,5.702893587668138
125153,3,6.310409723153404
125154,3,6.547304242064304
125155,3,6.223407225548558
125156,3,6.055766665942185
125157,3,6.354503822355467
125158,3,6.1906986113304985
125159,3,6.165506379164401
125160,3,6.165506379164401
125161,3,6.165506379164401
125162,3,6.31757228978315
125163,3,6.520850736014108
125164,3,6.309312803302596
125165,3,6.191363093272937
125166,3,5.57497567201009
125167,3,6.146429423867984
125168,3,6.071774877782927
125169,3,6.0544630671623
125170,3,5.610566293399126
125171,3,6.405305383379483
125172,3,6.161993903333439
125173,3,6.168009507256265
125174,3,5.7895016455338
125175,3,6.1168482704412686
125176,3,6.2385682847494195
125177,3,6.246388195680237
125178,3,6.082442045135143
125179,3,5.619977129838437
125180,3,6.121992258092168
125181,3,6.286963108454861
125182,3,5.695278983693769
125183,3,5.859109374304323
125184,3,6.393395182045584
125185,3,5.855483447217156
125186,3,6.246405297702969
125187,3,6.078115295446398
125188,3,6.27686183712132
125189,3,6.245626205191625
125190,3,5.960896436674501
125191,3,5.870284653040841
125192,3,6.574204962660748
125193,3,6.2264606301139915
125194,3,4.637319953320813
125195,3,6.251411009275608
125196,3,6.1872712231500575
125197,3,5.781317562593209
125198,3,5.912906299814339
125199,3,5.806619402588258
125200,3,5.882639500251721
125201,3,5.773392294669015
125202,3,5.953531951058851
125203,3,6.466973638084605
125204,3,6.594261041262872
125205,3,5.945016039470013
125206,3,6.253136646336112
125207,3,5.754329362226583
125208,3,6.254138333810362
125209,3,5.780619178882113
125210,3,6.030751838741747
125211,3,6.277259746319935
125212,3,5.902848377361667
125213,3,6.112809973407871
125214,3,5.917735286457184
125215,3,5.877138516025366
125216,3,5.612245227649935
125217,3,6.2899637376571915
125218,3,6.1081198305507876
125219,3,6.209149185553308
125220,3,5.812371593513342
125221,3,6.157747815713424
125222,3,5.162403990494075
125223,3,6.275852882415855
125224,3,6.018525438635028
125225,3,6.31901472986206
125226,3,6.044153208402106
125227,3,5.85200392335537
125228,3,5.776863080212673
125229,3,5.885939705998354
125230,3,5.728832920225938
125231,3,5.953288554622717
125232,3,5.930843382506718
125233,3,6.162664839822114
125234,3,5.882899928739649
125235,3,6.26439925253483
125236,3,5.7664852905097845
125237,3,5.872149385768156
125238,3,6.363623814742354
125239,3,6.187425083080569
125240,3,5.639903446452772
125241,3,6.060825534710807
125242,3,6.022765330666844
125243,3,5.668662448288541
125244,3,5.7717576586498724
125245,3,5.855417028279659
125246,3,5.739198402670041
125247,3,6.381316346890953
125248,3,6.089219027609971
125249,3,6.020526662632489
125250,3,5.912713043649161
125251,3,5.900953645153112
125252,3,5.160985553663654
125253,3,5.646468767481762
125254,3,5.661235179826969
125255,3,5.419949734701142
125256,3,6.185367357148282
125257,3,5.559044161694304
125258,3,5.892568231554922
125259,3,5.834363775037535
125260,3,5.9860352906755265
125261,3,5.940162886764139
125262,3,5.7620286367553
125263,3,5.609910355144599
125264,3,5.786870762390875
125265,3,5.946539685412849
125266,3,6.138105176457857
125267,3,5.992072803612603
125268,3,5.6669794875878505
125269,3,5.712035380591032
125270,3,6.170458779875142
125271,3,5.932108040915239
125272,3,6.085542887995515
125273,3,5.628844808639306
125274,3,5.895839108089767
125275,3,5.900882009276755
125276,3,5.6831249430822925
125277,3,5.801955127914745
125278,3,5.3618419509153465
125279,3,5.869511708849044
125280,3,5.828179262454323
125281,3,5.9345795242023085
125282,3,6.012023519238137
125283,3,5.932153833099359
125284,3,5.676138783303694
125285,3,5.68685774645847
125286,3,6.081834447245198
125287,3,6.133221615409999
125288,3,5.891220835666572
125289,3,5.794394322446386
125290,3,6.767289371781262
125291,3,4.2469097888720295
125292,3,6.03635520411268
125293,3,5.7724982550319535
125294,3,5.8985434637887835
125295,3,5.941269094297393
125296,3,5.870222087179794
125297,3,6.083845040515627
125298,3,5.8537504903919615
125299,3,5.961793324466454
125300,3,5.806398992767086
125301,3,5.681490659728901
125302,3,5.758063807419492
125303,3,5.758063807419492
125304,3,5.758063807419492
125305,3,5.979532216500299
125306,3,5.768769014744717
125307,3,5.966176178273468
125308,3,5.84075789180719
125309,3,5.327924232365979
125310,3,5.869058458684373
125311,3,6.087068970441418
125312,3,4.12768978622023
125313,3,5.494527728338988
125314,3,5.593838734269692
125315,3,5.774119200055932
125316,3,5.910277716963527
125317,3,5.993900865780604
125318,3,5.624012984776146
125319,3,5.808718274453762
125320,3,5.9792255509286
125321,3,5.939933097419316
125322,3,6.083715805795425
125323,3,5.926586660541583
125324,3,5.742967680714616
125325,3,4.987373974069391
125326,3,5.817502720936658
125327,3,5.189726656183122
125328,3,5.666572861948884
125329,3,5.961848960384115
125330,3,5.603287692982833
125331,3,6.192838695925619
125332,3,5.7759217250794554
125333,3,5.682956548508532
125334,3,5.81643307099842
125335,3,5.541320228387078
125336,3,4.243719072142573
125337,3,5.933442747352091
125338,3,5.642224799211803
125339,3,5.583342305404204
125340,3,5.858248032802996
125341,3,5.947230605046876
125342,3,6.128486459462822
125343,3,5.832759610442468
125344,3,5.856028441744898
125345,3,5.604639763650187
125346,3,5.515131476077991
125347,3,5.858419330385845
125348,3,6.158878153536657
125349,3,5.91153629027445
125350,3,5.562486018275491
125351,3,5.559871481216772
125352,3,5.721586112065872
125353,3,5.7599152789628425
125354,3,5.26642927666543
125355,3,5.7287391327040345
125356,3,5.815597135802383
125357,3,5.651886185738367
125358,3,5.634135838302769
125359,3,5.574414200613065
125360,3,6.27249231267899
125361,3,5.366470660274687
125362,3,6.561994553331076
125363,3,5.797865974603275
125364,3,4.907258774771747
125365,3,4.162751403388897
125366,3,5.7821124975566
125367,3,5.673813992411775
125368,3,5.713137607405925
125369,3,5.3024152140852445
125370,3,5.8430325840040345
125371,3,5.561050922362465
125372,3,5.839366795439135
125373,3,4.54006798736717
125374,3,5.245085493371823
125375,3,5.572662502067082
125376,3,5.236852230785505
125377,3,5.074103031180511
125378,3,4.125314051865106
125379,3,5.837682174448333
125380,3,5.720859223238114
125381,3,5.415945329096273
125382,3,5.815463329457975
125383,3,5.702711906822156
125384,3,4.811053301591657
125385,3,5.460879796118441
125386,3,5.662122252887135
125387,3,5.770228274282854
125388,3,5.656200824738399
125389,3,5.807491545847569
125390,3,5.430064112193849
125391,3,5.640309224073127
125392,3,5.662846272265667
125393,3,5.449693514085486
125394,3,6.1827363812983505
125395,3,5.5222441064394525
125396,3,5.679714988660866
125397,3,5.6574518869447035
125398,3,6.150941361398678
125399,3,5.83433846249695
125400,3,5.476151778469292
125401,3,5.442002231311465
125402,3,5.8069935787233415
125403,3,5.566846564235115
125404,3,5.663703262520741
125405,3,5.387148334510491
125406,3,5.563727540623925
125407,3,5.417291081430575
125408,3,5.6964372325030705
125409,3,5.419540135031348
125410,3,5.773116053485305
125411,3,5.527905518139148
125412,3,5.518503985592502
125413,3,5.844536529228414
125414,3,5.428477719568155
125415,3,5.381203731376406
125416,3,5.269183753841522
125417,3,5.680514619750751
125418,3,5.381641506955135
125419,3,4.649550426992312
125420,3,5.553110530207009
125421,3,5.3678646951127185
125422,3,5.193737031265791
125423,3,5.429687389872792
125424,3,5.4976288478386435
125425,3,6.087825422346224
125426,3,5.416869268190569
125427,3,5.221061161217426
125428,3,5.21481243534123
125429,3,5.408986728151905
125430,3,5.4997207982672
125431,3,5.711478785711643
125432,3,5.992217748696445
125433,3,5.708182888577247
125434,3,5.364962171200821
125435,3,5.487236330116138
125436,3,5.297357021560548
125437,3,5.305658003864179
125438,3,5.609358665034585
125439,3,5.355848175804398
125440,3,5.555927635632006
125441,3,5.6213195024256475
125442,3,5.496441938672649
125443,3,5.119545691569288
125444,3,5.499830101505991
125445,3,5.07375649662855
125446,3,5.26396222312239
125447,3,4.280862753202198
125448,3,5.844721385823754
125449,3,5.201787802798451
125450,3,5.275054879541112
125451,3,5.5440305239743
125452,3,5.5365702506365135
125453,3,5.459060356748726
125454,3,5.615784870089009
125455,3,4.982823272325805
125456,3,5.762539026319672
125457,3,5.582312765623465
125458,3,4.275891941607602
125459,3,5.186043671246824
125460,3,5.226376217528271
125461,3,5.260696563537524
125462,3,5.37000700991191
125463,3,5.639678217320792
125464,3,5.19468582266085
125465,3,5.361878392761797
125466,3,5.193244340407915
125467,3,5.280123659526224
125468,3,5.195478832227309
125469,3,5.4415864900898265
125470,3,5.2722139997941015
125471,3,5.093175761277647
125472,3,5.592123286899509
125473,3,5.351304632200998
125474,3,5.481864241810045
125475,3,5.309150166253445
125476,3,5.4608576621452665
125477,3,5.468933885927552
125478,3,5.299924409320333
125479,3,5.2615002564649345
125480,3,5.451243081203348
125481,3,5.202118648494783
125482,3,4.965994339389253
125483,3,5.452844187540263
125484,3,5.250524205488652
125485,3,5.425055489223704
125486,3,5.139375471400265
125487,3,5.044858140153666
125488,3,3.7036845569403436
125489,3,5.535510714263536
125490,3,5.242074941566654
125491,3,4.961698271350999
125492,3,5.406112343548105
125493,3,5.347700875115681
125494,3,5.277681347946005
125495,3,5.312127218568651
125496,3,4.598232635963918
125497,3,5.580291694929711
125498,3,4.8901748471611315
125499,3,5.435288536650058
125500,3,5.036029841935589
125501,3,5.448875616288794
125502,3,5.5135741752818745
125503,3,5.0546488652073585
125504,3,4.949140051050273
125505,3,4.294737080847559
125506,3,5.302391175332418
125507,3,4.748601680535763
125508,3,5.434341013075193
125509,3,5.19058669122053
125510,3,5.434940413474401
125511,3,4.39084689074288
125512,3,5.456056084919975
125513,3,5.020098785936801
125514,3,5.532106974994746
125515,3,5.680738548234785
125516,3,4.818371512737089
125517,3,5.202168022940512
125518,3,5.1009261279902045
125519,3,5.533266162616492
125520,3,5.47804425480831
125521,3,5.072087220915952
125522,3,5.169197690905423
125523,3,5.3936291039488715
125524,3,5.229147171483428
125525,3,5.2180101765022595
125526,3,5.129855676532828
125527,3,5.67727958208993
125528,3,5.430620550369245
125529,3,5.314443552480357
125530,3,5.452950877199276
125531,3,5.808659658382802
125532,3,5.329724512498821
125533,3,5.144482701401113
125534,3,5.244874243226953
125535,3,5.52153547823891
125536,3,5.212329548552169
125537,3,5.740094525750268
125538,3,4.852492735731293
125539,3,6.472144126131693
125540,3,5.1949919744428446
125541,3,5.109204988519604
125542,3,4.4268323620382475
125543,3,5.3760387011604465
125544,3,5.0303581177505885
125545,3,5.142064277234569
125546,3,5.111540055157618
125547,3,5.079367736467156
125548,3,4.352319071209019
125549,3,4.178342597211293
125550,3,5.335167621617567
125551,3,5.3824581931518285
125552,3,5.2675294830853066
125553,3,5.191791519296618
125554,3,5.219567873524738
125555,3,4.9722994307047035
125556,3,4.732099706611673
125557,3,5.398367378771058
125558,3,5.394025610092589
125559,3,4.953420755129297
125560,3,4.995804810135332
125561,3,4.492818385071591
125562,3,5.001674999871207
125563,3,5.179191413006507
125564,3,5.119502744732937
125565,3,4.684867149185854
125566,3,4.156450961634735
125567,3,5.476063037311797
125568,3,5.074213761215717
125569,3,4.778052398026733
125570,3,4.3738829075355135
125571,3,5.1915271971229515
125572,3,4.815877028907773
125573,3,5.370811690039833
125574,3,5.161987353611639
125575,3,5.534849920097246
125576,3,5.417028848116927
125577,3,4.9588556882190105
125578,3,4.908499298552812
125579,3,5.315259988046021
125580,3,5.1522742085794615
125581,3,5.102439232365352
125582,3,5.208093646922876
125583,3,4.285466105925476
125584,3,5.215585520172804
125585,3,4.258149783297982
125586,3,4.98925759100889
125587,3,4.641187831150372
125588,3,5.313487617439426
125589,3,4.925471026942952
125590,3,5.2449404470891885
125591,3,4.9513088039910045
125592,3,5.52949526782895
125593,3,3.5257517629277624
125594,3,5.210491319086606
125595,3,5.182833350237843
125596,3,4.661226170417489
125597,3,5.017751755159738
125598,3,4.165658327619589
125599,3,5.1798758734526995
125600,3,4.979895561157389
125601,3,4.854676295888816
125602,3,5.269715111167423
125603,3,3.4023767244866097
125604,3,5.009097214385691
125605,3,4.452745418234634
125606,3,5.157777541670016
125607,3,4.751932159134262
125608,3,5.248059097472055
125609,3,5.0619969351169996
125610,3,5.200807873124593
125611,3,5.5912989714547106
125612,3,5.317252131621428
125613,3,5.095469722432798
125614,3,5.094005877024505
125615,3,4.7980150391858505
125616,3,4.346595739950422
125617,3,5.557126488220861
125618,3,5.08296312950738
125619,3,5.227671370526414
125620,3,3.992678222315726
125621,3,4.805959400636451
125622,3,5.0950237980333295
125623,3,5.054287251625976
125624,3,4.717428154965403
125625,3,4.763939436925398
125626,3,4.834794577817116
125627,3,4.73684374405102
125628,3,4.980828337535537
125629,3,5.314380107613277
125630,3,4.283874492851532
125631,3,5.232756227281273
125632,3,5.010413032124479
125633,3,4.947332415522287
125634,3,5.197878235755278
125635,3,5.170559685988567
125636,3,4.884831713448592
125637,3,5.0226396727196425
125638,3,4.927152452947068
125639,3,4.545370661053266
125640,3,4.117187316453249
125641,3,4.771470014692845
125642,3,4.89889998933022
125643,3,4.9046762836586195
125644,3,4.843751409623938
125645,3,4.172200659213155
125646,3,5.3209811303288
125647,3,4.128061040968078
125648,3,4.617240420014312
125649,3,4.848634464873837
125650,3,4.67403332182
125651,3,5.236940946870982
125652,3,4.241002594991778
125653,3,4.798211781447446
125654,3,4.817249484204787
125655,3,5.001544571280734
125656,3,4.948772596654355
125657,3,4.836179133826045
125658,3,4.969676068352552
125659,3,5.20972843522957
125660,3,5.288123634683769
125661,3,5.0595926490456264
125662,3,5.479500870934184
125663,3,4.74718781547854
125664,3,5.1426611542331075
125665,3,4.322656529873728
125666,3,4.840980129380016
125667,3,4.889649171069929
125668,3,5.090175853911143
125669,3,5.092541080481638
125670,3,4.999205661911667
125671,3,4.383747991119531
125672,3,3.9084578908608005
125673,3,4.972931667832044
125674,3,3.7120078705355413
125675,3,4.427206321653673
125676,3,4.7831250363812305
125677,3,4.707093021518955
125678,3,4.797524291970246
125679,3,4.319136057468784
125680,3,4.212463520287518
125681,3,4.802712420171359
125682,3,4.715862077084564
125683,3,4.415187684048372
125684,3,4.559266676696343
125685,3,4.947012231674342
125686,3,4.703196782562307
125687,3,3.8820826492865246
125688,3,3.6915135567105133
125689,3,4.6246453963913865
125690,3,4.872037615818518
125691,3,4.843785711406706
125692,3,5.021318048738623
125693,3,4.373744477947004
125694,3,3.8827437898109007
125695,3,4.792160773444451
125696,3,4.916987297030926
125697,3,5.065137089358825
125698,3,4.69396670546967
125699,3,4.667448328022964
125700,3,3.6594313291515865
125701,3,4.454971260509399
125702,3,3.7611461352394753
125703,3,4.443193828615019
125704,3,4.786186068014445
125705,3,3.874903552405819
125706,3,4.5529079268613355
125707,3,4.264711390136645
125708,3,4.097735102798216
125709,3,4.7154360233036305
125710,3,3.7126503845437133
125711,3,4.312334298339874
125712,3,4.441461770733364
125713,3,4.269744763778409
125714,3,3.9486499747012864
125715,3,4.799773289836117
125716,3,4.724280862724143
125717,3,4.624611563232687
125718,3,4.46578762551697
125719,3,4.194712525353863
125720,3,4.382526011051723
125721,3,4.116012104086304
125722,3,4.505787974147996
125723,3,4.053222402502795
125724,3,4.512038433791527
125725,3,4.448320467021315
125726,3,4.5406251531615185
125727,3,3.5636924393740483
125728,3,4.361597439406417
125729,3,4.8305767439748175
125730,3,3.586554477052168
125731,3,4.236162740114938
125732,3,3.905430948384506
125733,3,4.59997538363372
125734,3,4.822504445439283
125735,3,4.019249038145263
125736,3,4.096066055578046
125737,3,4.296321632766308
125738,3,4.3740161359788114
125739,3,3.6710421764092183
125740,3,4.8233593692920085
125741,3,4.255152782105791
125742,3,3.849592481361118
125743,3,3.866740366140258
125744,3,3.7192656812491953
125745,3,4.095819761422703
125746,3,4.01094384631935
125747,3,3.646399157431781
125748,3,4.147323423071408
125749,3,3.603896945806768
125750,3,4.014480880013779
125751,3,3.616642967989213
125752,3,3.091142774204756
125753,3,8.474304792771685
125754,3,9.493599296864794
125755,3,9.211950131762517
125756,3,9.157263783741234
125757,3,8.67419534555531
125758,3,9.501439235774125
125759,3,9.528357966093724
125760,3,9.246848058697662
125761,3,9.233340622558512
125762,3,9.13217216028799
125763,3,8.613009193445077
125764,3,9.3564720568963
125765,3,9.295761360247127
125766,3,9.196279990140747
125767,3,8.540913491232054
125768,3,8.749628117401654
125769,3,9.290355515289205
125770,3,8.736151690238867
125771,3,8.686656396416941
125772,3,9.469240278685279
125773,3,9.066073471076482
125774,3,9.278714790518626
125775,3,9.170315873613214
125776,3,8.296020165941968
125777,3,9.104858208518948
125778,3,9.22546040719249
125779,3,9.213560678525708
125780,3,9.167570949950656
125781,3,8.374721741794046
125782,3,9.05258964430843
125783,3,8.965424491640897
125784,3,8.71763427154299
125785,3,8.917709725572472
125786,3,9.089737975510541
125787,3,8.91958805353941
125788,3,9.352872620757228
125789,3,9.174196568106446
125790,3,9.315816988854426
125791,3,8.610104782346848
125792,3,8.991037924396773
125793,3,9.073410089527178
125794,3,9.269134241872948
125795,3,8.896366751111747
125796,3,9.208120388627453
125797,3,9.199715763828074
125798,3,9.280397380708457
125799,3,9.132680939932785
125800,3,8.93545524391221
125801,3,9.222643457343322
125802,3,9.068862612795376
125803,3,9.120516031187154
125804,3,9.254722817977177
125805,3,9.230216267561445
125806,3,9.229603951629098
125807,3,8.687996443131208
125808,3,8.182414409809063
125809,3,8.158091948534002
125810,3,9.253254563825253
125811,3,9.190838380871257
125812,3,9.286027890598767
125813,3,8.641562826147396
125814,3,9.18794402430127
125815,3,9.220141281410774
125816,3,8.547078054805269
125817,3,9.08122018343871
125818,3,9.10692172900146
125819,3,8.890416917831153
125820,3,9.236417036266289
125821,3,8.682620526494938
125822,3,8.268522265062924
125823,3,8.522305658081768
125824,3,9.108108850398878
125825,3,8.838535396138528
125826,3,8.912403070590395
125827,3,8.752845773917954
125828,3,8.752845773917954
125829,3,8.719910260375055
125830,3,8.163244817008415
125831,3,9.284025498419043
125832,3,8.860481899137518
125833,3,8.713989969163238
125834,3,8.973275511859114
125835,3,8.485821888680753
125836,3,8.625863231636488
125837,3,8.928667929642922
125838,3,9.055943076117991
125839,3,8.613159773255289
125840,3,8.700903165041499
125841,3,8.272856113832642
125842,3,9.175337990019537
125843,3,8.649959544343327
125844,3,8.346178807834322
125845,3,8.942469575087118
125846,3,8.58222550650903
125847,3,8.878613064597234
125848,3,8.531120123457336
125849,3,9.198117509891516
125850,3,8.971726979074504
125851,3,8.655950486964413
125852,3,8.165426675565836
125853,3,8.868174578360993
125854,3,8.616348348842108
125855,3,8.222433345483894
125856,3,9.054724461817415
125857,3,8.49592920236893
125858,3,8.126897255459754
125859,3,8.870897582592006
125860,3,8.870897582592006
125861,3,9.029841081939798
125862,3,8.448750235453131
125863,3,9.017686900391897
125864,3,8.535988802643496
125865,3,8.894374681453826
125866,3,8.938444942781803
125867,3,8.51594019469998
125868,3,8.790526106396841
125869,3,8.788047671751574
125870,3,9.190442751291052
125871,3,8.868658433975327
125872,3,9.254803108079704
125873,3,7.768689649302195
125874,3,6.360560536184526
125875,3,7.974182951724805
125876,3,9.037352147382173
125877,3,8.912032644639865
125878,3,8.585073104551704
125879,3,7.794541456049274
125880,3,8.595591173503447
125881,3,8.876264884285918
125882,3,9.090015644864055
125883,3,8.675327409078267
125884,3,8.497086268722565
125885,3,9.286271129754946
125886,3,9.170258682565436
125887,3,8.878094397381979
125888,3,8.297342182180952
125889,3,8.541255731367215
125890,3,8.84601333284689
125891,3,8.449499984802642
125892,3,8.538436676180462
125893,3,8.83855339535129
125894,3,9.143411076970553
125895,3,8.826661854156114
125896,3,9.142581025106367
125897,3,8.734252213431919
125898,3,8.436388552679254
125899,3,8.097080998296208
125900,3,8.534332792778317
125901,3,8.899295864577748
125902,3,9.03667195503508
125903,3,8.317652880992798
125904,3,8.628848241544414
125905,3,7.9794318531690545
125906,3,9.283515130375399
125907,3,8.772342792371377
125908,3,8.162384335073417
125909,3,8.502346295609385
125910,3,9.18770284458175
125911,3,8.823033639995389
125912,3,8.923235488198225
125913,3,8.094984115266463
125914,3,9.007970939873884
125915,3,8.545524638673973
125916,3,8.62003761099343
125917,3,8.68843126307379
125918,3,8.578619797762432
125919,3,8.946626419488029
125920,3,8.595663536901089
125921,3,7.815466095184076
125922,3,8.297315592133339
125923,3,9.160323812249633
125924,3,8.551442341587698
125925,3,8.671612343084119
125926,3,8.977377447632337
125927,3,8.73131339233242
125928,3,9.075468659646317
125929,3,8.295760408794655
125930,3,8.376885740122997
125931,3,8.571540458402204
125932,3,8.738502494435718
125933,3,8.86990811279507
125934,3,8.50327932750401
125935,3,8.552725113002174
125936,3,8.552972617799025
125937,3,8.477364260609342
125938,3,7.611523348690376
125939,3,8.527678364642231
125940,3,8.609679416011979
125941,3,8.636338491854744
125942,3,8.451550957919977
125943,3,8.404298739128137
125944,3,6.999823154625669
125945,3,8.394854388286833
125946,3,8.909552191756267
125947,3,8.772064804829974
125948,3,8.482015986255531
125949,3,9.174986296101771
125950,3,9.204563618733486
125951,3,8.813837859258836
125952,3,8.813837859258836
125953,3,8.837621050912018
125954,3,8.344270108260188
125955,3,8.400696414918885
125956,3,7.943845033481459
125957,3,7.85457538231337
125958,3,7.777279776245859
125959,3,8.260009263795071
125960,3,8.563252328636866
125961,3,8.41891931049516
125962,3,8.652207066205614
125963,3,8.943025617076099
125964,3,9.201672810162773
125965,3,8.335297380969445
125966,3,8.903229997533037
125967,3,5.902979012624489
125968,3,6.6795020684434965
125969,3,8.524515350456584
125970,3,9.115218353990993
125971,3,8.586243308413403
125972,3,8.263475687909914
125973,3,8.5927281867908
125974,3,9.021126503681613
125975,3,8.749701764015771
125976,3,8.418814949703304
125977,3,8.118981730138781
125978,3,8.936670312520208
125979,3,8.739932422876358
125980,3,8.64876463246668
125981,3,8.967669506129631
125982,3,8.121928817969936
125983,3,8.384893082443766
125984,3,8.1902245594086
125985,3,8.531138275656625
125986,3,8.336230990933151
125987,3,8.301938640224916
125988,3,7.6663370795587396
125989,3,8.85630335125689
125990,3,8.685561113046148
125991,3,8.271871442465068
125992,3,7.212234413826826
125993,3,7.932873826860401
125994,3,8.511680933748782
125995,3,8.057182817337097
125996,3,7.960274104014307
125997,3,8.165247442277423
125998,3,8.886463853029365
125999,3,8.506722596151038
126000,3,8.241722640594514
126001,3,8.375864257031711
126002,3,8.638133525937356
126003,3,8.284196235832615
126004,3,6.591563584294857
126005,3,8.480227938372634
126006,3,7.945168259259363
126007,3,8.640743447232664
126008,3,8.267912147543147
126009,3,8.312870851603522
126010,3,8.051233180604727
126011,3,8.440410198417103
126012,3,8.992141239465127
126013,3,8.11281914439908
126014,3,8.351722922276764
126015,3,8.49362108750698
126016,3,8.43791918589852
126017,3,7.771809899382476
126018,3,7.338357033265507
126019,3,8.758091180172043
126020,3,8.00495407217537
126021,3,8.262407053663317
126022,3,7.863969697624547
126023,3,8.409735000409805
126024,3,8.104379486654219
126025,3,8.443169125173666
126026,3,8.707977979317489
126027,3,9.147435082984448
126028,3,8.678436791441579
126029,3,7.964911479669864
126030,3,7.558167245256298
126031,3,8.682473777365061
126032,3,8.31965493482624
126033,3,8.23231913977733
126034,3,9.440792965138098
126035,3,8.264112140368978
126036,3,8.114799632001393
126037,3,8.303286589675592
126038,3,9.04095252290697
126039,3,8.412517466995107
126040,3,8.612620700899583
126041,3,9.019906465743947
126042,3,8.692170116069647
126043,3,8.691200193123823
126044,3,7.92675931878954
126045,3,8.446795813468242
126046,3,8.163821566895379
126047,3,8.356269676375913
126048,3,8.387961032803535
126049,3,8.222975142722413
126050,3,8.327230652562871
126051,3,8.070503670897066
126052,3,8.183035942009061
126053,3,8.660412579870371
126054,3,7.757873978626772
126055,3,8.245356876717508
126056,3,7.951455728856257
126057,3,8.331245453502937
126058,3,8.540582280081802
126059,3,8.320261188632038
126060,3,9.156667562279955
126061,3,8.370484150834073
126062,3,9.224778066487104
126063,3,7.735767806815757
126064,3,8.185768352010484
126065,3,8.12273284898819
126066,3,8.074902638970617
126067,3,8.128311105020684
126068,3,7.3413727317418145
126069,3,8.262531218317093
126070,3,8.349272138927443
126071,3,9.10833065228765
126072,3,8.095126548228855
126073,3,8.50055166887078
126074,3,8.32105797072099
126075,3,8.328934776494444
126076,3,8.430728434074641
126077,3,8.84422214335207
126078,3,8.681546533231074
126079,3,8.553046850620825
126080,3,8.439874040763792
126081,3,8.021203536336461
126082,3,8.238078505842306
126083,3,8.926767769337738
126084,3,8.263323450839776
126085,3,7.946160327812977
126086,3,8.052009291957138
126087,3,8.044768972428297
126088,3,8.517004000700489
126089,3,8.447844680460976
126090,3,7.8207770966892465
126091,3,8.311704467530124
126092,3,8.063649926847761
126093,3,8.29082393482572
126094,3,8.378224824302492
126095,3,8.234244968127305
126096,3,8.508246677656798
126097,3,8.251176597464829
126098,3,8.464693398785284
126099,3,7.634910673637355
126100,3,8.589475319230257
126101,3,8.501401727627124
126102,3,8.606120134620156
126103,3,8.102825742147017
126104,3,7.6756358919547285
126105,3,8.987546582330431
126106,3,7.80983499593666
126107,3,8.101444960561794
126108,3,7.617423020181831
126109,3,8.25947372852085
126110,3,7.640185805900908
126111,3,8.6077128286145
126112,3,7.827902052295691
126113,3,8.396579381022718
126114,3,8.353033153032627
126115,3,8.066271459596827
126116,3,8.499637895865266
126117,3,7.441400389788407
126118,3,7.410829870414114
126119,3,8.04718215637289
126120,3,8.353938293595949
126121,3,8.070360271721231
126122,3,8.498118084364483
126123,3,7.701483659910624
126124,3,7.76665760763718
126125,3,7.292301649543562
126126,3,7.132917743406595
126127,3,7.8487670705483925
126128,3,8.470107878916034
126129,3,7.7460546508836385
126130,3,8.135783157142125
126131,3,8.31461438220514
126132,3,7.901655495573612
126133,3,8.421720649318036
126134,3,8.676979287445135
126135,3,7.729231942637241
126136,3,7.961167480057165
126137,3,7.959080702763961
126138,3,8.593926854580253
126139,3,8.416055266214544
126140,3,8.527114867237875
126141,3,8.515870141080988
126142,3,8.376851613321563
126143,3,8.055400461818168
126144,3,8.114043601404878
126145,3,8.228055985534176
126146,3,8.434690857603446
126147,3,7.823829401469703
126148,3,7.845202598822167
126149,3,7.467568942688596
126150,3,7.784910183582335
126151,3,7.736212680872436
126152,3,8.029602954981298
126153,3,8.531899554372199
126154,3,8.475688744838774
126155,3,8.048900770594031
126156,3,8.475966797634895
126157,3,8.329794635193188
126158,3,8.480754998433857
126159,3,8.854993741311569
126160,3,7.283812555653432
126161,3,6.470135781566647
126162,3,8.865976881785997
126163,3,7.985936424671007
126164,3,7.502154474209372
126165,3,8.688121760443341
126166,3,7.704719018649426
126167,3,7.9135079298516136
126168,3,8.259563334484806
126169,3,8.285140890961308
126170,3,7.591732718559731
126171,3,8.06598516239981
126172,3,7.993778353235985
126173,3,8.297021088365433
126174,3,7.925223807488459
126175,3,7.952963737339236
126176,3,8.209677552172188
126177,3,7.580791409845118
126178,3,8.262365725674634
126179,3,8.177950012506223
126180,3,7.985613916694278
126181,3,8.343724733743711
126182,3,7.852918033539619
126183,3,8.276137512202983
126184,3,8.255116387958935
126185,3,7.662698232898482
126186,3,8.309455564189662
126187,3,8.31308807537988
126188,3,6.9192166436555755
126189,3,7.863099664716797
126190,3,7.6958703735838645
126191,3,7.848609563907852
126192,3,7.387031888999126
126193,3,7.910470117453199
126194,3,8.24106747362503
126195,3,8.401072135956001
126196,3,8.40617229402498
126197,3,7.697928274658758
126198,3,7.949228924702694
126199,3,8.49011223848579
126200,3,8.185854711603657
126201,3,8.01090494252423
126202,3,8.017794158237798
126203,3,8.116139207140321
126204,3,8.96080140487061
126205,3,7.937146215053924
126206,3,8.264898803839149
126207,3,7.787400521959631
126208,3,8.303316443924418
126209,3,7.3299852162963965
126210,3,7.636229108774317
126211,3,7.901889848399964
126212,3,8.119153068959752
126213,3,7.941728716177936
126214,3,4.3750557809585535
126215,3,7.897899955189655
126216,3,8.23231870102126
126217,3,8.128272644984433
126218,3,7.797839472390743
126219,3,8.607849262767186
126220,3,8.195610807383373
126221,3,8.142955239219326
126222,3,8.193440750307778
126223,3,6.9649813837205645
126224,3,7.199933218831206
126225,3,8.874966206509644
126226,3,7.740190246261744
126227,3,8.608731658639845
126228,3,8.08187489090702
126229,3,8.033267262459963
126230,3,8.664976792330096
126231,3,8.747889573270104
126232,3,8.27557927345752
126233,3,7.909133692525478
126234,3,7.882328962759059
126235,3,7.900374514900576
126236,3,8.00749861313911
126237,3,7.361061333405816
126238,3,8.315879187002748
126239,3,6.916174057381695
126240,3,6.5852193481096535
126241,3,7.937940843369734
126242,3,7.476371338110871
126243,3,7.548800537668376
126244,3,8.162696932491677
126245,3,8.075723215473678
126246,3,7.6901299094360125
126247,3,8.12419058753964
126248,3,8.03403829035802
126249,3,7.371066514570934
126250,3,7.8819019622023685
126251,3,8.278552465326541
126252,3,8.072401451191613
126253,3,7.836154828097899
126254,3,8.459437614721189
126255,3,8.483300062691104
126256,3,7.753559666208678
126257,3,8.358500626865748
126258,3,7.622344941178315
126259,3,7.895988224720265
126260,3,8.13812555980785
126261,3,8.044599266050973
126262,3,6.616385565302808
126263,3,5.551211478567863
126264,3,8.241021943000481
126265,3,8.140552575035443
126266,3,7.978667771806654
126267,3,7.571129213836204
126268,3,7.721146269841048
126269,3,8.678588664566377
126270,3,7.3802937263160855
126271,3,7.463317576785993
126272,3,8.19948035865919
126273,3,6.717558844221955
126274,3,7.861357622324207
126275,3,7.5190521634125345
126276,3,7.337148685127545
126277,3,8.016142820643
126278,3,7.2966268981999525
126279,3,7.566637745205292
126280,3,6.96753248995243
126281,3,7.269047284325061
126282,3,7.995717300958493
126283,3,8.212393636377348
126284,3,7.244649468647765
126285,3,7.4504660101590146
126286,3,8.745865102934928
126287,3,8.00027691655212
126288,3,7.785196512902614
126289,3,6.992140233990801
126290,3,7.8587739881231276
126291,3,7.755993084929837
126292,3,8.487493836907493
126293,3,6.792052079956017
126294,3,5.616693487319537
126295,3,7.620327187152015
126296,3,8.003695926681631
126297,3,7.697027866170367
126298,3,7.8689744095151
126299,3,7.862293184959679
126300,3,7.824187405248417
126301,3,8.40078880576703
126302,3,8.27996016085431
126303,3,8.411185020236065
126304,3,8.050638376770605
126305,3,7.872859769330818
126306,3,7.7371953667031494
126307,3,8.339771183928598
126308,3,7.78262675060976
126309,3,7.970379914944238
126310,3,7.623983563903793
126311,3,7.882848599853189
126312,3,8.167304796249493
126313,3,7.439355064818175
126314,3,8.01534869989466
126315,3,7.874795626850354
126316,3,7.725497107950908
126317,3,7.639717120190565
126318,3,7.622036003645387
126319,3,7.9058829619881354
126320,3,7.813094092963808
126321,3,7.75176500920551
126322,3,8.036165110986257
126323,3,8.113654900259151
126324,3,7.996391293840093
126325,3,7.978066293319156
126326,3,7.891784412724556
126327,3,8.46553200445985
126328,3,7.639127823928762
126329,3,6.921174613609431
126330,3,8.225769641599376
126331,3,7.610102592956079
126332,3,7.776877646638527
126333,3,8.399725817011218
126334,3,7.5356455132580535
126335,3,6.00431433486588
126336,3,7.36315929964582
126337,3,7.626089125055939
126338,3,7.621463743499221
126339,3,7.981210129927346
126340,3,8.715728014231589
126341,3,7.549445421732487
126342,3,8.154550369183674
126343,3,8.381418153529838
126344,3,7.369465805927399
126345,3,7.277409277667663
126346,3,6.969344579547478
126347,3,7.26402693660275
126348,3,7.880554121383321
126349,3,7.824410904077749
126350,3,7.3663423157059
126351,3,8.337972738874347
126352,3,7.548612372353781
126353,3,6.242225567041829
126354,3,7.717829736353613
126355,3,7.483461733176802
126356,3,8.006488595771739
126357,3,8.191343373900319
126358,3,7.753503008837036
126359,3,6.392919020381151
126360,3,8.004154692340217
126361,3,7.752533938109425
126362,3,7.43849861024311
126363,3,7.3571952613739695
126364,3,8.034413269623052
126365,3,7.605803637296315
126366,3,7.889883886765172
126367,3,7.718073509402151
126368,3,8.124141951208959
126369,3,6.965001775335166
126370,3,7.411772073560006
126371,3,7.79224170480461
126372,3,7.037999479434716
126373,3,7.316949550647869
126374,3,6.953042464915976
126375,3,8.194141162366769
126376,3,7.843766995818045
126377,3,8.132119427974702
126378,3,7.482485613642226
126379,3,7.832503622776725
126380,3,6.937250224935361
126381,3,8.096230737481388
126382,3,7.686652905444741
126383,3,7.597155969637245
126384,3,8.051015431577897
126385,3,7.739169809545205
126386,3,7.41109594030924
126387,3,8.00717393745899
126388,3,6.744169763817354
126389,3,7.424855699023533
126390,3,8.415300281233916
126391,3,7.813411027715636
126392,3,7.905812123706619
126393,3,7.397090677293337
126394,3,7.091243021058896
126395,3,7.638895322124033
126396,3,7.664125313403965
126397,3,8.0231106709391
126398,3,6.840804668958608
126399,3,7.957717683225661
126400,3,7.3543628947124144
126401,3,8.4640682715214
126402,3,8.128513502479606
126403,3,6.990203472287411
126404,3,6.191272818205657
126405,3,7.017078661620307
126406,3,7.4985387239982515
126407,3,7.5478878775156275
126408,3,7.537815939122187
126409,3,7.509522457746024
126410,3,7.835407617495084
126411,3,7.276346973244931
126412,3,7.812079075252623
126413,3,7.8057662605351865
126414,3,7.915885012368742
126415,3,8.035636886798182
126416,3,7.982468120875368
126417,3,7.650881252095959
126418,3,7.063148783370799
126419,3,7.5568862592383805
126420,3,7.633721542312464
126421,3,7.275930318684671
126422,3,7.778958849826283
126423,3,7.954618921477101
126424,3,7.012784583951342
126425,3,7.233757701838705
126426,3,7.426962746480059
126427,3,7.835991512788683
126428,3,8.426141764267761
126429,3,7.566679705630661
126430,3,7.546260532029057
126431,3,7.552298443124633
126432,3,7.106613925380394
126433,3,8.019009957713132
126434,3,7.546249758947476
126435,3,8.3109170164061
126436,3,7.310144055145663
126437,3,7.069539766653802
126438,3,6.801783442973815
126439,3,8.081310501637724
126440,3,7.665936852831565
126441,3,7.521156748216416
126442,3,7.22563361751819
126443,3,7.459816572064182
126444,3,7.089640027152654
126445,3,7.955111150864066
126446,3,8.035406456419034
126447,3,7.484964756435525
126448,3,7.262620829870542
126449,3,7.493042147134535
126450,3,7.662560908562961
126451,3,6.606389135465561
126452,3,7.447296988726538
126453,3,8.413362184582548
126454,3,7.365093586983046
126455,3,8.463983076669567
126456,3,7.514534603604295
126457,3,8.211653582420414
126458,3,7.5313235253508415
126459,3,6.916774349538594
126460,3,7.434393020240692
126461,3,7.769993854095382
126462,3,7.534410242084966
126463,3,7.594168691864286
126464,3,8.277475852030316
126465,3,7.802888991118275
126466,3,7.875643820243619
126467,3,7.31187223496515
126468,3,7.208164231223197
126469,3,7.3978479318639
126470,3,6.441346431651903
126471,3,7.946336135756491
126472,3,6.712871002828843
126473,3,7.121689183461832
126474,3,7.317400653093994
126475,3,8.061556725828794
126476,3,7.484895682160342
126477,3,7.144197569724155
126478,3,8.480446865485376
126479,3,7.3394913271648425
126480,3,7.250837280115988
126481,3,7.889791565504474
126482,3,7.943003646587792
126483,3,7.4977594610889575
126484,3,7.779081826014613
126485,3,5.714327137000145
126486,3,7.337598050748621
126487,3,6.862707027864231
126488,3,7.852255452411358
126489,3,8.157101357966459
126490,3,7.411429132723923
126491,3,8.129013960964548
126492,3,6.383176415034722
126493,3,8.286269334800421
126494,3,6.902211000802371
126495,3,7.606612033586949
126496,3,8.03215504968126
126497,3,7.067679525520541
126498,3,7.072155429278655
126499,3,7.085226168462732
126500,3,7.077822443983591
126501,3,7.55220348713392
126502,3,6.927445286274263
126503,3,7.001605267812636
126504,3,6.927730746754419
126505,3,7.83953546909841
126506,3,6.935269752985053
126507,3,6.997569930336299
126508,3,7.493859198317118
126509,3,6.879504673136224
126510,3,7.5153981538099845
126511,3,7.64258822212789
126512,3,6.869606053092396
126513,3,7.087744633249806
126514,3,7.238910673579822
126515,3,8.267983798282518
126516,3,7.364323181603358
126517,3,7.056366134192527
126518,3,7.786098650174804
126519,3,7.309247788091228
126520,3,7.2797523782909614
126521,3,7.072393193096643
126522,3,7.750795823823027
126523,3,8.28414735548773
126524,3,7.224729392673417
126525,3,6.897380372910871
126526,3,7.54271023684163
126527,3,7.7415180175627345
126528,3,7.015735923828648
126529,3,7.689183603331333
126530,3,7.112142931546657
126531,3,7.400951736788598
126532,3,6.882537540465143
126533,3,7.457015847450404
126534,3,8.582000804786864
126535,3,7.279307787625333
126536,3,7.008420554088346
126537,3,7.302027705099658
126538,3,7.29650905222632
126539,3,7.167032607697612
126540,3,7.1107794115849075
126541,3,7.359016170978004
126542,3,6.905140211752031
126543,3,7.631041782282587
126544,3,8.333242574329633
126545,3,7.616007917514905
126546,3,7.18867506794484
126547,3,6.878296313021355
126548,3,7.2531522319854975
126549,3,6.876798261417664
126550,3,7.09206454525966
126551,3,6.87475598890878
126552,3,6.734808085148927
126553,3,6.935969723958807
126554,3,7.422278924849902
126555,3,7.1690996295927185
126556,3,6.958492249329262
126557,3,6.746037264417286
126558,3,6.796023247083513
126559,3,7.206451541179259
126560,3,7.388349073912806
126561,3,6.708591380528624
126562,3,8.043157387250192
126563,3,7.002340213100432
126564,3,6.663704957388193
126565,3,7.551122919516493
126566,3,7.064338017606622
126567,3,7.054341741241829
126568,3,7.239104044449333
126569,3,8.119763781021303
126570,3,6.711034802994058
126571,3,7.573908235913581
126572,3,7.074231173806865
126573,3,7.370049520230801
126574,3,7.84236597697279
126575,3,7.415580920371994
126576,3,7.95996522637462
126577,3,6.972910425800274
126578,3,7.289580009273305
126579,3,7.417081379923897
126580,3,7.139876022659998
126581,3,8.394710940601465
126582,3,6.79487832416864
126583,3,7.551057686560615
126584,3,7.5924226686337395
126585,3,6.875626253242355
126586,3,7.428191616957938
126587,3,7.178516470115991
126588,3,7.030508302007784
126589,3,7.943453160034875
126590,3,7.109633739291849
126591,3,6.967428725449868
126592,3,7.454339170175021
126593,3,7.454339170175021
126594,3,6.983814365031279
126595,3,6.858667712456187
126596,3,7.6072313976530594
126597,3,7.075884302362916
126598,3,7.062295121944378
126599,3,7.581744306072842
126600,3,7.135565656484893
126601,3,7.2098615473075425
126602,3,7.359800935585146
126603,3,6.7844257183934005
126604,3,7.2603231032946365
126605,3,7.364088587426902
126606,3,7.1187351888794925
126607,3,6.44493011296721
126608,3,6.487473466713348
126609,3,7.1557946893926525
126610,3,7.364939000516185
126611,3,7.2447488112288125
126612,3,7.38207732263629
126613,3,6.186973142842759
126614,3,6.134784311424978
126615,3,7.0604368379379165
126616,3,7.426025562643725
126617,3,6.879442561282192
126618,3,7.074249951767501
126619,3,6.978299498794321
126620,3,7.296543502539537
126621,3,6.797094678482479
126622,3,6.7172718570513785
126623,3,6.496236637582986
126624,3,6.5404202394725965
126625,3,7.100420000875781
126626,3,6.9612435316691545
126627,3,7.224751196826831
126628,3,6.660202838699883
126629,3,7.592577972932053
126630,3,7.353973068132125
126631,3,6.987794904428948
126632,3,6.791203576115791
126633,3,7.5637731342834655
126634,3,6.809956351461505
126635,3,7.040299557668755
126636,3,6.890611225720433
126637,3,7.3630861888561405
126638,3,7.475522831851464
126639,3,6.885073399300835
126640,3,6.868008005091696
126641,3,7.131265844508259
126642,3,6.843021213632296
126643,3,6.824225435662711
126644,3,7.185481648278372
126645,3,6.531718642542573
126646,3,6.809084529101836
126647,3,7.152775379905145
126648,3,7.996520271651562
126649,3,7.084196942707483
126650,3,6.510510530596412
126651,3,7.067486926405464
126652,3,7.287115030111159
126653,3,7.1141088178624035
126654,3,6.811022272655408
126655,3,7.0144850112478165
126656,3,7.132316381049841
126657,3,7.506657705100942
126658,3,7.297121495516538
126659,3,7.566554685914782
126660,3,6.792657207621425
126661,3,6.905284213401917
126662,3,7.856627102413727
126663,3,6.776371093187837
126664,3,6.80044610701799
126665,3,6.863438728299893
126666,3,6.894606651356244
126667,3,8.06280556379095
126668,3,7.209445576170236
126669,3,7.495537429092293
126670,3,6.780496062275213
126671,3,7.163975583348665
126672,3,7.016589824192665
126673,3,6.742626920840054
126674,3,6.955949054836974
126675,3,7.382270190882328
126676,3,6.932774325144056
126677,3,6.870336322768243
126678,3,6.937508338675616
126679,3,6.504798063268978
126680,3,6.776179587205583
126681,3,6.717480538329272
126682,3,7.274347623061776
126683,3,7.556989576382731
126684,3,7.114862272298328
126685,3,6.674601914870249
126686,3,7.031114735940308
126687,3,6.778725464264704
126688,3,6.580082296924182
126689,3,7.251290262145128
126690,3,7.010834927953805
126691,3,7.042228856598909
126692,3,6.2446654282802525
126693,3,6.81523726057388
126694,3,7.123326666529454
126695,3,7.28629339428907
126696,3,7.229814182779922
126697,3,6.764082104833854
126698,3,7.1011404858537714
126699,3,7.2323849693074695
126700,3,7.069257116928271
126701,3,6.961609443065434
126702,3,7.299597057766044
126703,3,6.839079100496941
126704,3,7.347447111428722
126705,3,7.233393100154638
126706,3,6.849485100840912
126707,3,6.661188753703266
126708,3,6.8803813175011825
126709,3,6.158440126092374
126710,3,7.44574204361604
126711,3,6.839294658084849
126712,3,7.652084091469078
126713,3,7.089885034593225
126714,3,6.953511166628133
126715,3,6.825974750134783
126716,3,6.980689719445371
126717,3,6.950150108610627
126718,3,7.12991097344193
126719,3,6.864189131095803
126720,3,7.130399366828527
126721,3,6.562087854853438
126722,3,7.256900778766986
126723,3,6.950110019883932
126724,3,6.860926651689446
126725,3,7.011094478097039
126726,3,6.795808309464905
126727,3,6.589271731482981
126728,3,7.2793591329735605
126729,3,6.676912320878186
126730,3,5.837126388704043
126731,3,6.568103767430818
126732,3,6.898910732797748
126733,3,6.2867875665648585
126734,3,6.595224491888916
126735,3,7.101565643698474
126736,3,6.839101272941633
126737,3,6.319707629674713
126738,3,7.28186476559017
126739,3,6.864475449365845
126740,3,7.162358818434326
126741,3,6.887647806042013
126742,3,7.3023654531605455
126743,3,6.756676862705317
126744,3,7.317283568646764
126745,3,6.581754636566742
126746,3,6.568335254821131
126747,3,7.653006392242783
126748,3,7.3002006937533
126749,3,6.749759727820806
126750,3,7.140612688721148
126751,3,6.043229754773569
126752,3,6.7164454257430615
126753,3,7.5885962119528365
126754,3,6.656615251550036
126755,3,6.544948617187846
126756,3,6.733980999011135
126757,3,6.62873895916583
126758,3,6.632060431028634
126759,3,6.242528946806441
126760,3,6.37337450417168
126761,3,6.496677428212181
126762,3,6.591909498812719
126763,3,7.093091046576272
126764,3,6.539023545785238
126765,3,6.916902906327376
126766,3,6.268333673117625
126767,3,6.588710010646455
126768,3,6.921950798328488
126769,3,6.603706669819597
126770,3,6.441287505562597
126771,3,6.98813887295223
126772,3,6.678025820439342
126773,3,6.263039691645366
126774,3,6.523361007367481
126775,3,6.323628516671992
126776,3,6.498489152487847
126777,3,5.626043976113909
126778,3,6.791204237297887
126779,3,5.914325748005774
126780,3,6.349651768769156
126781,3,6.361483819891395
126782,3,7.630306636228144
126783,3,6.917615397442434
126784,3,6.9202601847634035
126785,3,6.589329280752553
126786,3,6.255054913310245
126787,3,6.2108183097049565
126788,3,5.871933464832665
126789,3,5.82639287243077
126790,3,6.445021165583748
126791,3,6.239444535823882
126792,3,6.479249191456578
126793,3,6.667009528357535
126794,3,6.935458786695054
126795,3,6.339222170994449
126796,3,6.131473553458673
126797,3,6.226278624842562
126798,3,7.212164614339121
126799,3,6.226775566791448
126800,3,5.813941677105697
126801,3,7.290149087413412
126802,3,6.075082676203696
126803,3,5.950755594826674
126804,3,6.412823441950655
126805,3,5.700813861182216
126806,3,6.558649271493302
126807,3,5.720669579751573
126808,3,7.074212338782081
126809,3,6.54763261604461
126810,3,6.4635479046935735
126811,3,6.008222462550932
126812,3,6.4938896843131015
126813,3,6.747516454890417
126814,3,6.434315995174975
126815,3,5.698159556606474
126816,3,5.821159400779696
126817,3,6.649140599719574
126818,3,8.8438418127709
126819,3,6.938735640721059
126820,3,7.283361906620614
126821,3,6.886928038845336
126822,3,5.989472827702694
126823,3,6.255328274166759
126824,3,5.82455374845253
126825,3,6.837098369533806
126826,3,6.713335252922925
126827,3,6.703107268218528
126828,3,6.9102203227571035
126829,3,6.2215058564786085
126830,3,6.75870070360943
126831,3,6.760181981551775
126832,3,5.732677084071082
126833,3,6.730551571189227
126834,3,6.650166398079006
126835,3,6.5986436694196895
126836,3,5.820545244242001
126837,3,6.698901806858466
126838,3,6.932922523476454
126839,3,6.83049645007545
126840,3,6.811379700605587
126841,3,6.38785798050223
126842,3,5.734349540449129
126843,3,5.995561372186868
126844,3,6.350650001854078
126845,3,5.826985336056595
126846,3,6.392137835212961
126847,3,6.739112975902205
126848,3,6.961022937822973
126849,3,6.623616222330958
126850,3,6.680642045027417
126851,3,6.02074342267516
126852,3,6.314014344283086
126853,3,6.250279084467147
126854,3,6.685226300460313
126855,3,6.469870096466016
126856,3,6.276522131907882
126857,3,6.209509060759995
126858,3,6.722941268109642
126859,3,5.1432474868451745
126860,3,6.325949986332413
126861,3,6.226409654913504
126862,3,6.311910890114985
126863,3,5.7645595329066595
126864,3,6.7056172769187885
126865,3,6.677081176576719
126866,3,5.804181749519842
126867,3,5.977921271957691
126868,3,5.856429534117639
126869,3,5.058510882641011
126870,3,5.491110072925665
126871,3,5.7734926693926125
126872,3,6.865231210099536
126873,3,6.503581254141585
126874,3,6.867961864560113
126875,3,5.702295737652241
126876,3,6.338104217655506
126877,3,5.706172830130777
126878,3,6.149996857182
126879,3,5.849112004758061
126880,3,6.574262063997237
126881,3,5.503037667080771
126882,3,4.8414869974279195
126883,3,5.47764965595142
126884,3,6.192430457479871
126885,3,7.882170639281813
126886,3,4.851954291480048
126887,3,5.543949568031017
126888,3,5.645568892514634
126889,3,5.566443009547467
126890,3,5.2802501809410325
126891,3,5.478505240719242
126892,3,5.544136626440782
126893,3,3.6153323591721387
126894,3,5.508237229996237
126895,3,6.9970496491162155
126896,3,5.149839162905085
126897,3,4.631680184391639
126898,3,4.9511955764647615
126899,3,5.423582111270854
126900,3,3.838497266663068
126901,3,3.741779017658311
126902,3,5.047106326854039
126903,3,7.606067390786775
126904,3,7.693375561306171
126905,3,7.9186737078740475
126906,3,7.491728549950037
126907,3,8.447891318513017
126908,3,8.695453115348528
126909,3,9.040280323106778
126910,3,9.055135619118769
126911,3,8.134824906056227
126912,3,9.215484769350438
126913,3,9.018444886391961
126914,3,9.047306377287686
126915,3,7.395822298051531
126916,3,9.127294297481896
126917,3,9.325450923498037
126918,3,9.113264301798077
126919,3,8.436983236205059
126920,3,9.192761651931042
126921,3,9.246577787519678
126922,3,8.865337846065302
126923,3,9.167536252506634
126924,3,9.23030334150253
126925,3,9.097324352771135
126926,3,9.132335586657389
126927,3,7.72892360359954
126928,3,9.16021964133076
126929,3,9.002891414893448
126930,3,8.959296735481246
126931,3,9.000607713707161
126932,3,9.232528738084094
126933,3,8.509860584773083
126934,3,8.27500961053625
126935,3,9.224483386774828
126936,3,9.120674957380922
126937,3,8.842427041974753
126938,3,8.339677042538204
126939,3,9.099356331147884
126940,3,8.478762654109126
126941,3,9.286627295734977
126942,3,9.155081465070031
126943,3,9.156733112617092
126944,3,9.154919750514647
126945,3,9.219568730050337
126946,3,9.148510862047939
126947,3,8.869430024842455
126948,3,8.453647291695457
126949,3,9.058242505806314
126950,3,8.489371832207235
126951,3,9.04032784112074
126952,3,9.1367791908601
126953,3,8.609760852434222
126954,3,9.277149494900808
126955,3,9.197389181266972
126956,3,8.295945443983573
126957,3,8.29524130887148
126958,3,8.832521488998584
126959,3,8.563720908777034
126960,3,9.286216485558663
126961,3,9.11294771140227
126962,3,8.687498480322743
126963,3,9.142827642463349
126964,3,8.575200367766103
126965,3,9.068428043364989
126966,3,9.226252666206001
126967,3,8.985153300636401
126968,3,7.469341338985312
126969,3,9.001014117951419
126970,3,9.003980599513673
126971,3,8.008830531840665
126972,3,9.07403316748933
126973,3,8.872524293869741
126974,3,8.155322553521488
126975,3,7.8448875594557546
126976,3,8.781408920243525
126977,3,8.537528538837314
126978,3,8.502267691820578
126979,3,9.209047802619649
126980,3,8.676720377289493
126981,3,9.005933074325881
126982,3,8.696787391045968
126983,3,9.067510830141844
126984,3,9.269661525592156
126985,3,9.23945269790673
126986,3,8.560826078604252
126987,3,8.091073312261486
126988,3,9.23470217964747
126989,3,8.682300125149911
126990,3,8.759577718564854
126991,3,9.205007970312863
126992,3,9.096174351701903
126993,3,8.937135431005068
126994,3,9.032273203024932
126995,3,8.883084733154568
126996,3,8.895282378292027
126997,3,8.199198164494163
126998,3,9.03411359608307
126999,3,8.723737548004504
127000,3,8.767304992611074
127001,3,8.898604734260232
127002,3,9.216242120251444
127003,3,8.765690200444753
127004,3,8.917133760717018
127005,3,9.171613456910212
127006,3,8.406794606643377
127007,3,8.815617584467402
127008,3,9.032623532303791
127009,3,8.760607515145196
127010,3,9.04443736439399
127011,3,8.019215180645205
127012,3,9.025273712407213
127013,3,8.611845212211396
127014,3,9.106669250842872
127015,3,9.067054251161741
127016,3,8.414879356198668
127017,3,8.838494489794128
127018,3,9.10387771086014
127019,3,8.752240447097263
127020,3,8.387456303040416
127021,3,8.990197005535057
127022,3,8.645920891444987
127023,3,8.94414866973986
127024,3,9.108987565315974
127025,3,8.729837916344458
127026,3,9.005759897107623
127027,3,8.945361880646889
127028,3,8.481352529486808
127029,3,8.89708595892361
127030,3,7.943865962476919
127031,3,8.143151879359692
127032,3,7.9077850242674135
127033,3,8.115709076435609
127034,3,8.710375199354813
127035,3,9.028388991169393
127036,3,9.206101430477876
127037,3,8.828252032928233
127038,3,8.542689505213197
127039,3,8.688191608756036
127040,3,9.053131327656095
127041,3,8.57664106830343
127042,3,8.482838872193947
127043,3,8.521022523876518
127044,3,8.709660583985478
127045,3,8.522618529764017
127046,3,8.95974842008537
127047,3,8.85670084748438
127048,3,8.903752225298533
127049,3,8.550330859471648
127050,3,8.921365527430009
127051,3,8.559462181032451
127052,3,8.132033409894476
127053,3,8.511485417645067
127054,3,8.701816982614393
127055,3,9.030721012715347
127056,3,8.634501710073158
127057,3,8.950290332538184
127058,3,8.809606966221377
127059,3,7.8809987549384495
127060,3,8.922112107366788
127061,3,8.08173094321764
127062,3,8.602959343401807
127063,3,8.591735952618656
127064,3,8.533752563449784
127065,3,8.42720475225648
127066,3,8.811143199113442
127067,3,8.20947792000378
127068,3,8.146681480534095
127069,3,8.41822771455952
127070,3,7.58557908745178
127071,3,7.738131099669158
127072,3,8.613789226375594
127073,3,9.082921474889675
127074,3,8.430398735478366
127075,3,8.868401033564359
127076,3,8.62153964451877
127077,3,8.927971290934085
127078,3,9.091772089774732
127079,3,8.180334096434677
127080,3,8.780624792261289
127081,3,8.814830274129735
127082,3,8.814830274129735
127083,3,8.112506722190291
127084,3,8.666307550501799
127085,3,8.429435847632242
127086,3,8.446875845105568
127087,3,8.561178738027866
127088,3,8.402186897329514
127089,3,8.444383748185743
127090,3,8.59672144323333
127091,3,8.82118709702312
127092,3,8.32692917389226
127093,3,8.899857864157575
127094,3,8.298389264973626
127095,3,8.841308927707646
127096,3,8.984865134311924
127097,3,8.961669937679716
127098,3,8.610260424188743
127099,3,8.503565600863944
127100,3,7.795842177603117
127101,3,8.446554769666765
127102,3,8.881791596718257
127103,3,8.703832793037982
127104,3,8.56134281723849
127105,3,7.956002409383074
127106,3,8.39370400911588
127107,3,8.246664771970478
127108,3,8.86126838274225
127109,3,8.136631427672215
127110,3,8.68914496317914
127111,3,8.648077170640695
127112,3,8.137889344784856
127113,3,8.505944340908766
127114,3,8.387696840141698
127115,3,8.790488894285197
127116,3,8.40563793179551
127117,3,8.834442987754665
127118,3,8.789294949572483
127119,3,8.651041604622355
127120,3,7.969448154895311
127121,3,8.79929398053746
127122,3,8.354214587903387
127123,3,7.936667600731808
127124,3,8.787064195341099
127125,3,8.794845609255606
127126,3,8.557452930245738
127127,3,8.100427403260724
127128,3,8.707069226124933
127129,3,8.572691098044789
127130,3,8.609748126666004
127131,3,8.495719538500685
127132,3,8.27172803834787
127133,3,8.003082813574062
127134,3,8.430535247308008
127135,3,8.780597682212406
127136,3,8.132283395692408
127137,3,8.361250085850287
127138,3,8.37998631355449
127139,3,8.177295085613993
127140,3,9.243093350107383
127141,3,8.14231586995829
127142,3,8.525702097655822
127143,3,8.478158602749447
127144,3,8.206048105878986
127145,3,8.384757027467451
127146,3,7.705602482981981
127147,3,8.373658299290772
127148,3,8.43580108600087
127149,3,8.290875627833717
127150,3,8.741792255549429
127151,3,8.741792255549429
127152,3,8.231973078888778
127153,3,7.7426749179548136
127154,3,8.123442639769912
127155,3,8.474317382672519
127156,3,8.83407691176791
127157,3,8.474365094856559
127158,3,7.8610473403459995
127159,3,8.61054495745503
127160,3,8.116178605644889
127161,3,8.116178605644889
127162,3,8.429409947097561
127163,3,8.384002253042103
127164,3,7.537007196014795
127165,3,8.098264451136577
127166,3,6.689663766116825
127167,3,7.5781275283864895
127168,3,7.667608034458989
127169,3,8.24680878456146
127170,3,8.64578658733681
127171,3,7.9724068879107675
127172,3,8.615469951204538
127173,3,7.710439958258716
127174,3,8.40299705527112
127175,3,8.366528478953386
127176,3,8.742482538849638
127177,3,7.904912782291742
127178,3,8.172078668749315
127179,3,8.644923158985334
127180,3,8.925124595053598
127181,3,7.629628424354571
127182,3,8.726056106336223
127183,3,8.101787582346999
127184,3,8.391523800067784
127185,3,7.524739999175239
127186,3,8.400315320252716
127187,3,8.043794096614807
127188,3,8.953879098657328
127189,3,7.481609488517652
127190,3,8.774452426851767
127191,3,7.543869417599687
127192,3,7.540408842656193
127193,3,7.403467598478317
127194,3,7.725248832177773
127195,3,8.284787205579198
127196,3,8.038189241330524
127197,3,8.493410494405152
127198,3,7.412807008078522
127199,3,8.002396710152034
127200,3,7.65330176288248
127201,3,7.323351816752181
127202,3,8.271907900339325
127203,3,7.4773893757207395
127204,3,6.844707356806449
127205,3,8.272414799855323
127206,3,8.411204593637581
127207,3,8.111011940285321
127208,3,7.846721263344198
127209,3,8.215532138490666
127210,3,7.8194104273029685
127211,3,8.520037592268679
127212,3,8.05992641027817
127213,3,7.823644977622344
127214,3,8.151569050354144
127215,3,8.286217962219059
127216,3,7.745791695926161
127217,3,8.299675630953729
127218,3,8.297325592186246
127219,3,7.9023051525789
127220,3,8.164390416009269
127221,3,8.2885303025568
127222,3,8.225252812759914
127223,3,8.100195238792868
127224,3,7.955804500591753
127225,3,8.079664984990204
127226,3,7.40683155795932
127227,3,8.162004282767615
127228,3,7.42607780872231
127229,3,7.363525995899769
127230,3,7.325934588423832
127231,3,7.706099893670324
127232,3,8.308461703549309
127233,3,7.649825664348137
127234,3,6.8816385302223235
127235,3,8.368335669963141
127236,3,6.644049025008446
127237,3,7.4614858853629284
127238,3,7.9793638845181665
127239,3,8.692151897886646
127240,3,7.24939913174434
127241,3,7.344929130323439
127242,3,7.670567507126118
127243,3,7.868286602046787
127244,3,7.57999579314345
127245,3,8.389316606645558
127246,3,8.15945727725448
127247,3,7.804167850707083
127248,3,6.226507321221149
127249,3,8.516978564931929
127250,3,6.878103184013546
127251,3,7.551783522591292
127252,3,7.751375958518298
127253,3,7.656421864507679
127254,3,8.608549575353457
127255,3,7.69097033958699
127256,3,7.556502812800634
127257,3,7.6413090565626325
127258,3,6.626198279725964
127259,3,7.669805160335292
127260,3,7.861338389052341
127261,3,7.201220914308473
127262,3,7.021813602143292
127263,3,8.203740854691342
127264,3,8.632625145124113
127265,3,6.995640093258267
127266,3,7.5650561375895915
127267,3,8.524449605273468
127268,3,7.122995305207625
127269,3,7.9075318228275595
127270,3,7.250024785268122
127271,3,7.645776032497445
127272,3,7.2640295268056
127273,3,7.585063438900075
127274,3,7.99213999885607
127275,3,7.549999137996682
127276,3,6.852215085506463
127277,3,7.202751892523289
127278,3,8.467385255469477
127279,3,7.428765265694341
127280,3,8.11846036691342
127281,3,6.348668880009033
127282,3,7.608013352862745
127283,3,6.873795385837838
127284,3,7.482381526188982
127285,3,7.7379474590117
127286,3,8.283574823386889
127287,3,6.571518862073528
127288,3,6.615415384670733
127289,3,7.608175032320024
127290,3,6.795322117053492
127291,3,7.231247950260032
127292,3,7.23860190683827
127293,3,8.12689397455908
127294,3,5.656823598045551
127295,3,7.290530738967954
127296,3,6.661304973113889
127297,3,6.401465270990419
127298,3,7.324329460256939
127299,3,8.021619052129285
127300,3,7.361367743388062
127301,3,7.573928009011878
127302,3,6.73387501907536
127303,3,7.246483212758957
127304,3,6.260516726669811
127305,3,6.21855280770468
127306,3,7.943789826974147
127307,3,6.475146841543297
127308,3,5.97910805876935
127309,3,5.4287755267471045
127310,3,7.57499790183685
127311,3,6.597967940327205
127312,3,6.245299113477836
127313,3,6.391459389087548
127314,3,6.018074139000042
127315,3,6.304548524253455
127316,3,5.841978958973423
127317,3,6.602620197257472
127318,3,5.348372557392008
127319,3,5.054026569842573
127320,3,7.111829732686122
127321,3,6.730607004121317
127322,3,5.749754625541426
127323,3,5.502359667788341
127324,3,7.2050780938843815
127325,3,5.102333342505084
127326,3,4.792407964017725
127327,3,3.914572475860491
127328,3,3.8823877524123116
127329,3,5.261998691721267
127330,3,4.844174530367723
127331,3,4.945373237585793
127332,3,3.8972182512482196
127333,3,3.9473050340094624
127334,3,3.2656689026441357
127335,3,3.9694583085196844
127336,3,7.4019106216658725
127337,3,7.699911337591912
127338,3,8.045574551584291
127339,3,7.440707501750847
127340,3,6.451961892998225
127341,3,7.9386609355589295
127342,3,7.914319433321108
127343,3,5.9764676181692735
127344,3,6.885565177024734
127345,3,7.319612646244299
127346,3,6.364333661287519
127347,3,5.516928682879688
127348,3,5.1200724233196215
127349,3,8.254887925149257
127350,3,9.142253339075847
127351,3,8.895164525438346
127352,3,8.652080728310555
127353,3,7.667139129635301
127354,3,7.865737534728382
127355,3,8.708506030791256
127356,3,7.773452347819925
127357,3,7.833927789500172
127358,3,8.150879365290209
127359,3,8.860370128987233
127360,3,8.670447318157622
127361,3,8.83921340203602
127362,3,8.337368690317122
127363,3,5.814971988669597
127364,3,7.759859770445284
127365,3,8.737917323725721
127366,3,9.120834471104583
127367,3,8.976203180297787
127368,3,8.135782003677448
127369,3,8.695522495042766
127370,3,8.934299933815659
127371,3,8.171249106493148
127372,3,8.663595901278008
127373,3,8.685774564136771
127374,3,8.92935996970385
127375,3,8.49697472335927
127376,3,8.439800284209197
127377,3,8.620393189294504
127378,3,8.055179071036612
127379,3,8.995296805421681
127380,3,8.552462846699228
127381,3,8.697267558946518
127382,3,8.911157389712539
127383,3,8.98434772131036
127384,3,8.834317496071167
127385,3,8.162414947267205
127386,3,8.153841808935825
127387,3,8.354790154301671
127388,3,8.87671092111902
127389,3,8.035386334076662
127390,3,7.9946195685253905
127391,3,8.890526205948406
127392,3,9.17345958113246
127393,3,8.63648230762079
127394,3,9.064227752833817
127395,3,8.20986831609487
127396,3,7.871311759515548
127397,3,8.059426850645064
127398,3,8.665952154568053
127399,3,8.964183305145177
127400,3,8.421350154628625
127401,3,7.416679380852204
127402,3,7.33937165087948
127403,3,9.00478188349604
127404,3,7.420460195649544
127405,3,7.958148709451098
127406,3,8.562500911013155
127407,3,8.779901031795278
127408,3,8.233290738628291
127409,3,8.40901928316513
127410,3,8.811307994946434
127411,3,8.202290924099023
127412,3,8.856659003467271
127413,3,8.05721174981162
127414,3,8.402997638102953
127415,3,8.73410888370891
127416,3,8.494486472145466
127417,3,8.524939550567437
127418,3,8.976856798826896
127419,3,9.139454966747829
127420,3,8.339951404971277
127421,3,7.415591395555349
127422,3,8.739567509061459
127423,3,8.609182476001777
127424,3,8.1812506885558
127425,3,8.90641188355554
127426,3,9.179100744670723
127427,3,8.380251018807884
127428,3,8.362746632896236
127429,3,8.969765071995699
127430,3,8.595877704466771
127431,3,8.613544603627911
127432,3,8.279645751541008
127433,3,8.825950723344361
127434,3,8.309416975605357
127435,3,7.959009163682976
127436,3,8.483927466622696
127437,3,8.604391104148254
127438,3,8.259650788147885
127439,3,8.942083670137743
127440,3,8.029280726588475
127441,3,8.640677273194088
127442,3,8.577553676599855
127443,3,7.953564275808421
127444,3,8.078760995368539
127445,3,9.123602569044191
127446,3,8.084384750537701
127447,3,8.60631110789289
127448,3,8.376143888853731
127449,3,8.404336768558744
127450,3,8.019858280239067
127451,3,8.117801949330422
127452,3,8.151431937030383
127453,3,8.357414198865229
127454,3,8.37580860357842
127455,3,8.515384108328396
127456,3,8.455103897401496
127457,3,8.114243828056463
127458,3,8.962820235695023
127459,3,8.346419548948454
127460,3,7.787098710021377
127461,3,8.211620740216587
127462,3,8.657129346365645
127463,3,8.957785425196084
127464,3,8.222582281151237
127465,3,8.048818058429942
127466,3,8.313284852859887
127467,3,8.57726246197579
127468,3,8.964128580230225
127469,3,8.904955261572232
127470,3,8.31508444527529
127471,3,8.624216334309748
127472,3,8.21062022078581
127473,3,8.902297764387404
127474,3,8.411705152911118
127475,3,8.609877956571733
127476,3,8.545737751589737
127477,3,7.527965988067134
127478,3,8.628315691903191
127479,3,8.790808141153981
127480,3,7.420460195649544
127481,3,8.107227587042573
127482,3,8.154951195405207
127483,3,7.15158107980602
127484,3,7.591963554164237
127485,3,7.9232259432053205
127486,3,7.63307404734542
127487,3,8.351535039025304
127488,3,8.069653478592103
127489,3,8.151415861761176
127490,3,8.142678774401041
127491,3,8.396745325813818
127492,3,7.30763099220325
127493,3,6.943471881340196
127494,3,7.185881242142966
127495,3,8.905653504935188
127496,3,7.94151221995038
127497,3,8.958547336210486
127498,3,8.293047394744567
127499,3,7.855923195049767
127500,3,8.016776393003296
127501,3,7.530971034598428
127502,3,7.601425246613364
127503,3,8.369821260584308
127504,3,8.494380540777879
127505,3,8.547415265031727
127506,3,8.727650236296276
127507,3,7.6783738922674685
127508,3,8.592148621171702
127509,3,6.811116864765734
127510,3,8.470981826601001
127511,3,8.563021318671549
127512,3,8.632227803509902
127513,3,7.541101492670969
127514,3,7.212761040552439
127515,3,8.706721661579317
127516,3,8.374907260470046
127517,3,8.32417044063652
127518,3,6.699795401148541
127519,3,6.887382640278002
127520,3,7.566525120836951
127521,3,6.070077530941005
127522,3,7.08266332845346
127523,3,7.982239319470454
127524,3,7.283932686179889
127525,3,7.834303360099122
127526,3,7.0664476777830725
127527,3,6.852524779138919
127528,3,8.03967882358462
127529,3,8.402806156665669
127530,3,7.965969142615168
127531,3,8.332513848650871
127532,3,8.155054847247225
127533,3,8.00871951919201
127534,3,7.8596843123645375
127535,3,3.7019807045660142
127536,3,3.021109144445133
127537,3,3.461495804638685
127538,3,3.285944840727821
127539,3,7.5938271498922
127540,3,7.661154374429186
127541,3,7.2059013328968895
127542,3,2.9709789831461633
127543,3,6.1363175604418965
127544,3,9.262513770238872
127545,3,9.02892623099705
127546,3,8.894865847730385
127547,3,8.935507106768767
127548,3,8.842126077206615
127549,3,9.062488916411855
127550,3,9.043305238812742
127551,3,8.504584106038694
127552,3,8.883680497347108
127553,3,9.08862633241641
127554,3,8.953284938226744
127555,3,8.997145277524108
127556,3,8.406682495759021
127557,3,8.913480599995857
127558,3,9.075674642744763
127559,3,8.26052936637367
127560,3,8.741766392081079
127561,3,8.81302319554663
127562,3,8.860985411522465
127563,3,8.844571093915539
127564,3,8.79815901563453
127565,3,8.86865963301723
127566,3,8.845810023117323
127567,3,9.140408636246448
127568,3,8.789152448926023
127569,3,8.83975759339236
127570,3,9.19098551324091
127571,3,8.253307633154341
127572,3,8.861271171248275
127573,3,7.676621681735195
127574,3,9.100023437073139
127575,3,8.677890983242477
127576,3,8.349746086852537
127577,3,8.945656644312695
127578,3,8.83610604578016
127579,3,8.876315177823498
127580,3,8.777100106729218
127581,3,8.619779444967776
127582,3,8.157382122618472
127583,3,8.907086806298096
127584,3,7.99222463515871
127585,3,8.704851342326451
127586,3,8.798954046293941
127587,3,8.140967460127841
127588,3,8.942250907715247
127589,3,8.618347942433566
127590,3,8.618347942433566
127591,3,8.738869044474221
127592,3,8.9114050468469
127593,3,8.843036809662244
127594,3,8.625588927544719
127595,3,8.865444729045977
127596,3,8.38485000636759
127597,3,8.730134104317898
127598,3,8.791023734215255
127599,3,8.677002578052086
127600,3,8.415446539029647
127601,3,8.777407721798012
127602,3,8.248652451395861
127603,3,8.298044166160915
127604,3,8.717290291212239
127605,3,8.030088404930632
127606,3,8.087058145163624
127607,3,8.30664177123354
127608,3,9.182332146455213
127609,3,7.788053023428967
127610,3,8.876898653007247
127611,3,8.841297078793142
127612,3,9.028349335496676
127613,3,8.714987203740233
127614,3,8.571176469339626
127615,3,8.3745106617854
127616,3,8.527430863296653
127617,3,8.918598952345345
127618,3,8.642528853221458
127619,3,8.587091819038188
127620,3,8.967169648825669
127621,3,8.053516544731167
127622,3,7.784881441908879
127623,3,7.84087052324542
127624,3,8.84777519363534
127625,3,8.54077565838318
127626,3,8.665979217430603
127627,3,8.692665556145652
127628,3,8.31668746096786
127629,3,8.632069550004287
127630,3,8.61955723324243
127631,3,7.977484322683402
127632,3,8.906458672068732
127633,3,8.875731824174647
127634,3,8.808498021044633
127635,3,8.339644399585843
127636,3,8.470109126725099
127637,3,7.762807918424696
127638,3,8.313040566896843
127639,3,8.81828873782541
127640,3,8.428412656685971
127641,3,8.752647747111261
127642,3,8.205668387726782
127643,3,8.786721535834575
127644,3,8.20336416816119
127645,3,8.276803188171733
127646,3,8.160887366351737
127647,3,8.21516155022469
127648,3,8.256577191301243
127649,3,8.256577191301243
127650,3,8.588380857454023
127651,3,7.954671707498556
127652,3,8.922825549379434
127653,3,8.059329276974305
127654,3,8.443302457047745
127655,3,8.647510492500112
127656,3,8.71772207570173
127657,3,8.621391233910632
127658,3,7.71245299323539
127659,3,8.524366162651221
127660,3,8.27739321075509
127661,3,8.521276153169985
127662,3,9.027512276425432
127663,3,7.884101562049165
127664,3,8.907680090253157
127665,3,7.5711972470516615
127666,3,8.225189527317767
127667,3,8.149392663108125
127668,3,7.8663425957371285
127669,3,8.365030387938152
127670,3,8.851659464638002
127671,3,8.45410082615455
127672,3,8.002367295196843
127673,3,7.344963546728556
127674,3,8.74625392113279
127675,3,8.13181071041198
127676,3,8.691727708934348
127677,3,8.420425701017807
127678,3,7.909033855855456
127679,3,8.037396331265322
127680,3,8.620427583929988
127681,3,8.179196604380305
127682,3,7.886884478141687
127683,3,8.37872555394291
127684,3,8.078131907390253
127685,3,7.720313318173964
127686,3,8.501453025177419
127687,3,8.75948866179215
127688,3,8.473823689733324
127689,3,8.473823689733324
127690,3,8.70457312500308
127691,3,8.579253247180548
127692,3,8.412118261963862
127693,3,8.534936758645177
127694,3,8.262307207398836
127695,3,8.398797235130427
127696,3,7.859953937296641
127697,3,8.552362402077112
127698,3,8.441096623136236
127699,3,7.596133340714221
127700,3,8.773112061775308
127701,3,8.661548532216944
127702,3,8.729761446095837
127703,3,8.50534994641264
127704,3,8.339698180428678
127705,3,8.179730891454398
127706,3,8.668368889539986
127707,3,8.416569340463205
127708,3,8.657776146795719
127709,3,8.25647244719723
127710,3,7.985215084755188
127711,3,7.973349294350717
127712,3,7.654404852057502
127713,3,8.041663534128842
127714,3,7.99563958913029
127715,3,8.455737190755235
127716,3,7.905546515501647
127717,3,7.594301419396706
127718,3,8.704484592069381
127719,3,8.206323187452684
127720,3,8.090961819342121
127721,3,8.25527513566173
127722,3,7.763104828735143
127723,3,7.858348820986016
127724,3,8.34848213862526
127725,3,7.4563803692194055
127726,3,8.75272200689911
127727,3,7.878989583699547
127728,3,7.893198650796612
127729,3,8.788150829693322
127730,3,8.089770045339229
127731,3,8.067969826611112
127732,3,7.926586670202942
127733,3,8.233451049862879
127734,3,8.269376919220884
127735,3,8.392704978197855
127736,3,7.054690396297626
127737,3,7.843499913919587
127738,3,7.627141574420667
127739,3,8.24224385105407
127740,3,8.289582273043692
127741,3,7.446954193523017
127742,3,8.150058326049251
127743,3,8.076876221103129
127744,3,7.361268570139901
127745,3,7.825277958797653
127746,3,7.776244369391945
127747,3,7.492799468209349
127748,3,8.158347734988508
127749,3,8.23866514072857
127750,3,7.975789657296087
127751,3,7.439710098566826
127752,3,7.533648255451391
127753,3,7.7425707492691815
127754,3,8.539406222239728
127755,3,8.63084662271763
127756,3,8.032024837470109
127757,3,8.217184183739583
127758,3,8.25161377633906
127759,3,8.189920806735383
127760,3,7.690523655100975
127761,3,8.201607868212745
127762,3,7.998587353699489
127763,3,8.73714316640633
127764,3,7.994289857869568
127765,3,7.9169812227421215
127766,3,8.058397011078815
127767,3,8.468230216066388
127768,3,7.731074110903636
127769,3,8.130544019272982
127770,3,8.052336536760734
127771,3,7.3890623934746404
127772,3,7.741257375316993
127773,3,8.341976593057181
127774,3,8.203713594082075
127775,3,7.929583410757335
127776,3,8.186728282191972
127777,3,6.580922197750159
127778,3,8.07106209565847
127779,3,8.642868955646293
127780,3,8.008496520839014
127781,3,8.447044279102293
127782,3,8.541285767600447
127783,3,6.976728765781364
127784,3,7.658535898408511
127785,3,7.474396857295609
127786,3,8.539062874247401
127787,3,7.041257667655115
127788,3,7.710731289721478
127789,3,8.493707260435187
127790,3,8.049416422745347
127791,3,7.646783072793092
127792,3,8.487599781522517
127793,3,7.628822609905259
127794,3,7.460221982315312
127795,3,7.6399583675140885
127796,3,7.703398825116684
127797,3,8.166199957433617
127798,3,8.036003094486436
127799,3,7.582097797221504
127800,3,7.119014123269621
127801,3,7.827246385598501
127802,3,7.499938715174654
127803,3,7.744053628291072
127804,3,7.819859423971732
127805,3,7.414712355809513
127806,3,7.530820230887533
127807,3,8.910168080983341
127808,3,7.175131923225759
127809,3,8.271259654469935
127810,3,8.59069501580515
127811,3,7.723749951730869
127812,3,7.758045654645707
127813,3,6.857254418863239
127814,3,8.697000094106924
127815,3,7.6408693478200576
127816,3,7.510579383599882
127817,3,8.009107215608545
127818,3,7.850181812677682
127819,3,8.02300123873963
127820,3,7.404009503810313
127821,3,7.640345637398516
127822,3,7.796832118848915
127823,3,7.206230148456658
127824,3,7.852494069441403
127825,3,7.686540134253999
127826,3,6.994622383760097
127827,3,7.463310442084447
127828,3,7.897917465248255
127829,3,8.55312295169326
127830,3,7.152015893221293
127831,3,8.042745200266802
127832,3,7.13120278680696
127833,3,7.822910484132115
127834,3,7.038501898752199
127835,3,7.591320699719094
127836,3,8.142058598617442
127837,3,7.6098666266981265
127838,3,8.149815128757407
127839,3,7.387841001362219
127840,3,7.499509284915072
127841,3,7.026030992598852
127842,3,7.3872716441278214
127843,3,7.292633291475713
127844,3,7.384349691687664
127845,3,7.163414224502735
127846,3,7.762569367113547
127847,3,8.038430036798358
127848,3,8.319175122331973
127849,3,7.547046541372415
127850,3,7.514150894916542
127851,3,7.26312860717178
127852,3,8.063099033013001
127853,3,7.378968653300175
127854,3,7.4924442484564935
127855,3,7.6948261532159155
127856,3,7.9702488434793315
127857,3,7.273458552082999
127858,3,7.503022313697675
127859,3,7.088156570957801
127860,3,7.508441475774468
127861,3,7.16834941729263
127862,3,7.63841455753503
127863,3,7.717678397299536
127864,3,7.433107082090932
127865,3,7.667997354124958
127866,3,7.163772885375001
127867,3,7.367472198863489
127868,3,7.52745120249845
127869,3,7.27041731715681
127870,3,7.789173720578612
127871,3,7.437176539774517
127872,3,7.467224291915675
127873,3,7.202382813572161
127874,3,7.694867931121698
127875,3,7.645857306396207
127876,3,6.939039139098461
127877,3,7.372170131861163
127878,3,7.373616353987172
127879,3,7.7289312120883045
127880,3,7.19668267255602
127881,3,7.172304248466489
127882,3,7.726764912349778
127883,3,6.7629382820318895
127884,3,8.248900352673498
127885,3,7.147627171973533
127886,3,7.605021644881279
127887,3,7.440861305109323
127888,3,7.225411987657275
127889,3,8.135263093231462
127890,3,7.773680406772694
127891,3,7.533624153928963
127892,3,7.734314881550274
127893,3,7.21662891838888
127894,3,7.802158824294372
127895,3,6.821482179940682
127896,3,7.368879695136254
127897,3,7.117401216886799
127898,3,7.143003904471787
127899,3,6.895940104273634
127900,3,6.8242882403930425
127901,3,8.253558327222176
127902,3,7.508473788058623
127903,3,7.5575492020841875
127904,3,7.179744931857047
127905,3,7.271211535812016
127906,3,7.392954962549099
127907,3,7.397404877273168
127908,3,7.420950878615065
127909,3,7.170128967807562
127910,3,7.491694232283085
127911,3,7.196420550194708
127912,3,6.873634655986104
127913,3,7.482046602770615
127914,3,7.038456820058275
127915,3,7.3239639041255495
127916,3,6.821193387238034
127917,3,6.9261669856826495
127918,3,7.421033103077428
127919,3,7.080832898812626
127920,3,7.020330590193609
127921,3,7.754627814874666
127922,3,7.280900926024828
127923,3,7.303358488964759
127924,3,7.744052360774318
127925,3,7.391426925634505
127926,3,7.398877986326842
127927,3,7.000926552597338
127928,3,7.601954480524091
127929,3,7.21691175704858
127930,3,7.1166477679281375
127931,3,7.060431407161627
127932,3,7.984040386894567
127933,3,6.608224116133135
127934,3,7.164876192607275
127935,3,7.384590327053258
127936,3,7.088708411225138
127937,3,7.339820258909056
127938,3,6.054042033848887
127939,3,6.809432885907116
127940,3,7.100817965216804
127941,3,7.3484370156717755
127942,3,7.111058687776772
127943,3,7.209285424079089
127944,3,7.712484825128282
127945,3,7.652687356881653
127946,3,7.010252911724717
127947,3,6.923904353174988
127948,3,7.073673817414625
127949,3,7.080975537964436
127950,3,8.088563413001843
127951,3,6.931978923443251
127952,3,7.166924924505761
127953,3,7.158638412063137
127954,3,7.077909412171071
127955,3,7.922387323662575
127956,3,7.7893743133711535
127957,3,6.894148500004942
127958,3,6.716851106867707
127959,3,7.929896257954188
127960,3,7.081288881422549
127961,3,7.744090283076115
127962,3,6.978674119286877
127963,3,7.200976315471407
127964,3,7.136698348184735
127965,3,7.992031364219024
127966,3,5.544099993154628
127967,3,7.383685989614488
127968,3,7.165870430738197
127969,3,7.107787181029663
127970,3,6.950086358704371
127971,3,6.72163270211494
127972,3,7.167809410456167
127973,3,7.226109681401866
127974,3,6.571542757764023
127975,3,7.250200646124401
127976,3,7.386425495191502
127977,3,8.086399665594051
127978,3,8.204902179910489
127979,3,6.859249254409324
127980,3,6.362043378900307
127981,3,6.920376158776159
127982,3,7.093164395499323
127983,3,7.145351917596339
127984,3,7.025248240113406
127985,3,7.586825209428749
127986,3,6.625476053369319
127987,3,7.109433727002413
127988,3,6.480288892113057
127989,3,7.03034974364141
127990,3,7.337423619814503
127991,3,6.75341016183732
127992,3,5.595861237141011
127993,3,7.317839356157755
127994,3,7.635538962335634
127995,3,6.4956400732567445
127996,3,7.029992770304165
127997,3,7.376680116286999
127998,3,7.210532778002885
127999,3,7.099370162119
128000,3,7.305256602524769
128001,3,6.591201290756125
128002,3,6.861613730020627
128003,3,7.627676590411852
128004,3,6.8035261665556455
128005,3,6.339249654919735
128006,3,6.952887825145128
128007,3,6.573721365127074
128008,3,7.185566373564467
128009,3,6.811635451481398
128010,3,7.0846600240218836
128011,3,6.832324112701199
128012,3,6.551076270841368
128013,3,6.959374714855847
128014,3,6.847693195749407
128015,3,6.7007492168257095
128016,3,7.315483248901283
128017,3,6.27992135090018
128018,3,7.133986414048652
128019,3,6.032095605745135
128020,3,6.837836340682989
128021,3,7.313239257765176
128022,3,7.103813963837457
128023,3,7.211650963205973
128024,3,7.5497313526902285
128025,3,8.04818404524913
128026,3,6.584923012033427
128027,3,7.021208848373438
128028,3,6.902459673295725
128029,3,6.979282163073373
128030,3,6.275800107117749
128031,3,5.97573338822548
128032,3,7.137843840661312
128033,3,5.996676877008903
128034,3,7.156879777687644
128035,3,6.469472672715752
128036,3,7.106630610532417
128037,3,7.139813511713794
128038,3,7.303529775342676
128039,3,6.641310114795435
128040,3,6.902404581857321
128041,3,6.806390667449964
128042,3,6.377696912462622
128043,3,7.553496276292562
128044,3,7.074461340552405
128045,3,7.359399747979785
128046,3,7.400470996756638
128047,3,6.322724741541162
128048,3,6.392637039220564
128049,3,6.559135331925927
128050,3,6.130800289865592
128051,3,7.0284502055931615
128052,3,7.895545184579498
128053,3,6.5881006572888134
128054,3,6.831368194397808
128055,3,6.546709723929918
128056,3,6.663842297614636
128057,3,7.508226761128077
128058,3,6.973663953429275
128059,3,6.5160158487954485
128060,3,7.190925008558753
128061,3,7.172956330885664
128062,3,6.171298753103831
128063,3,6.5508300888398985
128064,3,6.931988802967799
128065,3,6.717318502490059
128066,3,7.142690708262699
128067,3,6.669243132623951
128068,3,7.152157878965796
128069,3,6.99845350980897
128070,3,7.054230323367518
128071,3,6.752736171297286
128072,3,7.210990268521613
128073,3,6.8956869081606555
128074,3,6.31859568422811
128075,3,6.422426405224394
128076,3,6.445622485429429
128077,3,6.793340148426519
128078,3,6.537525620419859
128079,3,7.384113498000654
128080,3,6.985795723056785
128081,3,6.406204846320057
128082,3,6.025620857784171
128083,3,7.525402576138167
128084,3,6.5788941333715645
128085,3,6.630552921222066
128086,3,6.838085203400227
128087,3,7.395125837894394
128088,3,6.527753846519277
128089,3,6.624522486728175
128090,3,6.507786610337874
128091,3,6.6220297524773715
128092,3,6.802352446626727
128093,3,5.9194532151556825
128094,3,6.7136419853963805
128095,3,6.359860379117251
128096,3,6.345806060707885
128097,3,7.06224615095435
128098,3,6.617576365050512
128099,3,6.835350959131609
128100,3,6.782947861412381
128101,3,6.723514800166278
128102,3,7.161620511596018
128103,3,4.856439286324008
128104,3,6.873827444613534
128105,3,6.7826843741323035
128106,3,6.766650875658325
128107,3,6.809139962790761
128108,3,5.969020050877786
128109,3,7.981037437343117
128110,3,6.971842524170589
128111,3,6.38951096868977
128112,3,6.798572209863214
128113,3,6.856968942096442
128114,3,6.53377185180993
128115,3,6.759934730149328
128116,3,7.073576696869857
128117,3,6.491366116747168
128118,3,6.645243041404011
128119,3,6.782680494388912
128120,3,7.229417458743571
128121,3,6.494853630426615
128122,3,6.247708067268036
128123,3,6.743716156423657
128124,3,7.374130440986091
128125,3,6.254593404740993
128126,3,6.315155634213867
128127,3,6.789318397763033
128128,3,7.016970526308584
128129,3,6.631769873957554
128130,3,6.298275346812698
128131,3,6.346520165838334
128132,3,6.554779138143843
128133,3,6.546252563925621
128134,3,7.4153140542369025
128135,3,7.069410372276859
128136,3,6.65519960859511
128137,3,6.20132218066824
128138,3,7.276156756144824
128139,3,6.607845040986897
128140,3,6.630074139427527
128141,3,6.872364801169858
128142,3,6.654798235217312
128143,3,6.6414419907913
128144,3,6.650508860390908
128145,3,6.4062923592853185
128146,3,6.147620255746923
128147,3,6.318219624676385
128148,3,6.295211805162954
128149,3,6.279482855560397
128150,3,6.377059009632152
128151,3,6.653420798503444
128152,3,6.990151681078274
128153,3,6.991289199924939
128154,3,6.87818861401009
128155,3,7.050843835716624
128156,3,6.009219214758221
128157,3,6.354741784269119
128158,3,6.3112198758463665
128159,3,6.625125681472874
128160,3,6.365459389166338
128161,3,6.074976966187176
128162,3,6.087967569652575
128163,3,6.300199517595629
128164,3,6.300199517595629
128165,3,6.2370380965928955
128166,3,6.199990989699465
128167,3,6.258884091196028
128168,3,7.148364194352026
128169,3,6.373270479408949
128170,3,5.951834109919055
128171,3,6.408646541421836
128172,3,5.890395590365793
128173,3,6.837839682676814
128174,3,6.585917900776175
128175,3,6.449370543904215
128176,3,7.106067338987704
128177,3,6.40339054674725
128178,3,6.560965686745977
128179,3,6.305230337617148
128180,3,5.2640835596535975
128181,3,6.073993790749029
128182,3,6.478430037142267
128183,3,6.514289148689569
128184,3,6.040998597656277
128185,3,6.390727317110313
128186,3,6.7125104972300145
128187,3,6.100067233034895
128188,3,6.110829524807804
128189,3,6.4856563188274405
128190,3,6.096521934424342
128191,3,6.531545746282657
128192,3,6.135207938292859
128193,3,6.046679421306336
128194,3,6.3786293602370305
128195,3,5.979726663647068
128196,3,6.921498578372101
128197,3,6.104315645671392
128198,3,5.447021327766095
128199,3,6.0902103795576545
128200,3,6.687583273610834
128201,3,6.268659552740513
128202,3,6.27676015409218
128203,3,5.958311514044111
128204,3,6.1173522997878305
128205,3,6.5137754972124355
128206,3,5.714815707105277
128207,3,6.2475059422651675
128208,3,6.9160507831501805
128209,3,5.863201310311205
128210,3,6.554931674087449
128211,3,5.61960962066635
128212,3,6.951454283871844
128213,3,6.30837045800729
128214,3,6.020176442636858
128215,3,5.592563487392679
128216,3,6.51013423961173
128217,3,6.181858443136899
128218,3,6.612062456521203
128219,3,6.217033453437076
128220,3,5.976970121209118
128221,3,6.121068124742264
128222,3,6.198116479072748
128223,3,7.074095096687496
128224,3,5.83903667776416
128225,3,5.901584058591619
128226,3,6.094554679203804
128227,3,6.20696307037972
128228,3,6.035072343848422
128229,3,5.977294646305509
128230,3,7.06918177318039
128231,3,5.479018019279968
128232,3,6.235969911978631
128233,3,5.82612104263672
128234,3,6.4748257548565675
128235,3,5.9844952336331705
128236,3,6.144139407278525
128237,3,5.996654922313358
128238,3,5.695540103803653
128239,3,6.504273964202351
128240,3,7.416266950558294
128241,3,5.89741355205997
128242,3,5.496547413930815
128243,3,5.829692733638648
128244,3,6.030592390711399
128245,3,6.066281648807481
128246,3,5.969685543562317
128247,3,6.638842876176814
128248,3,6.03679813469156
128249,3,6.026190319014456
128250,3,6.285166982133566
128251,3,6.0952734780355255
128252,3,5.779561448291426
128253,3,5.895112458625822
128254,3,5.96384531738809
128255,3,6.369312236532126
128256,3,5.950539784506034
128257,3,6.070645917937636
128258,3,5.498351126979104
128259,3,6.0252905761856805
128260,3,5.758133559147265
128261,3,5.72804111810718
128262,3,5.097742038071595
128263,3,6.3052359236260624
128264,3,5.132496426164546
128265,3,6.637639078102146
128266,3,4.597178856431346
128267,3,5.441848186529399
128268,3,5.970710338090072
128269,3,5.710949470056528
128270,3,5.430060145607295
128271,3,5.354079563124771
128272,3,5.972209560721556
128273,3,6.089061775042301
128274,3,6.142041316621515
128275,3,4.854010612122773
128276,3,5.855599104440779
128277,3,6.109925981947627
128278,3,5.647132551428007
128279,3,6.115682547839129
128280,3,5.958545349843633
128281,3,6.0282714979953305
128282,3,5.550702169653556
128283,3,6.079288074586513
128284,3,5.913269768455548
128285,3,5.850600881202859
128286,3,5.900889160661056
128287,3,5.511879354157307
128288,3,5.682862659651741
128289,3,5.578685856471295
128290,3,5.123143142338395
128291,3,6.120347007142259
128292,3,5.434364695275477
128293,3,5.800898536727727
128294,3,5.3605902352510855
128295,3,5.600092297122753
128296,3,5.192333673068589
128297,3,5.961794019374309
128298,3,5.44862613829377
128299,3,5.573650909180227
128300,3,5.589744803859204
128301,3,5.397227206270603
128302,3,6.114465689617851
128303,3,6.3225385398831975
128304,3,4.977226158843765
128305,3,5.390535833925197
128306,3,5.5623221782341155
128307,3,5.627281613021629
128308,3,5.418962834616198
128309,3,4.633930316384336
128310,3,5.61970836248538
128311,3,5.577240546237572
128312,3,5.462023431783975
128313,3,5.024131279133163
128314,3,5.509633388553985
128315,3,5.779000691973051
128316,3,5.424443645851994
128317,3,4.890234745930165
128318,3,5.5179301241173055
128319,3,5.612492135555705
128320,3,5.207269362127395
128321,3,5.134443866581757
128322,3,5.2701326624029265
128323,3,5.354488225114602
128324,3,5.808459340677518
128325,3,5.396998911371142
128326,3,5.1608027542208825
128327,3,5.138404004686864
128328,3,5.183462064469365
128329,3,5.270416404382844
128330,3,5.445630743474134
128331,3,5.040655194905569
128332,3,5.360074409206165
128333,3,5.37475756877061
128334,3,5.065863425894081
128335,3,6.379085728829169
128336,3,5.725452260480753
128337,3,5.854827595621149
128338,3,5.192810597015039
128339,3,3.865797347925594
128340,3,5.398172539033799
128341,3,5.312614547739749
128342,3,4.760605121835764
128343,3,5.534373669895814
128344,3,5.474890298322516
128345,3,5.152662424635404
128346,3,4.4416009629714335
128347,3,5.186665472818682
128348,3,5.001897402787962
128349,3,5.324873548240512
128350,3,5.307457357508698
128351,3,5.1120562375038805
128352,3,5.427434942218943
128353,3,4.935803561517741
128354,3,5.143995859885213
128355,3,4.526566366910119
128356,3,5.271674856128782
128357,3,4.763912501127904
128358,3,4.851679907263463
128359,3,4.648367521522996
128360,3,5.342726256375688
128361,3,4.109096249284503
128362,3,4.624323506645454
128363,3,4.35483761840655
128364,3,4.925438250304071
128365,3,4.9476294874325575
128366,3,4.745664095348977
128367,3,3.943335789393295
128368,3,4.690830445387846
128369,3,4.873838777571828
128370,3,4.244052431027473
128371,3,2.8869649923761345
128372,3,4.975859183056322
128373,3,3.0472835756627266
128374,3,4.8273588443544515
128375,3,4.871126460322154
128376,3,3.2657085692236487
128377,3,2.882260453380526
128378,3,4.503403514490033
128379,3,3.1948210604929184
128380,3,4.324126515957822
128381,3,3.333385354132
128382,3,8.193399687651622
128383,3,8.590707644618565
128384,3,8.872766784264611
128385,3,7.478829509436074
128386,3,8.737796187757183
128387,3,8.639354109703287
128388,3,8.612320000301374
128389,3,8.606963316007903
128390,3,7.910064012987752
128391,3,8.351246949966932
128392,3,6.869151665688311
128393,3,8.691555327782078
128394,3,8.096204916601248
128395,3,6.836804222183812
128396,3,8.453653246801473
128397,3,7.951374427204805
128398,3,7.790304421554755
128399,3,7.329869993647438
128400,3,8.073434147468356
128401,3,7.60693575015039
128402,3,7.397417985209664
128403,3,7.665292405194059
128404,3,5.832500582907772
128405,3,5.814645087688193
128406,3,8.334664713211128
128407,3,7.113495268292514
128408,3,8.382114049116275
128409,3,8.630556444959415
128410,3,8.702689401599395
128411,3,7.936857036647597
128412,3,8.25202190839802
128413,3,8.559968513686131
128414,3,8.741560034965437
128415,3,8.400206915381261
128416,3,8.487517472029175
128417,3,8.403305884541217
128418,3,8.099102548964009
128419,3,8.972539457009898
128420,3,8.10167900071135
128421,3,8.234475157266619
128422,3,8.424428617143318
128423,3,8.021761511991066
128424,3,8.435405826469259
128425,3,7.720568060869336
128426,3,8.283196573500405
128427,3,8.250756424760095
128428,3,8.246132449532567
128429,3,8.210000528070939
128430,3,8.363957247542183
128431,3,8.081402114140602
128432,3,7.805202186279685
128433,3,7.397496301623821
128434,3,7.80002258061222
128435,3,7.96936085915798
128436,3,7.4397298145513995
128437,3,7.774087438145445
128438,3,8.071666683586175
128439,3,8.203882546907302
128440,3,8.379562454147226
128441,3,8.002643109199424
128442,3,7.716005839532158
128443,3,6.133226887392629
128444,3,7.833684089129294
128445,3,7.296493256937339
128446,3,8.138117750465833
128447,3,7.221034427981276
128448,3,7.876932241804626
128449,3,8.545228040815195
128450,3,8.13711644048375
128451,3,7.29033717101111
128452,3,8.422423841935444
128453,3,8.40739921042367
128454,3,7.808267628840738
128455,3,7.606989180335568
128456,3,7.297629681645727
128457,3,7.555858978011967
128458,3,7.903292183835726
128459,3,7.685373472104811
128460,3,7.238133849340702
128461,3,7.73844475911627
128462,3,7.063393915880807
128463,3,7.9774134601181075
128464,3,8.13546837388502
128465,3,7.831627062565721
128466,3,7.490975421119641
128467,3,6.751720818118921
128468,3,6.833693870812085
128469,3,7.374741609003463
128470,3,7.112419969278751
128471,3,6.36267892435815
128472,3,6.784259182530673
128473,3,7.216005818769785
128474,3,7.617900470261678
128475,3,6.8710431038529
128476,3,7.209761584110175
128477,3,6.729051129981617
128478,3,6.691231380648156
128479,3,7.862386045187416
128480,3,7.247239057305302
128481,3,5.642442691509089
128482,3,8.06044831961029
128483,3,7.422171571165347
128484,3,7.2028945373985955
128485,3,6.812213157907631
128486,3,7.301772708801178
128487,3,6.657590690188723
128488,3,7.017924677815617
128489,3,6.80368659043278
128490,3,7.183083196036157
128491,3,6.994292185071334
128492,3,6.615269514865811
128493,3,6.8203083759408525
128494,3,5.910652825265191
128495,3,6.815794156482008
128496,3,6.920414698534502
128497,3,7.013660426012887
128498,3,6.041500098428738
128499,3,6.405895924610836
128500,3,6.115210844092086
128501,3,6.504397760898053
128502,3,6.923602784439079
128503,3,6.132004077960125
128504,3,7.1286664982939145
128505,3,6.457090291428223
128506,3,7.142829333518662
128507,3,5.862185844678022
128508,3,6.358373181528864
128509,3,7.438136632574912
128510,3,6.040516000709172
128511,3,6.355922548504577
128512,3,6.209330120795767
128513,3,6.042723555835537
128514,3,6.361191314376261
128515,3,6.410171573349863
128516,3,4.565990053384196
128517,3,4.9955851936494495
128518,3,3.972827404377548
128519,3,8.476976195189204
128520,3,8.017313191450341
128521,3,8.265134319975942
128522,3,8.273349333920164
128523,3,8.163914984115147
128524,3,7.896448500591495
128525,3,7.596853598545371
128526,3,8.415003311063439
128527,3,8.106367090062319
128528,3,7.9384071344339535
128529,3,7.976137518051661
128530,3,8.063917221400596
128531,3,7.896904553277324
128532,3,8.067568527965609
128533,3,7.4445496251162595
128534,3,8.302136410407325
128535,3,8.314608484019594
128536,3,8.04383224537659
128537,3,8.428731600224637
128538,3,8.081851508359769
128539,3,7.268803542380926
128540,3,7.074081442280339
128541,3,8.30097712063879
128542,3,7.25377831698691
128543,3,7.60146259406133
128544,3,7.878482922773635
128545,3,7.851947662540708
128546,3,7.435410505692914
128547,3,7.141221470168366
128548,3,7.306108092332503
128549,3,7.124469655255333
128550,3,6.929554876492558
128551,3,7.9604027159616075
128552,3,7.15578730304688
128553,3,7.710283042935004
128554,3,6.001203302223687
128555,3,7.065801832265978
128556,3,7.174923369135705
128557,3,6.303892267179582
128558,3,6.69860480921731
128559,3,5.982562521408219
128560,3,6.575976544564311
128561,3,6.236415962024868
128562,3,2.812014524753367
128563,3,8.804648037761584
128564,3,8.821078693415728
128565,3,8.734833720919774
128566,3,8.63815711249294
128567,3,8.687356116197137
128568,3,8.735112675695596
128569,3,8.621953278681847
128570,3,8.516226866835398
128571,3,8.665940515633311
128572,3,8.598920153052028
128573,3,8.92775389381727
128574,3,8.694318279144774
128575,3,8.03525039505781
128576,3,8.48002155762481
128577,3,8.383110975712933
128578,3,8.70553721082008
128579,3,8.600651225379176
128580,3,8.859335801712302
128581,3,8.524204635157725
128582,3,8.620842860240032
128583,3,8.065339474660142
128584,3,8.41661105128833
128585,3,8.627758884965866
128586,3,8.63377275627254
128587,3,8.506667120459245
128588,3,8.614617120668079
128589,3,8.679682762362658
128590,3,8.568927207380947
128591,3,8.577274089172073
128592,3,8.658015152951643
128593,3,8.780730326279556
128594,3,8.33562520592536
128595,3,8.64850855073206
128596,3,8.909728725500027
128597,3,8.33971578428302
128598,3,8.40094639224992
128599,3,8.406352348557284
128600,3,8.516468803810634
128601,3,8.657556678613393
128602,3,8.526955169209213
128603,3,8.649975037939674
128604,3,8.788709384027728
128605,3,8.090309325148672
128606,3,8.146476120395238
128607,3,8.146476120395238
128608,3,8.64107637089756
128609,3,8.576982365616166
128610,3,8.565685788537827
128611,3,8.572568638162855
128612,3,8.478927416770114
128613,3,8.744699208429164
128614,3,8.646599859697863
128615,3,6.595588156836848
128616,3,8.506853187499134
128617,3,8.487019854381275
128618,3,8.320568568689879
128619,3,8.771204845593354
128620,3,8.530011557246201
128621,3,8.429823449889033
128622,3,8.659941333356274
128623,3,8.235317783765383
128624,3,8.61291874567469
128625,3,8.459559756586847
128626,3,8.318745546276443
128627,3,7.657752434396707
128628,3,7.851992573288923
128629,3,8.425291337141374
128630,3,8.210891227642025
128631,3,8.667065665371187
128632,3,8.104710480639875
128633,3,8.408045190184971
128634,3,8.869143402909293
128635,3,8.253904949776244
128636,3,8.100271790257613
128637,3,8.190464372390123
128638,3,7.933855095511404
128639,3,8.36982959406427
128640,3,8.46864520914236
128641,3,8.761892997981906
128642,3,8.375858722044448
128643,3,8.379741047447805
128644,3,7.851072684339288
128645,3,8.4444902375581
128646,3,8.49938068818554
128647,3,8.624871175639278
128648,3,8.359513794495278
128649,3,8.445060930723573
128650,3,7.853023634748231
128651,3,8.367077496454383
128652,3,8.360375588928822
128653,3,8.540899737859647
128654,3,8.455709927143907
128655,3,8.05785799796943
128656,3,8.552792261001267
128657,3,8.735552883182308
128658,3,8.152828381267964
128659,3,8.44510600879278
128660,3,8.575306278221301
128661,3,8.314728437416122
128662,3,8.266426305994932
128663,3,8.40159152947594
128664,3,8.163896902671505
128665,3,7.90799123638606
128666,3,8.605187967136608
128667,3,8.32785946275632
128668,3,8.021545497272147
128669,3,8.384222354422814
128670,3,8.420391623062432
128671,3,8.328015474883925
128672,3,7.944685479408424
128673,3,8.428070337472406
128674,3,8.543769307329015
128675,3,8.607024707018212
128676,3,8.515458751204813
128677,3,7.752034634930579
128678,3,8.191268445473563
128679,3,8.345439835896654
128680,3,8.077677270523528
128681,3,8.621054359286545
128682,3,8.645090874020784
128683,3,8.363457004545397
128684,3,8.389794253160169
128685,3,7.858840522221256
128686,3,8.469129150765447
128687,3,7.970265226151806
128688,3,8.597318123620662
128689,3,8.48169388527475
128690,3,8.166527603235835
128691,3,8.470009467428898
128692,3,8.28867412593489
128693,3,8.08310667450412
128694,3,8.436836183031293
128695,3,8.205743299327622
128696,3,8.446532215801847
128697,3,8.056214393836232
128698,3,8.17533396515342
128699,3,8.03206821059214
128700,3,7.2955359471845105
128701,3,8.28164967396014
128702,3,8.066116533669808
128703,3,8.371159670074379
128704,3,7.863806015691713
128705,3,7.808958541036835
128706,3,8.5141116520652
128707,3,8.092688691546636
128708,3,8.597604417392718
128709,3,8.673753452027213
128710,3,8.522887053519346
128711,3,7.678997209554471
128712,3,7.652727726267017
128713,3,7.993323854287425
128714,3,7.880645244592598
128715,3,8.319756201498558
128716,3,8.21796554300015
128717,3,8.150496458774628
128718,3,7.9551568662933185
128719,3,8.293295512828117
128720,3,7.9179666688301635
128721,3,7.476166825505609
128722,3,8.746767863238297
128723,3,8.023270210049837
128724,3,8.310901143964472
128725,3,8.12569738509743
128726,3,7.863806015691713
128727,3,8.133313068617685
128728,3,8.133313068617685
128729,3,7.739489008569299
128730,3,8.566481967360701
128731,3,8.291327366246122
128732,3,7.795523033732471
128733,3,8.461303789580574
128734,3,8.461303789580574
128735,3,8.07024276693356
128736,3,8.479436584430534
128737,3,8.298602255402797
128738,3,8.17613771117874
128739,3,8.17204858678052
128740,3,7.453225975655115
128741,3,7.764956855899163
128742,3,8.226550046971516
128743,3,8.069146604944182
128744,3,8.363156331721775
128745,3,7.6206408634671465
128746,3,7.607271824139685
128747,3,8.35369213725141
128748,3,6.546965360946829
128749,3,8.611433455693989
128750,3,7.617300089141415
128751,3,7.719249875063112
128752,3,7.625943124153498
128753,3,8.338155633229047
128754,3,8.45311644278783
128755,3,8.264022794341157
128756,3,8.349195587675881
128757,3,7.628199604086623
128758,3,8.319132378738892
128759,3,8.198801068190967
128760,3,7.968642272682973
128761,3,7.283374297209082
128762,3,7.823805972975933
128763,3,7.97346089815513
128764,3,7.974984793117943
128765,3,7.6721013493113
128766,3,8.382961835404078
128767,3,7.866897134768434
128768,3,7.990394741595348
128769,3,7.956211619374558
128770,3,7.827415077122546
128771,3,8.359186681863958
128772,3,7.507114123286301
128773,3,7.97264690013747
128774,3,7.924748049011936
128775,3,7.609517118863556
128776,3,7.854467634164058
128777,3,8.276149461504566
128778,3,7.918993287043797
128779,3,7.52236461901374
128780,3,8.369069418790513
128781,3,7.852695134663172
128782,3,7.86028243119307
128783,3,8.322124753295315
128784,3,8.428019442891223
128785,3,8.401260169459784
128786,3,7.834699852788565
128787,3,7.774507481714795
128788,3,7.974435894286087
128789,3,8.514744871774171
128790,3,7.473195784824185
128791,3,7.172088510015931
128792,3,7.961506429275181
128793,3,8.336316410647534
128794,3,8.071334267269547
128795,3,7.8542327486488706
128796,3,7.634201909475086
128797,3,8.136506885532782
128798,3,7.625448430401354
128799,3,7.85594514998971
128800,3,7.7685221015870605
128801,3,7.410204763480561
128802,3,7.95513679283304
128803,3,7.727229309642531
128804,3,6.474036503410035
128805,3,8.106194369686742
128806,3,7.243938178649709
128807,3,8.128527393561777
128808,3,7.8589571841245345
128809,3,7.9368581914123535
128810,3,7.546152517728907
128811,3,7.08159875413202
128812,3,7.823251437461956
128813,3,8.220585208346744
128814,3,8.004890851632469
128815,3,7.546546177370467
128816,3,8.18933061391732
128817,3,8.322441067604323
128818,3,7.629147676340736
128819,3,7.95113128349464
128820,3,7.598008127759877
128821,3,7.812787926553809
128822,3,7.557585150594198
128823,3,7.9446589695968495
128824,3,7.592701970310243
128825,3,7.697454683202578
128826,3,8.073460492001693
128827,3,7.688683563539503
128828,3,7.881035494253417
128829,3,7.886432815755693
128830,3,8.266259349942944
128831,3,7.423424178703939
128832,3,7.864347246571252
128833,3,7.716652503099065
128834,3,7.047662785212641
128835,3,7.461127461226588
128836,3,7.7885309865747265
128837,3,7.830405124547824
128838,3,8.126105786021853
128839,3,8.004060922232517
128840,3,7.460504241712752
128841,3,7.903160587246054
128842,3,7.295128156627562
128843,3,8.163320157060507
128844,3,7.860355085202681
128845,3,7.3139557281995895
128846,3,7.77652619643191
128847,3,7.603650880268876
128848,3,7.208091452583969
128849,3,7.554313775093379
128850,3,6.582875273149371
128851,3,7.576634031069289
128852,3,7.394154850830538
128853,3,7.637106250902148
128854,3,7.707374570444609
128855,3,8.179402187354537
128856,3,7.5378918699127055
128857,3,7.333789451624739
128858,3,7.676525475314637
128859,3,7.252139648911893
128860,3,7.4690209343877205
128861,3,7.394360466736893
128862,3,7.274549533178086
128863,3,8.414496085516996
128864,3,7.832601799324081
128865,3,7.4834388167766654
128866,3,7.4845947587553
128867,3,7.288678339349022
128868,3,7.16756323567492
128869,3,7.111362785082481
128870,3,7.177203128743656
128871,3,7.681568847590743
128872,3,7.391483557160438
128873,3,7.403837365834573
128874,3,7.730250180542075
128875,3,7.263943791920664
128876,3,7.311772064549164
128877,3,7.3136928845485425
128878,3,7.813107269898491
128879,3,7.75434254949918
128880,3,7.358345139689094
128881,3,7.706525701814387
128882,3,7.428907437737046
128883,3,7.3631558475887395
128884,3,7.799183126825996
128885,3,6.758577823465757
128886,3,7.066943378749798
128887,3,7.537210158387435
128888,3,6.466520050332987
128889,3,7.3891277150008285
128890,3,7.791508841843225
128891,3,7.7466979438606405
128892,3,7.728935283131349
128893,3,6.759544461300038
128894,3,7.039414984659923
128895,3,7.301484323247684
128896,3,7.356636141198357
128897,3,7.655515732235097
128898,3,7.221284191600463
128899,3,6.697643354756875
128900,3,7.554015985710633
128901,3,7.336498095517733
128902,3,7.1984775165571016
128903,3,7.699996429565829
128904,3,7.066407420346888
128905,3,7.629433864803305
128906,3,7.180020546558861
128907,3,7.493070468407673
128908,3,7.591287997430165
128909,3,6.854272190839455
128910,3,7.4238645465702
128911,3,7.879621043366272
128912,3,7.5590178472119165
128913,3,7.909888720653885
128914,3,7.236293934911859
128915,3,7.534302945069156
128916,3,7.718601326571334
128917,3,7.039276564575298
128918,3,7.027873227654686
128919,3,7.612488696124811
128920,3,7.278611906615106
128921,3,7.116815576262322
128922,3,7.087104483255452
128923,3,6.956792178089181
128924,3,7.109026517883144
128925,3,7.5404051544373925
128926,3,7.119214002260506
128927,3,7.204751220743437
128928,3,7.437450819134702
128929,3,7.132420218713774
128930,3,6.6126608354460465
128931,3,6.033442181154498
128932,3,7.293205625839677
128933,3,7.561172610906945
128934,3,7.132688152360331
128935,3,7.308664880999146
128936,3,7.06425049684638
128937,3,7.0084399529851344
128938,3,7.689914137396951
128939,3,7.44826678138428
128940,3,7.006561131297337
128941,3,6.972640401827559
128942,3,7.458153569640979
128943,3,7.236903139081501
128944,3,7.139653427487938
128945,3,7.366342591962999
128946,3,7.402858055049758
128947,3,7.5205131069665745
128948,3,6.570099991337939
128949,3,6.887662550916385
128950,3,7.049133359668524
128951,3,7.111092132565336
128952,3,7.462313232231895
128953,3,7.338038540011441
128954,3,7.03389920264839
128955,3,7.772732672918909
128956,3,7.271778178978754
128957,3,7.236847514533671
128958,3,7.1080419093709475
128959,3,7.546760978262007
128960,3,7.513592778086813
128961,3,7.13043846548941
128962,3,7.049238554494322
128963,3,7.171270023434699
128964,3,7.5280711621385485
128965,3,6.9952648302422835
128966,3,6.821583323369635
128967,3,6.2340346120086725
128968,3,7.53433140946783
128969,3,7.6328303370365775
128970,3,7.3896067197469995
128971,3,7.252799942348089
128972,3,7.494595219075922
128973,3,6.988300014990271
128974,3,6.979103710627687
128975,3,6.907232283170501
128976,3,7.400026534996814
128977,3,5.6910727448949885
128978,3,7.266331858039696
128979,3,7.119260988325916
128980,3,7.186416190677022
128981,3,5.6066853041155085
128982,3,7.262094872197188
128983,3,6.77718148759156
128984,3,7.0401397798802865
128985,3,7.1512494491646335
128986,3,7.2230480789736715
128987,3,7.370658278068108
128988,3,7.413355755499396
128989,3,7.118690139857819
128990,3,6.183322508918049
128991,3,6.755965886693402
128992,3,7.4276247943675715
128993,3,7.332237796744617
128994,3,7.280462120790545
128995,3,7.347868485696594
128996,3,6.944904368113906
128997,3,6.7266737297558565
128998,3,7.107955616060954
128999,3,7.235010280226991
129000,3,7.362136184477246
129001,3,6.986117786760999
129002,3,7.35684185962414
129003,3,7.552850390847212
129004,3,7.054157039484183
129005,3,6.945921555450375
129006,3,6.980854395619975
129007,3,7.330427777431777
129008,3,6.905464595762309
129009,3,5.9438987665386955
129010,3,6.293633627298887
129011,3,7.027212697922052
129012,3,7.21481949513295
129013,3,7.1512314664162675
129014,3,7.044967311170566
129015,3,7.305334485570501
129016,3,8.041261134122657
129017,3,7.0780892019802915
129018,3,7.350562126361153
129019,3,7.176283749039974
129020,3,7.062444020960137
129021,3,6.9432378821228875
129022,3,7.090779833351999
129023,3,6.842098018164179
129024,3,7.089813536081667
129025,3,7.175517177732181
129026,3,6.921323011863129
129027,3,6.862534317780137
129028,3,6.495206071377758
129029,3,6.901889518887972
129030,3,6.957927627922823
129031,3,7.198649080057864
129032,3,7.168609671366329
129033,3,7.145472068744754
129034,3,6.385716951076414
129035,3,7.318988305359572
129036,3,6.3291178329748465
129037,3,6.221156365753474
129038,3,7.146542751286295
129039,3,6.598289811610679
129040,3,6.383165412514735
129041,3,6.4680575993128695
129042,3,6.585977478426841
129043,3,6.85299865127514
129044,3,7.236858225234412
129045,3,7.326160684660959
129046,3,6.686125843233356
129047,3,7.063328243722128
129048,3,7.015203505073311
129049,3,6.947761279950667
129050,3,5.885780031027485
129051,3,7.196694740498554
129052,3,5.4976973768135124
129053,3,7.045223330044075
129054,3,6.894332386317097
129055,3,7.058623884400417
129056,3,6.632188632324399
129057,3,6.990873330157226
129058,3,6.836334949738819
129059,3,7.760913439985226
129060,3,7.941343974502388
129061,3,6.7471108008342675
129062,3,7.074106128468042
129063,3,6.520411892938391
129064,3,6.7373478256965065
129065,3,7.153948550253716
129066,3,6.820358680855599
129067,3,6.838673251884177
129068,3,6.202403952400862
129069,3,6.643552662412671
129070,3,6.928188210599966
129071,3,7.323018465096243
129072,3,6.089789285005305
129073,3,6.097233822671496
129074,3,6.087259615803765
129075,3,7.010091552943399
129076,3,6.768440901342941
129077,3,7.148144024225942
129078,3,6.578470245951213
129079,3,6.763204296592114
129080,3,7.0464562205675865
129081,3,7.536002927250401
129082,3,6.666541059046463
129083,3,6.707963392400163
129084,3,6.930406736187182
129085,3,6.63502937579432
129086,3,7.190081120709685
129087,3,6.234783897406337
129088,3,7.087479221697125
129089,3,7.038190067090774
129090,3,6.61397217934543
129091,3,6.951770032850329
129092,3,6.635322410851037
129093,3,6.894666427408526
129094,3,6.3226622092629
129095,3,7.008583963783257
129096,3,6.873103140847478
129097,3,7.1017618204153505
129098,3,7.307282297636185
129099,3,6.168016070593496
129100,3,6.940185127418424
129101,3,6.791836687683308
129102,3,7.067868348826304
129103,3,6.9559132820244525
129104,3,6.8525145411468635
129105,3,6.585371969449285
129106,3,6.280853909630848
129107,3,6.9255121995284945
129108,3,6.631118545127215
129109,3,7.015975558080397
129110,3,7.2015148257497374
129111,3,6.373989433957435
129112,3,7.283371716395074
129113,3,6.898697890219236
129114,3,6.496508837918677
129115,3,6.52308209488611
129116,3,5.96654108361287
129117,3,6.542613809382941
129118,3,6.509221266101355
129119,3,6.22003748183976
129120,3,6.3720451799168005
129121,3,6.750254749030448
129122,3,6.843289611096924
129123,3,7.070303623861925
129124,3,6.134398836869574
129125,3,6.944180262257362
129126,3,6.296321317201615
129127,3,6.485655055568427
129128,3,7.058809398329841
129129,3,7.0075347852662695
129130,3,6.787030182106199
129131,3,6.373662787103482
129132,3,6.28794505158389
129133,3,7.282556321173781
129134,3,7.204818724234285
129135,3,6.855951166605011
129136,3,5.734816765781651
129137,3,7.196857636701443
129138,3,6.218826498592227
129139,3,6.7621330365558086
129140,3,6.994580888092576
129141,3,7.084871635059056
129142,3,6.436122216821918
129143,3,7.361291837403822
129144,3,6.6563272011392876
129145,3,6.356958513944208
129146,3,5.80663575075011
129147,3,6.236779671744192
129148,3,7.4191938778456565
129149,3,6.888306190519815
129150,3,6.3025806919416825
129151,3,7.549135812267918
129152,3,7.1041581372225355
129153,3,6.677664747428672
129154,3,6.772946388841448
129155,3,6.800336562204485
129156,3,6.855374779042105
129157,3,6.298890720863639
129158,3,7.012518664905653
129159,3,6.423093172484035
129160,3,6.287096428617186
129161,3,6.2207553610719595
129162,3,6.275446792644722
129163,3,6.223438292093983
129164,3,6.357985724446296
129165,3,6.3390594988646205
129166,3,6.393470948328922
129167,3,5.944995896715743
129168,3,6.716109900655061
129169,3,6.453511865254029
129170,3,6.7445914984762805
129171,3,6.738106186852505
129172,3,6.512368781868598
129173,3,6.179270680662029
129174,3,6.610775766477999
129175,3,6.454502178407292
129176,3,7.13811332838916
129177,3,6.380841032348169
129178,3,5.926292643896813
129179,3,7.466927814739291
129180,3,6.545196880007182
129181,3,6.192573371145737
129182,3,6.087606009634496
129183,3,6.3106327096659305
129184,3,6.3187369970434775
129185,3,6.121146854756237
129186,3,6.643068067404077
129187,3,6.502949302730851
129188,3,6.366458442221095
129189,3,5.691435682411221
129190,3,5.591362023372414
129191,3,6.143341280206847
129192,3,6.182104564949071
129193,3,5.9477451519017
129194,3,6.491951587289554
129195,3,5.978005521575423
129196,3,7.044030501267694
129197,3,6.397850671573537
129198,3,6.381974416275195
129199,3,6.497328859139423
129200,3,6.251687531581448
129201,3,6.320508865730197
129202,3,6.521173496553776
129203,3,6.237683284837082
129204,3,6.52633281843725
129205,3,5.914980262141212
129206,3,6.848893287294126
129207,3,6.282534528794037
129208,3,5.971529692857551
129209,3,6.400850459699005
129210,3,5.849325261133996
129211,3,6.706513290983997
129212,3,6.597425920168937
129213,3,6.119870989156062
129214,3,6.5676710002671985
129215,3,6.123261640487414
129216,3,6.738444688369621
129217,3,5.949363492653542
129218,3,6.312549431863772
129219,3,6.60456502220974
129220,3,6.313455189444722
129221,3,6.144792232197655
129222,3,6.3160677644989365
129223,3,6.44719424865751
129224,3,6.228545383930749
129225,3,6.04757865960752
129226,3,6.493396741623154
129227,3,6.830909026464289
129228,3,7.079387286347048
129229,3,6.9678218951535476
129230,3,6.458156595626569
129231,3,6.414553874342191
129232,3,6.397013160050646
129233,3,6.433941602484243
129234,3,7.380615365652904
129235,3,5.855478285650226
129236,3,6.167077073872941
129237,3,6.229139406600298
129238,3,6.503246508495721
129239,3,6.792394329016732
129240,3,6.41334181202678
129241,3,6.022263194250465
129242,3,6.323541388842797
129243,3,6.230855239448546
129244,3,5.658639839907776
129245,3,6.356446511277247
129246,3,5.6454528423742705
129247,3,5.991685559782395
129248,3,6.418805506489641
129249,3,5.360786755727827
129250,3,6.1955397486609485
129251,3,6.517835705085108
129252,3,6.355336772578164
129253,3,6.905169619607254
129254,3,6.85211487998731
129255,3,5.855376530028304
129256,3,6.652660165874441
129257,3,6.694734590620015
129258,3,6.022632890279844
129259,3,6.078544315619345
129260,3,6.879273505593018
129261,3,6.757040500877595
129262,3,6.253135837998509
129263,3,6.4093853082426895
129264,3,6.374836944912211
129265,3,6.474355268606407
129266,3,6.155218012076041
129267,3,6.014277299564719
129268,3,6.739829948506813
129269,3,5.973048422887679
129270,3,6.4347344884262805
129271,3,6.131824288618116
129272,3,6.256909331123286
129273,3,6.643757477201827
129274,3,6.011064804336414
129275,3,5.9165650393975735
129276,3,5.847555201037823
129277,3,6.518293675293262
129278,3,6.349045571650142
129279,3,5.940868794238557
129280,3,6.243866698209403
129281,3,6.42051891156736
129282,3,6.024025171937766
129283,3,6.401395520610485
129284,3,6.2395031855093235
129285,3,6.791794815500373
129286,3,5.962335334157987
129287,3,6.358020670682511
129288,3,6.062378260591935
129289,3,6.186466794962198
129290,3,6.396877800717024
129291,3,6.25373934930375
129292,3,6.120587057478559
129293,3,6.0145600167899795
129294,3,6.5398685807740335
129295,3,6.045847266206802
129296,3,5.812345985319196
129297,3,5.912777791813509
129298,3,6.125278869367462
129299,3,6.694862421503246
129300,3,6.130024584717628
129301,3,5.7468977019977565
129302,3,6.313983627297043
129303,3,6.713008154868529
129304,3,6.625250171842066
129305,3,6.327012129017461
129306,3,6.543205614450301
129307,3,5.976812933779344
129308,3,6.9299477372935385
129309,3,6.661206219844945
129310,3,5.982155759150222
129311,3,6.02025878532055
129312,3,6.522368388421486
129313,3,6.397918171652342
129314,3,6.362082980096464
129315,3,5.8171387794882525
129316,3,6.602191016318322
129317,3,6.27020660764641
129318,3,5.728430353142329
129319,3,6.486355802308488
129320,3,6.280667674079349
129321,3,6.131192056002528
129322,3,6.0365012261231765
129323,3,6.539744060905861
129324,3,6.0975886865278355
129325,3,6.0975886865278355
129326,3,6.0975886865278355
129327,3,6.588733201487813
129328,3,6.133646400705895
129329,3,6.133646400705895
129330,3,6.283392179374696
129331,3,6.260154817433167
129332,3,5.742764476507809
129333,3,5.952544529458088
129334,3,6.705798068278652
129335,3,6.165380136452416
129336,3,6.325068539972577
129337,3,5.974839748278004
129338,3,6.336301422923663
129339,3,6.107201269071253
129340,3,5.800609320715061
129341,3,6.421793065753907
129342,3,5.689596070552337
129343,3,6.313529517624396
129344,3,6.219987048151894
129345,3,6.024208300609923
129346,3,5.8300857102189605
129347,3,6.236322596647908
129348,3,6.458508565677258
129349,3,5.970659946613209
129350,3,6.369134166683668
129351,3,6.398923988919402
129352,3,7.038162611278387
129353,3,6.169194188087391
129354,3,6.384549570939403
129355,3,5.952197757647983
129356,3,6.093072458062582
129357,3,6.402065752764299
129358,3,4.9605693872984595
129359,3,5.915328562001135
129360,3,6.511508693155056
129361,3,6.299903164628557
129362,3,5.728016698194299
129363,3,5.914140349292025
129364,3,6.183159795118259
129365,3,7.080873159971766
129366,3,5.97671289895328
129367,3,6.225291661439227
129368,3,6.472141205621776
129369,3,5.657887112226938
129370,3,6.021970185106077
129371,3,6.09073144627983
129372,3,6.265856125426391
129373,3,6.0640600218521055
129374,3,6.02373642542309
129375,3,6.027146688125606
129376,3,6.567574711481951
129377,3,5.824447202617312
129378,3,6.177914470256492
129379,3,5.827415409651099
129380,3,5.800363853650923
129381,3,6.1201747592732225
129382,3,5.751313783754991
129383,3,5.347162717728914
129384,3,6.057027160543554
129385,3,6.432481634290878
129386,3,6.10157808627213
129387,3,5.564638624674034
129388,3,6.032395912903823
129389,3,5.934574148943217
129390,3,6.407686435125325
129391,3,6.155485742967547
129392,3,6.42879693996643
129393,3,6.058671950359158
129394,3,5.9622729394554606
129395,3,6.08379405698631
129396,3,6.248210599777082
129397,3,5.945283676943163
129398,3,6.3763248875036425
129399,3,6.367000833992194
129400,3,5.832399611187768
129401,3,6.05900648772814
129402,3,6.003962367035467
129403,3,6.170097895512895
129404,3,5.520054014327364
129405,3,5.703782320493579
129406,3,5.686780974595334
129407,3,6.273407037708044
129408,3,6.052387096720211
129409,3,6.077884473154937
129410,3,5.945562640357344
129411,3,6.098913796075863
129412,3,6.496202046920569
129413,3,5.992639223939482
129414,3,5.6914153099482085
129415,3,6.030682780107493
129416,3,6.030682780107493
129417,3,6.030682780107493
129418,3,5.9226472513805435
129419,3,5.963582818738747
129420,3,6.292428611315377
129421,3,5.829691452434831
129422,3,5.594817542321551
129423,3,6.023447925676804
129424,3,5.6159458388682895
129425,3,6.134903600011107
129426,3,5.513887122230005
129427,3,5.948963539476792
129428,3,5.932664235790937
129429,3,5.99323933244
129430,3,6.389681993692499
129431,3,5.5481866109812294
129432,3,5.738392831327564
129433,3,6.07323306032121
129434,3,6.213062463280343
129435,3,6.008675846682943
129436,3,5.807088709878078
129437,3,5.679326534569927
129438,3,5.814874417233671
129439,3,6.398936338533104
129440,3,6.142317359048595
129441,3,6.100431189305302
129442,3,5.992110112954514
129443,3,6.869419349653658
129444,3,5.930053318472191
129445,3,6.178899050926312
129446,3,6.2933663726799685
129447,3,5.959704545404816
129448,3,5.344302994126639
129449,3,5.830835483431911
129450,3,5.937429673606414
129451,3,5.960560072833516
129452,3,5.381488682684201
129453,3,5.887898610879677
129454,3,6.622018823575069
129455,3,5.643586938179531
129456,3,5.963409796319546
129457,3,4.889126682836377
129458,3,6.565462379458557
129459,3,5.820088591911688
129460,3,5.735805462247122
129461,3,6.115507865726152
129462,3,6.070754526304733
129463,3,5.583013158312296
129464,3,5.9333648798874705
129465,3,6.2710690447019415
129466,3,5.709864520530906
129467,3,5.19886137065092
129468,3,5.492594306779252
129469,3,6.044891614954454
129470,3,6.076721739345239
129471,3,5.602192108532082
129472,3,5.404020138262001
129473,3,6.056227991872834
129474,3,5.764022096950841
129475,3,5.845519962173934
129476,3,5.702343601160905
129477,3,5.878484935975746
129478,3,5.975942820721773
129479,3,5.959789260932629
129480,3,6.025067083333902
129481,3,6.025234842860885
129482,3,5.857618569585801
129483,3,5.962990942273816
129484,3,6.13705745096798
129485,3,5.961085070470152
129486,3,5.999444285381761
129487,3,5.817725136969013
129488,3,6.308388888274428
129489,3,6.003489770661995
129490,3,5.676141857192506
129491,3,5.709298234793966
129492,3,5.799066045953972
129493,3,5.638494402434226
129494,3,5.832982483816258
129495,3,5.826556006023979
129496,3,5.61787200934508
129497,3,6.086205961991015
129498,3,5.860230199113497
129499,3,5.466024166561898
129500,3,5.987877574960897
129501,3,5.980987371539408
129502,3,5.706516556486851
129503,3,6.342844328485605
129504,3,5.714586675246583
129505,3,5.970917916556265
129506,3,5.850382151212901
129507,3,5.747028340555088
129508,3,5.8464963881913485
129509,3,5.385541131930288
129510,3,6.097560817726952
129511,3,5.902942751473279
129512,3,6.095337403289816
129513,3,5.74065429630775
129514,3,6.091502141142389
129515,3,5.928920916465382
129516,3,5.909281510616649
129517,3,6.043251382995344
129518,3,5.327393801014083
129519,3,6.091391703417037
129520,3,6.112350934339935
129521,3,6.113480254555894
129522,3,5.900854038900301
129523,3,5.5545754927158
129524,3,5.822900898565408
129525,3,5.7885063420566265
129526,3,6.114428018762838
129527,3,6.025130105892011
129528,3,6.07052981887194
129529,3,5.561510882712777
129530,3,5.771460130546473
129531,3,5.735383885161518
129532,3,5.622558155303631
129533,3,5.2698450677783555
129534,3,5.195271583408726
129535,3,6.556499307733489
129536,3,5.659673324465427
129537,3,5.68631397441718
129538,3,5.346812094020426
129539,3,5.930838946313923
129540,3,5.296720850487418
129541,3,5.824279234313451
129542,3,5.784795624428263
129543,3,6.020986253261969
129544,3,5.602320571996906
129545,3,5.160207998868907
129546,3,5.588845498454339
129547,3,5.678459808502479
129548,3,6.016596864668948
129549,3,4.734775509812514
129550,3,6.0573066496751755
129551,3,5.5684046728113925
129552,3,5.603317781055977
129553,3,6.028301795036385
129554,3,5.8569644522893665
129555,3,5.7091572563113795
129556,3,6.014440481424018
129557,3,5.180098163040649
129558,3,5.6172858197482025
129559,3,5.234884222786585
129560,3,5.882132511744435
129561,3,6.216250561463505
129562,3,5.891396226774451
129563,3,5.715613912174259
129564,3,5.889067267489593
129565,3,6.008986598632955
129566,3,5.781963512432249
129567,3,5.4360701066052215
129568,3,5.831168678182544
129569,3,5.803376881420435
129570,3,5.507374226780873
129571,3,5.261919098910862
129572,3,5.661118668753147
129573,3,6.123603301552077
129574,3,6.2535873896336165
129575,3,5.496469304880851
129576,3,5.635269433476515
129577,3,5.879067452755687
129578,3,5.468284621729444
129579,3,5.788698859985012
129580,3,5.7877960887537405
129581,3,5.051697515286647
129582,3,5.530555052363903
129583,3,5.556241859175493
129584,3,5.4892741492178825
129585,3,5.854539366846485
129586,3,5.119364469987311
129587,3,5.892884211920445
129588,3,5.497406164698668
129589,3,5.441902261853655
129590,3,5.5898320974014055
129591,3,5.976888866581648
129592,3,5.825078733200305
129593,3,5.052663438987965
129594,3,5.6341479503200524
129595,3,5.71262058820186
129596,3,5.775770860177546
129597,3,5.536929461862876
129598,3,5.782629687064089
129599,3,5.7547457944424005
129600,3,5.85593757512977
129601,3,5.580073341331261
129602,3,5.742388185680231
129603,3,5.631243637363457
129604,3,5.447912639434268
129605,3,5.772243237802728
129606,3,5.834085631821529
129607,3,5.382814768047154
129608,3,5.594398171469509
129609,3,5.511641631704013
129610,3,5.462562599969865
129611,3,5.788270219719654
129612,3,5.3888553682913285
129613,3,2.968531353223344
129614,3,5.480910030943217
129615,3,5.417938437727602
129616,3,6.3263348028557465
129617,3,5.576193484034684
129618,3,5.28633129884903
129619,3,5.751104058902079
129620,3,5.7161498839855405
129621,3,5.797523345486821
129622,3,6.063822953478947
129623,3,5.668494073563807
129624,3,5.973309871566484
129625,3,5.203831351463344
129626,3,5.989637317339682
129627,3,5.53105538986777
129628,3,5.318944930072227
129629,3,5.831054485270128
129630,3,5.52738534441165
129631,3,5.993944749766796
129632,3,6.045605980804371
129633,3,6.056673720802185
129634,3,5.542302969178627
129635,3,5.681310369363959
129636,3,5.76583955108622
129637,3,5.6953064046044455
129638,3,5.516111872304758
129639,3,5.446065183655813
129640,3,5.217057699842199
129641,3,5.3944881558274975
129642,3,5.564660198130351
129643,3,5.514361822694067
129644,3,6.236992070141154
129645,3,5.771611746761514
129646,3,5.7570213363109035
129647,3,5.6043951530072205
129648,3,5.764362654257557
129649,3,5.527277655169188
129650,3,5.412015108309426
129651,3,5.462781457570006
129652,3,5.3040977727524945
129653,3,5.457631464708559
129654,3,5.8631909448768775
129655,3,5.991615664948663
129656,3,5.395318540263746
129657,3,5.420353932056661
129658,3,5.797426605333645
129659,3,5.494936093192637
129660,3,5.623937882394132
129661,3,5.7635297134652586
129662,3,5.5814063323574645
129663,3,5.663291352131433
129664,3,4.994637736810767
129665,3,5.744271844756948
129666,3,5.34718427747478
129667,3,5.078707245082251
129668,3,5.668575177188879
129669,3,5.66441653800841
129670,3,5.451269611487087
129671,3,5.640305698360947
129672,3,5.1581230619587215
129673,3,5.661384279175676
129674,3,5.607898244180513
129675,3,5.884540262738214
129676,3,5.810608721637449
129677,3,5.934561916392574
129678,3,6.131266685723968
129679,3,5.099261545812895
129680,3,5.523709459140771
129681,3,5.362888081078511
129682,3,5.350316654419047
129683,3,5.193399408267711
129684,3,6.1996922688214005
129685,3,5.583166412419264
129686,3,5.61625000077985
129687,3,5.508324977412968
129688,3,5.561486965692773
129689,3,5.517472663416427
129690,3,5.481626220776176
129691,3,5.072703341561642
129692,3,5.202270566665118
129693,3,5.598837404411716
129694,3,5.342746575633562
129695,3,5.556337318898256
129696,3,5.859178948598591
129697,3,5.4903302598584105
129698,3,4.982033010381169
129699,3,5.430528420049843
129700,3,5.771299203105492
129701,3,5.5967576852874235
129702,3,5.296835021513726
129703,3,5.431608699245053
129704,3,5.657701202973249
129705,3,5.72494993693669
129706,3,5.622825003733304
129707,3,5.4705697307143195
129708,3,5.494140624861745
129709,3,5.519046222971776
129710,3,5.443751659149341
129711,3,5.175860317772062
129712,3,5.1751744795899794
129713,3,5.854985416836251
129714,3,5.562502758929762
129715,3,5.706228158163038
129716,3,5.363158597575326
129717,3,4.98390716618257
129718,3,5.683748776059157
129719,3,5.584211224984658
129720,3,5.395949764746662
129721,3,5.454420944543031
129722,3,5.461031287024063
129723,3,5.052592969894707
129724,3,5.500389180357141
129725,3,5.173628693446848
129726,3,5.298592046470522
129727,3,5.635226906294376
129728,3,5.298126825071289
129729,3,4.3576524213920305
129730,3,5.584706524387013
129731,3,5.601257411545071
129732,3,5.537686639585593
129733,3,5.401728487992319
129734,3,5.684092279807417
129735,3,5.216460326416535
129736,3,5.192227734028161
129737,3,5.279547487868838
129738,3,5.205817004517494
129739,3,5.460359832722117
129740,3,5.372536728749758
129741,3,5.411243246472496
129742,3,5.432178605144051
129743,3,5.354412032725618
129744,3,4.635326934170978
129745,3,5.364692007773458
129746,3,5.447891350233742
129747,3,5.779561720624051
129748,3,5.55151913022142
129749,3,5.79283993370855
129750,3,5.988772411192556
129751,3,5.519130310513505
129752,3,5.651047027804436
129753,3,5.188877466814313
129754,3,5.287546257785673
129755,3,5.366306357555646
129756,3,5.41899291805402
129757,3,5.136728773626098
129758,3,5.460308714368986
129759,3,5.220681379632675
129760,3,5.246920611151939
129761,3,5.665607359243648
129762,3,5.245558193383205
129763,3,5.27369482342825
129764,3,5.470828201423587
129765,3,5.368573726269348
129766,3,5.527115329822486
129767,3,5.31471729456619
129768,3,5.343002510729587
129769,3,5.533084376578758
129770,3,5.856088082460697
129771,3,5.608081500222146
129772,3,5.43909264431656
129773,3,5.212550407499817
129774,3,5.10394957348822
129775,3,5.514847074542139
129776,3,5.659427972013709
129777,3,4.655724126589248
129778,3,5.6318983078577505
129779,3,5.6344794723647444
129780,3,5.426841411895083
129781,3,5.107208815895312
129782,3,5.310479056423962
129783,3,5.186725453984757
129784,3,5.368584080301398
129785,3,5.511742855098991
129786,3,5.1439706039668085
129787,3,5.032997081128925
129788,3,5.152035629408226
129789,3,5.470245081566862
129790,3,4.540158338663584
129791,3,3.601883658208292
129792,3,5.4421244345153355
129793,3,4.859326918684129
129794,3,5.469009602687499
129795,3,5.155255308792189
129796,3,5.470353772157697
129797,3,5.34841211223816
129798,3,5.181946345962837
129799,3,5.550408237103807
129800,3,5.556788526233287
129801,3,5.503343620737544
129802,3,5.089935331551388
129803,3,5.093492458461051
129804,3,5.490924222774127
129805,3,4.981494585898937
129806,3,5.1246015511294685
129807,3,5.38862292461941
129808,3,5.499694415770867
129809,3,5.574317105354674
129810,3,5.263419020753675
129811,3,5.716246711327951
129812,3,5.80847427045549
129813,3,5.106937307500396
129814,3,4.014357992900203
129815,3,5.314825980627909
129816,3,4.673766780329965
129817,3,4.946210381798669
129818,3,4.655555661362429
129819,3,5.154953726686237
129820,3,5.224299819394842
129821,3,5.329112321529817
129822,3,5.125983331811009
129823,3,5.41306823707256
129824,3,5.366902737210243
129825,3,5.39744030008981
129826,3,5.33248237534884
129827,3,5.17893571119159
129828,3,4.7773600857497645
129829,3,4.627921429620317
129830,3,5.242844138058205
129831,3,5.216276796119024
129832,3,5.229559849194862
129833,3,4.93279492679951
129834,3,5.592800744680745
129835,3,5.510570682127457
129836,3,4.87136074701205
129837,3,5.071670997646844
129838,3,5.293585554845807
129839,3,4.825408264013484
129840,3,4.57321344507436
129841,3,4.479129466483983
129842,3,5.233479961595464
129843,3,4.372257482515821
129844,3,5.239356774916905
129845,3,5.061076901656815
129846,3,4.926670943730172
129847,3,5.089198808555748
129848,3,5.15390176829443
129849,3,5.825372500030673
129850,3,5.455391947093679
129851,3,5.159930936859093
129852,3,5.36016585703028
129853,3,5.2895136519791395
129854,3,4.441430849436248
129855,3,5.185424021885002
129856,3,4.917444542980375
129857,3,5.20244529726703
129858,3,4.879049593492564
129859,3,4.690611462492138
129860,3,4.9616108387099915
129861,3,5.259834310481916
129862,3,5.337944179706626
129863,3,5.195074716293934
129864,3,4.96486320012741
129865,3,5.030965272012215
129866,3,5.017384304738961
129867,3,4.979098357194349
129868,3,5.231066804882307
129869,3,5.08579546061959
129870,3,5.1872385187427605
129871,3,5.210662598628252
129872,3,5.051934314782783
129873,3,4.885117992878037
129874,3,3.6980248619818754
129875,3,5.15256704367169
129876,3,5.095105786425684
129877,3,5.140390245887548
129878,3,5.372132175016567
129879,3,4.589184136473726
129880,3,5.120418708780191
129881,3,4.5724158867388995
129882,3,4.61233980661506
129883,3,4.5821308715773075
129884,3,4.454332144079955
129885,3,5.4315505698549815
129886,3,5.12591835083912
129887,3,5.220218485118371
129888,3,4.821188512552037
129889,3,5.01607345585373
129890,3,4.908751836498958
129891,3,5.007862151208796
129892,3,5.169933510689818
129893,3,4.715651479144303
129894,3,5.497981583121973
129895,3,4.883279075653855
129896,3,4.994191650088507
129897,3,5.14593290353624
129898,3,4.645128733846654
129899,3,4.616042282812493
129900,3,5.133764784779405
129901,3,4.795542225001271
129902,3,4.954218063847274
129903,3,4.662513783457175
129904,3,4.826608527710629
129905,3,5.157135244691218
129906,3,5.1483748366145345
129907,3,5.156459852071557
129908,3,4.545419420293923
129909,3,4.684963868046305
129910,3,4.819395243245359
129911,3,4.874220599478
129912,3,4.80587250635109
129913,3,4.905025264380821
129914,3,5.171437416886505
129915,3,5.064363476329813
129916,3,5.111925639901455
129917,3,4.849351671634402
129918,3,4.859330715595684
129919,3,4.8849961807977555
129920,3,4.474619576366932
129921,3,4.725618080836627
129922,3,4.5304491061468655
129923,3,4.842105775676207
129924,3,4.8670668087357845
129925,3,5.376034625947636
129926,3,4.646897059072969
129927,3,4.449961663526976
129928,3,4.845987802194953
129929,3,4.367823237287504
129930,3,4.527636161878155
129931,3,3.911223834103656
129932,3,4.538516054672217
129933,3,3.704037698400146
129934,3,5.002046216314858
129935,3,4.2989917867131435
129936,3,4.581266458916263
129937,3,5.423633745838613
129938,3,4.854312717186585
129939,3,4.618540659283775
129940,3,4.627525717733008
129941,3,4.344745814542845
129942,3,5.011196653137536
129943,3,4.86417300174381
129944,3,4.653372221435717
129945,3,4.797626217930762
129946,3,4.7486859778637465
129947,3,4.887972218328047
129948,3,4.932160750971359
129949,3,4.518661013640514
129950,3,5.164883828097454
129951,3,4.683347354821901
129952,3,4.413956849964446
129953,3,3.1716669278476677
129954,3,4.264418535918269
129955,3,4.748167884874146
129956,3,4.364389348799186
129957,3,3.9601782631235642
129958,3,4.25793067852
129959,3,4.877923592769765
129960,3,4.077081279761872
129961,3,4.368994059600567
129962,3,4.566913855522774
129963,3,4.315149084675387
129964,3,4.8694725626196735
129965,3,4.658711942751211
129966,3,4.318046749398817
129967,3,4.3438717718492
129968,3,4.497796215850712
129969,3,3.844866017850514
129970,3,4.327568894162401
129971,3,4.391176596000566
129972,3,4.993752999180849
129973,3,3.5341511404789676
129974,3,4.026226093204769
129975,3,4.111600675049926
129976,3,4.501003503060304
129977,3,4.0359251262583715
129978,3,3.286902765242301
129979,3,3.1305778682555343
129980,3,3.9986879121132883
129981,3,4.976717151660296
129982,3,3.3406828810643185
129983,3,3.9673485990165145
129984,3,3.5291615667142384
129985,3,4.056234589834665
129986,3,4.045540896024099
129987,3,4.370816340736338
129988,3,2.7338134690117135
129989,3,4.457960704519589
129990,3,4.088736549567837
129991,3,3.262842273253033
129992,3,3.5690785139329524
129993,3,3.609361589010077
129994,3,3.7839055085383495
129995,3,3.773389605825652
129996,3,3.753037115579731
129997,3,3.459360159853634
129998,3,3.348756352141648
129999,3,3.727384158010531
130000,3,4.473548709429993
130001,3,3.664690743108213
130002,3,3.285713344173699
130003,3,3.832274552875512
130004,3,3.174692521493101
130005,3,3.3016276161914875
130006,3,3.325989657375411
130007,3,3.2187303925484856
130008,3,2.468757860236651
130009,3,3.0605106499669907
130010,3,3.1725774772522324
130011,3,2.642528023262675
130012,3,3.510808753762846
130013,3,2.2142362753648372
130014,3,7.716366540267209
130015,3,8.353054269353033
130016,3,6.888192402173824
130017,3,5.193892923737927
130018,3,7.9271057781788965
130019,3,6.931641962360948
130020,3,7.393704018178816
130021,3,9.138673067440164
130022,3,8.638495209818181
130023,3,8.769922092373239
130024,3,9.373565985518537
130025,3,8.801784217880925
130026,3,9.268399561184694
130027,3,8.135583532528125
130028,3,8.31987784867386
130029,3,8.760993570273541
130030,3,9.454334001556107
130031,3,7.747078106063649
130032,3,9.020821122103438
130033,3,7.501709476061947
130034,3,8.553692278425697
130035,3,8.382720893241043
130036,3,9.380281439606666
130037,3,9.359182394731253
130038,3,9.075708374885235
130039,3,8.832277241667876
130040,3,9.39911050444363
130041,3,9.518680607456117
130042,3,7.565168692163399
130043,3,9.407974563940053
130044,3,9.334565126630054
130045,3,8.824769152507148
130046,3,9.298428597915825
130047,3,9.200711404190098
130048,3,8.848142833484015
130049,3,9.094269145089779
130050,3,9.477456339263291
130051,3,9.171627687616146
130052,3,9.523088803321043
130053,3,9.180178111993241
130054,3,9.09089786438175
130055,3,9.325786660027692
130056,3,9.241870506030862
130057,3,9.119180745339499
130058,3,9.078722258618146
130059,3,9.046912739059417
130060,3,9.026265180561447
130061,3,8.549702435923656
130062,3,7.516145394369127
130063,3,9.355436543276411
130064,3,8.933247337449789
130065,3,8.569342848156541
130066,3,9.292763027419921
130067,3,9.472635996498724
130068,3,9.305243706275078
130069,3,8.883703527753084
130070,3,8.918641306605393
130071,3,9.539181771312666
130072,3,9.414022833353991
130073,3,9.397571497389965
130074,3,9.34419498375825
130075,3,9.333289408964447
130076,3,8.933498012432345
130077,3,8.153759177371734
130078,3,9.30097180985613
130079,3,8.519234082117059
130080,3,9.210690078012371
130081,3,8.929844726295906
130082,3,9.336027934136602
130083,3,9.098115015019262
130084,3,8.915254379789447
130085,3,8.857375755922336
130086,3,9.140402707714859
130087,3,9.367588369836634
130088,3,9.240446255171834
130089,3,7.715456901472775
130090,3,9.069419520957142
130091,3,9.126166386973729
130092,3,9.08891255613865
130093,3,9.270289837973863
130094,3,8.772104067922887
130095,3,9.100569370244372
130096,3,8.870100901890943
130097,3,9.330931467896491
130098,3,9.303242608770255
130099,3,8.679642993334536
130100,3,9.107229706154037
130101,3,8.970862263505355
130102,3,9.308605900843059
130103,3,7.536224545967517
130104,3,9.067518551024849
130105,3,9.069988043693076
130106,3,9.141161235390944
130107,3,9.342970481590623
130108,3,9.260666947743104
130109,3,8.525521141445493
130110,3,9.04378344671952
130111,3,9.482643176149583
130112,3,9.177619120417404
130113,3,9.054373488329368
130114,3,7.994561761761718
130115,3,9.114431845511831
130116,3,8.794042862920627
130117,3,8.907288491133087
130118,3,7.526598984922533
130119,3,8.612988629028408
130120,3,8.762482394705387
130121,3,9.026536779812464
130122,3,9.03975446042692
130123,3,9.290772452009167
130124,3,9.190595583679759
130125,3,9.190595583679759
130126,3,9.177568167357729
130127,3,8.85832994463793
130128,3,8.577680801765242
130129,3,9.285127945005675
130130,3,9.305775762144593
130131,3,9.320945494065974
130132,3,9.46008172269568
130133,3,9.004950496267721
130134,3,8.13075634886897
130135,3,8.784263925787275
130136,3,8.900605641577766
130137,3,7.931203066777222
130138,3,8.894186467494293
130139,3,8.876228894180985
130140,3,8.28515789131388
130141,3,8.069021070548342
130142,3,9.065582777195216
130143,3,9.002256285388633
130144,3,9.002256285388633
130145,3,9.127477568254896
130146,3,8.856436572820613
130147,3,9.367732222896151
130148,3,8.810453900149273
130149,3,8.754737994878257
130150,3,9.315954804652929
130151,3,9.012098964176431
130152,3,9.120497569290631
130153,3,9.08423258545188
130154,3,8.437706918895909
130155,3,8.229144707554802
130156,3,9.021577742380366
130157,3,9.360549387375741
130158,3,9.32920686628274
130159,3,8.672980027603941
130160,3,9.33234239674668
130161,3,9.027357508041563
130162,3,8.919863082476573
130163,3,8.168343251781016
130164,3,8.250212112387002
130165,3,8.711168250265743
130166,3,7.94803232930332
130167,3,7.463396819359266
130168,3,8.998453628272525
130169,3,9.462011747164224
130170,3,8.601185474877925
130171,3,8.98871542686318
130172,3,8.31604932364323
130173,3,9.226724923708865
130174,3,8.589202604637823
130175,3,9.019077843274758
130176,3,9.341709447149734
130177,3,8.874545573638326
130178,3,8.95197002664689
130179,3,9.102693292148805
130180,3,8.840382834846583
130181,3,8.975828072200674
130182,3,8.874038124410337
130183,3,9.243354266228259
130184,3,8.962270637319321
130185,3,8.912110825314505
130186,3,8.91660882966061
130187,3,8.996940731179421
130188,3,8.673578073664284
130189,3,9.369038345536973
130190,3,8.658483008764406
130191,3,8.424952442805182
130192,3,8.62223960616727
130193,3,7.776887551297014
130194,3,8.270556215348197
130195,3,7.845674877167072
130196,3,9.119767031195638
130197,3,8.713291134481613
130198,3,8.999281808535624
130199,3,8.318132797417743
130200,3,8.969715540043051
130201,3,8.76583747912505
130202,3,8.339014120044764
130203,3,7.561357084047721
130204,3,9.134430586879843
130205,3,9.172714469075538
130206,3,8.659783237327204
130207,3,8.635651977369152
130208,3,8.76640759801602
130209,3,8.90009054056082
130210,3,8.662950135012114
130211,3,8.90671678072986
130212,3,8.297999585321772
130213,3,8.688480770568638
130214,3,8.783050863139671
130215,3,8.591535439138124
130216,3,9.416532457141194
130217,3,8.56904212627894
130218,3,7.527572883078417
130219,3,9.273617533684721
130220,3,8.386177239594941
130221,3,9.350848685531567
130222,3,9.102656641740058
130223,3,9.052497929472677
130224,3,8.833524533406539
130225,3,8.274640275835063
130226,3,7.894891163520817
130227,3,9.025488375175417
130228,3,9.025488375175417
130229,3,9.021161101432485
130230,3,9.156543732884954
130231,3,8.714842567857568
130232,3,8.781570167172141
130233,3,9.025645101917526
130234,3,9.11348275857772
130235,3,8.524352029619005
130236,3,9.02993746296869
130237,3,8.732594160588011
130238,3,9.417513282059351
130239,3,8.632581247938806
130240,3,8.474161317132896
130241,3,8.226565151475233
130242,3,8.730452738904567
130243,3,8.603417314243663
130244,3,9.153072584058094
130245,3,8.914281207267946
130246,3,8.713501561914345
130247,3,8.633565211467742
130248,3,8.798270546574361
130249,3,9.270272219514599
130250,3,8.624229422352167
130251,3,8.61298602054142
130252,3,8.595653308913924
130253,3,8.654887576204201
130254,3,8.555636988059408
130255,3,8.974195729227777
130256,3,9.027802619650087
130257,3,8.839608464108183
130258,3,8.637078934996046
130259,3,8.082274976808398
130260,3,8.553189763097805
130261,3,8.734066230430782
130262,3,7.321268362846299
130263,3,8.556652159221017
130264,3,8.862287890603112
130265,3,9.000525571619479
130266,3,8.864838090904396
130267,3,8.563195579335643
130268,3,8.608789458696972
130269,3,8.647472947678526
130270,3,8.148658363746774
130271,3,8.645809041993866
130272,3,8.577300555431918
130273,3,8.012277884566801
130274,3,8.780528076478873
130275,3,8.618920327302595
130276,3,7.286771611959988
130277,3,8.855834423286579
130278,3,8.19568258110518
130279,3,8.956226547751035
130280,3,8.442051132646762
130281,3,8.437956560623174
130282,3,9.22700037534345
130283,3,8.41170756184778
130284,3,8.82571746663585
130285,3,9.323014074510228
130286,3,8.656571306368397
130287,3,8.432078218205056
130288,3,7.472334971377284
130289,3,7.994985189706
130290,3,8.897834301522822
130291,3,8.831627729900786
130292,3,9.108829056438617
130293,3,8.814174622318749
130294,3,8.11574721996591
130295,3,8.752968716838202
130296,3,8.665641101809715
130297,3,7.6337667227832355
130298,3,8.558186217086664
130299,3,8.319065077548116
130300,3,8.217408687693146
130301,3,8.93483345480911
130302,3,9.008494099705137
130303,3,8.69633657252833
130304,3,8.394331673170603
130305,3,8.0425036486357
130306,3,8.055242048103185
130307,3,7.415322040827209
130308,3,9.04257123790941
130309,3,8.546232521802153
130310,3,9.228229280315649
130311,3,8.61974589381418
130312,3,8.462639210859779
130313,3,8.774486805462242
130314,3,9.020071263879846
130315,3,8.040874146601364
130316,3,8.709565677277109
130317,3,8.975476619582848
130318,3,8.494706483219842
130319,3,8.501124643179129
130320,3,8.812622782086155
130321,3,8.76712498535323
130322,3,7.180175111518893
130323,3,7.750877981749092
130324,3,9.064964004486853
130325,3,8.665683016718472
130326,3,8.653448249615947
130327,3,8.795239772716366
130328,3,8.688595620781046
130329,3,8.159463213000873
130330,3,8.959717535389187
130331,3,8.478671655052704
130332,3,8.19727676176358
130333,3,8.334100780043006
130334,3,8.424764808526236
130335,3,8.139434502464296
130336,3,7.8841763806897625
130337,3,8.632576616634555
130338,3,8.639100619320228
130339,3,8.754849508137749
130340,3,8.302103262718578
130341,3,8.509698704021986
130342,3,8.20304015881558
130343,3,8.13162211855352
130344,3,8.749339225128466
130345,3,8.392067034843604
130346,3,8.557356152078167
130347,3,8.691285208923002
130348,3,8.544321164189213
130349,3,8.378953376738195
130350,3,8.611920884632053
130351,3,8.47061372924156
130352,3,8.077624495737396
130353,3,8.61689545227218
130354,3,8.591891298483901
130355,3,9.003661627143819
130356,3,8.426304204571442
130357,3,7.7983058765662445
130358,3,8.697821687782287
130359,3,8.61616368023604
130360,3,8.748914092309139
130361,3,8.184667672859781
130362,3,8.5039882455731
130363,3,8.118086810875402
130364,3,8.211507570241555
130365,3,8.36889764400995
130366,3,8.790133390788059
130367,3,8.379843566210303
130368,3,8.535966052589721
130369,3,8.9445847231527
130370,3,9.134046122952965
130371,3,8.239918046775518
130372,3,8.252506237750403
130373,3,8.922556249132551
130374,3,8.52363645645245
130375,3,8.626762282395065
130376,3,8.350253390859914
130377,3,9.125881379100942
130378,3,8.698069303625685
130379,3,8.609622842098151
130380,3,8.526856208425162
130381,3,8.82495806325852
130382,3,8.617745306163876
130383,3,8.215347026335907
130384,3,8.67424089041354
130385,3,7.475231447933902
130386,3,8.965148707703504
130387,3,8.274523173408356
130388,3,8.250291807577817
130389,3,8.19521919348246
130390,3,8.377206997627002
130391,3,8.941082694781851
130392,3,8.006524942593071
130393,3,8.054104685566692
130394,3,8.102050891156601
130395,3,8.664638145012114
130396,3,7.422779204767635
130397,3,7.400503423258022
130398,3,7.866336619842098
130399,3,8.481876678387284
130400,3,7.860806363137756
130401,3,8.168701773663349
130402,3,8.281001512066535
130403,3,9.22849451495816
130404,3,8.533291822166905
130405,3,8.03218932970653
130406,3,7.975066267330777
130407,3,8.48019819081465
130408,3,8.02348300248984
130409,3,8.710687379213507
130410,3,8.37717829485171
130411,3,8.236402532644988
130412,3,8.721649062617232
130413,3,8.385531874463185
130414,3,8.325327431112083
130415,3,8.39449465589966
130416,3,7.909625697813938
130417,3,7.947004917491611
130418,3,9.190643409967855
130419,3,7.814711096918827
130420,3,8.13021207756931
130421,3,8.583663087730434
130422,3,8.959177833649195
130423,3,8.105500108376223
130424,3,8.61045213450401
130425,3,7.231966307751628
130426,3,8.04740361681016
130427,3,7.929806674929555
130428,3,8.314245731321598
130429,3,8.483863258246407
130430,3,8.22717862776408
130431,3,8.67208414944646
130432,3,8.30969025269027
130433,3,8.032719985017035
130434,3,8.432848395851613
130435,3,8.21339691802979
130436,3,8.384075197766208
130437,3,7.589057484010508
130438,3,8.419487215188846
130439,3,7.774822051975457
130440,3,8.03676524499051
130441,3,8.568680904046289
130442,3,8.175831323512883
130443,3,8.213312328065228
130444,3,8.718609997004277
130445,3,8.470841003000986
130446,3,7.858975311793119
130447,3,8.512875253717617
130448,3,7.872568695772835
130449,3,6.125644879396221
130450,3,7.908614488142856
130451,3,8.385704362444555
130452,3,8.171120658289796
130453,3,7.978168182998675
130454,3,7.972046744439131
130455,3,8.25689374650012
130456,3,7.98189877022139
130457,3,7.9909562722507275
130458,3,8.598666803020969
130459,3,7.391085954262415
130460,3,8.374740604229844
130461,3,7.843022359214443
130462,3,8.674496209464685
130463,3,8.32427143720939
130464,3,7.737011252506414
130465,3,8.466304030055676
130466,3,8.177165016317579
130467,3,8.177067798648123
130468,3,8.020281543560685
130469,3,8.546906057831992
130470,3,7.921638143573599
130471,3,8.59401210104009
130472,3,7.912542473354068
130473,3,7.911007036702481
130474,3,8.221557020527442
130475,3,8.243924381634393
130476,3,7.447752293881917
130477,3,8.601322519961922
130478,3,7.290198906796563
130479,3,7.60211368309377
130480,3,7.739026662546718
130481,3,8.062234313886822
130482,3,7.8598887119214895
130483,3,7.670873216354382
130484,3,7.735743336796216
130485,3,7.842481708020825
130486,3,7.585595044867915
130487,3,7.803221924498912
130488,3,7.548384915667006
130489,3,8.357969007252922
130490,3,8.455602535466932
130491,3,8.786487964984225
130492,3,8.654435363096434
130493,3,7.4480966656005
130494,3,8.429673366197848
130495,3,7.964633113283424
130496,3,7.4710674688318415
130497,3,8.315314265960787
130498,3,8.294418475704628
130499,3,8.048383341429783
130500,3,8.2783793590168
130501,3,8.159384813663447
130502,3,7.392266113120083
130503,3,8.091055250485445
130504,3,7.3463819737063965
130505,3,7.417675318416427
130506,3,7.489653747194548
130507,3,8.536232557423814
130508,3,7.512973471516266
130509,3,7.618139422715625
130510,3,7.162239700526741
130511,3,8.80451337780452
130512,3,8.137238287203608
130513,3,7.888720568605069
130514,3,7.728658945584123
130515,3,8.036424967591604
130516,3,8.504579946672257
130517,3,7.951848582616094
130518,3,8.384949567485435
130519,3,7.673730927469394
130520,3,8.853939152194112
130521,3,8.412126482842242
130522,3,8.163804092851615
130523,3,7.520618408280018
130524,3,7.52131440028905
130525,3,6.468982518758228
130526,3,8.43669198186176
130527,3,7.660519386245454
130528,3,7.401948878242778
130529,3,7.795644409623212
130530,3,8.07717372570572
130531,3,8.250815659809266
130532,3,7.074975862145139
130533,3,7.84315681972933
130534,3,7.041460270203279
130535,3,7.7394204965591324
130536,3,7.414935065284259
130537,3,8.292817436525068
130538,3,8.433493401130232
130539,3,8.622572420319225
130540,3,7.95652285667833
130541,3,7.711020363748329
130542,3,7.745863486593367
130543,3,8.703760105243566
130544,3,7.893771697269861
130545,3,7.3626853727149415
130546,3,6.221224599204302
130547,3,7.622693529558356
130548,3,7.764135160258597
130549,3,7.722684818009984
130550,3,7.611722407299085
130551,3,8.02202677451314
130552,3,7.167135208098559
130553,3,8.097449071904032
130554,3,8.208957436335195
130555,3,7.536373547159324
130556,3,7.898601130217026
130557,3,7.099727768669071
130558,3,7.3985244954828655
130559,3,8.269546511854635
130560,3,7.976181597402683
130561,3,7.48765883253991
130562,3,6.84956798255821
130563,3,7.7376707255818
130564,3,8.272092703466996
130565,3,7.324223165106886
130566,3,7.261380613469507
130567,3,7.6018609377036706
130568,3,7.174844042095688
130569,3,7.60146058202613
130570,3,7.332906243251748
130571,3,7.981065191355383
130572,3,8.290254525430425
130573,3,7.33865086150224
130574,3,7.401031998244177
130575,3,7.33529410840301
130576,3,8.25319198297025
130577,3,7.515575329669218
130578,3,7.0556548998004365
130579,3,8.114253735496126
130580,3,7.737320064245078
130581,3,7.297275636689788
130582,3,7.636510593383535
130583,3,7.671934935671646
130584,3,8.187979178680555
130585,3,7.46668463590793
130586,3,7.474486973477747
130587,3,7.531929430902598
130588,3,8.320784324720762
130589,3,8.132968435703487
130590,3,7.737642614463281
130591,3,8.03133086268377
130592,3,8.824250124044337
130593,3,7.996856768528483
130594,3,7.167205323885746
130595,3,7.8264020774803065
130596,3,7.564416240103292
130597,3,7.314096976673328
130598,3,8.144309624533037
130599,3,7.034778003354827
130600,3,7.286475441659701
130601,3,7.877441079082674
130602,3,7.81249112449792
130603,3,7.317471758064295
130604,3,7.055871441534195
130605,3,7.404648998172476
130606,3,7.587564276856204
130607,3,7.215137319526573
130608,3,7.044716565688847
130609,3,9.050051953955196
130610,3,7.5249294120537815
130611,3,7.885411443556441
130612,3,8.433468098882036
130613,3,8.219097371522079
130614,3,8.026639535571334
130615,3,7.813003465945554
130616,3,8.62710118419056
130617,3,8.470099247877712
130618,3,7.441422865590813
130619,3,7.670428663622388
130620,3,7.294954248379725
130621,3,8.223357571897763
130622,3,6.816725213740597
130623,3,7.246488268388681
130624,3,7.441624268871383
130625,3,7.873666608476509
130626,3,7.943088445734481
130627,3,8.885436368735476
130628,3,8.153021321423909
130629,3,7.870857044953015
130630,3,6.847466435334078
130631,3,7.539618158357523
130632,3,7.800276871501248
130633,3,6.828415850716468
130634,3,7.388581355879026
130635,3,7.170619948408358
130636,3,8.04086181978215
130637,3,8.167333722482349
130638,3,7.237030987195497
130639,3,7.992337367891005
130640,3,7.457081230850154
130641,3,7.30062668099635
130642,3,7.30062668099635
130643,3,7.756584132606329
130644,3,8.609592056270065
130645,3,8.14649527483049
130646,3,7.514674999218502
130647,3,6.596024896489913
130648,3,7.733562070291461
130649,3,7.5988562976429055
130650,3,7.312576009451485
130651,3,7.482425031002637
130652,3,7.478959080721461
130653,3,7.170848990021742
130654,3,8.021727674596503
130655,3,7.4028376347420215
130656,3,8.303676697488433
130657,3,7.474970939466913
130658,3,7.8456108735632775
130659,3,7.193854626166432
130660,3,7.296895105864854
130661,3,6.99936096787743
130662,3,7.076561511597469
130663,3,6.764540771176146
130664,3,7.802757342891033
130665,3,6.739989846846404
130666,3,6.676495786231536
130667,3,7.996480687876491
130668,3,7.519869957661217
130669,3,7.017110495011091
130670,3,7.455363293346331
130671,3,7.630248919189158
130672,3,7.507310651451391
130673,3,7.439462736358845
130674,3,6.8550651786248045
130675,3,6.461830093287926
130676,3,8.815736953401169
130677,3,8.415216560245664
130678,3,7.179507319764152
130679,3,7.384747877845235
130680,3,7.738437535468984
130681,3,7.210949185592848
130682,3,6.925932040212194
130683,3,7.13243936095661
130684,3,7.894710338748438
130685,3,6.9469110209442535
130686,3,7.125978690772152
130687,3,7.790040502402742
130688,3,7.10306085107
130689,3,7.026508536753198
130690,3,6.67525181422323
130691,3,6.447871328142327
130692,3,8.240619629587856
130693,3,6.897182825441006
130694,3,7.32592431003138
130695,3,7.333374528108888
130696,3,7.317369523061543
130697,3,6.811913644367146
130698,3,6.732177101268563
130699,3,6.668871103849338
130700,3,7.51203467204073
130701,3,7.278356416890549
130702,3,7.234702612314756
130703,3,6.909787703364353
130704,3,6.725915470088206
130705,3,7.056473811163746
130706,3,6.855264276969563
130707,3,6.275206798503294
130708,3,8.651662153394225
130709,3,7.292285000549674
130710,3,6.825968444869066
130711,3,7.709958536992091
130712,3,7.656412448130089
130713,3,8.314652666806685
130714,3,7.697143837829195
130715,3,7.059298784890127
130716,3,6.704858629194115
130717,3,6.981427860647655
130718,3,6.326897027564762
130719,3,6.433412218814347
130720,3,6.632762840240539
130721,3,6.524648841016398
130722,3,7.526550663953863
130723,3,7.0849941742499345
130724,3,6.842213444518209
130725,3,6.70527778546152
130726,3,6.818433044468647
130727,3,6.558130558918833
130728,3,7.710740563927674
130729,3,7.332287500155288
130730,3,6.719939899732139
130731,3,6.798142330954454
130732,3,7.130118043586702
130733,3,6.710134249649657
130734,3,6.474315128788541
130735,3,6.367655449334756
130736,3,5.631412726106783
130737,3,6.480584896044119
130738,3,6.457213929446674
130739,3,7.095250918643103
130740,3,6.592630373495401
130741,3,7.8815776244031825
130742,3,6.755391313788163
130743,3,6.482917911761353
130744,3,7.124201412346189
130745,3,5.756569923965395
130746,3,6.311766892371897
130747,3,8.844796178665598
130748,3,7.277961357236132
130749,3,6.489576486855431
130750,3,6.297437714048892
130751,3,6.419544540248471
130752,3,7.21743049710325
130753,3,5.480486071763686
130754,3,5.994456836589866
130755,3,6.4895902632511495
130756,3,6.493251841999229
130757,3,6.814368437818648
130758,3,5.636789415351474
130759,3,6.448661576175724
130760,3,7.556666954277864
130761,3,6.355967268417904
130762,3,6.43716063862399
130763,3,6.633011761106914
130764,3,5.428509555138551
130765,3,6.430392263553678
130766,3,7.27880711520783
130767,3,6.776567601804979
130768,3,6.496337475581118
130769,3,7.401652365516084
130770,3,6.222655819275977
130771,3,8.332807406613256
130772,3,8.19773758928296
130773,3,6.108688728961213
130774,3,6.429287112228193
130775,3,6.29782819706698
130776,3,5.383563386915284
130777,3,5.7842525496750685
130778,3,6.819332656359063
130779,3,6.390513981134441
130780,3,6.133051050029966
130781,3,6.500981132749247
130782,3,5.366891713824896
130783,3,6.376554743943291
130784,3,6.073981017716533
130785,3,7.715480986893196
130786,3,7.007136935709757
130787,3,6.021389074052334
130788,3,6.227546778854207
130789,3,5.841645962159142
130790,3,6.108731433743743
130791,3,5.789379917944236
130792,3,6.041715492463806
130793,3,5.725682280438518
130794,3,5.849097577449017
130795,3,5.974012849859669
130796,3,5.978672756760368
130797,3,5.678489624579529
130798,3,6.302435202772077
130799,3,5.62720728238716
130800,3,5.458446359566892
130801,3,6.276892876406573
130802,3,5.532988186577496
130803,3,4.662005132003896
130804,3,5.200098643392957
130805,3,5.917373170189782
130806,3,5.389313890370277
130807,3,8.176618621133064
130808,3,6.671298328218939
130809,3,7.555075548494161
130810,3,5.553247423961283
130811,3,4.947482730527638
130812,3,5.0450456470374245
130813,3,5.300957584179542
130814,3,3.243725931339815
130815,3,4.7093656426164365
130816,3,3.233853173144415
130817,3,5.465556031494863
130818,3,4.154560419812588
130819,3,4.9538963673393175
130820,3,4.6291997971778205
130821,3,5.237031830010981
130822,3,4.146204324476185
130823,3,3.0784289660424933
130824,3,4.298269535569336
130825,3,4.777274103347027
130826,3,4.382678785423057
130827,3,3.95511370174496
130828,3,3.1803261500964424
130829,3,3.848229435763745
130830,3,2.924324629443715
130831,3,3.0887343346737914
130832,3,3.159783279461575
130833,3,3.31650912925107
130834,3,3.2790423126781456
130835,3,2.9940334895929124
130836,3,2.993527359831974
130837,3,3.2182894030207168
130838,3,3.1861600216667507
130839,3,3.2517686476026837
130840,3,9.101661642385853
130841,3,9.335619264106928
130842,3,9.269168977547492
130843,3,9.185738627909377
130844,3,9.22876408350751
130845,3,9.285555131952126
130846,3,9.320897555080672
130847,3,9.00291888760081
130848,3,9.087127945403891
130849,3,9.15647613887878
130850,3,9.250797389090382
130851,3,8.899924486108052
130852,3,8.972899517094895
130853,3,9.041589923300226
130854,3,8.876358357737342
130855,3,9.128209311169137
130856,3,9.07931979011176
130857,3,9.010861249672796
130858,3,9.057206215720562
130859,3,8.799769418169905
130860,3,9.278893956157807
130861,3,9.236030380405737
130862,3,8.758207873260352
130863,3,8.77674569815132
130864,3,9.146890754381504
130865,3,8.98889235754153
130866,3,9.014611592831955
130867,3,8.734496649643116
130868,3,9.03770168983645
130869,3,8.990316994069648
130870,3,9.118496575686391
130871,3,9.100758066063896
130872,3,9.372847093795642
130873,3,9.137152153574498
130874,3,9.052470321693178
130875,3,9.270372230470219
130876,3,9.125381416392075
130877,3,8.604746453221793
130878,3,9.126276542144234
130879,3,8.767102333957585
130880,3,8.786448283086555
130881,3,8.604714946460007
130882,3,9.144348573416615
130883,3,9.048932962205031
130884,3,8.897599960875482
130885,3,9.338251604058748
130886,3,8.845704775104629
130887,3,9.068531807438621
130888,3,9.123402061060357
130889,3,9.007110747445545
130890,3,9.069158209808771
130891,3,8.418192779778256
130892,3,9.194035529839082
130893,3,9.048078461728865
130894,3,8.863979320632774
130895,3,9.122074058459365
130896,3,8.910790008779047
130897,3,9.026530558097615
130898,3,9.091014162295428
130899,3,8.911683885035409
130900,3,9.173921611553771
130901,3,8.96164127763503
130902,3,8.96164127763503
130903,3,9.052092153335668
130904,3,8.735076120014254
130905,3,8.89917765876572
130906,3,8.687870653892906
130907,3,9.021070956792965
130908,3,9.03247101758103
130909,3,8.148736385914328
130910,3,8.937395703903253
130911,3,8.766951161852589
130912,3,9.386650017004294
130913,3,9.005847725481853
130914,3,8.556321624368906
130915,3,8.530210574323938
130916,3,9.07678997696594
130917,3,9.127926592496156
130918,3,8.22955990494641
130919,3,9.110145045912532
130920,3,9.034943931033608
130921,3,8.972311706691109
130922,3,8.35978663585435
130923,3,8.68510685177964
130924,3,8.686302881760184
130925,3,8.75583930451469
130926,3,8.599532977887188
130927,3,8.885763551124803
130928,3,8.569526481215018
130929,3,8.83417299372174
130930,3,8.689931520237817
130931,3,8.57063932815476
130932,3,8.797286311803855
130933,3,8.903442682579199
130934,3,8.857159900996686
130935,3,8.11002827178636
130936,3,9.017944008307856
130937,3,8.611631180316826
130938,3,8.879625996173127
130939,3,8.461904160290766
130940,3,9.259039399773748
130941,3,8.860829842143971
130942,3,8.611516087698078
130943,3,9.022869351077016
130944,3,8.054237429263893
130945,3,8.560065143483534
130946,3,8.852979514033201
130947,3,8.879572794542128
130948,3,9.054575672648633
130949,3,8.733604921567913
130950,3,8.171010667412354
130951,3,8.968817598508515
130952,3,8.398074006517964
130953,3,8.124257567558804
130954,3,8.704696367195726
130955,3,8.281761267710523
130956,3,8.464652918987055
130957,3,8.977092210405619
130958,3,8.209145930138643
130959,3,8.455181921751237
130960,3,9.06843785887828
130961,3,9.16239765824718
130962,3,8.745890830629165
130963,3,8.745890830629165
130964,3,8.649172872424964
130965,3,8.35290599186368
130966,3,8.734422053529471
130967,3,8.839673476851074
130968,3,8.250172676805182
130969,3,8.411428946127753
130970,3,9.08643042904433
130971,3,8.634130327578958
130972,3,8.99917299673692
130973,3,8.30029298251137
130974,3,8.966194468168776
130975,3,8.883228680464372
130976,3,8.730463475721061
130977,3,8.405974706707223
130978,3,8.717580938940262
130979,3,8.498193648153832
130980,3,8.305480721632017
130981,3,8.573024091938086
130982,3,8.506109810615625
130983,3,8.118147141662536
130984,3,9.033560761788731
130985,3,8.822713448938082
130986,3,7.9423418280093045
130987,3,8.528990801048511
130988,3,8.529313264234533
130989,3,8.764966378750781
130990,3,7.922670273850486
130991,3,8.966519694804006
130992,3,7.960809207407794
130993,3,8.54508784520284
130994,3,8.614209811541446
130995,3,8.84945959683818
130996,3,8.757543242907271
130997,3,7.867596802235521
130998,3,8.516802135061658
130999,3,7.893324266914893
131000,3,8.32856080013627
131001,3,8.894983089325557
131002,3,8.263450403481455
131003,3,9.029913609830581
131004,3,8.651133869192526
131005,3,8.862284451198278
131006,3,8.913066278169605
131007,3,8.0891773844366
131008,3,8.301102559789552
131009,3,8.390377581124714
131010,3,9.170706094200941
131011,3,8.255635347617067
131012,3,8.21990849142149
131013,3,9.112878037810436
131014,3,7.993806784420292
131015,3,9.200042549264309
131016,3,8.5256428589371
131017,3,8.635293356009253
131018,3,8.960230340218695
131019,3,5.870583611664583
131020,3,8.604757353790665
131021,3,8.71335109355856
131022,3,7.8452029563411845
131023,3,8.845751627610758
131024,3,8.092497405594138
131025,3,8.134824763814818
131026,3,8.876408621712313
131027,3,8.6398745456841
131028,3,8.64051757489741
131029,3,8.419596350029604
131030,3,8.01407590715051
131031,3,9.003699280409084
131032,3,7.971078371430858
131033,3,7.9432595546630544
131034,3,8.288788678508375
131035,3,7.680590337183376
131036,3,8.798415598596543
131037,3,8.375278186620651
131038,3,8.661296086840448
131039,3,8.697640245899226
131040,3,7.380900569871346
131041,3,8.280269574260984
131042,3,8.363960957265368
131043,3,8.243182492602484
131044,3,8.716040454935632
131045,3,7.987268971725284
131046,3,8.387251469859025
131047,3,7.855734359275445
131048,3,7.717031719994892
131049,3,8.417802381166364
131050,3,8.654622930964365
131051,3,7.632206341439765
131052,3,7.445896817471049
131053,3,7.713237298173599
131054,3,8.161251881644809
131055,3,8.315089337350479
131056,3,8.250275695293745
131057,3,8.337691438410546
131058,3,8.358467475942962
131059,3,8.990257185284484
131060,3,8.815007598874814
131061,3,8.918239278065936
131062,3,8.069334498618579
131063,3,8.012405357642491
131064,3,8.386100882006346
131065,3,8.596210283057022
131066,3,8.346252945493147
131067,3,8.490631545167963
131068,3,8.395851328242818
131069,3,8.171451333190971
131070,3,7.7828914107204525
131071,3,8.048603940145194
131072,3,8.307933794131301
131073,3,8.166195612918093
131074,3,8.479945952327538
131075,3,8.590271566888322
131076,3,8.889871650838906
131077,3,8.329011092206217
131078,3,7.88295617159668
131079,3,8.020792805818184
131080,3,7.988267713101002
131081,3,7.526041089175406
131082,3,5.516273328344199
131083,3,8.153841306272504
131084,3,7.966887197090571
131085,3,8.390528460325857
131086,3,8.71009466889889
131087,3,8.411432341279799
131088,3,7.603318872926794
131089,3,8.48554397066945
131090,3,8.085682248499337
131091,3,8.311459352542387
131092,3,7.902485339216528
131093,3,8.337869679106037
131094,3,8.75819757105663
131095,3,8.179660426006022
131096,3,7.992450522841258
131097,3,7.992450522841258
131098,3,7.289160918947879
131099,3,7.9684946769569684
131100,3,7.411186164033366
131101,3,8.116512278103752
131102,3,8.16680828770859
131103,3,7.9735203072677585
131104,3,6.716184489926872
131105,3,8.28938492926023
131106,3,8.216734239863547
131107,3,7.396935036747057
131108,3,8.465717007621974
131109,3,8.001855429066534
131110,3,7.7657970981816655
131111,3,7.917569875017689
131112,3,8.361056414667285
131113,3,7.641251689446223
131114,3,8.082469940312384
131115,3,8.047754338563545
131116,3,7.589081956898159
131117,3,8.579965899022888
131118,3,8.163743559562288
131119,3,7.319670307164281
131120,3,8.688519338578555
131121,3,8.479626368137275
131122,3,7.947705214604817
131123,3,7.772013391151285
131124,3,8.404713159881084
131125,3,7.724016467539361
131126,3,5.818620532684414
131127,3,7.999921400540552
131128,3,7.5867382707285795
131129,3,7.938302878427557
131130,3,8.385723066025596
131131,3,7.342547491750411
131132,3,5.8563188277182805
131133,3,8.340164150805027
131134,3,7.563737558724553
131135,3,8.557722120062245
131136,3,8.318912211209781
131137,3,7.662033622686937
131138,3,6.817028265418171
131139,3,7.284850353026432
131140,3,6.8872323036124765
131141,3,8.102786910870586
131142,3,7.244622484687246
131143,3,7.337153040640363
131144,3,7.204584148649038
131145,3,8.062228043173183
131146,3,7.616119434619658
131147,3,8.35136259193577
131148,3,8.147906907109968
131149,3,7.23468515368318
131150,3,7.962984181550675
131151,3,7.704436144295137
131152,3,7.117383952495124
131153,3,7.22161293513316
131154,3,7.89181052003977
131155,3,7.227845902534085
131156,3,7.891773864854986
131157,3,7.865992378981468
131158,3,7.519246292970583
131159,3,7.325352859302529
131160,3,7.01413689094323
131161,3,7.193958062993768
131162,3,7.303564428880739
131163,3,7.7630763876808
131164,3,6.081559192190597
131165,3,7.182955482698553
131166,3,6.818270399510695
131167,3,6.9423381629598175
131168,3,7.33832609845925
131169,3,7.437127337323791
131170,3,7.566071921513127
131171,3,7.051891764036733
131172,3,7.010320601201433
131173,3,6.420986676555845
131174,3,7.462583950183302
131175,3,7.924529707439618
131176,3,7.335685132974719
131177,3,7.723995814296151
131178,3,7.130466938242118
131179,3,6.633059861839656
131180,3,7.307275516063661
131181,3,7.303436137087247
131182,3,8.117426855533799
131183,3,6.828709650215915
131184,3,7.111828407509479
131185,3,6.797431896990285
131186,3,7.170465930781416
131187,3,6.483778924510506
131188,3,5.6714704407886325
131189,3,6.912647586586237
131190,3,7.366508358246058
131191,3,6.86348277057573
131192,3,7.659094339683342
131193,3,7.390149258074115
131194,3,7.4301618505587435
131195,3,7.030647480460399
131196,3,6.818193156273798
131197,3,6.375299599673421
131198,3,6.66732703929711
131199,3,7.106971316970731
131200,3,6.353027323910099
131201,3,8.174756095562525
131202,3,6.656113658839943
131203,3,7.414221989280749
131204,3,7.342845628692315
131205,3,7.138246401292608
131206,3,7.756701936076291
131207,3,7.629569785761141
131208,3,6.136854988466732
131209,3,6.388136263507437
131210,3,6.92541431249441
131211,3,7.187778580006264
131212,3,6.8732037231820735
131213,3,6.642962885496153
131214,3,7.1202184624427725
131215,3,7.147327370282647
131216,3,7.162561471436733
131217,3,7.372948918266257
131218,3,7.040193243856477
131219,3,6.456160587315658
131220,3,6.113306645415169
131221,3,5.42034677325449
131222,3,6.477945445799325
131223,3,6.194168833790214
131224,3,6.523245399346937
131225,3,7.076417505863343
131226,3,6.071314064714129
131227,3,7.146796538496803
131228,3,7.379385721962646
131229,3,6.938881416381063
131230,3,7.710299107396901
131231,3,6.133268758674625
131232,3,6.897571263512133
131233,3,6.569870168756392
131234,3,7.2768258491116375
131235,3,5.737948927224788
131236,3,6.134410692410469
131237,3,6.656276279074756
131238,3,6.715605274101343
131239,3,6.260978790959054
131240,3,5.884910652194399
131241,3,6.811096463362083
131242,3,6.515260467751688
131243,3,7.653671400596226
131244,3,6.3697168242935875
131245,3,7.198733134751822
131246,3,6.457449750861597
131247,3,5.532558197370899
131248,3,6.525892722696959
131249,3,6.054079490386289
131250,3,6.614090405659145
131251,3,6.355519129184553
131252,3,6.174489091386731
131253,3,6.515770436518555
131254,3,6.041509521273121
131255,3,5.980247823041886
131256,3,6.397151964244866
131257,3,6.073298797842688
131258,3,5.326021837150309
131259,3,6.0280552667163265
131260,3,5.1623036519794505
131261,3,5.947764533601863
131262,3,5.583952540257057
131263,3,6.431224350374617
131264,3,5.798940910489581
131265,3,5.84274826158994
131266,3,5.5500291389197685
131267,3,6.087817010197829
131268,3,6.542260355805493
131269,3,6.431703007314384
131270,3,6.287578300818286
131271,3,6.599280319486702
131272,3,4.64027640657463
131273,3,5.621142154853987
131274,3,6.073237226541394
131275,3,6.035999440572688
131276,3,5.880653363818645
131277,3,6.375100301973147
131278,3,5.805826471376185
131279,3,5.828383036589369
131280,3,5.695344812944177
131281,3,5.077880674270401
131282,3,5.427164366273224
131283,3,6.096162267033938
131284,3,4.336513100834866
131285,3,6.298520587662211
131286,3,5.559505901382163
131287,3,3.764794254791483
131288,3,6.052436687950273
131289,3,5.847217664966122
131290,3,5.52749897482685
131291,3,5.376796915945249
131292,3,5.936201383093964
131293,3,5.251749149881355
131294,3,4.698652115742915
131295,3,5.750255734284697
131296,3,5.250602333642287
131297,3,3.686485412894621
131298,3,5.627220198352668
131299,3,5.518649117113679
131300,3,6.042978192291648
131301,3,5.950889127050223
131302,3,5.744842788936661
131303,3,4.864264047597899
131304,3,5.774272251583845
131305,3,5.758082453125103
131306,3,5.475741676070938
131307,3,4.811724942009888
131308,3,5.608682337780184
131309,3,5.534126974725369
131310,3,5.740848003504231
131311,3,5.711194495330873
131312,3,6.2748078552410576
131313,3,5.977725607712125
131314,3,5.612128924044993
131315,3,5.676281361209304
131316,3,4.348059366281326
131317,3,5.324493233196482
131318,3,5.823971102510194
131319,3,4.584412000069058
131320,3,3.64123852717121
131321,3,5.352959577921772
131322,3,5.236870081323534
131323,3,5.452643935406044
131324,3,5.41564362422513
131325,3,6.3018997739600895
131326,3,5.172441916012735
131327,3,5.529766295962704
131328,3,4.276663375932374
131329,3,5.477001536118916
131330,3,5.583061932711794
131331,3,5.08511460805784
131332,3,5.029055194381223
131333,3,5.056168581359868
131334,3,4.950674387193958
131335,3,4.722108592639781
131336,3,5.216062852067525
131337,3,5.008552354868287
131338,3,4.48503879962192
131339,3,5.923483066367711
131340,3,4.04604124849277
131341,3,4.939120900799165
131342,3,3.6032598324276472
131343,3,4.347923787950934
131344,3,5.149249245180517
131345,3,5.1164679475607775
131346,3,3.73160052667408
131347,3,4.212939822828158
131348,3,5.2988207834087895
131349,3,4.550831579835574
131350,3,4.449475546123593
131351,3,4.892018401016464
131352,3,4.204811207779039
131353,3,5.147689332268346
131354,3,4.506185092712844
131355,3,4.066814697746613
131356,3,4.354241861555603
131357,3,4.859567253418591
131358,3,3.9232582975117563
131359,3,3.975652772487962
131360,3,4.81217114095921
131361,3,4.863735163541161
131362,3,4.46817277053547
131363,3,3.9992210070746887
131364,3,4.290433017537669
131365,3,3.6249138515982033
131366,3,4.910268403585118
131367,3,4.676255998551449
131368,3,4.015798481339546
131369,3,2.2074332957378937
131370,3,5.312896459589242
131371,3,2.304423430445876
131372,3,4.284798451989415
131373,3,4.037505911721214
131374,3,2.2296364516282914
131375,3,4.0435442745203165
131376,3,2.442340959430111
131377,3,2.370538694300781
131378,3,3.412277344468236
131379,3,3.6187819067139695
131380,3,3.8954705217938344
131381,3,3.452031705020442
131382,3,2.396704766620684
131383,3,3.4649453891958975
131384,3,3.398126948096556
131385,3,3.5366646797771293
131386,3,2.211275006585227
131387,3,3.5629429636568535
131388,3,2.2095760601677172
131389,3,2.040841082360152
131390,3,2.1774476195298362
131391,3,4.499156553162378
131392,3,3.320858511694447
131393,3,2.2581626845540423
131394,3,3.466673411246704
131395,3,3.2764887364606823
131396,3,2.2026651697553863
131397,3,3.460763919363301
131398,3,4.228731225963315
131399,3,4.386814208700458
131400,3,4.5231748887488
131401,3,2.0149210374274373
131402,3,3.2660111179594695
131403,3,3.3035155826144798
131404,3,3.5723928353688805
131405,3,2.302205154315007
131406,3,3.9790248967736312
131407,3,2.1719796168355545
131408,3,2.382995464076318
131409,3,2.3701376805823466
131410,3,2.143309436595528
131411,3,2.9077521459999685
131412,3,2.3132509728708204
131413,3,2.1094232484374658
131414,3,3.54813689560451
131415,3,3.3271082132983154
131416,3,2.2142456031982336
131417,3,2.437542480120138
131418,3,2.0479387170019425
131419,3,3.010773179827168
131420,3,2.8287750826692633
131421,3,2.25366506491058
131422,3,2.210905033882147
131423,3,2.193930518494632
131424,3,3.1651017917226985
131425,3,2.3702257859151104
131426,3,2.248697944297544
131427,3,2.333724414025381
131428,3,2.139184809554802
131429,3,2.1530110810846397
131430,3,2.2396821876454984
131431,3,2.1588007171528893
131432,3,2.229928308995828
131433,3,2.254155124186272
131434,3,2.3276648190069578
131435,3,2.2773491221638515
131436,3,2.3507601417190047
131437,3,2.2227960830699747
131438,3,2.1092703854609214
131439,3,2.2253090626736416
131440,3,8.905782909485977
131441,3,8.680388709928224
131442,3,8.744701226889559
131443,3,8.687473708831757
131444,3,8.40668392189307
131445,3,8.520822940203878
131446,3,8.59415244158108
131447,3,8.646896749047635
131448,3,8.355822245536713
131449,3,8.478101930737363
131450,3,8.292836633159306
131451,3,8.728130556431985
131452,3,8.78591428074293
131453,3,8.45364159628104
131454,3,8.384548953050311
131455,3,8.059189894926009
131456,3,8.132741803892106
131457,3,8.229981365220313
131458,3,8.751015953396738
131459,3,8.355724065132735
131460,3,8.629402262225545
131461,3,8.099187068299637
131462,3,8.217497706201588
131463,3,8.194152072575317
131464,3,8.033958800433645
131465,3,8.385068422862654
131466,3,8.055858086416803
131467,3,7.919809538918375
131468,3,8.33608250302776
131469,3,7.983959955171162
131470,3,8.514293501242232
131471,3,8.259818881313707
131472,3,8.337754168844725
131473,3,8.130953314992668
131474,3,7.921770758113698
131475,3,7.880676449820712
131476,3,7.951991718597538
131477,3,7.86791022154919
131478,3,7.428945850096948
131479,3,8.00390523583088
131480,3,8.028202447413923
131481,3,7.692179786694432
131482,3,7.774609003507497
131483,3,6.95415059910024
131484,3,7.493662441207334
131485,3,7.328273285786727
131486,3,7.352515671041293
131487,3,6.68055207161922
131488,3,6.452408786481754
131489,3,7.051299780211218
131490,3,6.458740776281092
131491,3,6.305535326520588
131492,3,7.051470693037279
131493,3,6.321758049818048
131494,3,6.140645537546485
131495,3,5.0174342489429655
131496,3,3.574632925635159
131497,3,8.293475856887579
131498,3,9.211126332457928
131499,3,9.360854801689142
131500,3,9.236893150593945
131501,3,8.991415980240948
131502,3,9.062987526333295
131503,3,9.177744349935953
131504,3,9.077504130589952
131505,3,9.184517975719535
131506,3,9.24378209389652
131507,3,8.875185251745174
131508,3,9.026341143839636
131509,3,9.123840280890587
131510,3,9.314206371322317
131511,3,9.22579083600259
131512,3,8.820499570432847
131513,3,9.158841690506156
131514,3,9.187013447741702
131515,3,9.225309929954651
131516,3,8.789436379479314
131517,3,8.775289974205982
131518,3,8.9984365396193
131519,3,8.953903930511956
131520,3,9.108562168257572
131521,3,9.19593588504728
131522,3,8.639974619807113
131523,3,9.081780653322351
131524,3,9.266474307615495
131525,3,9.00286769253199
131526,3,8.974120759255857
131527,3,8.86505380955038
131528,3,9.018308871216787
131529,3,9.292353628836253
131530,3,9.027636419371955
131531,3,9.016106231774952
131532,3,9.057062819870183
131533,3,9.202396178834487
131534,3,9.091204657869461
131535,3,9.088053493143667
131536,3,8.585854347272837
131537,3,8.997940525248893
131538,3,9.033469052701435
131539,3,8.848449528038728
131540,3,9.04161926243595
131541,3,8.214692922259012
131542,3,8.846240791258035
131543,3,8.58865959889621
131544,3,8.377992622817077
131545,3,9.163382713360406
131546,3,8.293152981503354
131547,3,8.293152981503354
131548,3,9.198095323777903
131549,3,9.023700165418246
131550,3,9.065519330257995
131551,3,9.151275339799424
131552,3,9.086146160890594
131553,3,8.840465912312737
131554,3,8.609733996646682
131555,3,8.784354042050786
131556,3,9.112506673312783
131557,3,8.91563717621486
131558,3,8.027257801350641
131559,3,8.961132674964857
131560,3,8.961132674964857
131561,3,8.918953110159466
131562,3,9.13226986431486
131563,3,9.069452110091529
131564,3,9.053973739152502
131565,3,9.084846115418252
131566,3,9.006941578870107
131567,3,8.706175783511881
131568,3,8.683364763604462
131569,3,8.873740788813933
131570,3,8.573200642740591
131571,3,9.04838961125598
131572,3,9.03193485728109
131573,3,8.19063154032485
131574,3,7.868586374526927
131575,3,8.809805253372357
131576,3,9.063836119783275
131577,3,9.11064899231321
131578,3,8.361419059038989
131579,3,8.838190538922406
131580,3,8.880989434176715
131581,3,9.060199579462633
131582,3,8.43204995132706
131583,3,8.782542758449543
131584,3,8.599976904582169
131585,3,8.358975385532304
131586,3,8.995584106600042
131587,3,9.217157158091005
131588,3,8.826546303018537
131589,3,7.596433138552869
131590,3,9.09525992201314
131591,3,8.595718735739341
131592,3,8.589402685862748
131593,3,8.423582149255951
131594,3,8.780861273578411
131595,3,9.353272724613074
131596,3,8.556525760639682
131597,3,8.936433353041814
131598,3,8.894122506916924
131599,3,8.496467341884575
131600,3,9.057395415173838
131601,3,8.607296444602401
131602,3,8.794613939499914
131603,3,9.020462045089493
131604,3,8.133268890951335
131605,3,8.37147786398286
131606,3,9.022878022088443
131607,3,7.8989705374220165
131608,3,8.665247645069108
131609,3,8.796298355622344
131610,3,8.950151448377564
131611,3,8.164084628276346
131612,3,8.430142810352992
131613,3,8.984138032116238
131614,3,8.743020760896151
131615,3,8.771576268367385
131616,3,8.805880976538639
131617,3,8.95520349555203
131618,3,8.596203194670093
131619,3,8.786809366490575
131620,3,8.611183406146287
131621,3,8.616616200776342
131622,3,8.863253086661038
131623,3,8.743752026926034
131624,3,8.751983693279643
131625,3,8.288306519096798
131626,3,8.655227802398322
131627,3,8.7926405483078
131628,3,8.67590431816317
131629,3,8.303680659097626
131630,3,8.34878705977972
131631,3,8.423210821635386
131632,3,8.799140133558444
131633,3,8.762953735843283
131634,3,8.382019429951844
131635,3,8.465260259534325
131636,3,9.184625420217877
131637,3,8.582051294898353
131638,3,8.150064895247791
131639,3,9.122985753431333
131640,3,8.84727254559188
131641,3,8.627562974886747
131642,3,8.62710190465492
131643,3,8.273142962487894
131644,3,8.420928615555304
131645,3,8.232999831606827
131646,3,8.726897439969042
131647,3,7.934984579358661
131648,3,8.698173666939782
131649,3,7.698074369819833
131650,3,9.013312103406621
131651,3,8.226054028082064
131652,3,8.516887648734484
131653,3,8.112928439138363
131654,3,8.652578869122557
131655,3,8.325888049599348
131656,3,8.9863231165569
131657,3,8.866895665038733
131658,3,8.158969176320024
131659,3,7.1077957284718565
131660,3,8.06326618389171
131661,3,8.572523168147931
131662,3,8.34170422571247
131663,3,8.512480894621197
131664,3,8.712838196129784
131665,3,7.830329081456634
131666,3,7.954263230374234
131667,3,8.444990162468208
131668,3,7.74330581319465
131669,3,7.321551100003136
131670,3,8.962205054235255
131671,3,7.227552062533128
131672,3,8.063195696828409
131673,3,8.746426333084736
131674,3,8.70974672677776
131675,3,8.503423623749363
131676,3,6.201525519446924
131677,3,7.88630390051194
131678,3,8.505095046893237
131679,3,8.505095046893237
131680,3,7.768416771434554
131681,3,7.792810293472257
131682,3,8.694919888164847
131683,3,8.726432429103227
131684,3,7.744504398167697
131685,3,8.76597969633883
131686,3,8.266100202847944
131687,3,7.5963320677697395
131688,3,7.724613834862117
131689,3,8.304634163488164
131690,3,7.882810657446916
131691,3,8.551513415998985
131692,3,8.394250974622224
131693,3,8.331251565192655
131694,3,7.71385857726753
131695,3,8.304560169055414
131696,3,7.974582096357086
131697,3,5.576231105669382
131698,3,7.466942564484774
131699,3,8.712045748354296
131700,3,7.80133752340721
131701,3,8.19658346841414
131702,3,8.155321723136385
131703,3,7.238468105826256
131704,3,7.788793976564002
131705,3,7.7583250318263
131706,3,7.449076593751243
131707,3,7.280651919078131
131708,3,8.24716664298862
131709,3,8.21691551917511
131710,3,8.501408899921042
131711,3,8.451239315953185
131712,3,8.032028168376048
131713,3,7.357747368815437
131714,3,7.3762477708651755
131715,3,7.6279582540464785
131716,3,7.735360376207258
131717,3,8.403562746601427
131718,3,8.299354902008886
131719,3,8.036571729289271
131720,3,7.53096180363685
131721,3,6.6822801283071
131722,3,8.393242993893091
131723,3,8.295145988666194
131724,3,7.833361507608973
131725,3,7.69937698075987
131726,3,7.6253571841519125
131727,3,7.5691155538661095
131728,3,7.93903210402751
131729,3,7.631173239433776
131730,3,8.092714847016124
131731,3,7.453706508196319
131732,3,7.654912152421265
131733,3,8.032908001697932
131734,3,7.288801265864399
131735,3,8.49333372653516
131736,3,7.887615364005062
131737,3,5.808516220340049
131738,3,7.864540241945758
131739,3,8.254459042319047
131740,3,7.929739329752554
131741,3,7.713193336042755
131742,3,7.416988276121588
131743,3,8.27648412405192
131744,3,8.217529104491097
131745,3,8.223702986797797
131746,3,8.050701211546158
131747,3,7.346637547169309
131748,3,8.152744411748222
131749,3,7.129003555172785
131750,3,7.474433053332822
131751,3,8.516694650169436
131752,3,7.749176437984514
131753,3,6.5310680301770265
131754,3,7.996999636057944
131755,3,7.035038037020543
131756,3,7.354750716626976
131757,3,7.617049199875878
131758,3,7.274204643752187
131759,3,7.901686515539742
131760,3,8.25733051278699
131761,3,7.1894353210598165
131762,3,7.390009029572011
131763,3,7.214052759594515
131764,3,6.739952190599069
131765,3,6.311493356132586
131766,3,7.782931510481293
131767,3,7.3891881556570125
131768,3,7.041165130335329
131769,3,7.184860335154079
131770,3,8.013551044360618
131771,3,7.70866434065159
131772,3,7.144391572193895
131773,3,6.692443190279398
131774,3,7.611357606386531
131775,3,7.32467230396309
131776,3,7.7359013733516075
131777,3,7.30048494768647
131778,3,7.786679221977125
131779,3,7.0828938509547
131780,3,6.756796428239139
131781,3,7.10751688923739
131782,3,7.9553686126585195
131783,3,7.151637553038911
131784,3,8.294032689977247
131785,3,7.3764205438147075
131786,3,7.0179443896458835
131787,3,6.593285938673709
131788,3,6.774514732262102
131789,3,7.136148222911821
131790,3,6.911379644430476
131791,3,7.251662090779164
131792,3,7.073499825351085
131793,3,7.243075628559181
131794,3,7.8966642490646315
131795,3,7.125492988637806
131796,3,7.566528853543353
131797,3,7.612309788454141
131798,3,6.98434448661746
131799,3,7.034278369681774
131800,3,7.406569300445189
131801,3,7.2439438124099205
131802,3,6.267776948512755
131803,3,5.854917128463682
131804,3,7.322111582349872
131805,3,7.176217214731527
131806,3,7.345172309429473
131807,3,7.350053749898036
131808,3,6.413939795293553
131809,3,6.8386271885360195
131810,3,6.455008618576517
131811,3,6.59743689237101
131812,3,6.8360952920720175
131813,3,6.814153105302025
131814,3,6.454024290517897
131815,3,7.2765710885168975
131816,3,7.087085648875734
131817,3,7.119857214608308
131818,3,7.283263561614906
131819,3,7.308932860301105
131820,3,6.4641365791710905
131821,3,6.341318831619361
131822,3,7.3671827223175725
131823,3,5.6370287254693645
131824,3,6.979200038574048
131825,3,7.633364505380605
131826,3,7.237971500647786
131827,3,7.031250995759604
131828,3,7.491538401051794
131829,3,6.203480636866562
131830,3,6.891479043421874
131831,3,5.605387615358678
131832,3,6.0807045721984405
131833,3,7.628361517731799
131834,3,6.468277304863199
131835,3,6.856036002476369
131836,3,7.085269727736244
131837,3,7.161222458558107
131838,3,6.214892883464456
131839,3,5.909280337172858
131840,3,6.600169579968011
131841,3,5.671692723172083
131842,3,6.215709974507409
131843,3,6.806311891543594
131844,3,7.037994668020794
131845,3,6.833462006265549
131846,3,6.241339879954212
131847,3,6.032851754156852
131848,3,6.2559937390336
131849,3,6.428714445275992
131850,3,6.182444008836782
131851,3,6.312170687318264
131852,3,6.804165844243111
131853,3,6.88542361658156
131854,3,7.196877994056764
131855,3,7.397718342144073
131856,3,6.6384715973983335
131857,3,7.058860442000296
131858,3,6.876887595115753
131859,3,6.058365750599528
131860,3,6.413532257645148
131861,3,6.4025074144363865
131862,3,6.1505278458390995
131863,3,6.269067619211633
131864,3,6.588466515268815
131865,3,5.798229574054277
131866,3,6.975822367937256
131867,3,6.080506287053746
131868,3,5.971237221646577
131869,3,6.112420791070101
131870,3,6.260453880598368
131871,3,6.346233203735283
131872,3,6.699920133500022
131873,3,6.2352903617978415
131874,3,6.509516887145442
131875,3,5.418113451062621
131876,3,6.372424090268766
131877,3,5.673273144273991
131878,3,6.338771956495761
131879,3,7.618709758866669
131880,3,5.76217672652101
131881,3,6.893512951035665
131882,3,5.932745078280975
131883,3,6.164052723684712
131884,3,6.344799300475359
131885,3,5.936100768130644
131886,3,6.170369924099907
131887,3,5.755074154914593
131888,3,4.49650428822603
131889,3,5.944430855319664
131890,3,6.223452840299115
131891,3,6.136340995603664
131892,3,6.136340995603664
131893,3,6.701174687074653
131894,3,5.728453673958989
131895,3,6.126816292612733
131896,3,6.461768215646941
131897,3,6.636537249620939
131898,3,6.404178977297901
131899,3,6.032341313145475
131900,3,5.952353360485281
131901,3,5.336409003670705
131902,3,6.079461385874012
131903,3,6.246022506378302
131904,3,6.188615917063962
131905,3,4.772510619151252
131906,3,6.329502421983932
131907,3,6.168910736425898
131908,3,5.566002601138684
131909,3,5.779914269308114
131910,3,5.44768269685935
131911,3,6.048182423616789
131912,3,5.852184689686368
131913,3,6.744613365859602
131914,3,6.082767749981167
131915,3,5.987591533993702
131916,3,6.136439697145375
131917,3,5.564249170412088
131918,3,5.315286862263309
131919,3,6.0250576979352575
131920,3,5.791258942713734
131921,3,5.667541281993554
131922,3,5.413972099604244
131923,3,5.529039663340778
131924,3,5.86597067083566
131925,3,5.699062189532796
131926,3,5.461454905500745
131927,3,5.913091052692805
131928,3,5.627166130594302
131929,3,5.599014322097631
131930,3,5.0032752189945455
131931,3,5.693130841754889
131932,3,5.623792168764865
131933,3,5.369017548437019
131934,3,6.377119773707014
131935,3,5.19218123298145
131936,3,6.03043511601095
131937,3,5.426560846359735
131938,3,5.731896954541629
131939,3,6.260787658177261
131940,3,5.305094412012276
131941,3,6.736237155203097
131942,3,6.0621851545115035
131943,3,6.116226612752856
131944,3,5.828624899439677
131945,3,5.69935668224618
131946,3,5.247209524282688
131947,3,4.405900496138544
131948,3,5.456516852816345
131949,3,4.580963661835403
131950,3,5.525966656493344
131951,3,4.666940225851082
131952,3,5.66478311801688
131953,3,5.734573572958247
131954,3,5.109174125932027
131955,3,4.961999161327351
131956,3,5.7517776102785545
131957,3,5.22859701867396
131958,3,5.940291715573495
131959,3,5.42338542326771
131960,3,4.973983945798643
131961,3,4.96422470414142
131962,3,4.84406165944151
131963,3,4.602554901853181
131964,3,5.9603953337716336
131965,3,5.839442562104632
131966,3,6.37836156728393
131967,3,4.998791383804505
131968,3,5.59737438270893
131969,3,4.821850815070089
131970,3,5.028247003925241
131971,3,3.000185524495478
131972,3,5.021330005810513
131973,3,5.048417378111745
131974,3,4.524397118322614
131975,3,4.642617405389396
131976,3,6.162092742915614
131977,3,5.706177286438057
131978,3,6.192207742321141
131979,3,5.720535004726958
131980,3,5.1176186650248985
131981,3,4.913188271979767
131982,3,4.814238569635558
131983,3,5.594772992583486
131984,3,5.448935159746521
131985,3,5.2932495826071975
131986,3,4.4067576498209196
131987,3,4.484144855380746
131988,3,4.899939584682185
131989,3,4.732022243545582
131990,3,4.87264499240559
131991,3,5.064514748569525
131992,3,5.381478206505953
131993,3,4.7472254029847445
131994,3,5.530670689178419
131995,3,5.2267148432182315
131996,3,5.0640236821870905
131997,3,4.213117372120437
131998,3,4.808221871640496
131999,3,4.986618529632801
132000,3,4.680241779892944
132001,3,4.04374308755593
132002,3,4.814378692353283
132003,3,4.375214046517212
132004,3,4.8303252801937475
132005,3,4.580269984583198
132006,3,4.148931416827496
132007,3,2.3231583741798367
132008,3,4.364137107067691
132009,3,4.0103101255700455
132010,3,3.9989539635989866
132011,3,3.4824327695983643
132012,3,4.211057000093739
132013,3,4.451125241927421
132014,3,5.156760782280828
132015,3,4.776743247706607
132016,3,4.4549874398237925
132017,3,2.252620170898889
132018,3,4.247345135992155
132019,3,4.929548534389686
132020,3,3.7340180739969018
132021,3,3.5471653678732222
132022,3,3.5471653678732222
132023,3,4.566601572240337
132024,3,2.567117273767095
132025,3,3.973095750261194
132026,3,4.512879372064823
132027,3,2.9482937429554514
132028,3,3.2665911576164146
132029,3,3.798760145721874
132030,3,3.4563887935820126
132031,3,3.803868690005857
132032,3,3.8896866890953863
132033,3,3.66644938471075
132034,3,3.78410316429868
132035,3,3.5803342988218563
132036,3,2.218848266372155
132037,3,4.181446088798866
132038,3,2.8556250788276922
132039,3,2.982241225759353
132040,3,4.025502007745587
132041,3,3.805833688405682
132042,3,3.6468372569938947
132043,3,2.9724125096426732
132044,3,3.1834582883949936
132045,3,3.1429932810023082
132046,3,3.648312802902897
132047,3,4.65330578302861
132048,3,3.3692611677925077
132049,3,2.4134611638188996
132050,3,4.137685767131856
132051,3,2.2553124069080726
132052,3,3.6618573332354196
132053,3,2.93312882464267
132054,3,4.487685320673823
132055,3,3.382487430947661
132056,3,3.3085883751114973
132057,3,2.391698420580285
132058,3,3.3285869619279476
132059,3,2.0906913405104746
132060,3,3.0786095311569057
132061,3,3.0009717445121007
132062,3,3.7921494989008577
132063,3,3.491821266335759
132064,3,2.209666144835853
132065,3,2.2173135942825724
132066,3,3.5188720699443805
132067,3,2.0925125507811533
132068,3,2.2925187415135477
132069,3,2.817788701567368
132070,3,2.639651116081824
132071,3,2.7267716655110332
132072,3,2.6469870757824134
132073,3,2.8612952150102
132074,3,2.25970286994915
132075,3,2.830223393798087
132076,3,2.3593967448796347
132077,3,1.769177578718069
132078,3,1.749748759181359
132079,3,2.4547330869508315
132080,3,2.4163998444648227
132081,3,2.3758454945427845
132082,3,2.322789665472081
132083,3,2.2163974058896185
132084,3,2.0474842440822147
132085,3,2.2729710159125522
132086,3,2.387911739267139
132087,3,2.3297517926150375
132088,3,8.645656740642606
132089,3,8.710476464843827
132090,3,8.96825644958903
132091,3,8.507396972649248
132092,3,8.304418309336588
132093,3,8.361879925735234
132094,3,7.655913523575987
132095,3,8.355539448819158
132096,3,8.098883014400966
132097,3,8.55906697250205
132098,3,7.98303364061273
132099,3,8.286772969434752
132100,3,8.108016210528787
132101,3,5.20973307806014
132102,3,7.947615692241098
132103,3,6.125727048139396
132104,3,7.521777985718732
132105,3,7.410016728052078
132106,3,7.6647207084424185
132107,3,8.058481153470716
132108,3,7.456821856283685
132109,3,7.810453747723294
132110,3,7.62570610632574
132111,3,7.631105056437463
132112,3,7.935327942507816
132113,3,7.520807795534081
132114,3,8.05784488003482
132115,3,7.858591011071235
132116,3,7.576371450343723
132117,3,7.1479197435574315
132118,3,7.806473422294423
132119,3,8.109480685401264
132120,3,7.601568047089997
132121,3,7.973287631586171
132122,3,7.29630807921563
132123,3,7.506814101787594
132124,3,8.133016341354088
132125,3,7.747980876428468
132126,3,7.37718570564736
132127,3,7.993489837249987
132128,3,7.374745508820348
132129,3,7.453754835244732
132130,3,7.669095099478786
132131,3,8.040445691725475
132132,3,7.618601384529818
132133,3,7.133815812658541
132134,3,7.5526243005589535
132135,3,7.205888243275455
132136,3,7.370274039765022
132137,3,7.111941565923488
132138,3,5.49428808100021
132139,3,6.7094903769748955
132140,3,7.356428385938855
132141,3,7.44676480603583
132142,3,6.985308606133477
132143,3,7.659479554409973
132144,3,6.577711139247111
132145,3,6.693674612966431
132146,3,7.256477648622599
132147,3,6.567235540869136
132148,3,7.165575961001727
132149,3,6.735222504714221
132150,3,6.734869946773427
132151,3,7.1063565844701975
132152,3,6.829178413480115
132153,3,7.423322986718059
132154,3,7.822579940849147
132155,3,6.9568600387448285
132156,3,6.583579338529719
132157,3,6.492597475276885
132158,3,7.02075456717868
132159,3,7.320267649643364
132160,3,6.957708233630659
132161,3,6.114526669479805
132162,3,6.743925856103252
132163,3,7.19766100047411
132164,3,6.323126527002302
132165,3,6.749986762254492
132166,3,7.221302008970651
132167,3,6.964722366571631
132168,3,6.686348506137367
132169,3,7.743335258483182
132170,3,7.0215445250365045
132171,3,6.078401567784146
132172,3,6.990153341507438
132173,3,6.774085985885501
132174,3,6.798704415847342
132175,3,6.877291496884395
132176,3,6.721475594580684
132177,3,6.156315453939737
132178,3,6.85468276127387
132179,3,7.320701760124409
132180,3,6.409105176776545
132181,3,6.78815941387629
132182,3,6.6527681883389205
132183,3,6.766341403072892
132184,3,6.893230297469995
132185,3,5.640893833063545
132186,3,6.319295664587443
132187,3,7.065476601917307
132188,3,6.617009576123224
132189,3,6.3689000161445195
132190,3,6.742087417859435
132191,3,6.317592996004986
132192,3,6.597571440057267
132193,3,6.4778463371660315
132194,3,6.434364837330954
132195,3,6.2538139709627485
132196,3,6.482386474420324
132197,3,6.107595476073802
132198,3,6.591150970250555
132199,3,6.763309950856723
132200,3,6.942040839628382
132201,3,6.629109335262231
132202,3,6.586927882628246
132203,3,6.595711312534449
132204,3,6.358148421720143
132205,3,6.711016567454163
132206,3,7.011597208026649
132207,3,6.868266214637018
132208,3,6.272504568719568
132209,3,6.203112935921622
132210,3,6.577623731746565
132211,3,5.849577389236565
132212,3,6.161071464103572
132213,3,5.953669099059842
132214,3,5.654495769989193
132215,3,5.397375535766339
132216,3,6.625076919500738
132217,3,7.456906455887778
132218,3,6.380885447460074
132219,3,6.5450323885935235
132220,3,6.616266686432261
132221,3,5.808338012336529
132222,3,6.3207795413025885
132223,3,6.237210589251551
132224,3,6.870548381374386
132225,3,6.419740783874744
132226,3,6.187026751099004
132227,3,6.8915672515887545
132228,3,6.1956011261951005
132229,3,6.542645861072956
132230,3,6.27563520101064
132231,3,6.121321572298563
132232,3,5.993350696023656
132233,3,6.540148370664925
132234,3,5.837505941714131
132235,3,4.536020869537537
132236,3,6.039529211129816
132237,3,7.2627510178691645
132238,3,5.914791768781361
132239,3,6.367145677934817
132240,3,6.780079715559911
132241,3,5.600331219768102
132242,3,5.125643805290238
132243,3,6.666001954378139
132244,3,5.1556418153955175
132245,3,6.348849676415755
132246,3,6.386097344064957
132247,3,6.8079665311991695
132248,3,6.426221004854707
132249,3,6.119209289355349
132250,3,4.601082760813707
132251,3,6.349308477903156
132252,3,7.178987269888526
132253,3,5.599854035619234
132254,3,6.448302986022682
132255,3,6.253676900717774
132256,3,6.205095403015026
132257,3,5.914920870677896
132258,3,6.03110185327406
132259,3,4.688104351218345
132260,3,6.4306628563887775
132261,3,6.203493791500332
132262,3,6.331907993204141
132263,3,6.484260503337702
132264,3,6.056355259409511
132265,3,6.0319759408196845
132266,3,6.18059940642995
132267,3,6.555457377930055
132268,3,6.218194517889344
132269,3,6.3636888013757815
132270,3,6.0895530891451495
132271,3,6.287205037537125
132272,3,6.260512155217079
132273,3,6.718657246668477
132274,3,5.8449869389301545
132275,3,5.871524359411776
132276,3,5.902823254300022
132277,3,6.1524109418177435
132278,3,5.249579807586365
132279,3,5.974279149954841
132280,3,6.282385882528573
132281,3,5.974170617550021
132282,3,6.51446432503015
132283,3,6.19493990095785
132284,3,6.096507534460013
132285,3,5.784833045972687
132286,3,5.701997011548855
132287,3,6.198746685378065
132288,3,6.336673595769154
132289,3,5.37744929128808
132290,3,6.086180101508754
132291,3,6.407751183750421
132292,3,5.959818157822748
132293,3,6.024750638625945
132294,3,5.946024812214057
132295,3,6.512514503604536
132296,3,6.270019559953726
132297,3,5.510524387863789
132298,3,5.713916722287829
132299,3,5.691607390902386
132300,3,7.403714610307448
132301,3,5.79389589349486
132302,3,6.315278493029613
132303,3,6.115990431647002
132304,3,5.887810779277994
132305,3,5.934553260674365
132306,3,5.944861721843191
132307,3,6.061977066089454
132308,3,6.323206267123208
132309,3,6.277750548774233
132310,3,6.302463714777177
132311,3,5.033936821905572
132312,3,5.897442047943645
132313,3,6.0849181122517475
132314,3,7.433575477160893
132315,3,6.21763251153261
132316,3,6.394146572826756
132317,3,6.285813709575111
132318,3,5.743111319166635
132319,3,4.713148125710947
132320,3,5.768848301991104
132321,3,5.759842366713689
132322,3,5.922556214433807
132323,3,6.0726581881766375
132324,3,6.0726581881766375
132325,3,6.0726581881766375
132326,3,5.759803269913745
132327,3,5.753776433526024
132328,3,5.777805021621891
132329,3,5.816190989063827
132330,3,6.077071541528847
132331,3,5.517680074285808
132332,3,6.27527317063569
132333,3,6.012448220017523
132334,3,6.160476589052489
132335,3,5.8415297113110345
132336,3,6.008130058891533
132337,3,5.568261689817119
132338,3,6.253933475962977
132339,3,5.694001313329985
132340,3,6.330084610499245
132341,3,6.291715272047623
132342,3,5.657419350496743
132343,3,5.8799901032648245
132344,3,5.612222350787795
132345,3,6.040621920737888
132346,3,5.990716013587685
132347,3,5.692674059953118
132348,3,5.559049569471092
132349,3,5.77724584146544
132350,3,6.204735562444952
132351,3,5.3892846636116225
132352,3,5.993412430217094
132353,3,6.242499115012713
132354,3,5.855925128550071
132355,3,5.547525316819051
132356,3,5.556159793802287
132357,3,5.541140679791672
132358,3,6.511898185641536
132359,3,5.797878737517937
132360,3,5.327738067918713
132361,3,4.896833032675256
132362,3,6.5270590785625
132363,3,5.684771313359692
132364,3,4.938202698108851
132365,3,5.1433651660948785
132366,3,5.995323672538138
132367,3,5.552550609926165
132368,3,5.519816774987464
132369,3,5.141016191814815
132370,3,5.918163742109812
132371,3,6.072644826268708
132372,3,5.43620377344442
132373,3,5.503688807498832
132374,3,5.735912003556056
132375,3,6.142932155613329
132376,3,5.70610565746407
132377,3,5.3854100189024745
132378,3,5.093627817418147
132379,3,5.55629318633369
132380,3,5.515112020853524
132381,3,5.654117685979083
132382,3,5.606867429675796
132383,3,4.30652188602193
132384,3,5.531266075060212
132385,3,5.230470502311681
132386,3,5.668772395847681
132387,3,5.668772395847681
132388,3,5.668772395847681
132389,3,5.539163036417878
132390,3,5.616227979362566
132391,3,4.051846057263612
132392,3,5.513290123186909
132393,3,5.526838460973567
132394,3,6.393480953869528
132395,3,5.789033868898997
132396,3,5.437447707215592
132397,3,5.595139408491815
132398,3,5.707969793930523
132399,3,5.0655529613646335
132400,3,5.297020315225026
132401,3,6.232857866517828
132402,3,5.789585277718414
132403,3,5.632682225112526
132404,3,5.633320023502826
132405,3,5.4551550118844405
132406,3,5.036998701418245
132407,3,6.307117454067069
132408,3,6.08072368712273
132409,3,5.22884431583053
132410,3,4.742063995230627
132411,3,5.3607411093971
132412,3,5.842997420570354
132413,3,5.59580715921981
132414,3,5.71679406697342
132415,3,5.271621297404975
132416,3,5.571174508831034
132417,3,5.5164038494232255
132418,3,5.70092844674525
132419,3,5.551512543466393
132420,3,5.210167617400011
132421,3,5.101427572954277
132422,3,5.5929606755612316
132423,3,5.402641682171602
132424,3,5.820716852941871
132425,3,5.683304207668875
132426,3,5.328807751602688
132427,3,5.297775599912203
132428,3,5.720734981932771
132429,3,5.313936609108264
132430,3,5.227348393677006
132431,3,5.62928938469065
132432,3,5.565699949619042
132433,3,5.698482110107889
132434,3,4.61572428425942
132435,3,5.807192709085534
132436,3,5.378698496156275
132437,3,5.538269995617624
132438,3,5.796346375456805
132439,3,5.825059898201447
132440,3,5.470764903547658
132441,3,5.56399766270359
132442,3,6.452023375647412
132443,3,4.740357748336994
132444,3,5.705948422511469
132445,3,5.440309184565134
132446,3,5.34034046602731
132447,3,4.451752563570616
132448,3,5.82568833702647
132449,3,5.385546741044854
132450,3,5.391912208143689
132451,3,4.8104173900379745
132452,3,5.299952972859869
132453,3,4.476145509602066
132454,3,5.551282267138014
132455,3,5.179661481467865
132456,3,5.43446571972918
132457,3,5.4742359264727
132458,3,5.312478481278826
132459,3,5.391368938513956
132460,3,4.139346512415456
132461,3,4.679903319911032
132462,3,4.685841066736687
132463,3,4.113924255742398
132464,3,5.989327988543845
132465,3,5.553698837354409
132466,3,6.009198749838587
132467,3,5.4647716492189895
132468,3,5.559836997311958
132469,3,4.937812608066304
132470,3,5.601492006038753
132471,3,5.365763272223378
132472,3,4.795641706262874
132473,3,4.142041975085878
132474,3,5.645358926761977
132475,3,5.978506707533055
132476,3,5.519845103014525
132477,3,5.111886223923684
132478,3,5.56229614050998
132479,3,5.758204986385847
132480,3,5.354456231092441
132481,3,5.9339237523366215
132482,3,5.964233954428306
132483,3,5.750315126695374
132484,3,5.481796400626189
132485,3,5.3801408301362565
132486,3,5.138315152292298
132487,3,5.13913396185945
132488,3,5.34958954651651
132489,3,5.103621741766999
132490,3,5.002555487692898
132491,3,4.653578566785863
132492,3,5.580847377582983
132493,3,5.222610714895125
132494,3,5.569274292362219
132495,3,4.725172555311497
132496,3,4.9443597955239875
132497,3,5.2659789172696065
132498,3,5.156926304274853
132499,3,5.503213084902634
132500,3,5.371004174022258
132501,3,5.2351041816997395
132502,3,5.0704124079192034
132503,3,5.118836574097667
132504,3,5.051193672101076
132505,3,4.689385411261952
132506,3,4.9662835970034624
132507,3,4.8878426083981195
132508,3,5.137991455999526
132509,3,4.888468952008069
132510,3,4.282974867111854
132511,3,5.0740950424427895
132512,3,5.058475800879456
132513,3,5.76097107743243
132514,3,5.004396256858576
132515,3,5.151899969295892
132516,3,6.00244607080792
132517,3,4.692926306527329
132518,3,4.420023354188267
132519,3,5.506668928344817
132520,3,5.450570167695977
132521,3,4.921223702055228
132522,3,5.757572309663658
132523,3,5.816325494153655
132524,3,5.815644577090874
132525,3,5.567042171504457
132526,3,4.896701381409585
132527,3,4.944811272834741
132528,3,4.948107880330682
132529,3,4.758478918121672
132530,3,4.365488472836754
132531,3,5.130793886203412
132532,3,4.838050707663171
132533,3,5.358497253297568
132534,3,4.964846901958344
132535,3,5.385265487029725
132536,3,5.217031801046917
132537,3,5.267002879550104
132538,3,5.656328740382588
132539,3,5.76188693748464
132540,3,6.608039888342515
132541,3,5.816360192161488
132542,3,6.39370004626111
132543,3,4.558787135696313
132544,3,5.688954184368596
132545,3,4.589193729526817
132546,3,4.6219340951730175
132547,3,5.086168277074523
132548,3,5.538649115240846
132549,3,4.995164099850016
132550,3,5.128686576261506
132551,3,4.890091976849192
132552,3,5.127599414313952
132553,3,5.211702748637928
132554,3,5.125967123457992
132555,3,5.356830101153405
132556,3,4.660336482589909
132557,3,4.893796127190975
132558,3,4.837595215329958
132559,3,4.998067531752943
132560,3,4.693483018147919
132561,3,4.553500022045848
132562,3,4.523483100015217
132563,3,4.898663279714778
132564,3,5.757460212047444
132565,3,4.084206657155214
132566,3,4.664771603816668
132567,3,5.0782459731335825
132568,3,4.864219300668649
132569,3,5.688344574553199
132570,3,5.040173508987648
132571,3,5.162994647447205
132572,3,5.056339096432328
132573,3,4.586437012171013
132574,3,4.4968978732899405
132575,3,4.7458204061678355
132576,3,4.949043452443174
132577,3,5.395768559898954
132578,3,5.098657309111491
132579,3,4.773376695558038
132580,3,4.943336044206024
132581,3,4.6018783424609415
132582,3,4.046061399434615
132583,3,4.258041290811519
132584,3,4.8600567593353565
132585,3,4.477454634253948
132586,3,4.959366382445203
132587,3,5.632584287701959
132588,3,4.978500335174541
132589,3,4.963162385804535
132590,3,4.818340174040689
132591,3,4.3978255393719845
132592,3,5.058370346325674
132593,3,5.000932839341111
132594,3,4.359634758771787
132595,3,4.40428029629714
132596,3,4.591289118598833
132597,3,4.210774627674556
132598,3,5.054529088914938
132599,3,3.9236416320063863
132600,3,5.003710799831081
132601,3,5.024648597150756
132602,3,4.679571758656545
132603,3,5.442469968442952
132604,3,4.956150842114512
132605,3,4.6546422071351445
132606,3,4.708400480593528
132607,3,4.994777833121205
132608,3,4.87019967775532
132609,3,4.609374347268929
132610,3,4.547262884053547
132611,3,5.552208538677101
132612,3,5.515113454978584
132613,3,4.732750534150475
132614,3,4.585400812331151
132615,3,4.801227554299049
132616,3,4.331490172745751
132617,3,4.994355977025837
132618,3,4.624536450025863
132619,3,4.772889199822776
132620,3,4.9927175095143905
132621,3,5.305162255766777
132622,3,3.5056469205776595
132623,3,5.321245385107054
132624,3,5.228617581573323
132625,3,5.288855699136087
132626,3,4.453480091088931
132627,3,4.938966504956236
132628,3,5.066545960641183
132629,3,4.8133574029769655
132630,3,4.2804384573457295
132631,3,5.119000501388759
132632,3,4.548995344793058
132633,3,5.2122411462895935
132634,3,4.701979284351976
132635,3,4.849880540940724
132636,3,4.856084341025627
132637,3,4.609342268812039
132638,3,5.100014264062892
132639,3,4.661319761060286
132640,3,4.773176565381652
132641,3,5.005448904116802
132642,3,5.325457931181801
132643,3,4.52530975996122
132644,3,5.050633453473578
132645,3,4.695148162464016
132646,3,4.772978950397957
132647,3,4.587457960863982
132648,3,4.729341419649871
132649,3,4.955942545654215
132650,3,4.8013459911496925
132651,3,4.654859334360916
132652,3,4.825049286815155
132653,3,4.697627619949009
132654,3,4.495357735801189
132655,3,4.629861511069963
132656,3,3.3146825754215796
132657,3,4.8430172434526515
132658,3,4.799768427701265
132659,3,3.978399663702449
132660,3,4.843279090195175
132661,3,4.348667843288657
132662,3,4.7187575989456105
132663,3,4.75868019948456
132664,3,4.50259372559305
132665,3,4.400886501937414
132666,3,4.15166389254966
132667,3,4.956427495220623
132668,3,3.89919945084569
132669,3,4.903250909122915
132670,3,4.68711813004998
132671,3,4.21821024784318
132672,3,4.818099837805688
132673,3,4.142883950394304
132674,3,3.841812592375449
132675,3,4.594627078176034
132676,3,4.179401893689434
132677,3,4.832198883999241
132678,3,4.1478864669576065
132679,3,4.192649000317909
132680,3,4.377794376510311
132681,3,5.008761908573172
132682,3,4.317252205306543
132683,3,4.249100328618323
132684,3,4.461343170268211
132685,3,4.622375359341998
132686,3,4.661846614137017
132687,3,4.115453164305853
132688,3,4.945851892620218
132689,3,4.3459012798016445
132690,3,4.565280393546308
132691,3,4.456544448500656
132692,3,5.007051669777682
132693,3,4.257694072086456
132694,3,4.313192850319922
132695,3,4.205176766381067
132696,3,3.7327602197060648
132697,3,4.408623156998205
132698,3,4.294576077646006
132699,3,4.608734245056581
132700,3,4.465930979754534
132701,3,4.235793792318621
132702,3,4.327926361027032
132703,3,4.590321814168524
132704,3,4.944569266701944
132705,3,4.188924917068063
132706,3,4.147410067239026
132707,3,4.686556420306273
132708,3,4.902504025100504
132709,3,4.716948550354241
132710,3,3.82480123961218
132711,3,4.124396011345403
132712,3,5.169103416802802
132713,3,3.8539619981959166
132714,3,4.399757643824888
132715,3,3.9261321828958833
132716,3,4.248435780776051
132717,3,5.433456137183482
132718,3,4.7466740243585255
132719,3,3.9647445850291563
132720,3,4.216601530698953
132721,3,4.235401292846232
132722,3,3.8713960869829362
132723,3,2.6296104762938244
132724,3,3.544742978118859
132725,3,4.291965205293282
132726,3,4.076262769229516
132727,3,4.809949891572341
132728,3,4.104637728839881
132729,3,4.291266293102309
132730,3,4.735553382888617
132731,3,4.301448210925433
132732,3,4.32974598585931
132733,3,3.5083026750892
132734,3,2.331922517585218
132735,3,3.7205208747634058
132736,3,3.6410111731444093
132737,3,3.8330542242295285
132738,3,4.428185146417762
132739,3,4.232703882557777
132740,3,4.654687005280007
132741,3,4.220808058116361
132742,3,4.296127660027327
132743,3,4.330423990489624
132744,3,4.511974666243603
132745,3,4.114112196549142
132746,3,4.242249850443378
132747,3,2.3162646080831157
132748,3,4.151062917666101
132749,3,3.845344751882003
132750,3,4.556150543585571
132751,3,3.969813770789245
132752,3,4.254449181523679
132753,3,3.753979110747481
132754,3,4.005745325512455
132755,3,4.047854752205488
132756,3,3.9407942700954437
132757,3,4.316357606811886
132758,3,4.237683640135235
132759,3,4.6100853133076
132760,3,3.526671137924611
132761,3,4.192813231186342
132762,3,4.2338562234316335
132763,3,3.0555061612218632
132764,3,4.5971969280871
132765,3,2.472530603519794
132766,3,3.4069468487697323
132767,3,3.438491053473538
132768,3,4.517149913620681
132769,3,3.5963228585763316
132770,3,4.256558690293065
132771,3,4.13440032598003
132772,3,3.9878047490323714
132773,3,4.037711485120626
132774,3,4.8227516150640035
132775,3,4.11113408254619
132776,3,2.9075623098897645
132777,3,3.7570282748546893
132778,3,3.55262050569414
132779,3,4.041408653723374
132780,3,3.4011099938247074
132781,3,4.243054301459596
132782,3,3.3925165291410035
132783,3,4.165717362951025
132784,3,4.107729796949289
132785,3,3.9248239630999158
132786,3,3.574062114587972
132787,3,3.63516489593184
132788,3,4.009999923648882
132789,3,4.54172229255441
132790,3,3.7779899943350785
132791,3,5.002635913956543
132792,3,3.911920802967727
132793,3,2.223656039979944
132794,3,3.577384656433826
132795,3,3.7531113965583365
132796,3,3.3227007634939136
132797,3,3.40710232910715
132798,3,5.320726913982741
132799,3,3.7582405213307384
132800,3,3.4557047018610083
132801,3,2.4018618683236204
132802,3,3.7628755513750987
132803,3,3.8178393040208602
132804,3,2.3104079467113854
132805,3,3.8926331055884766
132806,3,3.9375757872546395
132807,3,4.195121044910241
132808,3,3.9427470577980124
132809,3,3.793993092261747
132810,3,3.5192934713614603
132811,3,3.615499659893213
132812,3,3.6648831931289547
132813,3,3.4959590361066377
132814,3,3.7333184552170544
132815,3,3.4531590851330765
132816,3,3.6841300312385075
132817,3,3.168513859465021
132818,3,3.436432554503755
132819,3,3.7099505290674633
132820,3,3.4507343567612376
132821,3,3.866041719640962
132822,3,3.8508219027352917
132823,3,3.68999752552169
132824,3,3.4648693735671117
132825,3,3.513740119935307
132826,3,3.604493685350783
132827,3,3.309067441357865
132828,3,3.728323454556131
132829,3,3.3557461820488994
132830,3,2.2953459220818226
132831,3,3.9011517032942695
132832,3,3.442130995734623
132833,3,3.634649881102541
132834,3,3.573510039611077
132835,3,3.238139819649398
132836,3,3.638536641286135
132837,3,3.6793448837573655
132838,3,1.848959165764012
132839,3,3.804119045076607
132840,3,4.560072941868521
132841,3,3.9638571487188026
132842,3,3.3566731304846136
132843,3,4.591891229820099
132844,3,3.077904418445131
132845,3,3.1407647861093357
132846,3,3.140048892780408
132847,3,3.419082392161758
132848,3,3.0513857812259335
132849,3,3.5746101561259858
132850,3,3.3346448133058435
132851,3,3.0046583257208104
132852,3,3.0327894106641105
132853,3,3.420552369175205
132854,3,2.6046701253880986
132855,3,3.497808775987922
132856,3,3.24826814516422
132857,3,3.38891942668166
132858,3,2.422076904984915
132859,3,3.065662542811841
132860,3,2.545928815249246
132861,3,2.8594554615344596
132862,3,2.842053034701828
132863,3,3.068497906157164
132864,3,2.9467853401915165
132865,3,3.1615758819445414
132866,3,3.056684261232601
132867,3,2.6800189801144505
132868,3,2.4198291813474864
132869,3,2.8448636389134854
132870,3,2.5569555896990517
132871,3,2.2415810469593076
132872,3,1.970758432747373
132873,3,3.066616331733922
132874,3,2.677978881288908
132875,3,2.2944355133621928
132876,3,2.715898167679094
132877,3,2.104842111435678
132878,3,2.333767680249899
132879,3,2.3808551709792223
132880,3,2.022692339779079
132881,3,2.3883158906183297
132882,3,2.267244995719823
132883,3,1.7701082613200123
132884,3,2.3225544707300054
132885,3,2.246713291271366
132886,3,2.409191418730707
132887,3,2.1507426762795765
132888,3,1.9529850661396475
132889,3,2.0647207036689856
132890,3,2.4020841617691975
132891,3,7.559405001314729
132892,3,9.150887813195707
132893,3,7.223312929100754
132894,3,7.874896280038688
132895,3,7.605879562630053
132896,3,7.140764577857113
132897,3,8.148632841807018
132898,3,8.750799072141435
132899,3,8.934037666147375
132900,3,8.66584043080848
132901,3,8.371923900286268
132902,3,8.836768998392982
132903,3,9.241721560135002
132904,3,8.214732840898796
132905,3,8.846480061233832
132906,3,8.950332314804552
132907,3,9.173429328246621
132908,3,9.442774239951174
132909,3,8.80602731389635
132910,3,7.42321696783534
132911,3,6.973045935976561
132912,3,9.061605975086714
132913,3,9.030726740506433
132914,3,8.229518990315478
132915,3,8.698523254228041
132916,3,8.720951007762476
132917,3,8.998647225098349
132918,3,8.381380247481419
132919,3,8.944174864720802
132920,3,8.13801961312803
132921,3,7.2930451553614235
132922,3,8.982067924279905
132923,3,8.975090413024473
132924,3,8.538371214481517
132925,3,9.271192131322454
132926,3,7.616189707988769
132927,3,8.431430543302328
132928,3,8.767428504863442
132929,3,9.165161718268944
132930,3,8.027209766532785
132931,3,8.780853445337566
132932,3,8.988254423401264
132933,3,8.81785975868108
132934,3,8.417551267173222
132935,3,8.854286606925555
132936,3,9.2779899893269
132937,3,9.21377342156882
132938,3,8.32623328145074
132939,3,8.222394266946557
132940,3,8.600108227228981
132941,3,8.185555061083056
132942,3,7.871973760942963
132943,3,8.826402849676072
132944,3,8.61455905532598
132945,3,8.186725611197978
132946,3,8.251253756727614
132947,3,8.950064935185521
132948,3,8.814068531801338
132949,3,9.01202643432889
132950,3,8.774631922441392
132951,3,7.71933929013137
132952,3,8.944339085236713
132953,3,9.086234964242934
132954,3,8.995025195747605
132955,3,8.190633872607904
132956,3,8.05824340743574
132957,3,8.397980545154846
132958,3,7.827115544878558
132959,3,8.934512754655955
132960,3,8.436755391614998
132961,3,8.172596301561782
132962,3,8.467847578683152
132963,3,7.882416554532496
132964,3,7.962985470545829
132965,3,8.434718806251283
132966,3,9.175830596020326
132967,3,8.363675831156685
132968,3,8.53240115406558
132969,3,8.254833319961113
132970,3,7.240976526278579
132971,3,8.291386271182953
132972,3,8.281685484950053
132973,3,8.72007599200979
132974,3,8.68750247842363
132975,3,8.28829409203763
132976,3,7.191794217744866
132977,3,8.54573073898575
132978,3,8.955287709615341
132979,3,8.262175318878121
132980,3,8.882437899223534
132981,3,8.335787491928741
132982,3,8.114546620488262
132983,3,8.849973274478947
132984,3,8.533486742738937
132985,3,8.409751423692317
132986,3,7.533966937364716
132987,3,8.614063631420262
132988,3,7.488652478393306
132989,3,8.960692972889436
132990,3,7.196640751492499
132991,3,8.311913241620069
132992,3,8.887478840495678
132993,3,8.393692793276378
132994,3,7.802456841828314
132995,3,8.656640264907699
132996,3,8.798018925358177
132997,3,8.369477764041662
132998,3,8.669015997888389
132999,3,8.80680397345807
133000,3,8.765382972193272
133001,3,8.765382972193272
133002,3,7.861044790281951
133003,3,7.7843853368483735
133004,3,6.920022099967965
133005,3,7.213382482890381
133006,3,7.5435145508196735
133007,3,8.918522077358363
133008,3,8.375822040723024
133009,3,8.373618407031245
133010,3,9.069950956743046
133011,3,8.514097913924228
133012,3,7.983703412921458
133013,3,8.801604397965384
133014,3,8.368272745677187
133015,3,8.237546416931302
133016,3,7.90060079190596
133017,3,7.77879777890601
133018,3,8.352739905823091
133019,3,7.720667859693423
133020,3,7.875840074206512
133021,3,8.609151231227424
133022,3,9.00493040895322
133023,3,8.194215740346351
133024,3,7.872022701150505
133025,3,8.835960510046103
133026,3,8.383374971063366
133027,3,6.985202263432316
133028,3,8.7457426698153
133029,3,8.451080425318212
133030,3,8.451080425318212
133031,3,8.884534377001264
133032,3,8.993811174392032
133033,3,7.99765683255908
133034,3,6.741315393800392
133035,3,8.239552565965552
133036,3,8.378908817938841
133037,3,8.824937978075493
133038,3,8.662404350151252
133039,3,8.51014427175265
133040,3,8.072365432462192
133041,3,7.963807663086499
133042,3,8.034009060721967
133043,3,7.660145937608646
133044,3,8.655503571645884
133045,3,8.685681781078374
133046,3,8.163464839397264
133047,3,8.701024609082463
133048,3,8.163993735068363
133049,3,8.367321325874926
133050,3,9.161753241504133
133051,3,8.65751250220457
133052,3,7.607242205801151
133053,3,9.003891359635919
133054,3,8.403778932064693
133055,3,8.160496838145908
133056,3,7.245138790495487
133057,3,7.682365150245198
133058,3,7.872188817171541
133059,3,7.7304276837349
133060,3,8.467344259138898
133061,3,8.435190959857275
133062,3,8.69054491573243
133063,3,7.758305645790046
133064,3,8.552121911671563
133065,3,7.743264057860599
133066,3,7.80997935588561
133067,3,8.77984105834837
133068,3,8.660007872446782
133069,3,8.62997850703771
133070,3,8.933849392578361
133071,3,7.795873882067086
133072,3,7.899989749713033
133073,3,7.25002341406661
133074,3,7.2350450473153165
133075,3,8.135111435244012
133076,3,7.958729610640114
133077,3,8.257802341829223
133078,3,8.83235701989938
133079,3,8.333657174326651
133080,3,8.445054058874241
133081,3,8.782178473094643
133082,3,7.942404732756235
133083,3,6.721077333290094
133084,3,7.89402621004448
133085,3,7.843781812293013
133086,3,8.33763998531818
133087,3,8.185507894152353
133088,3,8.091245001805623
133089,3,7.621899713814934
133090,3,8.321122758278154
133091,3,8.630959232963189
133092,3,8.197545279715737
133093,3,8.242688486285052
133094,3,8.34209035906545
133095,3,8.686454668055829
133096,3,8.50590164180654
133097,3,8.793826577433837
133098,3,7.788531741905203
133099,3,8.163419768536711
133100,3,8.949597015621096
133101,3,7.720648431642716
133102,3,7.6233804262461025
133103,3,8.085127235598852
133104,3,8.817953553771925
133105,3,8.139042269842301
133106,3,7.697210634635886
133107,3,7.001097385333799
133108,3,7.4134850407413
133109,3,8.795943509362788
133110,3,8.232193936930965
133111,3,7.3843948004625535
133112,3,8.04392809913159
133113,3,8.770067286587393
133114,3,8.066216245599414
133115,3,7.650194855239554
133116,3,7.040990764233257
133117,3,8.961499042124919
133118,3,8.664715732253644
133119,3,8.489752550065768
133120,3,8.963826370027327
133121,3,8.357439238136344
133122,3,7.894923323130074
133123,3,7.796739957917361
133124,3,8.314433034369207
133125,3,8.467339885643376
133126,3,8.222232903162638
133127,3,7.771103949110678
133128,3,7.310702908075012
133129,3,8.416955715032774
133130,3,6.7958968009150835
133131,3,8.362630750588322
133132,3,8.267438948863813
133133,3,8.288413887191613
133134,3,8.431618428651007
133135,3,7.822319733944925
133136,3,7.3183542002842366
133137,3,8.20039826286136
133138,3,7.158721846194479
133139,3,7.29504826576678
133140,3,8.384788387792234
133141,3,8.438341857886815
133142,3,8.448521171151636
133143,3,7.792798892494485
133144,3,7.868548125846449
133145,3,7.769263001181342
133146,3,7.980008330493179
133147,3,7.196493166901467
133148,3,8.628313285527494
133149,3,7.87893522068174
133150,3,8.42331561302394
133151,3,8.630512616541886
133152,3,8.07030743099504
133153,3,7.954577381613115
133154,3,8.499651534090873
133155,3,8.03666870839617
133156,3,7.739896794661957
133157,3,7.090552849948623
133158,3,6.6912220204855055
133159,3,7.931727360531129
133160,3,8.036334284997611
133161,3,7.841203400898579
133162,3,7.908532491514044
133163,3,8.085977622579014
133164,3,8.152370141318045
133165,3,8.09546508879331
133166,3,7.323049332029118
133167,3,8.727045430185942
133168,3,8.658896102350022
133169,3,8.174705820084256
133170,3,7.853873914196072
133171,3,7.871960514214444
133172,3,7.471690560242895
133173,3,7.736542121122762
133174,3,8.457795361387651
133175,3,7.351974413081295
133176,3,8.08980347704772
133177,3,7.353534044544125
133178,3,8.745923704323204
133179,3,6.900058166140152
133180,3,6.89425636865595
133181,3,7.7617985299320695
133182,3,8.048068125845885
133183,3,8.262892300925172
133184,3,8.169321895006293
133185,3,7.886371830844711
133186,3,7.216816110973574
133187,3,8.76721173327579
133188,3,6.96923722075878
133189,3,7.341463351465495
133190,3,7.073691398550169
133191,3,7.880529106134569
133192,3,8.217356902956825
133193,3,7.274072808577906
133194,3,9.054985695274521
133195,3,7.741867539023658
133196,3,7.113984038404457
133197,3,8.121887630383277
133198,3,7.668960319697373
133199,3,8.551230578576291
133200,3,7.367016402940972
133201,3,7.971605834235508
133202,3,7.540509155754128
133203,3,6.943537350396138
133204,3,8.273008201196419
133205,3,8.196809415285092
133206,3,8.059780693336192
133207,3,7.20555846853991
133208,3,7.602774012643598
133209,3,7.03839910468338
133210,3,7.550468798886991
133211,3,7.11408648152894
133212,3,7.387964741942171
133213,3,7.570126273264416
133214,3,7.534381753644427
133215,3,7.931955323848625
133216,3,6.91731915487716
133217,3,7.749857309483635
133218,3,7.705583099175756
133219,3,7.419604899882119
133220,3,7.413915196886503
133221,3,8.211535397300034
133222,3,8.89800386488301
133223,3,7.106125973924735
133224,3,7.958720021925805
133225,3,8.069781682379608
133226,3,7.903915055256181
133227,3,7.318118892042094
133228,3,7.045264818868404
133229,3,6.966485850787433
133230,3,7.081302898180199
133231,3,7.989332018033504
133232,3,8.530345755702
133233,3,8.771151991713534
133234,3,7.980834208224835
133235,3,7.463654209718449
133236,3,7.57697106575682
133237,3,7.826527393655979
133238,3,7.750262400873596
133239,3,7.283631295135083
133240,3,7.919047403450333
133241,3,8.449254036714306
133242,3,8.152408365699092
133243,3,7.481482274192235
133244,3,7.308699234221541
133245,3,6.5167378951049475
133246,3,8.341664042959042
133247,3,7.502218124059267
133248,3,7.898366608139125
133249,3,7.589189678931513
133250,3,7.010916520816924
133251,3,6.905281855019642
133252,3,7.993332448711173
133253,3,6.874256590245327
133254,3,7.863192664961617
133255,3,6.843870178132735
133256,3,7.495348889806236
133257,3,6.869130547037703
133258,3,8.063681555203726
133259,3,8.379320791829343
133260,3,7.5618923146311054
133261,3,7.713552872738212
133262,3,7.61474144553254
133263,3,7.786928766981712
133264,3,6.7602341875249286
133265,3,6.998413614573266
133266,3,8.067782453490434
133267,3,7.595635264656918
133268,3,8.02477378572907
133269,3,7.984767172607817
133270,3,7.129835535016095
133271,3,6.544454413368096
133272,3,7.619411762669232
133273,3,7.1658825003814295
133274,3,8.331146870741696
133275,3,8.47226416580532
133276,3,6.942854155261033
133277,3,7.591675072597369
133278,3,7.78265580995048
133279,3,8.081153517561585
133280,3,7.136078821767985
133281,3,7.569044940125206
133282,3,7.689110248532709
133283,3,7.149731240550491
133284,3,7.815658018139503
133285,3,8.251047689849354
133286,3,6.713714590898045
133287,3,6.955636368802288
133288,3,7.615934942558396
133289,3,6.962927620328992
133290,3,6.666035779671692
133291,3,7.707557711814312
133292,3,7.014356879942142
133293,3,6.960130563605231
133294,3,7.645177459360354
133295,3,7.555160832508471
133296,3,7.300565986566902
133297,3,6.6390448310151715
133298,3,6.671462809922072
133299,3,7.010037652208693
133300,3,6.921863261925618
133301,3,7.987195819455745
133302,3,7.225111356101757
133303,3,7.543034689270245
133304,3,6.727190790795797
133305,3,6.73880609738891
133306,3,7.819549057593401
133307,3,6.7994471550809665
133308,3,7.963242907732278
133309,3,7.739680190322906
133310,3,7.843536618860159
133311,3,7.990576480759234
133312,3,7.299781724506876
133313,3,7.650512635405669
133314,3,8.584970756560853
133315,3,7.806990831031482
133316,3,6.873206651348356
133317,3,7.264507613082703
133318,3,7.911698953551071
133319,3,6.711686745851621
133320,3,6.947650408488575
133321,3,7.583947556282832
133322,3,7.279972705039939
133323,3,7.170514395265067
133324,3,7.243379853109562
133325,3,7.102571291697834
133326,3,7.034053228837171
133327,3,5.562520916932419
133328,3,7.843577151578339
133329,3,7.689905906700971
133330,3,6.694498083110426
133331,3,6.962001834538601
133332,3,7.85555376199917
133333,3,8.004125614120893
133334,3,7.309173315460908
133335,3,7.002528064566805
133336,3,7.281085263750188
133337,3,8.212744938879585
133338,3,6.954733301044252
133339,3,6.474349454143003
133340,3,8.091925360923172
133341,3,7.25107358481604
133342,3,7.977145008478807
133343,3,6.7275277408244
133344,3,7.358238224483477
133345,3,6.442300211956854
133346,3,6.910789368724504
133347,3,7.228643624374632
133348,3,6.727312725685773
133349,3,7.238658198564204
133350,3,6.518599192325303
133351,3,7.953074026065691
133352,3,7.981436386367108
133353,3,7.852477825094457
133354,3,6.922720022056726
133355,3,7.434324032022468
133356,3,6.644696596859981
133357,3,6.645663028931244
133358,3,7.465939228738495
133359,3,6.369872347744864
133360,3,6.848295161650343
133361,3,7.940258636949562
133362,3,7.307486837436789
133363,3,7.736769479415448
133364,3,7.604399654638537
133365,3,6.935618283525819
133366,3,6.412590123676575
133367,3,6.5665335625211405
133368,3,6.746228866074719
133369,3,7.155623885617932
133370,3,6.4201736292426235
133371,3,6.506157116263928
133372,3,6.766593972373873
133373,3,6.14244018159004
133374,3,7.376503675921209
133375,3,6.83069051302228
133376,3,6.876230101466181
133377,3,7.259535281078491
133378,3,6.840053348572527
133379,3,6.943776056572219
133380,3,6.42507201587452
133381,3,7.599631599135459
133382,3,7.797868297029691
133383,3,8.28021555816997
133384,3,6.733199018618221
133385,3,6.014231478050518
133386,3,7.604925938722704
133387,3,6.247274453541777
133388,3,7.531929349095679
133389,3,5.650502035629062
133390,3,6.907424896470786
133391,3,6.692103461908231
133392,3,6.941829155777862
133393,3,6.296060130075551
133394,3,6.021463695776912
133395,3,6.872962967648138
133396,3,7.060140148844357
133397,3,5.750045361731239
133398,3,5.5266364533490755
133399,3,7.0208758029617995
133400,3,5.927992386082183
133401,3,5.4122187856195065
133402,3,6.704580488266498
133403,3,5.8310559186079045
133404,3,7.6923620976440805
133405,3,7.628380378648794
133406,3,5.316966689603484
133407,3,7.5297761938540795
133408,3,7.12563840371533
133409,3,7.3355585494192495
133410,3,6.158059414974728
133411,3,7.7249015238493515
133412,3,6.99231045556314
133413,3,7.105957617882622
133414,3,6.797386765149425
133415,3,6.9947189143914414
133416,3,5.811342555761864
133417,3,7.078424051111852
133418,3,6.615127450646186
133419,3,7.914645522760415
133420,3,5.696344855904929
133421,3,6.78454515221006
133422,3,7.193322634860754
133423,3,6.325106132920884
133424,3,7.964606245786005
133425,3,6.9413733552676185
133426,3,4.957712695965871
133427,3,7.7284696381514575
133428,3,7.395789131850612
133429,3,5.372894436840372
133430,3,5.708922083426803
133431,3,4.561800968740085
133432,3,6.2351054671697845
133433,3,5.043325590698312
133434,3,3.2134894656695594
133435,3,5.583551519211036
133436,3,4.994458000619416
133437,3,3.7036715393471753
133438,3,8.860266058247733
133439,3,7.852643319943373
133440,3,9.072583945102023
133441,3,8.706042848563442
133442,3,9.246996389309949
133443,3,9.116504791643981
133444,3,9.218365160995065
133445,3,8.563793538354663
133446,3,8.477789699618635
133447,3,9.054268939331738
133448,3,9.124473126931843
133449,3,8.11543813746389
133450,3,8.386667357359693
133451,3,8.950510052259919
133452,3,8.888925412912986
133453,3,8.496877459563143
133454,3,8.901147326877815
133455,3,9.243592846336075
133456,3,7.794590030850228
133457,3,7.917046345846366
133458,3,7.900726955807415
133459,3,8.686139326517823
133460,3,8.851670486009747
133461,3,8.96408155662225
133462,3,7.977955137371074
133463,3,8.569600580918841
133464,3,8.903478727988645
133465,3,9.095044916004362
133466,3,8.376639126268877
133467,3,7.852750514478616
133468,3,9.281209704657975
133469,3,8.739754538595509
133470,3,9.269342152103606
133471,3,9.271224493014287
133472,3,9.032967692711964
133473,3,8.997772319743934
133474,3,8.172935518715986
133475,3,8.913476129172457
133476,3,8.886842369858995
133477,3,9.247144406524825
133478,3,9.208917228456016
133479,3,8.455355782960032
133480,3,8.902744750776169
133481,3,7.877474521863842
133482,3,8.236150002239093
133483,3,8.727662268867304
133484,3,7.051870109552509
133485,3,8.242560017775778
133486,3,8.918986723324942
133487,3,8.848765054841705
133488,3,8.848765054841705
133489,3,9.210080392164446
133490,3,8.990575649288958
133491,3,8.450674255040415
133492,3,8.495394104588572
133493,3,8.647016929915551
133494,3,8.957333976220177
133495,3,8.999333039542936
133496,3,8.568995968897212
133497,3,8.65863693751849
133498,3,8.061808276089176
133499,3,8.45260166494781
133500,3,7.927930798742214
133501,3,8.446184488998437
133502,3,8.255896150833367
133503,3,9.031025803737299
133504,3,8.46125192828255
133505,3,8.520629361079813
133506,3,8.763938987931379
133507,3,8.712830819317325
133508,3,9.171943868268539
133509,3,8.348532225513827
133510,3,7.460425327472577
133511,3,8.601120798745402
133512,3,7.8377150097131985
133513,3,8.427943213199315
133514,3,8.339281377005133
133515,3,8.34201788447119
133516,3,8.854863330197661
133517,3,8.45029444022223
133518,3,8.305079562036315
133519,3,8.833972834781752
133520,3,8.586793228827489
133521,3,8.81078040997138
133522,3,9.268995923018199
133523,3,7.853344084896817
133524,3,8.807002500720985
133525,3,8.466085421164818
133526,3,8.818452038422606
133527,3,8.063313727565474
133528,3,8.160062005513886
133529,3,8.888285279361867
133530,3,8.726950296476117
133531,3,8.354320025488034
133532,3,8.779151007427165
133533,3,8.558253185600677
133534,3,9.087266810340882
133535,3,7.092906504824307
133536,3,8.251255813149296
133537,3,8.21039920291051
133538,3,9.07251535884228
133539,3,8.590557176062083
133540,3,8.243295148354262
133541,3,8.265274883184928
133542,3,7.849279146538943
133543,3,8.57104929662907
133544,3,8.977129479788939
133545,3,8.148651081871758
133546,3,9.027280702763527
133547,3,7.823611031590767
133548,3,8.821603980914338
133549,3,7.126814259318679
133550,3,8.526154870701076
133551,3,7.424827189390576
133552,3,8.51260870977819
133553,3,7.783754884685284
133554,3,8.615191861947615
133555,3,7.933551708035435
133556,3,9.233955975438086
133557,3,8.615343644284724
133558,3,8.970030580676651
133559,3,8.630763731844347
133560,3,8.630763731844347
133561,3,8.228478339731035
133562,3,8.533344611089909
133563,3,8.246093884225992
133564,3,9.059832131148248
133565,3,8.02100289974765
133566,3,9.223095816845857
133567,3,8.847563101590369
133568,3,8.10411345550671
133569,3,9.083434251649463
133570,3,8.588295730790414
133571,3,7.251020458099641
133572,3,8.427450276184342
133573,3,9.117544754817839
133574,3,8.477175355772035
133575,3,8.214273465662755
133576,3,8.158299734995413
133577,3,8.257809253488608
133578,3,9.05964854040664
133579,3,8.891348281905685
133580,3,8.041404117407804
133581,3,7.324858447436904
133582,3,8.553020608654975
133583,3,8.961358073007256
133584,3,8.472184858703523
133585,3,9.368308810647164
133586,3,7.946808762412343
133587,3,8.769015922834125
133588,3,7.850502852662576
133589,3,8.558229783961034
133590,3,8.558229783961034
133591,3,7.9371895081781805
133592,3,7.562357405683425
133593,3,8.522457467991268
133594,3,8.0746819612986
133595,3,7.901324535817855
133596,3,7.505296023533919
133597,3,8.844193539156072
133598,3,8.47111751125015
133599,3,8.620078242512934
133600,3,9.025118680281537
133601,3,7.7388915804383736
133602,3,7.332964432931984
133603,3,8.959757777014081
133604,3,8.437388337245752
133605,3,8.799078471312795
133606,3,8.487407627748013
133607,3,8.178348184392007
133608,3,6.61387361171497
133609,3,8.877554772136943
133610,3,8.61911115109944
133611,3,8.373229635411974
133612,3,8.238500397078978
133613,3,8.305767192785636
133614,3,7.2567955164002145
133615,3,8.14771661313382
133616,3,7.079516079834056
133617,3,7.92039456355053
133618,3,8.951610267417633
133619,3,8.56213102190916
133620,3,9.016415676848519
133621,3,7.6606033172660295
133622,3,7.776827247600077
133623,3,7.692417790195505
133624,3,8.546427080708416
133625,3,8.509259224739667
133626,3,7.461925092032355
133627,3,8.294447958241141
133628,3,8.16582707816552
133629,3,6.079079415917779
133630,3,7.91883251236456
133631,3,8.388494660721749
133632,3,7.107938844041243
133633,3,7.787400330796068
133634,3,7.535259351134171
133635,3,8.418281463699676
133636,3,7.310569938842139
133637,3,8.073007712505474
133638,3,8.243702543796093
133639,3,8.62139904371781
133640,3,7.960615806575826
133641,3,8.293501563166581
133642,3,8.54650665201812
133643,3,7.3419132309861155
133644,3,7.761218545044647
133645,3,8.364720262249868
133646,3,7.944967664576467
133647,3,7.334921885650564
133648,3,7.452308125729495
133649,3,7.304163959059358
133650,3,8.001878734169106
133651,3,7.861017385017319
133652,3,7.637261410896029
133653,3,7.125522522910198
133654,3,8.301564078207333
133655,3,7.374044919940129
133656,3,8.548546124287178
133657,3,7.488619938396321
133658,3,6.841179304405311
133659,3,7.3833586001984886
133660,3,8.545829128669622
133661,3,8.544372450235285
133662,3,8.11159206043326
133663,3,7.679845416624171
133664,3,7.882949164004384
133665,3,7.627433781018431
133666,3,7.703876968473363
133667,3,7.616814784356876
133668,3,7.989687886043988
133669,3,6.8578631460561095
133670,3,8.510190602526565
133671,3,7.402879966925122
133672,3,7.355856069388177
133673,3,6.911090735364918
133674,3,7.822493937747608
133675,3,8.446194768195548
133676,3,6.819331028816268
133677,3,6.9573415001407355
133678,3,8.320981400171819
133679,3,7.40562540418805
133680,3,7.411037521621498
133681,3,7.854469975808592
133682,3,8.3421586126401
133683,3,7.688825740668093
133684,3,7.095530144383251
133685,3,6.85276848687141
133686,3,7.39812242084708
133687,3,7.415319616987285
133688,3,7.186696819085697
133689,3,7.050928529038109
133690,3,7.3087570973553575
133691,3,8.518050406859928
133692,3,8.730015480885712
133693,3,6.96387791579357
133694,3,6.688935300506902
133695,3,8.079600741167358
133696,3,7.225450251353472
133697,3,7.881148742706228
133698,3,7.252424173496786
133699,3,7.144059798668196
133700,3,7.228371180104919
133701,3,8.097998838317464
133702,3,7.809577170193531
133703,3,8.729747461191247
133704,3,7.464057563709181
133705,3,7.49249814378313
133706,3,6.958713745265699
133707,3,7.179030414909047
133708,3,6.16124048175845
133709,3,8.184532633150386
133710,3,6.179272364770857
133711,3,7.604873999894234
133712,3,6.983008892128043
133713,3,6.965489919288102
133714,3,6.8623380782257755
133715,3,7.084923292373209
133716,3,6.653451946660743
133717,3,5.422412942786428
133718,3,6.792471726921667
133719,3,6.593357357559657
133720,3,8.155324714730853
133721,3,6.623344209681797
133722,3,6.742619281738088
133723,3,7.345073943262095
133724,3,7.823250775516758
133725,3,6.9511517968636625
133726,3,8.24648316372636
133727,3,7.117084092276233
133728,3,7.110950144211876
133729,3,7.0457753605436135
133730,3,5.963678157597663
133731,3,7.308261109876616
133732,3,7.343843313250785
133733,3,6.155122690398423
133734,3,6.564949782871912
133735,3,7.410061305064428
133736,3,6.823695962996203
133737,3,6.163354671772554
133738,3,6.5242911280700415
133739,3,8.390653447631887
133740,3,6.831312649396361
133741,3,6.647726892540783
133742,3,5.964288568326157
133743,3,6.61553788034799
133744,3,6.90926067780337
133745,3,5.86251752629609
133746,3,8.162993915838364
133747,3,6.978264330664116
133748,3,6.505733965658443
133749,3,8.069435694391494
133750,3,8.269781938842266
133751,3,5.689243136630063
133752,3,6.019348274655168
133753,3,6.537448786405365
133754,3,7.12358295048097
133755,3,7.288891931174108
133756,3,9.016304335584097
133757,3,6.549094551308083
133758,3,6.450581562001207
133759,3,5.502739823477334
133760,3,6.579659481944468
133761,3,7.800067309288567
133762,3,7.27816568125606
133763,3,7.343645650865518
133764,3,8.504985734158073
133765,3,8.320490284992324
133766,3,5.392780565225464
133767,3,5.318081198157837
133768,3,4.74144677998293
133769,3,4.334123560387406
133770,3,4.9007864706244
133771,3,3.096609462790317
133772,3,5.462853433831838
133773,3,3.2100854397269747
133774,3,5.182558049536777
133775,3,3.007733174364754
133776,3,6.21028043079181
120760,4,0
120761,4,1
120762,4,0
120763,4,0
120764,4,0
120765,4,0
120766,4,0
120767,4,0
120768,4,0
120769,4,0
120770,4,0
120771,4,0
120772,4,0
120773,4,0
120774,4,0
120775,4,0
120776,4,0
120777,4,0
120778,4,0
120779,4,0
120780,4,0
120781,4,0
120782,4,0
120783,4,0
120784,4,1
120785,4,1
120786,4,0
120787,4,0
120788,4,0
120789,4,0
120790,4,0
120791,4,0
120792,4,0
120793,4,0
120794,4,0
120795,4,0
120796,4,0
120797,4,0
120798,4,0
120799,4,0
120800,4,0
120801,4,0
120802,4,0
120803,4,0
120804,4,0
120805,4,0
120806,4,0
120807,4,0
120808,4,0
120809,4,0
120810,4,0
120811,4,0
120812,4,0
120813,4,0
120814,4,0
120815,4,0
120816,4,0
120817,4,0
120818,4,0
120819,4,0
120820,4,0
120821,4,0
120822,4,0
120823,4,0
120824,4,0
120825,4,0
120826,4,0
120827,4,0
120828,4,0
120829,4,1
120830,4,1
120831,4,0
120832,4,0
120833,4,0
120834,4,0
120835,4,0
120836,4,0
120837,4,0
120838,4,0
120839,4,0
120840,4,0
120841,4,0
120842,4,0
120843,4,0
120844,4,0
120845,4,0
120846,4,0
120847,4,0
120848,4,0
120849,4,0
120850,4,0
120851,4,0
120852,4,0
120853,4,0
120854,4,0
120855,4,0
120856,4,0
120857,4,0
120858,4,0
120859,4,1
120860,4,0
120861,4,0
120862,4,0
120863,4,0
120864,4,0
120865,4,0
120866,4,0
120867,4,0
120868,4,0
120869,4,0
120870,4,0
120871,4,0
120872,4,0
120873,4,0
120874,4,0
120875,4,0
120876,4,0
120877,4,0
120878,4,0
120879,4,0
120880,4,1
120881,4,0
120882,4,0
120883,4,0
120884,4,0
120885,4,0
120886,4,0
120887,4,0
120888,4,0
120889,4,0
120890,4,0
120891,4,0
120892,4,0
120893,4,0
120894,4,1
120895,4,0
120896,4,0
120897,4,0
120898,4,0
120899,4,0
120900,4,1
120901,4,0
120902,4,0
120903,4,0
120904,4,0
120905,4,0
120906,4,0
120907,4,0
120908,4,0
120909,4,0
120910,4,0
120911,4,0
120912,4,0
120913,4,0
120914,4,0
120915,4,0
120916,4,0
120917,4,0
120918,4,0
120919,4,0
120920,4,0
120921,4,0
120922,4,0
120923,4,0
120924,4,0
120925,4,0
120926,4,0
120927,4,1
120928,4,0
120929,4,0
120930,4,0
120931,4,0
120932,4,0
120933,4,1
120934,4,0
120935,4,0
120936,4,0
120937,4,0
120938,4,0
120939,4,1
120940,4,0
120941,4,0
120942,4,0
120943,4,0
120944,4,0
120945,4,0
120946,4,0
120947,4,0
120948,4,0
120949,4,0
120950,4,0
120951,4,0
120952,4,0
120953,4,0
120954,4,0
120955,4,0
120956,4,0
120957,4,0
120958,4,0
120959,4,0
120960,4,0
120961,4,0
120962,4,0
120963,4,0
120964,4,1
120965,4,0
120966,4,0
120967,4,0
120968,4,0
120969,4,0
120970,4,0
120971,4,0
120972,4,0
120973,4,0
120974,4,0
120975,4,0
120976,4,0
120977,4,0
120978,4,0
120979,4,0
120980,4,0
120981,4,0
120982,4,0
120983,4,0
120984,4,0
120985,4,0
120986,4,0
120987,4,0
120988,4,0
120989,4,0
120990,4,0
120991,4,0
120992,4,0
120993,4,0
120994,4,1
120995,4,0
120996,4,0
120997,4,0
120998,4,0
120999,4,0
121000,4,0
121001,4,0
121002,4,0
121003,4,0
121004,4,0
121005,4,0
121006,4,0
121007,4,0
121008,4,0
121009,4,0
121010,4,0
121011,4,0
121012,4,0
121013,4,0
121014,4,0
121015,4,0
121016,4,0
121017,4,0
121018,4,0
121019,4,0
121020,4,0
121021,4,0
121022,4,0
121023,4,0
121024,4,0
121025,4,1
121026,4,0
121027,4,0
121028,4,0
121029,4,0
121030,4,0
121031,4,0
121032,4,0
121033,4,0
121034,4,0
121035,4,0
121036,4,0
121037,4,0
121038,4,0
121039,4,0
121040,4,0
121041,4,0
121042,4,0
121043,4,0
121044,4,0
121045,4,0
121046,4,0
121047,4,0
121048,4,0
121049,4,0
121050,4,0
121051,4,0
121052,4,0
121053,4,0
121054,4,0
121055,4,0
121056,4,0
121057,4,0
121058,4,0
121059,4,0
121060,4,0
121061,4,0
121062,4,0
121063,4,0
121064,4,0
121065,4,0
121066,4,0
121067,4,1
121068,4,0
121069,4,0
121070,4,0
121071,4,0
121072,4,0
121073,4,0
121074,4,0
121075,4,0
121076,4,0
121077,4,0
121078,4,0
121079,4,0
121080,4,0
121081,4,0
121082,4,0
121083,4,0
121084,4,0
121085,4,0
121086,4,0
121087,4,0
121088,4,0
121089,4,0
121090,4,1
121091,4,0
121092,4,0
121093,4,0
121094,4,0
121095,4,0
121096,4,0
121097,4,0
121098,4,0
121099,4,0
121100,4,0
121101,4,0
121102,4,0
121103,4,0
121104,4,0
121105,4,0
121106,4,0
121107,4,0
121108,4,0
121109,4,0
121110,4,0
121111,4,0
121112,4,0
121113,4,0
121114,4,0
121115,4,0
121116,4,0
121117,4,0
121118,4,0
121119,4,0
121120,4,0
121121,4,0
121122,4,0
121123,4,0
121124,4,0
121125,4,0
121126,4,0
121127,4,0
121128,4,0
121129,4,0
121130,4,0
121131,4,0
121132,4,0
121133,4,0
121134,4,0
121135,4,0
121136,4,0
121137,4,0
121138,4,0
121139,4,0
121140,4,0
121141,4,0
121142,4,0
121143,4,0
121144,4,0
121145,4,0
121146,4,0
121147,4,0
121148,4,1
121149,4,1
121150,4,0
121151,4,0
121152,4,0
121153,4,0
121154,4,0
121155,4,0
121156,4,0
121157,4,0
121158,4,0
121159,4,0
121160,4,0
121161,4,0
121162,4,0
121163,4,0
121164,4,0
121165,4,0
121166,4,0
121167,4,0
121168,4,0
121169,4,0
121170,4,0
121171,4,0
121172,4,0
121173,4,0
121174,4,0
121175,4,0
121176,4,0
121177,4,0
121178,4,0
121179,4,0
121180,4,0
121181,4,0
121182,4,0
121183,4,0
121184,4,0
121185,4,0
121186,4,0
121187,4,1
121188,4,0
121189,4,0
121190,4,0
121191,4,0
121192,4,0
121193,4,0
121194,4,0
121195,4,0
121196,4,0
121197,4,0
121198,4,0
121199,4,0
121200,4,0
121201,4,0
121202,4,0
121203,4,0
121204,4,0
121205,4,0
121206,4,0
121207,4,0
121208,4,1
121209,4,0
121210,4,0
121211,4,0
121212,4,0
121213,4,0
121214,4,0
121215,4,0
121216,4,0
121217,4,0
121218,4,1
121219,4,0
121220,4,0
121221,4,0
121222,4,0
121223,4,0
121224,4,0
121225,4,0
121226,4,0
121227,4,0
121228,4,0
121229,4,0
121230,4,0
121231,4,0
121232,4,0
121233,4,0
121234,4,1
121235,4,0
121236,4,1
121237,4,0
121238,4,0
121239,4,0
121240,4,0
121241,4,0
121242,4,0
121243,4,0
121244,4,0
121245,4,0
121246,4,0
121247,4,0
121248,4,0
121249,4,0
121250,4,0
121251,4,0
121252,4,0
121253,4,0
121254,4,0
121255,4,0
121256,4,0
121257,4,0
121258,4,0
121259,4,0
121260,4,0
121261,4,0
121262,4,0
121263,4,0
121264,4,0
121265,4,0
121266,4,0
121267,4,0
121268,4,1
121269,4,0
121270,4,0
121271,4,0
121272,4,0
121273,4,0
121274,4,0
121275,4,0
121276,4,0
121277,4,0
121278,4,0
121279,4,0
121280,4,1
121281,4,0
121282,4,0
121283,4,0
121284,4,0
121285,4,0
121286,4,0
121287,4,0
121288,4,0
121289,4,0
121290,4,0
121291,4,0
121292,4,0
121293,4,0
121294,4,0
121295,4,0
121296,4,0
121297,4,0
121298,4,0
121299,4,0
121300,4,0
121301,4,0
121302,4,0
121303,4,0
121304,4,0
121305,4,0
121306,4,0
121307,4,0
121308,4,0
121309,4,0
121310,4,0
121311,4,0
121312,4,0
121313,4,0
121314,4,0
121315,4,0
121316,4,1
121317,4,0
121318,4,0
121319,4,0
121320,4,0
121321,4,0
121322,4,0
121323,4,1
121324,4,0
121325,4,0
121326,4,0
121327,4,0
121328,4,0
121329,4,0
121330,4,0
121331,4,0
121332,4,0
121333,4,0
121334,4,0
121335,4,0
121336,4,0
121337,4,0
121338,4,0
121339,4,0
121340,4,1
121341,4,0
121342,4,0
121343,4,0
121344,4,0
121345,4,0
121346,4,0
121347,4,0
121348,4,0
121349,4,0
121350,4,0
121351,4,0
121352,4,0
121353,4,0
121354,4,0
121355,4,0
121356,4,0
121357,4,0
121358,4,0
121359,4,0
121360,4,0
121361,4,0
121362,4,0
121363,4,0
121364,4,0
121365,4,0
121366,4,1
121367,4,0
121368,4,1
121369,4,0
121370,4,0
121371,4,1
121372,4,0
121373,4,0
121374,4,0
121375,4,1
121376,4,0
121377,4,0
121378,4,0
121379,4,0
121380,4,0
121381,4,1
121382,4,0
121383,4,0
121384,4,0
121385,4,0
121386,4,0
121387,4,0
121388,4,0
121389,4,0
121390,4,0
121391,4,0
121392,4,0
121393,4,0
121394,4,0
121395,4,0
121396,4,0
121397,4,0
121398,4,1
121399,4,0
121400,4,0
121401,4,0
121402,4,0
121403,4,0
121404,4,1
121405,4,0
121406,4,1
121407,4,0
121408,4,0
121409,4,0
121410,4,0
121411,4,0
121412,4,0
121413,4,0
121414,4,1
121415,4,0
121416,4,0
121417,4,0
121418,4,1
121419,4,0
121420,4,0
121421,4,0
121422,4,0
121423,4,0
121424,4,1
121425,4,0
121426,4,0
121427,4,0
121428,4,0
121429,4,0
121430,4,0
121431,4,0
121432,4,0
121433,4,0
121434,4,1
121435,4,0
121436,4,0
121437,4,0
121438,4,1
121439,4,0
121440,4,0
121441,4,0
121442,4,0
121443,4,0
121444,4,0
121445,4,1
121446,4,0
121447,4,1
121448,4,1
121449,4,0
121450,4,0
121451,4,0
121452,4,0
121453,4,0
121454,4,0
121455,4,0
121456,4,0
121457,4,0
121458,4,1
121459,4,1
121460,4,0
121461,4,0
121462,4,0
121463,4,0
121464,4,1
121465,4,1
121466,4,0
121467,4,0
121468,4,1
121469,4,0
121470,4,0
121471,4,0
121472,4,0
121473,4,0
121474,4,0
121475,4,0
121476,4,0
121477,4,0
121478,4,0
121479,4,0
121480,4,0
121481,4,0
121482,4,1
121483,4,0
121484,4,1
121485,4,0
121486,4,0
121487,4,1
121488,4,0
121489,4,1
121490,4,0
121491,4,0
121492,4,1
121493,4,0
121494,4,0
121495,4,0
121496,4,0
121497,4,1
121498,4,0
121499,4,1
121500,4,0
121501,4,0
121502,4,1
121503,4,1
121504,4,0
121505,4,1
121506,4,0
121507,4,0
121508,4,0
121509,4,1
121510,4,1
121511,4,0
121512,4,1
121513,4,0
121514,4,1
121515,4,1
121516,4,1
121517,4,0
121518,4,0
121519,4,0
121520,4,0
121521,4,0
121522,4,0
121523,4,1
121524,4,1
121525,4,0
121526,4,0
121527,4,1
121528,4,1
121529,4,0
121530,4,1
121531,4,1
121532,4,0
121533,4,0
121534,4,1
121535,4,0
121536,4,1
121537,4,0
121538,4,0
121539,4,0
121540,4,0
121541,4,0
121542,4,0
121543,4,1
121544,4,1
121545,4,1
121546,4,1
121547,4,1
121548,4,1
121549,4,1
121550,4,1
121551,4,0
121552,4,1
121553,4,1
121554,4,0
121555,4,1
121556,4,0
121557,4,0
121558,4,1
121559,4,0
121560,4,1
121561,4,1
121562,4,1
121563,4,0
121564,4,0
121565,4,0
121566,4,1
121567,4,0
121568,4,1
121569,4,0
121570,4,0
121571,4,1
121572,4,1
121573,4,0
121574,4,0
121575,4,1
121576,4,1
121577,4,0
121578,4,1
121579,4,0
121580,4,0
121581,4,1
121582,4,1
121583,4,0
121584,4,0
121585,4,0
121586,4,1
121587,4,1
121588,4,0
121589,4,1
121590,4,1
121591,4,1
121592,4,1
121593,4,1
121594,4,0
121595,4,1
121596,4,0
121597,4,0
121598,4,1
121599,4,1
121600,4,1
121601,4,1
121602,4,0
121603,4,1
121604,4,1
121605,4,1
121606,4,1
121607,4,1
121608,4,0
121609,4,1
121610,4,0
121611,4,1
121612,4,1
121613,4,1
121614,4,1
121615,4,1
121616,4,1
121617,4,1
121618,4,1
121619,4,1
121620,4,1
121621,4,1
121622,4,1
121623,4,1
121624,4,1
121625,4,1
121626,4,1
121627,4,1
121628,4,1
121629,4,1
121630,4,1
121631,4,1
121632,4,1
121633,4,1
121634,4,1
121635,4,1
121636,4,1
121637,4,1
121638,4,1
121639,4,1
121640,4,1
121641,4,1
121642,4,1
121643,4,1
121644,4,1
121645,4,1
121646,4,1
121647,4,1
121648,4,1
121649,4,1
121650,4,1
121651,4,1
121652,4,1
121653,4,1
121654,4,1
121655,4,1
121656,4,1
121657,4,1
121658,4,1
121659,4,1
121660,4,1
121661,4,1
121662,4,1
121663,4,1
121664,4,1
121665,4,1
121666,4,1
121667,4,1
121668,4,1
121669,4,1
121670,4,1
121671,4,1
121672,4,1
121673,4,0
121674,4,1
121675,4,1
121676,4,1
121677,4,1
121678,4,1
121679,4,1
121680,4,1
121681,4,1
121682,4,1
121683,4,1
121684,4,1
121685,4,1
121686,4,1
121687,4,1
121688,4,1
121689,4,1
121690,4,1
121691,4,1
121692,4,1
121693,4,1
121694,4,1
121695,4,1
121696,4,1
121697,4,1
121698,4,1
121699,4,1
121700,4,1
121701,4,1
121702,4,1
121703,4,1
121704,4,1
121705,4,1
121706,4,1
121707,4,1
121708,4,1
121709,4,1
121710,4,1
121711,4,1
121712,4,1
121713,4,1
121714,4,1
121715,4,1
121716,4,1
121717,4,1
121718,4,0
121719,4,1
121720,4,1
121721,4,1
121722,4,1
121723,4,1
121724,4,1
121725,4,1
121726,4,1
121727,4,0
121728,4,1
121729,4,1
121730,4,1
121731,4,0
121732,4,1
121733,4,1
121734,4,1
121735,4,1
121736,4,1
121737,4,1
121738,4,1
121739,4,1
121740,4,1
121741,4,1
121742,4,1
121743,4,0
121744,4,0
121745,4,1
121746,4,1
121747,4,0
121748,4,1
121749,4,1
121750,4,1
121751,4,1
121752,4,0
121753,4,1
121754,4,1
121755,4,1
121756,4,1
121757,4,1
121758,4,1
121759,4,1
121760,4,1
121761,4,1
121762,4,1
121763,4,1
121764,4,0
121765,4,0
121766,4,1
121767,4,1
121768,4,1
121769,4,0
121770,4,1
121771,4,1
121772,4,0
121773,4,1
121774,4,0
121775,4,0
121776,4,0
121777,4,0
121778,4,0
121779,4,0
121780,4,1
121781,4,1
121782,4,0
121783,4,1
121784,4,1
121785,4,1
121786,4,1
121787,4,1
121788,4,0
121789,4,1
121790,4,1
121791,4,1
121792,4,1
121793,4,0
121794,4,1
121795,4,0
121796,4,0
121797,4,1
121798,4,0
121799,4,0
121800,4,1
121801,4,1
121802,4,1
121803,4,0
121804,4,0
121805,4,1
121806,4,0
121807,4,0
121808,4,0
121809,4,0
121810,4,0
121811,4,0
121812,4,0
121813,4,0
121814,4,0
121815,4,0
121816,4,0
121817,4,1
121818,4,0
121819,4,0
121820,4,0
121821,4,1
121822,4,0
121823,4,0
121824,4,0
121825,4,0
121826,4,0
121827,4,0
121828,4,0
121829,4,0
121830,4,1
121831,4,1
121832,4,1
121833,4,1
121834,4,0
121835,4,1
121836,4,0
121837,4,0
121838,4,0
121839,4,0
121840,4,0
121841,4,0
121842,4,0
121843,4,0
121844,4,1
121845,4,0
121846,4,1
121847,4,0
121848,4,1
121849,4,0
121850,4,0
121851,4,0
121852,4,0
121853,4,0
121854,4,0
121855,4,0
121856,4,0
121857,4,0
121858,4,0
121859,4,0
121860,4,1
121861,4,0
121862,4,1
121863,4,0
121864,4,0
121865,4,0
121866,4,0
121867,4,1
121868,4,1
121869,4,0
121870,4,0
121871,4,0
121872,4,0
121873,4,1
121874,4,0
121875,4,0
121876,4,1
121877,4,1
121878,4,0
121879,4,0
121880,4,0
121881,4,1
121882,4,0
121883,4,0
121884,4,0
121885,4,0
121886,4,0
121887,4,0
121888,4,1
121889,4,1
121890,4,0
121891,4,0
121892,4,0
121893,4,1
121894,4,0
121895,4,0
121896,4,0
121897,4,1
121898,4,0
121899,4,0
121900,4,0
121901,4,0
121902,4,0
121903,4,0
121904,4,0
121905,4,0
121906,4,0
121907,4,1
121908,4,0
121909,4,0
121910,4,1
121911,4,0
121912,4,0
121913,4,1
121914,4,0
121915,4,1
121916,4,0
121917,4,0
121918,4,0
121919,4,1
121920,4,0
121921,4,0
121922,4,1
121923,4,1
121924,4,0
121925,4,1
121926,4,0
121927,4,1
121928,4,0
121929,4,0
121930,4,0
121931,4,0
121932,4,1
121933,4,0
121934,4,0
121935,4,0
121936,4,0
121937,4,0
121938,4,1
121939,4,0
121940,4,0
121941,4,0
121942,4,0
121943,4,0
121944,4,0
121945,4,0
121946,4,0
121947,4,0
121948,4,1
121949,4,0
121950,4,0
121951,4,0
121952,4,0
121953,4,0
121954,4,0
121955,4,0
121956,4,0
121957,4,0
121958,4,0
121959,4,0
121960,4,1
121961,4,1
121962,4,1
121963,4,0
121964,4,0
121965,4,1
121966,4,0
121967,4,0
121968,4,1
121969,4,1
121970,4,0
121971,4,0
121972,4,0
121973,4,0
121974,4,0
121975,4,0
121976,4,0
121977,4,0
121978,4,0
121979,4,0
121980,4,0
121981,4,0
121982,4,0
121983,4,0
121984,4,0
121985,4,1
121986,4,1
121987,4,0
121988,4,0
121989,4,0
121990,4,0
121991,4,0
121992,4,0
121993,4,0
121994,4,1
121995,4,0
121996,4,0
121997,4,0
121998,4,0
121999,4,0
122000,4,0
122001,4,1
122002,4,1
122003,4,0
122004,4,0
122005,4,0
122006,4,0
122007,4,0
122008,4,0
122009,4,1
122010,4,0
122011,4,0
122012,4,0
122013,4,0
122014,4,1
122015,4,0
122016,4,0
122017,4,1
122018,4,0
122019,4,0
122020,4,0
122021,4,0
122022,4,1
122023,4,0
122024,4,0
122025,4,0
122026,4,0
122027,4,0
122028,4,0
122029,4,0
122030,4,0
122031,4,0
122032,4,0
122033,4,0
122034,4,0
122035,4,0
122036,4,0
122037,4,0
122038,4,0
122039,4,0
122040,4,0
122041,4,0
122042,4,0
122043,4,0
122044,4,1
122045,4,0
122046,4,0
122047,4,0
122048,4,0
122049,4,0
122050,4,0
122051,4,1
122052,4,0
122053,4,0
122054,4,0
122055,4,0
122056,4,0
122057,4,0
122058,4,0
122059,4,1
122060,4,0
122061,4,1
122062,4,0
122063,4,0
122064,4,0
122065,4,0
122066,4,0
122067,4,0
122068,4,0
122069,4,0
122070,4,0
122071,4,0
122072,4,0
122073,4,0
122074,4,0
122075,4,0
122076,4,0
122077,4,0
122078,4,0
122079,4,0
122080,4,0
122081,4,0
122082,4,0
122083,4,1
122084,4,0
122085,4,1
122086,4,0
122087,4,1
122088,4,0
122089,4,0
122090,4,0
122091,4,0
122092,4,0
122093,4,0
122094,4,0
122095,4,0
122096,4,0
122097,4,0
122098,4,0
122099,4,0
122100,4,0
122101,4,0
122102,4,0
122103,4,1
122104,4,0
122105,4,0
122106,4,0
122107,4,0
122108,4,0
122109,4,0
122110,4,0
122111,4,0
122112,4,0
122113,4,0
122114,4,0
122115,4,1
122116,4,0
122117,4,0
122118,4,0
122119,4,0
122120,4,0
122121,4,0
122122,4,0
122123,4,0
122124,4,0
122125,4,0
122126,4,0
122127,4,0
122128,4,1
122129,4,0
122130,4,0
122131,4,0
122132,4,0
122133,4,0
122134,4,1
122135,4,0
122136,4,0
122137,4,0
122138,4,0
122139,4,0
122140,4,0
122141,4,0
122142,4,0
122143,4,1
122144,4,0
122145,4,0
122146,4,0
122147,4,0
122148,4,0
122149,4,0
122150,4,0
122151,4,1
122152,4,0
122153,4,0
122154,4,0
122155,4,0
122156,4,0
122157,4,1
122158,4,1
122159,4,0
122160,4,1
122161,4,0
122162,4,0
122163,4,1
122164,4,1
122165,4,0
122166,4,0
122167,4,0
122168,4,1
122169,4,0
122170,4,0
122171,4,0
122172,4,0
122173,4,0
122174,4,0
122175,4,0
122176,4,0
122177,4,0
122178,4,0
122179,4,0
122180,4,1
122181,4,0
122182,4,0
122183,4,0
122184,4,0
122185,4,0
122186,4,0
122187,4,1
122188,4,0
122189,4,0
122190,4,0
122191,4,0
122192,4,0
122193,4,0
122194,4,0
122195,4,0
122196,4,0
122197,4,0
122198,4,1
122199,4,1
122200,4,1
122201,4,1
122202,4,0
122203,4,0
122204,4,0
122205,4,0
122206,4,0
122207,4,0
122208,4,0
122209,4,0
122210,4,1
122211,4,0
122212,4,0
122213,4,1
122214,4,0
122215,4,0
122216,4,0
122217,4,0
122218,4,0
122219,4,0
122220,4,1
122221,4,0
122222,4,0
122223,4,1
122224,4,0
122225,4,0
122226,4,0
122227,4,0
122228,4,0
122229,4,0
122230,4,0
122231,4,0
122232,4,0
122233,4,0
122234,4,0
122235,4,0
122236,4,0
122237,4,0
122238,4,1
122239,4,1
122240,4,0
122241,4,0
122242,4,0
122243,4,0
122244,4,0
122245,4,0
122246,4,0
122247,4,1
122248,4,1
122249,4,0
122250,4,0
122251,4,0
122252,4,0
122253,4,0
122254,4,1
122255,4,0
122256,4,0
122257,4,1
122258,4,0
122259,4,0
122260,4,0
122261,4,1
122262,4,0
122263,4,1
122264,4,0
122265,4,0
122266,4,1
122267,4,1
122268,4,0
122269,4,0
122270,4,0
122271,4,1
122272,4,0
122273,4,0
122274,4,0
122275,4,0
122276,4,0
122277,4,0
122278,4,0
122279,4,0
122280,4,0
122281,4,1
122282,4,0
122283,4,0
122284,4,0
122285,4,0
122286,4,0
122287,4,1
122288,4,1
122289,4,1
122290,4,1
122291,4,0
122292,4,0
122293,4,0
122294,4,1
122295,4,1
122296,4,0
122297,4,0
122298,4,0
122299,4,0
122300,4,0
122301,4,0
122302,4,0
122303,4,0
122304,4,1
122305,4,0
122306,4,0
122307,4,0
122308,4,0
122309,4,1
122310,4,0
122311,4,1
122312,4,0
122313,4,0
122314,4,0
122315,4,0
122316,4,1
122317,4,1
122318,4,1
122319,4,0
122320,4,0
122321,4,0
122322,4,0
122323,4,1
122324,4,0
122325,4,0
122326,4,0
122327,4,0
122328,4,0
122329,4,0
122330,4,0
122331,4,0
122332,4,0
122333,4,0
122334,4,1
122335,4,1
122336,4,1
122337,4,1
122338,4,0
122339,4,0
122340,4,0
122341,4,0
122342,4,1
122343,4,1
122344,4,0
122345,4,0
122346,4,0
122347,4,0
122348,4,0
122349,4,1
122350,4,0
122351,4,0
122352,4,0
122353,4,1
122354,4,0
122355,4,0
122356,4,0
122357,4,0
122358,4,0
122359,4,0
122360,4,0
122361,4,1
122362,4,0
122363,4,1
122364,4,1
122365,4,0
122366,4,0
122367,4,1
122368,4,1
122369,4,0
122370,4,1
122371,4,1
122372,4,1
122373,4,0
122374,4,1
122375,4,0
122376,4,0
122377,4,1
122378,4,1
122379,4,1
122380,4,0
122381,4,1
122382,4,1
122383,4,0
122384,4,0
122385,4,0
122386,4,0
122387,4,0
122388,4,0
122389,4,0
122390,4,0
122391,4,0
122392,4,1
122393,4,0
122394,4,1
122395,4,0
122396,4,1
122397,4,0
122398,4,0
122399,4,0
122400,4,0
122401,4,1
122402,4,1
122403,4,1
122404,4,1
122405,4,1
122406,4,0
122407,4,1
122408,4,0
122409,4,0
122410,4,1
122411,4,0
122412,4,0
122413,4,1
122414,4,0
122415,4,0
122416,4,1
122417,4,1
122418,4,1
122419,4,1
122420,4,0
122421,4,1
122422,4,1
122423,4,0
122424,4,1
122425,4,0
122426,4,1
122427,4,1
122428,4,0
122429,4,0
122430,4,1
122431,4,1
122432,4,1
122433,4,1
122434,4,1
122435,4,1
122436,4,0
122437,4,1
122438,4,1
122439,4,0
122440,4,1
122441,4,1
122442,4,1
122443,4,1
122444,4,1
122445,4,1
122446,4,0
122447,4,1
122448,4,0
122449,4,1
122450,4,1
122451,4,1
122452,4,1
122453,4,0
122454,4,1
122455,4,1
122456,4,1
122457,4,1
122458,4,1
122459,4,1
122460,4,1
122461,4,1
122462,4,1
122463,4,1
122464,4,1
122465,4,1
122466,4,1
122467,4,1
122468,4,1
122469,4,1
122470,4,1
122471,4,1
122472,4,1
122473,4,1
122474,4,1
122475,4,0
122476,4,1
122477,4,1
122478,4,1
122479,4,1
122480,4,1
122481,4,1
122482,4,1
122483,4,1
122484,4,1
122485,4,1
122486,4,1
122487,4,0
122488,4,1
122489,4,1
122490,4,1
122491,4,1
122492,4,1
122493,4,1
122494,4,1
122495,4,1
122496,4,1
122497,4,1
122498,4,1
122499,4,0
122500,4,1
122501,4,1
122502,4,1
122503,4,1
122504,4,0
122505,4,0
122506,4,0
122507,4,0
122508,4,1
122509,4,1
122510,4,0
122511,4,1
122512,4,1
122513,4,1
122514,4,0
122515,4,0
122516,4,0
122517,4,0
122518,4,0
122519,4,0
122520,4,1
122521,4,0
122522,4,0
122523,4,1
122524,4,0
122525,4,0
122526,4,0
122527,4,1
122528,4,1
122529,4,1
122530,4,1
122531,4,0
122532,4,1
122533,4,1
122534,4,0
122535,4,1
122536,4,1
122537,4,1
122538,4,0
122539,4,0
122540,4,0
122541,4,0
122542,4,0
122543,4,1
122544,4,0
122545,4,0
122546,4,1
122547,4,1
122548,4,0
122549,4,0
122550,4,1
122551,4,0
122552,4,1
122553,4,1
122554,4,0
122555,4,1
122556,4,0
122557,4,0
122558,4,0
122559,4,1
122560,4,0
122561,4,0
122562,4,1
122563,4,0
122564,4,0
122565,4,0
122566,4,0
122567,4,0
122568,4,0
122569,4,1
122570,4,0
122571,4,1
122572,4,0
122573,4,0
122574,4,0
122575,4,0
122576,4,0
122577,4,0
122578,4,0
122579,4,1
122580,4,0
122581,4,0
122582,4,1
122583,4,1
122584,4,0
122585,4,0
122586,4,0
122587,4,0
122588,4,0
122589,4,0
122590,4,1
122591,4,1
122592,4,0
122593,4,0
122594,4,1
122595,4,0
122596,4,1
122597,4,1
122598,4,0
122599,4,0
122600,4,1
122601,4,0
122602,4,0
122603,4,1
122604,4,1
122605,4,1
122606,4,1
122607,4,0
122608,4,0
122609,4,1
122610,4,1
122611,4,0
122612,4,0
122613,4,0
122614,4,1
122615,4,1
122616,4,1
122617,4,1
122618,4,1
122619,4,0
122620,4,0
122621,4,1
122622,4,1
122623,4,1
122624,4,1
122625,4,0
122626,4,1
122627,4,1
122628,4,1
122629,4,1
122630,4,1
122631,4,1
122632,4,1
122633,4,1
122634,4,1
122635,4,1
122636,4,1
122637,4,1
122638,4,1
122639,4,1
122640,4,1
122641,4,1
122642,4,1
122643,4,1
122644,4,1
122645,4,0
122646,4,0
122647,4,0
122648,4,0
122649,4,0
122650,4,0
122651,4,1
122652,4,1
122653,4,0
122654,4,0
122655,4,1
122656,4,0
122657,4,1
122658,4,1
122659,4,0
122660,4,0
122661,4,0
122662,4,1
122663,4,0
122664,4,1
122665,4,1
122666,4,0
122667,4,1
122668,4,0
122669,4,0
122670,4,1
122671,4,0
122672,4,1
122673,4,0
122674,4,1
122675,4,0
122676,4,0
122677,4,0
122678,4,1
122679,4,0
122680,4,0
122681,4,0
122682,4,0
122683,4,0
122684,4,0
122685,4,0
122686,4,0
122687,4,0
122688,4,1
122689,4,0
122690,4,0
122691,4,0
122692,4,0
122693,4,0
122694,4,0
122695,4,0
122696,4,0
122697,4,1
122698,4,0
122699,4,0
122700,4,1
122701,4,0
122702,4,0
122703,4,0
122704,4,0
122705,4,0
122706,4,0
122707,4,1
122708,4,0
122709,4,0
122710,4,0
122711,4,0
122712,4,0
122713,4,0
122714,4,1
122715,4,0
122716,4,0
122717,4,0
122718,4,0
122719,4,0
122720,4,0
122721,4,0
122722,4,0
122723,4,0
122724,4,0
122725,4,0
122726,4,0
122727,4,0
122728,4,0
122729,4,0
122730,4,0
122731,4,0
122732,4,1
122733,4,0
122734,4,0
122735,4,0
122736,4,0
122737,4,0
122738,4,0
122739,4,0
122740,4,0
122741,4,0
122742,4,0
122743,4,0
122744,4,0
122745,4,0
122746,4,0
122747,4,0
122748,4,1
122749,4,0
122750,4,0
122751,4,0
122752,4,0
122753,4,1
122754,4,0
122755,4,0
122756,4,0
122757,4,0
122758,4,0
122759,4,0
122760,4,0
122761,4,0
122762,4,0
122763,4,0
122764,4,1
122765,4,0
122766,4,0
122767,4,0
122768,4,0
122769,4,0
122770,4,0
122771,4,1
122772,4,0
122773,4,0
122774,4,0
122775,4,0
122776,4,0
122777,4,0
122778,4,0
122779,4,0
122780,4,0
122781,4,0
122782,4,1
122783,4,1
122784,4,0
122785,4,1
122786,4,0
122787,4,0
122788,4,1
122789,4,0
122790,4,1
122791,4,0
122792,4,0
122793,4,1
122794,4,0
122795,4,0
122796,4,0
122797,4,0
122798,4,0
122799,4,0
122800,4,0
122801,4,1
122802,4,0
122803,4,0
122804,4,0
122805,4,0
122806,4,1
122807,4,1
122808,4,0
122809,4,0
122810,4,1
122811,4,0
122812,4,0
122813,4,1
122814,4,1
122815,4,1
122816,4,1
122817,4,0
122818,4,0
122819,4,1
122820,4,1
122821,4,0
122822,4,1
122823,4,1
122824,4,1
122825,4,1
122826,4,0
122827,4,0
122828,4,0
122829,4,1
122830,4,0
122831,4,1
122832,4,1
122833,4,1
122834,4,1
122835,4,1
122836,4,1
122837,4,0
122838,4,0
122839,4,1
122840,4,0
122841,4,1
122842,4,1
122843,4,1
122844,4,0
122845,4,1
122846,4,0
122847,4,0
122848,4,0
122849,4,1
122850,4,1
122851,4,1
122852,4,1
122853,4,0
122854,4,0
122855,4,0
122856,4,1
122857,4,1
122858,4,0
122859,4,1
122860,4,0
122861,4,0
122862,4,1
122863,4,0
122864,4,1
122865,4,1
122866,4,1
122867,4,0
122868,4,1
122869,4,1
122870,4,1
122871,4,1
122872,4,1
122873,4,1
122874,4,1
122875,4,1
122876,4,1
122877,4,1
122878,4,1
122879,4,1
122880,4,1
122881,4,0
122882,4,1
122883,4,1
122884,4,1
122885,4,0
122886,4,1
122887,4,1
122888,4,1
122889,4,1
122890,4,1
122891,4,1
122892,4,1
122893,4,1
122894,4,1
122895,4,1
122896,4,1
122897,4,1
122898,4,1
122899,4,1
122900,4,1
122901,4,0
122902,4,0
122903,4,1
122904,4,0
122905,4,0
122906,4,0
122907,4,0
122908,4,0
122909,4,0
122910,4,0
122911,4,0
122912,4,0
122913,4,0
122914,4,0
122915,4,0
122916,4,0
122917,4,0
122918,4,0
122919,4,0
122920,4,0
122921,4,0
122922,4,0
122923,4,1
122924,4,0
122925,4,0
122926,4,0
122927,4,0
122928,4,0
122929,4,0
122930,4,0
122931,4,0
122932,4,0
122933,4,0
122934,4,0
122935,4,0
122936,4,0
122937,4,1
122938,4,0
122939,4,0
122940,4,0
122941,4,0
122942,4,0
122943,4,0
122944,4,0
122945,4,0
122946,4,0
122947,4,0
122948,4,0
122949,4,0
122950,4,0
122951,4,0
122952,4,0
122953,4,0
122954,4,0
122955,4,0
122956,4,0
122957,4,0
122958,4,0
122959,4,0
122960,4,0
122961,4,0
122962,4,0
122963,4,0
122964,4,0
122965,4,0
122966,4,0
122967,4,0
122968,4,0
122969,4,0
122970,4,0
122971,4,0
122972,4,0
122973,4,0
122974,4,0
122975,4,0
122976,4,0
122977,4,0
122978,4,0
122979,4,0
122980,4,0
122981,4,0
122982,4,0
122983,4,0
122984,4,1
122985,4,0
122986,4,0
122987,4,0
122988,4,0
122989,4,0
122990,4,0
122991,4,0
122992,4,0
122993,4,0
122994,4,0
122995,4,0
122996,4,0
122997,4,0
122998,4,0
122999,4,0
123000,4,0
123001,4,1
123002,4,1
123003,4,0
123004,4,0
123005,4,0
123006,4,0
123007,4,0
123008,4,0
123009,4,0
123010,4,0
123011,4,0
123012,4,0
123013,4,0
123014,4,0
123015,4,0
123016,4,0
123017,4,0
123018,4,0
123019,4,0
123020,4,0
123021,4,0
123022,4,0
123023,4,0
123024,4,0
123025,4,0
123026,4,0
123027,4,0
123028,4,0
123029,4,0
123030,4,0
123031,4,0
123032,4,0
123033,4,0
123034,4,0
123035,4,0
123036,4,0
123037,4,0
123038,4,0
123039,4,0
123040,4,0
123041,4,0
123042,4,0
123043,4,0
123044,4,0
123045,4,1
123046,4,0
123047,4,0
123048,4,0
123049,4,0
123050,4,0
123051,4,0
123052,4,0
123053,4,0
123054,4,0
123055,4,0
123056,4,0
123057,4,0
123058,4,0
123059,4,0
123060,4,0
123061,4,0
123062,4,0
123063,4,0
123064,4,0
123065,4,0
123066,4,0
123067,4,0
123068,4,0
123069,4,0
123070,4,0
123071,4,0
123072,4,0
123073,4,0
123074,4,0
123075,4,0
123076,4,0
123077,4,0
123078,4,0
123079,4,0
123080,4,0
123081,4,0
123082,4,0
123083,4,0
123084,4,0
123085,4,0
123086,4,0
123087,4,0
123088,4,0
123089,4,0
123090,4,0
123091,4,0
123092,4,0
123093,4,0
123094,4,0
123095,4,0
123096,4,0
123097,4,0
123098,4,0
123099,4,0
123100,4,0
123101,4,0
123102,4,0
123103,4,0
123104,4,0
123105,4,0
123106,4,0
123107,4,0
123108,4,0
123109,4,0
123110,4,0
123111,4,0
123112,4,0
123113,4,0
123114,4,0
123115,4,0
123116,4,0
123117,4,0
123118,4,0
123119,4,0
123120,4,0
123121,4,0
123122,4,0
123123,4,0
123124,4,0
123125,4,0
123126,4,0
123127,4,0
123128,4,0
123129,4,0
123130,4,0
123131,4,1
123132,4,0
123133,4,0
123134,4,0
123135,4,0
123136,4,0
123137,4,0
123138,4,0
123139,4,0
123140,4,1
123141,4,0
123142,4,0
123143,4,0
123144,4,0
123145,4,0
123146,4,0
123147,4,0
123148,4,0
123149,4,0
123150,4,0
123151,4,0
123152,4,0
123153,4,0
123154,4,0
123155,4,1
123156,4,0
123157,4,0
123158,4,0
123159,4,0
123160,4,0
123161,4,0
123162,4,0
123163,4,0
123164,4,0
123165,4,0
123166,4,1
123167,4,0
123168,4,0
123169,4,0
123170,4,0
123171,4,0
123172,4,0
123173,4,0
123174,4,0
123175,4,0
123176,4,0
123177,4,0
123178,4,0
123179,4,0
123180,4,1
123181,4,0
123182,4,0
123183,4,0
123184,4,0
123185,4,0
123186,4,0
123187,4,0
123188,4,0
123189,4,0
123190,4,0
123191,4,0
123192,4,0
123193,4,0
123194,4,0
123195,4,0
123196,4,0
123197,4,0
123198,4,0
123199,4,0
123200,4,0
123201,4,1
123202,4,0
123203,4,0
123204,4,0
123205,4,0
123206,4,0
123207,4,0
123208,4,0
123209,4,0
123210,4,0
123211,4,0
123212,4,0
123213,4,0
123214,4,0
123215,4,0
123216,4,0
123217,4,0
123218,4,0
123219,4,0
123220,4,1
123221,4,0
123222,4,1
123223,4,0
123224,4,0
123225,4,0
123226,4,1
123227,4,1
123228,4,0
123229,4,1
123230,4,1
123231,4,0
123232,4,0
123233,4,0
123234,4,0
123235,4,0
123236,4,0
123237,4,1
123238,4,1
123239,4,0
123240,4,1
123241,4,0
123242,4,0
123243,4,0
123244,4,1
123245,4,0
123246,4,1
123247,4,0
123248,4,0
123249,4,0
123250,4,1
123251,4,1
123252,4,1
123253,4,0
123254,4,0
123255,4,1
123256,4,1
123257,4,1
123258,4,1
123259,4,1
123260,4,1
123261,4,1
123262,4,0
123263,4,1
123264,4,0
123265,4,0
123266,4,0
123267,4,0
123268,4,0
123269,4,1
123270,4,0
123271,4,1
123272,4,1
123273,4,0
123274,4,0
123275,4,0
123276,4,0
123277,4,0
123278,4,0
123279,4,0
123280,4,1
123281,4,0
123282,4,0
123283,4,0
123284,4,0
123285,4,0
123286,4,1
123287,4,1
123288,4,0
123289,4,0
123290,4,0
123291,4,0
123292,4,1
123293,4,0
123294,4,0
123295,4,0
123296,4,1
123297,4,1
123298,4,1
123299,4,0
123300,4,0
123301,4,0
123302,4,0
123303,4,1
123304,4,1
123305,4,0
123306,4,0
123307,4,0
123308,4,0
123309,4,0
123310,4,1
123311,4,1
123312,4,1
123313,4,0
123314,4,0
123315,4,1
123316,4,0
123317,4,0
123318,4,1
123319,4,0
123320,4,0
123321,4,0
123322,4,0
123323,4,0
123324,4,0
123325,4,0
123326,4,0
123327,4,0
123328,4,1
123329,4,1
123330,4,0
123331,4,1
123332,4,0
123333,4,0
123334,4,0
123335,4,0
123336,4,0
123337,4,1
123338,4,0
123339,4,0
123340,4,0
123341,4,1
123342,4,0
123343,4,0
123344,4,0
123345,4,0
123346,4,0
123347,4,0
123348,4,0
123349,4,0
123350,4,0
123351,4,0
123352,4,1
123353,4,0
123354,4,0
123355,4,0
123356,4,0
123357,4,0
123358,4,1
123359,4,1
123360,4,0
123361,4,0
123362,4,0
123363,4,0
123364,4,0
123365,4,0
123366,4,0
123367,4,0
123368,4,0
123369,4,0
123370,4,0
123371,4,0
123372,4,0
123373,4,0
123374,4,1
123375,4,0
123376,4,0
123377,4,0
123378,4,0
123379,4,1
123380,4,1
123381,4,0
123382,4,0
123383,4,1
123384,4,0
123385,4,0
123386,4,0
123387,4,1
123388,4,1
123389,4,0
123390,4,1
123391,4,1
123392,4,0
123393,4,1
123394,4,1
123395,4,0
123396,4,0
123397,4,1
123398,4,0
123399,4,0
123400,4,1
123401,4,1
123402,4,1
123403,4,0
123404,4,1
123405,4,1
123406,4,0
123407,4,0
123408,4,0
123409,4,0
123410,4,1
123411,4,0
123412,4,1
123413,4,1
123414,4,0
123415,4,0
123416,4,1
123417,4,1
123418,4,1
123419,4,1
123420,4,0
123421,4,0
123422,4,1
123423,4,1
123424,4,1
123425,4,1
123426,4,0
123427,4,1
123428,4,1
123429,4,1
123430,4,1
123431,4,1
123432,4,1
123433,4,1
123434,4,1
123435,4,1
123436,4,1
123437,4,1
123438,4,1
123439,4,1
123440,4,0
123441,4,1
123442,4,0
123443,4,0
123444,4,1
123445,4,0
123446,4,1
123447,4,0
123448,4,1
123449,4,0
123450,4,0
123451,4,0
123452,4,0
123453,4,0
123454,4,0
123455,4,0
123456,4,0
123457,4,0
123458,4,0
123459,4,0
123460,4,0
123461,4,0
123462,4,1
123463,4,0
123464,4,0
123465,4,1
123466,4,0
123467,4,0
123468,4,0
123469,4,0
123470,4,0
123471,4,0
123472,4,1
123473,4,0
123474,4,0
123475,4,0
123476,4,1
123477,4,0
123478,4,0
123479,4,0
123480,4,1
123481,4,0
123482,4,0
123483,4,0
123484,4,0
123485,4,0
123486,4,0
123487,4,0
123488,4,0
123489,4,0
123490,4,0
123491,4,0
123492,4,1
123493,4,1
123494,4,0
123495,4,0
123496,4,0
123497,4,1
123498,4,1
123499,4,1
123500,4,0
123501,4,0
123502,4,0
123503,4,1
123504,4,0
123505,4,0
123506,4,0
123507,4,0
123508,4,0
123509,4,0
123510,4,0
123511,4,1
123512,4,0
123513,4,0
123514,4,0
123515,4,0
123516,4,0
123517,4,0
123518,4,1
123519,4,0
123520,4,0
123521,4,0
123522,4,1
123523,4,0
123524,4,0
123525,4,0
123526,4,1
123527,4,0
123528,4,0
123529,4,0
123530,4,0
123531,4,0
123532,4,0
123533,4,0
123534,4,0
123535,4,0
123536,4,0
123537,4,0
123538,4,0
123539,4,1
123540,4,0
123541,4,0
123542,4,1
123543,4,0
123544,4,0
123545,4,0
123546,4,0
123547,4,0
123548,4,0
123549,4,0
123550,4,0
123551,4,0
123552,4,1
123553,4,1
123554,4,1
123555,4,1
123556,4,0
123557,4,0
123558,4,1
123559,4,0
123560,4,0
123561,4,1
123562,4,1
123563,4,0
123564,4,0
123565,4,0
123566,4,1
123567,4,1
123568,4,1
123569,4,0
123570,4,0
123571,4,0
123572,4,1
123573,4,0
123574,4,0
123575,4,0
123576,4,1
123577,4,0
123578,4,0
123579,4,0
123580,4,1
123581,4,0
123582,4,0
123583,4,1
123584,4,0
123585,4,1
123586,4,0
123587,4,0
123588,4,1
123589,4,0
123590,4,0
123591,4,0
123592,4,1
123593,4,0
123594,4,1
123595,4,1
123596,4,1
123597,4,0
123598,4,1
123599,4,1
123600,4,1
123601,4,1
123602,4,1
123603,4,0
123604,4,1
123605,4,1
123606,4,1
123607,4,1
123608,4,1
123609,4,1
123610,4,1
123611,4,1
123612,4,1
123613,4,1
123614,4,1
123615,4,1
123616,4,1
123617,4,1
123618,4,1
123619,4,1
123620,4,1
123621,4,0
123622,4,1
123623,4,0
123624,4,1
123625,4,1
123626,4,1
123627,4,0
123628,4,1
123629,4,1
123630,4,1
123631,4,1
123632,4,1
123633,4,1
123634,4,1
123635,4,0
123636,4,1
123637,4,0
123638,4,1
123639,4,1
123640,4,1
123641,4,1
123642,4,1
123643,4,1
123644,4,1
123645,4,1
123646,4,1
123647,4,1
123648,4,1
123649,4,0
123650,4,1
123651,4,1
123652,4,1
123653,4,0
123654,4,1
123655,4,1
123656,4,1
123657,4,1
123658,4,1
123659,4,1
123660,4,1
123661,4,1
123662,4,0
123663,4,1
123664,4,0
123665,4,1
123666,4,1
123667,4,0
123668,4,1
123669,4,1
123670,4,1
123671,4,1
123672,4,1
123673,4,1
123674,4,0
123675,4,1
123676,4,0
123677,4,0
123678,4,1
123679,4,0
123680,4,1
123681,4,1
123682,4,0
123683,4,1
123684,4,1
123685,4,1
123686,4,1
123687,4,1
123688,4,1
123689,4,1
123690,4,1
123691,4,0
123692,4,1
123693,4,0
123694,4,1
123695,4,1
123696,4,1
123697,4,1
123698,4,1
123699,4,0
123700,4,1
123701,4,0
123702,4,1
123703,4,1
123704,4,0
123705,4,1
123706,4,0
123707,4,1
123708,4,1
123709,4,0
123710,4,1
123711,4,1
123712,4,0
123713,4,1
123714,4,1
123715,4,1
123716,4,1
123717,4,0
123718,4,1
123719,4,1
123720,4,1
123721,4,0
123722,4,0
123723,4,1
123724,4,0
123725,4,1
123726,4,0
123727,4,0
123728,4,0
123729,4,1
123730,4,0
123731,4,1
123732,4,0
123733,4,0
123734,4,1
123735,4,0
123736,4,1
123737,4,1
123738,4,1
123739,4,0
123740,4,0
123741,4,0
123742,4,0
123743,4,1
123744,4,0
123745,4,0
123746,4,1
123747,4,1
123748,4,1
123749,4,0
123750,4,0
123751,4,1
123752,4,1
123753,4,0
123754,4,0
123755,4,0
123756,4,1
123757,4,0
123758,4,0
123759,4,1
123760,4,0
123761,4,0
123762,4,0
123763,4,0
123764,4,1
123765,4,0
123766,4,1
123767,4,1
123768,4,0
123769,4,0
123770,4,0
123771,4,1
123772,4,1
123773,4,0
123774,4,1
123775,4,1
123776,4,0
123777,4,1
123778,4,1
123779,4,1
123780,4,1
123781,4,1
123782,4,1
123783,4,1
123784,4,1
123785,4,1
123786,4,1
123787,4,1
123788,4,1
123789,4,0
123790,4,1
123791,4,1
123792,4,1
123793,4,0
123794,4,0
123795,4,0
123796,4,1
123797,4,1
123798,4,1
123799,4,0
123800,4,1
123801,4,1
123802,4,1
123803,4,1
123804,4,1
123805,4,1
123806,4,1
123807,4,0
123808,4,1
123809,4,0
123810,4,1
123811,4,1
123812,4,1
123813,4,0
123814,4,0
123815,4,1
123816,4,1
123817,4,0
123818,4,1
123819,4,1
123820,4,1
123821,4,1
123822,4,1
123823,4,1
123824,4,1
123825,4,1
123826,4,1
123827,4,1
123828,4,1
123829,4,1
123830,4,1
123831,4,0
123832,4,1
123833,4,1
123834,4,0
123835,4,1
123836,4,1
123837,4,1
123838,4,0
123839,4,1
123840,4,1
123841,4,1
123842,4,1
123843,4,0
123844,4,1
123845,4,1
123846,4,1
123847,4,1
123848,4,1
123849,4,1
123850,4,1
123851,4,1
123852,4,1
123853,4,1
123854,4,1
123855,4,1
123856,4,1
123857,4,1
123858,4,1
123859,4,1
123860,4,1
123861,4,1
123862,4,1
123863,4,1
123864,4,1
123865,4,1
123866,4,1
123867,4,0
123868,4,0
123869,4,1
123870,4,0
123871,4,0
123872,4,0
123873,4,1
123874,4,0
123875,4,0
123876,4,0
123877,4,0
123878,4,0
123879,4,0
123880,4,0
123881,4,0
123882,4,0
123883,4,0
123884,4,0
123885,4,0
123886,4,0
123887,4,0
123888,4,0
123889,4,0
123890,4,1
123891,4,0
123892,4,0
123893,4,0
123894,4,0
123895,4,0
123896,4,0
123897,4,0
123898,4,0
123899,4,0
123900,4,0
123901,4,0
123902,4,1
123903,4,0
123904,4,0
123905,4,0
123906,4,0
123907,4,0
123908,4,0
123909,4,0
123910,4,0
123911,4,0
123912,4,0
123913,4,0
123914,4,0
123915,4,0
123916,4,0
123917,4,0
123918,4,0
123919,4,0
123920,4,0
123921,4,0
123922,4,0
123923,4,0
123924,4,0
123925,4,0
123926,4,0
123927,4,0
123928,4,0
123929,4,0
123930,4,0
123931,4,0
123932,4,0
123933,4,0
123934,4,0
123935,4,0
123936,4,0
123937,4,0
123938,4,0
123939,4,1
123940,4,1
123941,4,0
123942,4,0
123943,4,0
123944,4,0
123945,4,0
123946,4,0
123947,4,0
123948,4,0
123949,4,1
123950,4,0
123951,4,0
123952,4,0
123953,4,0
123954,4,0
123955,4,0
123956,4,0
123957,4,1
123958,4,0
123959,4,0
123960,4,0
123961,4,0
123962,4,0
123963,4,0
123964,4,0
123965,4,0
123966,4,0
123967,4,0
123968,4,0
123969,4,0
123970,4,0
123971,4,0
123972,4,0
123973,4,0
123974,4,0
123975,4,0
123976,4,0
123977,4,0
123978,4,0
123979,4,0
123980,4,0
123981,4,1
123982,4,0
123983,4,0
123984,4,0
123985,4,0
123986,4,0
123987,4,0
123988,4,1
123989,4,0
123990,4,0
123991,4,0
123992,4,0
123993,4,0
123994,4,0
123995,4,0
123996,4,0
123997,4,0
123998,4,0
123999,4,0
124000,4,0
124001,4,0
124002,4,0
124003,4,0
124004,4,0
124005,4,0
124006,4,0
124007,4,0
124008,4,1
124009,4,0
124010,4,0
124011,4,0
124012,4,0
124013,4,1
124014,4,0
124015,4,0
124016,4,0
124017,4,1
124018,4,0
124019,4,0
124020,4,0
124021,4,0
124022,4,1
124023,4,0
124024,4,0
124025,4,0
124026,4,0
124027,4,0
124028,4,0
124029,4,0
124030,4,0
124031,4,0
124032,4,0
124033,4,0
124034,4,0
124035,4,0
124036,4,0
124037,4,0
124038,4,0
124039,4,0
124040,4,0
124041,4,0
124042,4,0
124043,4,0
124044,4,0
124045,4,0
124046,4,0
124047,4,0
124048,4,0
124049,4,0
124050,4,0
124051,4,0
124052,4,0
124053,4,0
124054,4,0
124055,4,0
124056,4,0
124057,4,0
124058,4,0
124059,4,1
124060,4,0
124061,4,0
124062,4,0
124063,4,0
124064,4,1
124065,4,0
124066,4,0
124067,4,0
124068,4,0
124069,4,0
124070,4,0
124071,4,0
124072,4,0
124073,4,0
124074,4,0
124075,4,0
124076,4,0
124077,4,0
124078,4,0
124079,4,0
124080,4,0
124081,4,0
124082,4,0
124083,4,0
124084,4,0
124085,4,0
124086,4,0
124087,4,0
124088,4,0
124089,4,0
124090,4,0
124091,4,0
124092,4,0
124093,4,0
124094,4,0
124095,4,0
124096,4,0
124097,4,0
124098,4,0
124099,4,0
124100,4,0
124101,4,0
124102,4,0
124103,4,0
124104,4,0
124105,4,0
124106,4,0
124107,4,0
124108,4,0
124109,4,0
124110,4,1
124111,4,0
124112,4,0
124113,4,0
124114,4,1
124115,4,0
124116,4,0
124117,4,0
124118,4,0
124119,4,0
124120,4,0
124121,4,0
124122,4,0
124123,4,0
124124,4,0
124125,4,0
124126,4,0
124127,4,0
124128,4,0
124129,4,0
124130,4,0
124131,4,0
124132,4,0
124133,4,0
124134,4,0
124135,4,0
124136,4,0
124137,4,0
124138,4,0
124139,4,0
124140,4,0
124141,4,0
124142,4,0
124143,4,0
124144,4,0
124145,4,0
124146,4,0
124147,4,1
124148,4,0
124149,4,0
124150,4,0
124151,4,0
124152,4,1
124153,4,0
124154,4,0
124155,4,0
124156,4,0
124157,4,0
124158,4,0
124159,4,0
124160,4,0
124161,4,0
124162,4,0
124163,4,0
124164,4,0
124165,4,0
124166,4,0
124167,4,0
124168,4,0
124169,4,0
124170,4,0
124171,4,1
124172,4,0
124173,4,0
124174,4,0
124175,4,1
124176,4,0
124177,4,0
124178,4,0
124179,4,0
124180,4,0
124181,4,0
124182,4,0
124183,4,0
124184,4,1
124185,4,0
124186,4,1
124187,4,0
124188,4,1
124189,4,0
124190,4,0
124191,4,0
124192,4,0
124193,4,0
124194,4,1
124195,4,0
124196,4,0
124197,4,0
124198,4,0
124199,4,0
124200,4,1
124201,4,0
124202,4,0
124203,4,0
124204,4,0
124205,4,0
124206,4,1
124207,4,0
124208,4,0
124209,4,0
124210,4,0
124211,4,0
124212,4,0
124213,4,0
124214,4,0
124215,4,0
124216,4,0
124217,4,0
124218,4,0
124219,4,0
124220,4,0
124221,4,0
124222,4,0
124223,4,0
124224,4,0
124225,4,1
124226,4,0
124227,4,1
124228,4,0
124229,4,0
124230,4,0
124231,4,0
124232,4,0
124233,4,0
124234,4,1
124235,4,0
124236,4,0
124237,4,1
124238,4,1
124239,4,0
124240,4,0
124241,4,1
124242,4,0
124243,4,0
124244,4,0
124245,4,1
124246,4,0
124247,4,0
124248,4,1
124249,4,0
124250,4,0
124251,4,1
124252,4,1
124253,4,1
124254,4,1
124255,4,0
124256,4,1
124257,4,0
124258,4,1
124259,4,0
124260,4,0
124261,4,1
124262,4,1
124263,4,1
124264,4,1
124265,4,0
124266,4,1
124267,4,0
124268,4,1
124269,4,1
124270,4,1
124271,4,0
124272,4,0
124273,4,0
124274,4,1
124275,4,1
124276,4,0
124277,4,1
124278,4,0
124279,4,1
124280,4,0
124281,4,0
124282,4,0
124283,4,0
124284,4,0
124285,4,1
124286,4,1
124287,4,1
124288,4,1
124289,4,1
124290,4,1
124291,4,0
124292,4,0
124293,4,1
124294,4,1
124295,4,0
124296,4,1
124297,4,1
124298,4,1
124299,4,1
124300,4,1
124301,4,1
124302,4,1
124303,4,1
124304,4,1
124305,4,1
124306,4,1
124307,4,1
124308,4,1
124309,4,1
124310,4,1
124311,4,1
124312,4,1
124313,4,1
124314,4,1
124315,4,1
124316,4,1
124317,4,1
124318,4,1
124319,4,1
124320,4,1
124321,4,1
124322,4,1
124323,4,1
124324,4,1
124325,4,1
124326,4,1
124327,4,1
124328,4,1
124329,4,1
124330,4,1
124331,4,1
124332,4,1
124333,4,1
124334,4,1
124335,4,1
124336,4,1
124337,4,1
124338,4,1
124339,4,1
124340,4,1
124341,4,1
124342,4,1
124343,4,1
124344,4,1
124345,4,1
124346,4,0
124347,4,1
124348,4,1
124349,4,1
124350,4,1
124351,4,0
124352,4,1
124353,4,0
124354,4,1
124355,4,1
124356,4,0
124357,4,0
124358,4,0
124359,4,1
124360,4,0
124361,4,1
124362,4,0
124363,4,0
124364,4,0
124365,4,1
124366,4,0
124367,4,0
124368,4,0
124369,4,0
124370,4,1
124371,4,0
124372,4,1
124373,4,0
124374,4,1
124375,4,0
124376,4,0
124377,4,1
124378,4,0
124379,4,1
124380,4,0
124381,4,0
124382,4,0
124383,4,0
124384,4,0
124385,4,1
124386,4,1
124387,4,0
124388,4,0
124389,4,0
124390,4,0
124391,4,0
124392,4,0
124393,4,0
124394,4,0
124395,4,1
124396,4,1
124397,4,0
124398,4,0
124399,4,0
124400,4,0
124401,4,0
124402,4,0
124403,4,0
124404,4,0
124405,4,0
124406,4,0
124407,4,1
124408,4,0
124409,4,0
124410,4,0
124411,4,0
124412,4,0
124413,4,0
124414,4,1
124415,4,0
124416,4,0
124417,4,1
124418,4,1
124419,4,0
124420,4,0
124421,4,0
124422,4,0
124423,4,0
124424,4,0
124425,4,0
124426,4,0
124427,4,0
124428,4,0
124429,4,0
124430,4,0
124431,4,0
124432,4,0
124433,4,0
124434,4,0
124435,4,0
124436,4,0
124437,4,0
124438,4,0
124439,4,0
124440,4,0
124441,4,0
124442,4,0
124443,4,0
124444,4,0
124445,4,0
124446,4,0
124447,4,0
124448,4,0
124449,4,1
124450,4,0
124451,4,0
124452,4,0
124453,4,0
124454,4,0
124455,4,0
124456,4,0
124457,4,0
124458,4,1
124459,4,0
124460,4,0
124461,4,0
124462,4,0
124463,4,0
124464,4,0
124465,4,0
124466,4,0
124467,4,0
124468,4,0
124469,4,0
124470,4,0
124471,4,0
124472,4,0
124473,4,0
124474,4,0
124475,4,0
124476,4,0
124477,4,0
124478,4,0
124479,4,0
124480,4,0
124481,4,0
124482,4,0
124483,4,0
124484,4,0
124485,4,0
124486,4,0
124487,4,0
124488,4,0
124489,4,0
124490,4,0
124491,4,0
124492,4,0
124493,4,0
124494,4,0
124495,4,0
124496,4,0
124497,4,0
124498,4,0
124499,4,0
124500,4,0
124501,4,0
124502,4,0
124503,4,0
124504,4,0
124505,4,0
124506,4,0
124507,4,0
124508,4,0
124509,4,0
124510,4,0
124511,4,0
124512,4,0
124513,4,0
124514,4,0
124515,4,0
124516,4,0
124517,4,0
124518,4,0
124519,4,0
124520,4,0
124521,4,0
124522,4,0
124523,4,0
124524,4,0
124525,4,0
124526,4,0
124527,4,0
124528,4,0
124529,4,0
124530,4,0
124531,4,0
124532,4,0
124533,4,0
124534,4,0
124535,4,0
124536,4,0
124537,4,0
124538,4,0
124539,4,0
124540,4,0
124541,4,0
124542,4,0
124543,4,0
124544,4,0
124545,4,0
124546,4,0
124547,4,0
124548,4,0
124549,4,0
124550,4,0
124551,4,0
124552,4,0
124553,4,0
124554,4,0
124555,4,0
124556,4,0
124557,4,0
124558,4,0
124559,4,0
124560,4,0
124561,4,0
124562,4,0
124563,4,0
124564,4,0
124565,4,0
124566,4,0
124567,4,0
124568,4,0
124569,4,0
124570,4,0
124571,4,0
124572,4,0
124573,4,0
124574,4,0
124575,4,0
124576,4,0
124577,4,0
124578,4,0
124579,4,0
124580,4,0
124581,4,0
124582,4,0
124583,4,0
124584,4,0
124585,4,0
124586,4,0
124587,4,0
124588,4,0
124589,4,0
124590,4,0
124591,4,0
124592,4,0
124593,4,0
124594,4,0
124595,4,0
124596,4,0
124597,4,0
124598,4,0
124599,4,0
124600,4,0
124601,4,0
124602,4,0
124603,4,0
124604,4,0
124605,4,0
124606,4,0
124607,4,0
124608,4,0
124609,4,0
124610,4,0
124611,4,0
124612,4,0
124613,4,0
124614,4,0
124615,4,0
124616,4,0
124617,4,0
124618,4,0
124619,4,0
124620,4,0
124621,4,0
124622,4,0
124623,4,0
124624,4,0
124625,4,0
124626,4,0
124627,4,0
124628,4,0
124629,4,1
124630,4,0
124631,4,0
124632,4,0
124633,4,0
124634,4,0
124635,4,0
124636,4,0
124637,4,0
124638,4,0
124639,4,0
124640,4,0
124641,4,0
124642,4,0
124643,4,0
124644,4,0
124645,4,0
124646,4,0
124647,4,0
124648,4,0
124649,4,0
124650,4,0
124651,4,0
124652,4,0
124653,4,0
124654,4,0
124655,4,0
124656,4,0
124657,4,0
124658,4,0
124659,4,0
124660,4,0
124661,4,0
124662,4,0
124663,4,0
124664,4,0
124665,4,0
124666,4,0
124667,4,0
124668,4,0
124669,4,0
124670,4,0
124671,4,0
124672,4,0
124673,4,0
124674,4,0
124675,4,0
124676,4,0
124677,4,0
124678,4,0
124679,4,0
124680,4,0
124681,4,0
124682,4,0
124683,4,0
124684,4,0
124685,4,0
124686,4,0
124687,4,0
124688,4,0
124689,4,0
124690,4,0
124691,4,0
124692,4,0
124693,4,0
124694,4,0
124695,4,0
124696,4,0
124697,4,0
124698,4,0
124699,4,0
124700,4,0
124701,4,0
124702,4,0
124703,4,0
124704,4,0
124705,4,0
124706,4,0
124707,4,0
124708,4,0
124709,4,0
124710,4,0
124711,4,0
124712,4,0
124713,4,0
124714,4,0
124715,4,0
124716,4,0
124717,4,0
124718,4,0
124719,4,0
124720,4,0
124721,4,0
124722,4,0
124723,4,0
124724,4,0
124725,4,0
124726,4,0
124727,4,0
124728,4,0
124729,4,0
124730,4,1
124731,4,0
124732,4,0
124733,4,0
124734,4,0
124735,4,0
124736,4,0
124737,4,0
124738,4,0
124739,4,0
124740,4,0
124741,4,0
124742,4,0
124743,4,0
124744,4,0
124745,4,0
124746,4,0
124747,4,0
124748,4,0
124749,4,0
124750,4,0
124751,4,0
124752,4,0
124753,4,0
124754,4,0
124755,4,0
124756,4,0
124757,4,0
124758,4,0
124759,4,0
124760,4,0
124761,4,0
124762,4,0
124763,4,0
124764,4,0
124765,4,0
124766,4,0
124767,4,0
124768,4,0
124769,4,0
124770,4,0
124771,4,0
124772,4,0
124773,4,0
124774,4,0
124775,4,0
124776,4,0
124777,4,0
124778,4,0
124779,4,0
124780,4,0
124781,4,0
124782,4,0
124783,4,0
124784,4,0
124785,4,0
124786,4,0
124787,4,0
124788,4,0
124789,4,0
124790,4,0
124791,4,0
124792,4,0
124793,4,0
124794,4,0
124795,4,0
124796,4,0
124797,4,0
124798,4,0
124799,4,0
124800,4,0
124801,4,0
124802,4,0
124803,4,0
124804,4,0
124805,4,0
124806,4,0
124807,4,0
124808,4,0
124809,4,0
124810,4,0
124811,4,0
124812,4,0
124813,4,0
124814,4,0
124815,4,0
124816,4,0
124817,4,0
124818,4,0
124819,4,0
124820,4,0
124821,4,0
124822,4,0
124823,4,0
124824,4,0
124825,4,0
124826,4,0
124827,4,0
124828,4,0
124829,4,0
124830,4,0
124831,4,1
124832,4,0
124833,4,0
124834,4,0
124835,4,0
124836,4,0
124837,4,0
124838,4,0
124839,4,0
124840,4,0
124841,4,0
124842,4,0
124843,4,0
124844,4,0
124845,4,0
124846,4,0
124847,4,0
124848,4,0
124849,4,0
124850,4,0
124851,4,0
124852,4,0
124853,4,0
124854,4,0
124855,4,0
124856,4,0
124857,4,0
124858,4,0
124859,4,0
124860,4,0
124861,4,0
124862,4,0
124863,4,0
124864,4,0
124865,4,0
124866,4,0
124867,4,0
124868,4,0
124869,4,0
124870,4,0
124871,4,0
124872,4,0
124873,4,0
124874,4,0
124875,4,0
124876,4,0
124877,4,0
124878,4,0
124879,4,0
124880,4,0
124881,4,0
124882,4,0
124883,4,0
124884,4,0
124885,4,0
124886,4,0
124887,4,0
124888,4,0
124889,4,0
124890,4,0
124891,4,0
124892,4,0
124893,4,0
124894,4,0
124895,4,0
124896,4,0
124897,4,0
124898,4,0
124899,4,0
124900,4,0
124901,4,0
124902,4,0
124903,4,0
124904,4,0
124905,4,0
124906,4,0
124907,4,0
124908,4,0
124909,4,0
124910,4,0
124911,4,0
124912,4,0
124913,4,0
124914,4,0
124915,4,0
124916,4,0
124917,4,0
124918,4,0
124919,4,0
124920,4,0
124921,4,0
124922,4,0
124923,4,0
124924,4,0
124925,4,0
124926,4,0
124927,4,0
124928,4,0
124929,4,0
124930,4,0
124931,4,0
124932,4,0
124933,4,0
124934,4,0
124935,4,0
124936,4,0
124937,4,0
124938,4,0
124939,4,0
124940,4,0
124941,4,0
124942,4,0
124943,4,0
124944,4,0
124945,4,0
124946,4,0
124947,4,0
124948,4,0
124949,4,0
124950,4,0
124951,4,0
124952,4,0
124953,4,0
124954,4,0
124955,4,0
124956,4,0
124957,4,0
124958,4,0
124959,4,0
124960,4,0
124961,4,0
124962,4,0
124963,4,0
124964,4,0
124965,4,0
124966,4,0
124967,4,0
124968,4,0
124969,4,0
124970,4,0
124971,4,0
124972,4,0
124973,4,0
124974,4,0
124975,4,0
124976,4,0
124977,4,0
124978,4,0
124979,4,0
124980,4,0
124981,4,0
124982,4,0
124983,4,0
124984,4,0
124985,4,0
124986,4,0
124987,4,0
124988,4,0
124989,4,0
124990,4,0
124991,4,0
124992,4,0
124993,4,0
124994,4,0
124995,4,0
124996,4,0
124997,4,0
124998,4,0
124999,4,0
125000,4,0
125001,4,0
125002,4,0
125003,4,0
125004,4,0
125005,4,0
125006,4,0
125007,4,0
125008,4,0
125009,4,0
125010,4,0
125011,4,0
125012,4,0
125013,4,0
125014,4,0
125015,4,0
125016,4,0
125017,4,0
125018,4,0
125019,4,0
125020,4,0
125021,4,0
125022,4,0
125023,4,0
125024,4,0
125025,4,0
125026,4,0
125027,4,0
125028,4,0
125029,4,0
125030,4,0
125031,4,0
125032,4,0
125033,4,0
125034,4,0
125035,4,0
125036,4,0
125037,4,0
125038,4,0
125039,4,0
125040,4,0
125041,4,0
125042,4,0
125043,4,0
125044,4,0
125045,4,0
125046,4,0
125047,4,0
125048,4,0
125049,4,0
125050,4,0
125051,4,0
125052,4,0
125053,4,0
125054,4,0
125055,4,0
125056,4,0
125057,4,0
125058,4,0
125059,4,0
125060,4,0
125061,4,1
125062,4,0
125063,4,0
125064,4,0
125065,4,0
125066,4,0
125067,4,0
125068,4,0
125069,4,1
125070,4,0
125071,4,0
125072,4,0
125073,4,0
125074,4,0
125075,4,0
125076,4,0
125077,4,0
125078,4,0
125079,4,0
125080,4,0
125081,4,0
125082,4,0
125083,4,0
125084,4,0
125085,4,0
125086,4,0
125087,4,0
125088,4,0
125089,4,0
125090,4,0
125091,4,0
125092,4,0
125093,4,0
125094,4,0
125095,4,0
125096,4,0
125097,4,0
125098,4,0
125099,4,0
125100,4,0
125101,4,0
125102,4,0
125103,4,0
125104,4,0
125105,4,0
125106,4,0
125107,4,0
125108,4,0
125109,4,0
125110,4,0
125111,4,0
125112,4,0
125113,4,0
125114,4,0
125115,4,0
125116,4,1
125117,4,0
125118,4,0
125119,4,0
125120,4,0
125121,4,0
125122,4,0
125123,4,0
125124,4,0
125125,4,0
125126,4,0
125127,4,0
125128,4,0
125129,4,0
125130,4,0
125131,4,0
125132,4,0
125133,4,0
125134,4,0
125135,4,0
125136,4,0
125137,4,0
125138,4,0
125139,4,0
125140,4,0
125141,4,0
125142,4,0
125143,4,1
125144,4,0
125145,4,0
125146,4,0
125147,4,0
125148,4,0
125149,4,0
125150,4,0
125151,4,0
125152,4,0
125153,4,0
125154,4,0
125155,4,0
125156,4,0
125157,4,0
125158,4,0
125159,4,0
125160,4,0
125161,4,0
125162,4,0
125163,4,0
125164,4,0
125165,4,0
125166,4,0
125167,4,0
125168,4,0
125169,4,0
125170,4,0
125171,4,0
125172,4,0
125173,4,0
125174,4,0
125175,4,0
125176,4,0
125177,4,0
125178,4,0
125179,4,0
125180,4,0
125181,4,0
125182,4,0
125183,4,0
125184,4,0
125185,4,0
125186,4,0
125187,4,0
125188,4,0
125189,4,0
125190,4,0
125191,4,0
125192,4,0
125193,4,0
125194,4,1
125195,4,0
125196,4,0
125197,4,0
125198,4,0
125199,4,0
125200,4,0
125201,4,0
125202,4,0
125203,4,0
125204,4,0
125205,4,0
125206,4,0
125207,4,0
125208,4,0
125209,4,0
125210,4,0
125211,4,0
125212,4,0
125213,4,0
125214,4,0
125215,4,0
125216,4,0
125217,4,0
125218,4,0
125219,4,0
125220,4,0
125221,4,0
125222,4,0
125223,4,0
125224,4,0
125225,4,0
125226,4,0
125227,4,0
125228,4,0
125229,4,0
125230,4,1
125231,4,0
125232,4,0
125233,4,0
125234,4,0
125235,4,0
125236,4,0
125237,4,1
125238,4,0
125239,4,0
125240,4,0
125241,4,0
125242,4,0
125243,4,0
125244,4,0
125245,4,0
125246,4,1
125247,4,0
125248,4,0
125249,4,0
125250,4,0
125251,4,0
125252,4,0
125253,4,0
125254,4,0
125255,4,0
125256,4,0
125257,4,0
125258,4,0
125259,4,0
125260,4,0
125261,4,0
125262,4,0
125263,4,0
125264,4,0
125265,4,0
125266,4,0
125267,4,0
125268,4,1
125269,4,1
125270,4,1
125271,4,0
125272,4,0
125273,4,0
125274,4,0
125275,4,0
125276,4,1
125277,4,0
125278,4,0
125279,4,0
125280,4,0
125281,4,0
125282,4,0
125283,4,0
125284,4,0
125285,4,0
125286,4,0
125287,4,0
125288,4,0
125289,4,0
125290,4,1
125291,4,1
125292,4,0
125293,4,0
125294,4,0
125295,4,0
125296,4,0
125297,4,0
125298,4,0
125299,4,0
125300,4,0
125301,4,0
125302,4,0
125303,4,0
125304,4,0
125305,4,0
125306,4,0
125307,4,0
125308,4,0
125309,4,0
125310,4,0
125311,4,0
125312,4,1
125313,4,0
125314,4,0
125315,4,0
125316,4,0
125317,4,0
125318,4,1
125319,4,0
125320,4,0
125321,4,0
125322,4,0
125323,4,0
125324,4,0
125325,4,0
125326,4,0
125327,4,0
125328,4,0
125329,4,0
125330,4,1
125331,4,0
125332,4,0
125333,4,0
125334,4,0
125335,4,0
125336,4,0
125337,4,0
125338,4,0
125339,4,0
125340,4,0
125341,4,0
125342,4,0
125343,4,0
125344,4,0
125345,4,0
125346,4,0
125347,4,0
125348,4,0
125349,4,0
125350,4,0
125351,4,0
125352,4,0
125353,4,0
125354,4,0
125355,4,0
125356,4,0
125357,4,0
125358,4,0
125359,4,0
125360,4,0
125361,4,0
125362,4,0
125363,4,0
125364,4,0
125365,4,1
125366,4,0
125367,4,0
125368,4,0
125369,4,0
125370,4,0
125371,4,0
125372,4,1
125373,4,0
125374,4,0
125375,4,0
125376,4,0
125377,4,0
125378,4,1
125379,4,0
125380,4,0
125381,4,0
125382,4,0
125383,4,0
125384,4,0
125385,4,1
125386,4,0
125387,4,0
125388,4,0
125389,4,0
125390,4,0
125391,4,0
125392,4,0
125393,4,0
125394,4,0
125395,4,0
125396,4,0
125397,4,0
125398,4,0
125399,4,0
125400,4,0
125401,4,0
125402,4,0
125403,4,0
125404,4,0
125405,4,0
125406,4,0
125407,4,0
125408,4,0
125409,4,0
125410,4,0
125411,4,0
125412,4,0
125413,4,0
125414,4,0
125415,4,0
125416,4,0
125417,4,0
125418,4,0
125419,4,1
125420,4,0
125421,4,0
125422,4,0
125423,4,0
125424,4,0
125425,4,0
125426,4,0
125427,4,0
125428,4,1
125429,4,0
125430,4,0
125431,4,0
125432,4,0
125433,4,0
125434,4,0
125435,4,0
125436,4,0
125437,4,0
125438,4,0
125439,4,0
125440,4,0
125441,4,0
125442,4,0
125443,4,0
125444,4,1
125445,4,0
125446,4,0
125447,4,1
125448,4,1
125449,4,0
125450,4,0
125451,4,0
125452,4,0
125453,4,0
125454,4,0
125455,4,0
125456,4,0
125457,4,0
125458,4,0
125459,4,0
125460,4,0
125461,4,0
125462,4,0
125463,4,0
125464,4,0
125465,4,0
125466,4,0
125467,4,0
125468,4,0
125469,4,0
125470,4,0
125471,4,0
125472,4,0
125473,4,0
125474,4,0
125475,4,0
125476,4,0
125477,4,0
125478,4,0
125479,4,0
125480,4,1
125481,4,0
125482,4,0
125483,4,0
125484,4,0
125485,4,0
125486,4,0
125487,4,0
125488,4,0
125489,4,0
125490,4,0
125491,4,0
125492,4,0
125493,4,0
125494,4,0
125495,4,0
125496,4,1
125497,4,0
125498,4,1
125499,4,0
125500,4,0
125501,4,0
125502,4,0
125503,4,0
125504,4,0
125505,4,0
125506,4,0
125507,4,0
125508,4,0
125509,4,0
125510,4,0
125511,4,1
125512,4,0
125513,4,0
125514,4,0
125515,4,0
125516,4,0
125517,4,0
125518,4,0
125519,4,0
125520,4,0
125521,4,0
125522,4,0
125523,4,0
125524,4,0
125525,4,0
125526,4,0
125527,4,0
125528,4,0
125529,4,0
125530,4,1
125531,4,0
125532,4,0
125533,4,0
125534,4,0
125535,4,0
125536,4,0
125537,4,0
125538,4,0
125539,4,0
125540,4,0
125541,4,0
125542,4,1
125543,4,0
125544,4,0
125545,4,0
125546,4,0
125547,4,0
125548,4,1
125549,4,1
125550,4,0
125551,4,0
125552,4,0
125553,4,1
125554,4,0
125555,4,0
125556,4,0
125557,4,0
125558,4,1
125559,4,0
125560,4,1
125561,4,0
125562,4,0
125563,4,1
125564,4,0
125565,4,1
125566,4,0
125567,4,1
125568,4,0
125569,4,0
125570,4,1
125571,4,1
125572,4,0
125573,4,1
125574,4,0
125575,4,0
125576,4,0
125577,4,0
125578,4,1
125579,4,0
125580,4,0
125581,4,0
125582,4,0
125583,4,0
125584,4,0
125585,4,0
125586,4,1
125587,4,0
125588,4,1
125589,4,0
125590,4,0
125591,4,1
125592,4,0
125593,4,1
125594,4,0
125595,4,0
125596,4,1
125597,4,0
125598,4,0
125599,4,0
125600,4,0
125601,4,0
125602,4,0
125603,4,1
125604,4,0
125605,4,1
125606,4,0
125607,4,0
125608,4,1
125609,4,0
125610,4,0
125611,4,0
125612,4,1
125613,4,0
125614,4,0
125615,4,1
125616,4,0
125617,4,0
125618,4,0
125619,4,1
125620,4,0
125621,4,1
125622,4,0
125623,4,0
125624,4,1
125625,4,0
125626,4,0
125627,4,1
125628,4,1
125629,4,0
125630,4,0
125631,4,0
125632,4,0
125633,4,0
125634,4,0
125635,4,0
125636,4,0
125637,4,1
125638,4,0
125639,4,1
125640,4,1
125641,4,0
125642,4,0
125643,4,0
125644,4,1
125645,4,0
125646,4,1
125647,4,0
125648,4,0
125649,4,1
125650,4,1
125651,4,0
125652,4,0
125653,4,0
125654,4,1
125655,4,0
125656,4,0
125657,4,0
125658,4,1
125659,4,0
125660,4,1
125661,4,0
125662,4,0
125663,4,1
125664,4,1
125665,4,0
125666,4,0
125667,4,0
125668,4,0
125669,4,1
125670,4,1
125671,4,1
125672,4,0
125673,4,0
125674,4,1
125675,4,0
125676,4,0
125677,4,1
125678,4,1
125679,4,0
125680,4,1
125681,4,0
125682,4,0
125683,4,1
125684,4,1
125685,4,0
125686,4,0
125687,4,1
125688,4,0
125689,4,1
125690,4,0
125691,4,0
125692,4,1
125693,4,1
125694,4,0
125695,4,0
125696,4,0
125697,4,0
125698,4,1
125699,4,1
125700,4,1
125701,4,0
125702,4,0
125703,4,1
125704,4,0
125705,4,0
125706,4,1
125707,4,1
125708,4,1
125709,4,1
125710,4,1
125711,4,1
125712,4,0
125713,4,0
125714,4,1
125715,4,1
125716,4,0
125717,4,1
125718,4,1
125719,4,1
125720,4,1
125721,4,1
125722,4,1
125723,4,1
125724,4,1
125725,4,1
125726,4,0
125727,4,0
125728,4,0
125729,4,1
125730,4,1
125731,4,0
125732,4,0
125733,4,1
125734,4,1
125735,4,1
125736,4,1
125737,4,1
125738,4,1
125739,4,1
125740,4,0
125741,4,0
125742,4,1
125743,4,1
125744,4,1
125745,4,1
125746,4,1
125747,4,1
125748,4,1
125749,4,1
125750,4,1
125751,4,1
125752,4,1
125753,4,0
125754,4,0
125755,4,0
125756,4,0
125757,4,0
125758,4,0
125759,4,0
125760,4,0
125761,4,0
125762,4,0
125763,4,1
125764,4,0
125765,4,0
125766,4,0
125767,4,0
125768,4,0
125769,4,0
125770,4,0
125771,4,0
125772,4,0
125773,4,0
125774,4,0
125775,4,0
125776,4,0
125777,4,0
125778,4,0
125779,4,0
125780,4,0
125781,4,0
125782,4,0
125783,4,0
125784,4,0
125785,4,0
125786,4,0
125787,4,0
125788,4,0
125789,4,0
125790,4,0
125791,4,0
125792,4,0
125793,4,0
125794,4,0
125795,4,0
125796,4,0
125797,4,0
125798,4,0
125799,4,0
125800,4,0
125801,4,0
125802,4,0
125803,4,0
125804,4,0
125805,4,0
125806,4,0
125807,4,0
125808,4,0
125809,4,0
125810,4,0
125811,4,0
125812,4,0
125813,4,0
125814,4,0
125815,4,0
125816,4,0
125817,4,0
125818,4,0
125819,4,0
125820,4,0
125821,4,0
125822,4,0
125823,4,0
125824,4,0
125825,4,0
125826,4,0
125827,4,0
125828,4,0
125829,4,0
125830,4,0
125831,4,0
125832,4,0
125833,4,0
125834,4,0
125835,4,0
125836,4,0
125837,4,0
125838,4,0
125839,4,0
125840,4,0
125841,4,0
125842,4,0
125843,4,0
125844,4,0
125845,4,0
125846,4,0
125847,4,0
125848,4,0
125849,4,0
125850,4,0
125851,4,0
125852,4,0
125853,4,0
125854,4,0
125855,4,0
125856,4,0
125857,4,0
125858,4,0
125859,4,0
125860,4,0
125861,4,0
125862,4,0
125863,4,0
125864,4,0
125865,4,0
125866,4,0
125867,4,0
125868,4,0
125869,4,0
125870,4,0
125871,4,0
125872,4,0
125873,4,0
125874,4,0
125875,4,0
125876,4,0
125877,4,0
125878,4,0
125879,4,0
125880,4,0
125881,4,0
125882,4,0
125883,4,0
125884,4,0
125885,4,0
125886,4,0
125887,4,0
125888,4,0
125889,4,0
125890,4,0
125891,4,0
125892,4,0
125893,4,0
125894,4,0
125895,4,0
125896,4,0
125897,4,0
125898,4,0
125899,4,0
125900,4,0
125901,4,0
125902,4,0
125903,4,0
125904,4,0
125905,4,0
125906,4,0
125907,4,0
125908,4,0
125909,4,0
125910,4,0
125911,4,0
125912,4,0
125913,4,0
125914,4,0
125915,4,0
125916,4,0
125917,4,0
125918,4,0
125919,4,0
125920,4,0
125921,4,0
125922,4,0
125923,4,0
125924,4,0
125925,4,0
125926,4,0
125927,4,0
125928,4,0
125929,4,0
125930,4,0
125931,4,0
125932,4,0
125933,4,0
125934,4,0
125935,4,0
125936,4,0
125937,4,0
125938,4,0
125939,4,0
125940,4,0
125941,4,0
125942,4,0
125943,4,0
125944,4,0
125945,4,0
125946,4,0
125947,4,0
125948,4,0
125949,4,0
125950,4,0
125951,4,0
125952,4,0
125953,4,0
125954,4,0
125955,4,0
125956,4,0
125957,4,0
125958,4,0
125959,4,0
125960,4,0
125961,4,0
125962,4,0
125963,4,0
125964,4,0
125965,4,0
125966,4,0
125967,4,1
125968,4,0
125969,4,0
125970,4,0
125971,4,0
125972,4,0
125973,4,0
125974,4,0
125975,4,0
125976,4,0
125977,4,0
125978,4,0
125979,4,0
125980,4,0
125981,4,0
125982,4,0
125983,4,0
125984,4,0
125985,4,0
125986,4,0
125987,4,0
125988,4,0
125989,4,0
125990,4,0
125991,4,0
125992,4,0
125993,4,0
125994,4,0
125995,4,0
125996,4,0
125997,4,0
125998,4,0
125999,4,0
126000,4,0
126001,4,0
126002,4,0
126003,4,0
126004,4,1
126005,4,0
126006,4,0
126007,4,0
126008,4,0
126009,4,0
126010,4,0
126011,4,0
126012,4,0
126013,4,0
126014,4,0
126015,4,0
126016,4,0
126017,4,0
126018,4,0
126019,4,0
126020,4,0
126021,4,0
126022,4,0
126023,4,0
126024,4,0
126025,4,0
126026,4,0
126027,4,0
126028,4,0
126029,4,0
126030,4,0
126031,4,0
126032,4,0
126033,4,0
126034,4,0
126035,4,0
126036,4,0
126037,4,0
126038,4,0
126039,4,0
126040,4,0
126041,4,0
126042,4,0
126043,4,0
126044,4,0
126045,4,0
126046,4,0
126047,4,0
126048,4,0
126049,4,0
126050,4,0
126051,4,0
126052,4,0
126053,4,0
126054,4,0
126055,4,0
126056,4,0
126057,4,0
126058,4,0
126059,4,0
126060,4,0
126061,4,0
126062,4,0
126063,4,0
126064,4,0
126065,4,0
126066,4,0
126067,4,0
126068,4,0
126069,4,0
126070,4,0
126071,4,0
126072,4,0
126073,4,0
126074,4,0
126075,4,0
126076,4,0
126077,4,0
126078,4,0
126079,4,0
126080,4,0
126081,4,0
126082,4,0
126083,4,0
126084,4,0
126085,4,0
126086,4,0
126087,4,0
126088,4,0
126089,4,0
126090,4,0
126091,4,0
126092,4,0
126093,4,0
126094,4,0
126095,4,0
126096,4,0
126097,4,0
126098,4,0
126099,4,0
126100,4,0
126101,4,0
126102,4,0
126103,4,0
126104,4,0
126105,4,0
126106,4,0
126107,4,0
126108,4,0
126109,4,0
126110,4,0
126111,4,0
126112,4,0
126113,4,0
126114,4,0
126115,4,0
126116,4,0
126117,4,0
126118,4,0
126119,4,0
126120,4,0
126121,4,0
126122,4,0
126123,4,0
126124,4,0
126125,4,0
126126,4,0
126127,4,0
126128,4,0
126129,4,0
126130,4,0
126131,4,0
126132,4,0
126133,4,0
126134,4,0
126135,4,0
126136,4,0
126137,4,0
126138,4,0
126139,4,0
126140,4,0
126141,4,0
126142,4,0
126143,4,0
126144,4,0
126145,4,0
126146,4,0
126147,4,0
126148,4,0
126149,4,0
126150,4,0
126151,4,0
126152,4,0
126153,4,0
126154,4,0
126155,4,0
126156,4,0
126157,4,0
126158,4,0
126159,4,0
126160,4,0
126161,4,0
126162,4,0
126163,4,0
126164,4,0
126165,4,0
126166,4,0
126167,4,0
126168,4,0
126169,4,0
126170,4,0
126171,4,0
126172,4,0
126173,4,0
126174,4,0
126175,4,0
126176,4,0
126177,4,0
126178,4,0
126179,4,0
126180,4,0
126181,4,0
126182,4,0
126183,4,0
126184,4,0
126185,4,0
126186,4,0
126187,4,0
126188,4,0
126189,4,0
126190,4,0
126191,4,0
126192,4,0
126193,4,0
126194,4,0
126195,4,0
126196,4,0
126197,4,0
126198,4,0
126199,4,0
126200,4,0
126201,4,0
126202,4,0
126203,4,0
126204,4,0
126205,4,0
126206,4,0
126207,4,0
126208,4,0
126209,4,0
126210,4,0
126211,4,0
126212,4,0
126213,4,0
126214,4,0
126215,4,0
126216,4,0
126217,4,0
126218,4,0
126219,4,0
126220,4,0
126221,4,0
126222,4,0
126223,4,0
126224,4,0
126225,4,0
126226,4,0
126227,4,0
126228,4,0
126229,4,0
126230,4,0
126231,4,0
126232,4,0
126233,4,0
126234,4,0
126235,4,0
126236,4,0
126237,4,0
126238,4,0
126239,4,0
126240,4,1
126241,4,0
126242,4,0
126243,4,0
126244,4,0
126245,4,0
126246,4,0
126247,4,0
126248,4,0
126249,4,0
126250,4,0
126251,4,0
126252,4,0
126253,4,0
126254,4,0
126255,4,0
126256,4,0
126257,4,0
126258,4,0
126259,4,0
126260,4,0
126261,4,0
126262,4,0
126263,4,0
126264,4,0
126265,4,0
126266,4,0
126267,4,0
126268,4,0
126269,4,0
126270,4,0
126271,4,0
126272,4,0
126273,4,0
126274,4,0
126275,4,0
126276,4,0
126277,4,0
126278,4,0
126279,4,0
126280,4,0
126281,4,0
126282,4,0
126283,4,0
126284,4,0
126285,4,0
126286,4,0
126287,4,0
126288,4,0
126289,4,0
126290,4,0
126291,4,0
126292,4,0
126293,4,0
126294,4,0
126295,4,0
126296,4,0
126297,4,0
126298,4,0
126299,4,0
126300,4,0
126301,4,0
126302,4,0
126303,4,0
126304,4,0
126305,4,0
126306,4,0
126307,4,0
126308,4,0
126309,4,0
126310,4,0
126311,4,0
126312,4,0
126313,4,0
126314,4,0
126315,4,0
126316,4,0
126317,4,0
126318,4,0
126319,4,0
126320,4,0
126321,4,0
126322,4,0
126323,4,0
126324,4,0
126325,4,0
126326,4,0
126327,4,0
126328,4,0
126329,4,0
126330,4,0
126331,4,0
126332,4,0
126333,4,0
126334,4,0
126335,4,0
126336,4,0
126337,4,0
126338,4,0
126339,4,0
126340,4,0
126341,4,0
126342,4,0
126343,4,0
126344,4,0
126345,4,0
126346,4,0
126347,4,0
126348,4,0
126349,4,0
126350,4,0
126351,4,0
126352,4,0
126353,4,1
126354,4,0
126355,4,0
126356,4,0
126357,4,0
126358,4,0
126359,4,0
126360,4,0
126361,4,0
126362,4,0
126363,4,0
126364,4,0
126365,4,0
126366,4,0
126367,4,0
126368,4,0
126369,4,0
126370,4,0
126371,4,0
126372,4,0
126373,4,0
126374,4,0
126375,4,0
126376,4,0
126377,4,0
126378,4,0
126379,4,0
126380,4,0
126381,4,0
126382,4,0
126383,4,0
126384,4,0
126385,4,0
126386,4,0
126387,4,0
126388,4,0
126389,4,0
126390,4,0
126391,4,0
126392,4,0
126393,4,0
126394,4,0
126395,4,0
126396,4,0
126397,4,0
126398,4,0
126399,4,0
126400,4,0
126401,4,0
126402,4,0
126403,4,0
126404,4,0
126405,4,0
126406,4,0
126407,4,0
126408,4,0
126409,4,0
126410,4,0
126411,4,0
126412,4,0
126413,4,0
126414,4,0
126415,4,0
126416,4,0
126417,4,0
126418,4,0
126419,4,0
126420,4,0
126421,4,0
126422,4,0
126423,4,0
126424,4,0
126425,4,0
126426,4,0
126427,4,0
126428,4,0
126429,4,0
126430,4,0
126431,4,0
126432,4,0
126433,4,0
126434,4,0
126435,4,0
126436,4,0
126437,4,0
126438,4,1
126439,4,0
126440,4,0
126441,4,0
126442,4,0
126443,4,0
126444,4,0
126445,4,0
126446,4,0
126447,4,0
126448,4,0
126449,4,0
126450,4,0
126451,4,0
126452,4,0
126453,4,0
126454,4,0
126455,4,0
126456,4,0
126457,4,0
126458,4,0
126459,4,0
126460,4,0
126461,4,0
126462,4,0
126463,4,0
126464,4,0
126465,4,0
126466,4,0
126467,4,0
126468,4,0
126469,4,0
126470,4,0
126471,4,0
126472,4,0
126473,4,0
126474,4,0
126475,4,0
126476,4,0
126477,4,0
126478,4,0
126479,4,0
126480,4,0
126481,4,0
126482,4,0
126483,4,0
126484,4,0
126485,4,0
126486,4,0
126487,4,0
126488,4,0
126489,4,0
126490,4,0
126491,4,0
126492,4,0
126493,4,0
126494,4,0
126495,4,1
126496,4,0
126497,4,0
126498,4,0
126499,4,0
126500,4,0
126501,4,0
126502,4,0
126503,4,0
126504,4,0
126505,4,0
126506,4,0
126507,4,0
126508,4,0
126509,4,0
126510,4,0
126511,4,0
126512,4,0
126513,4,0
126514,4,0
126515,4,0
126516,4,0
126517,4,0
126518,4,0
126519,4,0
126520,4,0
126521,4,0
126522,4,0
126523,4,0
126524,4,0
126525,4,0
126526,4,0
126527,4,0
126528,4,0
126529,4,0
126530,4,0
126531,4,0
126532,4,0
126533,4,0
126534,4,0
126535,4,0
126536,4,0
126537,4,0
126538,4,0
126539,4,0
126540,4,0
126541,4,0
126542,4,0
126543,4,0
126544,4,0
126545,4,0
126546,4,0
126547,4,0
126548,4,0
126549,4,0
126550,4,0
126551,4,0
126552,4,0
126553,4,0
126554,4,0
126555,4,0
126556,4,0
126557,4,0
126558,4,1
126559,4,0
126560,4,0
126561,4,0
126562,4,0
126563,4,0
126564,4,0
126565,4,0
126566,4,0
126567,4,0
126568,4,0
126569,4,0
126570,4,0
126571,4,0
126572,4,0
126573,4,0
126574,4,0
126575,4,0
126576,4,0
126577,4,0
126578,4,0
126579,4,0
126580,4,0
126581,4,0
126582,4,1
126583,4,0
126584,4,0
126585,4,0
126586,4,0
126587,4,0
126588,4,0
126589,4,0
126590,4,0
126591,4,0
126592,4,0
126593,4,0
126594,4,0
126595,4,0
126596,4,0
126597,4,0
126598,4,0
126599,4,0
126600,4,0
126601,4,0
126602,4,0
126603,4,0
126604,4,0
126605,4,0
126606,4,0
126607,4,0
126608,4,0
126609,4,0
126610,4,0
126611,4,0
126612,4,0
126613,4,0
126614,4,0
126615,4,0
126616,4,0
126617,4,0
126618,4,0
126619,4,0
126620,4,0
126621,4,0
126622,4,0
126623,4,1
126624,4,0
126625,4,0
126626,4,0
126627,4,0
126628,4,0
126629,4,0
126630,4,0
126631,4,0
126632,4,0
126633,4,0
126634,4,1
126635,4,0
126636,4,0
126637,4,0
126638,4,0
126639,4,0
126640,4,0
126641,4,0
126642,4,0
126643,4,0
126644,4,0
126645,4,1
126646,4,1
126647,4,0
126648,4,0
126649,4,0
126650,4,0
126651,4,0
126652,4,0
126653,4,0
126654,4,0
126655,4,1
126656,4,0
126657,4,0
126658,4,0
126659,4,0
126660,4,0
126661,4,0
126662,4,0
126663,4,0
126664,4,0
126665,4,0
126666,4,0
126667,4,0
126668,4,0
126669,4,0
126670,4,0
126671,4,0
126672,4,0
126673,4,0
126674,4,0
126675,4,0
126676,4,0
126677,4,0
126678,4,0
126679,4,0
126680,4,0
126681,4,0
126682,4,0
126683,4,0
126684,4,0
126685,4,0
126686,4,0
126687,4,0
126688,4,0
126689,4,0
126690,4,0
126691,4,0
126692,4,1
126693,4,0
126694,4,0
126695,4,0
126696,4,0
126697,4,0
126698,4,0
126699,4,0
126700,4,0
126701,4,0
126702,4,0
126703,4,0
126704,4,0
126705,4,0
126706,4,0
126707,4,0
126708,4,1
126709,4,0
126710,4,0
126711,4,0
126712,4,0
126713,4,0
126714,4,0
126715,4,0
126716,4,0
126717,4,0
126718,4,0
126719,4,0
126720,4,0
126721,4,0
126722,4,0
126723,4,0
126724,4,0
126725,4,0
126726,4,0
126727,4,0
126728,4,0
126729,4,0
126730,4,0
126731,4,0
126732,4,0
126733,4,0
126734,4,0
126735,4,0
126736,4,0
126737,4,0
126738,4,0
126739,4,0
126740,4,0
126741,4,0
126742,4,0
126743,4,0
126744,4,0
126745,4,0
126746,4,0
126747,4,0
126748,4,0
126749,4,0
126750,4,0
126751,4,1
126752,4,0
126753,4,0
126754,4,0
126755,4,0
126756,4,1
126757,4,0
126758,4,0
126759,4,0
126760,4,0
126761,4,0
126762,4,0
126763,4,0
126764,4,0
126765,4,0
126766,4,0
126767,4,0
126768,4,0
126769,4,0
126770,4,0
126771,4,0
126772,4,0
126773,4,0
126774,4,1
126775,4,0
126776,4,0
126777,4,0
126778,4,0
126779,4,0
126780,4,0
126781,4,0
126782,4,0
126783,4,0
126784,4,0
126785,4,0
126786,4,0
126787,4,0
126788,4,0
126789,4,0
126790,4,0
126791,4,0
126792,4,0
126793,4,0
126794,4,0
126795,4,0
126796,4,0
126797,4,0
126798,4,0
126799,4,0
126800,4,0
126801,4,0
126802,4,0
126803,4,1
126804,4,0
126805,4,0
126806,4,0
126807,4,0
126808,4,0
126809,4,1
126810,4,0
126811,4,0
126812,4,0
126813,4,0
126814,4,0
126815,4,0
126816,4,0
126817,4,0
126818,4,1
126819,4,0
126820,4,0
126821,4,0
126822,4,0
126823,4,0
126824,4,0
126825,4,1
126826,4,0
126827,4,0
126828,4,0
126829,4,0
126830,4,0
126831,4,0
126832,4,0
126833,4,0
126834,4,1
126835,4,1
126836,4,0
126837,4,0
126838,4,1
126839,4,0
126840,4,0
126841,4,0
126842,4,0
126843,4,0
126844,4,0
126845,4,0
126846,4,0
126847,4,0
126848,4,0
126849,4,0
126850,4,0
126851,4,0
126852,4,0
126853,4,0
126854,4,0
126855,4,0
126856,4,0
126857,4,0
126858,4,1
126859,4,1
126860,4,0
126861,4,0
126862,4,0
126863,4,1
126864,4,0
126865,4,0
126866,4,0
126867,4,0
126868,4,0
126869,4,0
126870,4,0
126871,4,0
126872,4,0
126873,4,0
126874,4,1
126875,4,0
126876,4,0
126877,4,0
126878,4,0
126879,4,0
126880,4,0
126881,4,1
126882,4,0
126883,4,0
126884,4,0
126885,4,0
126886,4,0
126887,4,0
126888,4,0
126889,4,0
126890,4,0
126891,4,1
126892,4,0
126893,4,0
126894,4,0
126895,4,0
126896,4,1
126897,4,1
126898,4,0
126899,4,1
126900,4,0
126901,4,0
126902,4,0
126903,4,0
126904,4,1
126905,4,1
126906,4,0
126907,4,0
126908,4,0
126909,4,0
126910,4,0
126911,4,0
126912,4,0
126913,4,0
126914,4,0
126915,4,1
126916,4,0
126917,4,0
126918,4,0
126919,4,0
126920,4,0
126921,4,0
126922,4,0
126923,4,0
126924,4,0
126925,4,0
126926,4,0
126927,4,0
126928,4,0
126929,4,0
126930,4,0
126931,4,0
126932,4,0
126933,4,0
126934,4,0
126935,4,0
126936,4,0
126937,4,0
126938,4,0
126939,4,0
126940,4,0
126941,4,0
126942,4,0
126943,4,0
126944,4,0
126945,4,0
126946,4,0
126947,4,0
126948,4,0
126949,4,0
126950,4,0
126951,4,0
126952,4,0
126953,4,0
126954,4,0
126955,4,0
126956,4,0
126957,4,0
126958,4,0
126959,4,0
126960,4,0
126961,4,0
126962,4,0
126963,4,0
126964,4,0
126965,4,0
126966,4,0
126967,4,0
126968,4,1
126969,4,0
126970,4,0
126971,4,0
126972,4,0
126973,4,0
126974,4,0
126975,4,0
126976,4,0
126977,4,0
126978,4,0
126979,4,0
126980,4,0
126981,4,0
126982,4,0
126983,4,0
126984,4,0
126985,4,0
126986,4,0
126987,4,0
126988,4,0
126989,4,0
126990,4,0
126991,4,0
126992,4,0
126993,4,0
126994,4,0
126995,4,0
126996,4,0
126997,4,1
126998,4,0
126999,4,0
127000,4,0
127001,4,0
127002,4,0
127003,4,0
127004,4,0
127005,4,0
127006,4,0
127007,4,0
127008,4,0
127009,4,0
127010,4,0
127011,4,0
127012,4,0
127013,4,0
127014,4,0
127015,4,0
127016,4,0
127017,4,0
127018,4,0
127019,4,0
127020,4,0
127021,4,0
127022,4,0
127023,4,0
127024,4,0
127025,4,0
127026,4,0
127027,4,0
127028,4,0
127029,4,0
127030,4,0
127031,4,0
127032,4,0
127033,4,0
127034,4,0
127035,4,0
127036,4,0
127037,4,0
127038,4,0
127039,4,0
127040,4,0
127041,4,0
127042,4,0
127043,4,0
127044,4,0
127045,4,0
127046,4,0
127047,4,0
127048,4,0
127049,4,0
127050,4,0
127051,4,0
127052,4,0
127053,4,0
127054,4,0
127055,4,0
127056,4,0
127057,4,0
127058,4,0
127059,4,1
127060,4,0
127061,4,0
127062,4,0
127063,4,0
127064,4,0
127065,4,0
127066,4,0
127067,4,0
127068,4,0
127069,4,0
127070,4,1
127071,4,0
127072,4,0
127073,4,0
127074,4,0
127075,4,0
127076,4,0
127077,4,0
127078,4,0
127079,4,0
127080,4,0
127081,4,0
127082,4,0
127083,4,0
127084,4,0
127085,4,0
127086,4,0
127087,4,0
127088,4,0
127089,4,0
127090,4,0
127091,4,0
127092,4,0
127093,4,0
127094,4,0
127095,4,0
127096,4,0
127097,4,0
127098,4,0
127099,4,0
127100,4,0
127101,4,0
127102,4,0
127103,4,0
127104,4,0
127105,4,0
127106,4,0
127107,4,0
127108,4,0
127109,4,0
127110,4,0
127111,4,0
127112,4,0
127113,4,0
127114,4,0
127115,4,0
127116,4,0
127117,4,0
127118,4,0
127119,4,0
127120,4,0
127121,4,0
127122,4,0
127123,4,0
127124,4,0
127125,4,0
127126,4,0
127127,4,0
127128,4,0
127129,4,0
127130,4,0
127131,4,0
127132,4,0
127133,4,0
127134,4,0
127135,4,0
127136,4,0
127137,4,0
127138,4,0
127139,4,0
127140,4,0
127141,4,0
127142,4,0
127143,4,0
127144,4,0
127145,4,0
127146,4,0
127147,4,0
127148,4,0
127149,4,0
127150,4,0
127151,4,0
127152,4,0
127153,4,0
127154,4,0
127155,4,0
127156,4,0
127157,4,0
127158,4,0
127159,4,0
127160,4,0
127161,4,0
127162,4,0
127163,4,0
127164,4,0
127165,4,0
127166,4,0
127167,4,0
127168,4,0
127169,4,0
127170,4,0
127171,4,0
127172,4,0
127173,4,0
127174,4,0
127175,4,0
127176,4,0
127177,4,0
127178,4,0
127179,4,0
127180,4,0
127181,4,0
127182,4,0
127183,4,0
127184,4,0
127185,4,0
127186,4,0
127187,4,0
127188,4,0
127189,4,0
127190,4,0
127191,4,0
127192,4,0
127193,4,0
127194,4,0
127195,4,0
127196,4,0
127197,4,0
127198,4,0
127199,4,0
127200,4,0
127201,4,0
127202,4,0
127203,4,0
127204,4,0
127205,4,0
127206,4,0
127207,4,0
127208,4,0
127209,4,0
127210,4,0
127211,4,0
127212,4,0
127213,4,0
127214,4,0
127215,4,0
127216,4,0
127217,4,0
127218,4,0
127219,4,0
127220,4,0
127221,4,0
127222,4,0
127223,4,0
127224,4,0
127225,4,0
127226,4,0
127227,4,0
127228,4,0
127229,4,0
127230,4,0
127231,4,0
127232,4,0
127233,4,0
127234,4,0
127235,4,0
127236,4,0
127237,4,0
127238,4,0
127239,4,0
127240,4,0
127241,4,0
127242,4,0
127243,4,0
127244,4,1
127245,4,0
127246,4,0
127247,4,0
127248,4,1
127249,4,0
127250,4,0
127251,4,1
127252,4,0
127253,4,0
127254,4,0
127255,4,0
127256,4,0
127257,4,0
127258,4,0
127259,4,0
127260,4,0
127261,4,0
127262,4,0
127263,4,0
127264,4,0
127265,4,0
127266,4,0
127267,4,1
127268,4,0
127269,4,0
127270,4,0
127271,4,1
127272,4,0
127273,4,0
127274,4,1
127275,4,0
127276,4,0
127277,4,1
127278,4,0
127279,4,0
127280,4,0
127281,4,1
127282,4,0
127283,4,1
127284,4,0
127285,4,0
127286,4,0
127287,4,1
127288,4,0
127289,4,0
127290,4,1
127291,4,0
127292,4,0
127293,4,0
127294,4,1
127295,4,0
127296,4,0
127297,4,1
127298,4,0
127299,4,0
127300,4,0
127301,4,0
127302,4,0
127303,4,1
127304,4,1
127305,4,1
127306,4,1
127307,4,1
127308,4,1
127309,4,0
127310,4,0
127311,4,0
127312,4,1
127313,4,0
127314,4,1
127315,4,0
127316,4,0
127317,4,0
127318,4,1
127319,4,0
127320,4,0
127321,4,1
127322,4,0
127323,4,1
127324,4,1
127325,4,1
127326,4,1
127327,4,1
127328,4,1
127329,4,1
127330,4,0
127331,4,1
127332,4,1
127333,4,0
127334,4,1
127335,4,1
127336,4,1
127337,4,0
127338,4,0
127339,4,0
127340,4,1
127341,4,0
127342,4,0
127343,4,1
127344,4,0
127345,4,0
127346,4,0
127347,4,1
127348,4,0
127349,4,0
127350,4,0
127351,4,0
127352,4,0
127353,4,0
127354,4,1
127355,4,1
127356,4,0
127357,4,1
127358,4,0
127359,4,0
127360,4,0
127361,4,0
127362,4,0
127363,4,1
127364,4,1
127365,4,0
127366,4,0
127367,4,0
127368,4,0
127369,4,0
127370,4,0
127371,4,0
127372,4,0
127373,4,1
127374,4,0
127375,4,0
127376,4,0
127377,4,1
127378,4,0
127379,4,0
127380,4,0
127381,4,0
127382,4,0
127383,4,0
127384,4,0
127385,4,0
127386,4,0
127387,4,0
127388,4,0
127389,4,0
127390,4,0
127391,4,0
127392,4,0
127393,4,0
127394,4,0
127395,4,0
127396,4,1
127397,4,0
127398,4,0
127399,4,0
127400,4,0
127401,4,1
127402,4,1
127403,4,0
127404,4,0
127405,4,0
127406,4,0
127407,4,0
127408,4,0
127409,4,0
127410,4,0
127411,4,0
127412,4,0
127413,4,0
127414,4,0
127415,4,0
127416,4,1
127417,4,1
127418,4,0
127419,4,0
127420,4,0
127421,4,0
127422,4,0
127423,4,0
127424,4,0
127425,4,0
127426,4,0
127427,4,0
127428,4,0
127429,4,0
127430,4,0
127431,4,0
127432,4,0
127433,4,0
127434,4,0
127435,4,0
127436,4,0
127437,4,0
127438,4,1
127439,4,0
127440,4,0
127441,4,0
127442,4,0
127443,4,0
127444,4,0
127445,4,0
127446,4,0
127447,4,0
127448,4,0
127449,4,0
127450,4,0
127451,4,0
127452,4,0
127453,4,0
127454,4,0
127455,4,0
127456,4,0
127457,4,0
127458,4,0
127459,4,0
127460,4,0
127461,4,0
127462,4,0
127463,4,0
127464,4,0
127465,4,0
127466,4,0
127467,4,0
127468,4,0
127469,4,0
127470,4,0
127471,4,0
127472,4,0
127473,4,0
127474,4,0
127475,4,0
127476,4,0
127477,4,0
127478,4,0
127479,4,0
127480,4,0
127481,4,0
127482,4,0
127483,4,0
127484,4,0
127485,4,0
127486,4,0
127487,4,0
127488,4,0
127489,4,0
127490,4,1
127491,4,0
127492,4,0
127493,4,0
127494,4,0
127495,4,0
127496,4,0
127497,4,0
127498,4,0
127499,4,1
127500,4,0
127501,4,0
127502,4,1
127503,4,0
127504,4,0
127505,4,0
127506,4,0
127507,4,0
127508,4,1
127509,4,0
127510,4,0
127511,4,1
127512,4,1
127513,4,0
127514,4,1
127515,4,1
127516,4,1
127517,4,1
127518,4,0
127519,4,0
127520,4,0
127521,4,0
127522,4,0
127523,4,0
127524,4,0
127525,4,1
127526,4,0
127527,4,1
127528,4,0
127529,4,0
127530,4,1
127531,4,1
127532,4,0
127533,4,1
127534,4,1
127535,4,1
127536,4,1
127537,4,1
127538,4,1
127539,4,0
127540,4,0
127541,4,0
127542,4,1
127543,4,1
127544,4,0
127545,4,0
127546,4,0
127547,4,0
127548,4,0
127549,4,0
127550,4,0
127551,4,0
127552,4,0
127553,4,0
127554,4,0
127555,4,0
127556,4,0
127557,4,0
127558,4,0
127559,4,0
127560,4,0
127561,4,0
127562,4,0
127563,4,0
127564,4,0
127565,4,0
127566,4,0
127567,4,0
127568,4,0
127569,4,0
127570,4,0
127571,4,0
127572,4,0
127573,4,0
127574,4,0
127575,4,0
127576,4,0
127577,4,0
127578,4,0
127579,4,0
127580,4,0
127581,4,0
127582,4,0
127583,4,0
127584,4,0
127585,4,0
127586,4,0
127587,4,0
127588,4,0
127589,4,0
127590,4,0
127591,4,0
127592,4,0
127593,4,0
127594,4,0
127595,4,0
127596,4,0
127597,4,0
127598,4,0
127599,4,0
127600,4,0
127601,4,0
127602,4,0
127603,4,0
127604,4,0
127605,4,0
127606,4,0
127607,4,0
127608,4,0
127609,4,0
127610,4,0
127611,4,0
127612,4,0
127613,4,0
127614,4,0
127615,4,0
127616,4,0
127617,4,0
127618,4,0
127619,4,0
127620,4,0
127621,4,0
127622,4,0
127623,4,0
127624,4,0
127625,4,0
127626,4,0
127627,4,0
127628,4,0
127629,4,0
127630,4,0
127631,4,0
127632,4,0
127633,4,0
127634,4,0
127635,4,0
127636,4,0
127637,4,0
127638,4,0
127639,4,0
127640,4,0
127641,4,0
127642,4,0
127643,4,0
127644,4,0
127645,4,0
127646,4,0
127647,4,0
127648,4,0
127649,4,0
127650,4,0
127651,4,0
127652,4,0
127653,4,0
127654,4,0
127655,4,0
127656,4,0
127657,4,0
127658,4,0
127659,4,0
127660,4,0
127661,4,0
127662,4,0
127663,4,0
127664,4,0
127665,4,0
127666,4,0
127667,4,0
127668,4,0
127669,4,0
127670,4,0
127671,4,0
127672,4,0
127673,4,0
127674,4,0
127675,4,0
127676,4,0
127677,4,0
127678,4,0
127679,4,0
127680,4,0
127681,4,0
127682,4,0
127683,4,0
127684,4,0
127685,4,0
127686,4,0
127687,4,0
127688,4,0
127689,4,0
127690,4,0
127691,4,0
127692,4,0
127693,4,0
127694,4,0
127695,4,0
127696,4,0
127697,4,0
127698,4,0
127699,4,0
127700,4,0
127701,4,0
127702,4,0
127703,4,0
127704,4,0
127705,4,0
127706,4,0
127707,4,0
127708,4,0
127709,4,0
127710,4,0
127711,4,0
127712,4,0
127713,4,0
127714,4,0
127715,4,0
127716,4,0
127717,4,0
127718,4,0
127719,4,0
127720,4,0
127721,4,0
127722,4,0
127723,4,0
127724,4,0
127725,4,0
127726,4,0
127727,4,0
127728,4,0
127729,4,0
127730,4,0
127731,4,0
127732,4,0
127733,4,0
127734,4,0
127735,4,0
127736,4,0
127737,4,0
127738,4,0
127739,4,0
127740,4,0
127741,4,0
127742,4,0
127743,4,0
127744,4,0
127745,4,0
127746,4,0
127747,4,0
127748,4,0
127749,4,0
127750,4,0
127751,4,0
127752,4,0
127753,4,0
127754,4,0
127755,4,0
127756,4,0
127757,4,0
127758,4,0
127759,4,0
127760,4,0
127761,4,0
127762,4,0
127763,4,0
127764,4,0
127765,4,0
127766,4,0
127767,4,0
127768,4,0
127769,4,0
127770,4,0
127771,4,0
127772,4,0
127773,4,0
127774,4,0
127775,4,0
127776,4,0
127777,4,0
127778,4,0
127779,4,0
127780,4,0
127781,4,0
127782,4,0
127783,4,0
127784,4,0
127785,4,0
127786,4,0
127787,4,0
127788,4,0
127789,4,0
127790,4,0
127791,4,0
127792,4,0
127793,4,0
127794,4,0
127795,4,0
127796,4,0
127797,4,0
127798,4,0
127799,4,0
127800,4,0
127801,4,0
127802,4,0
127803,4,0
127804,4,0
127805,4,0
127806,4,0
127807,4,0
127808,4,0
127809,4,0
127810,4,0
127811,4,0
127812,4,0
127813,4,0
127814,4,0
127815,4,0
127816,4,0
127817,4,0
127818,4,0
127819,4,0
127820,4,0
127821,4,0
127822,4,0
127823,4,0
127824,4,0
127825,4,0
127826,4,0
127827,4,0
127828,4,0
127829,4,0
127830,4,0
127831,4,0
127832,4,0
127833,4,0
127834,4,0
127835,4,0
127836,4,0
127837,4,0
127838,4,0
127839,4,0
127840,4,0
127841,4,0
127842,4,0
127843,4,0
127844,4,0
127845,4,0
127846,4,0
127847,4,0
127848,4,0
127849,4,0
127850,4,0
127851,4,0
127852,4,0
127853,4,0
127854,4,0
127855,4,0
127856,4,0
127857,4,0
127858,4,0
127859,4,0
127860,4,0
127861,4,0
127862,4,0
127863,4,0
127864,4,0
127865,4,0
127866,4,0
127867,4,0
127868,4,0
127869,4,0
127870,4,0
127871,4,0
127872,4,0
127873,4,0
127874,4,0
127875,4,0
127876,4,0
127877,4,0
127878,4,0
127879,4,0
127880,4,0
127881,4,0
127882,4,0
127883,4,0
127884,4,0
127885,4,0
127886,4,0
127887,4,0
127888,4,0
127889,4,0
127890,4,0
127891,4,0
127892,4,0
127893,4,0
127894,4,0
127895,4,0
127896,4,0
127897,4,0
127898,4,0
127899,4,0
127900,4,0
127901,4,0
127902,4,0
127903,4,0
127904,4,0
127905,4,0
127906,4,0
127907,4,0
127908,4,0
127909,4,0
127910,4,0
127911,4,0
127912,4,0
127913,4,0
127914,4,0
127915,4,0
127916,4,0
127917,4,0
127918,4,0
127919,4,0
127920,4,0
127921,4,0
127922,4,0
127923,4,0
127924,4,0
127925,4,0
127926,4,0
127927,4,0
127928,4,0
127929,4,0
127930,4,0
127931,4,0
127932,4,0
127933,4,0
127934,4,0
127935,4,0
127936,4,0
127937,4,0
127938,4,0
127939,4,0
127940,4,0
127941,4,0
127942,4,0
127943,4,0
127944,4,0
127945,4,0
127946,4,0
127947,4,0
127948,4,0
127949,4,0
127950,4,0
127951,4,0
127952,4,0
127953,4,0
127954,4,0
127955,4,0
127956,4,0
127957,4,0
127958,4,0
127959,4,0
127960,4,0
127961,4,0
127962,4,0
127963,4,0
127964,4,0
127965,4,0
127966,4,1
127967,4,0
127968,4,0
127969,4,0
127970,4,0
127971,4,0
127972,4,0
127973,4,0
127974,4,0
127975,4,0
127976,4,0
127977,4,0
127978,4,0
127979,4,0
127980,4,0
127981,4,0
127982,4,0
127983,4,0
127984,4,0
127985,4,0
127986,4,0
127987,4,0
127988,4,0
127989,4,0
127990,4,0
127991,4,0
127992,4,0
127993,4,0
127994,4,0
127995,4,0
127996,4,0
127997,4,0
127998,4,0
127999,4,0
128000,4,0
128001,4,0
128002,4,0
128003,4,0
128004,4,0
128005,4,0
128006,4,0
128007,4,0
128008,4,0
128009,4,0
128010,4,0
128011,4,0
128012,4,0
128013,4,0
128014,4,0
128015,4,0
128016,4,0
128017,4,0
128018,4,0
128019,4,0
128020,4,0
128021,4,0
128022,4,0
128023,4,0
128024,4,0
128025,4,0
128026,4,0
128027,4,0
128028,4,0
128029,4,0
128030,4,0
128031,4,0
128032,4,0
128033,4,0
128034,4,0
128035,4,0
128036,4,0
128037,4,0
128038,4,0
128039,4,0
128040,4,0
128041,4,0
128042,4,0
128043,4,0
128044,4,0
128045,4,0
128046,4,0
128047,4,0
128048,4,0
128049,4,0
128050,4,0
128051,4,0
128052,4,0
128053,4,0
128054,4,0
128055,4,0
128056,4,0
128057,4,0
128058,4,0
128059,4,0
128060,4,0
128061,4,0
128062,4,0
128063,4,0
128064,4,0
128065,4,0
128066,4,0
128067,4,0
128068,4,0
128069,4,0
128070,4,0
128071,4,0
128072,4,0
128073,4,0
128074,4,0
128075,4,0
128076,4,0
128077,4,0
128078,4,0
128079,4,0
128080,4,0
128081,4,0
128082,4,0
128083,4,0
128084,4,0
128085,4,0
128086,4,0
128087,4,0
128088,4,0
128089,4,0
128090,4,0
128091,4,0
128092,4,0
128093,4,0
128094,4,0
128095,4,0
128096,4,0
128097,4,0
128098,4,0
128099,4,0
128100,4,0
128101,4,0
128102,4,0
128103,4,1
128104,4,0
128105,4,0
128106,4,0
128107,4,0
128108,4,0
128109,4,1
128110,4,0
128111,4,0
128112,4,0
128113,4,0
128114,4,0
128115,4,0
128116,4,0
128117,4,0
128118,4,0
128119,4,0
128120,4,0
128121,4,0
128122,4,0
128123,4,0
128124,4,0
128125,4,0
128126,4,0
128127,4,0
128128,4,0
128129,4,0
128130,4,0
128131,4,0
128132,4,0
128133,4,0
128134,4,0
128135,4,0
128136,4,0
128137,4,0
128138,4,0
128139,4,0
128140,4,0
128141,4,0
128142,4,0
128143,4,0
128144,4,0
128145,4,0
128146,4,0
128147,4,0
128148,4,0
128149,4,0
128150,4,0
128151,4,0
128152,4,0
128153,4,0
128154,4,0
128155,4,0
128156,4,0
128157,4,0
128158,4,1
128159,4,0
128160,4,0
128161,4,0
128162,4,0
128163,4,0
128164,4,0
128165,4,0
128166,4,0
128167,4,0
128168,4,0
128169,4,0
128170,4,0
128171,4,0
128172,4,0
128173,4,0
128174,4,0
128175,4,0
128176,4,0
128177,4,0
128178,4,0
128179,4,0
128180,4,0
128181,4,0
128182,4,0
128183,4,0
128184,4,0
128185,4,0
128186,4,0
128187,4,0
128188,4,0
128189,4,0
128190,4,0
128191,4,0
128192,4,0
128193,4,0
128194,4,0
128195,4,0
128196,4,0
128197,4,1
128198,4,0
128199,4,0
128200,4,0
128201,4,0
128202,4,0
128203,4,0
128204,4,0
128205,4,0
128206,4,0
128207,4,0
128208,4,0
128209,4,0
128210,4,0
128211,4,1
128212,4,0
128213,4,0
128214,4,0
128215,4,0
128216,4,0
128217,4,0
128218,4,0
128219,4,0
128220,4,0
128221,4,0
128222,4,0
128223,4,0
128224,4,0
128225,4,0
128226,4,0
128227,4,0
128228,4,0
128229,4,0
128230,4,0
128231,4,0
128232,4,0
128233,4,0
128234,4,0
128235,4,0
128236,4,0
128237,4,0
128238,4,0
128239,4,0
128240,4,0
128241,4,0
128242,4,0
128243,4,0
128244,4,0
128245,4,0
128246,4,0
128247,4,0
128248,4,0
128249,4,0
128250,4,0
128251,4,0
128252,4,0
128253,4,1
128254,4,0
128255,4,0
128256,4,0
128257,4,0
128258,4,1
128259,4,0
128260,4,0
128261,4,0
128262,4,1
128263,4,0
128264,4,0
128265,4,0
128266,4,1
128267,4,0
128268,4,0
128269,4,0
128270,4,0
128271,4,1
128272,4,0
128273,4,0
128274,4,0
128275,4,0
128276,4,0
128277,4,0
128278,4,0
128279,4,0
128280,4,0
128281,4,0
128282,4,0
128283,4,0
128284,4,0
128285,4,0
128286,4,1
128287,4,0
128288,4,0
128289,4,0
128290,4,1
128291,4,0
128292,4,0
128293,4,0
128294,4,0
128295,4,0
128296,4,0
128297,4,0
128298,4,0
128299,4,1
128300,4,0
128301,4,1
128302,4,0
128303,4,0
128304,4,0
128305,4,0
128306,4,0
128307,4,0
128308,4,0
128309,4,0
128310,4,0
128311,4,0
128312,4,0
128313,4,0
128314,4,0
128315,4,0
128316,4,0
128317,4,0
128318,4,0
128319,4,0
128320,4,0
128321,4,0
128322,4,0
128323,4,0
128324,4,0
128325,4,0
128326,4,0
128327,4,1
128328,4,0
128329,4,0
128330,4,0
128331,4,0
128332,4,1
128333,4,1
128334,4,0
128335,4,0
128336,4,0
128337,4,0
128338,4,0
128339,4,1
128340,4,0
128341,4,0
128342,4,1
128343,4,0
128344,4,0
128345,4,0
128346,4,1
128347,4,0
128348,4,0
128349,4,1
128350,4,0
128351,4,1
128352,4,0
128353,4,0
128354,4,0
128355,4,0
128356,4,0
128357,4,0
128358,4,0
128359,4,0
128360,4,0
128361,4,1
128362,4,1
128363,4,0
128364,4,0
128365,4,0
128366,4,0
128367,4,0
128368,4,0
128369,4,1
128370,4,1
128371,4,1
128372,4,1
128373,4,1
128374,4,0
128375,4,1
128376,4,0
128377,4,0
128378,4,1
128379,4,1
128380,4,0
128381,4,1
128382,4,0
128383,4,0
128384,4,0
128385,4,0
128386,4,0
128387,4,0
128388,4,0
128389,4,0
128390,4,0
128391,4,0
128392,4,0
128393,4,0
128394,4,0
128395,4,0
128396,4,0
128397,4,0
128398,4,0
128399,4,0
128400,4,0
128401,4,0
128402,4,0
128403,4,0
128404,4,0
128405,4,0
128406,4,0
128407,4,0
128408,4,0
128409,4,0
128410,4,0
128411,4,0
128412,4,0
128413,4,0
128414,4,0
128415,4,0
128416,4,0
128417,4,0
128418,4,0
128419,4,0
128420,4,0
128421,4,0
128422,4,0
128423,4,0
128424,4,0
128425,4,0
128426,4,0
128427,4,0
128428,4,0
128429,4,0
128430,4,0
128431,4,0
128432,4,0
128433,4,0
128434,4,0
128435,4,0
128436,4,0
128437,4,0
128438,4,0
128439,4,0
128440,4,0
128441,4,0
128442,4,0
128443,4,0
128444,4,0
128445,4,0
128446,4,0
128447,4,0
128448,4,0
128449,4,0
128450,4,0
128451,4,0
128452,4,0
128453,4,0
128454,4,0
128455,4,0
128456,4,0
128457,4,0
128458,4,0
128459,4,0
128460,4,0
128461,4,0
128462,4,0
128463,4,0
128464,4,0
128465,4,0
128466,4,0
128467,4,0
128468,4,0
128469,4,0
128470,4,0
128471,4,0
128472,4,0
128473,4,0
128474,4,0
128475,4,0
128476,4,0
128477,4,0
128478,4,0
128479,4,0
128480,4,0
128481,4,0
128482,4,0
128483,4,0
128484,4,0
128485,4,0
128486,4,0
128487,4,0
128488,4,0
128489,4,0
128490,4,0
128491,4,0
128492,4,0
128493,4,0
128494,4,0
128495,4,0
128496,4,0
128497,4,0
128498,4,0
128499,4,0
128500,4,0
128501,4,0
128502,4,0
128503,4,0
128504,4,0
128505,4,0
128506,4,0
128507,4,0
128508,4,0
128509,4,0
128510,4,0
128511,4,0
128512,4,0
128513,4,0
128514,4,0
128515,4,0
128516,4,0
128517,4,1
128518,4,1
128519,4,0
128520,4,0
128521,4,0
128522,4,0
128523,4,0
128524,4,0
128525,4,0
128526,4,0
128527,4,0
128528,4,0
128529,4,0
128530,4,0
128531,4,0
128532,4,0
128533,4,0
128534,4,0
128535,4,0
128536,4,0
128537,4,0
128538,4,0
128539,4,0
128540,4,0
128541,4,0
128542,4,0
128543,4,0
128544,4,0
128545,4,0
128546,4,0
128547,4,0
128548,4,0
128549,4,0
128550,4,0
128551,4,0
128552,4,0
128553,4,0
128554,4,0
128555,4,0
128556,4,0
128557,4,0
128558,4,0
128559,4,0
128560,4,0
128561,4,0
128562,4,1
128563,4,1
128564,4,1
128565,4,1
128566,4,1
128567,4,1
128568,4,1
128569,4,1
128570,4,1
128571,4,1
128572,4,1
128573,4,1
128574,4,1
128575,4,0
128576,4,1
128577,4,1
128578,4,1
128579,4,1
128580,4,1
128581,4,1
128582,4,1
128583,4,1
128584,4,1
128585,4,0
128586,4,1
128587,4,0
128588,4,0
128589,4,1
128590,4,1
128591,4,1
128592,4,1
128593,4,1
128594,4,1
128595,4,1
128596,4,1
128597,4,0
128598,4,0
128599,4,1
128600,4,0
128601,4,0
128602,4,1
128603,4,0
128604,4,1
128605,4,0
128606,4,0
128607,4,0
128608,4,1
128609,4,1
128610,4,1
128611,4,1
128612,4,1
128613,4,1
128614,4,1
128615,4,1
128616,4,1
128617,4,0
128618,4,0
128619,4,1
128620,4,1
128621,4,0
128622,4,1
128623,4,1
128624,4,1
128625,4,0
128626,4,1
128627,4,0
128628,4,0
128629,4,0
128630,4,0
128631,4,0
128632,4,0
128633,4,1
128634,4,0
128635,4,1
128636,4,0
128637,4,0
128638,4,0
128639,4,0
128640,4,0
128641,4,1
128642,4,0
128643,4,0
128644,4,0
128645,4,0
128646,4,0
128647,4,0
128648,4,1
128649,4,0
128650,4,0
128651,4,0
128652,4,0
128653,4,1
128654,4,0
128655,4,0
128656,4,1
128657,4,0
128658,4,0
128659,4,0
128660,4,0
128661,4,0
128662,4,0
128663,4,0
128664,4,0
128665,4,0
128666,4,0
128667,4,0
128668,4,0
128669,4,0
128670,4,0
128671,4,1
128672,4,0
128673,4,0
128674,4,0
128675,4,0
128676,4,0
128677,4,0
128678,4,0
128679,4,0
128680,4,0
128681,4,0
128682,4,1
128683,4,0
128684,4,0
128685,4,0
128686,4,1
128687,4,0
128688,4,0
128689,4,0
128690,4,0
128691,4,0
128692,4,0
128693,4,0
128694,4,0
128695,4,1
128696,4,0
128697,4,0
128698,4,0
128699,4,0
128700,4,1
128701,4,0
128702,4,0
128703,4,0
128704,4,0
128705,4,0
128706,4,0
128707,4,0
128708,4,0
128709,4,0
128710,4,0
128711,4,0
128712,4,0
128713,4,0
128714,4,0
128715,4,0
128716,4,0
128717,4,0
128718,4,0
128719,4,1
128720,4,0
128721,4,0
128722,4,0
128723,4,0
128724,4,0
128725,4,0
128726,4,0
128727,4,0
128728,4,0
128729,4,0
128730,4,0
128731,4,0
128732,4,0
128733,4,0
128734,4,0
128735,4,0
128736,4,0
128737,4,0
128738,4,0
128739,4,0
128740,4,0
128741,4,0
128742,4,0
128743,4,0
128744,4,0
128745,4,0
128746,4,0
128747,4,0
128748,4,0
128749,4,0
128750,4,0
128751,4,0
128752,4,0
128753,4,0
128754,4,0
128755,4,0
128756,4,0
128757,4,0
128758,4,0
128759,4,0
128760,4,0
128761,4,0
128762,4,0
128763,4,0
128764,4,0
128765,4,0
128766,4,0
128767,4,0
128768,4,0
128769,4,0
128770,4,0
128771,4,0
128772,4,0
128773,4,0
128774,4,0
128775,4,0
128776,4,0
128777,4,1
128778,4,0
128779,4,0
128780,4,0
128781,4,0
128782,4,0
128783,4,0
128784,4,0
128785,4,0
128786,4,0
128787,4,0
128788,4,0
128789,4,1
128790,4,0
128791,4,0
128792,4,0
128793,4,0
128794,4,0
128795,4,0
128796,4,0
128797,4,0
128798,4,0
128799,4,0
128800,4,0
128801,4,0
128802,4,0
128803,4,0
128804,4,1
128805,4,0
128806,4,0
128807,4,0
128808,4,0
128809,4,0
128810,4,0
128811,4,0
128812,4,0
128813,4,0
128814,4,0
128815,4,0
128816,4,0
128817,4,0
128818,4,0
128819,4,0
128820,4,0
128821,4,0
128822,4,0
128823,4,0
128824,4,0
128825,4,0
128826,4,0
128827,4,0
128828,4,0
128829,4,0
128830,4,0
128831,4,0
128832,4,0
128833,4,0
128834,4,0
128835,4,0
128836,4,0
128837,4,0
128838,4,0
128839,4,0
128840,4,0
128841,4,0
128842,4,0
128843,4,1
128844,4,0
128845,4,0
128846,4,0
128847,4,0
128848,4,0
128849,4,0
128850,4,0
128851,4,0
128852,4,0
128853,4,0
128854,4,0
128855,4,0
128856,4,0
128857,4,0
128858,4,0
128859,4,0
128860,4,0
128861,4,0
128862,4,0
128863,4,0
128864,4,0
128865,4,0
128866,4,0
128867,4,0
128868,4,0
128869,4,0
128870,4,0
128871,4,0
128872,4,0
128873,4,0
128874,4,1
128875,4,0
128876,4,0
128877,4,0
128878,4,0
128879,4,0
128880,4,0
128881,4,0
128882,4,0
128883,4,0
128884,4,0
128885,4,0
128886,4,0
128887,4,0
128888,4,0
128889,4,0
128890,4,0
128891,4,0
128892,4,0
128893,4,0
128894,4,0
128895,4,0
128896,4,0
128897,4,0
128898,4,0
128899,4,0
128900,4,0
128901,4,0
128902,4,0
128903,4,0
128904,4,0
128905,4,0
128906,4,0
128907,4,0
128908,4,0
128909,4,0
128910,4,0
128911,4,0
128912,4,0
128913,4,0
128914,4,0
128915,4,0
128916,4,0
128917,4,0
128918,4,0
128919,4,0
128920,4,0
128921,4,0
128922,4,0
128923,4,0
128924,4,0
128925,4,0
128926,4,0
128927,4,0
128928,4,0
128929,4,0
128930,4,0
128931,4,0
128932,4,0
128933,4,0
128934,4,0
128935,4,0
128936,4,0
128937,4,0
128938,4,0
128939,4,0
128940,4,0
128941,4,0
128942,4,0
128943,4,0
128944,4,0
128945,4,0
128946,4,0
128947,4,0
128948,4,0
128949,4,0
128950,4,0
128951,4,0
128952,4,0
128953,4,0
128954,4,0
128955,4,0
128956,4,0
128957,4,0
128958,4,0
128959,4,0
128960,4,0
128961,4,0
128962,4,0
128963,4,0
128964,4,0
128965,4,0
128966,4,0
128967,4,0
128968,4,0
128969,4,0
128970,4,0
128971,4,0
128972,4,0
128973,4,0
128974,4,0
128975,4,0
128976,4,0
128977,4,0
128978,4,0
128979,4,0
128980,4,0
128981,4,0
128982,4,0
128983,4,0
128984,4,0
128985,4,0
128986,4,0
128987,4,0
128988,4,0
128989,4,0
128990,4,0
128991,4,0
128992,4,0
128993,4,0
128994,4,0
128995,4,0
128996,4,0
128997,4,0
128998,4,0
128999,4,0
129000,4,0
129001,4,0
129002,4,0
129003,4,0
129004,4,0
129005,4,0
129006,4,0
129007,4,0
129008,4,0
129009,4,0
129010,4,0
129011,4,0
129012,4,0
129013,4,0
129014,4,0
129015,4,0
129016,4,0
129017,4,0
129018,4,0
129019,4,0
129020,4,0
129021,4,0
129022,4,0
129023,4,0
129024,4,0
129025,4,0
129026,4,0
129027,4,0
129028,4,0
129029,4,0
129030,4,0
129031,4,0
129032,4,0
129033,4,0
129034,4,0
129035,4,0
129036,4,0
129037,4,0
129038,4,0
129039,4,0
129040,4,0
129041,4,0
129042,4,0
129043,4,0
129044,4,0
129045,4,0
129046,4,0
129047,4,0
129048,4,0
129049,4,0
129050,4,0
129051,4,0
129052,4,0
129053,4,0
129054,4,0
129055,4,0
129056,4,0
129057,4,0
129058,4,0
129059,4,0
129060,4,0
129061,4,0
129062,4,0
129063,4,0
129064,4,0
129065,4,0
129066,4,0
129067,4,0
129068,4,0
129069,4,0
129070,4,0
129071,4,0
129072,4,0
129073,4,0
129074,4,0
129075,4,0
129076,4,0
129077,4,0
129078,4,0
129079,4,0
129080,4,0
129081,4,0
129082,4,0
129083,4,0
129084,4,0
129085,4,0
129086,4,0
129087,4,0
129088,4,0
129089,4,0
129090,4,0
129091,4,0
129092,4,0
129093,4,0
129094,4,0
129095,4,0
129096,4,0
129097,4,0
129098,4,0
129099,4,0
129100,4,0
129101,4,0
129102,4,0
129103,4,0
129104,4,0
129105,4,0
129106,4,0
129107,4,0
129108,4,0
129109,4,0
129110,4,0
129111,4,0
129112,4,0
129113,4,0
129114,4,0
129115,4,0
129116,4,0
129117,4,0
129118,4,0
129119,4,0
129120,4,0
129121,4,0
129122,4,0
129123,4,0
129124,4,0
129125,4,0
129126,4,1
129127,4,0
129128,4,0
129129,4,0
129130,4,0
129131,4,0
129132,4,0
129133,4,0
129134,4,0
129135,4,0
129136,4,0
129137,4,0
129138,4,0
129139,4,0
129140,4,0
129141,4,0
129142,4,0
129143,4,0
129144,4,0
129145,4,0
129146,4,0
129147,4,0
129148,4,0
129149,4,0
129150,4,0
129151,4,0
129152,4,0
129153,4,0
129154,4,0
129155,4,0
129156,4,0
129157,4,0
129158,4,0
129159,4,0
129160,4,0
129161,4,0
129162,4,0
129163,4,0
129164,4,0
129165,4,0
129166,4,0
129167,4,0
129168,4,0
129169,4,0
129170,4,0
129171,4,0
129172,4,0
129173,4,0
129174,4,0
129175,4,0
129176,4,0
129177,4,0
129178,4,0
129179,4,0
129180,4,0
129181,4,0
129182,4,0
129183,4,0
129184,4,0
129185,4,0
129186,4,0
129187,4,0
129188,4,0
129189,4,0
129190,4,1
129191,4,0
129192,4,0
129193,4,0
129194,4,0
129195,4,0
129196,4,0
129197,4,0
129198,4,0
129199,4,0
129200,4,0
129201,4,0
129202,4,0
129203,4,0
129204,4,0
129205,4,0
129206,4,0
129207,4,0
129208,4,0
129209,4,0
129210,4,0
129211,4,0
129212,4,0
129213,4,0
129214,4,0
129215,4,0
129216,4,0
129217,4,0
129218,4,0
129219,4,0
129220,4,0
129221,4,0
129222,4,0
129223,4,0
129224,4,0
129225,4,0
129226,4,0
129227,4,0
129228,4,0
129229,4,0
129230,4,0
129231,4,0
129232,4,0
129233,4,0
129234,4,0
129235,4,0
129236,4,0
129237,4,0
129238,4,0
129239,4,0
129240,4,0
129241,4,0
129242,4,0
129243,4,0
129244,4,0
129245,4,0
129246,4,0
129247,4,0
129248,4,0
129249,4,0
129250,4,0
129251,4,0
129252,4,0
129253,4,0
129254,4,0
129255,4,0
129256,4,0
129257,4,0
129258,4,0
129259,4,0
129260,4,0
129261,4,0
129262,4,0
129263,4,0
129264,4,0
129265,4,0
129266,4,0
129267,4,0
129268,4,0
129269,4,0
129270,4,0
129271,4,0
129272,4,0
129273,4,0
129274,4,0
129275,4,0
129276,4,0
129277,4,0
129278,4,0
129279,4,0
129280,4,0
129281,4,0
129282,4,0
129283,4,0
129284,4,0
129285,4,0
129286,4,0
129287,4,0
129288,4,0
129289,4,0
129290,4,0
129291,4,0
129292,4,0
129293,4,0
129294,4,0
129295,4,0
129296,4,0
129297,4,0
129298,4,0
129299,4,0
129300,4,0
129301,4,0
129302,4,0
129303,4,0
129304,4,0
129305,4,0
129306,4,0
129307,4,0
129308,4,0
129309,4,0
129310,4,0
129311,4,0
129312,4,0
129313,4,0
129314,4,0
129315,4,0
129316,4,0
129317,4,0
129318,4,0
129319,4,0
129320,4,0
129321,4,0
129322,4,0
129323,4,0
129324,4,0
129325,4,0
129326,4,0
129327,4,0
129328,4,0
129329,4,0
129330,4,0
129331,4,0
129332,4,0
129333,4,0
129334,4,0
129335,4,0
129336,4,0
129337,4,0
129338,4,0
129339,4,0
129340,4,0
129341,4,0
129342,4,0
129343,4,0
129344,4,0
129345,4,0
129346,4,0
129347,4,0
129348,4,0
129349,4,0
129350,4,0
129351,4,0
129352,4,0
129353,4,0
129354,4,0
129355,4,0
129356,4,0
129357,4,0
129358,4,0
129359,4,0
129360,4,0
129361,4,0
129362,4,0
129363,4,0
129364,4,0
129365,4,0
129366,4,0
129367,4,0
129368,4,0
129369,4,0
129370,4,0
129371,4,0
129372,4,0
129373,4,0
129374,4,0
129375,4,0
129376,4,0
129377,4,0
129378,4,0
129379,4,0
129380,4,0
129381,4,0
129382,4,0
129383,4,0
129384,4,0
129385,4,0
129386,4,0
129387,4,0
129388,4,0
129389,4,0
129390,4,0
129391,4,0
129392,4,0
129393,4,0
129394,4,0
129395,4,0
129396,4,0
129397,4,0
129398,4,0
129399,4,0
129400,4,0
129401,4,0
129402,4,0
129403,4,0
129404,4,0
129405,4,0
129406,4,0
129407,4,0
129408,4,0
129409,4,0
129410,4,0
129411,4,0
129412,4,0
129413,4,0
129414,4,0
129415,4,0
129416,4,0
129417,4,0
129418,4,0
129419,4,0
129420,4,0
129421,4,0
129422,4,0
129423,4,0
129424,4,0
129425,4,0
129426,4,0
129427,4,0
129428,4,0
129429,4,0
129430,4,0
129431,4,0
129432,4,0
129433,4,0
129434,4,0
129435,4,0
129436,4,0
129437,4,0
129438,4,0
129439,4,0
129440,4,0
129441,4,0
129442,4,0
129443,4,0
129444,4,0
129445,4,0
129446,4,0
129447,4,0
129448,4,0
129449,4,0
129450,4,0
129451,4,0
129452,4,0
129453,4,0
129454,4,0
129455,4,0
129456,4,0
129457,4,0
129458,4,0
129459,4,0
129460,4,0
129461,4,0
129462,4,0
129463,4,0
129464,4,0
129465,4,0
129466,4,0
129467,4,0
129468,4,0
129469,4,0
129470,4,0
129471,4,0
129472,4,0
129473,4,0
129474,4,0
129475,4,0
129476,4,0
129477,4,0
129478,4,0
129479,4,0
129480,4,0
129481,4,0
129482,4,0
129483,4,0
129484,4,0
129485,4,0
129486,4,0
129487,4,0
129488,4,0
129489,4,0
129490,4,0
129491,4,0
129492,4,0
129493,4,0
129494,4,0
129495,4,0
129496,4,0
129497,4,0
129498,4,0
129499,4,0
129500,4,0
129501,4,0
129502,4,0
129503,4,0
129504,4,0
129505,4,0
129506,4,0
129507,4,0
129508,4,0
129509,4,0
129510,4,0
129511,4,0
129512,4,0
129513,4,0
129514,4,0
129515,4,0
129516,4,0
129517,4,0
129518,4,1
129519,4,0
129520,4,0
129521,4,0
129522,4,0
129523,4,0
129524,4,0
129525,4,0
129526,4,0
129527,4,0
129528,4,0
129529,4,0
129530,4,0
129531,4,0
129532,4,0
129533,4,0
129534,4,0
129535,4,0
129536,4,0
129537,4,0
129538,4,0
129539,4,0
129540,4,1
129541,4,1
129542,4,0
129543,4,0
129544,4,0
129545,4,0
129546,4,0
129547,4,0
129548,4,0
129549,4,1
129550,4,0
129551,4,0
129552,4,0
129553,4,0
129554,4,0
129555,4,0
129556,4,0
129557,4,0
129558,4,0
129559,4,0
129560,4,0
129561,4,1
129562,4,0
129563,4,0
129564,4,0
129565,4,0
129566,4,0
129567,4,0
129568,4,0
129569,4,0
129570,4,0
129571,4,0
129572,4,0
129573,4,0
129574,4,0
129575,4,0
129576,4,1
129577,4,0
129578,4,1
129579,4,0
129580,4,0
129581,4,1
129582,4,0
129583,4,0
129584,4,0
129585,4,0
129586,4,0
129587,4,0
129588,4,0
129589,4,0
129590,4,0
129591,4,0
129592,4,0
129593,4,0
129594,4,0
129595,4,0
129596,4,0
129597,4,0
129598,4,0
129599,4,0
129600,4,0
129601,4,0
129602,4,0
129603,4,0
129604,4,0
129605,4,0
129606,4,0
129607,4,0
129608,4,0
129609,4,0
129610,4,0
129611,4,0
129612,4,0
129613,4,0
129614,4,0
129615,4,0
129616,4,0
129617,4,0
129618,4,0
129619,4,0
129620,4,0
129621,4,0
129622,4,0
129623,4,0
129624,4,0
129625,4,0
129626,4,0
129627,4,0
129628,4,0
129629,4,0
129630,4,0
129631,4,0
129632,4,0
129633,4,0
129634,4,0
129635,4,0
129636,4,0
129637,4,0
129638,4,0
129639,4,0
129640,4,0
129641,4,0
129642,4,0
129643,4,0
129644,4,0
129645,4,0
129646,4,0
129647,4,0
129648,4,0
129649,4,0
129650,4,0
129651,4,0
129652,4,0
129653,4,0
129654,4,0
129655,4,0
129656,4,0
129657,4,0
129658,4,0
129659,4,0
129660,4,0
129661,4,0
129662,4,0
129663,4,0
129664,4,0
129665,4,0
129666,4,0
129667,4,1
129668,4,0
129669,4,0
129670,4,0
129671,4,0
129672,4,0
129673,4,0
129674,4,0
129675,4,0
129676,4,0
129677,4,0
129678,4,0
129679,4,0
129680,4,0
129681,4,0
129682,4,0
129683,4,0
129684,4,0
129685,4,0
129686,4,0
129687,4,1
129688,4,0
129689,4,0
129690,4,0
129691,4,0
129692,4,0
129693,4,0
129694,4,0
129695,4,0
129696,4,0
129697,4,0
129698,4,0
129699,4,0
129700,4,0
129701,4,0
129702,4,0
129703,4,1
129704,4,0
129705,4,0
129706,4,0
129707,4,0
129708,4,0
129709,4,0
129710,4,0
129711,4,0
129712,4,0
129713,4,0
129714,4,0
129715,4,0
129716,4,0
129717,4,0
129718,4,0
129719,4,0
129720,4,0
129721,4,0
129722,4,0
129723,4,1
129724,4,0
129725,4,0
129726,4,0
129727,4,0
129728,4,0
129729,4,0
129730,4,0
129731,4,0
129732,4,0
129733,4,0
129734,4,0
129735,4,0
129736,4,0
129737,4,0
129738,4,0
129739,4,0
129740,4,0
129741,4,0
129742,4,0
129743,4,0
129744,4,0
129745,4,0
129746,4,0
129747,4,0
129748,4,0
129749,4,0
129750,4,0
129751,4,0
129752,4,0
129753,4,0
129754,4,0
129755,4,0
129756,4,0
129757,4,0
129758,4,0
129759,4,0
129760,4,0
129761,4,1
129762,4,0
129763,4,0
129764,4,0
129765,4,0
129766,4,0
129767,4,0
129768,4,0
129769,4,0
129770,4,0
129771,4,0
129772,4,0
129773,4,0
129774,4,0
129775,4,0
129776,4,0
129777,4,0
129778,4,0
129779,4,0
129780,4,0
129781,4,0
129782,4,0
129783,4,0
129784,4,0
129785,4,0
129786,4,0
129787,4,0
129788,4,0
129789,4,0
129790,4,0
129791,4,1
129792,4,0
129793,4,1
129794,4,0
129795,4,0
129796,4,0
129797,4,0
129798,4,0
129799,4,0
129800,4,0
129801,4,1
129802,4,0
129803,4,0
129804,4,0
129805,4,0
129806,4,0
129807,4,0
129808,4,0
129809,4,0
129810,4,0
129811,4,0
129812,4,0
129813,4,1
129814,4,0
129815,4,0
129816,4,0
129817,4,0
129818,4,0
129819,4,0
129820,4,0
129821,4,0
129822,4,1
129823,4,0
129824,4,0
129825,4,0
129826,4,0
129827,4,0
129828,4,0
129829,4,0
129830,4,0
129831,4,1
129832,4,0
129833,4,0
129834,4,0
129835,4,0
129836,4,0
129837,4,0
129838,4,0
129839,4,0
129840,4,0
129841,4,1
129842,4,0
129843,4,0
129844,4,0
129845,4,0
129846,4,0
129847,4,0
129848,4,0
129849,4,0
129850,4,0
129851,4,0
129852,4,1
129853,4,0
129854,4,0
129855,4,0
129856,4,0
129857,4,0
129858,4,1
129859,4,0
129860,4,0
129861,4,0
129862,4,0
129863,4,0
129864,4,0
129865,4,0
129866,4,0
129867,4,0
129868,4,0
129869,4,0
129870,4,0
129871,4,0
129872,4,0
129873,4,0
129874,4,0
129875,4,0
129876,4,1
129877,4,0
129878,4,0
129879,4,0
129880,4,0
129881,4,0
129882,4,0
129883,4,0
129884,4,1
129885,4,0
129886,4,0
129887,4,0
129888,4,0
129889,4,0
129890,4,0
129891,4,0
129892,4,0
129893,4,0
129894,4,0
129895,4,0
129896,4,1
129897,4,0
129898,4,0
129899,4,0
129900,4,0
129901,4,1
129902,4,0
129903,4,0
129904,4,0
129905,4,0
129906,4,0
129907,4,0
129908,4,0
129909,4,1
129910,4,0
129911,4,1
129912,4,0
129913,4,0
129914,4,0
129915,4,0
129916,4,0
129917,4,0
129918,4,0
129919,4,1
129920,4,0
129921,4,0
129922,4,0
129923,4,0
129924,4,0
129925,4,1
129926,4,0
129927,4,1
129928,4,0
129929,4,0
129930,4,0
129931,4,0
129932,4,0
129933,4,1
129934,4,1
129935,4,0
129936,4,1
129937,4,1
129938,4,0
129939,4,0
129940,4,0
129941,4,0
129942,4,0
129943,4,0
129944,4,0
129945,4,0
129946,4,0
129947,4,1
129948,4,1
129949,4,1
129950,4,0
129951,4,0
129952,4,0
129953,4,1
129954,4,1
129955,4,0
129956,4,0
129957,4,0
129958,4,0
129959,4,1
129960,4,1
129961,4,0
129962,4,0
129963,4,1
129964,4,0
129965,4,1
129966,4,0
129967,4,0
129968,4,0
129969,4,1
129970,4,1
129971,4,1
129972,4,0
129973,4,0
129974,4,0
129975,4,1
129976,4,1
129977,4,1
129978,4,0
129979,4,0
129980,4,1
129981,4,1
129982,4,1
129983,4,1
129984,4,0
129985,4,1
129986,4,1
129987,4,1
129988,4,1
129989,4,0
129990,4,1
129991,4,1
129992,4,1
129993,4,0
129994,4,1
129995,4,1
129996,4,1
129997,4,1
129998,4,1
129999,4,1
130000,4,1
130001,4,1
130002,4,1
130003,4,1
130004,4,1
130005,4,1
130006,4,1
130007,4,1
130008,4,1
130009,4,1
130010,4,1
130011,4,1
130012,4,0
130013,4,1
130014,4,0
130015,4,0
130016,4,0
130017,4,0
130018,4,0
130019,4,0
130020,4,0
130021,4,0
130022,4,0
130023,4,0
130024,4,0
130025,4,0
130026,4,0
130027,4,0
130028,4,1
130029,4,0
130030,4,0
130031,4,1
130032,4,0
130033,4,1
130034,4,1
130035,4,0
130036,4,0
130037,4,0
130038,4,0
130039,4,0
130040,4,0
130041,4,0
130042,4,1
130043,4,0
130044,4,0
130045,4,0
130046,4,0
130047,4,0
130048,4,0
130049,4,0
130050,4,0
130051,4,0
130052,4,0
130053,4,0
130054,4,0
130055,4,0
130056,4,0
130057,4,0
130058,4,0
130059,4,0
130060,4,0
130061,4,0
130062,4,1
130063,4,0
130064,4,0
130065,4,0
130066,4,0
130067,4,0
130068,4,0
130069,4,0
130070,4,0
130071,4,0
130072,4,0
130073,4,0
130074,4,0
130075,4,0
130076,4,0
130077,4,0
130078,4,0
130079,4,0
130080,4,0
130081,4,0
130082,4,0
130083,4,0
130084,4,0
130085,4,0
130086,4,0
130087,4,0
130088,4,0
130089,4,1
130090,4,0
130091,4,0
130092,4,0
130093,4,0
130094,4,0
130095,4,0
130096,4,0
130097,4,0
130098,4,0
130099,4,0
130100,4,0
130101,4,0
130102,4,0
130103,4,0
130104,4,0
130105,4,0
130106,4,0
130107,4,0
130108,4,0
130109,4,0
130110,4,0
130111,4,0
130112,4,0
130113,4,0
130114,4,1
130115,4,0
130116,4,0
130117,4,0
130118,4,1
130119,4,1
130120,4,0
130121,4,0
130122,4,0
130123,4,0
130124,4,0
130125,4,0
130126,4,0
130127,4,0
130128,4,0
130129,4,0
130130,4,0
130131,4,0
130132,4,0
130133,4,0
130134,4,0
130135,4,0
130136,4,0
130137,4,0
130138,4,0
130139,4,0
130140,4,0
130141,4,1
130142,4,0
130143,4,0
130144,4,0
130145,4,0
130146,4,0
130147,4,0
130148,4,0
130149,4,0
130150,4,0
130151,4,0
130152,4,0
130153,4,0
130154,4,0
130155,4,1
130156,4,0
130157,4,0
130158,4,0
130159,4,0
130160,4,0
130161,4,0
130162,4,0
130163,4,1
130164,4,0
130165,4,0
130166,4,1
130167,4,0
130168,4,0
130169,4,0
130170,4,0
130171,4,0
130172,4,0
130173,4,0
130174,4,0
130175,4,0
130176,4,0
130177,4,0
130178,4,0
130179,4,0
130180,4,0
130181,4,0
130182,4,0
130183,4,0
130184,4,0
130185,4,0
130186,4,0
130187,4,0
130188,4,0
130189,4,0
130190,4,0
130191,4,0
130192,4,0
130193,4,0
130194,4,0
130195,4,0
130196,4,0
130197,4,0
130198,4,0
130199,4,0
130200,4,0
130201,4,0
130202,4,0
130203,4,1
130204,4,0
130205,4,0
130206,4,0
130207,4,0
130208,4,0
130209,4,0
130210,4,0
130211,4,0
130212,4,0
130213,4,0
130214,4,0
130215,4,0
130216,4,0
130217,4,0
130218,4,0
130219,4,0
130220,4,0
130221,4,0
130222,4,0
130223,4,0
130224,4,0
130225,4,0
130226,4,0
130227,4,0
130228,4,0
130229,4,0
130230,4,0
130231,4,0
130232,4,0
130233,4,0
130234,4,0
130235,4,0
130236,4,0
130237,4,0
130238,4,0
130239,4,0
130240,4,0
130241,4,0
130242,4,0
130243,4,0
130244,4,0
130245,4,0
130246,4,0
130247,4,0
130248,4,0
130249,4,0
130250,4,0
130251,4,0
130252,4,0
130253,4,0
130254,4,0
130255,4,0
130256,4,0
130257,4,0
130258,4,0
130259,4,0
130260,4,0
130261,4,0
130262,4,0
130263,4,0
130264,4,0
130265,4,0
130266,4,0
130267,4,0
130268,4,0
130269,4,0
130270,4,0
130271,4,0
130272,4,0
130273,4,0
130274,4,0
130275,4,0
130276,4,0
130277,4,0
130278,4,0
130279,4,0
130280,4,0
130281,4,0
130282,4,0
130283,4,0
130284,4,0
130285,4,0
130286,4,0
130287,4,0
130288,4,0
130289,4,0
130290,4,0
130291,4,0
130292,4,0
130293,4,0
130294,4,0
130295,4,0
130296,4,0
130297,4,1
130298,4,0
130299,4,0
130300,4,0
130301,4,0
130302,4,0
130303,4,0
130304,4,0
130305,4,0
130306,4,0
130307,4,1
130308,4,0
130309,4,0
130310,4,0
130311,4,0
130312,4,0
130313,4,0
130314,4,0
130315,4,0
130316,4,0
130317,4,0
130318,4,0
130319,4,0
130320,4,0
130321,4,0
130322,4,1
130323,4,0
130324,4,0
130325,4,0
130326,4,0
130327,4,0
130328,4,0
130329,4,0
130330,4,0
130331,4,0
130332,4,0
130333,4,0
130334,4,0
130335,4,0
130336,4,0
130337,4,0
130338,4,0
130339,4,0
130340,4,0
130341,4,0
130342,4,0
130343,4,1
130344,4,0
130345,4,0
130346,4,0
130347,4,0
130348,4,0
130349,4,0
130350,4,0
130351,4,0
130352,4,0
130353,4,0
130354,4,0
130355,4,0
130356,4,0
130357,4,0
130358,4,0
130359,4,0
130360,4,0
130361,4,0
130362,4,0
130363,4,0
130364,4,0
130365,4,0
130366,4,0
130367,4,0
130368,4,0
130369,4,0
130370,4,0
130371,4,0
130372,4,0
130373,4,0
130374,4,0
130375,4,0
130376,4,0
130377,4,0
130378,4,0
130379,4,0
130380,4,0
130381,4,0
130382,4,0
130383,4,0
130384,4,0
130385,4,0
130386,4,0
130387,4,0
130388,4,0
130389,4,0
130390,4,0
130391,4,0
130392,4,0
130393,4,0
130394,4,0
130395,4,0
130396,4,1
130397,4,0
130398,4,0
130399,4,0
130400,4,0
130401,4,0
130402,4,0
130403,4,0
130404,4,0
130405,4,0
130406,4,0
130407,4,0
130408,4,0
130409,4,0
130410,4,0
130411,4,0
130412,4,0
130413,4,0
130414,4,0
130415,4,0
130416,4,0
130417,4,0
130418,4,0
130419,4,0
130420,4,0
130421,4,0
130422,4,0
130423,4,0
130424,4,0
130425,4,0
130426,4,0
130427,4,1
130428,4,0
130429,4,0
130430,4,0
130431,4,0
130432,4,0
130433,4,0
130434,4,0
130435,4,0
130436,4,0
130437,4,0
130438,4,0
130439,4,0
130440,4,0
130441,4,0
130442,4,0
130443,4,0
130444,4,0
130445,4,0
130446,4,0
130447,4,0
130448,4,0
130449,4,0
130450,4,0
130451,4,0
130452,4,0
130453,4,0
130454,4,0
130455,4,0
130456,4,0
130457,4,0
130458,4,0
130459,4,0
130460,4,0
130461,4,0
130462,4,0
130463,4,0
130464,4,0
130465,4,0
130466,4,0
130467,4,0
130468,4,0
130469,4,0
130470,4,0
130471,4,0
130472,4,0
130473,4,1
130474,4,0
130475,4,0
130476,4,1
130477,4,0
130478,4,1
130479,4,1
130480,4,0
130481,4,0
130482,4,0
130483,4,0
130484,4,0
130485,4,0
130486,4,0
130487,4,0
130488,4,0
130489,4,0
130490,4,0
130491,4,1
130492,4,0
130493,4,0
130494,4,0
130495,4,0
130496,4,0
130497,4,0
130498,4,0
130499,4,0
130500,4,0
130501,4,0
130502,4,0
130503,4,0
130504,4,0
130505,4,0
130506,4,0
130507,4,0
130508,4,0
130509,4,0
130510,4,0
130511,4,0
130512,4,1
130513,4,0
130514,4,0
130515,4,0
130516,4,0
130517,4,0
130518,4,0
130519,4,0
130520,4,0
130521,4,0
130522,4,0
130523,4,0
130524,4,0
130525,4,0
130526,4,0
130527,4,0
130528,4,0
130529,4,0
130530,4,0
130531,4,0
130532,4,0
130533,4,0
130534,4,0
130535,4,0
130536,4,0
130537,4,0
130538,4,0
130539,4,0
130540,4,0
130541,4,0
130542,4,0
130543,4,0
130544,4,0
130545,4,0
130546,4,1
130547,4,0
130548,4,0
130549,4,0
130550,4,1
130551,4,0
130552,4,0
130553,4,0
130554,4,0
130555,4,0
130556,4,0
130557,4,0
130558,4,1
130559,4,0
130560,4,0
130561,4,0
130562,4,0
130563,4,1
130564,4,0
130565,4,0
130566,4,0
130567,4,0
130568,4,0
130569,4,0
130570,4,0
130571,4,0
130572,4,0
130573,4,0
130574,4,0
130575,4,0
130576,4,0
130577,4,0
130578,4,0
130579,4,0
130580,4,0
130581,4,0
130582,4,0
130583,4,0
130584,4,0
130585,4,0
130586,4,0
130587,4,0
130588,4,0
130589,4,0
130590,4,1
130591,4,1
130592,4,0
130593,4,0
130594,4,0
130595,4,0
130596,4,0
130597,4,0
130598,4,0
130599,4,0
130600,4,0
130601,4,0
130602,4,0
130603,4,0
130604,4,0
130605,4,0
130606,4,0
130607,4,0
130608,4,0
130609,4,0
130610,4,0
130611,4,0
130612,4,0
130613,4,0
130614,4,0
130615,4,1
130616,4,0
130617,4,0
130618,4,0
130619,4,0
130620,4,0
130621,4,0
130622,4,1
130623,4,1
130624,4,0
130625,4,0
130626,4,0
130627,4,0
130628,4,0
130629,4,0
130630,4,1
130631,4,0
130632,4,0
130633,4,0
130634,4,1
130635,4,0
130636,4,0
130637,4,0
130638,4,0
130639,4,0
130640,4,0
130641,4,0
130642,4,0
130643,4,0
130644,4,1
130645,4,0
130646,4,0
130647,4,0
130648,4,0
130649,4,0
130650,4,0
130651,4,0
130652,4,1
130653,4,0
130654,4,1
130655,4,0
130656,4,0
130657,4,1
130658,4,1
130659,4,0
130660,4,0
130661,4,0
130662,4,0
130663,4,0
130664,4,1
130665,4,0
130666,4,0
130667,4,0
130668,4,0
130669,4,0
130670,4,0
130671,4,0
130672,4,0
130673,4,0
130674,4,0
130675,4,0
130676,4,1
130677,4,0
130678,4,0
130679,4,0
130680,4,1
130681,4,0
130682,4,0
130683,4,0
130684,4,0
130685,4,0
130686,4,0
130687,4,0
130688,4,0
130689,4,0
130690,4,0
130691,4,0
130692,4,0
130693,4,0
130694,4,0
130695,4,0
130696,4,0
130697,4,0
130698,4,1
130699,4,0
130700,4,0
130701,4,0
130702,4,1
130703,4,0
130704,4,0
130705,4,0
130706,4,0
130707,4,0
130708,4,0
130709,4,0
130710,4,0
130711,4,0
130712,4,0
130713,4,0
130714,4,0
130715,4,1
130716,4,0
130717,4,1
130718,4,0
130719,4,0
130720,4,0
130721,4,1
130722,4,1
130723,4,0
130724,4,0
130725,4,0
130726,4,0
130727,4,0
130728,4,1
130729,4,0
130730,4,0
130731,4,0
130732,4,0
130733,4,0
130734,4,0
130735,4,1
130736,4,1
130737,4,0
130738,4,0
130739,4,0
130740,4,0
130741,4,0
130742,4,1
130743,4,0
130744,4,0
130745,4,0
130746,4,0
130747,4,1
130748,4,1
130749,4,0
130750,4,0
130751,4,0
130752,4,0
130753,4,1
130754,4,0
130755,4,0
130756,4,0
130757,4,1
130758,4,1
130759,4,0
130760,4,0
130761,4,0
130762,4,0
130763,4,0
130764,4,1
130765,4,0
130766,4,1
130767,4,1
130768,4,0
130769,4,1
130770,4,1
130771,4,0
130772,4,0
130773,4,0
130774,4,0
130775,4,1
130776,4,1
130777,4,0
130778,4,1
130779,4,0
130780,4,0
130781,4,0
130782,4,1
130783,4,0
130784,4,0
130785,4,1
130786,4,0
130787,4,0
130788,4,1
130789,4,1
130790,4,0
130791,4,1
130792,4,0
130793,4,1
130794,4,1
130795,4,1
130796,4,0
130797,4,0
130798,4,0
130799,4,0
130800,4,1
130801,4,1
130802,4,0
130803,4,1
130804,4,1
130805,4,0
130806,4,1
130807,4,0
130808,4,0
130809,4,1
130810,4,1
130811,4,0
130812,4,0
130813,4,1
130814,4,1
130815,4,1
130816,4,0
130817,4,1
130818,4,1
130819,4,1
130820,4,1
130821,4,1
130822,4,0
130823,4,1
130824,4,1
130825,4,1
130826,4,0
130827,4,1
130828,4,1
130829,4,1
130830,4,1
130831,4,1
130832,4,1
130833,4,1
130834,4,1
130835,4,1
130836,4,1
130837,4,1
130838,4,1
130839,4,0
130840,4,0
130841,4,1
130842,4,1
130843,4,1
130844,4,0
130845,4,0
130846,4,1
130847,4,1
130848,4,0
130849,4,0
130850,4,0
130851,4,0
130852,4,0
130853,4,0
130854,4,0
130855,4,0
130856,4,0
130857,4,1
130858,4,0
130859,4,0
130860,4,0
130861,4,1
130862,4,0
130863,4,0
130864,4,0
130865,4,1
130866,4,0
130867,4,1
130868,4,0
130869,4,1
130870,4,1
130871,4,1
130872,4,1
130873,4,0
130874,4,0
130875,4,0
130876,4,1
130877,4,0
130878,4,1
130879,4,0
130880,4,0
130881,4,1
130882,4,0
130883,4,0
130884,4,0
130885,4,0
130886,4,0
130887,4,0
130888,4,0
130889,4,0
130890,4,0
130891,4,0
130892,4,0
130893,4,1
130894,4,0
130895,4,0
130896,4,0
130897,4,0
130898,4,0
130899,4,0
130900,4,0
130901,4,0
130902,4,0
130903,4,0
130904,4,0
130905,4,0
130906,4,0
130907,4,0
130908,4,0
130909,4,0
130910,4,0
130911,4,1
130912,4,0
130913,4,1
130914,4,0
130915,4,0
130916,4,0
130917,4,0
130918,4,0
130919,4,1
130920,4,0
130921,4,0
130922,4,0
130923,4,0
130924,4,0
130925,4,0
130926,4,0
130927,4,0
130928,4,0
130929,4,0
130930,4,0
130931,4,0
130932,4,0
130933,4,0
130934,4,0
130935,4,0
130936,4,1
130937,4,0
130938,4,0
130939,4,0
130940,4,0
130941,4,0
130942,4,0
130943,4,0
130944,4,0
130945,4,0
130946,4,0
130947,4,0
130948,4,0
130949,4,0
130950,4,0
130951,4,0
130952,4,0
130953,4,0
130954,4,0
130955,4,0
130956,4,0
130957,4,0
130958,4,0
130959,4,0
130960,4,0
130961,4,0
130962,4,0
130963,4,0
130964,4,0
130965,4,0
130966,4,0
130967,4,0
130968,4,0
130969,4,0
130970,4,0
130971,4,0
130972,4,0
130973,4,0
130974,4,0
130975,4,0
130976,4,0
130977,4,0
130978,4,0
130979,4,0
130980,4,0
130981,4,0
130982,4,0
130983,4,0
130984,4,0
130985,4,0
130986,4,0
130987,4,0
130988,4,0
130989,4,1
130990,4,0
130991,4,0
130992,4,0
130993,4,0
130994,4,0
130995,4,0
130996,4,0
130997,4,0
130998,4,0
130999,4,0
131000,4,0
131001,4,0
131002,4,0
131003,4,0
131004,4,0
131005,4,0
131006,4,0
131007,4,0
131008,4,0
131009,4,0
131010,4,0
131011,4,0
131012,4,0
131013,4,0
131014,4,0
131015,4,0
131016,4,0
131017,4,0
131018,4,0
131019,4,0
131020,4,0
131021,4,0
131022,4,0
131023,4,0
131024,4,0
131025,4,0
131026,4,0
131027,4,0
131028,4,0
131029,4,0
131030,4,0
131031,4,0
131032,4,0
131033,4,0
131034,4,0
131035,4,0
131036,4,0
131037,4,0
131038,4,0
131039,4,0
131040,4,0
131041,4,0
131042,4,0
131043,4,0
131044,4,0
131045,4,0
131046,4,0
131047,4,0
131048,4,0
131049,4,0
131050,4,0
131051,4,0
131052,4,0
131053,4,0
131054,4,0
131055,4,0
131056,4,0
131057,4,0
131058,4,0
131059,4,1
131060,4,0
131061,4,0
131062,4,0
131063,4,0
131064,4,0
131065,4,0
131066,4,0
131067,4,0
131068,4,0
131069,4,0
131070,4,0
131071,4,0
131072,4,0
131073,4,0
131074,4,0
131075,4,0
131076,4,0
131077,4,0
131078,4,0
131079,4,0
131080,4,0
131081,4,0
131082,4,1
131083,4,0
131084,4,0
131085,4,0
131086,4,0
131087,4,0
131088,4,0
131089,4,0
131090,4,0
131091,4,0
131092,4,0
131093,4,0
131094,4,0
131095,4,0
131096,4,0
131097,4,0
131098,4,0
131099,4,0
131100,4,0
131101,4,0
131102,4,0
131103,4,0
131104,4,0
131105,4,0
131106,4,0
131107,4,0
131108,4,0
131109,4,0
131110,4,0
131111,4,0
131112,4,0
131113,4,0
131114,4,0
131115,4,0
131116,4,0
131117,4,0
131118,4,0
131119,4,0
131120,4,0
131121,4,0
131122,4,0
131123,4,0
131124,4,0
131125,4,0
131126,4,0
131127,4,0
131128,4,0
131129,4,0
131130,4,0
131131,4,0
131132,4,0
131133,4,0
131134,4,0
131135,4,0
131136,4,0
131137,4,0
131138,4,0
131139,4,0
131140,4,0
131141,4,0
131142,4,0
131143,4,0
131144,4,0
131145,4,0
131146,4,0
131147,4,0
131148,4,0
131149,4,0
131150,4,0
131151,4,0
131152,4,0
131153,4,0
131154,4,0
131155,4,0
131156,4,0
131157,4,0
131158,4,0
131159,4,0
131160,4,0
131161,4,0
131162,4,0
131163,4,0
131164,4,0
131165,4,0
131166,4,0
131167,4,0
131168,4,0
131169,4,0
131170,4,0
131171,4,0
131172,4,0
131173,4,0
131174,4,0
131175,4,0
131176,4,0
131177,4,0
131178,4,0
131179,4,0
131180,4,0
131181,4,0
131182,4,0
131183,4,0
131184,4,0
131185,4,0
131186,4,0
131187,4,0
131188,4,0
131189,4,0
131190,4,0
131191,4,0
131192,4,0
131193,4,0
131194,4,0
131195,4,0
131196,4,0
131197,4,0
131198,4,0
131199,4,0
131200,4,0
131201,4,0
131202,4,0
131203,4,0
131204,4,0
131205,4,0
131206,4,0
131207,4,0
131208,4,0
131209,4,0
131210,4,0
131211,4,0
131212,4,0
131213,4,0
131214,4,0
131215,4,0
131216,4,0
131217,4,0
131218,4,0
131219,4,0
131220,4,0
131221,4,0
131222,4,0
131223,4,0
131224,4,0
131225,4,0
131226,4,0
131227,4,0
131228,4,0
131229,4,0
131230,4,0
131231,4,0
131232,4,0
131233,4,0
131234,4,0
131235,4,0
131236,4,0
131237,4,0
131238,4,0
131239,4,0
131240,4,0
131241,4,0
131242,4,0
131243,4,0
131244,4,0
131245,4,0
131246,4,0
131247,4,1
131248,4,0
131249,4,0
131250,4,0
131251,4,0
131252,4,0
131253,4,0
131254,4,0
131255,4,0
131256,4,0
131257,4,0
131258,4,0
131259,4,0
131260,4,1
131261,4,0
131262,4,1
131263,4,0
131264,4,0
131265,4,0
131266,4,0
131267,4,0
131268,4,1
131269,4,0
131270,4,0
131271,4,0
131272,4,1
131273,4,0
131274,4,0
131275,4,1
131276,4,0
131277,4,0
131278,4,1
131279,4,1
131280,4,1
131281,4,0
131282,4,1
131283,4,1
131284,4,1
131285,4,0
131286,4,0
131287,4,0
131288,4,0
131289,4,1
131290,4,1
131291,4,0
131292,4,0
131293,4,0
131294,4,1
131295,4,1
131296,4,1
131297,4,1
131298,4,1
131299,4,1
131300,4,0
131301,4,0
131302,4,1
131303,4,0
131304,4,0
131305,4,1
131306,4,0
131307,4,0
131308,4,0
131309,4,1
131310,4,0
131311,4,0
131312,4,0
131313,4,1
131314,4,0
131315,4,0
131316,4,0
131317,4,0
131318,4,0
131319,4,1
131320,4,1
131321,4,1
131322,4,1
131323,4,1
131324,4,1
131325,4,1
131326,4,1
131327,4,1
131328,4,1
131329,4,1
131330,4,0
131331,4,1
131332,4,1
131333,4,0
131334,4,1
131335,4,0
131336,4,1
131337,4,0
131338,4,1
131339,4,0
131340,4,0
131341,4,1
131342,4,1
131343,4,0
131344,4,0
131345,4,0
131346,4,0
131347,4,1
131348,4,1
131349,4,1
131350,4,1
131351,4,1
131352,4,0
131353,4,0
131354,4,1
131355,4,0
131356,4,1
131357,4,0
131358,4,1
131359,4,0
131360,4,1
131361,4,0
131362,4,1
131363,4,1
131364,4,0
131365,4,1
131366,4,1
131367,4,1
131368,4,1
131369,4,1
131370,4,1
131371,4,1
131372,4,0
131373,4,1
131374,4,1
131375,4,1
131376,4,1
131377,4,1
131378,4,1
131379,4,1
131380,4,1
131381,4,1
131382,4,1
131383,4,0
131384,4,1
131385,4,1
131386,4,1
131387,4,1
131388,4,1
131389,4,1
131390,4,1
131391,4,1
131392,4,1
131393,4,1
131394,4,0
131395,4,0
131396,4,1
131397,4,1
131398,4,1
131399,4,1
131400,4,1
131401,4,1
131402,4,1
131403,4,1
131404,4,1
131405,4,1
131406,4,1
131407,4,1
131408,4,0
131409,4,1
131410,4,1
131411,4,1
131412,4,1
131413,4,1
131414,4,1
131415,4,1
131416,4,1
131417,4,0
131418,4,1
131419,4,1
131420,4,1
131421,4,1
131422,4,1
131423,4,1
131424,4,1
131425,4,1
131426,4,1
131427,4,1
131428,4,1
131429,4,1
131430,4,1
131431,4,1
131432,4,1
131433,4,1
131434,4,1
131435,4,1
131436,4,0
131437,4,1
131438,4,1
131439,4,1
131440,4,1
131441,4,0
131442,4,0
131443,4,0
131444,4,0
131445,4,0
131446,4,0
131447,4,0
131448,4,0
131449,4,0
131450,4,0
131451,4,0
131452,4,0
131453,4,0
131454,4,0
131455,4,0
131456,4,0
131457,4,0
131458,4,0
131459,4,0
131460,4,0
131461,4,0
131462,4,0
131463,4,0
131464,4,0
131465,4,0
131466,4,0
131467,4,0
131468,4,0
131469,4,0
131470,4,0
131471,4,0
131472,4,0
131473,4,0
131474,4,0
131475,4,0
131476,4,0
131477,4,0
131478,4,0
131479,4,0
131480,4,0
131481,4,0
131482,4,0
131483,4,0
131484,4,0
131485,4,0
131486,4,0
131487,4,0
131488,4,0
131489,4,0
131490,4,0
131491,4,0
131492,4,0
131493,4,0
131494,4,0
131495,4,1
131496,4,1
131497,4,1
131498,4,1
131499,4,1
131500,4,1
131501,4,1
131502,4,1
131503,4,0
131504,4,1
131505,4,1
131506,4,1
131507,4,1
131508,4,1
131509,4,1
131510,4,1
131511,4,1
131512,4,1
131513,4,1
131514,4,1
131515,4,1
131516,4,1
131517,4,1
131518,4,1
131519,4,1
131520,4,1
131521,4,1
131522,4,1
131523,4,1
131524,4,1
131525,4,1
131526,4,1
131527,4,1
131528,4,1
131529,4,1
131530,4,1
131531,4,1
131532,4,1
131533,4,1
131534,4,1
131535,4,1
131536,4,1
131537,4,1
131538,4,1
131539,4,0
131540,4,1
131541,4,1
131542,4,0
131543,4,1
131544,4,1
131545,4,1
131546,4,0
131547,4,0
131548,4,1
131549,4,1
131550,4,1
131551,4,1
131552,4,1
131553,4,1
131554,4,0
131555,4,1
131556,4,1
131557,4,1
131558,4,0
131559,4,0
131560,4,0
131561,4,1
131562,4,1
131563,4,1
131564,4,1
131565,4,1
131566,4,1
131567,4,1
131568,4,0
131569,4,1
131570,4,0
131571,4,1
131572,4,1
131573,4,0
131574,4,0
131575,4,1
131576,4,1
131577,4,1
131578,4,1
131579,4,0
131580,4,0
131581,4,1
131582,4,1
131583,4,0
131584,4,0
131585,4,1
131586,4,1
131587,4,0
131588,4,1
131589,4,0
131590,4,1
131591,4,0
131592,4,0
131593,4,0
131594,4,1
131595,4,1
131596,4,0
131597,4,1
131598,4,1
131599,4,1
131600,4,1
131601,4,0
131602,4,0
131603,4,1
131604,4,0
131605,4,1
131606,4,1
131607,4,0
131608,4,1
131609,4,0
131610,4,1
131611,4,0
131612,4,1
131613,4,0
131614,4,0
131615,4,0
131616,4,0
131617,4,1
131618,4,1
131619,4,0
131620,4,0
131621,4,1
131622,4,0
131623,4,0
131624,4,1
131625,4,1
131626,4,1
131627,4,0
131628,4,0
131629,4,1
131630,4,1
131631,4,0
131632,4,0
131633,4,1
131634,4,1
131635,4,0
131636,4,0
131637,4,0
131638,4,0
131639,4,0
131640,4,0
131641,4,1
131642,4,0
131643,4,0
131644,4,1
131645,4,0
131646,4,1
131647,4,0
131648,4,0
131649,4,0
131650,4,0
131651,4,0
131652,4,0
131653,4,0
131654,4,0
131655,4,0
131656,4,0
131657,4,0
131658,4,0
131659,4,0
131660,4,0
131661,4,0
131662,4,0
131663,4,0
131664,4,1
131665,4,0
131666,4,0
131667,4,0
131668,4,0
131669,4,0
131670,4,0
131671,4,0
131672,4,0
131673,4,0
131674,4,0
131675,4,1
131676,4,1
131677,4,0
131678,4,0
131679,4,0
131680,4,1
131681,4,0
131682,4,1
131683,4,0
131684,4,0
131685,4,1
131686,4,0
131687,4,0
131688,4,0
131689,4,0
131690,4,0
131691,4,0
131692,4,0
131693,4,0
131694,4,0
131695,4,1
131696,4,0
131697,4,1
131698,4,0
131699,4,1
131700,4,0
131701,4,0
131702,4,0
131703,4,0
131704,4,0
131705,4,0
131706,4,1
131707,4,0
131708,4,0
131709,4,0
131710,4,0
131711,4,0
131712,4,0
131713,4,0
131714,4,0
131715,4,0
131716,4,0
131717,4,0
131718,4,0
131719,4,0
131720,4,0
131721,4,0
131722,4,0
131723,4,0
131724,4,0
131725,4,0
131726,4,0
131727,4,0
131728,4,0
131729,4,0
131730,4,0
131731,4,0
131732,4,0
131733,4,0
131734,4,1
131735,4,0
131736,4,0
131737,4,1
131738,4,0
131739,4,1
131740,4,0
131741,4,0
131742,4,0
131743,4,0
131744,4,0
131745,4,0
131746,4,0
131747,4,0
131748,4,0
131749,4,0
131750,4,0
131751,4,0
131752,4,0
131753,4,1
131754,4,0
131755,4,0
131756,4,0
131757,4,0
131758,4,0
131759,4,0
131760,4,0
131761,4,0
131762,4,0
131763,4,0
131764,4,0
131765,4,0
131766,4,1
131767,4,0
131768,4,0
131769,4,0
131770,4,0
131771,4,0
131772,4,0
131773,4,1
131774,4,0
131775,4,0
131776,4,0
131777,4,0
131778,4,0
131779,4,0
131780,4,0
131781,4,0
131782,4,0
131783,4,0
131784,4,0
131785,4,0
131786,4,0
131787,4,0
131788,4,0
131789,4,0
131790,4,0
131791,4,0
131792,4,0
131793,4,0
131794,4,0
131795,4,0
131796,4,0
131797,4,0
131798,4,0
131799,4,0
131800,4,0
131801,4,0
131802,4,1
131803,4,1
131804,4,0
131805,4,0
131806,4,0
131807,4,0
131808,4,0
131809,4,0
131810,4,0
131811,4,0
131812,4,0
131813,4,0
131814,4,0
131815,4,0
131816,4,0
131817,4,0
131818,4,0
131819,4,0
131820,4,1
131821,4,0
131822,4,0
131823,4,1
131824,4,1
131825,4,0
131826,4,0
131827,4,0
131828,4,0
131829,4,0
131830,4,0
131831,4,0
131832,4,0
131833,4,0
131834,4,0
131835,4,0
131836,4,0
131837,4,0
131838,4,1
131839,4,1
131840,4,0
131841,4,0
131842,4,0
131843,4,0
131844,4,0
131845,4,0
131846,4,0
131847,4,0
131848,4,0
131849,4,0
131850,4,0
131851,4,0
131852,4,0
131853,4,0
131854,4,0
131855,4,0
131856,4,0
131857,4,0
131858,4,0
131859,4,0
131860,4,0
131861,4,0
131862,4,0
131863,4,0
131864,4,0
131865,4,1
131866,4,0
131867,4,0
131868,4,1
131869,4,1
131870,4,1
131871,4,0
131872,4,0
131873,4,0
131874,4,0
131875,4,1
131876,4,0
131877,4,1
131878,4,0
131879,4,0
131880,4,0
131881,4,0
131882,4,0
131883,4,1
131884,4,0
131885,4,0
131886,4,0
131887,4,0
131888,4,0
131889,4,0
131890,4,0
131891,4,1
131892,4,1
131893,4,0
131894,4,1
131895,4,0
131896,4,0
131897,4,0
131898,4,0
131899,4,1
131900,4,0
131901,4,0
131902,4,1
131903,4,0
131904,4,0
131905,4,1
131906,4,1
131907,4,0
131908,4,0
131909,4,0
131910,4,1
131911,4,0
131912,4,1
131913,4,0
131914,4,0
131915,4,0
131916,4,0
131917,4,0
131918,4,0
131919,4,0
131920,4,0
131921,4,0
131922,4,1
131923,4,0
131924,4,0
131925,4,1
131926,4,1
131927,4,1
131928,4,1
131929,4,1
131930,4,0
131931,4,0
131932,4,1
131933,4,0
131934,4,1
131935,4,0
131936,4,1
131937,4,0
131938,4,1
131939,4,0
131940,4,0
131941,4,0
131942,4,0
131943,4,0
131944,4,1
131945,4,0
131946,4,1
131947,4,1
131948,4,1
131949,4,1
131950,4,0
131951,4,0
131952,4,1
131953,4,0
131954,4,0
131955,4,1
131956,4,1
131957,4,0
131958,4,1
131959,4,0
131960,4,1
131961,4,1
131962,4,0
131963,4,1
131964,4,1
131965,4,0
131966,4,1
131967,4,1
131968,4,1
131969,4,0
131970,4,1
131971,4,1
131972,4,1
131973,4,1
131974,4,1
131975,4,1
131976,4,0
131977,4,1
131978,4,1
131979,4,1
131980,4,1
131981,4,0
131982,4,0
131983,4,0
131984,4,0
131985,4,0
131986,4,0
131987,4,1
131988,4,1
131989,4,1
131990,4,0
131991,4,1
131992,4,1
131993,4,0
131994,4,0
131995,4,0
131996,4,0
131997,4,1
131998,4,1
131999,4,1
132000,4,1
132001,4,0
132002,4,0
132003,4,0
132004,4,1
132005,4,1
132006,4,1
132007,4,1
132008,4,0
132009,4,0
132010,4,1
132011,4,1
132012,4,0
132013,4,1
132014,4,0
132015,4,0
132016,4,1
132017,4,1
132018,4,0
132019,4,1
132020,4,1
132021,4,1
132022,4,1
132023,4,0
132024,4,1
132025,4,1
132026,4,1
132027,4,1
132028,4,0
132029,4,1
132030,4,1
132031,4,1
132032,4,0
132033,4,1
132034,4,1
132035,4,1
132036,4,1
132037,4,0
132038,4,1
132039,4,1
132040,4,1
132041,4,1
132042,4,1
132043,4,1
132044,4,1
132045,4,1
132046,4,1
132047,4,1
132048,4,1
132049,4,1
132050,4,1
132051,4,1
132052,4,1
132053,4,1
132054,4,1
132055,4,1
132056,4,1
132057,4,1
132058,4,1
132059,4,1
132060,4,1
132061,4,1
132062,4,1
132063,4,1
132064,4,1
132065,4,1
132066,4,1
132067,4,1
132068,4,1
132069,4,1
132070,4,1
132071,4,1
132072,4,1
132073,4,1
132074,4,1
132075,4,1
132076,4,1
132077,4,1
132078,4,1
132079,4,1
132080,4,1
132081,4,1
132082,4,1
132083,4,1
132084,4,1
132085,4,1
132086,4,1
132087,4,1
132088,4,1
132089,4,1
132090,4,1
132091,4,1
132092,4,1
132093,4,1
132094,4,1
132095,4,1
132096,4,1
132097,4,1
132098,4,1
132099,4,1
132100,4,1
132101,4,0
132102,4,1
132103,4,1
132104,4,1
132105,4,1
132106,4,1
132107,4,1
132108,4,1
132109,4,1
132110,4,1
132111,4,0
132112,4,1
132113,4,1
132114,4,1
132115,4,1
132116,4,1
132117,4,1
132118,4,1
132119,4,1
132120,4,1
132121,4,1
132122,4,1
132123,4,1
132124,4,1
132125,4,1
132126,4,1
132127,4,1
132128,4,1
132129,4,1
132130,4,1
132131,4,1
132132,4,1
132133,4,1
132134,4,1
132135,4,1
132136,4,1
132137,4,1
132138,4,1
132139,4,1
132140,4,1
132141,4,1
132142,4,1
132143,4,1
132144,4,1
132145,4,1
132146,4,1
132147,4,0
132148,4,1
132149,4,1
132150,4,0
132151,4,1
132152,4,0
132153,4,1
132154,4,1
132155,4,1
132156,4,0
132157,4,0
132158,4,1
132159,4,1
132160,4,0
132161,4,0
132162,4,1
132163,4,1
132164,4,0
132165,4,0
132166,4,1
132167,4,1
132168,4,0
132169,4,1
132170,4,1
132171,4,0
132172,4,0
132173,4,1
132174,4,1
132175,4,0
132176,4,1
132177,4,0
132178,4,0
132179,4,1
132180,4,0
132181,4,0
132182,4,1
132183,4,1
132184,4,1
132185,4,0
132186,4,0
132187,4,1
132188,4,1
132189,4,0
132190,4,0
132191,4,0
132192,4,1
132193,4,0
132194,4,1
132195,4,0
132196,4,0
132197,4,0
132198,4,0
132199,4,0
132200,4,1
132201,4,0
132202,4,0
132203,4,1
132204,4,0
132205,4,1
132206,4,1
132207,4,1
132208,4,0
132209,4,0
132210,4,1
132211,4,0
132212,4,0
132213,4,0
132214,4,1
132215,4,1
132216,4,1
132217,4,1
132218,4,0
132219,4,0
132220,4,0
132221,4,0
132222,4,0
132223,4,0
132224,4,0
132225,4,0
132226,4,0
132227,4,1
132228,4,0
132229,4,0
132230,4,0
132231,4,0
132232,4,0
132233,4,0
132234,4,1
132235,4,0
132236,4,0
132237,4,1
132238,4,0
132239,4,1
132240,4,0
132241,4,0
132242,4,0
132243,4,1
132244,4,1
132245,4,0
132246,4,0
132247,4,0
132248,4,0
132249,4,0
132250,4,1
132251,4,0
132252,4,0
132253,4,0
132254,4,0
132255,4,0
132256,4,0
132257,4,0
132258,4,1
132259,4,0
132260,4,0
132261,4,0
132262,4,1
132263,4,0
132264,4,1
132265,4,1
132266,4,0
132267,4,1
132268,4,0
132269,4,0
132270,4,0
132271,4,0
132272,4,0
132273,4,1
132274,4,0
132275,4,0
132276,4,0
132277,4,0
132278,4,1
132279,4,0
132280,4,0
132281,4,0
132282,4,0
132283,4,0
132284,4,0
132285,4,0
132286,4,0
132287,4,0
132288,4,0
132289,4,0
132290,4,0
132291,4,1
132292,4,0
132293,4,0
132294,4,0
132295,4,0
132296,4,0
132297,4,1
132298,4,0
132299,4,1
132300,4,1
132301,4,0
132302,4,0
132303,4,0
132304,4,0
132305,4,0
132306,4,0
132307,4,0
132308,4,0
132309,4,0
132310,4,0
132311,4,1
132312,4,0
132313,4,1
132314,4,1
132315,4,1
132316,4,0
132317,4,0
132318,4,0
132319,4,1
132320,4,0
132321,4,0
132322,4,0
132323,4,0
132324,4,0
132325,4,0
132326,4,0
132327,4,0
132328,4,0
132329,4,1
132330,4,0
132331,4,1
132332,4,0
132333,4,0
132334,4,1
132335,4,0
132336,4,0
132337,4,1
132338,4,0
132339,4,0
132340,4,1
132341,4,0
132342,4,0
132343,4,0
132344,4,0
132345,4,0
132346,4,0
132347,4,0
132348,4,0
132349,4,0
132350,4,0
132351,4,0
132352,4,0
132353,4,0
132354,4,0
132355,4,0
132356,4,0
132357,4,0
132358,4,0
132359,4,0
132360,4,0
132361,4,0
132362,4,0
132363,4,0
132364,4,0
132365,4,0
132366,4,1
132367,4,0
132368,4,0
132369,4,0
132370,4,0
132371,4,1
132372,4,0
132373,4,0
132374,4,0
132375,4,1
132376,4,1
132377,4,0
132378,4,0
132379,4,0
132380,4,0
132381,4,0
132382,4,0
132383,4,1
132384,4,0
132385,4,1
132386,4,0
132387,4,0
132388,4,0
132389,4,0
132390,4,0
132391,4,0
132392,4,0
132393,4,0
132394,4,0
132395,4,0
132396,4,0
132397,4,0
132398,4,0
132399,4,0
132400,4,0
132401,4,0
132402,4,0
132403,4,0
132404,4,0
132405,4,0
132406,4,0
132407,4,0
132408,4,0
132409,4,0
132410,4,0
132411,4,0
132412,4,0
132413,4,0
132414,4,0
132415,4,0
132416,4,0
132417,4,0
132418,4,0
132419,4,0
132420,4,0
132421,4,0
132422,4,0
132423,4,0
132424,4,0
132425,4,0
132426,4,0
132427,4,0
132428,4,0
132429,4,0
132430,4,0
132431,4,0
132432,4,0
132433,4,0
132434,4,0
132435,4,0
132436,4,0
132437,4,0
132438,4,0
132439,4,1
132440,4,0
132441,4,0
132442,4,0
132443,4,0
132444,4,0
132445,4,0
132446,4,0
132447,4,0
132448,4,0
132449,4,0
132450,4,0
132451,4,0
132452,4,0
132453,4,0
132454,4,0
132455,4,0
132456,4,0
132457,4,0
132458,4,0
132459,4,0
132460,4,0
132461,4,0
132462,4,0
132463,4,0
132464,4,0
132465,4,0
132466,4,0
132467,4,0
132468,4,0
132469,4,0
132470,4,0
132471,4,0
132472,4,0
132473,4,0
132474,4,1
132475,4,0
132476,4,0
132477,4,0
132478,4,0
132479,4,0
132480,4,0
132481,4,0
132482,4,0
132483,4,0
132484,4,0
132485,4,0
132486,4,0
132487,4,0
132488,4,0
132489,4,0
132490,4,1
132491,4,0
132492,4,0
132493,4,0
132494,4,0
132495,4,0
132496,4,0
132497,4,0
132498,4,0
132499,4,0
132500,4,0
132501,4,0
132502,4,0
132503,4,0
132504,4,0
132505,4,0
132506,4,0
132507,4,0
132508,4,0
132509,4,0
132510,4,0
132511,4,0
132512,4,0
132513,4,0
132514,4,0
132515,4,0
132516,4,1
132517,4,0
132518,4,1
132519,4,0
132520,4,0
132521,4,0
132522,4,0
132523,4,0
132524,4,1
132525,4,0
132526,4,0
132527,4,0
132528,4,0
132529,4,0
132530,4,0
132531,4,0
132532,4,0
132533,4,0
132534,4,0
132535,4,0
132536,4,0
132537,4,0
132538,4,0
132539,4,1
132540,4,1
132541,4,0
132542,4,0
132543,4,0
132544,4,0
132545,4,0
132546,4,0
132547,4,0
132548,4,0
132549,4,0
132550,4,0
132551,4,0
132552,4,0
132553,4,0
132554,4,0
132555,4,0
132556,4,0
132557,4,0
132558,4,0
132559,4,0
132560,4,0
132561,4,0
132562,4,0
132563,4,0
132564,4,0
132565,4,1
132566,4,0
132567,4,0
132568,4,0
132569,4,1
132570,4,0
132571,4,0
132572,4,0
132573,4,0
132574,4,0
132575,4,0
132576,4,0
132577,4,0
132578,4,0
132579,4,0
132580,4,0
132581,4,0
132582,4,0
132583,4,0
132584,4,0
132585,4,0
132586,4,0
132587,4,0
132588,4,1
132589,4,0
132590,4,0
132591,4,0
132592,4,0
132593,4,0
132594,4,0
132595,4,0
132596,4,0
132597,4,0
132598,4,0
132599,4,1
132600,4,1
132601,4,0
132602,4,0
132603,4,0
132604,4,0
132605,4,0
132606,4,0
132607,4,0
132608,4,1
132609,4,0
132610,4,0
132611,4,1
132612,4,0
132613,4,1
132614,4,0
132615,4,0
132616,4,0
132617,4,0
132618,4,0
132619,4,0
132620,4,0
132621,4,0
132622,4,0
132623,4,0
132624,4,0
132625,4,0
132626,4,0
132627,4,0
132628,4,0
132629,4,0
132630,4,0
132631,4,0
132632,4,0
132633,4,0
132634,4,1
132635,4,0
132636,4,0
132637,4,0
132638,4,0
132639,4,0
132640,4,0
132641,4,1
132642,4,0
132643,4,0
132644,4,0
132645,4,1
132646,4,0
132647,4,0
132648,4,0
132649,4,0
132650,4,0
132651,4,0
132652,4,1
132653,4,0
132654,4,0
132655,4,0
132656,4,0
132657,4,0
132658,4,0
132659,4,1
132660,4,0
132661,4,0
132662,4,0
132663,4,0
132664,4,0
132665,4,0
132666,4,0
132667,4,0
132668,4,0
132669,4,0
132670,4,0
132671,4,0
132672,4,0
132673,4,1
132674,4,0
132675,4,0
132676,4,1
132677,4,0
132678,4,1
132679,4,0
132680,4,0
132681,4,0
132682,4,0
132683,4,0
132684,4,0
132685,4,0
132686,4,0
132687,4,1
132688,4,1
132689,4,0
132690,4,0
132691,4,0
132692,4,0
132693,4,0
132694,4,0
132695,4,1
132696,4,0
132697,4,1
132698,4,0
132699,4,0
132700,4,0
132701,4,0
132702,4,0
132703,4,0
132704,4,0
132705,4,0
132706,4,0
132707,4,0
132708,4,0
132709,4,1
132710,4,1
132711,4,0
132712,4,0
132713,4,0
132714,4,0
132715,4,0
132716,4,0
132717,4,0
132718,4,0
132719,4,0
132720,4,0
132721,4,0
132722,4,1
132723,4,0
132724,4,1
132725,4,0
132726,4,0
132727,4,1
132728,4,0
132729,4,1
132730,4,0
132731,4,0
132732,4,0
132733,4,1
132734,4,1
132735,4,1
132736,4,0
132737,4,1
132738,4,0
132739,4,0
132740,4,0
132741,4,1
132742,4,0
132743,4,0
132744,4,0
132745,4,1
132746,4,0
132747,4,0
132748,4,0
132749,4,0
132750,4,0
132751,4,1
132752,4,1
132753,4,1
132754,4,0
132755,4,1
132756,4,0
132757,4,0
132758,4,0
132759,4,0
132760,4,0
132761,4,0
132762,4,0
132763,4,1
132764,4,1
132765,4,0
132766,4,1
132767,4,1
132768,4,1
132769,4,0
132770,4,1
132771,4,0
132772,4,1
132773,4,0
132774,4,1
132775,4,0
132776,4,0
132777,4,0
132778,4,1
132779,4,0
132780,4,0
132781,4,1
132782,4,0
132783,4,0
132784,4,1
132785,4,0
132786,4,0
132787,4,1
132788,4,0
132789,4,0
132790,4,1
132791,4,0
132792,4,1
132793,4,1
132794,4,0
132795,4,0
132796,4,1
132797,4,0
132798,4,0
132799,4,1
132800,4,1
132801,4,0
132802,4,0
132803,4,1
132804,4,0
132805,4,0
132806,4,0
132807,4,1
132808,4,0
132809,4,0
132810,4,0
132811,4,1
132812,4,0
132813,4,1
132814,4,0
132815,4,0
132816,4,0
132817,4,1
132818,4,0
132819,4,0
132820,4,1
132821,4,1
132822,4,0
132823,4,1
132824,4,1
132825,4,0
132826,4,0
132827,4,0
132828,4,0
132829,4,0
132830,4,1
132831,4,0
132832,4,1
132833,4,1
132834,4,0
132835,4,1
132836,4,0
132837,4,1
132838,4,1
132839,4,1
132840,4,1
132841,4,0
132842,4,0
132843,4,0
132844,4,1
132845,4,1
132846,4,1
132847,4,0
132848,4,0
132849,4,0
132850,4,0
132851,4,1
132852,4,1
132853,4,1
132854,4,1
132855,4,1
132856,4,1
132857,4,1
132858,4,0
132859,4,0
132860,4,1
132861,4,1
132862,4,1
132863,4,1
132864,4,1
132865,4,1
132866,4,1
132867,4,1
132868,4,1
132869,4,1
132870,4,0
132871,4,1
132872,4,1
132873,4,1
132874,4,1
132875,4,1
132876,4,1
132877,4,1
132878,4,1
132879,4,1
132880,4,1
132881,4,1
132882,4,1
132883,4,1
132884,4,1
132885,4,1
132886,4,1
132887,4,1
132888,4,1
132889,4,1
132890,4,1
132891,4,1
132892,4,1
132893,4,1
132894,4,1
132895,4,0
132896,4,0
132897,4,1
132898,4,0
132899,4,0
132900,4,0
132901,4,0
132902,4,1
132903,4,0
132904,4,0
132905,4,0
132906,4,0
132907,4,0
132908,4,1
132909,4,0
132910,4,1
132911,4,0
132912,4,0
132913,4,0
132914,4,0
132915,4,0
132916,4,0
132917,4,0
132918,4,0
132919,4,0
132920,4,0
132921,4,1
132922,4,0
132923,4,0
132924,4,0
132925,4,0
132926,4,0
132927,4,0
132928,4,0
132929,4,0
132930,4,0
132931,4,0
132932,4,0
132933,4,0
132934,4,0
132935,4,0
132936,4,0
132937,4,0
132938,4,0
132939,4,0
132940,4,0
132941,4,0
132942,4,0
132943,4,0
132944,4,0
132945,4,0
132946,4,1
132947,4,0
132948,4,0
132949,4,0
132950,4,0
132951,4,1
132952,4,0
132953,4,0
132954,4,1
132955,4,1
132956,4,0
132957,4,0
132958,4,0
132959,4,0
132960,4,0
132961,4,0
132962,4,0
132963,4,1
132964,4,0
132965,4,1
132966,4,0
132967,4,0
132968,4,0
132969,4,0
132970,4,0
132971,4,0
132972,4,0
132973,4,0
132974,4,1
132975,4,1
132976,4,0
132977,4,0
132978,4,0
132979,4,0
132980,4,0
132981,4,0
132982,4,0
132983,4,1
132984,4,1
132985,4,0
132986,4,1
132987,4,0
132988,4,0
132989,4,0
132990,4,0
132991,4,0
132992,4,0
132993,4,0
132994,4,0
132995,4,0
132996,4,0
132997,4,0
132998,4,0
132999,4,0
133000,4,0
133001,4,0
133002,4,0
133003,4,0
133004,4,1
133005,4,0
133006,4,0
133007,4,0
133008,4,0
133009,4,1
133010,4,0
133011,4,0
133012,4,0
133013,4,0
133014,4,0
133015,4,0
133016,4,1
133017,4,1
133018,4,1
133019,4,0
133020,4,0
133021,4,0
133022,4,0
133023,4,0
133024,4,0
133025,4,0
133026,4,0
133027,4,1
133028,4,0
133029,4,0
133030,4,0
133031,4,0
133032,4,0
133033,4,0
133034,4,1
133035,4,0
133036,4,0
133037,4,0
133038,4,0
133039,4,0
133040,4,0
133041,4,0
133042,4,0
133043,4,1
133044,4,0
133045,4,0
133046,4,0
133047,4,0
133048,4,0
133049,4,0
133050,4,1
133051,4,0
133052,4,0
133053,4,0
133054,4,0
133055,4,1
133056,4,0
133057,4,0
133058,4,0
133059,4,0
133060,4,0
133061,4,0
133062,4,0
133063,4,0
133064,4,0
133065,4,0
133066,4,0
133067,4,0
133068,4,0
133069,4,0
133070,4,1
133071,4,0
133072,4,0
133073,4,0
133074,4,0
133075,4,0
133076,4,1
133077,4,0
133078,4,0
133079,4,0
133080,4,0
133081,4,0
133082,4,0
133083,4,0
133084,4,0
133085,4,0
133086,4,0
133087,4,1
133088,4,0
133089,4,0
133090,4,0
133091,4,0
133092,4,0
133093,4,0
133094,4,0
133095,4,0
133096,4,0
133097,4,0
133098,4,0
133099,4,0
133100,4,0
133101,4,0
133102,4,0
133103,4,0
133104,4,0
133105,4,0
133106,4,0
133107,4,0
133108,4,0
133109,4,0
133110,4,0
133111,4,0
133112,4,0
133113,4,0
133114,4,0
133115,4,0
133116,4,0
133117,4,0
133118,4,0
133119,4,0
133120,4,0
133121,4,0
133122,4,0
133123,4,0
133124,4,0
133125,4,0
133126,4,0
133127,4,0
133128,4,0
133129,4,0
133130,4,0
133131,4,0
133132,4,0
133133,4,1
133134,4,0
133135,4,0
133136,4,0
133137,4,0
133138,4,0
133139,4,0
133140,4,0
133141,4,0
133142,4,0
133143,4,0
133144,4,0
133145,4,0
133146,4,0
133147,4,0
133148,4,0
133149,4,0
133150,4,0
133151,4,0
133152,4,0
133153,4,0
133154,4,0
133155,4,0
133156,4,0
133157,4,0
133158,4,1
133159,4,0
133160,4,0
133161,4,0
133162,4,0
133163,4,0
133164,4,0
133165,4,0
133166,4,0
133167,4,0
133168,4,0
133169,4,0
133170,4,0
133171,4,0
133172,4,0
133173,4,0
133174,4,0
133175,4,0
133176,4,0
133177,4,0
133178,4,0
133179,4,0
133180,4,1
133181,4,0
133182,4,0
133183,4,0
133184,4,0
133185,4,0
133186,4,0
133187,4,0
133188,4,0
133189,4,0
133190,4,0
133191,4,0
133192,4,0
133193,4,0
133194,4,0
133195,4,0
133196,4,0
133197,4,0
133198,4,0
133199,4,0
133200,4,0
133201,4,0
133202,4,0
133203,4,0
133204,4,0
133205,4,0
133206,4,0
133207,4,0
133208,4,0
133209,4,0
133210,4,0
133211,4,0
133212,4,0
133213,4,0
133214,4,0
133215,4,0
133216,4,0
133217,4,0
133218,4,0
133219,4,0
133220,4,1
133221,4,0
133222,4,0
133223,4,0
133224,4,0
133225,4,0
133226,4,0
133227,4,0
133228,4,0
133229,4,1
133230,4,1
133231,4,0
133232,4,0
133233,4,0
133234,4,0
133235,4,0
133236,4,0
133237,4,0
133238,4,0
133239,4,0
133240,4,0
133241,4,0
133242,4,0
133243,4,0
133244,4,0
133245,4,0
133246,4,0
133247,4,0
133248,4,0
133249,4,0
133250,4,0
133251,4,0
133252,4,0
133253,4,0
133254,4,0
133255,4,0
133256,4,0
133257,4,0
133258,4,0
133259,4,0
133260,4,0
133261,4,0
133262,4,0
133263,4,0
133264,4,1
133265,4,0
133266,4,0
133267,4,0
133268,4,1
133269,4,1
133270,4,0
133271,4,0
133272,4,0
133273,4,0
133274,4,0
133275,4,0
133276,4,0
133277,4,0
133278,4,0
133279,4,0
133280,4,0
133281,4,0
133282,4,0
133283,4,0
133284,4,0
133285,4,0
133286,4,1
133287,4,1
133288,4,0
133289,4,0
133290,4,0
133291,4,0
133292,4,0
133293,4,0
133294,4,1
133295,4,0
133296,4,0
133297,4,1
133298,4,1
133299,4,0
133300,4,1
133301,4,0
133302,4,0
133303,4,0
133304,4,0
133305,4,0
133306,4,0
133307,4,0
133308,4,0
133309,4,1
133310,4,0
133311,4,0
133312,4,0
133313,4,0
133314,4,1
133315,4,0
133316,4,1
133317,4,1
133318,4,0
133319,4,1
133320,4,0
133321,4,0
133322,4,0
133323,4,1
133324,4,0
133325,4,1
133326,4,0
133327,4,0
133328,4,0
133329,4,0
133330,4,0
133331,4,0
133332,4,0
133333,4,0
133334,4,0
133335,4,1
133336,4,0
133337,4,1
133338,4,1
133339,4,0
133340,4,1
133341,4,1
133342,4,1
133343,4,0
133344,4,1
133345,4,0
133346,4,1
133347,4,0
133348,4,0
133349,4,1
133350,4,1
133351,4,0
133352,4,1
133353,4,0
133354,4,0
133355,4,0
133356,4,1
133357,4,1
133358,4,0
133359,4,0
133360,4,0
133361,4,0
133362,4,0
133363,4,1
133364,4,0
133365,4,0
133366,4,0
133367,4,0
133368,4,0
133369,4,0
133370,4,0
133371,4,0
133372,4,1
133373,4,1
133374,4,0
133375,4,0
133376,4,0
133377,4,1
133378,4,0
133379,4,0
133380,4,1
133381,4,0
133382,4,1
133383,4,0
133384,4,1
133385,4,1
133386,4,0
133387,4,1
133388,4,1
133389,4,1
133390,4,0
133391,4,0
133392,4,1
133393,4,0
133394,4,0
133395,4,0
133396,4,0
133397,4,1
133398,4,1
133399,4,0
133400,4,0
133401,4,0
133402,4,0
133403,4,1
133404,4,1
133405,4,0
133406,4,0
133407,4,1
133408,4,1
133409,4,0
133410,4,0
133411,4,1
133412,4,0
133413,4,1
133414,4,0
133415,4,0
133416,4,0
133417,4,0
133418,4,1
133419,4,1
133420,4,1
133421,4,0
133422,4,1
133423,4,0
133424,4,1
133425,4,1
133426,4,1
133427,4,0
133428,4,0
133429,4,1
133430,4,1
133431,4,0
133432,4,0
133433,4,1
133434,4,1
133435,4,0
133436,4,0
133437,4,0
133438,4,0
133439,4,0
133440,4,0
133441,4,1
133442,4,1
133443,4,0
133444,4,0
133445,4,1
133446,4,0
133447,4,0
133448,4,0
133449,4,0
133450,4,1
133451,4,0
133452,4,0
133453,4,0
133454,4,0
133455,4,0
133456,4,0
133457,4,0
133458,4,0
133459,4,0
133460,4,0
133461,4,0
133462,4,0
133463,4,0
133464,4,0
133465,4,0
133466,4,0
133467,4,0
133468,4,0
133469,4,0
133470,4,0
133471,4,0
133472,4,0
133473,4,0
133474,4,0
133475,4,0
133476,4,0
133477,4,0
133478,4,0
133479,4,0
133480,4,0
133481,4,0
133482,4,1
133483,4,0
133484,4,0
133485,4,0
133486,4,0
133487,4,0
133488,4,0
133489,4,0
133490,4,0
133491,4,0
133492,4,0
133493,4,1
133494,4,0
133495,4,0
133496,4,0
133497,4,0
133498,4,0
133499,4,0
133500,4,0
133501,4,0
133502,4,0
133503,4,0
133504,4,1
133505,4,0
133506,4,0
133507,4,0
133508,4,0
133509,4,0
133510,4,0
133511,4,0
133512,4,0
133513,4,0
133514,4,0
133515,4,1
133516,4,0
133517,4,0
133518,4,0
133519,4,0
133520,4,0
133521,4,0
133522,4,0
133523,4,0
133524,4,1
133525,4,0
133526,4,0
133527,4,0
133528,4,0
133529,4,0
133530,4,0
133531,4,0
133532,4,0
133533,4,0
133534,4,0
133535,4,1
133536,4,0
133537,4,0
133538,4,0
133539,4,0
133540,4,0
133541,4,0
133542,4,0
133543,4,0
133544,4,0
133545,4,0
133546,4,0
133547,4,1
133548,4,0
133549,4,0
133550,4,0
133551,4,1
133552,4,0
133553,4,0
133554,4,0
133555,4,0
133556,4,0
133557,4,0
133558,4,0
133559,4,0
133560,4,0
133561,4,1
133562,4,0
133563,4,0
133564,4,0
133565,4,0
133566,4,0
133567,4,1
133568,4,0
133569,4,0
133570,4,0
133571,4,0
133572,4,0
133573,4,0
133574,4,0
133575,4,0
133576,4,0
133577,4,0
133578,4,0
133579,4,0
133580,4,0
133581,4,0
133582,4,0
133583,4,0
133584,4,0
133585,4,0
133586,4,0
133587,4,0
133588,4,0
133589,4,0
133590,4,0
133591,4,0
133592,4,0
133593,4,0
133594,4,0
133595,4,0
133596,4,0
133597,4,0
133598,4,0
133599,4,0
133600,4,0
133601,4,0
133602,4,0
133603,4,0
133604,4,0
133605,4,0
133606,4,0
133607,4,0
133608,4,0
133609,4,0
133610,4,0
133611,4,0
133612,4,0
133613,4,0
133614,4,0
133615,4,0
133616,4,0
133617,4,0
133618,4,0
133619,4,0
133620,4,0
133621,4,0
133622,4,0
133623,4,0
133624,4,0
133625,4,0
133626,4,0
133627,4,0
133628,4,0
133629,4,0
133630,4,0
133631,4,0
133632,4,0
133633,4,1
133634,4,0
133635,4,0
133636,4,0
133637,4,0
133638,4,0
133639,4,0
133640,4,0
133641,4,0
133642,4,0
133643,4,0
133644,4,0
133645,4,0
133646,4,0
133647,4,0
133648,4,0
133649,4,0
133650,4,0
133651,4,0
133652,4,0
133653,4,0
133654,4,0
133655,4,0
133656,4,0
133657,4,0
133658,4,0
133659,4,0
133660,4,0
133661,4,0
133662,4,0
133663,4,0
133664,4,0
133665,4,0
133666,4,0
133667,4,0
133668,4,0
133669,4,0
133670,4,0
133671,4,0
133672,4,0
133673,4,0
133674,4,0
133675,4,0
133676,4,1
133677,4,0
133678,4,0
133679,4,0
133680,4,0
133681,4,0
133682,4,0
133683,4,0
133684,4,0
133685,4,0
133686,4,1
133687,4,0
133688,4,0
133689,4,0
133690,4,1
133691,4,0
133692,4,0
133693,4,0
133694,4,0
133695,4,0
133696,4,0
133697,4,1
133698,4,0
133699,4,0
133700,4,0
133701,4,0
133702,4,0
133703,4,1
133704,4,0
133705,4,0
133706,4,0
133707,4,0
133708,4,0
133709,4,0
133710,4,0
133711,4,0
133712,4,0
133713,4,0
133714,4,0
133715,4,0
133716,4,0
133717,4,0
133718,4,1
133719,4,1
133720,4,0
133721,4,0
133722,4,0
133723,4,0
133724,4,0
133725,4,0
133726,4,0
133727,4,1
133728,4,1
133729,4,0
133730,4,0
133731,4,0
133732,4,1
133733,4,0
133734,4,0
133735,4,0
133736,4,0
133737,4,0
133738,4,0
133739,4,0
133740,4,0
133741,4,0
133742,4,1
133743,4,1
133744,4,0
133745,4,0
133746,4,0
133747,4,1
133748,4,0
133749,4,0
133750,4,1
133751,4,1
133752,4,1
133753,4,0
133754,4,0
133755,4,0
133756,4,1
133757,4,0
133758,4,1
133759,4,0
133760,4,0
133761,4,1
133762,4,1
133763,4,0
133764,4,0
133765,4,0
133766,4,1
133767,4,0
133768,4,0
133769,4,0
133770,4,1
133771,4,1
133772,4,1
133773,4,1
133774,4,1
133775,4,1
133776,4,1
