RoundID,skill_level,teamwork_score,puzzle_intuition,arcane_knowledge,focus_level,strategy_depth,location,puzzle_type,secret_mechanism,story_arc,tech_assist,night_mode,mystery_power,team_synergy,focus_magic,style
0,61.17481405758569,58.87930729270898,1.6044858743000456,-3.356867597299425,54.64838904073825,51.83003568060048,Crystal Cave,Logic,Ancient Map,Forbidden Magic,1,1,36.83101962434158,51.201477816441134,34.967259385117515,-1
1,58.13358854755243,58.03930386649288,1.5887678959125502,-3.556427821010701,53.02080645265937,45.97108594415622,Rooftop Garden,Maze,Magic Key,Lost Civilization,0,1,33.4920609756894,53.25707893910809,35.649418123670294,-1
2,59.69734380461718,57.08765315695024,1.2265854680889017,7.15216866137134,53.01137145315323,48.30913501881456,Rooftop Garden,Sequence,Magic Key,Cursed Treasure,1,1,38.77355316699831,50.167257805891175,32.095969909185115,-1
3,59.9960479570672,57.53745285665845,1.6851868631042644,9.359776768912791,50.65368580320118,46.57988010195572,Crystal Cave,Maze,Ancient Map,Lost Civilization,1,1,39.50937993817157,50.58809268973644,32.02652792239923,-1
4,60.06618538645335,58.34276815015132,1.06805632527609,-4.594134451908479,54.65328342211281,50.473252652118994,Mystic Bridge,Sequence,Teleport Rune,Forbidden Magic,0,1,33.64342964503095,53.20537560280392,33.04990994415841,-1
5,60.24334103527779,59.818331073064606,1.322594503824285,-3.282125010961908,54.06459330890088,46.69163916968944,Rooftop Garden,Symbol,Ancient Map,Ancient Prophecy,0,1,34.45060736478355,52.56782359922752,33.27783401255072,-1
6,60.68585242959036,57.51578841777279,0.9228910591645484,5.78803046055773,50.73391825849368,45.04738205731695,Rooftop Garden,Pattern,Teleport Rune,Cursed Treasure,1,1,39.34817494062397,46.77213982747997,30.829105609241186,-1
7,60.05257205665239,58.80452616696371,1.9939716731922448,2.7555854213970807,51.2869068612999,49.40630665864106,Rooftop Garden,Logic,Magic Key,Lost Civilization,0,0,40.48239447769336,53.50172469824167,33.355467461872585,-1
8,59.7324872307145,57.671602291654416,1.4606836843602944,3.482694935927261,53.88074553281193,44.47730236878139,Crystal Cave,Symbol,Magic Key,Lost Civilization,1,0,39.29793798182552,53.656128370550576,34.60160813217694,0
9,59.705521192518944,58.11003685382411,2.1839768426685544,4.596129678356925,54.6926535901289,50.64684548680239,Rooftop Garden,Cipher,Magic Key,Forbidden Magic,0,1,34.943919506783644,47.95332433250177,37.79746709669119,-1
10,59.514158642547024,59.51486353984253,1.7785577810644342,-1.0779689885860806,50.10103584944876,46.855926191555646,Crystal Cave,Symbol,Ancient Map,Forbidden Magic,1,0,33.13394101050057,49.59402923645644,32.59144760100491,-1
11,60.92578043534255,58.76364740203462,1.6758612952795229,1.7881098625440672,50.49209245624127,47.89855062979943,Crystal Cave,Sequence,Magic Key,Cursed Treasure,0,0,36.02063852243222,55.2807309076435,30.44888878714729,-1
12,59.50426993294255,56.7579329157008,1.3693201946336775,1.4117891901014392,51.78153352211573,44.29896006710575,Crystal Cave,Maze,Ancient Map,Forbidden Magic,1,0,36.32394139255115,50.55092910242153,33.849296176774466,-1
13,61.01012933376681,57.42662387068601,1.2350375936651066,-4.129061603896304,48.74008900429464,54.125255534521365,Rooftop Garden,Symbol,Ancient Map,Ancient Prophecy,0,0,35.46387163303984,49.95375705687986,26.890879954790886,-1
14,60.19491550627178,59.2551762836969,1.7095853942810102,1.7514188159752635,52.02477553563033,46.342712782554806,Crystal Cave,Pattern,Magic Key,Cursed Treasure,0,0,39.12293550241234,51.03081169161476,30.93531779937112,-1
15,59.66721807931659,58.14067836585582,1.5349880399938394,6.3770850052005095,53.774262178475055,49.089996913630266,Mystic Bridge,Math,Magic Key,Ancient Prophecy,1,0,40.30368296084366,49.39192199008081,33.36312894446766,-1
16,60.81943470299594,56.84979492734671,1.1584062585236048,-1.4695675430751374,49.83709187130188,45.520653518846885,Rooftop Garden,Pattern,Magic Key,Cursed Treasure,0,0,36.06212172770604,49.3734395387903,24.536371968334016,-1
17,59.48612617855524,57.1795066660751,1.1088715153288449,0.9765117038147804,52.18506971905811,47.91083047904807,Rooftop Garden,Sequence,Teleport Rune,Cursed Treasure,0,1,35.52923606555583,52.411514088395606,33.61393958919143,-1
18,60.86431465102936,58.70176603882267,1.2800559725528315,1.2597765115571369,51.12107649010733,54.37955445256053,Rooftop Garden,Symbol,Teleport Rune,Cursed Treasure,0,0,37.93001460865995,51.284095606435336,30.710146614170508,-1
19,60.45140500558156,58.992485544031545,2.1176914611833118,-1.1845247067105416,54.452936159898194,50.74369183816337,Rooftop Garden,Sequence,Ancient Map,Lost Civilization,0,0,38.04188823143879,53.40589528458781,38.7762004099355,-1
20,59.65490011254398,58.01572265333944,2.2391148102167886,3.635869970617229,51.13757555974114,48.190922509223554,Rooftop Garden,Mechanical,Teleport Rune,Cursed Treasure,0,0,37.98857467866665,54.36993526629896,38.13331421985718,-1
21,60.79240305348901,60.47296258491675,1.6403540469588798,-3.136399034586135,54.26996054233409,49.91456630086134,Crystal Cave,Math,Teleport Rune,Lost Civilization,0,1,34.67143051493615,52.02410955701616,33.386733776209155,-1
22,60.82289879577348,58.82157192341668,1.6272615244177413,6.939721637723258,51.09445731919896,48.59860235828347,Crystal Cave,Maze,Magic Key,Cursed Treasure,0,0,37.351148045366415,51.99974161154835,34.75377686557141,-1
23,61.44636677940219,57.75369861098038,1.4853992599405736,3.420086338119372,53.1465341211386,49.76894855043104,Rooftop Garden,Logic,Magic Key,Ancient Prophecy,0,1,35.67263853214567,53.065682973785336,30.3946412459511,-1
24,61.26752943727798,57.181223098690765,1.3096615447113122,-4.382220444382963,52.36678081824869,51.8596717975824,Crystal Cave,Sequence,Ancient Map,Lost Civilization,1,1,35.832825224242406,48.63440506580008,32.288630832397054,-1
25,60.80518872086075,57.02178365474309,2.0062675248566237,8.804234535894711,51.78050687591999,49.1722550252324,Rooftop Garden,Math,Ancient Map,Ancient Prophecy,1,0,40.37062378992424,50.627455589635765,32.96854423790964,-1
26,59.19885292443043,58.33181743979819,2.159488053945502,1.1672564738624347,50.80113803283575,50.54997868481277,Crystal Cave,Logic,Teleport Rune,Forbidden Magic,0,0,37.33917908307591,54.737148863678605,35.43149303579378,-1
27,62.78755681583719,57.50733658265013,1.3330851975373448,-3.27542587876941,52.47055057392085,50.59123874412064,Crystal Cave,Math,Ancient Map,Lost Civilization,0,1,38.99342706538128,50.06874496171963,33.332763091260034,-1
28,58.947876221446535,59.6695642391069,1.57994944637975,5.874646336125684,51.32404266835379,49.18463588175564,Crystal Cave,Logic,Magic Key,Lost Civilization,0,0,40.091738835029496,54.17019657705317,31.662003317200604,-1
29,61.31327474083227,59.46182849595757,1.4735251455387777,2.8377927562391814,50.94909593016762,48.16018502582486,Crystal Cave,Mechanical,Magic Key,Lost Civilization,1,1,34.88937137601645,51.53082537878428,32.45829122547852,-1
30,60.80781092302367,58.62826879988941,1.486091218824228,-8.482802490122522,54.1916906911988,48.68704160848885,Mystic Bridge,Cipher,Teleport Rune,Ancient Prophecy,1,0,34.749370673640094,55.47730033279633,34.92962282668072,-1
31,59.21489655521436,56.81588099134178,1.971606943943216,-2.238745278748953,52.80272486062543,51.74796312883769,Rooftop Garden,Symbol,Magic Key,Cursed Treasure,0,1,35.73583332826528,47.040725888390114,34.66343047665147,-1
32,60.27724596879738,57.3223225573624,1.2259109414078946,1.7976026545304005,52.94567253877262,51.95604176243862,Mystic Bridge,Symbol,Magic Key,Lost Civilization,1,0,36.55773556080155,50.84467267992877,36.45456067211178,-1
33,60.33529803632347,59.24987257617517,1.7630984532240548,-10.383158394151865,51.39156259931861,47.15551417182882,Crystal Cave,Maze,Magic Key,Cursed Treasure,0,1,31.429542163659967,48.79551393289456,32.47389786434243,-1
34,61.73213356471141,57.43077182729269,1.8452801142179125,0.8525837914811942,51.69870082200105,49.34752666402998,Mystic Bridge,Logic,Magic Key,Forbidden Magic,0,1,40.184314945744745,49.1395268109433,36.54218342441284,-1
35,59.72573566296304,59.11561209506464,1.5878072535201715,1.2296879235560627,51.60347303105829,48.11769532724416,Rooftop Garden,Cipher,Magic Key,Cursed Treasure,1,1,35.02714675274977,50.28798550216652,34.44374806294089,-1
36,60.18959293578152,58.4676959769478,1.90200945750713,-5.4651113512012985,52.48082784011224,51.99988107429035,Rooftop Garden,Logic,Teleport Rune,Lost Civilization,0,0,30.08908463724264,50.8896401376182,30.12866086006174,-1
37,58.12795525742095,58.04442099154957,1.6820135387847877,1.8181287779490565,52.93626786470441,48.82199240055025,Crystal Cave,Maze,Ancient Map,Cursed Treasure,0,0,35.46235635805776,48.84176556563494,36.182134903349535,-1
38,62.21126999377335,57.28947070806235,2.006478007184949,0.5147790937311989,51.92674065058427,55.50230954392842,Mystic Bridge,Sequence,Teleport Rune,Lost Civilization,0,0,37.00546839061185,50.34449851064148,36.13717233998943,-1
39,59.418516590551214,57.89764945459298,1.1882904446225844,-5.466455834213729,50.78166706538899,50.54474347474263,Mystic Bridge,Math,Teleport Rune,Lost Civilization,0,0,37.72656774969354,51.60562104025524,30.37228714873139,-1
40,60.82836850223513,58.18112039442936,1.5439242186109532,5.10037145244365,53.10996895301041,52.95499113555805,Mystic Bridge,Cipher,Teleport Rune,Ancient Prophecy,0,0,39.00652044546168,48.2849718014595,33.46842832976401,-1
41,60.412517661038805,59.02357984510519,1.6306091653925312,4.704390920865162,52.01765967023918,47.46347293299159,Rooftop Garden,Symbol,Ancient Map,Cursed Treasure,0,1,37.04830237922036,50.45017284556252,33.516848353464184,-1
42,60.42838730196787,57.10486322076669,0.8540785502157063,-0.921011072193799,49.804701820052486,50.02930537271467,Rooftop Garden,Maze,Magic Key,Cursed Treasure,1,0,35.58701887873643,55.016328884073225,31.069282397696696,-1
43,61.34870783377432,57.72732922238915,1.3335337447117654,-0.4526806735358757,48.76137873411562,51.54043274592556,Mystic Bridge,Symbol,Ancient Map,Ancient Prophecy,0,0,36.25661348252833,50.819880480227226,28.88867127752138,-1
44,62.22256056850824,58.034505810890295,1.4188095260731757,4.184096359237997,52.40949307585012,47.4167493954455,Rooftop Garden,Sequence,Teleport Rune,Cursed Treasure,0,0,43.02303199800311,47.47057027442969,35.05198948424372,-1
45,60.81523859363644,58.6518870228621,1.950911573754297,-0.4379891898061699,50.7167250825551,50.05085677952644,Rooftop Garden,Maze,Ancient Map,Forbidden Magic,0,0,37.70871413551569,48.39873420299491,30.99389136328229,-1
46,61.23126419009699,57.0802596877313,1.4579477771610605,-9.076665515530598,52.60577949109168,52.62964758050134,Mystic Bridge,Sequence,Teleport Rune,Ancient Prophecy,0,0,31.20143851485099,50.929146170375965,28.61441391785664,-1
47,60.9175132683962,56.67165896802805,1.4281184214626008,3.0251063223864083,50.793971431599175,49.181374980191286,Rooftop Garden,Mechanical,Magic Key,Ancient Prophecy,0,0,36.96915996155167,50.03028764108795,32.2964310451826,-1
48,61.61858290243781,58.66168802563011,1.9223193178801,-3.4633259528148805,52.155352267901904,47.87061873856844,Mystic Bridge,Mechanical,Teleport Rune,Forbidden Magic,0,1,35.8848870596172,50.319366468119696,36.285005788023454,-1
49,60.15055891075625,56.46925725112012,1.19522178454547,-1.3336984583686442,51.38610818317351,54.507398638681295,Mystic Bridge,Symbol,Magic Key,Ancient Prophecy,0,1,33.47508940201462,54.19233162619473,30.114774468269008,-1
50,61.70128359861245,59.27165895395381,1.062732880932387,7.917414843847127,54.57969074423603,47.07063674588425,Crystal Cave,Cipher,Teleport Rune,Lost Civilization,1,0,35.830083697827426,57.64355705835219,27.01233961768251,-1
51,61.74880448339539,57.83021539768548,1.5791290626089147,-0.0292861678755347,53.37534429380668,50.38972657095397,Mystic Bridge,Math,Teleport Rune,Forbidden Magic,1,0,38.23162360324826,50.62745291744172,30.02230777830049,-1
52,61.73324689702292,56.43806205363417,1.256784703144902,0.6618240675059035,53.968839697678455,48.22930915415798,Rooftop Garden,Mechanical,Ancient Map,Lost Civilization,0,0,35.62922936698971,52.04632510893308,32.88412633794895,-1
53,60.002960866139325,57.50461394395818,1.2716720570836846,3.214027919494671,51.981951841711215,47.65791440285612,Crystal Cave,Logic,Magic Key,Cursed Treasure,0,0,39.46352813265196,52.49595247175498,31.05755424482479,-1
54,60.507163396485375,58.363588212583856,1.8700740279938748,3.2049023638433747,53.17736977664094,51.85414270675815,Mystic Bridge,Cipher,Teleport Rune,Lost Civilization,0,1,37.2821576122599,53.60173198309204,36.637541902262,-1
55,60.92735364649259,57.45118329883724,1.964292822707588,-3.905216161676806,52.07921404331747,49.48616022084366,Crystal Cave,Logic,Magic Key,Lost Civilization,0,0,34.436309698869046,49.35150047430176,34.04262710514157,-1
56,59.32942344731329,58.00332333488132,1.9416052561645945,0.4018190369091765,54.14399895646383,51.014716163549245,Rooftop Garden,Maze,Ancient Map,Cursed Treasure,0,1,30.884732479169536,55.31002456015076,33.35724391834171,-1
57,62.307557619863786,58.72277054631434,2.0410126528453083,0.8966120823985625,51.828604246443184,44.36213569718701,Mystic Bridge,Sequence,Magic Key,Cursed Treasure,0,0,40.0981538958937,51.334465839239854,34.696514982832234,-1
58,60.71272576094949,57.77988983679877,2.084141762074032,2.088520623112535,49.83901127531068,51.257799454905154,Rooftop Garden,Sequence,Ancient Map,Lost Civilization,0,0,37.641245308794055,51.2577093028715,35.28729680447296,-1
59,61.02128790567124,57.04439988649842,1.0766341680875755,2.1870313909540067,48.93507348462396,48.19851022045917,Crystal Cave,Pattern,Ancient Map,Ancient Prophecy,1,0,36.37249272305422,49.72218163793031,31.47654227574606,-1
60,60.1727060208684,57.68184035778497,1.8537323427926893,13.690662206059004,54.43319552697705,45.30287012210433,Mystic Bridge,Symbol,Magic Key,Ancient Prophecy,0,0,38.430239499178334,50.984555011247366,34.40950841814104,-1
61,59.43517594071703,59.39502068747338,1.563111385192034,-5.113309605368794,52.64617126652215,54.71184888696794,Crystal Cave,Math,Magic Key,Ancient Prophecy,0,1,37.32529510088209,52.66255765441152,32.71037956529489,-1
62,60.17035912917535,59.66459049815828,1.5011390351516083,5.678979323746319,52.74244821535522,51.50253381623656,Crystal Cave,Math,Teleport Rune,Forbidden Magic,0,0,35.67746987328339,49.941931844194805,33.93432411158742,-1
63,61.00592107011995,55.95893498897375,1.896850344318053,6.707930997104738,54.15814581157118,50.568193531699,Mystic Bridge,Math,Ancient Map,Forbidden Magic,0,1,37.87863702459808,46.06057761624856,33.16925761468618,-1
64,61.472465794614536,59.06921349284229,1.212983947127422,3.267501332936128,49.44364550946534,53.12354712434966,Crystal Cave,Pattern,Magic Key,Cursed Treasure,1,0,39.00322008076368,50.81041759485522,31.047305360245662,-1
65,60.97314073172106,58.227647133466405,1.210073446162229,-2.43546728526737,51.38088279516163,50.61892320347134,Rooftop Garden,Math,Ancient Map,Ancient Prophecy,1,1,38.75477753349917,49.274674278612274,30.066653819568707,-1
66,61.17037740492348,58.90078534581608,1.9287978987671133,9.15197677682244,51.56217943025149,48.00346497464098,Crystal Cave,Mechanical,Teleport Rune,Cursed Treasure,1,1,39.01518006192526,52.63799298409484,33.34512990154172,-1
67,60.49892307837083,57.42560707365467,1.8883683503708,-10.118752071015232,53.02715949325264,49.562580973794056,Rooftop Garden,Cipher,Magic Key,Forbidden Magic,1,1,31.79409427725284,51.67093716763209,34.07240595862615,-1
68,61.34448582905792,56.20711391212311,1.7863450453478178,-2.562646935176337,50.8722117357738,48.30408446701987,Rooftop Garden,Symbol,Magic Key,Lost Civilization,0,0,35.82441899977121,49.546382125034334,32.840665835332146,-1
69,62.34334956301189,58.55913772100236,1.4846299772527778,6.724620486492002,50.10649989917928,48.74911776793822,Crystal Cave,Logic,Ancient Map,Ancient Prophecy,0,0,41.2323372096694,53.97584596564628,34.81933761880249,-1
70,61.577577075678015,57.03293260742012,1.9750174992564773,-0.9718269358167168,50.09038904056979,46.855740835351895,Rooftop Garden,Logic,Magic Key,Cursed Treasure,1,0,38.9137879351882,49.928675275582094,32.00730116612932,0
71,61.694591839734784,56.58486780181083,1.9592097611593524,8.873573897884329,53.62735374693428,47.5749485604992,Mystic Bridge,Math,Magic Key,Cursed Treasure,0,0,36.928508975115406,47.41857652476264,33.81552798882794,-1
72,61.1913199295764,56.65399864632479,1.7839460222953407,-6.655253665032455,50.78670627210235,52.236463831671685,Rooftop Garden,Symbol,Ancient Map,Ancient Prophecy,0,0,34.94809609899012,49.36785182353899,35.42261240552827,-1
73,59.40639317900484,58.57254304032829,1.4083794351791803,-4.644222054794486,51.06971918411104,50.83018859700812,Rooftop Garden,Symbol,Teleport Rune,Lost Civilization,1,1,31.38203847304176,53.55665949876203,32.057759023361776,-1
74,59.87711745494373,58.11030038940894,1.6372074459537451,-1.7293875267699537,52.84669690537627,48.74246736867123,Rooftop Garden,Pattern,Magic Key,Cursed Treasure,1,1,37.1758885568898,47.47804030774042,34.50728965663492,-1
75,61.38888642102304,58.75252204985082,2.019323195016458,3.0283141530260758,50.84369916063539,47.42992033884216,Mystic Bridge,Cipher,Teleport Rune,Ancient Prophecy,0,1,38.58659389968796,51.10743261292269,31.43864133722031,-1
76,60.9352889802647,58.63832882901357,2.1693063591573654,-0.1562700322909231,49.33182561238888,48.98650755298016,Mystic Bridge,Pattern,Ancient Map,Cursed Treasure,0,1,34.67192111657008,52.06411937190518,33.83600660045229,0
77,61.398278987003344,57.54750700127175,1.676348489696839,-1.4856540959194515,49.513790894828176,45.79037549258233,Mystic Bridge,Symbol,Ancient Map,Lost Civilization,0,1,39.461562303528495,55.49049774891142,33.08304089946375,-1
78,62.64705812257148,57.89714343100373,1.7025524568365675,8.080834242919273,51.79818946082916,50.316576498560885,Crystal Cave,Cipher,Teleport Rune,Ancient Prophecy,0,0,40.68251210643344,53.304153567723645,31.360565298621594,-1
79,61.708859723589285,57.455345365739305,1.7320767104458248,8.55858533839219,52.62641465047219,52.36367870498141,Mystic Bridge,Maze,Magic Key,Ancient Prophecy,0,0,40.04327639660448,51.00925745284092,34.49849988989817,-1
80,62.25388924481008,57.75561046487711,1.866164482432073,-1.0680315593480842,51.57403919435305,55.91743165014756,Rooftop Garden,Sequence,Magic Key,Forbidden Magic,0,0,36.67370111438971,51.78525361697848,32.842882487325205,-1
81,61.10185391805504,56.99782829956502,1.6124733908111957,-7.532466545751722,52.52001983558034,47.241853193589705,Mystic Bridge,Cipher,Ancient Map,Ancient Prophecy,0,0,34.3852965184382,46.60709305624174,31.41906189797346,-1
82,60.2121163952586,58.35470159084672,0.9216187526447333,-9.758543039127105,49.45201193418178,52.25950611487652,Mystic Bridge,Sequence,Ancient Map,Ancient Prophecy,1,1,32.43674192257145,48.63924912861713,30.4388638634778,-1
83,60.97361539225932,59.03846176808082,2.150769172293306,2.237828671076298,49.55018913841279,48.23197138575531,Rooftop Garden,Symbol,Magic Key,Cursed Treasure,1,1,35.773100844245974,52.53887240756039,35.653997513352614,-1
84,60.2388690310866,57.14584117722016,2.334392696343998,4.33365655333252,55.24588839478098,47.17885927487247,Crystal Cave,Math,Teleport Rune,Lost Civilization,1,1,39.9016795598625,51.37360129632295,37.21797276058787,-1
85,62.614044789641866,59.24282650935245,1.6152967598874417,1.381366050144944,53.71096490397973,47.17775467786006,Mystic Bridge,Logic,Ancient Map,Forbidden Magic,1,0,36.99735150949724,52.789653910537446,34.21807828207739,-1
86,61.85825947243208,58.07417048949678,1.482034405467608,0.72433358206478,53.01201427587411,50.35183931606742,Crystal Cave,Pattern,Magic Key,Ancient Prophecy,1,0,36.27943968261523,51.32255150517729,35.083322912811674,-1
87,61.60048891085044,58.200809573877486,1.7638967791900368,-2.931343665327141,50.86570140354629,47.67301594076682,Crystal Cave,Symbol,Magic Key,Cursed Treasure,0,1,35.822302066614355,50.90352518726046,31.697463701737057,-1
88,62.32801697051315,56.25937216096684,1.7517549415087976,4.378761944103865,51.49497518779352,48.48288557176629,Crystal Cave,Math,Magic Key,Forbidden Magic,1,1,41.55946772724866,49.88641684719308,33.45167049463862,-1
89,59.08410392410632,56.15059993606331,2.109623332006555,9.507281691398411,51.84612871899429,48.89899667315685,Rooftop Garden,Symbol,Teleport Rune,Lost Civilization,1,0,40.56497864927794,47.56257533051356,33.588870781128584,-1
90,61.70437395724908,58.10102865875494,1.830303556641176,-9.955543531163098,53.81678830727752,48.150080400252726,Crystal Cave,Sequence,Magic Key,Lost Civilization,0,0,33.24626457586554,50.9762237778941,32.19269238238504,-1
91,59.81765486656973,58.74568395962193,1.579050985941898,0.7538271866951796,52.44603201491176,47.96853861825213,Crystal Cave,Mechanical,Ancient Map,Lost Civilization,0,1,38.57031192706775,49.12297591186002,31.74992434665548,-1
92,61.13309845593419,57.28360042244235,1.4242230899783526,-3.697922144537471,52.62728164827253,43.92710059370381,Rooftop Garden,Maze,Teleport Rune,Forbidden Magic,1,1,35.78672277105595,49.38478371188767,29.760646072980727,-1
93,60.84068880499373,59.62409329330213,2.082326084467417,-6.286025718791958,51.58344604402852,50.21738322527968,Crystal Cave,Maze,Ancient Map,Forbidden Magic,0,0,32.931755031342576,54.44536453252626,34.97213933726767,0
94,61.82616387324282,58.68794339262842,2.0053607546604573,-4.471092296172843,53.02040803399662,50.16917872389613,Crystal Cave,Cipher,Teleport Rune,Lost Civilization,0,0,34.80211193908702,51.32413736064409,32.98728654551521,-1
95,61.40463391561642,57.04366369487082,2.1465283851167287,3.089632280046452,52.28134109667074,48.00663787566122,Rooftop Garden,Sequence,Magic Key,Cursed Treasure,0,0,40.51617777195125,51.57851175630534,31.93267662281696,-1
96,62.5335715489159,57.98184064795027,1.5407387596666209,3.228558051339732,51.89030223995922,50.90096067597093,Rooftop Garden,Symbol,Magic Key,Forbidden Magic,0,1,42.654400871889685,51.195938009782125,33.59351985009739,-1
97,60.59855322758827,60.42689765865232,2.385541380540657,8.517663029185657,50.70601774086623,53.49226883016421,Mystic Bridge,Mechanical,Teleport Rune,Cursed Treasure,1,0,39.55406436281506,51.67024857544332,36.25052013278263,0
98,61.92154893748406,56.70637057951373,1.3136984868307342,1.2726071974220092,51.64662700742808,50.05894958208571,Mystic Bridge,Math,Magic Key,Lost Civilization,0,1,36.401637198351,48.00664739392838,30.41757745204117,-1
99,61.38662995185462,58.47616009564096,2.052464517042253,-7.549935390524813,50.19399102029931,53.32564444789057,Mystic Bridge,Cipher,Ancient Map,Lost Civilization,1,0,34.31716241860744,50.17199896618982,34.71325700099942,-1
100,59.60107656154464,57.62409069915559,1.269467437575989,0.0627963831100368,51.74935192783583,55.5953298010678,Crystal Cave,Pattern,Magic Key,Cursed Treasure,0,1,34.25459648798195,51.05309076693712,29.340353833597128,-1
101,60.32969826120856,58.65266616244118,1.6079814389078622,-5.66578191058756,51.93916281225261,56.32631172280068,Crystal Cave,Maze,Teleport Rune,Lost Civilization,1,1,33.26455762570237,52.60500576440786,31.65687428791546,-1
102,61.11037224780002,59.211967665762685,2.3161066910404497,-4.755398626483219,48.1952185873883,47.029409783725,Crystal Cave,Maze,Ancient Map,Forbidden Magic,0,0,33.80950816514141,51.33209481262611,34.176696346131926,-1
103,62.38446584842161,57.55737061075696,2.099908264897397,4.193841432731212,51.45265236868097,47.04234248395333,Rooftop Garden,Pattern,Ancient Map,Cursed Treasure,0,0,38.53014444387501,51.87965053715749,36.19356288670349,-1
104,61.74780701117659,59.061423187163605,1.689312105195558,2.274413963984933,50.03047208171317,48.88892500818572,Crystal Cave,Mechanical,Teleport Rune,Cursed Treasure,0,0,37.97237046881728,48.30875044223775,31.00760574721935,0
105,60.128481005099054,60.16260706557944,1.7001862705334525,4.253798649054666,52.53834736132429,50.3217880031496,Mystic Bridge,Cipher,Ancient Map,Lost Civilization,0,0,37.05690591641225,54.35481953333747,31.87809922492681,-1
106,61.167550679077664,58.006560708301805,1.8886629311750651,-0.4590344077522044,52.74218932150436,53.96662999960896,Rooftop Garden,Mechanical,Ancient Map,Cursed Treasure,0,1,36.1201742160778,48.89651767870823,35.89076046269687,-1
107,63.33754551948807,58.7240465058741,2.015337120609579,5.293534703640335,51.142966737737176,51.56810305272739,Rooftop Garden,Pattern,Teleport Rune,Forbidden Magic,1,0,41.111570969796325,53.30243513597535,34.85820468693558,-1
108,61.4428215372992,57.34757844738165,2.2391666256214564,-0.7136726655324201,52.6020018548024,46.99178217581875,Rooftop Garden,Symbol,Ancient Map,Lost Civilization,0,1,36.1931732728689,51.66851697095332,35.555114430200604,-1
109,61.01611861023895,57.95612948165134,1.7293999110817833,6.949208790853527,52.66102696789963,48.47085647881418,Mystic Bridge,Pattern,Magic Key,Lost Civilization,0,0,38.364402182131954,47.361116906445936,35.61035082472354,-1
110,61.84701654303672,57.75903559486194,1.385291062688844,3.101439967869224,51.42577630118231,49.89499948008621,Mystic Bridge,Logic,Magic Key,Ancient Prophecy,0,0,37.68552137413059,52.19040582500968,35.14806343030266,-1
111,62.130489316105226,58.73147669221548,1.918452661338769,0.3557093839316101,54.06766975668072,46.27710005463626,Mystic Bridge,Math,Teleport Rune,Lost Civilization,1,0,40.47158187074516,53.9157623155528,35.43947908075204,-1
112,60.92273372384915,59.13803634949602,1.7366471914678536,2.463605225884674,50.67448193772313,50.03417114385229,Rooftop Garden,Symbol,Ancient Map,Lost Civilization,0,1,36.3102925524234,54.047278752883656,31.104086201001653,-1
113,61.89326906449269,57.82251478419531,1.486179435789151,1.3262805519212115,53.96496384392434,47.028911022351885,Rooftop Garden,Math,Ancient Map,Forbidden Magic,1,1,38.72643781815505,49.73155654950954,33.92181787819382,-1
114,61.07358327978592,59.46459127524387,1.9681419194973977,9.40855844863346,51.41590306826724,45.87319716610657,Crystal Cave,Pattern,Magic Key,Lost Civilization,0,1,37.96996211458666,52.26721619046521,31.94065143901761,-1
115,62.133565015858046,59.45980424816533,1.8173572689791937,2.667653544060114,50.484465663926514,47.63253680132596,Crystal Cave,Symbol,Magic Key,Forbidden Magic,0,1,38.780324735583385,53.10765487259845,34.99598744023863,-1
116,61.59568124463784,58.77538851207804,1.975673520707625,1.444839352461644,51.21785160270532,51.02755263723084,Mystic Bridge,Cipher,Teleport Rune,Lost Civilization,0,0,38.48332693609788,52.85899601381985,32.10832101652433,-1
117,61.91969250539109,57.41127578901669,1.617793237402441,0.2728834169689096,50.09177582123976,51.0102892774663,Rooftop Garden,Math,Magic Key,Forbidden Magic,0,0,39.4021991019308,51.025289740285565,31.130780008422764,0
118,60.69026352698265,57.314230649765776,2.034524333497808,5.693691471111017,52.91334811762094,50.2416347917186,Crystal Cave,Cipher,Teleport Rune,Forbidden Magic,0,0,37.353729218937765,49.84935859144698,32.91941852931493,-1
119,60.6398687712764,57.11242485592802,1.4957442949314037,5.029767408048173,49.32797589456734,52.4790341513522,Mystic Bridge,Math,Ancient Map,Ancient Prophecy,0,1,35.66492635552992,51.82018008628137,31.011311658551016,0
120,62.41834611398307,58.87270862776885,1.6448946848461956,0.1334205447048067,53.81212671372498,52.213958085533584,Mystic Bridge,Symbol,Magic Key,Cursed Treasure,0,0,35.923063185280135,53.96096131581222,33.920550672117315,-1
121,61.40513153821852,56.71050030424625,1.8226578153536293,-4.263153267401486,50.3194641635494,50.510953355175694,Crystal Cave,Maze,Ancient Map,Forbidden Magic,0,0,37.493216088984006,49.45268643348905,33.9356552516565,0
122,61.78122711296389,58.5978217318729,2.420373095379622,-2.9823631704088363,52.97376275484588,50.16595462506426,Mystic Bridge,Sequence,Magic Key,Ancient Prophecy,0,1,40.33753054162903,50.04611815519808,36.40765813486342,-1
123,61.20144662083769,56.83857991235134,2.135548040394834,0.6190856262403249,51.75060595413616,50.32386676305024,Rooftop Garden,Pattern,Magic Key,Forbidden Magic,0,0,38.57550048440015,48.681320451076886,34.51002923403347,0
124,62.41820360976159,58.74193018342113,2.2255082835022906,8.29695422408914,52.11594137454298,49.6308870501573,Mystic Bridge,Symbol,Ancient Map,Cursed Treasure,0,0,37.41572957350699,54.27217483396781,33.81224364449188,-1
125,60.92328663941797,57.93428807534333,2.329700860090384,0.3138494642555085,50.820071590466384,44.56414318343081,Rooftop Garden,Pattern,Ancient Map,Lost Civilization,0,1,38.24943258515311,52.619372740670464,34.156144616741294,-1
126,61.40710004438243,59.249381113812746,2.987631597492344,-1.3934719945036895,52.22973384396322,52.83871211204955,Rooftop Garden,Symbol,Magic Key,Forbidden Magic,0,1,34.538636246235264,51.880433983021504,35.279567349977775,-1
127,62.34028352836751,59.05586082463438,1.921439747105556,-7.21403955785967,51.89833556035339,50.99380707973419,Crystal Cave,Mechanical,Teleport Rune,Ancient Prophecy,0,0,34.54167301540013,51.32042327427275,36.42232858463753,-1
128,62.738832498314856,59.34812499244579,2.3372411132403146,9.169672628071451,49.50432698727136,46.959181385432345,Crystal Cave,Math,Magic Key,Lost Civilization,0,1,40.76866344114094,47.908179370454974,33.912524301676086,-1
129,61.053664129426586,59.37252127742092,2.217045838729744,4.459512090656235,50.24273031564588,53.56954154818109,Crystal Cave,Logic,Magic Key,Cursed Treasure,0,1,38.680789815794746,51.44050874856763,37.27094137594886,-1
130,63.54865044739234,58.05396602118967,2.214175934753757,5.606824570879319,50.87036624379456,48.52505032946807,Mystic Bridge,Maze,Magic Key,Lost Civilization,1,1,39.94212182904163,48.42961915448333,34.0498287659575,-1
131,61.91373551381157,56.75016440308885,2.4497253657073665,6.447615770413737,50.54446117497886,49.73057749335344,Crystal Cave,Sequence,Ancient Map,Ancient Prophecy,0,0,37.88030174531189,50.15200627014149,31.26688341317819,-1
132,60.56907710886178,56.85504635596795,1.793723123995912,0.8279225671122785,53.55136145618165,52.55893898892063,Crystal Cave,Math,Ancient Map,Ancient Prophecy,0,0,38.70973956479942,52.87929923393678,33.04978537925953,-1
133,61.99255305201294,55.819322487175455,1.77195121819953,2.086922470420161,51.67782303700419,50.55034839597397,Mystic Bridge,Pattern,Magic Key,Lost Civilization,0,0,36.76647576253929,47.44818724247877,32.921503929288576,-1
134,61.25198139037784,56.82109645763462,2.0195020945956936,9.119371973268883,50.49441919382614,53.33843960478975,Crystal Cave,Symbol,Ancient Map,Forbidden Magic,0,0,41.99602591693135,50.35082487988553,33.45591869873704,-1
135,62.08051254881298,57.97216689739172,1.870754132578756,2.586657023402093,50.92136375862233,49.11974625239303,Mystic Bridge,Symbol,Ancient Map,Cursed Treasure,0,0,35.30554485472908,52.76034910391852,34.29737286315215,-1
136,61.61503501287188,57.3422596865838,2.0230817388147075,4.638766672319164,50.89588406891948,54.22793302820084,Mystic Bridge,Cipher,Teleport Rune,Cursed Treasure,0,0,38.791711693307725,50.75934938493706,33.88802995863071,-1
137,61.74359577872293,57.72033857489972,2.398299220445791,6.066278765518254,51.215532701723184,48.05549275041869,Rooftop Garden,Mechanical,Teleport Rune,Ancient Prophecy,0,1,36.41373917042617,49.59937761907392,34.52697070573979,-1
138,60.76914305617127,58.39173959996813,1.787949242869353,4.940564091901817,50.02960913024385,53.29405582327404,Rooftop Garden,Sequence,Ancient Map,Lost Civilization,1,0,36.27548979728803,50.90091235657069,30.33662213189526,-1
139,62.68219541121115,57.593498618089214,1.8418837092625528,1.0974411019223884,50.41667110796293,44.33722695275151,Crystal Cave,Sequence,Ancient Map,Lost Civilization,0,1,36.91252515943657,52.31328067871079,31.76313367250761,-1
140,60.54738785204646,56.77426447103283,1.987450193333094,1.5812445162861382,52.78241098354079,47.249519871664624,Mystic Bridge,Symbol,Ancient Map,Cursed Treasure,0,0,39.84401697557566,50.82362304622602,35.550057952320245,-1
141,60.606114541078064,57.84137870404239,1.868506108245648,5.65123993141655,51.905416519250416,50.7449153462233,Rooftop Garden,Logic,Teleport Rune,Cursed Treasure,1,0,40.67509003627645,50.86330723155907,35.143558110811256,-1
142,62.093587069282655,56.9946306951277,1.364619776047206,5.655423266921769,51.39376529494694,48.99888643464223,Rooftop Garden,Symbol,Ancient Map,Cursed Treasure,0,1,40.70127674676052,52.48728079800203,29.807647723914595,-1
143,63.340401205282646,57.62083321065146,1.7665781611496487,7.628940383041318,51.6210441937299,49.81312845024359,Rooftop Garden,Sequence,Magic Key,Cursed Treasure,0,0,40.35949433851572,51.68862782610285,34.89082765388908,-1
144,61.39627694144639,59.23288491855624,2.1485982951583247,4.555627900632452,51.54357588823584,50.10412730040178,Rooftop Garden,Math,Teleport Rune,Forbidden Magic,1,1,38.58057243380025,49.36592976273664,35.50430927239679,-1
145,62.4611381723461,57.61808062268654,2.375395054649308,4.795533804089428,51.29299622418951,47.02274347968236,Crystal Cave,Symbol,Ancient Map,Ancient Prophecy,0,0,41.4483013682972,51.85408100468247,33.37390992826828,-1
146,62.844784456821365,59.65801118433727,1.5994649051114895,-0.4063012093727767,52.37709490149092,47.21017596281858,Rooftop Garden,Logic,Ancient Map,Cursed Treasure,0,0,38.98759088369459,54.1351443188988,33.07981717230459,-1
147,62.5973896553827,59.31714705913869,1.599759842930621,-1.0685249255430511,52.26089139000927,50.58030512202105,Crystal Cave,Pattern,Magic Key,Forbidden Magic,0,0,37.27389316230821,49.49954844522395,33.26901919271273,-1
148,61.48274026366438,57.30465294732078,1.9582833358111624,5.752730104164465,49.23318982717928,48.33416762044555,Mystic Bridge,Maze,Magic Key,Forbidden Magic,0,0,41.58880634948053,45.42241603682715,30.320842654407965,-1
149,60.71412745598937,56.771271421191095,1.3281777578907752,-1.008997427279383,51.388143094822006,53.35258464740292,Crystal Cave,Maze,Ancient Map,Forbidden Magic,1,1,37.75483631773684,47.933653276241465,28.289507324192734,-1
150,59.60883440260565,57.82826771095809,1.8189826554244912,1.7707711359046914,49.321378675727416,49.52013211141804,Rooftop Garden,Cipher,Ancient Map,Ancient Prophecy,1,0,36.78137171401284,50.13906375744891,32.88425805036935,-1
151,61.564731327984624,59.03256608070383,1.4332528020348372,8.781737633813666,52.52806439945952,51.79687810776708,Mystic Bridge,Symbol,Ancient Map,Lost Civilization,0,0,38.65540652643792,53.84798582648045,31.08849143197913,-1
152,63.01683100876101,57.38745362029343,2.36634968751428,8.001815187427937,52.72075877226313,51.107129173267765,Mystic Bridge,Cipher,Magic Key,Ancient Prophecy,0,0,39.11215865489896,48.933465220291765,38.849981557255965,-1
153,60.72573131145409,58.78413080445163,1.726371913936804,3.420247176210845,50.64762056169078,48.49709735706829,Crystal Cave,Cipher,Ancient Map,Cursed Treasure,0,0,36.78916222933515,52.38865620876323,35.67143049326325,-1
154,62.561242532880215,59.08286625114715,2.454535476254527,0.4429413998607807,51.383150180638026,45.04917803261907,Mystic Bridge,Mechanical,Ancient Map,Cursed Treasure,0,1,38.583609711210336,45.849874142366986,36.45369557354019,-1
155,60.92199716762647,57.09877614936261,2.2942294978220814,1.3190779849077765,48.385597714217774,52.96235341905262,Crystal Cave,Maze,Ancient Map,Lost Civilization,0,0,38.62048732791382,50.00687628811754,35.27319706193945,-1
156,61.98932079977824,57.19511603681806,1.7677396006021908,6.286603420805298,53.00638237511127,47.55272730825714,Mystic Bridge,Pattern,Teleport Rune,Cursed Treasure,1,1,36.19098981500645,49.82437679302403,31.526442696837726,-1
157,62.60211976706288,58.58218427609335,1.6414823405423724,1.7781334290235011,52.60611781385189,48.99060486130314,Crystal Cave,Sequence,Ancient Map,Ancient Prophecy,0,0,34.20151453364231,55.725950119314525,30.20519489697824,-1
158,61.24589393998017,58.01971471179316,1.906415610444901,-0.8184581457206161,53.26111480921004,49.62289389608357,Rooftop Garden,Pattern,Teleport Rune,Lost Civilization,1,1,34.59901930708765,47.48185068563191,33.97339122226603,-1
159,62.08691646659611,57.18014035900224,1.9344680332851931,8.064148487325202,53.76015311264122,49.8724710797408,Crystal Cave,Logic,Magic Key,Lost Civilization,0,0,38.85604119940453,50.74912590822135,32.04482751294335,-1
160,61.51236393438568,57.512345971949536,2.0710622922412294,2.9055931502985244,49.68849332995584,52.404896656347546,Crystal Cave,Sequence,Magic Key,Cursed Treasure,0,0,40.17099070703336,46.39989814310702,33.743771251468374,-1
161,62.64360838254046,57.79232121894978,1.7355848366786384,-0.8763720569888029,52.85101443084172,50.01456014480819,Rooftop Garden,Logic,Teleport Rune,Forbidden Magic,0,1,36.76241707646125,49.92541227310829,31.80049382084456,0
162,62.18476220319381,56.29629052140688,2.193769250441265,4.416919410445765,53.73216625614754,49.68161477435167,Crystal Cave,Sequence,Teleport Rune,Lost Civilization,1,1,39.1454798429938,46.7515266850064,36.02207174383201,-1
163,62.01691877038616,58.625082056635634,2.0507254459873714,6.890618754601573,49.265574957348605,52.546139891362536,Crystal Cave,Logic,Teleport Rune,Ancient Prophecy,1,1,40.11314591258751,55.49224991129632,32.48948542631912,-1
164,63.52970775920266,57.379030600174325,1.870257927242448,-2.991533626845696,51.24482794536419,51.50163092971696,Mystic Bridge,Mechanical,Ancient Map,Lost Civilization,0,0,35.17322284712585,49.70319127307289,34.37815042603916,-1
165,62.64459117829527,55.07228024554664,1.7599868550038351,1.056863904939154,50.95071572459221,48.16107388504836,Crystal Cave,Mechanical,Ancient Map,Ancient Prophecy,0,1,40.823591542215446,48.31868033018105,33.167982843102294,0
166,61.302840832528105,57.83038902867394,1.919329197137262,0.838015155093234,52.77315648184847,47.13211155630292,Mystic Bridge,Cipher,Magic Key,Forbidden Magic,0,0,35.703497274084995,50.95043616623085,33.256048747270455,-1
167,61.91821677873713,57.11094211930884,1.7308929520172682,4.345163070574134,47.89316823530963,47.94075056200021,Rooftop Garden,Symbol,Magic Key,Cursed Treasure,0,0,41.57406190034708,47.29173954500294,28.133384595526884,-1
168,61.93905008597506,59.5395788115132,1.994636500121749,5.256060812441905,54.20210380545466,49.87695062452946,Mystic Bridge,Sequence,Magic Key,Forbidden Magic,1,0,38.48789629239018,54.628603396471725,35.40461907893256,-1
169,62.10611673852079,57.263544705332976,2.0038509249774017,-0.649061713324937,51.30342048254357,46.88486556207395,Mystic Bridge,Symbol,Magic Key,Cursed Treasure,0,0,36.393944933888775,51.62555368121447,30.182160859447603,-1
170,64.5611347335431,56.749569342031975,2.0578187324873047,-5.343162722498896,52.84039800602479,50.22688261790617,Rooftop Garden,Cipher,Teleport Rune,Lost Civilization,1,1,34.91215365606359,52.128654865970894,37.14368775463336,-1
171,62.41828552996149,58.3533582335625,2.5102392368187885,7.291868893605942,51.369902492597326,49.67700422552415,Mystic Bridge,Pattern,Ancient Map,Forbidden Magic,0,0,40.03310256845583,48.68540749794064,36.78377635418215,-1
172,60.02231903000974,57.18318093856804,1.94166574263224,-3.4545726384850424,52.192419609798655,43.6437024192236,Rooftop Garden,Mechanical,Teleport Rune,Forbidden Magic,0,0,39.48578441453221,52.73734100944546,35.548421920002234,-1
173,61.526190267284605,57.06236473967271,2.2837837827225678,3.5133499442275893,47.96605018429186,46.48456203433176,Crystal Cave,Maze,Magic Key,Forbidden Magic,0,1,38.79689572444305,51.576547913281885,31.179192156416804,-1
174,60.14736436009045,58.34950485589774,2.052258467962785,1.5097962213831524,50.86477152377295,42.785624390789614,Crystal Cave,Mechanical,Magic Key,Lost Civilization,0,0,37.08223122636703,50.552821633901374,34.35358184369068,-1
175,61.760664862699066,56.79770860159205,1.9128592912112223,2.994188609117946,52.70762650033935,49.140242347389226,Mystic Bridge,Maze,Magic Key,Lost Civilization,0,0,36.62144824877651,52.089963472269424,32.6720448034488,-1
176,60.11385891983022,56.37906459844698,1.9495075862797349,10.450403862342394,51.86294501159719,52.685034113365,Crystal Cave,Sequence,Ancient Map,Cursed Treasure,0,0,40.38740400782441,50.383277467820896,34.02764227728266,-1
177,61.24026396023599,59.5604885231947,1.9685026300873496,17.397903525899636,48.96841898729131,45.27335511142999,Rooftop Garden,Sequence,Teleport Rune,Ancient Prophecy,0,0,42.27876504815738,48.2980266994126,30.361347754492357,-1
178,60.60179732984196,58.41213144701244,2.070948399901655,-5.948433631320498,51.509624548037735,46.69428295051659,Crystal Cave,Logic,Magic Key,Forbidden Magic,1,0,34.45087935902608,50.82480511869217,33.871722152331344,-1
179,62.51732250673285,57.56655554319056,1.7000616925928411,7.150538664752189,50.183152865126345,49.59065533181705,Rooftop Garden,Maze,Ancient Map,Ancient Prophecy,0,0,40.64514467212239,49.370199377699365,29.134762202308156,-1
180,62.14432409670188,57.82540967435785,1.5490678937629565,1.462019962286194,50.046889310107495,47.340617427866434,Crystal Cave,Math,Ancient Map,Forbidden Magic,0,0,34.0935084890672,50.65800321016778,30.899655049423664,0
181,62.457348278006414,58.33286324182829,2.185743519350093,7.4947787876402865,49.11770141702234,47.32831808233302,Mystic Bridge,Pattern,Teleport Rune,Ancient Prophecy,0,0,39.52179361830558,52.698797128150886,30.01306131987093,-1
182,62.06041454481863,58.79843828346692,2.259647904858729,7.05406542984271,52.32049432862232,51.3539852654329,Crystal Cave,Cipher,Magic Key,Cursed Treasure,0,1,36.95841266560658,48.34032299309022,38.69306620160732,-1
183,60.78122676803481,57.06721744991614,2.2146300769420235,9.328714331928996,53.05563268104145,48.7627613885677,Crystal Cave,Logic,Teleport Rune,Lost Civilization,1,1,39.32514735703948,49.67102293506871,35.70714662242672,-1
184,62.69958299005754,58.18742113859371,2.0381315814861907,3.71705151652618,54.55996950887006,46.28318778150505,Crystal Cave,Sequence,Teleport Rune,Ancient Prophecy,0,1,37.28646649772567,49.99951383286693,35.44387151265909,-1
185,64.11880169729838,57.31264227865252,2.222480049923674,-2.143422460837677,49.1622993086291,44.78071027485725,Rooftop Garden,Pattern,Teleport Rune,Lost Civilization,1,1,36.51657457900532,48.393526846161166,34.82318396490777,-1
186,62.61628354168833,57.628427030277,2.206986053951234,6.954936789833246,52.51802064636611,55.52101942515933,Rooftop Garden,Cipher,Teleport Rune,Forbidden Magic,0,0,36.98936859639158,49.19728495279998,32.4883408975435,-1
187,61.791618396022166,57.97615294676344,2.229862800313172,2.918902949154601,52.61028351215563,52.82077263640668,Mystic Bridge,Symbol,Teleport Rune,Forbidden Magic,0,1,40.18197186485332,51.24170447612641,33.66309102353054,-1
188,60.79992595429091,57.80682330226232,1.736300319653782,1.1719210353984442,50.48330716097186,48.87091663484496,Rooftop Garden,Symbol,Teleport Rune,Ancient Prophecy,0,1,35.47603888665832,51.60778864945268,33.248974488996204,-1
189,61.33035429430148,58.54710056810268,1.6656374938125509,-0.0277639486451128,49.97120811230764,50.21964502915984,Crystal Cave,Math,Magic Key,Ancient Prophecy,0,1,35.54140614471984,51.67386193791245,31.97106336121722,-1
190,62.7018669529341,58.2966420288661,1.878684587430852,7.397247926087616,49.71244764152076,48.77867234475753,Crystal Cave,Maze,Magic Key,Cursed Treasure,0,0,42.90152469193158,51.12147536362873,30.93166200973431,0
191,63.33232914834283,56.29939807282618,1.990544288409104,10.394628428854595,50.54349073534051,51.276141826978126,Rooftop Garden,Maze,Magic Key,Ancient Prophecy,0,1,42.25370088319524,50.76176577369772,34.53001394092921,-1
192,62.53043881279223,56.44774590714591,1.923659145590214,-3.586774693143548,51.63188664347032,47.8644640807053,Crystal Cave,Logic,Ancient Map,Forbidden Magic,1,0,32.3729524037083,54.60045173071697,34.11604247845055,-1
193,63.07979903333328,57.43384428813334,1.4336761223578138,5.511952668280985,53.36153021328367,48.642066958807945,Mystic Bridge,Math,Magic Key,Forbidden Magic,0,1,42.27218556392789,51.14777987297785,33.42658414147133,-1
194,62.997906580148,59.63016812782264,2.5136104935342347,0.5524550890192108,52.9727520786402,51.13850210048624,Mystic Bridge,Symbol,Magic Key,Forbidden Magic,0,0,41.26026175819317,54.37794491083043,37.320294973957004,-1
195,62.807056705065015,56.94792296634832,1.9152801276084643,-4.909775229142038,48.8849760836661,53.63464776111602,Rooftop Garden,Mechanical,Ancient Map,Lost Civilization,0,1,39.32005363080909,51.56890816231942,30.740802552565903,0
196,61.65231997939284,57.589254070896665,2.0496681676226065,3.177307777491273,50.1181682385254,51.85353773665526,Rooftop Garden,Symbol,Teleport Rune,Ancient Prophecy,0,1,39.28096280690534,53.89169982339398,33.10606151611039,-1
197,62.49496552959701,57.25908279064758,2.3715561416068764,-1.7147221685045837,53.24420009622087,53.08478469397732,Mystic Bridge,Symbol,Teleport Rune,Ancient Prophecy,0,1,34.779143147344804,51.85123570259763,32.39421223331872,-1
198,61.48288973750164,57.239326533326064,1.295006029571967,-5.425615220137732,50.19138165071594,49.218956656222055,Mystic Bridge,Pattern,Teleport Rune,Forbidden Magic,0,0,35.16359826176328,48.41717254152356,29.254050536304515,-1
199,62.35889899792569,57.96954283116009,1.8452674618075948,-1.4333711474364446,51.19590609089947,48.44247398155764,Rooftop Garden,Sequence,Magic Key,Lost Civilization,0,0,34.0884374497584,51.42762504203571,32.48833629807025,-1
200,62.68251295869526,59.19000261067323,1.8828899853554784,-2.6513619919011067,48.7165755725695,45.15404715229519,Rooftop Garden,Mechanical,Teleport Rune,Lost Civilization,0,0,35.082067066642686,51.67859442882026,33.14335459434786,-1
201,64.04058939623626,58.24310606634841,1.898353314744731,-0.7337542137456858,52.997266069301,50.18049589335321,Rooftop Garden,Sequence,Teleport Rune,Cursed Treasure,0,0,35.9824539256926,52.99999267787964,35.116348099690576,-1
202,61.06220645397576,56.98150912922,1.9473931164394445,-4.117571828604474,48.39177607333323,50.9476175783911,Crystal Cave,Logic,Magic Key,Lost Civilization,0,1,34.147991413425075,47.8186182661218,30.481296900497306,-1
203,62.86355547704457,60.53616212527513,2.433743891820065,0.5483125490898557,48.789840543494506,49.24998651068199,Rooftop Garden,Sequence,Magic Key,Cursed Treasure,0,0,38.21053483137662,54.66592374431074,32.58148396135967,-1
204,63.87337033377683,57.85938846639516,2.2017770576487945,-1.0300719998968035,52.82341576739892,48.05824668475066,Rooftop Garden,Math,Ancient Map,Lost Civilization,0,1,37.12517670196603,51.07672937823663,37.83276471197065,-1
205,63.16104378288861,57.20146703467821,2.287257494442306,4.426399567585891,54.1203923187581,53.10850859960783,Crystal Cave,Math,Ancient Map,Forbidden Magic,0,1,38.24882262942898,52.54386389588983,35.62140933819641,-1
206,63.24518001420776,59.18864723359041,2.014062084483613,5.528177629009695,50.79746879073707,51.57951069299163,Mystic Bridge,Pattern,Teleport Rune,Ancient Prophecy,1,0,39.02377240778063,52.210893137807965,33.683482571607,-1
207,63.00994420789372,57.30533323864487,1.5801647438486586,3.873374050696734,51.156152947419606,53.28206362629753,Rooftop Garden,Logic,Ancient Map,Cursed Treasure,0,1,41.96692409904901,50.590145413175335,33.46923272915367,-1
208,63.73057461186398,59.4351606467076,1.3760897646846777,1.4075532826555872,52.58190451553434,47.61605226245949,Crystal Cave,Pattern,Teleport Rune,Ancient Prophecy,0,0,42.98812175661666,52.588706176769726,31.63630798042792,0
209,61.35472875280368,56.89943748100784,1.541170337315691,1.2847779150251055,51.64667130655141,48.22941468362994,Rooftop Garden,Symbol,Ancient Map,Lost Civilization,1,1,36.29687826655136,51.502924520778215,31.684697158201423,-1
210,61.06622293812063,59.19793409397547,2.107887706466045,-1.57632282504248,50.645663257284895,53.00794310812899,Rooftop Garden,Cipher,Magic Key,Cursed Treasure,0,1,36.83898532035354,55.48499610538264,33.123718689620844,-1
211,62.45573393296842,57.96676496297794,2.009425813802255,-1.443789088617876,50.47027770496877,49.88163230061052,Crystal Cave,Sequence,Teleport Rune,Ancient Prophecy,0,0,35.3577477080824,46.63603624542041,32.25469610872995,-1
212,60.31080012743251,59.05457329337569,1.9367542779372255,6.151331503964922,48.84120561647549,48.57723972080361,Mystic Bridge,Maze,Teleport Rune,Ancient Prophecy,1,1,39.567182137362,52.18644832650619,32.45342497432934,-1
213,63.71247778328033,59.66308070749394,1.8891103450332227,-6.153077034980947,51.53373656805142,48.7512124405929,Crystal Cave,Sequence,Teleport Rune,Lost Civilization,0,0,35.428663435618425,52.15883940085754,29.678382344144307,0
214,63.712392415764256,56.62649183037459,2.603051514002195,2.253930881812785,51.03934711244804,49.97229868466424,Rooftop Garden,Math,Magic Key,Forbidden Magic,1,0,37.48140498782279,49.49220056934261,35.209646680096185,-1
215,62.06814730220202,59.032645255619016,1.752487176292584,1.052025681935511,50.51332872852159,52.50737953958853,Mystic Bridge,Sequence,Ancient Map,Ancient Prophecy,0,1,41.55967061753326,46.698960978382566,33.3471148351451,-1
216,62.14052319652081,56.34573404417346,2.2774989005937223,5.677442695096427,49.66022880932773,49.59871786977103,Crystal Cave,Pattern,Magic Key,Ancient Prophecy,1,0,36.275408240458205,50.534474955297,34.78746798576916,-1
217,62.44871745607216,56.705208314808935,1.999493364366403,-4.431170767427714,49.80498522037762,51.976332075444446,Crystal Cave,Mechanical,Teleport Rune,Ancient Prophecy,1,0,31.234224534039036,49.404701590679146,35.722595396305735,-1
218,62.5828318253653,56.94672814742473,1.9803756727386892,2.7683953824293326,52.07615500964907,51.16844444211512,Mystic Bridge,Logic,Magic Key,Lost Civilization,1,0,39.84987820224598,48.60908376977438,35.634415213797,0
219,62.66770634724451,58.25150940427311,2.351358471386446,4.4330119918429,52.46387100019062,47.80415239954757,Rooftop Garden,Sequence,Magic Key,Lost Civilization,1,1,38.19527058399329,51.35379072846427,36.4538847976736,-1
220,63.10846070148196,57.7786140376774,2.4368076564608674,-6.793471672407369,50.64346510156817,47.80217658003219,Crystal Cave,Cipher,Ancient Map,Cursed Treasure,0,0,34.53504176065912,49.988142384558046,35.12628906066862,-1
221,62.38727322583239,57.57617770908205,1.9258367118898152,-2.6293656214211767,50.4781618343503,48.874333520171305,Crystal Cave,Sequence,Ancient Map,Lost Civilization,0,0,42.10687224995437,46.91417042919118,32.02936136008188,-1
222,63.51273858874317,57.8872549527452,2.237087064215498,2.2954104984070915,49.83912917277768,46.65790586334433,Crystal Cave,Math,Teleport Rune,Ancient Prophecy,1,1,40.25671944793342,50.66527373979343,34.87444935020781,-1
223,63.02511339575567,58.33000539962509,2.106090070107216,5.337175408540561,52.51752968769949,48.71465286050152,Rooftop Garden,Mechanical,Magic Key,Ancient Prophecy,0,0,39.299192465004616,52.49465677667748,35.33010418594749,-1
224,61.98179703806688,58.40465033520241,1.9987219526111255,3.691014193057672,51.15147012893718,53.78358354182846,Crystal Cave,Math,Ancient Map,Cursed Treasure,0,0,36.88051920130203,50.01508243106767,32.82205880765713,-1
225,63.93344245425212,58.828245720350765,2.0573072043202165,5.592861279515084,51.64948340976821,49.92152416043157,Mystic Bridge,Logic,Teleport Rune,Ancient Prophecy,0,0,40.92949955406917,52.033094351569424,32.31978715761743,0
226,61.249616445541015,59.55178065178181,1.7891397748421671,-2.594204580092077,51.62797135859691,48.08386833478136,Mystic Bridge,Symbol,Teleport Rune,Forbidden Magic,1,0,32.505803234908285,52.22806467708698,32.8643484878186,-1
227,62.52522551452542,57.708040709949394,1.903196114059564,-5.129030225177016,50.62132685424839,54.7893616295512,Crystal Cave,Symbol,Teleport Rune,Lost Civilization,0,0,34.94422336321854,52.610878312955805,35.23546181021665,-1
228,63.593800774588935,57.205961661062325,1.8202907052633983,3.2493096455462527,49.32743129875606,47.67345670068449,Crystal Cave,Mechanical,Ancient Map,Forbidden Magic,0,1,39.05687541882164,49.70227463515749,32.16529322989422,-1
229,61.91327637752151,58.33822459896927,2.264321536592958,-3.307930947114292,49.57384306371532,47.59529258298653,Mystic Bridge,Math,Ancient Map,Forbidden Magic,0,0,36.58257020577249,52.353709510342014,33.90100269548823,-1
230,62.95534520540123,56.57806181429584,1.9647473273991336,-1.475726244239393,52.75242177396412,53.07371420451675,Mystic Bridge,Symbol,Ancient Map,Ancient Prophecy,0,0,37.0456265763807,49.52842211316219,35.081534170376614,-1
231,63.19854310589743,57.041230981842254,1.6033645371713534,7.524322797985858,49.96459715366627,51.6532951490008,Crystal Cave,Symbol,Teleport Rune,Cursed Treasure,1,0,38.79000021547642,53.8564250410132,32.358397863473584,-1
232,61.804067372286966,58.71692487482298,1.774990637969589,3.8204699223224208,50.4300899150412,49.674852868684034,Mystic Bridge,Logic,Ancient Map,Ancient Prophecy,0,0,40.06990569139198,50.31418219810455,32.81282203376182,-1
233,62.60147494045004,57.591014707672,1.0315574869505637,0.0462841846009989,49.33653712306737,52.079772249972905,Rooftop Garden,Cipher,Ancient Map,Lost Civilization,0,0,34.27146309125208,48.81101947131927,28.71033784663352,-1
234,62.52678384557714,56.504540126308974,1.8422762297348296,-0.5911168011980061,49.20649258729204,50.75150000307292,Rooftop Garden,Pattern,Ancient Map,Forbidden Magic,0,0,36.78288752295669,49.19349236698681,30.95598712605452,-1
235,62.14085834348384,56.22050937816588,2.001176754349413,6.015675937310519,49.86929436354001,47.03451896065294,Rooftop Garden,Logic,Ancient Map,Ancient Prophecy,1,0,38.05335666264149,47.872177626402966,34.94906764758971,-1
236,65.00355297876688,57.7565993470788,1.9482738415496577,3.982945662699181,53.54808232882824,44.00603823246424,Rooftop Garden,Maze,Magic Key,Lost Civilization,0,0,42.22070168615521,48.64192314093314,33.713213205695766,-1
237,61.94802702488607,58.84733980273432,2.582364443645263,-3.1376740138481205,51.9949376791219,48.58163712073178,Mystic Bridge,Maze,Magic Key,Cursed Treasure,1,1,35.309747822118474,53.04733010625415,39.471583789865136,-1
238,63.72529215283905,58.83154002397784,2.159965718323277,-6.791995891679727,50.21008881845939,52.7123120897457,Rooftop Garden,Mechanical,Teleport Rune,Ancient Prophecy,0,0,37.07290363775413,45.09879835310696,34.05362449449448,-1
239,62.3367624600269,57.811416121324726,2.14577750260518,12.368140856848475,52.6169584913484,48.92882477913346,Crystal Cave,Logic,Teleport Rune,Cursed Treasure,1,0,41.77859332538951,49.5563162711982,34.996971706272205,-1
240,61.6521019529952,59.70697680955816,1.4927815981607355,-3.1412601883275104,50.75654695181416,51.15024299587311,Crystal Cave,Math,Ancient Map,Cursed Treasure,0,1,32.37864643108462,49.26266532795004,32.869356708229155,-1
241,62.85070000624801,57.59076920537075,1.8754624254050345,5.621618005197454,53.00883823081849,50.46121362111267,Rooftop Garden,Pattern,Teleport Rune,Forbidden Magic,1,1,39.2656106354888,51.19964489031094,32.69989651019533,-1
242,63.40609963460446,57.55453454639026,1.837921355409089,10.548594987689874,54.28723766922008,45.766249263464005,Crystal Cave,Maze,Magic Key,Lost Civilization,0,0,37.72276663352014,46.76739037685479,35.64303873821806,-1
243,63.68660908825766,55.12316928499472,1.7471334699586925,3.74510827538159,52.50417996929886,48.98401076573421,Rooftop Garden,Mechanical,Magic Key,Ancient Prophecy,0,0,40.03806837247754,50.18275618324592,33.47114037488582,-1
244,64.33743057288135,57.240735705864445,1.742003792707551,0.0169224030677574,51.09604039260497,50.897198326116445,Rooftop Garden,Symbol,Ancient Map,Lost Civilization,0,1,37.1468919966948,51.599902926281146,33.33779805170184,-1
245,65.72945029773291,58.53759759448235,1.4385138560041486,-4.099158838851627,51.99543690149412,48.03213436123908,Rooftop Garden,Symbol,Ancient Map,Forbidden Magic,0,0,40.58126168068305,48.11016960596632,30.384584867007483,0
246,63.04372926441081,59.24701825418229,1.5971501755301662,-4.156990516643321,50.96131873350496,49.09365460743012,Crystal Cave,Mechanical,Magic Key,Ancient Prophecy,0,1,36.21760420389756,52.04638193029444,30.483319242817835,-1
247,62.13910635799312,56.850287103582815,2.2410622568489296,4.938507395854526,48.176936004085945,50.97936773024278,Crystal Cave,Math,Ancient Map,Ancient Prophecy,0,0,37.22490342914375,50.46270674096555,29.38768185615236,-1
248,63.264028659375015,58.14022935766159,1.934860692809924,10.321880928010872,49.94119905684491,50.181574997857446,Rooftop Garden,Sequence,Ancient Map,Cursed Treasure,1,0,43.454699206418105,52.56700111056448,31.795535415790614,-1
249,62.55386942409923,58.7223018320472,1.824688067133196,1.1016651448935937,49.48793554633674,52.61727435231179,Rooftop Garden,Maze,Teleport Rune,Lost Civilization,0,0,36.11904086851091,48.06533971846746,31.02330727333469,-1
250,63.75494869928728,57.68406721359199,1.9738319763075924,0.3123147682936493,49.89230442350029,50.9591772829087,Rooftop Garden,Symbol,Magic Key,Cursed Treasure,1,0,40.13605377275574,47.138118649207954,31.50673944776892,-1
251,61.54069053311712,55.3870053619715,2.324492121884887,6.590274100299261,53.5901486179924,47.61037500399496,Rooftop Garden,Logic,Teleport Rune,Lost Civilization,0,1,39.83655389799632,52.49423192031871,35.86211936790859,-1
252,65.21503360944011,57.91499308575353,1.9743306407326784,-0.314920958381514,52.57499915437857,48.80613321517616,Mystic Bridge,Symbol,Teleport Rune,Ancient Prophecy,0,1,38.3036806329504,49.411715580263945,34.31335288334743,-1
253,63.71156328954833,58.42654149367982,2.133945383244237,4.499171593004396,51.545217553856176,50.05074071056569,Rooftop Garden,Pattern,Teleport Rune,Forbidden Magic,0,0,36.90473384060303,50.15281420632999,35.30787284836635,-1
254,61.180299107831,56.715086284014106,1.7165905142487052,3.347701108964031,52.0945034820928,53.34603769128511,Crystal Cave,Symbol,Teleport Rune,Forbidden Magic,0,0,40.195814881022486,51.385650142734185,34.045192370524994,-1
255,62.16403387051099,57.4057434927944,1.7836950399787714,1.1032854104152023,48.02990057832618,48.81618592429424,Rooftop Garden,Pattern,Teleport Rune,Cursed Treasure,1,1,38.63033406014987,47.45159851408235,32.45068746983323,-1
256,63.697875093985736,56.50178137068103,2.074162457451218,3.0848617766352886,51.95241132688594,45.66857799400493,Mystic Bridge,Symbol,Magic Key,Lost Civilization,0,0,37.60028754786169,49.410030398681656,35.657454584043926,-1
257,64.06684092671885,55.08449980719109,2.534424254426812,11.990235013980024,52.26162053449456,51.10141725872797,Crystal Cave,Math,Magic Key,Cursed Treasure,0,0,42.526386429414494,50.79496255743879,36.81913327647157,-1
258,61.62693352168451,58.6790122736908,2.3941928093243297,6.2090560162112975,47.484595088370746,48.111004379140006,Mystic Bridge,Symbol,Magic Key,Lost Civilization,0,1,40.85120071533907,47.730023174572665,33.42952254771027,-1
259,63.62084264975753,57.645610406785984,2.1387145191974626,8.66080713769919,51.984086471268704,46.786746701062576,Rooftop Garden,Cipher,Magic Key,Forbidden Magic,0,1,40.99478531955805,49.74873592021292,36.40510853032811,-1
260,60.96909386373802,59.244375597947005,2.007875589947209,-1.383261920551624,48.692120162817645,50.0470075320646,Crystal Cave,Mechanical,Ancient Map,Ancient Prophecy,0,1,36.64327540738351,48.95603971114824,33.76413414081114,-1
261,62.83568600958329,58.50135504522183,2.3813193295748,8.701792317820715,47.86520584873498,52.43216910452076,Rooftop Garden,Symbol,Teleport Rune,Lost Civilization,0,1,42.37595678870425,48.9761188636188,30.493948557517804,-1
262,64.04562797258711,57.28714594462666,2.1979288605347995,6.429110562162907,52.80165859080285,48.56529865084745,Crystal Cave,Mechanical,Magic Key,Forbidden Magic,1,1,43.43063550080749,53.03263103966057,34.84696872666012,-1
263,62.39059568806704,57.55548850958382,1.269927461180644,-4.2520808024385,49.29355935719197,51.24143471795657,Crystal Cave,Cipher,Ancient Map,Ancient Prophecy,0,1,35.919534822185064,52.9576810960792,26.119688620297826,-1
264,61.44369035474202,58.20215064382436,1.6403214666173949,5.956739714471727,49.72214891938653,51.704784157606085,Crystal Cave,Symbol,Magic Key,Ancient Prophecy,0,0,35.97835039652991,51.20160349340528,27.776442353295035,-1
265,63.1052995500458,58.60015138272927,2.0563915072322887,0.7032965838386755,52.27239653527662,51.979491234166574,Mystic Bridge,Cipher,Ancient Map,Cursed Treasure,0,0,35.46901607802698,52.539004644220746,33.34401390572696,-1
266,62.362808767241134,57.95322394880509,1.417281952413465,-4.447475059453692,50.32203775463188,48.16931922595349,Rooftop Garden,Symbol,Teleport Rune,Forbidden Magic,0,0,34.701457116828784,51.64137411755812,30.574160848425933,-1
267,63.605499577201485,58.73342246426247,1.6824925466142773,3.942292853578016,50.50153745014173,47.19729485516654,Mystic Bridge,Maze,Magic Key,Cursed Treasure,0,1,37.47620454955633,49.86903126283372,31.13238380681364,-1
268,62.09899897014714,57.32842724171213,1.740196095587749,6.000492813666599,50.46053056161311,47.53811723760352,Mystic Bridge,Logic,Ancient Map,Lost Civilization,0,1,35.6946094339869,50.69830618988813,28.63886990203325,-1
269,62.22004323512219,56.62520975923481,1.87163653477039,4.075180645891215,51.27691970832049,51.97743668030618,Rooftop Garden,Math,Magic Key,Lost Civilization,0,0,42.25023014110377,47.30241399284727,34.67519774852784,0
270,60.980002974990704,57.554792058063285,1.8605774635406465,2.7833025819170705,50.40786593544416,51.66848288667703,Rooftop Garden,Cipher,Magic Key,Ancient Prophecy,0,1,38.479191084122206,48.45278864790389,31.232357390231144,-1
271,63.17924554448447,57.82202489571743,1.858365204169227,1.6879187577638783,50.91038821513719,47.607123498249166,Rooftop Garden,Pattern,Ancient Map,Forbidden Magic,0,0,37.36632776034986,50.483891977208096,33.86740731778781,-1
272,62.85666171728226,56.41253400116767,2.190963077734983,15.685630162383218,49.97567915253719,55.33161006585909,Crystal Cave,Math,Teleport Rune,Forbidden Magic,0,0,42.354652394300366,47.36196764403009,32.39281641948977,-1
273,61.83741800988335,56.274567410104005,1.862047935530544,-2.548317458351389,51.25054881439211,47.30909008353208,Mystic Bridge,Maze,Magic Key,Cursed Treasure,1,0,32.76515739341772,47.09685278361283,32.07820144029993,-1
274,63.22780754106687,58.05588660636776,1.824445210367011,7.740973448985439,51.18537307684946,52.49866021175181,Mystic Bridge,Math,Teleport Rune,Cursed Treasure,1,1,42.57362035515323,49.45239958491342,33.75783565839709,-1
275,64.0692553152002,57.19934500138273,1.5332767570771502,3.4653071101461657,53.553212554355454,53.799163598013024,Mystic Bridge,Mechanical,Magic Key,Forbidden Magic,0,1,35.58192453907653,53.04285146222279,32.21141897681061,-1
276,62.8347632182373,57.43705322711316,2.243501473469074,-0.8723169102263473,50.12626897075426,50.27439401498341,Mystic Bridge,Symbol,Magic Key,Ancient Prophecy,0,0,38.459218421163,53.34546936091749,34.37815553997722,-1
277,63.3266141379829,57.24038449424048,1.7328927735926751,3.1698383615991763,50.41364520403865,48.07569039104792,Mystic Bridge,Cipher,Ancient Map,Ancient Prophecy,0,1,35.270075681772894,50.085878132867535,32.693038451122945,-1
278,63.3398442635133,59.11785184602869,1.6063526401708794,-3.541016970013624,51.03986470288679,48.130304931379136,Crystal Cave,Pattern,Magic Key,Ancient Prophecy,0,0,36.11358527686537,52.75486708188708,29.091083097029937,-1
279,61.87025873193517,58.85617665618939,1.994484024662414,0.4580013779736789,52.12000322140875,49.344774499092814,Rooftop Garden,Logic,Magic Key,Cursed Treasure,1,1,39.74493339709498,50.49633605932485,34.99351517040754,-1
280,65.13919956488174,56.35421713456844,1.6985450982977714,3.212583549144995,49.02768053406853,52.70217694517008,Crystal Cave,Sequence,Teleport Rune,Ancient Prophecy,1,0,36.779390620389,45.122194514572506,29.43279208884461,-1
281,62.61975865974096,57.055923727737,1.7688879008031173,-4.2965337947668765,50.8121186838109,47.00031046825038,Crystal Cave,Pattern,Ancient Map,Forbidden Magic,1,1,35.985477256977234,48.31452538490797,30.259484789159814,-1
282,63.754688919097305,58.43585812253859,2.00223375280744,6.002755045528167,46.88669777351917,45.40308491896806,Crystal Cave,Pattern,Ancient Map,Ancient Prophecy,0,0,41.3091812165712,49.66575217513245,29.99907958978398,-1
283,63.87572162488155,58.1849178131433,1.8247487356939072,-1.3361774802860094,50.2328093290804,50.905137476423256,Rooftop Garden,Maze,Teleport Rune,Lost Civilization,0,1,38.8529187315319,51.05794289901532,34.04437559449481,-1
284,62.97481417565298,57.5386421531113,2.6141501161577945,-3.7641971969076806,52.24085573719609,51.4540318781477,Rooftop Garden,Symbol,Ancient Map,Cursed Treasure,0,0,36.796001345876206,50.52326844478076,33.376288944302324,-1
285,63.72907652960739,56.43960927805098,1.8961685949808984,-1.8959067380000123,49.53419729818185,54.91992361699817,Mystic Bridge,Math,Ancient Map,Lost Civilization,0,1,38.660200921040826,48.851274725237126,33.65376871189676,-1
286,63.37594209707164,56.89176964288461,2.1018946683250115,14.397721558791757,50.88030107074782,46.54420256183317,Crystal Cave,Pattern,Teleport Rune,Cursed Treasure,1,1,41.123233814671934,48.85103290015781,34.52683513781546,-1
287,61.720293580233935,57.05463317627189,1.331937341334018,-6.360606709360516,49.81330807774477,49.6629834700944,Mystic Bridge,Symbol,Ancient Map,Forbidden Magic,0,0,38.9895858459982,50.58862992836381,30.383070890493283,-1
288,62.81344011279128,57.84547698881522,1.6541295964722638,5.7220871175138,49.30917319275569,52.9045935803012,Rooftop Garden,Cipher,Ancient Map,Forbidden Magic,0,0,36.18345449714524,47.625884973974514,31.7644579783569,-1
289,62.54091032582256,59.26928259574253,1.584105556229363,-0.2049576030148729,52.0471039577098,50.30215541900683,Rooftop Garden,Logic,Teleport Rune,Lost Civilization,0,0,39.78720040324663,53.50204403122471,31.77976732689013,-1
290,62.69943346200901,56.87573886948332,1.6216977465468527,1.8143293590785925,49.013573980009774,49.51140202734619,Rooftop Garden,Logic,Magic Key,Cursed Treasure,1,0,38.542947958496015,48.44303022710747,32.35815267415132,-1
291,61.86486138553578,56.53363841025754,2.030481854007169,6.596365692262484,51.01248575638739,51.97476374232385,Rooftop Garden,Pattern,Ancient Map,Ancient Prophecy,0,0,40.33204500172892,53.91024054384564,32.77504889975542,-1
292,64.30295304907827,57.44813263531192,2.214275686622389,6.3625398043097725,51.02712995694293,48.5015275894835,Crystal Cave,Cipher,Magic Key,Cursed Treasure,1,1,42.07962580590737,49.7884877565875,31.12094864263096,0
293,64.78613538926072,58.585494458269686,2.0047580721696283,0.196693646079773,49.2784570330803,52.12852710488537,Mystic Bridge,Cipher,Magic Key,Ancient Prophecy,0,1,40.04194653430685,49.90518608065808,32.503817190527144,-1
294,64.1697376710385,56.103899798434576,1.8311154595045105,-3.1772204675167446,50.78122721303152,46.86609201952431,Rooftop Garden,Math,Ancient Map,Forbidden Magic,0,0,35.92663294125013,48.30360292329269,34.31778871160429,-1
295,64.46982436269067,59.00143513590128,1.7075695606072605,6.734322551378584,49.136809990139234,46.20142074179276,Mystic Bridge,Cipher,Ancient Map,Lost Civilization,1,0,40.12965200405041,50.18796137471448,32.38276057042382,-1
296,62.86218915349361,57.372778785732855,2.228600652912533,6.397216040098674,51.3134415411225,49.31602995271918,Rooftop Garden,Logic,Magic Key,Ancient Prophecy,0,0,36.73329897000811,51.638089575086966,38.1999272217599,-1
297,62.57806434158488,56.80749026198039,2.5135695799489337,2.2221891797337605,48.54984686696756,43.59177553275858,Mystic Bridge,Pattern,Ancient Map,Forbidden Magic,1,1,37.61650390684821,49.39066015399884,33.82282613281233,-1
298,62.44319957590805,55.93861205826399,1.93035956449134,5.8684595292898845,50.0043587863558,50.21174909178226,Mystic Bridge,Mechanical,Teleport Rune,Lost Civilization,0,1,39.87149559394869,51.13206352997894,32.402113970752865,-1
299,63.873285178187736,58.24230417416253,2.1692795085056367,1.4412853114076087,50.12610121038549,45.668596643238224,Rooftop Garden,Symbol,Ancient Map,Ancient Prophecy,1,0,39.97061325104833,51.72367609785842,33.273550046368506,-1
300,63.46368505384367,57.36158524692775,1.9880873922523663,-0.4530658018647644,52.16617358710525,50.70605130141594,Rooftop Garden,Maze,Teleport Rune,Cursed Treasure,0,0,38.725159981735295,50.64932930923837,32.48281450943113,-1
301,63.166770074439576,57.700425962823154,2.1093115552655077,3.713616418456794,50.69827745332241,50.46364859529236,Mystic Bridge,Logic,Magic Key,Ancient Prophecy,1,1,35.50396748734051,51.275862335838,32.840092388111984,0
302,64.54647808266812,56.62586378422096,1.5308580813140948,6.300646871910548,51.91219589798276,49.83009403458796,Crystal Cave,Mechanical,Magic Key,Lost Civilization,0,0,39.49373304633258,52.41323760487867,30.00175991145816,-1
303,63.6635765393623,57.20452555423361,1.731321636199534,5.263406313426135,51.3031657689336,51.09102166884523,Rooftop Garden,Math,Teleport Rune,Lost Civilization,1,1,38.45266883891016,51.61719296785224,27.9891122822722,-1
304,62.427251017600106,57.03397743432708,1.993922271719201,6.274634292427219,51.28502811265943,50.510493671535215,Rooftop Garden,Sequence,Magic Key,Cursed Treasure,0,0,36.71840503180151,50.74190381344193,32.457757545391416,-1
305,62.592241046236175,57.41689370733377,2.236526297478421,-0.0624134392843047,49.95610928840599,49.26749849167182,Crystal Cave,Math,Magic Key,Cursed Treasure,1,0,35.864753793748896,51.02853256283202,33.97113675230304,-1
306,63.96235207405097,56.84485366911932,1.6248151197264422,11.661540676385638,51.976794574550674,54.57751745119283,Crystal Cave,Pattern,Magic Key,Ancient Prophecy,0,0,41.87843180808529,47.88138681199001,33.749099457012875,0
307,64.32926813486563,55.9771352792958,1.2577209658218518,2.051878973237223,49.90259818982825,50.98327673388111,Rooftop Garden,Pattern,Teleport Rune,Cursed Treasure,0,0,42.0407016144474,54.30790670598264,28.83087164134774,-1
308,63.84635955900582,60.23671730245587,1.7156657698042752,3.1808472433829884,47.83352518350524,51.92977021827719,Rooftop Garden,Math,Teleport Rune,Ancient Prophecy,1,0,37.35594125000039,52.78865858968244,29.65131388825037,-1
309,65.19867958574125,56.141705710701615,2.165597942254435,-2.8062177593820663,50.09748396167963,52.68269935993148,Rooftop Garden,Symbol,Magic Key,Cursed Treasure,0,1,36.01961355361873,50.57452017493706,35.77237308850055,-1
310,64.94387691107754,57.68345246061217,1.3847830595526431,2.829416307883436,51.0912725101057,51.67037344760522,Rooftop Garden,Mechanical,Teleport Rune,Forbidden Magic,0,0,38.61620615172245,50.539286448360414,28.42242164796126,-1
311,63.75695181413059,55.72684022670538,1.504248305162347,6.471505074636252,47.99250455818689,55.157082297312016,Mystic Bridge,Math,Teleport Rune,Cursed Treasure,0,1,40.87055538504145,44.01215286296224,29.686699069845297,-1
312,62.48434881061049,55.4986863369108,1.9014520609762688,7.634487734831496,49.06616704237971,50.41501721205299,Mystic Bridge,Cipher,Magic Key,Cursed Treasure,0,0,42.22837138753283,48.13162667378538,34.05340112713055,-1
313,62.019922636795926,57.5904171118618,1.8172171487263449,11.643250599916252,48.53930774236764,49.98259663540985,Mystic Bridge,Pattern,Ancient Map,Lost Civilization,0,1,40.5319109466725,50.17304779889942,30.1216967611148,-1
314,62.94947620064127,57.6638061935134,2.027660487195165,6.44632757900199,51.556628426868784,48.37606978048346,Rooftop Garden,Logic,Magic Key,Forbidden Magic,0,0,36.81182650218134,49.030314377060776,30.82188492466065,-1
315,64.09698623928676,58.74777673274271,1.4779946644350752,5.241319189706802,52.87720180466736,49.35931515860005,Mystic Bridge,Cipher,Ancient Map,Forbidden Magic,0,1,37.564421843924,50.035777657585086,35.7642787225554,-1
316,65.17730170120262,57.882654880847305,1.746391549837469,1.6368716705842283,50.04470707665808,48.171938577372096,Rooftop Garden,Logic,Magic Key,Lost Civilization,1,1,39.97400529921673,49.848295906806165,33.606510375326955,-1
317,63.77495039917216,57.33011879194088,2.1996936251440093,0.5712330927345675,51.1478923583478,51.69302978250385,Rooftop Garden,Cipher,Teleport Rune,Forbidden Magic,0,1,40.42684895667578,51.90371931312427,36.03345808832887,-1
318,64.53304174808575,56.52714192173966,1.4805026197311368,8.742759482972364,51.10021008288748,47.71920938170341,Mystic Bridge,Math,Magic Key,Forbidden Magic,1,0,44.97413674342573,52.30054991187689,31.29349651954564,0
319,63.12579383568155,58.97255808474963,2.278659394530401,8.658444295747962,52.66395405623341,50.18448042474532,Rooftop Garden,Math,Teleport Rune,Lost Civilization,0,0,38.10820792032784,52.15550738045081,36.72786879282237,-1
320,64.00061952706075,58.39919232023291,1.5125557505485232,-1.4704015063673976,49.3457504332694,51.39886733575594,Mystic Bridge,Logic,Magic Key,Ancient Prophecy,1,1,38.238800026894864,49.613827259015046,25.74232042860045,-1
321,64.2079229565792,56.22079787244911,2.084771532601112,7.5417047095892356,49.98607621274596,50.37580971648805,Mystic Bridge,Logic,Magic Key,Ancient Prophecy,0,1,38.72757511233389,48.627004672972014,32.45753624321588,0
322,61.41165415550864,57.50186858419551,1.7152269524002544,7.189700803599596,49.79605044258536,47.76021281107519,Mystic Bridge,Sequence,Ancient Map,Ancient Prophecy,0,1,37.206649383215805,50.409586101974014,33.65407255152974,-1
323,62.9844584462495,57.60472583452662,1.4807808689287127,-1.6197112270581648,50.411557087983645,51.74736228501496,Mystic Bridge,Symbol,Magic Key,Ancient Prophecy,0,1,35.33813823508256,50.84167975045044,28.33709285217175,-1
324,64.35421289752045,57.111779946124194,1.6723040302450929,6.663161833695487,54.04627846499005,49.786650728660135,Mystic Bridge,Cipher,Magic Key,Forbidden Magic,1,0,39.94295395907184,51.65742002763314,33.04544900142396,-1
325,63.68556249552479,58.22603535249855,1.981954620212654,-1.2753161338179018,50.32731135963001,42.818219458883874,Crystal Cave,Sequence,Ancient Map,Forbidden Magic,0,0,36.06418448522456,49.94496725084205,33.730798022200965,-1
326,62.22112707542134,58.28266054478268,1.8135036706772167,-8.162516597059787,48.99031469261661,47.54162077354153,Crystal Cave,Cipher,Magic Key,Ancient Prophecy,1,1,39.8416133800018,51.6545075848808,30.180618465837163,-1
327,60.99403396390928,57.25717553573274,2.148166749843281,3.194961956219081,48.53191554420631,53.502830591006834,Crystal Cave,Symbol,Teleport Rune,Forbidden Magic,0,1,36.635557398639946,50.68688045337087,32.87337515485561,-1
328,63.064855998454455,57.163517113814834,2.240396220701375,5.296067021771213,52.13390450561364,53.71080460378671,Crystal Cave,Sequence,Teleport Rune,Lost Civilization,0,1,41.403289927323016,49.65105736771488,35.7999069785283,0
329,63.36549757904693,58.9400612589676,1.4517956654696702,3.4431526111429918,48.95732591470679,51.315278025163,Crystal Cave,Cipher,Ancient Map,Cursed Treasure,0,0,37.73318898150145,47.61052601973269,30.88979060645558,-1
330,62.55957291070484,58.37064944763532,1.4268373397567775,18.365547512616157,51.23285402038207,51.96017244239582,Mystic Bridge,Maze,Magic Key,Ancient Prophecy,0,0,47.51188905994421,49.33615205435726,30.52229019359258,-1
331,63.5929593832403,57.50687003814331,1.4092758947086748,5.935769996844432,49.20919790252488,48.054265046855335,Rooftop Garden,Cipher,Ancient Map,Ancient Prophecy,0,0,40.61463659183517,53.231839259460095,28.58359685133489,-1
332,63.9626057132255,55.80199104783971,1.5279340378077373,4.788716985862069,48.31995267941642,49.34963895315235,Rooftop Garden,Logic,Teleport Rune,Forbidden Magic,0,0,41.48804198274996,45.3382410832741,31.064014222885984,-1
333,64.13321652795116,57.77188198939757,2.125919130792241,6.212452041184025,51.11904381488604,53.08841650114909,Mystic Bridge,Logic,Magic Key,Cursed Treasure,0,1,39.16151050991402,53.299170639501945,34.74150302791282,0
334,67.11288663266475,62.12263851346656,1.9597085085653,21.869381716254463,49.25637565599112,52.56478810640519,Hidden Vault,Symbol,Oracle Vision,Cursed Treasure,0,0,48.78142770467994,49.87996029055898,33.04707588879562,-1
335,68.1607624073264,58.66669796671683,1.625020214953333,28.73484682262093,50.83187603763517,51.66237095971763,Hidden Vault,Mechanical,Secret Code,Ancient Prophecy,1,1,50.18668954281796,49.68676333004985,32.14500995728873,-1
336,69.17663248984623,61.66974498296646,1.7821098624481804,25.90392955906464,50.93390286307578,51.03297864276745,Underground Market,Cipher,Secret Code,Ancient Prophecy,0,0,48.51920326987672,52.60616408820125,33.27568171145224,-1
337,70.05960152653637,60.99783089224045,2.203628208957719,25.686240187675995,50.99561361226954,54.43618000308677,Underground Market,Logic,Secret Code,Forbidden Magic,0,1,47.58185009936536,56.46221051292843,36.06625184682619,-1
338,69.98280122962035,61.190307360067,2.351619671993672,21.0012358998129,49.76522660128847,54.30508038387536,Underground Market,Symbol,Secret Code,Ancient Prophecy,1,1,47.814964485776926,52.83852238770495,34.90899692989791,-1
339,69.97154148717388,60.50041087731488,1.8538956950083825,16.311634215637238,51.187955603581024,53.1241793769219,Hidden Vault,Cipher,Oracle Vision,Forbidden Magic,1,1,46.23012819975057,52.15986841331323,33.20501692507955,-1
340,69.12232336293333,61.25622417025661,0.9751443153883148,21.637797705944088,48.76608834666364,51.665687665206406,Underground Market,Pattern,Oracle Vision,Lost Civilization,0,1,49.70278988271608,50.761882522058336,27.22990001358168,-1
341,69.18414301563939,62.79301812013357,1.8589475512698068,25.569333187712573,46.45999713192467,50.60810878558303,Clocktower,Logic,Secret Code,Lost Civilization,1,1,48.71678803450208,54.29103400399027,33.43754497177528,-1
342,68.78944765542246,60.95123259317857,2.047003270699614,21.944095696338035,51.1926927058978,53.232534299211785,Hidden Vault,Symbol,Hidden Door,Lost Civilization,1,1,44.01380989558592,51.87896446726261,31.538289988846334,-1
343,70.29193678644084,62.35980067564925,1.8307707733620453,25.637651534559087,50.37195957957348,48.7452253875638,Hidden Vault,Maze,Hidden Door,Lost Civilization,1,0,51.1588176292386,53.26824460398203,32.10348320690543,-1
344,68.60918480977331,60.58448341175913,1.978122820645179,23.02862231656311,49.199673440739645,49.26357538103365,Underground Market,Maze,Secret Code,Lost Civilization,0,0,50.6604307447095,51.532364066408896,31.49418083210899,-1
345,70.38560607800217,62.14614983812898,1.8640604261648148,26.35473850502615,47.899276426572136,47.87227159803765,Clocktower,Logic,Secret Code,Ancient Prophecy,1,1,46.80565022825226,54.52188452117648,27.75167385972737,-1
346,69.7492840941507,61.385620029141634,1.3833050433391028,19.329123194966364,47.04235083241666,54.588074444982816,Underground Market,Logic,Hidden Door,Lost Civilization,0,1,51.25776864177244,53.901979291843645,29.76202133254586,-1
347,69.50221258078274,61.732551055759465,1.4845705636903694,25.189089969602765,50.16604413254877,49.69833343967664,Underground Market,Math,Secret Code,Ancient Prophecy,0,0,52.05135814565717,51.46521759321271,30.6147807811138,-1
348,68.89633783517964,61.384233074143246,1.6508256182593837,21.03125858963484,52.55281717693275,52.510019466879065,Hidden Vault,Symbol,Oracle Vision,Lost Civilization,0,0,46.38541894773229,52.22501060447238,32.94346326392305,-1
349,68.20326246481841,62.01525019143904,2.063510830186908,16.555997329338716,49.86300968047007,51.18610619822618,Hidden Vault,Math,Secret Code,Ancient Prophecy,0,0,43.65443746405737,51.93151981941311,32.82789581217932,-1
350,68.9168725191004,58.80257654417408,1.510822426988412,23.43301743285185,49.520048930703325,58.74384747530483,Underground Market,Logic,Hidden Door,Lost Civilization,1,0,50.48598365516622,51.432517442570685,32.309867489224914,-1
351,69.24020415832726,59.94686462622967,1.8740460042795573,31.951745196514285,50.01670525166208,52.60476363508959,Hidden Vault,Cipher,Hidden Door,Forbidden Magic,1,1,48.3903476948745,53.77953599360963,34.26746756610105,-1
352,67.20683721267825,61.78029030208607,1.8250570638273051,16.98863782109034,53.31326865719422,46.84464810188664,Hidden Vault,Pattern,Oracle Vision,Ancient Prophecy,1,1,44.08401251749924,54.30218759507929,31.75433118512797,-1
353,69.38412155626983,59.31618291375345,2.2064692301425217,24.88983688070136,51.16352044273493,54.43858939149146,Hidden Vault,Sequence,Hidden Door,Cursed Treasure,0,0,46.46716451495973,47.37273673918904,37.9383135684644,-1
354,70.51141390156577,60.825643987158,1.714753765719908,28.292109931034226,48.62650364838329,50.53212259098579,Underground Market,Mechanical,Secret Code,Cursed Treasure,0,0,50.80629693921154,53.82275789322116,30.69191677726273,-1
355,70.15981884040104,61.29837820093832,1.1974648964599033,35.815720226060165,50.06022428498907,50.99768049512736,Hidden Vault,Logic,Oracle Vision,Ancient Prophecy,1,0,55.77097765880293,50.22292786188041,30.995132682489483,-1
356,69.10190398539683,60.52106524000683,1.9145755498471264,21.862237255451536,50.50792534937275,49.81871934247489,Underground Market,Cipher,Oracle Vision,Ancient Prophecy,1,0,48.76964723657621,51.03584995697141,33.27289375886564,-1
357,69.65051955607045,60.654121959536205,2.358540420086328,21.17822767582367,48.41596305686459,51.98903129659615,Hidden Vault,Sequence,Secret Code,Lost Civilization,1,0,50.17992903383502,52.5379407131491,33.85357034002179,-1
358,69.05285650104855,61.6137352084795,1.9274359569016395,18.51609139622413,51.13037765521656,51.95628284418705,Clocktower,Pattern,Hidden Door,Cursed Treasure,0,1,46.282936368427,53.18791846250718,34.38860372651039,-1
359,69.76318397922417,62.347909284237126,1.4740074169189177,30.06344885525433,48.75616105212277,49.886307055878426,Hidden Vault,Cipher,Hidden Door,Ancient Prophecy,1,1,51.071550702834486,55.14023911077879,32.910744976120384,-1
360,71.15989755430907,60.37661795394884,1.382295110142055,20.03510345008161,47.70765745441876,50.22963869878393,Underground Market,Cipher,Hidden Door,Lost Civilization,1,1,46.25359403831087,50.58365879405008,30.937122964509705,-1
361,70.59361927413359,60.75645384498649,1.417549436609542,22.530493944939305,50.07947879551095,51.75321533272079,Hidden Vault,Logic,Hidden Door,Forbidden Magic,1,1,48.92154789088531,50.61218588481265,30.22324497113704,-1
362,70.15120972177367,60.59668748567939,2.3009832924629112,15.150080798929396,49.83324770684118,45.64317128372485,Underground Market,Sequence,Secret Code,Ancient Prophecy,1,1,45.14380985342993,51.76104533117231,33.952059252290496,-1
363,69.14278959961284,58.90299684949203,1.598329763045244,28.825916537734656,49.94615251635823,47.89625632374074,Underground Market,Cipher,Secret Code,Ancient Prophecy,0,0,49.81290812433555,53.17536696920169,30.239408594635204,-1
364,70.39083610026935,61.462508271277365,1.494262065966785,30.208628905542398,48.79192332925462,55.67498024024505,Hidden Vault,Mechanical,Secret Code,Ancient Prophecy,1,1,50.83906618658839,54.041486197909386,31.80339253496076,-1
365,67.95920799911511,62.25192585633329,1.6420401993797484,28.657486017816368,48.99242739775101,52.31955236080061,Underground Market,Math,Hidden Door,Lost Civilization,1,1,48.743890848785945,53.54912959482833,32.24417825457832,-1
366,69.398882708275,62.33025471007607,1.591004404281739,16.41325049448944,51.61397373684057,50.18772753314805,Hidden Vault,Maze,Secret Code,Forbidden Magic,0,1,50.77841877317217,56.60589942042707,31.48676981612204,-1
367,70.2400627956156,60.43924029407064,2.1528663695549004,27.4868912918395,50.5741411136101,47.25979292115791,Clocktower,Pattern,Secret Code,Cursed Treasure,1,0,53.92519437034506,54.71200891418179,36.55155455258038,1
368,70.4018516706031,60.05469557805282,1.374712372947448,16.09903631854066,48.46860421430057,51.359209587633806,Underground Market,Pattern,Oracle Vision,Forbidden Magic,0,0,49.903106661007534,53.30897221978263,31.88075320817921,-1
369,70.33635787261916,61.324377931380376,2.0297227642220914,24.763834856454743,46.9688904889392,53.96298022945276,Underground Market,Sequence,Oracle Vision,Forbidden Magic,1,0,53.22108311550244,49.96487500305693,35.25034852222046,-1
370,69.96631079274904,62.12841664159795,1.7086216145075157,25.51025928201416,48.51452576222313,58.09801526162485,Underground Market,Cipher,Oracle Vision,Forbidden Magic,1,1,52.47146955880941,54.759274876178935,29.512095666343264,-1
371,69.48072559144023,61.45035580151374,2.0305563479318667,26.0470184228316,50.11331571190752,56.230141062489245,Underground Market,Maze,Oracle Vision,Forbidden Magic,1,0,49.45778621349327,52.63319571052476,32.97850245742801,-1
372,70.21936070410312,61.58116422710914,2.1396789345012115,27.18050884216213,48.92068863785693,49.28265494967866,Clocktower,Sequence,Secret Code,Ancient Prophecy,1,0,50.03594986503214,52.101064225129605,32.626042459022784,-1
373,68.73342150548808,62.430036609823865,1.6867679603862795,24.47837488661949,48.79533256273621,50.26050117153928,Clocktower,Math,Hidden Door,Cursed Treasure,0,0,49.054365870319856,52.094989196869534,36.35216219244811,-1
374,68.8464666942605,60.54540707951845,1.5632358602591636,14.717604927249113,48.96729158050648,47.82125192440832,Hidden Vault,Math,Oracle Vision,Lost Civilization,1,1,45.30179165730021,51.83181014399552,30.756274401883157,-1
375,69.75770359717085,61.06090338756486,1.6740258929833982,27.216559964690184,49.73319814633144,49.39586233344012,Underground Market,Symbol,Hidden Door,Ancient Prophecy,1,1,47.93949938484465,51.43776449026026,34.09304662703116,-1
376,69.8739550306093,62.911800713361885,1.6221495732391966,25.04019088175753,51.010431664327534,50.96789209218812,Underground Market,Mechanical,Secret Code,Lost Civilization,1,0,50.029640793986864,54.579855432120965,34.063349348738925,-1
377,67.87989413327522,61.07669771081554,1.1498908049401728,20.05023928262684,49.82409451607565,50.58215750843464,Clocktower,Symbol,Secret Code,Lost Civilization,1,0,43.61076609764652,52.372620978762,29.34372228620661,-1
378,70.16537102655496,60.002477418313205,2.1091164607819533,16.727531987425788,49.908865773691815,56.63641826644858,Hidden Vault,Logic,Oracle Vision,Lost Civilization,1,0,47.39276549307343,52.42458433284773,33.50192037846074,-1
379,70.487631720555,60.59675576958336,1.7134913062438977,32.28580364895316,49.46991017693049,48.21160764380946,Clocktower,Symbol,Oracle Vision,Cursed Treasure,1,1,49.98877435686666,53.41825415007058,32.63448660053263,-1
380,69.64226011926408,60.32422144051541,1.2872015489944952,30.753361791950496,49.04940968731256,51.38726387703026,Clocktower,Mechanical,Hidden Door,Forbidden Magic,0,1,50.8492868684022,51.44810660277967,32.18919751081251,-1
381,72.09861692533603,61.6158452608805,1.012242069178525,28.1378052555012,51.13105435622517,46.3413505942584,Hidden Vault,Symbol,Hidden Door,Forbidden Magic,1,1,52.08291861693024,51.882716097762646,29.270484384341547,-1
382,69.04578404681037,60.35900902579167,0.9305795199263328,21.23767050092781,50.894548335007485,52.32722695121934,Underground Market,Cipher,Oracle Vision,Forbidden Magic,0,1,47.09306463555892,48.417410722928025,28.15243166806765,-1
383,69.37216368145215,61.52225562044917,1.856356316238056,12.045336836232591,52.840121533337296,48.14573664831013,Underground Market,Symbol,Oracle Vision,Cursed Treasure,1,0,41.95587753399976,55.17491067411688,35.71005483184449,1
384,69.34267876631687,60.51141348453712,1.4358646884317046,28.464847699099124,50.679308936844045,54.25656577095698,Clocktower,Symbol,Hidden Door,Ancient Prophecy,1,0,47.769023902620816,52.65138175270576,28.7893759196512,-1
385,69.66601598026539,59.12034951075629,1.4814266183817284,26.486015582679,49.00710641693428,50.77243526746177,Clocktower,Sequence,Oracle Vision,Cursed Treasure,0,1,50.66190150632303,50.83331318009302,30.93473995234501,-1
386,69.41789974518987,61.54658920613304,1.760675252406743,22.79039270878693,48.38902109337871,47.995039329292766,Clocktower,Mechanical,Oracle Vision,Ancient Prophecy,0,1,47.37297327205622,55.10424942802348,33.35755742337926,-1
387,68.34419798398345,61.384666507975766,1.455740183435165,30.29885096007209,51.16669102148113,46.24324561610511,Hidden Vault,Pattern,Secret Code,Cursed Treasure,1,1,51.21787358398048,50.62556237310861,32.26680130671495,-1
388,69.20880716332678,61.75018610008626,1.7708313242770437,28.92591488296141,48.50607296215228,49.05340627847582,Hidden Vault,Logic,Hidden Door,Ancient Prophecy,1,0,50.222461346147625,53.03882438631374,30.20241092115093,-1
389,69.66204461238297,60.55565858724934,1.631766509287542,25.57750503744594,50.93444373020275,52.0984522268571,Clocktower,Mechanical,Hidden Door,Lost Civilization,1,1,49.074814496442606,50.64773247617389,29.991820410414988,-1
390,70.99251011387396,60.44531093062712,1.5742558365508366,24.883412647834067,48.57125854364411,52.55378411789116,Underground Market,Sequence,Hidden Door,Ancient Prophecy,1,1,50.755817038917655,53.33798106852023,32.956799437339285,-1
391,71.97041686170975,61.62252395504891,1.1239713523398902,24.974044670179936,50.22616353504633,50.253905047066816,Underground Market,Math,Secret Code,Cursed Treasure,0,1,49.32466937429022,48.72871691732528,29.2576356440586,-1
392,71.10784583375818,62.73627046419054,1.3461733810430303,28.129983514060196,48.104101321216845,53.81449260858242,Hidden Vault,Maze,Secret Code,Ancient Prophecy,0,0,51.90449239061913,55.14424091464847,27.63393040814437,-1
393,69.0011540033947,61.22460481429983,1.7691444736085962,20.453973011375844,50.8548642867722,48.660642767762326,Hidden Vault,Math,Secret Code,Cursed Treasure,0,0,46.69787014048885,54.55351660169686,34.78172492923772,-1
394,69.08484722810114,61.63419994557479,1.380063368414461,26.882333456228935,47.82584297959802,44.182350393728576,Underground Market,Cipher,Secret Code,Ancient Prophecy,1,1,54.58817949180823,50.86308369155113,31.035179371501616,-1
395,69.6254147346575,60.88419735502268,1.942562012772172,20.160518719698537,50.07710692864532,52.20638412685625,Hidden Vault,Maze,Hidden Door,Forbidden Magic,0,1,45.55553322243188,52.76703895238381,30.70531928627837,-1
396,71.57335130188751,59.6583168662964,2.281148172132626,31.45729736961314,49.36223793648788,54.72523953170846,Underground Market,Sequence,Hidden Door,Cursed Treasure,1,1,51.66670273188837,49.830222713665606,38.83432184753328,-1
397,69.62738004916369,62.165531328489,1.7704156015939192,27.44620489414122,49.80304099689037,54.74833418414436,Clocktower,Sequence,Oracle Vision,Ancient Prophecy,0,1,49.37647550383547,54.33167305054452,30.902118968389257,-1
398,68.4692708469508,62.10266285569916,2.017617634691455,21.355453692647878,49.04796586054256,48.25047689846166,Hidden Vault,Cipher,Hidden Door,Cursed Treasure,1,1,44.78446749384311,54.92191538652325,34.16255214228431,-1
399,69.29953794526513,61.901161548877255,1.7822503265066885,25.210599507301858,49.004128896575,50.1382670316961,Clocktower,Logic,Oracle Vision,Lost Civilization,0,1,50.59452779754669,51.12167953185387,35.60423438328899,-1
400,70.56167029848129,61.00457320598528,1.4020138802355535,20.54970627763731,49.85654493207182,53.30955003935127,Hidden Vault,Symbol,Secret Code,Cursed Treasure,1,0,47.6444659002188,50.08101291685042,32.31276820934375,-1
401,70.49841621921249,61.77969809198164,1.6185947754835814,32.35021254381242,48.1125271372566,49.93223473010308,Hidden Vault,Logic,Hidden Door,Lost Civilization,0,0,47.24455705132095,55.06116839323894,31.049001555141132,-1
402,69.6120833145582,62.07251937861697,2.1587990187624704,32.95503082470666,48.09507062732273,51.76346215152123,Clocktower,Sequence,Hidden Door,Ancient Prophecy,0,0,53.04401637923759,56.95211887351935,29.81819758450031,-1
403,70.49950104866164,62.79502411005095,1.3939869540169694,28.332764214335068,49.06065608993829,49.70890026047429,Clocktower,Symbol,Oracle Vision,Forbidden Magic,0,0,49.52719233079179,54.75754220822751,34.18833374248185,1
404,67.54666288453595,62.15949164232183,1.2355023252634645,32.64591587372083,48.99365952042989,48.77652810634657,Hidden Vault,Sequence,Secret Code,Cursed Treasure,1,1,50.11196964699828,54.44725903069549,31.169112133292018,-1
405,69.9273753150093,61.23087915786665,1.20328693579849,25.63259233113545,48.07316236270075,49.25906587148311,Clocktower,Cipher,Oracle Vision,Forbidden Magic,0,1,50.99984804805793,51.8121667247291,26.02002119145428,-1
406,70.68790473850738,59.85488936903665,1.4745287186614986,28.702147274022938,50.9589795305581,53.88931298237808,Underground Market,Mechanical,Secret Code,Cursed Treasure,1,0,50.29397385526708,52.450274476197656,34.466858099774214,-1
407,68.99799148714321,61.314877924148405,1.2349859152981195,31.01917118179002,49.06235606713401,51.53445691157719,Underground Market,Math,Oracle Vision,Lost Civilization,1,0,49.95875296800976,53.43432833080982,29.5934261623306,1
408,68.99811384305895,61.41186634867486,2.0344713290600533,24.87778699414771,49.215490030975616,54.67970409601389,Clocktower,Symbol,Hidden Door,Lost Civilization,1,0,53.791608372724006,52.466258578677895,32.19031471960424,-1
409,67.97156398062295,61.860380392798895,1.5934085849764186,25.272972905883528,47.55561659041013,52.80105173738605,Underground Market,Logic,Hidden Door,Lost Civilization,0,0,44.05733876386898,55.51311063707026,29.00723537622948,-1
410,71.43142958345113,62.50129649376532,1.8162540202079545,29.5966775047962,52.64579737433036,55.51616307870236,Underground Market,Symbol,Oracle Vision,Ancient Prophecy,0,0,49.16593002825065,54.63355653257078,33.93023826964446,-1
411,69.124863933519,61.04830050568,1.431369605867805,28.1718174174862,53.17038813372236,53.54517048239684,Underground Market,Logic,Hidden Door,Lost Civilization,1,0,47.74234171550636,53.97908800101705,33.92660006829533,-1
412,70.08950714254685,63.2404769712328,1.1751419668084688,21.172949276581623,48.35064172129546,53.39835207561677,Hidden Vault,Math,Secret Code,Cursed Treasure,0,1,51.983634550320616,53.61453612344236,27.886503348686382,-1
413,70.45578885852912,59.3762339195316,1.120613867248965,14.027023488275194,51.35183097512977,51.1987802534108,Underground Market,Sequence,Hidden Door,Lost Civilization,0,1,45.19235374951593,51.71305138782986,30.413538241549315,-1
414,71.3673096831131,61.55088637876442,1.237264688993231,24.094439660409137,49.36645257345467,59.02301644124162,Underground Market,Cipher,Hidden Door,Lost Civilization,1,1,50.529135457681946,55.39633152211063,36.39351402081542,-1
415,69.70467580820049,60.32904010356309,1.6101494710639486,14.498410850510105,51.90130788024254,51.781745549736335,Clocktower,Pattern,Secret Code,Ancient Prophecy,0,0,45.22417233422868,52.90240171059912,33.3426511209226,-1
416,69.32243753501027,59.21634692237883,1.6580859784858666,20.038788966605665,49.99149372374254,46.5664415771853,Underground Market,Pattern,Secret Code,Lost Civilization,0,1,48.81149989564963,51.78833169543756,33.55990678458693,-1
417,70.0381905898257,60.917795423154566,1.6793090763307057,20.63332687167312,49.62828787626085,52.17008384903492,Hidden Vault,Symbol,Oracle Vision,Cursed Treasure,0,1,48.18748531997437,52.932518527245854,29.61484211904614,1
418,71.15242066398014,59.65839044370065,1.0479776985688838,22.17242820636116,45.72125093299775,49.044269391906425,Hidden Vault,Symbol,Oracle Vision,Ancient Prophecy,1,0,49.84937925269557,50.17609822336165,24.33773032168419,-1
419,69.70134710416525,60.95012106628146,1.4906863055263395,29.128700660924785,48.1437671562536,54.04255380400404,Clocktower,Symbol,Secret Code,Forbidden Magic,0,1,53.133911203382944,49.477958146339965,32.963694384607784,-1
420,68.91979157266199,61.14229652839594,1.1792205923743015,30.2257698812881,49.48398841348176,53.31454189545234,Hidden Vault,Maze,Oracle Vision,Cursed Treasure,1,1,51.30014520168155,55.84155354679674,31.81701342733364,-1
421,68.33700560414653,62.22203951371557,1.6037097494394434,27.591930055525477,49.74274866356269,51.02121587516837,Hidden Vault,Maze,Hidden Door,Cursed Treasure,1,1,47.80964762423303,55.64056541611348,34.713929649592615,-1
422,68.65953049496999,59.59187631610783,1.6232248448913729,28.221607639825045,47.61405133534884,49.2802674663921,Underground Market,Maze,Hidden Door,Cursed Treasure,0,0,50.28633468710665,53.73521099291503,30.140733126312515,-1
423,70.7482455227325,62.003862499773305,1.1240827490942416,28.350513351423416,48.33470814484063,51.86606431680201,Underground Market,Pattern,Secret Code,Forbidden Magic,1,0,55.7914068157623,50.924607640704345,31.17231273414665,-1
424,69.56621734352518,61.189446218802885,1.7623778604627829,12.596591413453584,50.24961056846335,49.89691548035736,Hidden Vault,Sequence,Hidden Door,Cursed Treasure,0,0,46.6486487681587,55.7723749761399,27.065789537792625,-1
425,69.28227032366992,62.11615592207067,2.1698517701869138,25.14255205237459,47.336209788916776,53.46950998195959,Clocktower,Math,Hidden Door,Cursed Treasure,1,0,49.41594711987233,56.88229267728338,33.42995374765698,-1
426,69.17673501429368,60.65148917333944,1.7148933268417643,16.120084264974167,49.60321770907765,52.89003928564512,Clocktower,Symbol,Oracle Vision,Ancient Prophecy,1,0,43.60096038254706,54.46633079169871,33.727235150376245,1
427,69.98062066294838,59.746921935943554,1.4118321339399722,27.65888141628578,51.251162222374894,58.83991648123359,Underground Market,Symbol,Oracle Vision,Forbidden Magic,0,1,51.73487388398467,55.368722624676096,29.896326023420823,1
428,69.65895380727153,59.8575859797363,1.3619606113549525,14.658441389979227,49.96405689453528,50.38721365337269,Hidden Vault,Mechanical,Secret Code,Lost Civilization,0,1,47.93735846172013,53.488818781242,32.54153866353568,-1
429,69.6280723606397,59.77918925894697,1.3904495543477566,24.232579442959416,49.88071497759695,50.74143592878839,Underground Market,Logic,Oracle Vision,Forbidden Magic,0,1,49.67206354284624,50.12836027002237,30.1425774896836,-1
430,71.2532855129192,61.54471491014772,1.2211956849731809,27.884402880384226,46.33890214926284,51.11306081515807,Clocktower,Math,Oracle Vision,Lost Civilization,0,1,51.34548041005439,53.36434460782039,27.894832562269904,-1
431,71.44469639792237,62.539719476566205,1.5213852682383937,19.56753800968169,48.127916828498925,51.2225361643223,Hidden Vault,Cipher,Hidden Door,Cursed Treasure,0,1,54.4021586040058,51.36270159974566,29.63230019776498,-1
432,68.29933839746258,60.49373529191877,1.1003800865036415,29.975673158188187,52.433757785000765,54.0676973449037,Underground Market,Math,Oracle Vision,Lost Civilization,1,0,51.68316048418281,51.63761798434386,33.78103502534483,-1
433,70.23959415272061,61.683704162764926,0.8712658889635442,27.71096164611265,48.44539373241385,50.80913588734467,Underground Market,Symbol,Hidden Door,Lost Civilization,0,1,52.937101509152086,53.50023251759676,26.79903235320108,-1
434,69.1377420449755,59.52700154865398,1.5003156069930637,27.092723535652333,51.23254519079738,56.43095429035874,Clocktower,Sequence,Secret Code,Lost Civilization,1,0,49.74422659652464,52.27944706397745,30.464205730859163,-1
435,69.6689170968675,61.22663230926327,1.4370686288282042,28.689349056518303,48.4112766645616,52.955687774314256,Underground Market,Maze,Hidden Door,Ancient Prophecy,1,0,50.14496613899988,53.46704876206873,28.2394533442253,-1
436,70.22897198278051,61.71073385542389,1.255615252466303,23.41407352805913,48.90252738332722,50.28565988002994,Clocktower,Mechanical,Oracle Vision,Lost Civilization,1,1,50.42580340349033,49.39384118801321,28.736573214036447,-1
437,69.70946036250461,59.5898993832315,1.0384289728628782,25.98039290207001,50.084371715742265,49.64688578754832,Clocktower,Pattern,Secret Code,Lost Civilization,1,0,49.354708363717904,51.42132801789543,29.585908171640664,1
438,70.15508811214657,60.829986364113104,1.5064372359699647,25.28177281237323,49.453777618942816,54.10218048352114,Hidden Vault,Sequence,Secret Code,Cursed Treasure,1,0,49.57671674164372,53.56974297399881,32.02981575808555,-1
439,70.60000763576356,61.74562541809403,1.1187421623820135,25.1794783306294,49.866766913548425,51.57130037971702,Hidden Vault,Math,Hidden Door,Forbidden Magic,1,0,50.84025944439568,54.69203852049399,27.90177020636724,-1
440,70.22398465082425,58.09176885961905,1.370396804104589,21.892767490656222,48.05868665138131,51.52265013439189,Underground Market,Pattern,Oracle Vision,Forbidden Magic,1,1,47.67660134645676,51.90352149317613,30.25673836189258,-1
441,69.28490316560138,62.35681659733419,1.9378621016404225,19.05095382122825,47.57365435923413,50.0037994339397,Clocktower,Logic,Hidden Door,Cursed Treasure,1,0,47.72704647584854,53.667019012094,32.76221733389519,-1
442,69.3048326581929,61.37085975469614,1.6000231239298546,23.590005853221445,47.94105380430065,51.34638579769873,Clocktower,Maze,Oracle Vision,Lost Civilization,1,1,48.82006964393428,51.78936428919251,28.505068668947025,-1
443,68.49658091720823,61.72971769895424,0.9902274643067012,23.32523293552271,48.46319972729837,49.90261287299307,Hidden Vault,Sequence,Hidden Door,Lost Civilization,1,1,50.02956970588981,53.90638410507972,28.318783008433265,-1
444,69.08458099598079,60.59607328862901,1.0148184943750762,21.6119840558675,48.90958486956698,54.904278640565,Hidden Vault,Mechanical,Hidden Door,Ancient Prophecy,1,1,46.711715138044575,51.59974204537327,28.344369466752468,-1
445,71.90274584421455,59.281865461921726,1.4391322389170311,29.566566057740328,50.80126446445234,53.29265038063849,Clocktower,Sequence,Oracle Vision,Forbidden Magic,1,1,48.01175351329591,53.45967149003351,31.30486057337617,-1
446,69.15081118468572,61.53443914949052,0.9773089043805888,19.455913831091657,49.36822263389107,51.06307790174807,Hidden Vault,Maze,Oracle Vision,Cursed Treasure,1,0,46.70599101985358,53.8023678380105,27.533367900023897,-1
447,68.75153428934793,60.913567006438775,0.7857123244090818,24.47004249720844,49.95597992305905,51.02632979236817,Underground Market,Symbol,Hidden Door,Ancient Prophecy,1,0,49.38650536822078,52.5072485955436,27.84983980949797,1
448,70.26690035247299,61.02404682996192,1.5422729028574085,31.16991980356864,49.43337452796548,51.73043542059804,Clocktower,Mechanical,Secret Code,Lost Civilization,0,1,53.43933106687486,51.065517451051406,30.947920554126387,-1
449,69.838628145663,62.07530532141804,1.4751800360248497,29.894492528861413,47.53972544594355,51.48614940281967,Hidden Vault,Mechanical,Oracle Vision,Ancient Prophecy,1,0,49.48583864051259,55.19960969525751,33.39867875429418,-1
450,69.75538108797178,61.74552210583408,1.5104237072270097,31.440931260668915,49.23070016642305,49.10765955172708,Underground Market,Maze,Hidden Door,Lost Civilization,0,1,52.36970775026952,54.18610440005219,30.746523235985084,-1
451,71.36196269707318,62.90044849394928,1.450506756249352,22.416166550075182,49.39290348431539,46.74806467903755,Clocktower,Sequence,Oracle Vision,Ancient Prophecy,1,1,51.81233631450253,58.11483399581502,33.175307165395324,-1
452,70.50394677885312,61.128811114855054,1.3483622852969654,29.302109183034403,50.32856513919059,49.50574833389743,Underground Market,Symbol,Secret Code,Lost Civilization,1,1,52.59550214843317,53.90831933622254,33.3859536853764,-1
453,69.42669149222361,60.27948323666899,1.1656657418969572,20.07640718589468,47.5777638932015,51.17870627333743,Underground Market,Symbol,Secret Code,Ancient Prophecy,1,0,46.09766684421108,52.93102482587543,25.81360747048587,-1
454,69.534033756557,60.77801061053448,1.5155373203795883,24.02247149029962,46.11201124826633,49.65541700570627,Clocktower,Logic,Secret Code,Lost Civilization,1,0,47.56070895134934,48.8364720462334,28.53577650314381,-1
455,69.45770932203065,61.37781562264225,1.8160443245864728,24.50363577956692,49.42902083009055,53.54834507598893,Underground Market,Cipher,Oracle Vision,Cursed Treasure,1,1,49.89572322643775,53.471243860923806,34.81103433305887,-1
456,70.83678251323252,61.97372658663208,1.203101152257934,22.54377878534653,49.68741383896684,50.92711716024812,Hidden Vault,Symbol,Hidden Door,Ancient Prophecy,0,1,52.51588376779367,52.6860348717869,30.018328454055236,-1
457,69.65560319459206,59.4865469738333,1.043646702062341,23.62446635087384,48.879591678828525,56.18393393757155,Hidden Vault,Cipher,Hidden Door,Ancient Prophecy,0,1,48.90903214078223,53.06936579426724,28.3816148972146,-1
458,68.17226611379593,60.95782245342873,1.0057403889626095,22.977204514182368,49.18274676783541,50.09626435442713,Hidden Vault,Logic,Oracle Vision,Forbidden Magic,1,0,47.46586558387311,53.17639395728536,30.11439484495762,-1
459,69.91872957305405,62.554523478882,1.082673337808105,20.542654355281257,50.45093714371387,51.851791996753896,Underground Market,Mechanical,Hidden Door,Ancient Prophecy,1,0,45.37479912019097,55.84890022601202,31.69121233937221,-1
460,68.43161371344031,60.70046302034819,1.3998971053708709,29.747221582035984,48.43665015440634,50.777845609575536,Hidden Vault,Math,Oracle Vision,Cursed Treasure,1,0,49.25456094302658,56.442844373048885,29.759171225545213,-1
461,72.15442159063944,61.86736691696101,0.6936635697070087,24.563426044312017,48.69899413686651,52.599445144337054,Underground Market,Maze,Secret Code,Cursed Treasure,1,1,49.23120445984169,51.45023105834154,26.56764296836444,-1
462,69.00603514557196,61.42514887662882,1.463746610180157,26.493372133781182,49.22762403843824,54.16437782249261,Hidden Vault,Mechanical,Oracle Vision,Forbidden Magic,0,0,49.40603147584335,54.7365421403786,25.74165983605889,-1
463,69.81131114588347,61.8835613752085,1.521622585624208,26.315578457895143,47.27147856730968,53.02070239731774,Clocktower,Mechanical,Secret Code,Lost Civilization,0,0,46.75581223902828,54.1399750097286,29.81633662173542,1
464,70.23281226450797,60.11360279369859,0.7854881315765885,25.78082223084518,48.86550335846435,46.423009326334856,Underground Market,Maze,Hidden Door,Cursed Treasure,1,0,49.21675311917093,55.811212203046274,26.812392714546185,-1
465,69.68734574028055,60.1136173946111,1.027630424216154,25.9817001379866,48.98990037738942,52.74965402618217,Underground Market,Pattern,Secret Code,Lost Civilization,0,0,47.589048794041936,53.28828139176886,26.592417023589466,-1
466,69.6873286094651,60.934939864383416,1.3417719237192185,24.001069892434757,51.533262531225056,48.972804644297405,Hidden Vault,Maze,Oracle Vision,Lost Civilization,0,0,50.89317674508718,54.16393120080088,30.72304859291333,-1
467,70.40050213250116,59.378088286279,1.271320144499082,32.63061018597019,48.62272742992924,50.725577053959306,Clocktower,Math,Secret Code,Forbidden Magic,0,1,50.31113961953879,52.99211374843911,28.561820530082425,-1
468,71.50616735298976,60.636204777331145,1.4667562964977017,29.35281075175772,49.362137484118,53.22332296709335,Hidden Vault,Logic,Oracle Vision,Forbidden Magic,1,0,50.56484516202169,54.1603030588894,30.88642387546844,-1
469,70.74869772370288,61.15445057656303,1.2650387594335806,25.651449440472337,50.43228489189766,48.7005977289624,Hidden Vault,Sequence,Secret Code,Ancient Prophecy,1,0,50.70890651827264,55.80331268649532,29.718291614360123,-1
470,71.46090045577289,62.6818313013226,1.6833363694678622,23.334710646160573,47.79038755747055,54.38987001871263,Clocktower,Sequence,Secret Code,Lost Civilization,0,1,48.96952231230406,51.79660236364696,31.52253400681372,-1
471,68.9369260802122,61.29552891475287,1.204091550552415,24.98631336155644,51.10249983925975,50.61653525112192,Clocktower,Cipher,Oracle Vision,Cursed Treasure,0,0,53.5769549015669,52.34269265272831,30.715427433941343,1
472,70.3020270970193,61.51364749883897,1.0020806833363864,27.678951089622696,51.67698782194458,56.92734343229529,Hidden Vault,Symbol,Hidden Door,Forbidden Magic,0,0,52.34593189965724,56.8655230525372,32.39391533968671,-1
473,70.14099044458001,62.04849646448304,0.9745177751450352,33.100961069886615,48.98015000786031,51.671694564484405,Clocktower,Symbol,Hidden Door,Lost Civilization,0,0,52.04929574434243,49.31254763591803,27.31955030720966,-1
474,70.337876255592,59.91495792062511,1.5107623857348516,18.74643113374164,48.206686211975146,55.76335685662943,Hidden Vault,Pattern,Secret Code,Cursed Treasure,1,0,48.5628578643717,51.412349298436354,33.7060907161069,-1
475,71.36401813830496,60.71012105751572,1.2955916107229453,28.920942034113995,51.44885435336591,54.494198061333776,Underground Market,Symbol,Hidden Door,Lost Civilization,0,0,46.783847117946,53.08597558370251,33.041275981267646,-1
476,69.76795884410562,63.296197856019695,1.473415605121952,31.26607692618272,50.19399063439421,49.97223729486375,Hidden Vault,Math,Hidden Door,Lost Civilization,1,0,53.70404873173919,53.99231286661697,33.96414605641782,-1
477,69.58416706654847,60.78723793582985,1.4638454766589135,18.20924799527777,49.11588658423374,48.2457731809162,Underground Market,Symbol,Oracle Vision,Cursed Treasure,1,0,48.23706797804675,55.53613993820829,30.918861307896734,-1
478,70.52453427359404,61.97835916639507,0.6705741811972343,24.74745864838974,51.12560644950632,51.78406840309386,Hidden Vault,Symbol,Hidden Door,Cursed Treasure,0,1,49.59264251281849,54.56184827038098,27.682467008086977,1
479,68.21319438683065,61.82122793533856,0.9311374772272722,20.340986922212807,50.95925658353748,50.043392203694566,Clocktower,Symbol,Oracle Vision,Forbidden Magic,1,1,48.16191207427107,52.69208266215401,28.128283128770388,-1
480,69.75534929031318,59.37493138126203,0.963620767761066,27.8265796535608,48.46583023475001,55.44929695021752,Underground Market,Symbol,Oracle Vision,Lost Civilization,0,0,51.57688195794176,49.98679939183899,31.5921776684481,-1
481,69.85876845406518,61.15907282287272,1.021648138377054,23.89252277655139,49.33577774112722,50.88285207081845,Clocktower,Mechanical,Secret Code,Cursed Treasure,1,1,48.250272870732026,53.24215768122253,30.94780436261959,-1
482,69.07333290228334,60.9908828968464,1.137033194618266,25.043918966342293,49.8203590648644,50.748990103703065,Underground Market,Pattern,Secret Code,Lost Civilization,1,0,49.71749951359619,54.98959791517089,27.44207967132881,-1
483,71.05143646934805,61.16962953566119,1.5595705405616174,23.649663129693064,48.99077297130994,48.010253848157454,Underground Market,Mechanical,Secret Code,Forbidden Magic,1,1,51.82320990349015,52.89371149195997,32.68889927446613,-1
484,68.93278363743768,60.08108705148566,1.6160698978935504,29.316078181880776,46.853900000338726,52.54804253269942,Hidden Vault,Maze,Secret Code,Cursed Treasure,0,0,51.06428912343127,51.15870026759204,28.240509444337626,-1
485,69.85975795421105,59.71380227899134,1.1653713212572,26.870735643292587,47.52536510269342,48.56444429513292,Hidden Vault,Sequence,Secret Code,Cursed Treasure,1,0,49.47186349103973,49.91416723814322,29.072749348900206,-1
486,70.28935582070179,60.35022754259785,1.1745817251316704,26.89050543678233,46.88792930714216,52.606092282201786,Hidden Vault,Symbol,Hidden Door,Lost Civilization,1,0,50.834066646771504,52.37082281742553,29.79415674330858,-1
487,71.35017828906429,60.7239518052789,1.0350775007293822,26.549272456018716,49.65729986632389,52.95022931624501,Hidden Vault,Math,Hidden Door,Cursed Treasure,0,0,53.53936683748945,53.07536728170185,31.884912166148183,-1
488,69.98665895910698,62.00223403370084,1.2702199680684283,28.618900368384605,47.13399580533643,49.62581222006409,Clocktower,Symbol,Oracle Vision,Forbidden Magic,1,0,52.14561736801047,51.3799258524655,29.122966620488405,1
489,70.93381818388069,62.63005672954343,1.3009905557071058,24.45686023259405,49.19178334227086,53.89144982754428,Hidden Vault,Symbol,Secret Code,Forbidden Magic,1,1,47.571214671562544,55.73222873112082,29.53186173062589,-1
490,70.69866970772361,62.20483363574802,1.4789623640944718,34.28085787433988,51.64366515887029,50.8128114017719,Hidden Vault,Logic,Secret Code,Ancient Prophecy,0,1,53.87682681536097,57.28420319530522,31.82594644725282,-1
491,70.12190210819321,61.66390445203612,1.4733516796489354,19.613265483093024,51.03013925081957,47.82189076023945,Underground Market,Sequence,Oracle Vision,Cursed Treasure,1,1,48.86543672022754,53.46875690231995,33.5421692685952,-1
492,68.9092619025558,59.794856018762125,0.5400001503333013,17.167893157475927,46.12505506940233,55.36321835078423,Clocktower,Mechanical,Oracle Vision,Lost Civilization,0,0,48.8241521361994,51.685685513239264,26.79929152712857,-1
493,68.56448572269161,60.38577075003605,1.181702905827065,16.76431955481984,46.95584555371773,49.191323564814205,Clocktower,Logic,Oracle Vision,Forbidden Magic,1,0,46.23362632592052,49.45133939434037,28.17206689809754,1
494,70.10582376886718,61.00005724165985,1.6395427247672243,15.420009625165356,47.70186263833613,52.7676763531662,Underground Market,Logic,Secret Code,Forbidden Magic,1,1,45.95081656607255,53.71479164757663,26.682402484384838,-1
495,69.45683378599652,60.15315005177327,1.0897402429803458,29.1940179275607,47.10586319068923,52.56448618511811,Underground Market,Pattern,Oracle Vision,Ancient Prophecy,1,0,47.69597602095224,52.45672610823406,23.04294433241179,-1
496,70.91896455053435,61.35824629550766,1.5598251311220452,28.595216773626944,46.37146068372411,52.47296168481086,Hidden Vault,Pattern,Hidden Door,Ancient Prophecy,1,1,49.74075494842612,51.5728555846422,29.87570290219873,-1
497,70.74569328070206,61.49697197306092,1.123010946398526,31.88746093563828,48.8287274802515,52.42965478982534,Clocktower,Logic,Secret Code,Ancient Prophecy,0,1,54.429545388617306,51.32664083928894,26.543908194954437,1
498,69.81531957539701,61.30821483408716,1.2643336404367562,20.575578362455936,49.895466908279296,49.0745309086,Hidden Vault,Math,Hidden Door,Ancient Prophecy,0,1,48.45777822737335,56.58998425276019,28.94738017645753,-1
499,68.84227195567726,61.79249198389638,0.8677158950438932,29.59625841251003,50.26171772954186,55.728374003756805,Underground Market,Symbol,Secret Code,Cursed Treasure,1,1,49.98466507030542,54.07262840678184,28.14783808787285,-1
500,70.51073524102787,59.85819249078123,0.8759516016219222,26.16324387981741,48.11182563400311,53.8906228755016,Hidden Vault,Sequence,Hidden Door,Forbidden Magic,1,1,52.74666187374706,49.68775727858602,31.71269012930436,-1
501,68.98202555895884,61.69103246733903,1.42033344413728,26.72221920655624,48.40858032759717,52.687641828126,Clocktower,Symbol,Oracle Vision,Cursed Treasure,1,0,51.58508603203414,54.57652737748736,30.13036894629018,1
502,69.24144689795162,60.05797212175713,1.4642081704408516,29.02755502459172,49.34287064049141,48.16755941121093,Hidden Vault,Pattern,Hidden Door,Cursed Treasure,0,0,48.78164353889247,52.36846923894386,31.96822159436815,-1
503,69.02039140120469,59.80808919404605,1.2045851544745592,22.128176308916565,48.639568368609446,49.054080310861416,Clocktower,Logic,Secret Code,Forbidden Magic,0,0,50.45268040065045,51.71136077020824,30.14721948318943,-1
504,69.86116293978996,61.27654263819335,0.8254102593522483,38.85596592092711,50.01117199450816,53.143641566722906,Hidden Vault,Maze,Oracle Vision,Ancient Prophecy,1,0,50.25632547879383,54.85292883671238,23.46345194959288,-1
505,71.16967362329706,61.9556952223778,1.2038373719536752,32.589247592235246,49.433797560198485,46.49078972075796,Hidden Vault,Cipher,Oracle Vision,Lost Civilization,1,1,53.39766833544965,48.03021999174037,28.733266191756037,-1
506,69.99421825348985,61.223224117949975,1.5649125583117394,23.28143275911537,48.21680551854619,52.34675964985093,Clocktower,Sequence,Oracle Vision,Forbidden Magic,0,0,49.66357757461625,48.88553876403885,27.927992521483816,-1
507,69.55577877495666,60.75139745835637,1.7076658365843396,20.49637931400575,45.989343161744266,48.17205800653595,Clocktower,Sequence,Hidden Door,Cursed Treasure,0,0,50.18194488445263,54.482284302271566,33.279741118552394,-1
508,68.4730813927779,61.036123911723294,1.0868752686528569,25.520646466457528,51.01590423518318,49.32992055622597,Clocktower,Symbol,Hidden Door,Cursed Treasure,1,0,49.50206612809501,52.67062335234893,26.21682448011399,-1
509,70.55048027773327,60.857767519190354,0.6810271393589784,26.881547749624307,47.73131644719081,47.97233098083101,Hidden Vault,Symbol,Oracle Vision,Ancient Prophecy,1,1,49.90563209392123,51.29315599111408,25.748118798490093,-1
510,69.21757097536015,59.59075410140935,1.4282146786446044,31.308410653924664,49.28988489488215,52.11526603945576,Hidden Vault,Symbol,Secret Code,Ancient Prophecy,0,0,50.59194029929333,48.89599087329762,29.83634638357073,-1
511,70.11507361059068,59.469443146420666,1.090453196353527,20.1467991727226,45.87179059207669,54.29090362958574,Hidden Vault,Symbol,Secret Code,Ancient Prophecy,0,1,53.49958189165776,51.19066701920841,25.326028646922826,-1
512,69.64287831166149,60.62858961961263,1.453309429306227,27.42789835734441,48.72285864582416,52.37004380953172,Underground Market,Cipher,Oracle Vision,Ancient Prophecy,1,0,50.17937739016341,52.8190960742468,30.37751512814236,-1
513,70.83477561385787,60.7826184729977,1.2518927627360874,18.36543894976831,48.88340627729298,52.64458262230562,Hidden Vault,Maze,Hidden Door,Forbidden Magic,1,1,49.20464843714032,55.20614347054732,29.36471814292167,-1
514,69.83882400436774,60.709434100703945,0.8997306294828337,28.202342973221896,48.94912078126564,51.91989724038721,Clocktower,Symbol,Oracle Vision,Forbidden Magic,0,1,46.32167377465616,53.03131837712451,28.399574204073403,1
515,69.93655658478112,61.36953738462466,1.179449002644784,25.493065326166533,53.24013658583699,53.2067337771766,Clocktower,Mechanical,Hidden Door,Lost Civilization,0,0,47.95513975240927,53.00108768696783,32.34284690808384,1
516,70.48061317613967,60.47328708356636,1.5517082636366464,35.72400713429362,47.76602287430367,52.66771403562504,Clocktower,Math,Oracle Vision,Ancient Prophecy,0,0,54.04310613523413,52.69585903709642,30.56348221335638,-1
517,72.10114985289128,61.24706500711699,1.111710999230644,18.32060795245812,49.936975463147625,44.71225451500705,Hidden Vault,Symbol,Hidden Door,Ancient Prophecy,1,0,45.52782725042942,55.07931772210063,30.17628422275843,-1
518,70.88196080197562,60.53481509672203,0.8432856290015907,32.91366537216362,49.48413153331508,53.76576684415412,Clocktower,Symbol,Hidden Door,Cursed Treasure,0,1,53.50207376016896,54.053636235406536,30.339631547734417,-1
519,69.9041725321732,62.4980708949269,0.6744236045599752,17.551460004699823,47.67465327245777,53.50287990490225,Clocktower,Sequence,Oracle Vision,Forbidden Magic,0,1,45.7576908118784,54.52644986358386,23.23569135885913,-1
520,69.99520196921772,60.75072977513637,0.916676975327998,19.44454893318889,49.89447007597118,50.59421792335398,Underground Market,Symbol,Oracle Vision,Forbidden Magic,1,0,45.76278324157634,53.0535685564148,30.01387592852113,-1
521,69.46633043918385,63.00603683882573,1.0226150312754818,17.705101530650378,48.43286420744982,46.56448318066827,Underground Market,Logic,Secret Code,Lost Civilization,1,1,45.53365621544896,52.62814420436707,26.215487316637702,-1
522,69.04034070575837,61.01261807736586,1.3890053330609438,27.35230176039734,49.9856156408938,52.10618506408602,Clocktower,Logic,Oracle Vision,Ancient Prophecy,1,0,52.68497266786294,50.640358157344544,29.264031179008647,-1
523,69.43669272927325,60.44221567148178,0.8041207992232149,20.241999421102328,51.60762563901663,52.31665201034125,Underground Market,Sequence,Oracle Vision,Cursed Treasure,0,1,48.4014513068752,50.2490639530852,29.26246720320692,-1
524,69.21636226579776,59.7517253351816,1.6038915869559358,19.37878105106752,48.88583674400224,50.39879129359789,Underground Market,Sequence,Oracle Vision,Lost Civilization,0,1,45.522578919297054,52.39130765917768,31.68112675265203,-1
525,70.64090794179023,59.20355933710828,0.734031402468515,27.144212018344074,48.231433210066506,51.96674931086673,Clocktower,Sequence,Oracle Vision,Forbidden Magic,1,0,52.078488075193576,52.08533831785925,28.10995029540399,-1
526,68.91533365351935,59.65027437364595,1.8320546880374824,28.399176686818087,50.2239640425913,54.17960064492593,Hidden Vault,Maze,Secret Code,Ancient Prophecy,1,1,51.52842988634078,53.98859383527822,30.54995708295279,-1
527,71.31868866105532,59.75737325972451,1.6477171179841084,26.34946232419228,50.7351444222049,57.49380429573792,Hidden Vault,Symbol,Oracle Vision,Forbidden Magic,1,0,49.93343569228559,53.100653870747855,35.22082819693914,-1
528,70.7364347168463,61.02705668095689,1.1698851574828095,25.34902638744083,47.30883958899011,51.86725918228967,Clocktower,Cipher,Secret Code,Forbidden Magic,1,1,51.96491599653068,54.28245049275976,27.498255439375384,-1
529,70.00376095217354,60.1013225788108,0.6307221386522699,35.31456689130309,47.947877931509446,52.33478420338311,Hidden Vault,Symbol,Oracle Vision,Ancient Prophecy,1,1,54.61012590989152,51.39940813018561,25.05801314475377,-1
530,69.98240939102497,60.80966050630271,1.1059192240951037,26.909086908720408,49.63406270838514,49.440527812036514,Underground Market,Maze,Oracle Vision,Lost Civilization,1,1,51.76483564192456,54.03525982296157,26.6968365202434,-1
531,69.42360170541288,61.899951551454514,1.004031867359336,30.21824003171944,48.41652071046671,50.24651988505856,Clocktower,Symbol,Hidden Door,Lost Civilization,1,0,49.37212896628544,51.0103292042508,25.483361460362307,-1
532,70.24972035248229,60.525398821146936,0.7353573084120087,26.91426059575483,47.17673844580696,51.1598934240713,Hidden Vault,Mechanical,Oracle Vision,Cursed Treasure,0,0,47.86600660466417,51.6827551602124,23.73020018684197,-1
533,71.06644203340404,62.68759212026928,1.2025274313987924,20.72012603623804,49.412973382616414,54.444295088476494,Hidden Vault,Mechanical,Secret Code,Forbidden Magic,1,0,45.47016838251192,50.10093795223468,30.14531316720404,-1
534,69.27386745265676,59.42784697276348,0.8657345570722284,28.968793586663427,49.6028874481412,53.54739439007015,Underground Market,Math,Oracle Vision,Ancient Prophecy,1,0,48.94392926929798,51.583239682774014,29.472740130767235,-1
535,68.44226689945735,60.44829123529058,0.8959807159625572,22.95020649332307,48.0878231543748,56.3233833600199,Clocktower,Logic,Hidden Door,Cursed Treasure,0,0,47.21480017093206,54.38094146366043,25.899424399018567,-1
536,70.67747305892075,60.05477300688335,1.0469960100829423,25.784090392328235,48.67520115067182,47.77443456084948,Clocktower,Maze,Secret Code,Forbidden Magic,1,0,49.56883878081558,51.91380263511826,26.241826982367968,-1
537,70.29717735008579,61.52579801666973,0.9332963723732312,27.775852666650053,47.71212203498155,48.190662573377566,Underground Market,Symbol,Secret Code,Cursed Treasure,0,1,50.4166551685434,54.05413300301157,27.165955396992207,-1
538,68.85112991652204,58.34469961069829,1.7269078493578918,16.551557224702353,46.92795667645444,54.25520733808983,Clocktower,Logic,Secret Code,Lost Civilization,1,0,49.742122215744125,50.77325149096233,30.56618254187776,-1
539,69.23641547415413,59.13657014973538,0.9404608715558384,18.220935353427304,47.81907474288954,55.12215094078622,Clocktower,Symbol,Oracle Vision,Cursed Treasure,1,0,46.32897554405752,49.81856242811395,28.197335826218527,-1
540,69.10914149813473,60.467527198791934,1.231176646094174,30.82553034544111,48.66945679504933,51.58282030417733,Underground Market,Math,Hidden Door,Forbidden Magic,0,0,50.61559576933382,51.68786477746174,27.330861751390547,-1
541,69.2421132456937,62.12143472616681,1.1403289842566031,22.969280840877765,46.33983895229824,40.335990341177805,Underground Market,Symbol,Hidden Door,Forbidden Magic,1,1,44.8008685217804,55.112341086078125,27.39684287005195,-1
542,69.64132333445808,60.79107624181745,1.2002801381970634,23.21617178464976,47.91039591788264,49.641177095253134,Hidden Vault,Cipher,Hidden Door,Cursed Treasure,1,0,53.20558846514585,53.56918066446448,31.890673619364573,-1
543,69.69678020540665,59.20885879199067,1.2209874919427737,27.139732423338376,48.67213117368734,52.338734130373474,Clocktower,Pattern,Hidden Door,Forbidden Magic,1,1,47.32817304885528,49.94543578822418,26.830487330662034,-1
544,69.31081613979907,59.35840594505469,1.3544985080896113,24.38892619171573,50.32637475549375,49.25146753355567,Underground Market,Math,Hidden Door,Lost Civilization,0,0,47.48945813241545,48.84121602084001,30.52292463812654,-1
545,69.20168914150138,62.22372300227816,1.1678762905248017,28.414969845528127,48.0595236362302,51.96281539234429,Hidden Vault,Mechanical,Hidden Door,Lost Civilization,1,0,51.4369485322996,53.5822039959697,29.70122911445356,-1
546,69.72927268151722,59.92475374972623,1.1532870486685989,26.08114775739984,46.65361440260451,56.24638862217994,Clocktower,Maze,Hidden Door,Forbidden Magic,1,0,50.154292812566624,50.11429085778976,26.004201105721958,-1
547,70.12391354076703,59.59807492978522,1.101260830554596,27.339490204109225,48.20206226431715,55.0653320489875,Hidden Vault,Cipher,Oracle Vision,Lost Civilization,1,1,53.562567726291135,51.00419488418652,29.728703147174357,-1
548,69.63805138416903,62.013555138443415,1.0401154310475913,22.846892227173782,47.66081139357384,53.52223061342535,Underground Market,Math,Oracle Vision,Forbidden Magic,0,0,50.07692581010857,50.03280570943621,25.312396723170902,-1
549,71.11110181116283,61.542418398103486,0.8060482940401323,27.333856977664805,49.33307507332622,51.33887680290461,Clocktower,Cipher,Hidden Door,Cursed Treasure,0,0,50.70425007752142,55.02781360836027,29.15976531308442,-1
550,70.45857034108249,61.80051440689429,1.0592979289303008,31.901016920686367,47.99212008029224,50.26332985524902,Hidden Vault,Maze,Secret Code,Ancient Prophecy,1,0,53.93361501854412,52.664828486350096,28.319964793752007,-1
551,68.35764559947242,59.57154082817982,1.1479334655992377,23.54650895825368,44.42732801744447,53.394378288193685,Underground Market,Maze,Oracle Vision,Forbidden Magic,0,0,50.4011559388963,50.69486412548427,23.96655634371425,-1
552,70.47018906190547,58.99159960327587,1.19422157214914,30.9715100042761,54.02484374472618,51.56348663125057,Underground Market,Maze,Oracle Vision,Cursed Treasure,0,1,50.25324891566184,50.43322804044801,33.16463949693233,-1
553,70.54993614977568,60.64498887786259,1.125700843202834,26.14677527189245,48.69521024826177,51.64926109843093,Underground Market,Mechanical,Hidden Door,Lost Civilization,0,1,52.100053043761626,51.63576485243693,27.05868772911602,-1
554,69.50754912073404,60.84206029150597,0.9997964786671372,30.086633385225923,48.60974028023888,47.62196096779744,Underground Market,Sequence,Oracle Vision,Ancient Prophecy,1,1,50.28599716261138,52.556309812756496,27.9974344112875,-1
555,68.44493949500917,60.8666423751692,1.050651058317244,27.067719804929,46.15815525719198,49.71367404443527,Underground Market,Pattern,Hidden Door,Forbidden Magic,1,0,48.98032382331319,50.61176626110281,28.54201564009897,-1
556,69.94601792816417,61.97532558063095,0.8997977141823074,26.266436571270194,46.267763123152825,53.37965116829204,Underground Market,Logic,Oracle Vision,Cursed Treasure,0,1,50.13340829433737,52.20455703093889,24.804185265601056,-1
557,69.92801771828302,58.758470306421664,1.1580001779388442,28.191757376295744,48.32107010840189,48.74733289812853,Underground Market,Maze,Oracle Vision,Cursed Treasure,0,0,49.65277609917702,53.56772608528219,27.735960767506167,-1
558,68.81181647078466,61.34702289450982,0.9958606298860097,32.52070439194154,48.95765689094074,52.16426774650614,Hidden Vault,Mechanical,Secret Code,Lost Civilization,0,0,50.17411890440123,49.2343634650744,30.71458941943828,-1
559,68.4799409875035,59.3857879586437,1.1145583981827856,27.64280047120504,49.50100738180584,52.53125898716035,Clocktower,Cipher,Secret Code,Forbidden Magic,0,1,51.350246430361,51.83937644953443,25.06912273408772,-1
560,69.84126533538468,61.33322821349908,1.358847051931137,28.86455536439077,48.79845898027173,52.67721953938505,Clocktower,Maze,Oracle Vision,Lost Civilization,1,1,47.50624799984787,51.122019411600725,32.6719641627577,1
561,69.69336157261056,59.997610825722525,0.8440395934134608,24.63905362655708,46.657885658581165,52.90066054089422,Hidden Vault,Symbol,Oracle Vision,Ancient Prophecy,0,1,47.08447914061508,54.00288468939077,23.77659241892455,1
562,69.50675451041339,59.65366513722633,1.2341222132056866,34.34547730874926,44.67462577305344,53.06931513285016,Underground Market,Sequence,Oracle Vision,Ancient Prophecy,0,0,53.35716386509379,50.33103614899456,25.875260804985555,-1
563,69.83815150420013,59.8527984118353,1.0633682893669962,29.702286982383026,48.27554924617764,49.94051726989368,Clocktower,Pattern,Hidden Door,Forbidden Magic,1,1,50.66777807891667,49.45775958873716,28.956072474408547,-1
564,68.81628950474182,59.01214990401633,1.6580803527536838,26.89868994634868,47.61950831347657,47.830863590847066,Underground Market,Mechanical,Secret Code,Forbidden Magic,0,1,51.34240599079526,50.40118652013542,31.648355269013383,-1
565,69.48171020636642,60.49324284853998,0.985174708549713,25.90641521788537,46.52123085269397,49.31616146904162,Clocktower,Pattern,Hidden Door,Cursed Treasure,1,0,50.17681524543238,52.3487846799874,27.79729431412081,-1
566,70.44728211660473,59.67518915744779,1.2569823072464552,31.41875055783945,49.65182456898109,53.32480299226228,Underground Market,Symbol,Hidden Door,Cursed Treasure,1,0,49.02658511922737,57.25424223916358,29.94837228248316,-1
567,69.5613746238988,61.22920427149964,1.0514327768596434,23.507704142893004,46.04105168106863,48.497883515510765,Hidden Vault,Mechanical,Oracle Vision,Lost Civilization,0,1,48.91480485576235,47.84903326360426,26.354166960317038,-1
568,68.23672122801517,61.07800048483233,0.6287549730453257,17.633854432704794,49.32458051706712,48.898473300288735,Underground Market,Symbol,Hidden Door,Ancient Prophecy,0,1,47.30128466879898,50.22128417282719,30.29989167195667,-1
569,69.43331182111714,62.121134708249,0.8874850461544092,26.919722151405463,46.27866173180156,48.88463999810582,Clocktower,Cipher,Hidden Door,Ancient Prophecy,0,1,50.20398305515856,55.3509644030707,28.235183792810467,-1
570,68.83311746440074,60.79433329643678,1.3063045091920205,32.51723129935538,48.58977424432484,46.88506386314185,Underground Market,Math,Oracle Vision,Lost Civilization,0,1,50.11849152119216,49.25606887110526,31.871314957850704,-1
571,70.16764551040954,60.94370666120205,0.910852282559101,34.53322639350179,49.78440640694934,48.6324890846705,Clocktower,Symbol,Hidden Door,Forbidden Magic,1,1,51.91267458405586,52.63673978992954,27.69289773423391,-1
572,70.21654138766179,61.81814672854495,0.3731072953535647,26.049676133529974,47.87137994540844,54.00099228330917,Underground Market,Logic,Hidden Door,Ancient Prophecy,1,1,48.82465736113456,51.880248940986654,20.771695350763885,-1
573,68.23608564152254,59.7853972023646,1.0283130636528397,26.81353727790381,50.90802605234528,49.7080883682111,Clocktower,Sequence,Secret Code,Lost Civilization,0,1,46.3353184050823,50.7505351585746,31.6073259225166,-1
574,70.650991059592,58.91980964404944,0.7086091506148549,29.20269380770953,51.24487365698767,47.12765460861414,Clocktower,Maze,Secret Code,Lost Civilization,1,1,48.225923648372586,51.14845625101516,29.16974056471168,-1
575,68.7768711786667,60.60316486903493,1.074457804383285,25.29272680226638,48.71873612162544,50.22089036271355,Clocktower,Symbol,Oracle Vision,Ancient Prophecy,0,0,49.63398266006867,51.5005971903311,29.02292188221132,-1
576,71.4452807587369,58.97543530604276,1.4988855064508102,29.205925439614724,49.1700128136018,52.776368039734166,Underground Market,Symbol,Secret Code,Cursed Treasure,0,0,49.88602935606875,53.23093050539013,29.445798765591096,-1
577,69.83432481865594,62.84700044363115,1.2630340035067549,26.206298278123995,49.943990973956026,46.923068087790845,Clocktower,Logic,Secret Code,Forbidden Magic,0,0,50.91368122953488,56.63828792021908,29.327894327586822,-1
578,68.63367185570989,61.843548106130335,1.4918755944050253,31.69954917508595,49.16459202752618,53.88327577441503,Underground Market,Symbol,Secret Code,Ancient Prophecy,1,0,49.49993289104866,53.97601000711798,29.35169889316983,-1
579,68.73500524081577,62.54700925641232,0.861133957111482,30.26700081530458,48.9988740633548,47.8975479616023,Hidden Vault,Math,Hidden Door,Cursed Treasure,1,0,47.694806215650935,53.11053621648284,28.03430852135554,-1
580,70.22197427707681,60.44045809238112,0.9853731369049888,30.712617262182665,47.55199397046585,50.51129090253328,Hidden Vault,Logic,Secret Code,Lost Civilization,0,1,50.53108247445179,52.33565920037678,25.44613459039656,-1
581,69.47942851642651,60.92355800342646,0.7137544790157415,25.64425920287024,45.80218481410137,50.47933722501096,Clocktower,Pattern,Hidden Door,Forbidden Magic,1,1,53.56968481555308,53.41697869870766,27.28133208411124,-1
582,69.77088569610704,59.90847739104779,0.8206615036167917,36.30984281615447,46.243229218225096,50.096399733111184,Underground Market,Pattern,Secret Code,Lost Civilization,0,0,52.5642627041445,53.18797663018683,30.47751879762309,-1
583,71.47709284767534,61.24584117901794,0.7466252533888585,29.10911415806912,51.897108990270496,51.33799575379619,Clocktower,Math,Secret Code,Lost Civilization,1,0,52.9107232926904,53.99160431733668,27.739750317576163,-1
584,69.16180340172019,59.14233186686979,0.6315170124651974,27.9353623771311,48.80246444884011,53.44640088494175,Underground Market,Pattern,Hidden Door,Ancient Prophecy,0,0,50.2152983740196,54.21544830066224,23.741719119826943,-1
585,69.91770704857558,57.8097357679156,1.4321611909858445,22.903504286631037,47.9455013885755,51.39799604674198,Underground Market,Math,Oracle Vision,Forbidden Magic,1,1,46.01127944280174,48.82289120740632,29.497365362682118,-1
586,71.27424730976149,59.55706740728935,0.3937135792937946,26.23217656999974,50.204300728314976,49.98581584976685,Hidden Vault,Mechanical,Hidden Door,Cursed Treasure,0,0,53.53212784890315,54.01071992233504,27.307451354454876,-1
587,70.12153686893582,58.88724882942134,1.4312680306250007,27.29874034232062,47.18043883105543,52.64337171190224,Underground Market,Math,Hidden Door,Ancient Prophecy,1,1,49.766900604409805,52.06588167232729,30.22179932663791,-1
588,68.24100320213508,61.8155885463044,1.392996016168671,22.797750296836604,49.17463695456789,52.01815932155627,Underground Market,Cipher,Oracle Vision,Lost Civilization,0,0,45.16290188089463,51.88583861985592,33.36432351393002,-1
589,70.34953949993736,62.14827401516607,1.1680954685806766,25.283835647663263,48.41114426929831,49.82624110018293,Clocktower,Pattern,Secret Code,Lost Civilization,0,0,48.77040737737473,53.65139242983186,30.50955988927066,1
590,68.67765422194334,58.92459750045434,0.6828122185414329,25.92569522627521,48.98081212791758,51.60575355521092,Clocktower,Maze,Hidden Door,Forbidden Magic,0,0,48.57181291110017,51.64623983249622,23.59849113121638,-1
591,71.24393327528651,61.61416747403416,0.5415460608518008,27.043561889766703,47.78160381016416,49.61914374198103,Underground Market,Cipher,Oracle Vision,Lost Civilization,1,1,52.35838757910437,52.40217311314337,23.585039284161915,-1
592,69.01068891855779,61.268757442562645,0.8507392024353917,17.95967621674648,46.83465805965576,49.33565317900764,Hidden Vault,Mechanical,Hidden Door,Lost Civilization,1,0,45.43278985493806,51.94919082184926,27.63159340864097,-1
593,72.79945895372353,58.74251168385192,1.201885726827784,26.1061003440622,47.04290707347473,53.514503035374766,Clocktower,Symbol,Oracle Vision,Ancient Prophecy,1,0,56.75219667542064,47.47868433002009,27.420690175095828,-1
594,71.29368053776571,59.91693208218114,1.014385586649926,24.90495329703652,47.09693488531229,52.61739701642289,Clocktower,Symbol,Secret Code,Lost Civilization,1,0,48.37335634675316,49.98270500858698,30.636263907726832,-1
595,69.02600930029996,59.721942488652935,0.6995612249896273,26.69648389880342,48.263886654837606,53.42594908809137,Hidden Vault,Sequence,Secret Code,Ancient Prophecy,0,0,50.64854067428306,50.98139280864552,25.055922853595572,-1
596,69.83891524881393,61.04500357829826,1.356244808277652,31.986497167392407,45.9297538018545,53.087821252878776,Clocktower,Math,Hidden Door,Forbidden Magic,1,0,47.55135281668286,50.77231648585288,30.311276040258,-1
597,70.5687875894621,59.06312618701125,1.516298439037338,37.08129072718121,46.388461698781576,49.28195185236487,Underground Market,Pattern,Oracle Vision,Forbidden Magic,0,0,53.21826243931302,48.91055253381872,27.96074424088677,-1
598,70.59500797331344,60.18792567799261,0.9422315729180086,30.22038742086957,48.458572800090494,54.00320482516698,Underground Market,Cipher,Oracle Vision,Forbidden Magic,0,0,52.15758956889317,53.94544524085095,28.522599068111397,-1
599,70.24985031504464,59.595751991084285,1.042268132494291,20.665567929856618,48.05948928696653,50.7559822242952,Underground Market,Mechanical,Secret Code,Forbidden Magic,1,1,46.110414060338535,51.12107407786295,26.54296545269727,-1
600,71.05580205059334,60.74991131361848,0.5560960957035074,25.11981059553852,48.5320985049944,53.82304455816804,Clocktower,Mechanical,Hidden Door,Ancient Prophecy,1,1,53.1675153711009,56.56484106160468,27.608152790660725,-1
601,69.67676546635347,60.05465719575028,0.8837462661659893,29.83581764585807,48.17496918463028,51.18720847507176,Clocktower,Logic,Oracle Vision,Lost Civilization,1,0,51.62575787593784,52.11874887208378,29.767892267383427,-1
602,69.42907062316985,59.7310781009121,1.160533834589729,29.281598498872288,52.0167770930921,52.28290771969831,Clocktower,Mechanical,Hidden Door,Forbidden Magic,1,1,49.80664099387074,54.29542047462628,31.156514312110733,-1
603,69.44494070094282,60.04789730506413,1.1132263810057743,31.81090876259194,48.42431082543753,52.35806982236755,Clocktower,Symbol,Hidden Door,Ancient Prophecy,0,1,52.05759205259922,51.302146188695865,32.48332601151228,-1
604,70.64615687566084,62.29210230604549,0.8538646954231548,26.39664832161667,47.66146926726578,53.533000963210974,Underground Market,Cipher,Hidden Door,Lost Civilization,0,1,49.120060298007935,51.81341593584105,25.805320979478957,-1
605,70.14890623621834,59.83402096451258,0.9233157167941076,25.075014403714885,48.37770624156951,47.41363469747783,Hidden Vault,Cipher,Oracle Vision,Ancient Prophecy,0,0,52.11460786766062,52.085054333744296,28.0780530805624,-1
606,70.07091305131388,59.20477206296004,0.8708773881951756,35.66373708792824,49.7518952832764,47.55900571822643,Underground Market,Logic,Secret Code,Forbidden Magic,1,1,54.77226616081116,53.984751642249606,30.05115599628053,1
607,70.5707305025139,60.82406310248055,0.9209811867128042,27.20406062395513,48.14350870368503,53.17927716275544,Clocktower,Maze,Secret Code,Ancient Prophecy,0,1,51.250436622909845,52.02740104156461,25.856123390386955,-1
608,67.72027343177389,60.09195270575068,1.130999214678374,21.83641534735115,49.2410668838401,52.39090616248341,Underground Market,Sequence,Oracle Vision,Ancient Prophecy,0,1,48.40647275826552,52.80613663835588,29.269105460725307,-1
609,70.07718700979274,58.81508689423957,0.4133040308053354,34.30452420021686,48.80410091748775,49.56089087952844,Hidden Vault,Maze,Oracle Vision,Lost Civilization,1,0,49.38327704573826,51.44650187237004,27.383346361795585,1
610,69.98144222254857,62.45665623665495,0.980824920234564,19.45743619859344,47.77050087378437,52.410772272541855,Underground Market,Math,Secret Code,Forbidden Magic,0,1,50.759986406596106,53.07775769589572,29.666949838145765,1
611,71.4273994061162,59.86751567697255,1.1077153141564942,9.471734322243384,48.368564924330855,47.98009947474025,Hidden Vault,Symbol,Oracle Vision,Lost Civilization,0,0,45.49924429781213,51.48732502792448,30.898830200159928,-1
612,68.22568421935863,59.83695555282653,0.8311984102551568,30.80293002830911,50.59679617800992,59.66072377717252,Clocktower,Math,Secret Code,Lost Civilization,1,0,52.22638083896011,50.00827886514006,26.88506599339376,1
613,71.3071026391214,60.36948642442374,0.858193370470729,31.518525906717407,48.559227098032046,54.77892846706986,Underground Market,Logic,Secret Code,Cursed Treasure,1,1,53.73950380253745,51.94830884969653,28.28890382115401,-1
614,69.82093191212256,61.934589607343824,0.8665527442995481,29.044099570570346,46.71180970962155,53.05575669351968,Underground Market,Pattern,Hidden Door,Lost Civilization,0,0,52.62521855353239,54.003162593853645,24.1922937090972,1
615,70.23008210502313,58.51954499553466,0.8576622208645026,20.47075723167777,47.70784221016572,51.68907592669372,Underground Market,Pattern,Oracle Vision,Lost Civilization,1,1,46.1837505319993,51.096674175194806,25.83582156580545,-1
616,71.41254421159584,60.47008939211519,1.0028768428738153,26.697680133532277,45.012038668092885,49.95317988798676,Underground Market,Pattern,Hidden Door,Cursed Treasure,0,0,49.01583188238536,51.69983136337211,26.169300528578887,-1
617,70.29288264418463,62.27618468028972,1.0395754088285358,25.61016725318881,48.38584445306599,48.22453440163532,Clocktower,Pattern,Secret Code,Lost Civilization,1,1,54.355329300108565,54.72052105925772,30.63927902975003,-1
618,70.12794876487878,60.31244594865086,0.370511547259759,24.323534716630057,50.14421198816984,51.21544343127644,Hidden Vault,Maze,Secret Code,Forbidden Magic,1,1,46.33514552693157,52.63742438239333,27.609982655249095,-1
619,69.96529395233954,58.94318383010479,1.1963496149493666,34.07928550002042,46.16041719938318,49.35059841076219,Hidden Vault,Symbol,Oracle Vision,Ancient Prophecy,1,0,50.007741314392426,50.52014399865363,27.94578906424175,-1
620,69.23491015975046,59.554917308509815,0.9133339105107926,21.794555538291878,48.3935677014956,49.49639537836688,Underground Market,Symbol,Oracle Vision,Cursed Treasure,1,1,48.16580075053416,52.83747647017805,28.747432914443483,-1
621,69.68524798109438,60.37498887235271,1.580099020333264,28.61734447891653,49.64359449459554,47.958108400563646,Clocktower,Math,Secret Code,Cursed Treasure,0,0,50.486311586988805,52.46441034626394,32.18460110862408,-1
622,68.99353647892262,61.4936982869374,0.6426204244963205,33.0159823959707,49.798668427714375,52.12415762982776,Hidden Vault,Math,Secret Code,Lost Civilization,0,0,50.22088045187983,52.532131898114166,28.207862644092422,-1
623,69.65975785993159,59.81834242168697,0.7398539840162286,28.96186923676415,50.07821150200563,50.55751623544276,Hidden Vault,Mechanical,Secret Code,Cursed Treasure,0,0,51.71657323082674,52.82502250587587,26.848367776526143,-1
624,67.36363299813685,60.979109842987214,0.9391374293383414,33.26915645931112,45.35271390257582,52.83767893706467,Hidden Vault,Logic,Hidden Door,Forbidden Magic,1,1,52.20309361187644,51.685482859471776,24.51952747294693,-1
625,70.12380566713084,58.71186490116291,1.1239679820576045,29.891030035732275,48.90911169393989,52.64274698413697,Hidden Vault,Logic,Hidden Door,Lost Civilization,1,0,51.005257145180586,50.31710085522761,28.50384705317453,-1
626,69.56819476606151,58.698286963044616,0.4147888117025162,29.228085428840814,45.89002386863918,52.073661575199154,Hidden Vault,Math,Hidden Door,Lost Civilization,0,1,49.97236276891236,50.57765009826056,23.01644487691633,-1
627,69.34885776710497,59.65397218874552,0.7513360945035232,28.92438088534333,46.647565662224686,58.14860064513545,Hidden Vault,Pattern,Secret Code,Forbidden Magic,0,0,50.24210454663569,51.421475356408266,27.571683714784857,-1
628,69.89991268337732,61.569565103055965,1.1775376933181885,30.166281137231056,49.37347537786083,53.55926378391386,Clocktower,Maze,Oracle Vision,Lost Civilization,0,0,49.99511036724687,50.76614119984137,32.454800791320594,1
629,68.24164743232939,60.19517050202502,0.7158084267110338,25.18021636371709,48.37562675647671,48.34858497337525,Underground Market,Maze,Oracle Vision,Lost Civilization,1,1,45.102579484135056,52.4782056373131,28.178328092740045,-1
630,71.59950181677823,60.41086253561189,1.4113859136222524,20.607378408235245,49.22486029682422,52.64684111980368,Hidden Vault,Maze,Hidden Door,Lost Civilization,1,0,49.7437634865526,55.8256015324635,26.63769686312274,-1
631,69.56244858170649,60.39388242800171,0.8643737281671146,31.895789297799265,46.738517478474,51.36495314257878,Clocktower,Symbol,Secret Code,Forbidden Magic,0,0,52.83787736585976,49.664198811678986,25.560251909140764,-1
632,69.51431964096254,61.219758340904285,0.7309160624293441,32.943097058015674,50.33946940081017,48.14617357293383,Clocktower,Symbol,Hidden Door,Lost Civilization,1,0,51.28366634533441,51.91657327151805,28.129697082848537,-1
633,68.68967975213177,59.49507324384721,1.184018912314472,28.40308165321738,49.15847419642741,47.9459177998084,Underground Market,Cipher,Secret Code,Forbidden Magic,1,1,45.20457598343314,57.038298556456425,26.445719906060752,-1
634,69.67389814087598,60.78831869380463,1.4834768479291345,24.410100258005244,49.45686530474862,52.63300729319892,Underground Market,Mechanical,Secret Code,Forbidden Magic,1,1,47.983938871283655,50.7989307699699,30.724733056968407,-1
635,71.03175140329317,59.26388665995612,1.1263848771760476,19.372172231419704,46.499649120950906,53.24386883719641,Hidden Vault,Maze,Oracle Vision,Ancient Prophecy,0,1,50.24214665513768,53.35743064048547,28.694002862576667,-1
636,70.6755114864313,62.07277382650394,1.379897542152595,27.5985614581056,49.87401869235715,48.88435700168869,Underground Market,Pattern,Hidden Door,Forbidden Magic,0,0,47.80837830421684,52.96833310564272,33.274316709979914,-1
637,70.48880085281579,59.28383804006292,1.505090385353112,20.433531051996507,47.63972845931427,53.92541763298661,Underground Market,Mechanical,Oracle Vision,Cursed Treasure,1,0,49.815107871495854,51.14691230452634,33.47763982019421,-1
638,70.17549399038035,59.19656396080309,0.7259015590740494,19.74209073833626,47.19422191363272,52.21228599203821,Clocktower,Maze,Oracle Vision,Cursed Treasure,0,1,47.13709135898954,50.61410354118171,24.11766891156472,-1
639,69.26524861256985,60.62334336139241,1.2843642418339127,27.09210473241156,49.04638368214528,54.489647892356295,Clocktower,Symbol,Hidden Door,Ancient Prophecy,0,1,49.64923028591549,53.09701833236507,29.427472533147306,1
640,68.16828829127019,60.14817844662839,0.5462216440120722,23.385637618739427,48.980169701737935,54.22405099584811,Clocktower,Symbol,Hidden Door,Lost Civilization,1,1,46.54486523881619,48.74025249998951,26.467038400500904,-1
641,69.41203727409662,60.38995509079985,1.1311777644912182,28.93974427513687,46.83232410454709,51.10390771149252,Hidden Vault,Sequence,Oracle Vision,Cursed Treasure,1,0,48.05798062776313,52.011954299265696,26.51485528209662,-1
642,69.37179349164757,60.28512537022081,0.9827840736528246,26.42541845481788,51.18424095143165,55.58899932525524,Hidden Vault,Math,Hidden Door,Forbidden Magic,0,0,52.41919456797464,51.62971225071177,29.72055370756496,-1
643,70.65101268206404,58.96212450576636,1.377565138400883,24.197412199763825,50.818589137494165,48.689709774698834,Underground Market,Symbol,Hidden Door,Cursed Treasure,1,1,51.28150933431055,47.7110571916473,30.75941578943508,-1
644,69.90612640084153,61.66057702197671,1.3568843404189803,18.714686766689777,49.00192665046298,57.47573626237674,Underground Market,Cipher,Hidden Door,Ancient Prophecy,0,0,48.84752392951593,55.204567300854734,31.156106478341613,-1
645,71.20352968618651,60.93545796442357,1.176700842996265,22.98348724313941,48.73732662129744,49.30303579878526,Hidden Vault,Symbol,Hidden Door,Ancient Prophecy,1,0,51.43427494905755,48.18728036603238,31.78869454172749,-1
646,70.78315343662044,61.39555967160153,1.0958792695925903,23.17589967280004,48.58378530749941,51.3799931708058,Hidden Vault,Maze,Oracle Vision,Lost Civilization,1,1,50.42809170841727,56.99054129240638,28.940137631192957,1
647,69.12358061861137,59.50296910804876,1.1594746419988984,21.138686541379585,45.76153249356544,50.08202925346809,Clocktower,Maze,Oracle Vision,Cursed Treasure,1,0,49.70401684514116,52.03829124465563,26.53856525203351,-1
648,67.7793230114482,60.4425101525991,1.0261364820790386,25.628634740121026,48.25319701244072,50.558022530300654,Hidden Vault,Sequence,Oracle Vision,Ancient Prophecy,0,0,47.0283827369444,49.23840493175208,26.18010868107601,-1
649,70.95436812591612,60.21803803363157,0.9899156859981132,21.54621607568107,48.2307938840362,58.8088841562849,Hidden Vault,Mechanical,Secret Code,Ancient Prophecy,1,1,51.79185947281208,54.47497269638375,32.15998143207785,-1
650,70.92248355894903,61.14335153280072,1.4417450155898286,26.472370604543773,47.21499669360875,50.343198281472304,Underground Market,Sequence,Secret Code,Forbidden Magic,0,0,53.07206343580721,50.742586476298726,31.188229625709603,-1
651,68.19115700462785,61.17027276423463,1.4785635936681842,28.501737199412307,47.612560355629455,53.627770930732304,Underground Market,Cipher,Hidden Door,Forbidden Magic,1,0,50.226179297636286,50.9320552403298,30.519956353910416,-1
652,71.06084374781604,60.19774757069929,0.9679518593310712,23.177416616233664,44.5022526381484,50.91149272178396,Clocktower,Maze,Hidden Door,Ancient Prophecy,0,1,49.01374213778962,47.43693320158067,25.790972331772288,-1
653,69.92792096061156,58.48141419970414,1.082521354621535,29.44388324586029,46.42592622386019,53.84137607396937,Hidden Vault,Cipher,Oracle Vision,Cursed Treasure,1,0,48.342859112825536,48.49424938477879,30.76680587880699,-1
654,69.7006543370189,61.77369222986372,1.0365356160158123,20.51861289304811,49.45225676296164,50.13960120407252,Underground Market,Maze,Oracle Vision,Lost Civilization,0,1,48.43329201853416,51.63969836970001,28.55302247746049,-1
655,71.14888218647592,60.54467925408221,0.5293658846659217,21.77306583422832,50.66403174750814,52.14033023414793,Hidden Vault,Maze,Oracle Vision,Forbidden Magic,0,0,52.59107942149017,54.15037399860959,24.025245277319343,-1
656,70.87287930121828,59.37491274198194,0.9128088188537966,26.77640532790368,46.64992184329449,53.07174575118186,Hidden Vault,Maze,Secret Code,Forbidden Magic,1,0,48.23497483240007,53.22681102030477,27.50624903916973,-1
657,70.17358543647283,60.38454638897582,1.4945424844233035,30.786224664692096,48.33705978015308,49.69547136665879,Clocktower,Pattern,Oracle Vision,Lost Civilization,1,0,53.37616895834254,49.4550168710252,27.691087580385016,-1
658,69.98949712616168,58.46156169295015,0.7906177999328434,31.69653268784759,49.70819171119464,58.394314810563976,Hidden Vault,Logic,Secret Code,Forbidden Magic,1,0,50.55978033423817,51.40581146601978,28.55408841931632,-1
659,70.1266652051289,61.0226558419396,1.6508604935390432,35.42999223881809,47.27816463259537,53.202352608084496,Clocktower,Symbol,Secret Code,Cursed Treasure,0,1,51.932801225092206,48.49098270936178,32.93079259694927,1
660,69.10416967267912,58.49073512465476,1.369109740348005,25.493587260612536,49.07076596780199,50.93507261370656,Underground Market,Pattern,Hidden Door,Cursed Treasure,0,1,46.7596599992655,51.306357330596114,26.66680465105592,-1
661,69.44304724618647,59.73575305180102,1.138923130053248,26.747505893601577,48.00365330578328,49.75691370787327,Underground Market,Math,Oracle Vision,Lost Civilization,1,0,48.18509426265841,55.73991815889921,26.758250544187003,-1
662,68.5897185880969,60.19567926783818,1.1877558959145695,22.23010402642027,49.83792263547501,51.72930755906746,Underground Market,Symbol,Secret Code,Lost Civilization,1,0,49.11642653190651,48.54493515697333,31.399439738376792,-1
663,69.15284853150324,60.98469842316318,0.7453974557281244,21.13310751491561,46.12666304255783,48.460004973466326,Underground Market,Cipher,Hidden Door,Ancient Prophecy,1,0,49.37389651089016,49.88528842039212,25.045979861350705,-1
664,69.11307257160509,60.04703391819348,0.942074662649198,28.553245415350048,46.39153144200413,55.95573815962486,Clocktower,Logic,Oracle Vision,Lost Civilization,1,0,50.50553332972128,52.7657804602835,27.79439315369869,-1
665,68.83818486320828,60.57007930266679,1.4551740526373669,23.539461587460327,48.46580014313619,52.5781344310027,Clocktower,Math,Secret Code,Cursed Treasure,1,1,47.36312366464337,53.78260449043431,30.88822400699987,-1
666,69.60398621894065,59.9015733837164,0.8395336933570441,33.58913746456927,48.18893335247993,51.28003483147151,Underground Market,Mechanical,Hidden Door,Lost Civilization,1,1,49.632018566270695,49.68665454894945,29.23174129528364,-1
667,75.1369741116811,63.89217489926124,1.3433972773699328,40.12372345044257,47.95830901527516,55.61494463589178,Abandoned Theater,Maze,Secret Code,Cursed Treasure,1,0,57.24281843576188,57.26334770325409,28.059560311911603,-1
668,75.9568707535094,64.00445537264426,0.6131379619619679,49.87581703641693,48.90475463759159,51.19621305478508,Abandoned Theater,Maze,Secret Code,Ancient Prophecy,0,0,59.80695895459749,52.95291282342395,21.801270947778825,2
669,73.82596237772215,63.72453420671961,0.6680217090772189,42.42374194966982,46.64327550227388,50.110101033923904,Temple Ruins,Symbol,Secret Code,Ancient Prophecy,1,0,57.445062856409095,57.282764260364495,26.78745385861533,-1
670,75.32854110458315,62.22163264209846,1.5991307226957558,43.35857117205258,45.98338083199817,52.67466732067816,Abandoned Theater,Symbol,Secret Code,Cursed Treasure,1,1,57.56222061472501,53.689122391950406,26.250205818630235,-1
671,75.56702645942809,63.13448692058093,1.0264370746474247,50.16473740679526,47.28569446940508,53.31885912367397,Temple Ruins,Symbol,Secret Code,Ancient Prophecy,1,0,59.7983075243245,56.19370984236173,29.618948626752164,-1
672,75.11839057626463,64.14218957514602,0.869737880821814,44.098126673867895,47.45179918958566,54.326465516481925,The Old Library,Math,Teleport Rune,Lost Civilization,0,1,58.61839372014406,55.13154879305026,27.1203232886656,-1
673,75.25013825317411,63.6428948601422,1.4414363824022556,44.90694847673534,47.60699469813037,49.30930520891943,Abandoned Theater,Pattern,Teleport Rune,Forbidden Magic,0,1,59.32655242421251,55.385353550434274,28.977180287201065,-1
674,73.83076228324073,63.73080474007752,1.4077134717205622,43.43340512938291,49.93462055572891,51.85920792495192,Temple Ruins,Cipher,Secret Code,Cursed Treasure,1,1,59.77632148895478,56.01875248235852,31.97927537337488,-1
675,75.76592900814094,63.55785495968451,1.3115727523367626,56.42766219773458,49.18515248503393,45.291338017078616,Temple Ruins,Pattern,Ancient Map,Forbidden Magic,0,1,61.71387939605555,56.61710205405273,26.355179302263235,-1
676,76.05046782879428,63.01220191070506,0.8657828126082003,44.42338612337549,48.82789918138365,50.04412707273477,Temple Ruins,Symbol,Secret Code,Forbidden Magic,0,0,60.048285568393766,53.80846557345541,27.47666706068925,2
677,75.88977548151539,63.377289403449765,0.9521090695087993,47.77687133850869,48.3595896978723,54.78815383425101,The Old Library,Mechanical,Secret Code,Ancient Prophecy,0,1,63.47417080852599,52.2362128518184,28.88397958224868,-1
678,76.4283080515724,63.55814258693896,1.1331314099950809,46.517822942868335,47.37389674414071,55.40256452143684,Abandoned Theater,Cipher,Teleport Rune,Cursed Treasure,0,1,60.95648436225907,53.80760090567942,28.725161556273747,-1
679,75.58441993220218,63.86469986393097,1.249447169887968,48.64274505310047,46.7428890351387,50.14498866171745,Temple Ruins,Symbol,Ancient Map,Lost Civilization,1,1,62.27197746238141,52.71889204929755,27.391572288880518,-1
680,75.85484743689818,64.24751440433919,0.890092998742975,44.47023190406747,46.22673622925628,52.18848862731406,Abandoned Theater,Maze,Secret Code,Cursed Treasure,1,0,57.6127233548217,53.01446311321355,25.71627278041799,-1
681,75.52549958646676,63.6681620691524,1.095395921253662,46.54807544177411,46.97941594777564,53.06401538781999,Temple Ruins,Logic,Teleport Rune,Cursed Treasure,0,1,57.8390111037156,57.27315111756262,30.95777583706257,-1
682,76.05016888802648,62.813630387483066,1.125954821435777,49.53015470317804,47.95553540241991,55.69527534710527,Abandoned Theater,Symbol,Secret Code,Forbidden Magic,0,1,60.17039948699942,54.80610413323481,30.30693031161654,2
683,73.77856464844209,62.43977388865381,1.433356838369829,43.25358006705259,46.28622256880384,56.82273716629248,The Old Library,Logic,Ancient Map,Ancient Prophecy,1,1,57.137333038753546,54.118561200284255,27.548192248584247,-1
684,74.45535629583526,66.4298604429064,1.275279887181952,53.02343168121196,48.27179733603849,53.38270563805756,Temple Ruins,Maze,Ancient Map,Ancient Prophecy,1,1,62.72189231609663,58.300548862084426,31.9339401052928,-1
685,76.92894683089412,62.69717255309901,0.5985395270659271,53.5124246634576,47.72471770803558,52.34845836104442,Temple Ruins,Sequence,Teleport Rune,Cursed Treasure,1,0,60.75172759921104,54.66798531430721,27.766678995709015,-1
686,72.87468826065773,63.30292399012824,0.9881563716852186,50.62567038544508,47.41932287224729,49.39076597824841,The Old Library,Mechanical,Secret Code,Ancient Prophecy,1,1,58.735258251632985,57.53006635720677,28.63906620628086,-1
687,75.18799012902893,64.33310778146553,0.7753013639237654,47.95076236232743,49.756503844645,53.27017308640265,Abandoned Theater,Logic,Secret Code,Cursed Treasure,1,1,61.647673280142,50.7951875593293,29.03263765749566,-1
688,76.49345413045758,64.17152367494987,1.2260788825898092,32.65653438339463,44.322248995982655,58.18730625372567,Temple Ruins,Maze,Teleport Rune,Lost Civilization,1,0,56.12411996009028,51.78933114806789,24.77319783237033,-1
689,75.2208968222099,64.32608146260594,1.3343402162278073,49.73914644524651,47.43659350098986,56.2254813748433,The Old Library,Symbol,Ancient Map,Forbidden Magic,0,1,60.03264808629072,53.11423202767578,32.06618563749893,-1
690,74.90209200744586,63.35704854276421,1.0896277355572686,45.66917587799629,44.48258101232816,53.43714574064726,Temple Ruins,Logic,Teleport Rune,Ancient Prophecy,0,0,59.119003210800265,50.49501722745877,28.502816901539564,-1
691,75.42943769075852,64.03287068215415,0.9805146331252672,46.4025809209728,48.36816904267499,53.75844452175028,Temple Ruins,Cipher,Teleport Rune,Cursed Treasure,0,0,56.923331887725226,54.72248882868549,28.59638991417396,-1
692,74.93977618287063,63.85020045132445,1.0835204543928674,38.15517933828276,49.15272376889476,51.27870909636986,Temple Ruins,Sequence,Teleport Rune,Forbidden Magic,1,1,54.12291328272328,54.845550460566,29.39765679062706,-1
693,75.31659368874632,63.47126679085656,1.1272869410900508,50.11810935920264,45.98195697380677,52.1071609280587,Abandoned Theater,Pattern,Ancient Map,Lost Civilization,0,1,57.04896151774137,57.57695062559871,27.317176249072403,-1
694,74.59517854739627,64.02334648663326,0.874447669745241,40.415350547931325,46.173233331699926,53.36899793896088,The Old Library,Cipher,Secret Code,Cursed Treasure,1,0,57.29507586755636,55.85856749068867,25.44698965836156,-1
695,76.3800170175546,64.82783811264092,0.7027552987362813,48.25845526477732,45.4596119441762,53.3765858507961,The Old Library,Pattern,Teleport Rune,Ancient Prophecy,1,0,62.14325628965198,53.45635620470773,26.60992366066865,-1
696,76.6873582293668,63.744805417471646,0.455242529842256,52.19768458488294,48.10180523648254,55.52687483225765,The Old Library,Maze,Teleport Rune,Lost Civilization,0,0,63.20289328229269,55.230443800521485,24.281059166023955,-1
697,75.12342146549491,63.74598883570264,1.4523789367527684,45.33580878427696,47.494478974167855,55.40520733185324,The Old Library,Symbol,Teleport Rune,Lost Civilization,1,0,60.96205149970967,50.46712773896813,29.85815264238228,-1
698,73.86300868672545,64.82422466552761,1.2230985555796496,53.77074869483313,47.58703703251522,54.30141695052771,Temple Ruins,Cipher,Teleport Rune,Cursed Treasure,1,1,63.35747425859296,55.178875125364506,28.880642864606823,-1
699,74.71830916963741,64.71194894409538,1.1849305900577722,43.96356640507324,47.45245801950045,50.50213455450178,Abandoned Theater,Cipher,Ancient Map,Lost Civilization,0,1,58.30935019228074,54.9664304939908,29.236314512444945,-1
700,75.0507858976419,65.32904731064735,1.4577496630070574,50.70869974409038,46.543451855485046,50.59646169704549,The Old Library,Maze,Secret Code,Ancient Prophecy,0,1,60.11386602626516,53.23482869382021,30.98522449525409,-1
701,75.73290371055424,61.983400271866365,0.7035862950043128,41.190609491712166,49.70113509480528,50.780271324288535,Abandoned Theater,Maze,Secret Code,Cursed Treasure,0,0,60.74885446353111,52.926212471809606,28.471586971254133,-1
702,74.21191001766621,64.63926669691392,0.5615980119289732,52.87818212257452,48.41134732988738,53.588800723016654,The Old Library,Mechanical,Secret Code,Forbidden Magic,1,0,58.98857025401791,53.54468117526418,27.83919855676361,-1
703,74.44328753414251,64.33024195677297,1.199641184697619,52.110461361206816,46.22539190849661,47.93419736310965,The Old Library,Sequence,Ancient Map,Lost Civilization,1,1,57.94204568808105,52.41115711499587,24.031375531958627,-1
704,75.71562088114939,62.83752132097183,1.1744609971634,50.08026634863182,46.951156555823545,52.98431231883845,Temple Ruins,Mechanical,Secret Code,Ancient Prophecy,1,1,59.77569352814098,54.72549451690074,29.09424903373046,-1
705,76.13631681850367,63.969270873315935,0.5692190362536244,45.78001111002353,46.69350185366015,56.52160679113534,Temple Ruins,Math,Secret Code,Ancient Prophecy,1,0,58.50430680544083,56.18501236968319,25.773740298921005,-1
706,74.5682456115565,64.7633113884235,1.198622291026067,40.744371496439655,50.11016378343493,54.6670650867016,Temple Ruins,Sequence,Ancient Map,Forbidden Magic,0,1,57.06091230750784,56.37634181054639,30.59302094989651,2
707,73.84902277486253,62.87753487181276,0.9728772559318766,45.80910360662969,49.06780643363513,52.12318097263554,Abandoned Theater,Mechanical,Ancient Map,Forbidden Magic,0,1,56.352105364620186,52.9516263581568,27.36725275584999,-1
708,78.45872677905578,64.1437578647747,0.8530190451497176,53.32175936674378,47.81098762483193,51.25436146562555,Temple Ruins,Pattern,Teleport Rune,Lost Civilization,0,1,63.81123016698327,53.1377208371113,29.619420677017253,-1
709,75.95025021603404,64.56704826030345,0.9973426989521872,48.427938874744,50.56133656742001,55.0142882119417,Temple Ruins,Symbol,Secret Code,Lost Civilization,1,1,58.96030771126266,54.49520113032355,29.77090000264438,-1
710,74.89224834624336,62.61917169778291,0.3671584889595077,40.02083860935959,50.17839186093022,53.765138415130686,The Old Library,Sequence,Ancient Map,Forbidden Magic,0,1,59.39800824326564,53.4290827722567,25.068200138921373,-1
711,76.02055831646734,63.54239979009605,0.9244748146308588,42.170266498502144,47.65412050688102,52.38391886854315,The Old Library,Symbol,Teleport Rune,Ancient Prophecy,0,1,55.87428393255163,52.26632343805986,26.38833020350747,-1
712,75.01931422429064,63.98014564746736,0.8928913757196182,54.06753082474779,47.38423794939244,51.52742280273465,Temple Ruins,Symbol,Secret Code,Cursed Treasure,1,1,60.95290214989451,56.37059751745768,29.069231570868943,-1
713,76.00314051290499,62.87753513920349,1.2736256586651078,50.24919437978224,47.45647778969196,53.19095747421819,Temple Ruins,Maze,Secret Code,Cursed Treasure,1,0,60.00681403852264,53.1010226926,28.65216327322937,-1
714,75.28755862500722,62.78900042480147,1.0613634430727512,41.6474744754583,46.57088032822377,52.24240809003253,Abandoned Theater,Symbol,Teleport Rune,Ancient Prophecy,0,0,58.12855736298276,54.79623806296259,27.521461115344707,-1
715,75.21158823965223,63.52759362600578,1.3028529540402267,38.99614970726516,50.6009771016513,54.960948924791786,Abandoned Theater,Math,Ancient Map,Ancient Prophecy,1,0,58.6792068216243,51.78966927372313,30.116475256386725,-1
716,74.99885457584107,64.45876019317707,0.3487124106758974,44.70791626070888,46.49045058897552,56.10292273994679,The Old Library,Logic,Teleport Rune,Forbidden Magic,0,0,58.94410943649518,53.042541270363074,26.66233594181813,-1
717,73.65714447933983,64.29533438991628,0.8642486482589276,38.58414076356696,49.30261843811471,49.58187543039321,Abandoned Theater,Logic,Ancient Map,Lost Civilization,1,0,55.51234651997156,56.586044554869474,29.072963751738627,-1
718,77.03467942518473,62.78466525565757,1.2852029734811337,47.0695568351901,49.03610798775031,49.9354510686779,Temple Ruins,Pattern,Ancient Map,Ancient Prophecy,1,1,61.72418478119846,55.50357922934508,27.284598808550918,-1
719,74.14707874118666,64.29272116937953,1.0281919158941368,60.114638725700885,47.54316435292737,56.37014046912183,Temple Ruins,Cipher,Teleport Rune,Forbidden Magic,0,1,64.20868840125456,52.10847779953345,25.93280779088283,2
720,73.7205867221992,62.79908653045686,1.3769584768880412,39.87950165660756,50.71573970380641,53.41454735665989,The Old Library,Symbol,Ancient Map,Forbidden Magic,0,1,56.73460212371048,54.70864626407597,30.874838866155603,-1
721,74.85971763322098,62.01932727357652,0.5844298805516711,46.94191146266989,45.66227498986609,50.17087340802789,Temple Ruins,Mechanical,Teleport Rune,Lost Civilization,0,1,59.77358767334654,53.20461264658041,23.88277368896185,-1
722,74.10304257966652,63.2568220277119,1.3476557244422809,54.43941796171162,47.88166863354169,55.4581290166516,Temple Ruins,Logic,Secret Code,Lost Civilization,0,1,62.086922028904624,52.43968238870044,25.010394639541584,-1
723,75.00470821916817,64.74140127944007,0.9391135663019502,51.63295723343007,47.26797013592644,53.85421274972208,Temple Ruins,Cipher,Secret Code,Ancient Prophecy,0,0,57.204858649831415,55.48657090885244,25.900386876880862,-1
724,75.7360612941117,64.26885657066832,0.912550061298061,47.15153476311062,49.44278358559,58.50811440481223,Temple Ruins,Logic,Ancient Map,Ancient Prophecy,0,0,58.88548678248729,51.71585291720342,27.81454692108344,-1
725,76.03544668138716,63.60578614308292,1.4332980062840457,47.171202907546856,48.5326448050776,52.411745806836144,Abandoned Theater,Sequence,Secret Code,Cursed Treasure,1,1,60.52509674351368,52.3767955552323,29.19951116293318,-1
726,75.84669081778775,63.185112239737705,1.4871496409614993,42.13109278147336,45.411794052547634,55.77175999267178,Abandoned Theater,Mechanical,Teleport Rune,Forbidden Magic,0,0,57.5641273575659,54.50985326963823,30.096020079211456,-1
727,74.7181144174987,63.20651322072304,1.451605177125915,46.58004578054556,49.86243545336946,49.3779139021681,Abandoned Theater,Cipher,Teleport Rune,Cursed Treasure,1,1,58.22858860538651,54.27604686258059,26.26855920991048,-1
728,75.06509481798017,63.699515776551216,1.7554242199072938,49.14319862838124,48.7319269852293,56.49006887540893,Abandoned Theater,Logic,Teleport Rune,Ancient Prophecy,1,1,60.531819564902335,54.498887095802345,29.842929415469595,-1
729,75.4151087825667,62.51674679874553,1.5265293568375202,53.45922067766977,46.451053356853365,55.36040014552788,Abandoned Theater,Cipher,Secret Code,Cursed Treasure,0,1,62.08212142087181,52.70176806092129,30.922969514727136,-1
730,73.24113935408876,63.23152827305816,0.9105340378136744,44.84042021325682,47.48036786666077,57.01086858448444,The Old Library,Math,Secret Code,Forbidden Magic,0,0,58.33092838557207,54.8319485275377,26.0469968116636,-1
731,75.5611789115111,63.35851543005955,1.194353144474946,46.999755513378,46.05569313898923,55.77645079377184,Temple Ruins,Math,Secret Code,Ancient Prophecy,0,0,57.852187077479456,54.73229321566555,25.382477328923763,-1
732,73.52493282644679,62.21745766535135,1.0465188276816522,43.210484014050735,47.74993606192376,52.75237953531081,The Old Library,Mechanical,Teleport Rune,Ancient Prophecy,1,1,54.24249817897493,54.68520380364264,26.6996431676196,-1
733,77.01418716742728,62.72452908425162,1.7660412989904533,49.09078500891019,48.23208122856615,50.07218358990785,Temple Ruins,Maze,Ancient Map,Lost Civilization,1,0,62.54452136783444,53.80492500521305,32.07262036220576,-1
734,74.56090457308264,63.96792733669112,1.491530959155949,51.89065147334108,47.50568329126608,51.49486774908991,Temple Ruins,Pattern,Teleport Rune,Lost Civilization,1,1,58.81890717087491,53.50186211307594,29.2121583553594,-1
735,74.77209428759924,63.56137361366391,1.106180897702598,51.127576804749694,47.33274559110018,48.5971240320047,Temple Ruins,Logic,Ancient Map,Cursed Treasure,1,1,58.57847890143989,52.84547782874546,26.64117826896785,-1
736,74.17878297393312,63.23753924927088,1.429012020410549,42.13597126942796,45.59015864377001,50.69775242204072,The Old Library,Logic,Ancient Map,Lost Civilization,1,1,55.344558114364204,51.27061588713104,29.47468747514045,2
737,74.31001153473011,62.62931092765827,0.798792701033768,48.72877998423696,48.51599677478073,54.06465337302108,Temple Ruins,Mechanical,Teleport Rune,Cursed Treasure,0,0,61.50670119878024,52.73813736157989,28.202904343013635,-1
738,77.20553759819907,65.11202359328244,1.2463627795350922,44.61544595535479,45.12435658440372,52.88061780293703,Temple Ruins,Sequence,Teleport Rune,Lost Civilization,1,1,60.13200996969881,53.39051918609279,25.0206329920976,-1
739,75.86324723350857,62.69162805305715,0.8927582241680818,53.06479069193641,48.05860014872528,52.44102464966944,Abandoned Theater,Logic,Secret Code,Lost Civilization,1,1,62.122432344455135,56.699017175400726,27.78990486311752,-1
740,73.36507975351631,63.77563169237566,0.6704265597218558,47.21049636238673,45.314228003251806,51.017242710131256,Abandoned Theater,Symbol,Ancient Map,Lost Civilization,0,1,59.56129912728074,51.61191260295132,22.73984994657476,-1
741,76.40987097595273,63.03059955154649,1.415252710189148,40.42699998126677,48.08973840023715,48.56900247285429,Temple Ruins,Symbol,Ancient Map,Forbidden Magic,0,1,57.88928151912057,55.81409160109676,32.04606270493847,-1
742,76.09024753499592,63.54917584369517,1.4553749933262734,46.93304716242688,48.00586032038134,53.45520778309312,Abandoned Theater,Symbol,Secret Code,Cursed Treasure,1,1,61.75943959505703,53.55011926801324,32.28682449555416,-1
743,74.60711137557936,63.9649323811718,1.3228853230181965,50.331904864388896,48.62115245861201,53.94790048117161,The Old Library,Symbol,Ancient Map,Lost Civilization,1,0,57.470231972705164,54.08673725036165,29.026770517913132,-1
744,75.18631083706181,62.13149033475051,1.1337731626129652,49.26704096015307,49.31069815798829,50.52109109988321,Temple Ruins,Mechanical,Ancient Map,Lost Civilization,1,1,57.720684778775,54.15655904714579,31.320364960600426,-1
745,74.85593143793301,63.48955318090498,0.8117151288832792,45.49548648853951,49.5898251657558,51.6663993245907,The Old Library,Symbol,Secret Code,Forbidden Magic,0,0,56.28066587798958,51.523577155538426,26.52934458111368,-1
746,76.83468869556826,64.68131881133858,0.8461956542773597,45.135542794339976,45.60458993410944,56.85533363522357,Abandoned Theater,Math,Teleport Rune,Cursed Treasure,1,0,60.484813050783615,52.797891018198605,25.90731055559169,-1
747,74.057023613909,65.24651104918456,0.906810082004744,43.13181820228671,47.93359438202452,55.898744883934086,Abandoned Theater,Math,Secret Code,Ancient Prophecy,1,1,58.38659502142879,52.77699905093152,26.42445892781677,-1
748,74.99050124931547,63.34941245164434,1.1305036488107745,46.10300979240105,51.03860272068649,49.28893859567762,The Old Library,Symbol,Secret Code,Ancient Prophecy,1,1,57.88003961388259,53.79179265460125,29.99194145713103,-1
749,74.40749405716909,63.51552319704207,1.526487845490831,43.805768001475165,48.20216845735997,52.78840903192311,Temple Ruins,Pattern,Teleport Rune,Ancient Prophecy,1,1,57.32135013716645,52.28290964584173,30.33952583935508,-1
750,73.3937197315517,65.67958889892289,1.5248009342359694,52.94198493263538,46.777859857905575,56.63738920593063,Abandoned Theater,Cipher,Teleport Rune,Lost Civilization,1,1,62.45496852031209,57.96557055543872,29.48280753834029,-1
751,77.00949122629613,64.597592367845,0.7151715197373709,43.5932474316743,47.90673306901192,52.4589475067312,Abandoned Theater,Math,Secret Code,Cursed Treasure,0,1,57.89479657337378,53.63297432329236,26.633685188734404,-1
752,73.6273514022284,62.83979408820691,1.004850436355893,48.71772328500704,47.45222673793468,52.32764202898209,Abandoned Theater,Cipher,Teleport Rune,Forbidden Magic,0,1,59.38259340934572,48.721309528874855,28.000090091819427,-1
753,75.02008444215514,62.8325041529537,0.9998671031861046,48.38517427033275,46.26451747397676,55.73184406685769,The Old Library,Symbol,Secret Code,Ancient Prophecy,0,0,58.15617120435317,52.56679082066687,29.64250810859609,-1
754,73.05026427337322,64.40244440704141,0.4595516000979249,52.84933295465367,49.334378196163264,55.46767311068804,The Old Library,Pattern,Teleport Rune,Cursed Treasure,0,1,61.876907100300365,56.56349756801521,22.48364385896948,-1
755,74.38287640612204,62.42926357154037,1.3919899332758874,53.575165290973786,48.908806068988,55.3382583634515,Abandoned Theater,Math,Secret Code,Cursed Treasure,0,1,61.959127799510696,56.74278261678823,33.8642056371479,-1
756,75.19487036198345,64.52243164406111,1.1514486155290116,51.615488851388285,46.03210702457171,52.34503812706468,Temple Ruins,Math,Secret Code,Cursed Treasure,1,1,57.803726020597374,53.91313711518504,26.920292825252076,-1
757,73.93909477512491,63.76340750230582,1.1945123398001931,49.90758328652127,47.89559021078342,54.65722004068762,The Old Library,Pattern,Ancient Map,Forbidden Magic,1,0,58.81412979173543,53.17970315769766,28.570035077358984,-1
758,75.34153052792217,63.94122942300848,1.6353904009499214,42.90700040944128,47.18747608753312,56.73686378488805,Temple Ruins,Pattern,Ancient Map,Forbidden Magic,0,0,53.919004857459846,54.1674518904115,32.793902633325686,-1
759,74.47656030619865,63.16117447042508,1.261311034226221,42.81315739429619,45.63649025303392,52.87531575382856,The Old Library,Cipher,Ancient Map,Forbidden Magic,1,1,59.3307945640297,54.17023245897455,29.07686730551424,-1
760,75.89652951985414,62.78248159898804,1.1088035203156643,43.93631753897698,45.91839525779362,51.99147594671582,The Old Library,Maze,Ancient Map,Lost Civilization,1,1,62.81343087544845,50.873648156438094,28.46444944755161,-1
761,76.08902650902846,64.86869589775137,1.4128651761794486,51.93162754101762,46.14346804938353,56.07518159772409,Temple Ruins,Logic,Teleport Rune,Lost Civilization,1,1,56.87202192772125,54.14788001533369,31.21445643779644,-1
762,74.13131249271702,63.15436100421638,1.5621373913306436,48.5459101780137,47.95658438337156,58.11359950724281,Temple Ruins,Sequence,Teleport Rune,Cursed Treasure,0,0,56.18836316716023,53.70030045225536,29.89732686931095,-1
763,74.78555493105291,62.984557000245104,1.336664588122752,52.52977181169147,47.359158593809546,58.28751220891456,Temple Ruins,Symbol,Secret Code,Ancient Prophecy,1,1,60.96490466927889,53.65262813071894,30.8642686899546,-1
764,74.88301436799237,63.3097473950797,1.457744027573306,53.2077114168228,46.609203047695885,52.06372125056262,The Old Library,Symbol,Teleport Rune,Forbidden Magic,1,0,60.85520442526335,53.349577816697504,26.614605647848,-1
765,75.30962084991951,63.57729759584355,1.2105938458224947,44.57113743549582,47.46209512256717,52.31489937625777,Temple Ruins,Maze,Ancient Map,Cursed Treasure,0,0,57.73542339699021,52.1249633306122,29.408471380825624,-1
766,74.6953383985187,62.34783997053688,1.232997786358778,48.36845480973441,49.17319454291547,50.42709416715863,Temple Ruins,Logic,Secret Code,Cursed Treasure,1,1,55.85249944752928,54.15561220483291,30.642221851953007,-1
767,74.86182573621463,62.80818189108867,1.294766082436701,48.150288045319975,48.58894635301948,53.295130811037,Temple Ruins,Sequence,Teleport Rune,Forbidden Magic,1,0,60.00907551527502,53.59437106226955,31.76563732138888,-1
768,74.41884029572591,62.74940827328603,1.0382419448916194,46.58347827790608,49.558753205419855,50.31470267135621,Temple Ruins,Math,Ancient Map,Lost Civilization,0,0,60.40137536470132,53.74232733219313,30.34800863934512,-1
769,74.76809234269892,64.20710630750611,1.0970915192402038,45.555349749879895,47.71556610906217,51.683416395731264,Temple Ruins,Maze,Ancient Map,Cursed Treasure,1,0,64.22143122809179,52.32303134528805,28.65511850067214,-1
770,75.94137217878875,62.470247804375255,1.6842188929800213,54.16047583392991,50.46399418923479,54.75282449540597,Temple Ruins,Maze,Secret Code,Cursed Treasure,0,0,64.42754190172586,55.10234794589026,31.333653159421917,-1
771,75.28006863333603,61.59482561782434,1.8765998591766209,48.50367823144649,48.58443876965995,53.97494352534849,Temple Ruins,Mechanical,Ancient Map,Forbidden Magic,1,1,57.12171266555309,50.937395107373526,31.14113476787431,-1
772,75.3257684290626,61.37788076958197,1.755243276717911,48.31665179703431,47.33114085201334,48.47319673708243,The Old Library,Symbol,Ancient Map,Ancient Prophecy,1,1,59.66667377422432,55.66362051050484,30.045981009429184,-1
773,75.3380845954119,61.868975828388194,0.8839902179441279,44.24413470040055,48.20618020394648,56.92573074568597,Temple Ruins,Symbol,Ancient Map,Cursed Treasure,0,1,59.660246610264736,50.59100998098245,25.0432928334708,-1
774,74.45168115300785,64.69527359013378,0.858406145002236,51.641167400250765,46.19691147911789,50.282509782120655,The Old Library,Cipher,Teleport Rune,Lost Civilization,1,1,58.78683601683335,56.05050569595758,30.01894014542174,-1
775,74.91476690608486,63.34432022461768,0.9305588209785444,43.24663685917522,47.61205799443863,50.59766519030249,Abandoned Theater,Symbol,Secret Code,Ancient Prophecy,1,1,59.48287520448926,50.04706920703061,29.52561442150023,-1
776,73.50119048209238,63.8237397833994,1.331508199240572,50.55375805334443,48.71864466246031,49.90269462058888,Abandoned Theater,Logic,Secret Code,Ancient Prophecy,0,0,60.67359728513262,49.90373333674759,30.19435584004773,-1
777,75.8455705755298,63.85335434877129,0.4520067814767182,50.69742017457818,48.99357247964489,51.346791653589975,The Old Library,Cipher,Teleport Rune,Forbidden Magic,1,1,63.191287829163,53.38652835138603,27.934687931115903,-1
778,71.78417580132405,63.367425338691895,1.121427562885,46.23072800116415,47.46324701953576,50.75798405333544,Temple Ruins,Mechanical,Secret Code,Lost Civilization,1,1,58.54420938767872,49.33044599537672,29.723438986034505,-1
779,74.47033580651501,63.23083381588638,1.723653178608057,49.88858042436908,52.181785320382815,50.81891639702774,The Old Library,Cipher,Teleport Rune,Cursed Treasure,0,0,60.219062911435245,56.15738703635854,30.999550382618803,-1
780,75.68870288722192,64.34451414818304,1.5997216888385537,49.23567147045242,47.825134531115054,46.83931987067139,Abandoned Theater,Pattern,Teleport Rune,Forbidden Magic,1,0,58.9080596794511,54.56257989172842,31.584956552972443,-1
781,73.1742365292603,63.440355172098286,1.1557393838064491,48.11751108299637,45.5683886424984,53.32481848013453,The Old Library,Logic,Teleport Rune,Lost Civilization,1,0,55.75363805346878,56.32398760507078,29.94664382926153,-1
782,74.92815687072839,64.68782723007159,1.1819497797807064,48.38601150358623,49.90845109767234,53.5801629195389,Abandoned Theater,Symbol,Teleport Rune,Cursed Treasure,1,1,59.9107298498208,54.92878248453405,28.326235255780546,-1
783,73.83785803021291,63.90392916273431,1.4856282526988511,48.63716496761268,49.00184886371025,58.61101684473053,The Old Library,Math,Secret Code,Lost Civilization,1,1,58.08619612499085,55.01942068198928,27.37603608474597,-1
784,74.14004386504314,62.65967140422905,1.5995461920947949,48.98476530575934,48.44133568150679,54.2158524941639,The Old Library,Pattern,Secret Code,Forbidden Magic,1,1,58.565061435407394,53.01364802576353,28.29476760429377,-1
785,75.44498597061794,62.77470112775431,1.1625445067756226,48.64335502085849,47.39910254825382,51.75852745070464,The Old Library,Pattern,Teleport Rune,Ancient Prophecy,1,0,62.10357907006704,51.67425021112614,28.157044103545765,-1
786,74.68727513870789,62.53873685275537,1.2557060986547337,42.82974865484554,48.68922193453144,49.99821255381645,The Old Library,Logic,Teleport Rune,Lost Civilization,1,0,60.39913770729012,52.7014114820876,26.927931043598758,2
787,72.44501096791541,64.47811524244314,1.1597531003960506,47.59492640172935,50.53048159326153,52.759308850501846,The Old Library,Pattern,Secret Code,Ancient Prophecy,1,1,55.27475126876144,52.83287193787893,29.56024289521257,-1
788,73.49306543645574,62.84988090255649,0.933700994678106,49.687622511757965,48.407198428899925,54.1218072234814,Abandoned Theater,Math,Teleport Rune,Cursed Treasure,1,0,58.581264803570456,54.45119349818194,26.628973260348623,-1
789,75.43492646639369,62.45082278747168,1.270742003277112,48.85620828475251,45.9025271221166,51.74162845170239,The Old Library,Symbol,Teleport Rune,Ancient Prophecy,1,0,59.05140802466883,52.28038654244814,28.03263335529683,-1
790,74.89860891770586,63.56343646796304,1.2514554562257378,53.14538785170241,42.93041148307071,53.15254006587143,The Old Library,Logic,Teleport Rune,Lost Civilization,0,1,61.51259899013957,52.879992644391,25.45170243759484,-1
791,76.18785305073554,63.14085329686344,0.965618161137167,51.483928180425735,48.69018362495392,57.74338523514705,The Old Library,Sequence,Teleport Rune,Lost Civilization,1,0,56.62533490661672,59.58409458135297,28.13560447954547,-1
792,76.11239225985236,63.52695004608787,1.5412222384232848,44.03829299055941,46.63741216271555,52.039724682402095,Temple Ruins,Cipher,Secret Code,Lost Civilization,0,1,55.95724728299368,52.990247887095705,30.68862615562931,2
793,74.07750273072635,65.11655574160561,1.4959894014775856,47.56403730232937,47.969688046720805,48.283061113018775,Abandoned Theater,Math,Secret Code,Forbidden Magic,1,1,58.480722963057815,55.80304421234767,28.05268403719256,-1
794,76.9129649670968,64.13417214181014,1.563312823974026,46.84730848522692,46.90865173653111,55.183716968478585,The Old Library,Symbol,Ancient Map,Cursed Treasure,0,0,61.77420193443678,54.16738009347153,30.270254268236517,-1
795,74.42416233810317,63.24247060237423,1.1277877930158484,48.38905495150035,46.80395208474485,53.78580361453764,Abandoned Theater,Maze,Ancient Map,Cursed Treasure,0,0,59.32179536321915,55.94570835188364,26.20862200514626,-1
796,73.42694594432065,61.8013946101327,0.7667562468201546,48.40268272917567,46.98048803387135,48.727519971855216,The Old Library,Symbol,Ancient Map,Cursed Treasure,0,0,59.91998653146049,53.13399050042295,26.545764666022595,-1
797,73.74588282697066,62.70421269752838,1.505656198514436,51.48197711912942,47.11920608977775,54.069109193190734,Temple Ruins,Math,Ancient Map,Lost Civilization,1,1,60.08673958729519,52.77394468383943,29.418516564432483,2
798,72.1126823050682,63.90957777187175,1.1698586070199044,49.3177763233146,49.29902917093685,50.50534112715563,Abandoned Theater,Math,Ancient Map,Lost Civilization,0,1,60.61552142752353,59.18154342209099,30.04010839108877,-1
799,75.96628773929179,62.021846398507,1.105534988864907,54.59061194775868,48.99833303810306,54.103306005911016,Temple Ruins,Sequence,Ancient Map,Forbidden Magic,0,1,64.92873132556703,51.49558979608501,29.290561086665495,-1
800,75.94386874409447,65.32821281765877,0.999269752313456,49.6496416928948,46.32911231421131,57.768158773010725,Temple Ruins,Math,Ancient Map,Forbidden Magic,1,0,58.940287979994125,54.60789308871455,29.639397297380864,-1
801,73.32341414391341,63.19601350150752,1.2974461929709338,44.29839914387645,46.53675763627293,52.55757666414195,The Old Library,Math,Teleport Rune,Ancient Prophecy,1,1,59.05085890908608,55.37752584516285,28.406038599985777,-1
802,74.10082902626274,63.224799104078095,1.8569052400102897,46.12166103318817,48.71634267411324,55.708177997591214,Abandoned Theater,Sequence,Ancient Map,Ancient Prophecy,1,1,59.313234822648205,52.36435993518363,30.53078496020393,-1
803,74.41408959571883,62.50365866443176,1.235742908390732,51.48370851303601,49.72974930746837,49.928781705369055,Abandoned Theater,Symbol,Ancient Map,Forbidden Magic,1,1,65.10290260150904,55.22973511046671,31.66729796029231,-1
804,73.34787484249838,63.66139415528467,1.0641139710742014,40.40060748849429,49.71007952684832,49.2014521341558,Abandoned Theater,Mechanical,Ancient Map,Forbidden Magic,1,1,54.53323711401909,53.5460488497304,29.77346366025398,2
805,72.54284891373123,62.00100654777983,1.590318220640996,41.74871900460269,46.65341167396829,58.04342618098918,Abandoned Theater,Symbol,Secret Code,Ancient Prophecy,1,1,55.81685398755591,54.73785944052963,31.45627358031741,-1
806,74.0772937003951,65.31825233394837,1.450271187255604,48.53826598660228,49.64518518570196,53.76953753389084,The Old Library,Sequence,Teleport Rune,Forbidden Magic,1,0,56.94330874958601,57.60583671659475,30.38374040136353,-1
807,73.95624964439425,64.46506189487536,0.7663321731577064,53.24603601082768,45.50029227699977,54.59167485290335,The Old Library,Symbol,Ancient Map,Forbidden Magic,1,1,58.40168812568085,54.04543472582967,23.19807696057235,-1
808,73.87857311498529,64.12635735571025,1.60452712651243,55.03323462941509,47.863884314176026,55.88005575711344,Temple Ruins,Maze,Teleport Rune,Ancient Prophecy,0,0,61.6082423011059,52.46028051342659,34.83787415738548,-1
809,74.47933331528391,61.74598172001035,2.048069564759496,47.41914735964569,48.90230026738943,51.68046297550511,The Old Library,Mechanical,Ancient Map,Lost Civilization,1,1,59.32443103814227,52.21969595395655,31.438140281436084,-1
810,75.67574752487644,63.33617332662742,0.6330796053164874,53.81542471803586,45.05713813157123,55.06279089940667,Abandoned Theater,Logic,Secret Code,Forbidden Magic,1,1,62.63297811815298,53.31711637003245,22.739041713636787,-1
811,73.93272357987522,64.33419531972291,1.0462446603089792,48.87921257310517,51.318251399405774,54.683860405772045,The Old Library,Pattern,Teleport Rune,Forbidden Magic,1,1,60.062905374754806,57.07412942707726,31.278081865134677,-1
812,74.3958256538631,63.71256274186447,0.566119148164769,40.86737639658662,50.17266439430428,49.76298794804409,Temple Ruins,Math,Teleport Rune,Forbidden Magic,1,0,56.42643080564503,55.274486953388845,25.46050748485404,2
813,74.94179755984717,62.11169623401979,1.401811267428171,48.4906334409477,49.15681835860903,56.78246327853172,Abandoned Theater,Maze,Ancient Map,Ancient Prophecy,1,0,59.02719043079628,54.38536611953139,29.400847076717515,-1
814,74.75859247220555,62.45805917493269,1.7252480832842465,45.44302683739131,46.74249597118497,56.26715128994884,Abandoned Theater,Symbol,Ancient Map,Lost Civilization,1,0,56.54646606959689,53.76779843564687,30.5213870257729,-1
815,73.57952676292587,62.65056399935745,1.4635161435205493,53.13525971131939,48.09164375825528,49.79070690240568,Temple Ruins,Sequence,Secret Code,Forbidden Magic,1,0,58.685985362582144,55.16616158127695,29.61324755562587,-1
816,74.27980648793431,62.49340914562598,1.853202209564361,48.42225335653268,49.3832253196896,53.50071610365449,Temple Ruins,Symbol,Secret Code,Lost Civilization,0,1,58.98095634660451,53.22120950083376,31.377595005606587,-1
817,74.72042670209072,64.61997231430114,1.6885098314638125,42.16757496553198,46.51743346833937,52.42230065771764,Abandoned Theater,Maze,Ancient Map,Cursed Treasure,1,1,57.87658779459819,54.86724723482664,33.192134945193665,-1
818,73.03397160526923,61.16452651406616,1.9537336355438828,41.06506376412892,47.93458003550534,56.545768674814845,The Old Library,Logic,Secret Code,Ancient Prophecy,1,1,57.56147787557738,52.458834691080014,31.55929591283104,-1
819,75.41527666250575,63.73580466276759,1.7949005999607672,48.465221822039695,49.57476745551699,49.47346998470347,The Old Library,Symbol,Secret Code,Cursed Treasure,1,1,61.0064538636997,53.6541054839462,30.16813363713026,-1
820,75.5727200184483,61.781927734419895,1.329705403716749,36.47550450209263,45.97123413600732,62.00603756052632,Abandoned Theater,Sequence,Ancient Map,Cursed Treasure,0,1,59.40043689282823,54.465010857055454,30.25834430808168,-1
821,73.40772317664495,62.10732494425762,1.4743600263331862,45.99222211014729,48.71573324633473,52.56378957657032,Abandoned Theater,Symbol,Ancient Map,Forbidden Magic,0,1,55.89692435403602,55.199558058286286,28.81023151706153,-1
822,74.31352473156657,61.0531881434225,1.19749537687052,49.74464332731196,45.58894578295344,54.84611291545298,Abandoned Theater,Sequence,Ancient Map,Ancient Prophecy,1,1,59.0463370158454,54.26659846495244,27.3663205631594,-1
823,74.75146331844321,62.50821193403937,1.3926603461444895,43.31083874686757,46.809368570547775,56.46874583000701,The Old Library,Maze,Ancient Map,Lost Civilization,1,1,56.07352050273066,51.59022315606425,27.16607227592235,-1
824,73.55288042677988,64.56234266807206,1.4841676131519643,53.572273039295006,47.4723226227206,52.51000164207464,The Old Library,Sequence,Teleport Rune,Cursed Treasure,1,1,62.75798430658057,55.38972269434962,30.095698774821145,-1
825,74.56939722847929,63.31077972686366,1.4439087847692027,54.56377240008642,49.00365204959455,52.712645286011806,Abandoned Theater,Sequence,Teleport Rune,Ancient Prophecy,0,0,60.10582228072065,56.303010307557656,30.357021709089388,-1
826,74.2403071928802,61.84193824190172,1.87582165152473,43.5316236829631,47.186276268512295,51.74292276545343,Temple Ruins,Mechanical,Secret Code,Forbidden Magic,1,1,59.91372632550632,55.73240486954213,31.038406234634014,-1
827,72.59838106283195,64.051791624523,1.3778613140858391,47.13128275986179,48.42995791334326,50.7863359346722,Abandoned Theater,Pattern,Secret Code,Cursed Treasure,0,1,60.60398573310982,51.5049825560876,30.026460550378275,-1
828,74.51468782659217,64.26029225180177,1.2010532611683007,53.6013309502321,47.215002555226775,53.679647869481805,Abandoned Theater,Pattern,Secret Code,Lost Civilization,0,0,61.61608590794648,54.41943272702747,30.047317178939863,-1
829,72.94459106712118,63.127378404314086,1.2235644260738314,48.62767545373814,47.45416298939795,52.661833299562616,The Old Library,Maze,Ancient Map,Cursed Treasure,0,0,58.94117493184421,53.30156503323085,30.02752767842351,-1
830,74.97312311704478,65.0524249335284,1.6847472539082655,41.66815452448642,50.13035766279664,51.72656450418626,Abandoned Theater,Symbol,Secret Code,Ancient Prophecy,0,0,57.561610518541954,58.74445012484961,29.72535331329892,-1
831,73.35187588822673,63.83358368926679,1.0710457560444335,47.930262710699054,46.5333341724337,51.87259012991574,The Old Library,Pattern,Teleport Rune,Lost Civilization,1,1,57.75599227381291,49.57147578082818,26.201543584320937,-1
832,73.8509482506385,63.68901581847358,1.4354019892157446,44.388533419166144,49.40175214109425,54.44058363473285,Temple Ruins,Cipher,Ancient Map,Forbidden Magic,1,0,56.75235944847681,52.368028246423776,32.291229261967985,-1
833,75.37363944881749,62.197328327933,1.89777871696922,54.200457818519965,48.265803709945786,51.00609117662364,Abandoned Theater,Symbol,Ancient Map,Ancient Prophecy,1,1,61.18948756741786,56.05735581173499,30.15835628020308,-1
834,74.4868492704705,63.62244924212554,1.591079006935811,51.69540843243638,47.40848089565038,52.38258807901943,Temple Ruins,Maze,Secret Code,Cursed Treasure,1,1,63.84948887297141,53.07797083819907,31.05235104484158,2
835,72.90008113799978,63.206185773107336,1.4846884986944786,47.10322916766456,46.44997251873259,55.24666847947277,Abandoned Theater,Logic,Teleport Rune,Forbidden Magic,1,0,55.78730700316687,50.931404785535584,30.8427053946419,-1
836,72.95370637322628,63.50356727487332,1.5000672344275496,49.389006188678806,46.56138100648042,53.61806367517325,Temple Ruins,Math,Secret Code,Forbidden Magic,1,1,58.99814412809139,56.78884757677172,25.997798845933968,-1
837,73.35836860262062,62.29349648756815,1.205740601372058,42.14389676218066,47.17727990453825,50.37610183410348,The Old Library,Symbol,Ancient Map,Forbidden Magic,1,1,58.08080211860137,50.17727412775448,27.59892489635709,-1
838,74.34134459072936,63.10052490349012,1.261238358457931,44.921842154391705,48.06471099282934,52.940322328132574,Abandoned Theater,Mechanical,Secret Code,Ancient Prophecy,0,0,57.51260771807042,55.82738174232144,30.707377198632827,-1
839,74.29401021567556,62.149908529358754,1.463592016931015,56.46333645506635,49.19963531935393,54.09255405285742,Abandoned Theater,Pattern,Ancient Map,Ancient Prophecy,1,0,62.3475718084084,50.22435077540432,30.16023798534574,-1
840,73.08159887521391,60.81398205817728,1.6072949154257972,48.97071110840077,47.84862324755844,55.473180478090605,Temple Ruins,Mechanical,Ancient Map,Forbidden Magic,1,0,55.530969032281696,49.25444947009503,29.545140808630894,-1
841,72.74646346787124,63.95376299352398,1.8141230236649477,53.35975044804088,47.95366005355883,51.11155333313775,The Old Library,Cipher,Teleport Rune,Forbidden Magic,1,0,62.30588950776537,54.7586487521377,32.895551683379814,2
842,74.18420923555367,61.44741386839626,1.56120953100772,49.87555668461934,48.18231802207234,51.60367569324716,Temple Ruins,Pattern,Teleport Rune,Cursed Treasure,0,0,61.73548996960018,50.95303521183099,32.54380864700413,-1
843,73.70969985411847,63.05133391845091,1.9430350222682051,55.2930565063876,49.02817966110149,51.26210002819951,Temple Ruins,Math,Secret Code,Lost Civilization,0,1,60.61688506564007,54.48623980865951,30.929410431123568,-1
844,76.03769121852646,63.271494385246754,2.022521481805274,38.73360189734419,49.2849597696866,51.38619950152053,The Old Library,Math,Secret Code,Forbidden Magic,1,1,55.48302356970899,57.751127840180025,36.2668273732248,2
845,73.90597582999632,63.25940029243979,1.7832992188839372,47.792830120080765,46.24208230275826,54.01251178924279,Temple Ruins,Sequence,Secret Code,Lost Civilization,1,1,60.26723082919584,53.21996888373224,26.68580456134864,-1
846,75.67250338431094,62.64410346250983,1.915967911963316,56.96394095214592,47.90422589258582,54.48622282470912,Temple Ruins,Sequence,Teleport Rune,Ancient Prophecy,1,1,60.19644538362621,56.68729224306201,28.60175790179519,-1
847,72.67672699232746,63.19273952977338,1.25501111050652,53.52700077114728,50.17328379712444,55.62725873220771,Abandoned Theater,Mechanical,Teleport Rune,Ancient Prophecy,0,0,57.654888294921456,54.918157938907775,29.19792724707812,-1
848,72.26273944533686,63.3868409216186,1.2112141934775709,55.37908194132807,46.36286993357131,52.772062727310576,Temple Ruins,Logic,Teleport Rune,Forbidden Magic,1,1,59.86414926746317,55.55510748069536,27.357232874804776,-1
849,72.70469091766753,63.645184763979934,1.715111410101192,48.72447090526361,48.45342347772546,49.48669261305131,Abandoned Theater,Sequence,Teleport Rune,Forbidden Magic,0,0,61.27623895615563,49.53584837575743,30.50962828433685,-1
850,75.00271147812981,64.63800770315987,1.161098580318837,46.07882118518873,48.09062450419197,54.673675411143655,The Old Library,Symbol,Teleport Rune,Lost Civilization,0,0,60.106436954305146,56.137339685748,27.62069626512455,-1
851,75.558471024581,63.13310727007219,1.480088487832372,43.63457650549283,47.50184548721292,53.39785919601896,Temple Ruins,Sequence,Secret Code,Lost Civilization,1,1,57.13146522641787,54.6590713574249,28.220054949888578,-1
852,73.00895992158961,62.95730907773711,1.8022923076517012,43.291790030717486,50.743033109151085,53.14992369829001,The Old Library,Sequence,Ancient Map,Ancient Prophecy,0,1,53.428717079138,53.49858447227468,32.14006097451283,-1
853,73.31932559977272,61.98087876095686,1.998677273912824,52.81775111904632,48.417144907818205,49.79149127922194,Abandoned Theater,Maze,Secret Code,Cursed Treasure,0,1,59.91996152284116,56.86110592666396,31.023588754001118,-1
854,72.59964539771131,63.31790194332969,1.502127115125079,51.35450750346507,50.63367256843447,52.510410340986645,Abandoned Theater,Pattern,Secret Code,Ancient Prophecy,1,1,59.46898306146951,53.46284910537807,32.68920022072405,-1
855,71.94570367483824,63.543687035322456,1.387130476625628,48.46157506295872,48.38049114045302,50.0158630346857,Abandoned Theater,Mechanical,Secret Code,Cursed Treasure,1,1,57.56033456061295,50.938930709105655,29.799996406325725,-1
856,74.46445508081959,62.67834950037076,1.6819695362860878,51.3413717475474,49.067561046082,54.2049124711144,Temple Ruins,Maze,Teleport Rune,Forbidden Magic,1,0,63.69386793321932,55.25227094696941,30.81933307852928,-1
857,73.95774630572858,63.40961440111512,1.2674804195700446,49.51863952821464,47.51650323645855,51.9252649282404,Abandoned Theater,Maze,Teleport Rune,Cursed Treasure,1,1,58.966385862684646,51.04267810320232,28.683935986653157,-1
858,73.73387947555472,62.56683539555625,1.541267167963047,53.623417586184026,47.538384583036766,51.70116400908861,Abandoned Theater,Mechanical,Teleport Rune,Forbidden Magic,0,1,55.7631122128365,53.4576353081244,32.16258369731256,-1
859,72.31198342814582,63.52469443335073,1.5945527539603357,53.58169727712873,49.00676719544203,49.15711129227742,Temple Ruins,Math,Teleport Rune,Ancient Prophecy,1,1,58.64742012367333,56.94836806826808,29.91478158650007,-1
860,75.34062821397123,63.7606548075136,1.592254062243091,43.49481349135798,49.039543997511615,55.5677396742101,Temple Ruins,Sequence,Teleport Rune,Forbidden Magic,1,1,59.16211013288499,55.437323793961845,28.342005396372866,-1
861,73.1859295675894,63.74103161258453,1.6308910691540957,50.198320480764544,49.30026132720281,52.35358842192661,Temple Ruins,Logic,Secret Code,Lost Civilization,1,0,59.74484850228695,53.98399803016937,29.21896544961436,-1
862,74.21151082303841,62.954599884594,1.357670402744708,40.491649391185774,48.97361197701608,53.2174519258444,Abandoned Theater,Math,Ancient Map,Forbidden Magic,1,0,56.32104473870871,53.160689824649225,29.451445200539357,-1
863,72.21190451723554,61.79113979974116,1.3936056498991294,49.506965471147055,46.40930777551861,51.161274773268616,Abandoned Theater,Maze,Teleport Rune,Lost Civilization,1,1,57.49479597953979,55.066344672250494,29.742082876901083,-1
864,73.46450580154593,62.21354789200505,1.3912410042707857,51.8692478482494,47.20976146712787,48.87356235008336,Temple Ruins,Cipher,Ancient Map,Ancient Prophecy,1,0,55.640232065805904,50.551605864047055,30.929459792295926,-1
865,73.93495417343222,63.41497188227758,1.1330133534738729,42.28498041606681,49.69963472028826,51.67093602955686,Temple Ruins,Cipher,Teleport Rune,Lost Civilization,1,1,57.21800814132244,55.88051740714795,32.67914745904864,-1
866,73.95918743169257,65.26298111840833,1.7252497536954727,46.77710016501968,45.49245873989958,52.07114665556821,The Old Library,Symbol,Ancient Map,Cursed Treasure,1,1,57.73139695636352,59.169796076061154,31.125538528755644,-1
867,73.77527713697572,62.46780295601026,1.8947499157025556,48.91286843349262,48.8745344300566,53.73190005228711,The Old Library,Sequence,Secret Code,Forbidden Magic,1,1,59.43752657632013,54.58924246505993,30.250370952115084,-1
868,74.10365146293731,63.25871700147104,1.8688905415319572,50.0406198279094,48.27330047603783,52.11241897277717,Temple Ruins,Sequence,Teleport Rune,Lost Civilization,0,1,60.45695537417578,53.45972523786693,31.20576065381545,2
869,72.467093002608,62.24118306187526,1.5548859011385625,47.483821412968894,49.721020653352944,51.204127850756805,Temple Ruins,Math,Secret Code,Lost Civilization,0,1,60.20753896954474,53.192901466892906,26.752733430318344,-1
870,73.7834547761463,61.817625592171005,1.3939632292713244,43.021179825366914,49.07713692243838,49.24165150714416,The Old Library,Math,Teleport Rune,Ancient Prophecy,1,0,55.26529661067011,52.127004541778376,29.49134066106741,-1
871,73.68829290443202,62.1096345307617,1.86418122843098,48.61835120220479,47.46182197108623,53.12113373855687,Temple Ruins,Logic,Ancient Map,Forbidden Magic,1,1,56.21051679428922,51.66701843392437,29.977422108936807,2
872,73.794645407592,60.69783693646611,1.8361777638134245,40.63292195850971,47.39938442850598,51.00859951557283,Abandoned Theater,Logic,Secret Code,Lost Civilization,1,0,55.31873036985931,52.20391413614625,26.418352491512408,-1
873,73.6237400095357,64.12810327587154,1.7133328524230285,47.7366711391315,47.68488111105188,56.30201633441425,Abandoned Theater,Cipher,Teleport Rune,Ancient Prophecy,1,1,57.02405885734825,55.78561758330711,34.910843117543926,-1
874,72.26658876782373,60.538898060861214,2.1749974141348507,46.69873472223283,49.34482735618197,53.37536665334525,Abandoned Theater,Cipher,Secret Code,Forbidden Magic,1,0,55.71875452793153,55.46774109837001,32.61643583985188,-1
875,72.21039333432775,62.49956100525317,1.6473651322297047,48.23998482149901,45.02711825049923,54.40525710008248,Temple Ruins,Mechanical,Secret Code,Lost Civilization,1,0,60.68804432878285,48.84203640460061,24.888599307990347,-1
876,71.3023013550588,61.579623103293656,1.5818057110928794,46.12039962007773,48.72224333076704,52.37802833427707,Temple Ruins,Maze,Ancient Map,Lost Civilization,1,1,56.91433244213518,47.97209165895575,30.140063714615017,-1
877,74.32246552987941,61.86773340742633,1.5424983883617702,41.38428754721679,47.16738697647981,53.50320072441978,The Old Library,Sequence,Secret Code,Forbidden Magic,1,1,60.953552507348846,56.00104964468143,33.055227502309286,-1
878,74.32093514836916,64.12299978786687,1.1977419178356608,47.096643268396,48.78398568424095,50.773211710574365,Temple Ruins,Cipher,Teleport Rune,Cursed Treasure,1,0,58.71541322349077,54.757170509521856,32.997158680754666,-1
879,74.3251598030367,62.94190852473094,1.8679594192244653,53.5881145237248,49.02030237247895,50.05445293582599,Temple Ruins,Cipher,Teleport Rune,Forbidden Magic,1,1,58.32777734080753,54.08241396751716,32.09872990540376,2
880,73.77671671725476,61.76981070335443,1.641454376103642,55.246957830592805,46.015917735811456,53.03782769337139,The Old Library,Logic,Secret Code,Forbidden Magic,1,1,59.22376821113516,53.44464261678729,29.766531868406467,-1
881,71.32511026521377,62.140055999171786,1.8296120695042524,61.14195099236098,48.17498873621248,54.42597913800269,Temple Ruins,Sequence,Secret Code,Cursed Treasure,1,0,63.18656215092447,52.75931758302861,33.857129191951984,-1
882,72.41980731995015,61.958459141680926,2.232718762217565,57.4091432959858,48.75455341363429,48.13547057484605,The Old Library,Symbol,Teleport Rune,Lost Civilization,1,0,58.40692390684478,57.07214525986254,33.00712791610584,-1
883,73.6052072744443,62.67476290184496,1.5664422483996312,42.97179913414074,48.659061143905824,51.7522412729899,Temple Ruins,Symbol,Secret Code,Forbidden Magic,1,0,58.17041739343656,54.5878036953192,31.51586722859989,-1
884,73.55856973685931,62.88556947187854,0.9857671356261294,46.919884124009045,48.34980119979016,57.60530526972098,Temple Ruins,Mechanical,Ancient Map,Cursed Treasure,1,0,57.49760202101297,52.79465843547146,29.79714927362183,-1
885,73.18854934616063,64.6026227948691,1.834982187139234,48.85371315966053,46.7077663686474,54.19806887917489,Temple Ruins,Maze,Ancient Map,Cursed Treasure,1,1,56.70959241026501,53.847024020061696,28.541939529005603,-1
886,73.76844665156179,60.78511853158812,1.7441993746296098,48.54539719794505,46.9421788957082,56.844115084226246,Temple Ruins,Symbol,Secret Code,Ancient Prophecy,1,1,61.59772661461703,51.65095668227957,33.52142160393994,-1
887,73.39939922598006,62.66097932017789,1.4778748340399726,49.326403876869335,46.48410140868687,51.41488762052854,Abandoned Theater,Mechanical,Teleport Rune,Lost Civilization,1,0,57.6604286260088,51.60529418236688,27.39417306953908,-1
888,73.49672235012888,62.37459736116151,1.8202490971495424,61.02222100765702,49.388320240926745,51.8552355875139,Abandoned Theater,Symbol,Ancient Map,Forbidden Magic,0,1,60.7495576631737,56.91885694194116,30.707573238503567,2
889,72.72507733114603,63.63108810158471,1.9403448558959724,43.5795186490129,48.39000303685363,55.41683330086127,Temple Ruins,Logic,Secret Code,Cursed Treasure,1,1,56.55111583428583,54.46767909078918,32.15602554255748,-1
890,74.3343309592285,63.03373333362757,1.4239681179307435,45.42761897177437,48.491864660364485,54.558800888445816,Abandoned Theater,Sequence,Secret Code,Lost Civilization,1,0,57.21240888138568,51.48098506515491,31.8210075513437,-1
891,72.90971232002727,63.26365420654841,1.6209748360504692,57.21988836629077,46.01741725937837,52.76403855985079,The Old Library,Logic,Secret Code,Ancient Prophecy,1,1,65.34176570310333,54.29844552492105,30.847417881364454,-1
892,71.99798556463509,63.01275612882545,2.1578117945436386,45.92632184288451,48.5314437019209,49.84371047682874,Abandoned Theater,Math,Ancient Map,Forbidden Magic,1,0,59.09740247839757,56.69330399972045,32.798169669928605,-1
893,72.54577323413847,61.73005794328183,1.5016980829540942,50.97958742327291,49.538521425467714,55.89212990556727,The Old Library,Logic,Teleport Rune,Cursed Treasure,1,1,57.63995532255463,55.24037759283548,31.34439262653025,-1
894,72.95643065238579,63.86769489217275,1.74157232196855,54.19041239642357,45.831551701985205,59.27557036881928,The Old Library,Sequence,Ancient Map,Ancient Prophecy,1,1,59.08030788784168,52.35407579390174,32.02864461009136,-1
895,74.28701134366032,63.44931584874615,0.9376220982172544,51.45504775983651,47.79747412788312,49.07033452925812,The Old Library,Symbol,Teleport Rune,Ancient Prophecy,1,0,55.96982458401167,51.75587332742169,27.666012311715946,-1
896,73.23883950054484,63.56072352561499,1.2837530561502446,49.986793715813846,46.25135935524086,56.50904787437359,Abandoned Theater,Mechanical,Teleport Rune,Ancient Prophecy,1,0,59.214149117253946,56.59742290933473,26.636581168128185,-1
897,73.08304557336396,63.90362795543446,1.7789102286983047,53.72641800937557,47.98278643950261,51.82924714335657,Temple Ruins,Mechanical,Secret Code,Lost Civilization,1,1,58.47363406095342,51.08047614108816,29.901178456507825,-1
898,72.00860412822108,63.051638217857366,2.1033864195375798,44.57340571693489,47.2680750443188,52.16632837240463,Temple Ruins,Logic,Teleport Rune,Forbidden Magic,0,0,56.75320695633299,54.33159687986938,33.866144516161164,-1
899,74.0308114885375,64.10934215480124,1.3297029036740255,46.56230290997682,49.19730619729074,53.67409871884583,Abandoned Theater,Symbol,Teleport Rune,Forbidden Magic,0,1,54.454629576307084,53.57895015423309,28.29499099668053,-1
900,72.58142579336754,63.00037727710359,1.7639892040234757,51.72766226873841,48.88620894171645,49.98619180215,The Old Library,Cipher,Teleport Rune,Forbidden Magic,1,1,59.01364148466416,56.50479197405574,28.363373889069525,-1
901,73.12138695810147,62.398068413030266,1.632199047179309,38.70761950179406,50.57603932437706,52.90715388763904,Abandoned Theater,Math,Secret Code,Cursed Treasure,0,1,58.88246063786609,51.68438729840108,31.208438488037604,-1
902,74.68962270267568,62.60491374735929,2.0341213408645284,56.14306208009933,48.56412540641798,48.97186593049457,Temple Ruins,Logic,Ancient Map,Ancient Prophecy,0,1,61.76497456809985,51.94332682489278,32.26785347885971,-1
903,73.70621582294274,62.58206592748444,1.3861203206370831,50.58241769051663,49.15945956804451,54.19020622444551,Abandoned Theater,Mechanical,Secret Code,Forbidden Magic,1,1,57.84909042681954,54.87339505658702,31.845207669693483,-1
904,71.5571994859938,62.08091181223343,1.8837366922242775,49.83591310683271,47.82167842148704,58.58430509490792,Abandoned Theater,Mechanical,Teleport Rune,Cursed Treasure,1,0,57.844160173826445,54.61200568141442,28.530233191690108,-1
905,71.40393263337211,64.22658684225351,1.561843789739275,40.92347415199702,47.0101804147114,51.401171277090846,Temple Ruins,Sequence,Teleport Rune,Cursed Treasure,0,0,54.990904353250194,57.079840473529,30.445409210556875,-1
906,73.09711016842067,62.8853896597275,1.8280853299090107,42.648262771006415,49.92348463317473,52.57814165427072,Temple Ruins,Symbol,Secret Code,Forbidden Magic,0,0,61.036411213866906,54.95032396198343,34.576601645690204,-1
907,71.93664628399432,62.67823053109876,1.7850613099646466,47.09364558650508,50.54281286600422,52.70130455981813,The Old Library,Mechanical,Secret Code,Cursed Treasure,1,0,56.624397587906735,54.682293160195314,30.7769612710587,-1
908,73.78588857717253,62.96616555185079,1.6920413065626956,53.1289543133898,49.743028726513785,55.46617148497751,The Old Library,Math,Teleport Rune,Ancient Prophecy,0,0,57.80363283387474,56.12315391018607,31.802967012147715,-1
909,73.1675485944556,65.55214655584625,1.9140963983315105,38.71395179043883,48.88802771372724,54.01393092262951,Temple Ruins,Sequence,Teleport Rune,Cursed Treasure,1,1,55.55763104225988,52.922889575726245,27.79921636468402,-1
910,73.27860288679652,61.43497011312488,1.787011080753738,53.04406827219805,47.23671087956747,55.30086502587982,The Old Library,Maze,Teleport Rune,Forbidden Magic,1,1,60.27144868941593,50.692518458379006,32.51272717862229,-1
911,72.39439653190341,61.71605959295342,1.737220206349927,47.307285683773294,50.41698435557608,51.73441166199407,Temple Ruins,Cipher,Secret Code,Forbidden Magic,1,1,58.75341555698235,50.71104548741378,33.74856573459393,-1
912,74.8304340913652,61.17493245039111,1.673268214791235,47.99550858752255,49.58052202541345,54.08392251204949,Abandoned Theater,Math,Secret Code,Lost Civilization,1,1,60.80843673153866,47.3671807042657,31.44337829997739,-1
913,75.9195441327573,62.3173111726823,1.8065878333752217,50.385759909322566,51.75531686487528,44.58048566766036,The Old Library,Symbol,Ancient Map,Forbidden Magic,1,1,64.57850662347074,55.65749666895517,30.44944742551084,-1
914,72.78625501527623,62.78983739771847,1.8530204085972737,50.46953623429333,46.99312873638152,54.66865642997257,Temple Ruins,Pattern,Teleport Rune,Ancient Prophecy,1,0,57.62128647610866,56.21088215647423,32.2424125186546,-1
915,73.40575780693898,62.07340659919371,1.4927474578156992,45.56594752598176,50.02540480546577,49.95551822801184,Abandoned Theater,Cipher,Ancient Map,Cursed Treasure,1,0,56.340139453601545,54.5684555092825,30.49369636930044,-1
916,73.13800432597526,61.99341412226799,1.6877149827985674,52.25776692690167,49.56202975233155,52.18101529625019,Abandoned Theater,Symbol,Secret Code,Ancient Prophecy,1,1,55.85185971934636,54.0679441170532,25.971110140538052,-1
917,72.7687582685464,62.66995924953925,1.479050203365148,37.54133736415849,48.232168553746405,54.86312777161052,Temple Ruins,Symbol,Teleport Rune,Ancient Prophecy,1,0,56.24696370380684,53.68533006224547,31.58871005507728,-1
918,72.18422265791591,62.0198617000384,1.7866851792935896,46.89133077200023,50.79782531882734,49.15977541845023,Temple Ruins,Sequence,Teleport Rune,Lost Civilization,1,1,55.60330409547132,53.68375594573397,34.8728849955384,-1
919,71.9191630964095,62.82656219332677,1.6239549783396183,49.916916715982346,49.36247851802931,55.723581995555065,Abandoned Theater,Symbol,Ancient Map,Cursed Treasure,1,1,59.91010143246965,57.24153610248909,33.85567074016191,-1
920,71.8563618612803,63.62503927332843,2.0358882606210478,47.42882956531597,47.36053306872852,52.68923797177819,Abandoned Theater,Pattern,Teleport Rune,Ancient Prophecy,1,1,56.359196159191285,57.10800403683478,29.269813809284592,-1
921,73.38501740013774,63.18225569583567,2.009452758191383,40.024078400872725,48.59529978842484,56.63278871571809,Temple Ruins,Mechanical,Secret Code,Forbidden Magic,1,1,59.4901499038652,52.77657779206407,28.50187296419911,-1
922,72.44791146932377,63.38066063149115,1.533773947069208,52.95380612385844,47.35647955475014,50.742889602410536,Temple Ruins,Cipher,Ancient Map,Forbidden Magic,1,1,56.487874940791656,56.05536303829436,28.992565279229154,-1
923,70.3770921158664,63.57998953279447,1.8128524978543292,42.926755000851685,48.08397726135407,48.46803068913263,Abandoned Theater,Symbol,Ancient Map,Ancient Prophecy,1,0,57.15013277648073,56.58164306429153,32.329127678074336,-1
924,73.38803277110446,62.7713249168613,2.008028027074505,48.83613436941492,49.84949661507783,52.92763321165491,Abandoned Theater,Logic,Ancient Map,Forbidden Magic,1,0,60.49134509911273,55.21061342430975,31.071278959421303,-1
925,72.89269353913303,62.32428318446332,1.766790909011561,49.94387324418649,50.28469834865856,54.46769016961811,Temple Ruins,Symbol,Ancient Map,Ancient Prophecy,1,1,59.771930973664205,54.4590993244218,29.02744398130257,-1
926,74.26539890134536,61.7051004315055,1.6038103337821996,49.282817377796725,49.13965888717631,54.67734234702555,Temple Ruins,Math,Teleport Rune,Ancient Prophecy,0,1,57.10955715617116,53.72804798646558,32.43420994547363,-1
927,73.2796103033931,62.08060648855665,1.4974283888767137,55.03370307886982,47.6898042504327,50.16127966018191,Abandoned Theater,Math,Secret Code,Ancient Prophecy,1,0,61.54017874631391,50.03035666893801,29.144201997086878,-1
928,71.41556736520496,61.942532147036886,2.0842850782765856,48.92728797277526,49.39442831092163,48.93841732470023,Temple Ruins,Logic,Ancient Map,Ancient Prophecy,0,0,57.78127629254896,50.09729147382886,34.279532930439295,-1
929,70.65230854578665,63.19232493136349,2.101655460843425,51.33581559420912,49.91423705106676,52.21919006524609,Temple Ruins,Symbol,Secret Code,Ancient Prophecy,1,1,54.13161738490941,55.78405763778851,33.395333754558244,-1
930,72.1502483179883,62.80187200165589,1.7712751259489048,48.9239416699354,45.87811455102451,54.29110997618898,Temple Ruins,Mechanical,Secret Code,Lost Civilization,1,1,61.083877471242914,50.93617474450743,29.691947390993413,-1
931,72.23234020935647,63.14628608916152,2.066299592647304,52.27315098069817,49.01816742885976,54.1644669552658,Temple Ruins,Mechanical,Secret Code,Lost Civilization,1,0,58.33012658798934,51.22746301546765,32.64601012088357,-1
932,73.7883252918793,61.28363210656821,0.9496749332329334,56.18074122073224,48.565354050106656,56.93031584118036,The Old Library,Logic,Ancient Map,Ancient Prophecy,0,0,64.08965293339602,48.46067227724041,27.364486013485333,-1
933,72.82400527379819,63.87016115972848,2.240264967446096,49.90585350220358,50.28841735702956,52.06636199645646,The Old Library,Sequence,Ancient Map,Lost Civilization,1,0,58.53083631473602,53.81538215975172,33.18818370381159,-1
934,73.95426659513137,62.00587601315279,1.7976561588024518,53.13226119811634,49.44361805265802,48.38775890443828,Abandoned Theater,Mechanical,Teleport Rune,Cursed Treasure,1,1,62.2768904431112,54.04150917316361,29.7098714237716,-1
935,71.4834388294499,61.32728646785829,1.889993988993528,56.50450456829537,49.59886765426247,55.991666095710585,The Old Library,Cipher,Ancient Map,Forbidden Magic,1,0,58.12236444467798,53.75871568498109,33.32610867656916,-1
936,73.7612220763453,61.982534106226765,1.7540073614512983,56.01861703309968,48.15675127397713,53.48798828527688,Temple Ruins,Pattern,Ancient Map,Cursed Treasure,0,1,61.49118826439406,54.72031434427237,33.5894793747584,-1
937,73.50462479249767,64.89996868032766,2.271556664675656,47.31107009753673,48.88939460469867,53.70546977625228,The Old Library,Cipher,Secret Code,Forbidden Magic,1,0,58.58397989101496,54.42485965078251,32.52996534583712,-1
938,70.7530717367015,62.02293871324254,1.537286605730318,54.42448561708629,50.30976533184219,54.91772598026646,Abandoned Theater,Maze,Secret Code,Cursed Treasure,1,1,58.13198667236152,53.69256839147513,35.036228337308906,2
939,74.08158628217444,62.08001409527854,2.3004856435496674,50.49097175917302,48.804260526814,56.15910897592165,Abandoned Theater,Math,Secret Code,Forbidden Magic,1,0,57.85779766922723,54.908498082504416,34.35722879206381,-1
940,72.84008203100213,62.20746298786819,1.97964990411272,54.83804345842096,49.17094796789413,52.9424500396245,Abandoned Theater,Symbol,Teleport Rune,Lost Civilization,1,1,54.0218607944487,54.30736974473907,33.02042275572996,-1
941,73.12631576886766,62.2454065212519,2.050168455397613,52.0998292810701,46.61239231104148,55.94137908332017,The Old Library,Pattern,Ancient Map,Ancient Prophecy,1,0,57.81421942865445,51.72452481506808,32.816906340833924,-1
942,71.85701562774831,61.6070122292012,1.7671877170354422,50.63974501210485,48.8209238020795,54.38034066035446,The Old Library,Symbol,Ancient Map,Cursed Treasure,0,0,59.70715110743191,53.48838327417017,33.42942858923706,-1
943,73.98479209973505,62.5261649423501,1.476042407959194,51.43599866998694,45.91316033240637,51.36104402173,The Old Library,Symbol,Teleport Rune,Ancient Prophecy,1,0,57.03121576305678,48.982484709471805,27.951601947306017,-1
944,71.51131909778424,63.45301252498737,2.150199518611872,50.54704704496494,48.16439009492123,52.41690381957872,Abandoned Theater,Symbol,Ancient Map,Lost Civilization,1,0,55.69463829250279,54.05023289621727,33.792640117804794,-1
945,73.51688290136485,62.68617490308967,1.9669858118987609,50.74722683969619,49.04134839220795,54.54186005849626,Temple Ruins,Pattern,Ancient Map,Ancient Prophecy,0,1,56.46457217599836,52.45178808913439,34.481886808564575,-1
946,73.49301105287726,61.25519049237519,2.2845461144328825,48.48608950564315,50.10410930173981,51.22793808939026,Temple Ruins,Sequence,Secret Code,Ancient Prophecy,1,0,59.05940971604041,55.93660863097871,33.43148463464698,-1
947,71.6858422031028,62.01648234250549,1.8204005621290087,48.02630463794048,47.462331502042375,55.21614775534113,Abandoned Theater,Mechanical,Secret Code,Lost Civilization,0,1,55.63258354305731,50.949555709947646,31.02224566284908,-1
948,74.63098276771717,61.803775575650896,1.755216895897134,58.1054613507669,49.52912604712861,53.39545875211802,Abandoned Theater,Mechanical,Ancient Map,Lost Civilization,1,0,64.65091402026066,53.40182528320504,30.2509149564266,-1
949,72.86673079069364,62.402719464091376,2.2998439625405567,51.68187194552205,51.17888831496006,53.95404559774955,Abandoned Theater,Mechanical,Teleport Rune,Lost Civilization,1,0,60.69383947231135,53.0600157845802,33.80272352635467,-1
950,73.27668179060254,63.674710998946935,2.459395115209375,46.43233878066895,48.02260060203531,56.60126330887538,Abandoned Theater,Sequence,Ancient Map,Forbidden Magic,1,1,58.29595883646413,53.0603676606944,33.149498937360775,-1
951,71.08324910509887,62.18985819394084,1.891018448373364,47.91639254501816,46.6707248794398,53.8914171939405,Temple Ruins,Mechanical,Ancient Map,Lost Civilization,0,0,57.63276655971647,53.62170946268952,29.091042618416207,-1
952,74.71567459642864,62.24507013433428,1.6647523955118018,54.58937358093373,49.43367158139162,53.17852963478828,The Old Library,Mechanical,Teleport Rune,Forbidden Magic,0,1,59.680320686837895,52.62187675770255,31.249950534105157,-1
953,71.36095644175687,64.10535620554128,2.1360820074787057,45.63173466869543,47.2185428949171,52.79352884222969,The Old Library,Cipher,Ancient Map,Lost Civilization,1,1,54.98070901367326,58.02143893216618,32.81525740770673,-1
954,73.59796282163857,63.19840615178494,1.8190373945605256,41.90710200219803,47.78568653095131,52.66335760054815,Temple Ruins,Sequence,Secret Code,Forbidden Magic,0,1,58.152961386806574,49.84683579366776,32.02489335792783,2
955,71.56586201896998,62.89077262507696,2.0773207174993,42.27955217980367,50.40685486969894,53.78074841050902,The Old Library,Mechanical,Secret Code,Ancient Prophecy,1,1,57.450166912597176,55.36725339581789,31.89576772884384,-1
956,71.92919674608672,64.26931657017802,1.8220347720092909,40.68146262559657,51.8448823673872,56.40830746029104,Temple Ruins,Math,Secret Code,Forbidden Magic,1,1,56.76648157915809,55.18790855328985,31.997936402352373,-1
957,73.32448599177633,62.79549227019902,2.371274723771972,42.83679434417344,47.53620105946364,51.470559349164574,The Old Library,Sequence,Secret Code,Lost Civilization,0,1,55.90456458547103,53.36345310984056,34.95503369404715,-1
958,73.55082577041975,60.31365240214479,1.6944537521789254,43.43105220328155,47.93882803700305,51.28135715332259,Temple Ruins,Symbol,Ancient Map,Lost Civilization,1,1,56.37716696819575,52.411567304761455,29.5297747596839,-1
959,71.23952474940717,63.12734631846535,2.0506665923958645,56.26606731790022,48.39289410041907,56.21259973799507,The Old Library,Symbol,Teleport Rune,Lost Civilization,1,0,57.76002148140431,55.86322674398475,34.04749613787044,-1
960,73.58881206535467,60.697175627222336,1.7620810715413688,49.11346811781384,48.23874369490763,51.58463265035361,Abandoned Theater,Math,Secret Code,Cursed Treasure,0,1,60.42383534907272,52.665917779501726,29.70276736041859,-1
961,73.53084636833356,62.73569550351182,1.8264004179653,47.532515483269954,51.968170961081285,53.54023716588176,Abandoned Theater,Symbol,Ancient Map,Cursed Treasure,1,1,54.45535134190052,56.311280984090565,34.04367920264893,-1
962,71.53543364355961,60.56445515775099,1.7893730456570038,42.13622209123604,48.280174894497726,51.520506337960335,The Old Library,Symbol,Teleport Rune,Ancient Prophecy,1,1,51.153654203792506,52.14395765022859,32.80228298067238,-1
963,74.05955115072369,61.80585448431466,2.1366860279534032,48.64209486884225,48.5022110985508,48.80128885410885,Temple Ruins,Math,Teleport Rune,Cursed Treasure,0,0,55.0186404061852,50.89632095814418,27.498477092213896,-1
964,70.99155788240527,61.90343911333445,2.1927027987617547,40.67551120872869,51.515935242856834,53.4955629832299,The Old Library,Sequence,Teleport Rune,Cursed Treasure,1,0,50.512209526673104,53.45730660442322,36.26571274713333,2
965,71.81115045350273,61.49162088884043,2.086582040345851,47.51947553895855,49.96453114305859,55.78791973506512,The Old Library,Maze,Teleport Rune,Cursed Treasure,1,1,60.0568147367855,55.34289275977859,35.936736012108604,-1
966,72.90242888146297,61.9074069764004,1.8889080327173804,59.69342841997221,50.586230595845166,52.844862870518185,Abandoned Theater,Symbol,Ancient Map,Forbidden Magic,0,0,63.22309658200999,52.63106854619278,32.23091851420683,2
967,71.55735901262248,63.28334231534724,1.9653758006247857,52.69435463422798,47.75609478335487,49.29585359185943,Temple Ruins,Symbol,Teleport Rune,Forbidden Magic,1,1,56.34552859447577,51.68395136359448,32.43102738314343,-1
968,72.66223936526318,61.53135196757264,2.194632903135175,48.33071139652416,48.32789403783202,53.27267645762604,Abandoned Theater,Pattern,Ancient Map,Lost Civilization,1,1,57.88469122474026,53.97643416560071,31.264233815844733,-1
969,72.62698740643168,62.78497272680391,2.2060803592729776,52.87467086369048,47.57150246613748,51.11012152838652,The Old Library,Mechanical,Secret Code,Ancient Prophecy,1,1,62.37017445066288,54.13700444359534,33.337033742501774,-1
970,72.18632429505612,61.26871187751863,1.122150341384807,46.78067275827031,50.34090557890775,46.4512372918856,Abandoned Theater,Cipher,Secret Code,Cursed Treasure,0,0,58.346393646339614,51.41453205252845,34.58115371622134,-1
971,73.19328265378343,62.03939433228386,1.8494881134148429,45.38932091379896,50.98482799232429,52.79779069569115,Temple Ruins,Cipher,Ancient Map,Lost Civilization,0,1,61.76151840235135,53.15842634538529,28.49689492932059,-1
972,72.12000130920693,62.54726830770744,1.865774338843562,57.9176639153563,48.25526805740562,54.29421048472008,The Old Library,Math,Ancient Map,Lost Civilization,1,0,60.41876769194541,53.07079957144594,30.58930833045928,-1
973,72.56737971743703,61.22143851804607,2.13570032610713,43.689933790995,48.61655041290108,55.94426369532979,The Old Library,Pattern,Teleport Rune,Lost Civilization,1,0,55.33709007501559,52.59108091638356,34.44458524191469,-1
974,73.46978375661998,60.90078717503609,1.9167411549081208,47.63497732174104,48.690176286830535,57.39213684990536,Abandoned Theater,Mechanical,Teleport Rune,Cursed Treasure,0,1,56.21014511712007,53.6617176995298,34.5352193513578,-1
975,73.10146812711298,62.69892923121235,2.1543504155164364,50.940011491347455,46.85809042784078,54.62733919346628,Temple Ruins,Cipher,Ancient Map,Lost Civilization,0,1,59.19017363527091,52.45046201700746,29.28160213822993,2
976,73.08426617703013,63.32467777146232,1.6167952249040458,44.732920763282486,48.17622422560305,55.33391852151399,Temple Ruins,Symbol,Teleport Rune,Lost Civilization,1,1,59.14256471837676,55.35900787387531,29.278911547284828,-1
977,71.13653330805948,62.11708148231113,2.020182817536133,52.67134839919481,50.35490332455632,49.78858637480484,Temple Ruins,Mechanical,Ancient Map,Cursed Treasure,1,0,58.68157457113271,52.48595918166722,32.09754715554618,-1
978,72.79796668855637,61.73338558248415,2.213976016477405,47.88956796653676,47.88993848585996,57.05456450386564,Temple Ruins,Cipher,Teleport Rune,Cursed Treasure,1,0,57.32926040380882,56.1239724310049,31.494881712552157,-1
979,71.38213382739758,62.34092874090389,1.5033220686377955,52.74629429937231,49.35061669986288,56.16840045392888,Temple Ruins,Mechanical,Ancient Map,Lost Civilization,0,0,61.166209456884665,56.88448102946746,30.456247445595988,-1
980,70.9666735702757,62.23529103244439,2.7014272323565383,52.36085073852139,47.25720837646244,52.08221128758369,The Old Library,Sequence,Ancient Map,Ancient Prophecy,0,0,59.34604355598785,51.30333274872161,31.57693119095302,-1
981,72.16383568569685,62.41727433048888,2.3062717911487502,48.22004146469576,49.01134351401294,54.70415031321961,The Old Library,Sequence,Teleport Rune,Lost Civilization,1,1,57.53744085758702,51.04335661117312,33.221708125621696,2
982,71.31869800139077,59.64069030053356,1.9510582832694967,57.992552852069394,48.39048614539549,54.452670458621526,Temple Ruins,Pattern,Ancient Map,Ancient Prophecy,1,0,58.65580210956511,53.38299606711723,30.127178412050974,-1
983,73.00105986098932,61.0943976750474,1.703750509809585,46.11672292990193,47.41109844497476,56.67553377637599,Temple Ruins,Math,Ancient Map,Ancient Prophecy,1,1,57.126767212500575,52.76406500109776,30.382841458913184,-1
984,73.01242447793375,61.31284139975403,1.9013423223830963,56.19188183788782,50.437337247567214,52.62223056960029,The Old Library,Cipher,Secret Code,Lost Civilization,0,1,61.6105136836404,54.10979284354462,31.41377795931021,-1
985,70.28270770383446,62.30351166559578,1.98057768615047,55.32630830995846,50.5298660593457,51.13441840574997,The Old Library,Cipher,Ancient Map,Lost Civilization,1,1,57.20681936305803,52.40892098339262,32.84917034082295,-1
986,71.34447449263038,62.33309746480937,2.089178952183957,58.31015081389607,47.81379818686229,51.77500407584664,Temple Ruins,Maze,Teleport Rune,Forbidden Magic,0,1,57.83242406221207,52.93101989042648,30.190740171014845,2
987,70.70043174613816,62.77797864546661,2.4086956551499306,50.33010271171207,48.95202646171997,55.24198995840967,Temple Ruins,Symbol,Secret Code,Ancient Prophecy,1,1,56.55898734799315,53.04532199854985,36.016197080045174,-1
988,71.68502894523012,62.39396153235335,1.81715899665417,45.52096174893715,49.35098909192136,48.20032397464416,The Old Library,Symbol,Teleport Rune,Ancient Prophecy,0,1,56.56888650766373,54.154372862134565,31.292937309152745,-1
989,72.5902722374027,60.83022940914219,2.1302664631258805,59.85192607655519,46.570591643545406,45.507316401891245,Abandoned Theater,Cipher,Secret Code,Cursed Treasure,1,1,64.23632149573973,49.403838885121225,31.83401718041807,-1
990,71.88024548105085,63.57255688277797,1.5751634913096786,47.79847369270302,47.20533218003949,55.23562251741995,Abandoned Theater,Sequence,Teleport Rune,Cursed Treasure,1,1,55.14761465671638,53.74318736190419,29.611681197156734,-1
991,71.5202101402956,63.39206146279496,1.840224426065573,45.40829108670204,51.23864839862452,53.687013660388246,Abandoned Theater,Math,Secret Code,Forbidden Magic,0,1,56.98810960405367,52.11061583399781,32.99468634086136,-1
992,73.3975806236131,60.85653989127013,2.078705686702029,48.53107816696208,47.7197952431345,53.04615834075794,The Old Library,Logic,Teleport Rune,Ancient Prophecy,1,1,58.04272887764201,51.112409418314506,32.17910551282932,-1
993,69.77998067822094,62.44203964455782,2.1744288844953723,44.57555128423651,51.21303730351112,49.73613343002886,The Old Library,Mechanical,Ancient Map,Lost Civilization,1,0,54.784772220358064,53.75733958735222,35.91451091099568,-1
994,73.30914266061856,61.5085102999955,1.7424133345936206,52.11872697514507,47.31593223204032,48.72527558851178,The Old Library,Logic,Ancient Map,Ancient Prophecy,1,0,62.69983629468317,53.53401111595996,30.05548565599432,-1
995,71.5154146765879,62.23740219485714,1.8374518689247068,46.46360393492802,50.330597400596986,51.41367729125454,Abandoned Theater,Symbol,Teleport Rune,Cursed Treasure,1,1,57.01075426108187,54.812941519870094,31.075519104681916,-1
996,71.9690255727347,63.146455210263326,2.4091359539750714,48.058472991813005,48.88371679298459,53.9042377484242,Temple Ruins,Sequence,Secret Code,Lost Civilization,0,1,55.77184741775316,55.50109164010297,34.161832791167846,-1
997,71.50720239279948,64.21785914562626,2.320794347417501,54.33872114446596,49.1028503370319,51.53561071808199,The Old Library,Maze,Secret Code,Cursed Treasure,1,0,60.98343122211069,51.80749134365709,32.608794134773454,-1
998,73.56488464241038,62.83364577601149,2.035984866275716,52.622210872799045,52.15124430354116,55.250250500605055,The Old Library,Pattern,Ancient Map,Cursed Treasure,0,1,61.55607541389966,56.94197369616308,34.06973445997349,-1
999,70.77844862921214,62.37191925957153,1.303653166498674,49.58557065532635,47.49441341877603,50.61485164494927,The Old Library,Pattern,Ancient Map,Cursed Treasure,1,1,55.34039815028196,51.869627260474005,26.85776483692913,-1
1000,60.00859399179701,53.73178309091214,2.729158491554468,10.365903385389572,50.27625568453323,48.70163731710104,Crystal Cave,Sequence,Teleport Rune,Cursed Treasure,1,0,36.72905395132099,46.52391610420016,38.154326753236994,-1
1001,60.511726801022256,54.24836216528315,1.9709842103497768,9.576685816462918,50.22266982634251,51.75800263671093,Mystic Bridge,Symbol,Magic Key,Cursed Treasure,0,1,40.00108127496637,48.55588257810113,31.43420623820457,-1
1002,58.36071606351147,55.42062554205853,1.884311384735432,7.36349121922396,54.432684114468174,49.057712458788586,Crystal Cave,Pattern,Magic Key,Ancient Prophecy,0,0,37.15953916639082,49.00697179361419,37.152394881926455,-1
1003,59.03925162244819,54.010774584938,1.8224641557973391,9.510476095337255,47.79352809657681,49.18162509919351,Crystal Cave,Mechanical,Teleport Rune,Ancient Prophecy,1,1,37.33552839265224,48.08989946820196,31.064369220277005,-1
1004,59.79840262427054,53.164003740916975,2.093145622209975,11.981145329494744,48.478658866788805,48.391278865877965,Crystal Cave,Pattern,Teleport Rune,Forbidden Magic,1,0,41.58598218938749,48.00531952401336,34.324218299718915,0
1005,59.04734801544493,52.425062953993326,2.097246350901301,8.89993930773044,50.64994248702419,47.92764814799288,Rooftop Garden,Cipher,Magic Key,Forbidden Magic,0,1,36.913829209514574,45.3011812388612,32.179332715742646,-1
1006,59.10585382286101,54.55244050991042,2.2674686258626164,11.633385796487532,49.1340973787967,50.885443384740526,Crystal Cave,Sequence,Magic Key,Lost Civilization,1,0,39.796653837669645,47.64607572839983,29.703233016447168,-1
1007,59.55901625064264,54.28132400591756,1.7054428736981233,5.35498638204929,48.748361786684406,51.20926573661156,Mystic Bridge,Symbol,Magic Key,Ancient Prophecy,0,0,39.69119440090194,47.43836524992223,27.898332631341678,-1
1008,60.54589446478233,53.38277437865901,1.89046683213098,6.522629577404928,50.88766128986154,50.56787109387821,Mystic Bridge,Math,Ancient Map,Forbidden Magic,0,1,37.6060638317945,49.46201948766326,38.01150264391367,-1
1009,59.54103059953447,55.04934680213211,2.5943052443557115,5.874247799920598,49.06000785627339,48.4595409861164,Mystic Bridge,Sequence,Teleport Rune,Forbidden Magic,0,0,33.82869523023841,47.41621859833631,33.71134430953551,-1
1010,60.949610962092514,53.59620940843063,2.0534173557417343,6.723930858744915,48.13054881240608,49.49627025021657,Mystic Bridge,Mechanical,Teleport Rune,Ancient Prophecy,1,0,37.78081026808928,46.12606541478766,34.47125995493329,-1
1011,58.86086464815742,53.87799926828243,1.93515384759826,15.989215265008506,50.56613984720487,53.98983695855294,Crystal Cave,Mechanical,Magic Key,Ancient Prophecy,1,1,40.49185085154787,45.784591548226366,30.428172740305847,0
1012,58.59413922957798,53.99063982398693,1.705269129662389,13.187211217274603,50.04825394976,46.44729155725109,Mystic Bridge,Symbol,Magic Key,Lost Civilization,0,0,41.11865878845479,45.98407068163793,32.20291294079539,-1
1013,61.759847475078125,53.65101534119381,2.1403503087721765,4.176093779162343,49.02455932808042,54.7147282010716,Mystic Bridge,Logic,Ancient Map,Ancient Prophecy,1,1,37.26641523832377,44.65941111774284,33.770495334986215,-1
1014,59.16298616508633,54.23250082296601,2.298663251387827,11.75187787027085,48.961894023584826,50.24929961529386,Crystal Cave,Mechanical,Magic Key,Ancient Prophecy,0,1,42.46954195305948,46.34900177576719,39.34842403954646,-1
1015,58.497476277166,55.14282214382703,2.252494016021849,7.615136729604048,48.138513106173626,49.54968402505874,Crystal Cave,Math,Magic Key,Ancient Prophecy,0,1,34.785382027713325,51.414808144631074,32.44351513963585,-1
1016,58.05378022602886,52.843499926189104,1.9132095227317696,6.159772153295676,50.607054474714666,52.38344584700419,Rooftop Garden,Symbol,Ancient Map,Cursed Treasure,1,0,37.00848711070066,48.493675528284015,31.53382923010193,-1
1017,60.85838552121438,54.46918039386104,2.099929608253354,2.1466294172742018,48.98779294600505,44.83183482735408,Crystal Cave,Math,Ancient Map,Lost Civilization,0,0,36.68069407049248,50.48067754939417,33.59548212471724,-1
1018,59.429427592338506,54.14750097965628,2.4937279375135226,14.43853675191005,48.38174043236904,53.450798936449374,Crystal Cave,Symbol,Teleport Rune,Forbidden Magic,0,0,42.68339936725607,45.67929729809167,32.316256792299704,-1
1019,59.50447467543864,54.12379183674506,2.3141429808304883,2.7632289373702283,47.61674012321603,54.64431457237095,Rooftop Garden,Symbol,Teleport Rune,Ancient Prophecy,0,0,33.584359124910364,43.5145407737828,33.8840957635584,0
1020,59.58643739024088,54.83656193560415,1.7582496236996543,9.32631505883869,50.141876801832446,52.71993216864775,Rooftop Garden,Mechanical,Ancient Map,Lost Civilization,0,0,39.40102646806798,49.04673271324791,31.99695998650587,-1
1021,60.74603918951485,54.00870782973455,1.230289011395799,4.8581458380648765,48.79935182634552,44.74428657772321,Crystal Cave,Symbol,Magic Key,Ancient Prophecy,1,0,37.41660400133895,51.2731616344504,27.813196649919284,-1
1022,59.54102630943602,54.4343364043334,2.08368626490205,13.472477768816915,46.55180282617984,51.910419494501205,Rooftop Garden,Logic,Teleport Rune,Lost Civilization,0,1,42.824641015678665,46.44372459759849,32.5994143403406,-1
1023,62.05207252018899,54.66467222788436,2.2347607982881463,7.92503971203436,47.7745104216066,54.11499639504671,Mystic Bridge,Logic,Teleport Rune,Forbidden Magic,1,1,37.95163806327854,48.02380535440504,33.04294114266407,-1
1024,59.82924479653359,53.439146590632326,1.668930695203328,8.928011213903735,49.2376241515516,53.85687196933939,Crystal Cave,Logic,Magic Key,Lost Civilization,0,0,39.40658676708014,44.11585713130646,32.815175734675634,-1
1025,60.74473747751173,54.23740320016637,1.993540674769515,9.100163656950908,49.2883269801298,46.479776881934015,Rooftop Garden,Sequence,Magic Key,Ancient Prophecy,1,0,37.50050850271661,47.88026048362272,35.92323293682195,-1
1026,60.47566418722578,53.682143854933855,1.9175190791529009,11.120181953023566,49.23994183119866,52.54089207900751,Rooftop Garden,Symbol,Magic Key,Lost Civilization,0,1,39.99757745308824,47.17551349406572,31.28676107453469,-1
1027,59.62145188223712,53.794965198467736,2.0283377162936125,9.675834226130412,49.03975040857045,54.48892600694787,Rooftop Garden,Cipher,Magic Key,Forbidden Magic,0,0,37.93689165171985,43.278337007821335,31.81020998196604,-1
1028,59.05840646773405,53.60030490978913,1.8340376833376355,9.397909404904787,47.40874083388898,50.07366429661505,Rooftop Garden,Symbol,Ancient Map,Cursed Treasure,0,0,37.48395719159702,44.92728888303296,28.349226311112584,-1
1029,59.96482313531244,54.38816986925279,2.3849663252997897,7.025715227085923,48.31934277958844,46.368246943025696,Crystal Cave,Symbol,Ancient Map,Ancient Prophecy,0,1,34.11173783977194,45.50212719906169,34.74159724018826,-1
1030,60.13044331628838,53.99346118262948,2.042541832584328,1.7475127950013691,51.41548233180377,52.07163148181233,Rooftop Garden,Symbol,Magic Key,Ancient Prophecy,0,1,37.43168795698963,44.919066259935256,32.58840540131828,-1
1031,59.035247664209706,54.30109138469472,1.734755911540894,4.031824221630808,51.20281729963242,52.63464492162937,Rooftop Garden,Pattern,Teleport Rune,Forbidden Magic,0,1,34.46621759111137,46.801618062092615,33.231488262313285,-1
1032,59.76166557800093,53.88376475129149,2.273981081455933,13.220381864245462,50.524067843581165,49.651979589185245,Rooftop Garden,Maze,Magic Key,Lost Civilization,0,1,37.58975467597042,48.84098962794981,36.68890468874757,-1
1033,60.81902868598362,52.291899771285486,1.6197392475509722,8.102274794208483,50.40006577257125,47.02319136034044,Mystic Bridge,Symbol,Teleport Rune,Cursed Treasure,0,0,35.81153283873516,45.41797807794754,30.31019300774185,-1
1034,61.64027256188848,53.92213179388665,2.3845685491677813,6.314696945366621,51.03162389295394,52.45468021009041,Mystic Bridge,Cipher,Teleport Rune,Forbidden Magic,0,1,36.7664739039451,50.24879557440813,34.10552052974621,-1
1035,60.412199501104695,53.94904787012664,2.296734378540034,2.609463612838921,48.00198238890548,48.0779778359456,Crystal Cave,Maze,Ancient Map,Cursed Treasure,0,0,38.03111831717286,46.63921066076492,35.21695404005264,-1
1036,61.40809959129247,54.12285635113312,2.416517049876944,1.0432119079324045,49.74125764142973,50.99336681634718,Crystal Cave,Mechanical,Ancient Map,Forbidden Magic,0,0,38.06016990412802,48.48668731067094,35.9515426869272,-1
1037,58.90347990741873,53.28128569979179,1.9522500446468551,6.128741248420964,48.02016092513892,53.895415887532366,Mystic Bridge,Logic,Teleport Rune,Ancient Prophecy,0,0,38.50813224005999,47.89589153896784,33.022047799786606,-1
1038,60.22225519724485,52.67430365544489,1.8510008347000717,14.08835272193074,48.05489230162705,45.85300475761995,Mystic Bridge,Logic,Teleport Rune,Lost Civilization,1,1,38.30589714923651,49.55075094158877,30.648675757907306,0
1039,60.84641601642036,54.48914251340528,2.0251242000104037,6.866035042966084,50.27006939498552,52.26940999492314,Rooftop Garden,Symbol,Magic Key,Cursed Treasure,0,1,38.997223373887486,46.76419374822012,30.36339223599376,-1
1040,58.59909159681275,53.585695844763634,1.974640845058355,11.65709594817896,51.14681108754873,49.4835449242005,Rooftop Garden,Symbol,Magic Key,Cursed Treasure,0,0,37.425816676533096,48.624068323820936,32.04830116713851,-1
1041,58.99736822212855,54.02531703675989,1.8041767675863845,6.642636232210994,49.44463045744006,49.54836679003856,Mystic Bridge,Maze,Magic Key,Forbidden Magic,1,1,39.300671179617055,45.81339451210605,29.9200612692916,-1
1042,61.208401605942576,53.56738757054368,1.8339079928982012,12.855520657747396,52.217628658623305,51.28579108633207,Crystal Cave,Symbol,Teleport Rune,Forbidden Magic,1,0,41.43372507057837,51.384888407294056,34.60753892901209,-1
1043,58.4829417268505,53.83756457817066,1.890052028578084,7.905669702997873,50.07053330427675,48.071539921464606,Mystic Bridge,Cipher,Magic Key,Ancient Prophecy,1,0,36.14842929358244,45.62102397729284,33.16451783969156,-1
1044,58.10445964010795,53.38912392023658,1.6489032359589926,3.5082237496490194,48.59641210170941,47.06245215767839,Crystal Cave,Symbol,Teleport Rune,Cursed Treasure,0,1,37.99629397959595,47.859021622820784,29.696585144999148,-1
1045,60.96112581107243,52.8651126725086,2.203205354800991,8.326085629097422,48.14023577334531,45.5395130699233,Mystic Bridge,Pattern,Magic Key,Forbidden Magic,0,0,40.08918985665533,49.75254675888819,32.027188249485576,-1
1046,60.61746762451851,54.301719063714415,1.984010824581141,18.84404377195744,51.30626847333068,53.07940677354804,Rooftop Garden,Pattern,Teleport Rune,Forbidden Magic,1,1,39.24968805247068,45.87941364692684,34.540476852807515,-1
1047,59.84039052590048,53.21966262231288,1.9070416015352256,18.626638685996973,49.98050684243151,49.07081953722759,Crystal Cave,Pattern,Ancient Map,Ancient Prophecy,0,0,38.14918155867623,48.44005961758638,31.97975756034497,-1
1048,59.3501312527041,53.98153368383876,1.6662756572344597,12.113043760536414,50.81064026442604,51.42485103089341,Rooftop Garden,Maze,Ancient Map,Lost Civilization,0,0,36.54862023873015,45.963641696847546,30.908129343996645,-1
1049,58.94489519295616,54.22284612054965,1.6510683720403354,8.998228013684775,45.81837927205584,48.78741981279586,Mystic Bridge,Cipher,Teleport Rune,Ancient Prophecy,0,0,41.3647689529324,51.776397042273686,33.4706453821776,-1
1050,59.652952352023895,53.22038110051878,2.579724448461586,11.206160646090586,50.18109094758962,47.09559874156261,Crystal Cave,Logic,Ancient Map,Ancient Prophecy,1,0,37.12269435296865,43.50774271255732,34.31019487831023,0
1051,60.93840042631697,52.59812033945081,1.8105145834549103,11.274027569947233,49.05518394491088,51.63078152484785,Crystal Cave,Logic,Teleport Rune,Ancient Prophecy,0,0,43.69752894213799,43.59510233945592,33.10692966491422,-1
1052,59.58475591934797,56.22290800404835,2.1815635655065897,9.493431045994353,47.740971684031685,50.81990643431205,Crystal Cave,Symbol,Ancient Map,Cursed Treasure,0,0,36.464245699298296,46.661186839741504,33.38189145781899,-1
1053,61.50075184081376,53.26387120771772,2.046880265317077,11.900668524979402,49.7463564927487,49.40775211503144,Rooftop Garden,Symbol,Ancient Map,Forbidden Magic,1,1,38.12292155142739,45.05534184646806,30.014187444632324,-1
1054,58.42345994677464,54.40988523124008,1.1651899332139215,10.740151034786082,51.48687241621377,50.75474015860368,Mystic Bridge,Cipher,Ancient Map,Cursed Treasure,0,0,40.03602624062713,49.426034077270735,29.046208174023565,0
1055,59.28933723777362,55.72076092508903,2.535109955317948,8.12220777211645,53.25726957344281,47.59878860938999,Rooftop Garden,Sequence,Ancient Map,Forbidden Magic,1,1,39.86131129610398,53.255347107936736,38.4073180214826,-1
1056,58.9235822072496,54.56603875753799,2.202199849614718,3.7288233483838873,50.22993353256605,52.65149943638828,Crystal Cave,Cipher,Magic Key,Forbidden Magic,0,1,37.58444667613217,50.55247200780969,33.660800592898504,-1
1057,58.199129159905645,53.47052618767249,1.7662452908252644,7.407833447210427,48.81176539421121,53.23098659633619,Rooftop Garden,Symbol,Magic Key,Ancient Prophecy,0,0,38.4940481176898,47.65952598372128,28.540984702352624,0
1058,59.118823865705295,53.69869496378175,1.987579824813492,13.708730878558434,48.730014211813554,51.8982614283423,Crystal Cave,Mechanical,Magic Key,Lost Civilization,0,0,37.980670032274034,47.35425510836272,33.10430279607226,-1
1059,59.67688098559476,52.92805087373025,1.6508499888056327,9.55681714271206,51.33775159701104,49.07003560226583,Rooftop Garden,Symbol,Ancient Map,Lost Civilization,0,1,40.33918012513177,46.1044613536729,31.107666463381143,-1
1060,59.77143326068699,54.63720566823349,2.542958176880842,11.218539007517526,48.406528952364496,50.14836698670853,Mystic Bridge,Symbol,Ancient Map,Lost Civilization,0,0,39.70841500210465,48.709495739307215,35.246881534662386,-1
1061,61.405314089998136,54.3166355210988,1.7222535957932348,8.304987843139427,50.84427017735898,53.92209112033691,Rooftop Garden,Maze,Ancient Map,Cursed Treasure,0,1,38.60413402777292,47.77289125374192,37.68669878686329,-1
1062,59.68699576647701,53.23079900878805,1.8370564555654685,4.425023531702173,50.35994159967069,53.202915544027945,Rooftop Garden,Symbol,Magic Key,Cursed Treasure,1,1,37.32894431496639,47.71236943809527,33.29307476204333,-1
1063,60.36033916330286,52.69791449447813,1.7745159812002924,8.532792695848517,50.20286416877399,54.98467272627181,Rooftop Garden,Math,Ancient Map,Lost Civilization,0,1,40.89733294303483,45.447303117049984,33.423842041722644,-1
1064,59.26397846767483,52.41372451721272,2.01687271251606,4.616576613642211,47.584827851735255,48.048702866717065,Rooftop Garden,Symbol,Ancient Map,Lost Civilization,0,0,37.72706127061319,43.80291552785356,31.351915717824276,-1
1065,60.86362960409973,54.7163457089935,2.4032004036135013,4.300309725676311,49.410363308019065,47.82446929003217,Mystic Bridge,Sequence,Magic Key,Ancient Prophecy,1,1,33.492666494762034,48.23445334549297,32.07880795308844,0
1066,61.5717211135828,53.84508279969484,2.528236359894012,15.762822738889016,47.76735984810296,50.33592571895528,Crystal Cave,Math,Magic Key,Ancient Prophecy,1,1,43.45433523240015,47.25176958043961,36.044475203345705,-1
1067,59.692062946872845,53.93457670606709,1.8710158027255548,7.63707839070492,49.08102223568686,51.01723939324075,Crystal Cave,Symbol,Teleport Rune,Forbidden Magic,0,0,39.73563871226028,46.37854241668019,30.812895756793083,-1
1068,58.15603307329965,52.89153059450396,2.1034550510948424,6.032938124363637,51.34789884095328,49.64427708735109,Crystal Cave,Logic,Magic Key,Cursed Treasure,1,0,35.94537192200777,45.76063099870965,33.62940622296623,-1
1069,58.58760974509641,52.245867737506536,2.0137838221032363,17.83299812080184,51.82757575293661,49.02578893041149,Mystic Bridge,Math,Ancient Map,Cursed Treasure,0,1,40.73596186973664,48.054435144990165,37.55587423616243,-1
1070,59.40608027770189,54.66688062393925,1.693936435946635,13.820947429613987,50.31071028931253,53.16848795707283,Mystic Bridge,Math,Ancient Map,Lost Civilization,0,1,40.015411897824,49.238854886128735,31.255685371046773,-1
1071,59.568383865019946,53.74120690075672,2.714365124754329,7.891283280781585,49.14307516125517,49.77316977363215,Rooftop Garden,Pattern,Teleport Rune,Cursed Treasure,0,0,34.14949615129291,51.20056017606039,37.85965434326065,-1
1072,59.79805958913886,54.60130796259094,2.395577824980572,11.889802789318049,52.38953357064473,46.96197145520419,Mystic Bridge,Maze,Ancient Map,Ancient Prophecy,0,0,38.64243597209051,51.460681940852325,36.552034321095526,-1
1073,59.54758965165894,53.303050257143845,2.0426085302016,8.575455916674787,49.14079712074627,47.25077728266119,Crystal Cave,Logic,Magic Key,Ancient Prophecy,0,1,37.57523641010398,44.75260965098737,31.63465060240648,-1
1074,59.08214341393729,53.447080282194726,2.459532787249646,6.293760046772643,48.321451519735184,50.61766081283376,Mystic Bridge,Maze,Magic Key,Lost Civilization,1,1,37.01996032468757,46.69559484970361,34.681671535718955,-1
1075,58.42673571610955,54.39211572194773,2.347670573248444,12.133360085196175,51.07850341190304,57.50663121227922,Crystal Cave,Maze,Ancient Map,Lost Civilization,0,1,37.64435392748928,45.5606442554684,33.497091300257075,-1
1076,59.45185733129375,54.40608974165709,2.00763803128758,8.141124635841098,50.729177072701255,47.56014064063705,Mystic Bridge,Logic,Teleport Rune,Forbidden Magic,0,1,39.439135327975336,44.55162649556115,35.20459087998244,-1
1077,60.89350071393382,54.46623611599984,2.079882303929371,10.142838782867187,49.23750836725775,49.21281482831735,Mystic Bridge,Math,Ancient Map,Lost Civilization,0,0,37.96069426609113,52.3648451299382,35.43247105602448,-1
1078,60.04624574253608,53.36840280417355,2.4347172383537945,14.874864159264694,50.210505308538906,56.0120119381651,Crystal Cave,Maze,Ancient Map,Lost Civilization,1,0,42.31036102534816,50.36057603218624,34.94213586552226,-1
1079,59.54883448206318,54.27308960955484,1.6961921322171338,14.326797317842882,50.73220151351499,48.78929817540383,Crystal Cave,Pattern,Ancient Map,Lost Civilization,1,1,41.25882405138496,46.877995198532425,34.83582213916456,-1
1080,60.03152058656891,54.76258492066724,2.481076923492896,7.022933716648545,50.3832725231816,51.13865210317852,Mystic Bridge,Symbol,Ancient Map,Ancient Prophecy,1,0,40.84662924253909,50.89721622700861,35.43609145027056,-1
1081,58.6187226194059,53.54366131343085,1.9103402114293584,12.206211123174716,50.77495392055592,54.68977680647808,Mystic Bridge,Math,Magic Key,Forbidden Magic,0,0,42.30069497687006,50.418994328803,34.8578640020636,-1
1082,58.46936446316905,53.129897635855,2.4341540877477006,4.139409371376847,49.336762747266896,47.62130329774045,Rooftop Garden,Cipher,Ancient Map,Lost Civilization,0,0,39.8043451321456,43.21735255428746,40.307390920513456,-1
1083,58.21769756126208,54.98109109999968,1.97403305470138,12.033383449439436,50.893490312343104,49.2268494449461,Crystal Cave,Mechanical,Magic Key,Cursed Treasure,0,0,36.16939764285302,50.36666914650289,38.293108866574194,-1
1084,58.8280593146098,52.978860100647935,2.0757058189275823,10.52639575886804,50.139245193536645,48.78908516591365,Rooftop Garden,Sequence,Ancient Map,Forbidden Magic,1,1,39.14312598761654,46.12974390684372,33.00734154713965,-1
1085,58.519213647641344,54.25774952720056,1.962927379607067,11.681407170809363,49.413976160797496,46.20526159258202,Mystic Bridge,Symbol,Magic Key,Lost Civilization,0,1,37.18037782720079,48.62940995795518,33.14570763771096,-1
1086,60.137378346936224,53.56482279171436,1.8124358187599443,8.30186225293505,49.76164595045813,53.92341486422156,Crystal Cave,Pattern,Teleport Rune,Ancient Prophecy,0,1,45.13358486342048,53.46742953586751,30.02265429278973,-1
1087,58.441674825137255,51.77665645203255,1.889714609830533,20.21200259554761,49.99239896544213,48.536489153825336,Mystic Bridge,Symbol,Magic Key,Ancient Prophecy,0,0,42.356748391716216,49.41286412035407,34.152349139618025,-1
1088,58.10218185726641,54.74179801426936,2.3831799000824136,5.287692420232538,47.97996014417012,47.80938581044527,Crystal Cave,Symbol,Teleport Rune,Cursed Treasure,0,0,39.2802408198172,47.65882638080324,34.30113318635227,-1
1089,60.83539689655956,50.85033712534647,1.2738859834399374,14.654478770124896,49.20181184540306,48.88891527982395,Mystic Bridge,Pattern,Teleport Rune,Cursed Treasure,0,1,41.76832077597018,48.27894536481429,28.14841215091152,-1
1090,58.42937156377334,51.61905444388974,1.595107467744853,4.640742395292889,50.262929019411146,52.32207851288526,Rooftop Garden,Symbol,Ancient Map,Cursed Treasure,1,1,31.1789594854456,42.3417016373284,33.88559136387126,-1
1091,59.02221338133342,54.12550931133544,1.7477912612556843,12.323453164065011,48.14785101923501,50.2822338425197,Rooftop Garden,Maze,Magic Key,Forbidden Magic,0,0,37.54323391478711,48.52457238393512,30.533871335426493,0
1092,59.30795704926284,54.120252134980056,1.640538386748789,12.68316498794595,49.253215531751295,48.02083423642409,Rooftop Garden,Math,Magic Key,Ancient Prophecy,1,0,38.01855784456887,48.78977304689362,30.14694533233901,-1
1093,57.70790169623796,52.95060778387943,2.415618364673551,10.08156178032921,53.76882840043594,51.02287461228763,Crystal Cave,Symbol,Ancient Map,Ancient Prophecy,0,0,36.86893899671429,49.2305771913838,37.34588028004752,-1
1094,60.06805058438775,53.73102145627342,2.338483919241342,7.332512196793936,48.50672958076154,52.03148674437144,Crystal Cave,Symbol,Ancient Map,Forbidden Magic,0,0,38.95972061017768,46.296087443829286,32.67715506029412,-1
1095,59.45766938287924,51.04678608089606,2.1373204824183367,10.517245032523851,49.63364857137508,49.94058853024311,Crystal Cave,Symbol,Ancient Map,Cursed Treasure,0,0,39.83244058831343,46.42342751114549,33.30274716143664,-1
1096,60.3669295284466,54.28021340605382,1.7668736860522074,11.149043073674132,48.96754178276438,49.41309767783585,Rooftop Garden,Cipher,Teleport Rune,Cursed Treasure,1,0,34.310197759737015,49.50160313437941,35.04376706105489,0
1097,58.11733051850206,53.81799031544785,2.357208371100186,18.76607916039685,50.05155673336914,52.53968984595555,Crystal Cave,Symbol,Ancient Map,Cursed Treasure,0,0,40.02638293086817,43.03698081085578,33.22524233965088,-1
1098,58.88369707083306,53.517653951451976,1.4787057626730633,5.45708511552217,49.01322387264053,49.5520368837164,Mystic Bridge,Math,Ancient Map,Ancient Prophecy,1,0,35.99559153438517,46.63264899628373,31.77225395235416,0
1099,58.81195785777878,53.57917537055602,2.5961655746189383,7.04159336065217,49.87947179060264,54.02047876572506,Crystal Cave,Math,Magic Key,Cursed Treasure,0,1,40.1617293702679,45.67469258281069,34.157399869717715,-1
1100,59.02453354154324,54.04663027312709,1.7465820877393128,11.24719741105648,49.17524628210968,48.10591281977422,Rooftop Garden,Maze,Teleport Rune,Lost Civilization,0,1,39.97336855640375,48.991969548598206,29.627568478082267,-1
1101,57.294085481075975,53.51952192445945,1.8717349978627995,8.54559393678355,51.84448402080943,48.04771633559802,Rooftop Garden,Pattern,Teleport Rune,Lost Civilization,1,1,36.57397442487304,50.588238790293104,33.246083777412714,-1
1102,58.84760414680606,51.669420456362616,1.8198913324456727,9.327985439017024,50.39296824750796,47.740508049789135,Mystic Bridge,Mechanical,Ancient Map,Lost Civilization,0,1,38.55431976751411,45.023482577323335,37.84490301852814,-1
1103,57.29838386897908,55.73486588245366,1.625085666107983,15.182262015581593,48.7747688646364,49.40288385827504,Crystal Cave,Pattern,Ancient Map,Cursed Treasure,0,0,35.55966285062447,46.59197282039725,32.45097855110988,-1
1104,59.07127445542131,54.73439735146678,2.522849805186772,-4.268532998761193,51.54913239078771,50.0062601534158,Crystal Cave,Cipher,Magic Key,Lost Civilization,0,0,35.48490886328804,48.85823251505291,36.79007068593964,-1
1105,56.57239657264,52.2437199670112,2.1802569066398347,6.845333937818954,48.85924186318661,46.68591022606797,Mystic Bridge,Symbol,Ancient Map,Cursed Treasure,0,1,35.20596028374413,44.03603032595854,32.10154452558234,-1
1106,56.83757700236908,53.17860072576973,2.306477099404571,1.1255001374715992,47.959219944831695,50.24189316978546,Mystic Bridge,Pattern,Magic Key,Lost Civilization,0,1,32.82543869713941,46.363998542977626,32.436352469153604,-1
1107,59.49584363649568,53.28278234123668,1.5729574441975829,3.860514147744636,50.30946902844144,51.41338546821489,Rooftop Garden,Pattern,Ancient Map,Forbidden Magic,0,0,39.48412410589331,46.696076997104825,28.479609837992232,-1
1108,58.11860060935178,54.59274993840903,1.9925368337222475,21.864953310326857,53.18361584968032,46.33627111301743,Crystal Cave,Maze,Teleport Rune,Ancient Prophecy,0,1,41.97780800406432,50.01185362002576,38.152027227302405,-1
1109,57.66573831357111,51.34972055992472,2.092736425530367,12.834890488059813,47.58990322744622,48.697071434047785,Mystic Bridge,Mechanical,Teleport Rune,Lost Civilization,0,0,37.119048274199216,46.09317620694695,32.70371905824572,-1
1110,59.912612626042495,53.00507565445356,2.0158022861628315,14.60407785904427,48.34359133218878,51.41871432142245,Crystal Cave,Logic,Teleport Rune,Forbidden Magic,1,1,39.120004640839824,47.09506505171214,32.59890319011198,-1
1111,58.95757725197539,51.73854721691763,1.5845860867656587,9.445792843924272,51.477528921205504,47.2764518353102,Mystic Bridge,Sequence,Ancient Map,Cursed Treasure,1,0,38.9400968836435,49.78618985866437,32.48480387391297,-1
1112,59.49023878845441,53.20919322095113,2.253446310804744,13.644182516306962,49.39391878942176,49.210053695216345,Rooftop Garden,Logic,Ancient Map,Ancient Prophecy,1,0,40.36374062091266,47.66467806672506,37.891043568255895,-1
1113,58.44011772401068,53.01689827277208,1.9653350092417523,1.019947590593386,51.2839772849234,52.720458922334494,Mystic Bridge,Logic,Magic Key,Cursed Treasure,1,1,35.428905014433305,46.53294869570076,34.102329698300935,-1
1114,61.27421345518846,53.564209032252,1.6404300607785922,15.046403356438605,49.1184675342117,54.48795690781505,Mystic Bridge,Symbol,Teleport Rune,Cursed Treasure,0,0,38.87173630285275,46.728259006545855,30.73588832612963,-1
1115,57.978309743504674,52.874761752169725,1.3683691147464834,5.757816304152927,50.59628336932236,51.099788028122816,Mystic Bridge,Sequence,Magic Key,Ancient Prophecy,1,0,34.403402697130154,45.60298039953173,34.36984122263114,-1
1116,60.31557199015536,52.72373935073869,2.104945066207492,7.202567826292254,53.00868278067989,49.576866785430965,Mystic Bridge,Symbol,Ancient Map,Forbidden Magic,0,1,36.85348558564838,45.47108152432492,34.66481143446989,-1
1117,58.49797734737929,54.08955144680752,2.656058612062331,12.386996724438358,48.608711625210766,48.74650494841068,Mystic Bridge,Math,Magic Key,Forbidden Magic,0,0,38.422592564253605,44.8057434968371,31.54542205337973,0
1118,56.89311416506136,53.91970494817184,1.6142984486703345,11.445554034284257,51.94485376092686,52.27688524692887,Crystal Cave,Symbol,Ancient Map,Cursed Treasure,0,0,37.4869125831064,50.40122910931914,29.375607767329942,-1
1119,59.01876881974621,54.011573458747655,1.9679378602749955,10.288483769229352,51.43738127071842,52.83351599778918,Rooftop Garden,Maze,Teleport Rune,Lost Civilization,0,1,38.177864371146775,46.65896356069347,33.207022459202506,-1
1120,58.83899260658272,53.27842340804017,2.247858236772637,3.0519504586689514,48.19255514263328,47.10891050720588,Rooftop Garden,Symbol,Ancient Map,Ancient Prophecy,0,0,35.99049077940935,47.56523836450131,33.67098793450672,-1
1121,57.46123277455678,52.87873878993554,1.5316950936659883,10.368531680172984,51.27336449541404,52.27606703985983,Mystic Bridge,Maze,Teleport Rune,Ancient Prophecy,0,1,41.34979036462809,46.6700575841295,33.40735371019577,-1
1122,57.57867454315844,53.32678427206497,1.7664619962608132,14.674286619949855,50.55280667432955,48.48238424568445,Mystic Bridge,Logic,Magic Key,Ancient Prophecy,1,0,40.64799088506636,47.3808623347996,30.50564686026972,-1
1123,58.464550211678656,53.9419637315821,1.6502363015528705,7.211045292292443,50.58881368172413,47.85111056511939,Crystal Cave,Logic,Magic Key,Lost Civilization,1,0,39.6184772277914,50.184739584580136,31.44483468276636,-1
1124,58.82736462245392,51.25919241066054,2.201498630122761,16.450151320378048,50.96551545096789,49.61588949112393,Mystic Bridge,Maze,Ancient Map,Lost Civilization,0,0,41.15999215271373,46.42785063438006,32.669452145585026,-1
1125,55.9953375095918,53.82526005198108,2.301540981289761,5.5139761324824725,49.94374785192695,52.47903310640592,Mystic Bridge,Math,Ancient Map,Cursed Treasure,1,0,35.39620069013232,45.82108210701448,36.40546596611978,-1
1126,59.50752137778595,53.73546789593041,1.9493607069538783,9.912129383399122,50.58299349142532,50.77351331209918,Crystal Cave,Cipher,Magic Key,Forbidden Magic,0,1,39.49806812091973,46.60320114786237,35.6537787788948,-1
1127,57.94831634631695,53.48366779580297,1.646872379214803,17.557967095736487,50.84856287678698,50.70582916197704,Mystic Bridge,Mechanical,Teleport Rune,Lost Civilization,0,0,40.488020281742,49.32817208832625,35.92829519314976,0
1128,57.0994966070848,53.2673962602122,1.764275374625747,6.4762517576302745,51.61400092025541,50.881104134999205,Crystal Cave,Logic,Teleport Rune,Lost Civilization,0,1,37.81852990876307,48.57633464106956,33.56717198717556,-1
1129,59.36075590501785,50.8457887168519,1.7056605712101027,15.1550860154793,48.212692655960495,51.1691450467259,Rooftop Garden,Math,Ancient Map,Ancient Prophecy,1,0,38.21269841435763,47.07941727459991,34.65958059808146,-1
1130,58.3845322410599,52.96725890578699,1.5993044808274433,19.760312069345936,52.4482735013643,49.71462195618384,Mystic Bridge,Logic,Teleport Rune,Cursed Treasure,0,1,42.40830715467257,47.08973306743584,31.235549637794797,-1
1131,59.61279258294612,55.19176060851923,1.859526369487651,10.74414664168927,48.78750968442651,51.579721913479965,Rooftop Garden,Cipher,Magic Key,Lost Civilization,1,1,39.32503687982906,45.59964673201996,32.263743969631335,-1
1132,58.823071487390536,53.41043860104464,2.0602162755873543,7.255701775208276,51.67137836489017,48.350794510062414,Mystic Bridge,Math,Magic Key,Forbidden Magic,0,0,33.85637934969852,48.73487867109178,31.954915995722725,0
1133,58.37211308590304,53.08546857132451,2.032454008959944,6.02893748571633,50.65658355017746,51.62751912736382,Mystic Bridge,Maze,Ancient Map,Lost Civilization,0,0,37.00339247051891,47.79678251984661,34.604775960421065,-1
1134,58.20942206797916,53.40489142358886,1.880493592534776,16.417474175915427,48.62415121848338,52.14246336958497,Mystic Bridge,Mechanical,Ancient Map,Cursed Treasure,0,0,37.23845989178376,47.66627201452981,32.40353718987179,-1
1135,58.83340537060757,53.737990645070745,1.8976441973904823,16.27974518207018,51.34656320354028,51.74784148641745,Rooftop Garden,Symbol,Teleport Rune,Forbidden Magic,0,1,39.113971430213496,45.12241880964,28.35616483926988,-1
1136,57.92571823447435,54.03727631696817,1.8536059089264276,17.144617690523987,49.14468357766288,51.87757207923524,Mystic Bridge,Cipher,Magic Key,Forbidden Magic,0,0,39.580434928331925,46.37459720494178,34.20597953830671,-1
1137,57.475250186904994,53.14481996927578,1.4864292832284638,9.735662575484552,52.17442451431837,51.16216410057536,Crystal Cave,Sequence,Magic Key,Ancient Prophecy,1,0,34.39164514710502,45.75952237947422,33.7436294392882,-1
1138,58.926321692643015,53.79386957620803,1.9211334489770016,15.090655647942674,49.51340551330847,52.93360728835653,Rooftop Garden,Cipher,Teleport Rune,Forbidden Magic,0,0,39.77550734415617,48.357123092187706,31.3299532261924,-1
1139,58.16053114752033,55.040856416067975,1.695484318707705,9.65917495238772,48.34559399539405,44.32096554005334,Crystal Cave,Symbol,Ancient Map,Lost Civilization,0,1,37.93100732836953,49.06530643876668,31.517169988160564,0
1140,58.327209793155966,54.36571786720866,1.4638269660027086,5.489831621088861,52.89724478849004,52.1343648939129,Crystal Cave,Pattern,Ancient Map,Cursed Treasure,0,0,38.153422825814005,48.54847568227966,29.31644677610307,-1
1141,59.3716619868506,55.69503456992405,1.976678606821248,15.527710826464991,50.87685508266474,54.938643817894686,Mystic Bridge,Logic,Ancient Map,Forbidden Magic,0,1,39.37377973948144,51.09706465277411,31.80470095733104,-1
1142,58.157062510230745,52.69323713065229,1.6793641440023308,18.077882312009848,51.91403700263746,48.44526131260285,Mystic Bridge,Symbol,Ancient Map,Lost Civilization,1,1,40.86655220838038,50.24949670512398,36.012633937777416,-1
1143,58.27464708444739,55.02147599689198,1.928604909810134,4.807209421678624,49.34441136516251,48.16567535409374,Rooftop Garden,Sequence,Ancient Map,Cursed Treasure,0,0,36.2161255789444,49.09002821621316,30.07793235141849,-1
1144,57.64865487390094,52.54989773208472,2.111945164853074,4.714737178631584,47.79226021666661,53.21579753243451,Rooftop Garden,Symbol,Ancient Map,Forbidden Magic,1,0,35.16707260552674,47.68552251564121,32.363003402875705,-1
1145,58.66775284295603,53.68942830035799,1.569936948581024,10.113458711775822,53.15112430369737,47.68315165130179,Crystal Cave,Logic,Ancient Map,Ancient Prophecy,0,0,34.893534729025625,47.129724591340825,30.06258794302098,-1
1146,58.57556675395067,54.06363538019917,1.87997950228584,14.695833454143006,50.63701274103168,48.333189218561365,Mystic Bridge,Symbol,Ancient Map,Lost Civilization,0,1,39.33088947395431,46.52109035110641,33.51431481990228,0
1147,59.11525742535776,52.81568428885296,1.306530765634077,4.247720176210326,51.39200057691367,50.424871299244494,Crystal Cave,Symbol,Teleport Rune,Lost Civilization,1,0,38.23249550288276,49.26886688905907,32.04761356160566,-1
1148,57.62411454001034,53.40973433717923,2.306712182317794,11.053504881462464,51.64817350654631,48.00262197461735,Mystic Bridge,Symbol,Magic Key,Ancient Prophecy,0,1,36.023086607274706,45.966964223331445,36.49919591546529,-1
1149,57.73420523300949,54.2275457069327,1.4365071974166403,6.967885807704013,50.16848751894205,52.1875612549839,Crystal Cave,Symbol,Magic Key,Forbidden Magic,0,0,36.29532115952036,49.38710620663769,31.76624055638298,-1
1150,58.97295628026389,52.60213423342928,1.6870365604750073,13.42574478554561,51.01919968501393,48.02299469435705,Mystic Bridge,Sequence,Magic Key,Lost Civilization,0,1,39.270522550966746,50.46427623348117,35.11141716486826,-1
1151,58.4218465265639,54.97711511766831,2.2402323205068497,5.9337282119627215,53.0790523595061,50.9015833692667,Rooftop Garden,Cipher,Ancient Map,Lost Civilization,0,1,39.03810764309068,50.406754810476095,34.39239892087217,-1
1152,57.252248113105,51.91846757550536,1.7655780964238204,13.783724675968914,50.647716416596914,50.71120615749126,Rooftop Garden,Pattern,Ancient Map,Forbidden Magic,1,0,38.54668191836576,46.31060566921583,30.26962159847662,-1
1153,59.453871207414615,55.23809421739776,1.473913186225761,9.135167295354885,52.11777154596019,54.15972018102117,Mystic Bridge,Pattern,Ancient Map,Ancient Prophecy,0,1,38.98904766368141,46.4095717365921,30.78019307557007,-1
1154,56.43773576604019,54.29507353280084,2.044233032063848,5.24205472315325,47.72597677544383,52.91325466573932,Crystal Cave,Cipher,Ancient Map,Forbidden Magic,0,0,35.41794578244301,47.87835241034192,29.34745888325253,-1
1155,58.90935868675394,53.19937251044964,2.034630584154284,10.247707425682416,52.40670206863255,48.67618114636586,Rooftop Garden,Cipher,Teleport Rune,Cursed Treasure,0,1,37.43531578981013,49.73909343982604,34.49943275532204,0
1156,56.84876801056092,52.881786646288674,1.6346561012426657,0.2408756955998203,48.44625459834183,46.838768983819385,Mystic Bridge,Cipher,Ancient Map,Forbidden Magic,0,0,31.912575679901472,46.34858168631894,30.482508409636583,-1
1157,59.9886932996797,52.7727894639601,1.6642567413763203,7.136738337169003,52.251560089429326,52.09492210494359,Mystic Bridge,Maze,Magic Key,Lost Civilization,0,1,37.564093286149294,49.43425249836149,33.73788169421303,-1
1158,56.5472485258528,53.1393910706818,1.6882164016508692,11.620669786806836,51.331565219486805,48.36652291311668,Crystal Cave,Pattern,Ancient Map,Cursed Treasure,0,0,38.20126866047215,48.1939348518349,29.18616527121679,-1
1159,59.23306121630269,53.22206596500212,1.7538181652175533,1.0763280830555804,50.60989447937997,49.16080815524062,Mystic Bridge,Symbol,Ancient Map,Cursed Treasure,0,1,36.10888789069744,47.96010616855063,32.294195151242384,-1
1160,57.98815746718948,54.52116933666281,1.2451023220201107,-2.919160441009982,50.61253567773667,47.35043077484091,Rooftop Garden,Mechanical,Teleport Rune,Forbidden Magic,1,0,36.876180207439,47.65374914764326,32.71563885758038,-1
1161,57.69218958003693,55.22998461817407,1.755616976267766,-1.75890662722267,50.39094913935643,51.69752982696709,Rooftop Garden,Symbol,Teleport Rune,Lost Civilization,1,0,35.97934583308972,45.827091399360114,33.36240136563854,-1
1162,58.23320829753922,53.456104046885685,2.342251249157501,16.574963195473575,49.54715436655161,48.38376720890623,Crystal Cave,Math,Magic Key,Cursed Treasure,1,1,42.39352973820856,46.47848203080841,30.351510428432228,-1
1163,58.668750748373306,52.406495443740326,1.5353013889862808,9.5569000968923,50.47729203356009,49.91239577924303,Crystal Cave,Sequence,Ancient Map,Ancient Prophecy,0,0,34.0037672587891,45.913896569052575,31.35643365976288,-1
1164,57.12150806021392,52.70180391000038,1.6260423946824272,7.279727227837906,54.1064276562952,49.95124233526884,Rooftop Garden,Cipher,Ancient Map,Lost Civilization,0,0,39.615491509247626,48.86342992043138,32.09183348597261,-1
1165,57.19919848393643,53.059851414671776,1.4429861421815229,14.66917120566238,52.755866321042255,50.45890154978478,Crystal Cave,Mechanical,Teleport Rune,Lost Civilization,0,0,39.253893642714864,47.66262000233454,32.17560150006244,-1
1166,58.65368832186213,52.20823858868111,1.9786840340408784,7.922476734601196,49.503953172088885,51.65409625429912,Rooftop Garden,Pattern,Magic Key,Forbidden Magic,0,0,38.38680693834124,48.612893688944354,31.90540637773683,0
1167,56.28585745948752,52.054844048900144,2.1529418977895416,11.28834655396552,51.22002504271176,49.39294907026445,Mystic Bridge,Pattern,Magic Key,Lost Civilization,0,0,38.950073133204526,47.24510188977145,37.7003729306928,-1
1168,57.39810809254151,55.32634369900923,2.143008669199824,10.07611000292716,50.97048284223537,48.14643104528364,Crystal Cave,Math,Teleport Rune,Ancient Prophecy,1,0,37.5043324732303,47.91383751147527,34.22870246336114,-1
1169,61.01218083596742,53.527267343052095,1.4114243353302864,7.593616622170921,50.62107809461504,45.35113841561139,Rooftop Garden,Cipher,Teleport Rune,Lost Civilization,0,0,36.74463239322509,45.963551206092696,31.58975381761621,-1
1170,56.99265764384354,52.38696432495561,1.9326629686630856,11.420607904929229,49.33833993459798,50.25657407341917,Crystal Cave,Symbol,Ancient Map,Ancient Prophecy,0,0,40.51659222404423,45.3317936340498,32.311694624012745,-1
1171,59.09767026424264,54.032150997781386,2.2097323166939247,13.817433632057003,51.51932495126414,49.607502398454926,Mystic Bridge,Sequence,Magic Key,Cursed Treasure,1,0,38.06738812791491,48.44790856068553,35.547492974309485,-1
1172,57.35313381192029,52.03265761483673,1.9293721924092844,9.02782775729523,52.12754066321647,48.22381792469752,Rooftop Garden,Symbol,Magic Key,Forbidden Magic,1,0,35.148793855375715,46.10278204638812,33.34748842955555,-1
1173,58.43736718415964,52.11045436357666,1.9168463937723368,7.650800570033735,49.61552382085873,50.15638115538134,Rooftop Garden,Maze,Teleport Rune,Lost Civilization,1,0,36.889058651494224,44.24754424522003,34.022183110857235,-1
1174,58.57193564553936,52.3988930579013,1.6286653980077943,8.24221826331523,53.80760583668636,52.139956681537214,Rooftop Garden,Symbol,Teleport Rune,Lost Civilization,1,0,36.84381899722512,49.45417801991256,32.63461354474056,-1
1175,59.03581516863202,54.85192417916888,1.8330104357557797,-1.533596220930292,53.1652035257585,52.77972021236795,Mystic Bridge,Maze,Teleport Rune,Lost Civilization,0,0,34.96902390335637,49.334010346169904,36.66755025255736,-1
1176,57.69590375393757,52.94001267976832,2.134677074647122,11.372434585534968,51.71233485735083,46.16215645393902,Rooftop Garden,Math,Magic Key,Ancient Prophecy,0,1,37.83285606874531,47.9499148372282,35.38776992055831,-1
1177,59.8743621412677,50.746674029852855,1.8590334402511888,3.912735086496704,49.05037760514346,49.09784674746166,Crystal Cave,Symbol,Teleport Rune,Cursed Treasure,0,1,39.79269734584812,43.68749981278692,31.656207997622957,-1
1178,57.28548173961221,54.39394166114385,1.382862631395828,13.108024097115834,51.50792335922117,52.40256303099607,Rooftop Garden,Cipher,Magic Key,Forbidden Magic,0,1,39.222341471006494,46.29414835673336,32.96959586737108,-1
1179,58.09840050465812,52.87299553103863,1.6172922273639054,9.508433183059749,51.33661315257107,53.99010258630756,Mystic Bridge,Symbol,Teleport Rune,Ancient Prophecy,0,0,35.995976299446944,46.95394752259734,33.12353558083924,-1
1180,58.09883990036137,51.32547652856772,2.113633810024558,10.487266642062089,51.691197111761305,47.95684086710396,Crystal Cave,Symbol,Magic Key,Ancient Prophecy,0,0,36.564475415920256,42.209642153432256,35.95476409836854,-1
1181,56.72099892034269,52.85371517370988,1.845003895557044,13.464398746723504,53.31496081899545,53.445807323081446,Mystic Bridge,Mechanical,Teleport Rune,Forbidden Magic,0,0,37.29554168090651,49.22021940532469,34.20898374921906,-1
1182,57.546520157154326,53.68692318943389,1.780016392338164,5.331210055854504,50.67308555671545,46.62475929441345,Crystal Cave,Mechanical,Magic Key,Cursed Treasure,1,1,35.35887310150796,46.30741659619044,31.97423281221972,-1
1183,57.98335268732569,53.56549561036962,1.5747960833593295,11.811131356064733,54.016550600538,52.87071140779986,Crystal Cave,Math,Ancient Map,Lost Civilization,1,1,37.30386274558792,47.76374755937491,33.578011998652755,-1
1184,57.37918642923236,54.955395109761305,2.09426976454155,11.304038910083012,51.56231305652669,49.295609169486646,Mystic Bridge,Maze,Ancient Map,Lost Civilization,0,0,35.61523949447713,49.63507778464345,33.157482369325976,0
1185,60.241721334409256,52.29975250641559,2.233089537660404,9.043058246574184,50.52458914468066,53.90705816410937,Mystic Bridge,Pattern,Magic Key,Lost Civilization,1,1,39.43875454949011,46.2654744282149,36.15331001203982,-1
1186,56.95168530804293,53.19478729512243,2.109984913110045,5.327044421422272,54.56705850346741,48.83992195936177,Mystic Bridge,Cipher,Ancient Map,Cursed Treasure,0,0,34.85791550617482,45.81301389573551,38.66184253304199,-1
1187,58.95926688213934,52.44405128546424,2.160454940319504,12.945164512300458,52.22052059407552,49.22527318309916,Mystic Bridge,Symbol,Ancient Map,Ancient Prophecy,0,0,37.35550656488365,50.166340738261646,35.91015509482105,-1
1188,58.62585758252335,51.59698765816087,1.6167019097069713,13.48722693066315,50.301253080815385,49.66651842699038,Rooftop Garden,Sequence,Ancient Map,Lost Civilization,0,1,40.192633018898334,43.11297795980362,34.45374939956851,-1
1189,57.74511301640112,54.020274527863215,1.5708866224611142,10.538930103204452,51.117330929977776,46.157374613192765,Mystic Bridge,Sequence,Magic Key,Ancient Prophecy,0,0,39.50439083834859,43.56456814073067,34.09594104705187,-1
1190,56.88336560765764,53.59358995857766,1.6706448030870458,4.6203579061709625,51.95148853464677,45.59381832310335,Crystal Cave,Logic,Magic Key,Lost Civilization,0,1,35.024852540845416,49.655011350176494,32.121819986927875,-1
1191,56.969941083496245,53.40957871940201,1.7257189576764962,7.335559076725818,50.77996108926541,51.27538548260178,Rooftop Garden,Symbol,Ancient Map,Ancient Prophecy,0,0,39.94560510215252,44.62383494033946,33.96444137608021,-1
1192,57.209873181303735,53.54827700534775,2.1400393690113373,9.672059129565346,51.21470858550624,52.47115586838339,Mystic Bridge,Symbol,Magic Key,Ancient Prophecy,1,0,41.65858304571419,50.23230136991299,31.601579979892183,-1
1193,55.9317657117202,52.43160717958867,2.057073920800536,13.417098234141264,49.79561590687928,51.51894375710276,Rooftop Garden,Math,Ancient Map,Cursed Treasure,0,1,38.57796920399704,47.415024615844565,33.498241195978096,0
1194,56.70373061956574,52.10698485861428,1.8654113880532277,2.058065462056588,48.50118427793724,46.86506096455369,Crystal Cave,Sequence,Magic Key,Ancient Prophecy,1,0,33.70203657196772,46.74113370830077,29.347528977223742,-1
1195,56.21443122206811,53.14593394086621,1.2710656194754508,7.157366368916554,51.19613990516772,51.2004718626801,Crystal Cave,Pattern,Magic Key,Ancient Prophecy,0,0,36.41377575266935,46.30332513771126,30.46302062200372,-1
1196,59.032517174636574,54.26511131859954,1.1905547738035347,7.963876351592115,51.25406744058688,47.524490065740736,Crystal Cave,Pattern,Ancient Map,Cursed Treasure,0,0,35.359787079765034,46.58559050821411,27.509863223203244,-1
1197,58.29486184120224,54.70759713945308,1.7656286259896687,9.561970951849528,51.84219967463638,51.01913177055916,Rooftop Garden,Symbol,Magic Key,Lost Civilization,1,0,36.10178117514554,47.911249587687045,35.17222244668897,-1
1198,58.45215376950479,53.89057955450895,1.954086234459622,3.4722763616721872,50.19470995549541,52.82824786300609,Rooftop Garden,Sequence,Ancient Map,Ancient Prophecy,0,0,32.74759689340273,46.00791191624559,32.123931650258605,-1
1199,58.24481488939229,53.11995488960784,1.6626438212536514,8.892047056929943,49.0556168073456,50.91866713333754,Mystic Bridge,Pattern,Magic Key,Lost Civilization,1,0,36.35757308571142,49.41042779404833,32.991028795419375,-1
1200,57.81277697446917,53.3562047943359,2.257481342243758,8.428085527025452,49.6258946374242,53.67133475560483,Mystic Bridge,Symbol,Teleport Rune,Forbidden Magic,0,1,34.75105134240669,45.789024760489326,33.69183142895694,-1
1201,59.0963393430819,53.093661928813205,1.3547633233417058,4.793320622471572,52.66474428621973,49.62503132161814,Mystic Bridge,Symbol,Teleport Rune,Forbidden Magic,0,1,38.14391325642198,48.71120672855555,28.06301594162966,0
1202,57.01476936180173,52.051778752269385,1.3134654881638448,9.392202920720536,50.08876806413121,49.45837669673909,Crystal Cave,Sequence,Ancient Map,Cursed Treasure,0,1,35.52820544211658,48.46441419567757,29.32992174962113,0
1203,57.72209812624351,53.09803032603868,1.4731522084849065,7.276940448391089,50.43293386473397,50.16837824445195,Mystic Bridge,Logic,Teleport Rune,Forbidden Magic,0,0,37.36958359329659,45.49283892113368,30.047652451089203,-1
1204,58.35240729857367,51.734223834902245,1.45820295699867,12.46144596355513,50.63478409555898,46.643397290503145,Rooftop Garden,Math,Magic Key,Ancient Prophecy,0,0,40.24569104965761,47.09409634037637,31.12064888035942,-1
1205,56.27408288483186,52.94064799525415,1.8232238955976343,5.557590991453978,50.18181792987552,48.99262231095721,Mystic Bridge,Mechanical,Ancient Map,Lost Civilization,0,1,37.77441185135236,45.30705755243865,35.399875005962855,-1
1206,60.681848404136176,54.69651178040003,1.5352611895255197,10.434097178240757,50.07822218781892,49.21216707564984,Crystal Cave,Cipher,Magic Key,Cursed Treasure,1,1,38.83248911333187,47.95615123617757,34.527389364014454,-1
1207,57.60381650651135,53.87895423596536,1.1938500155042695,5.943664377126258,49.81863768888672,49.2900001417828,Mystic Bridge,Math,Teleport Rune,Cursed Treasure,0,0,36.96666421492427,46.76172563005183,29.222254590738267,-1
1208,57.70725537331587,52.12867108258279,1.9220941016280475,6.9875035916264565,53.23357072482904,50.67072791790853,Crystal Cave,Sequence,Ancient Map,Lost Civilization,1,0,37.40560730260446,45.74590289382686,31.78460431842448,-1
1209,58.81218317528353,52.97506337637601,1.12304460316223,11.473383362516694,52.15997779498522,46.299177200441775,Crystal Cave,Sequence,Ancient Map,Lost Civilization,0,0,41.27350767696949,47.83011266629175,29.08394977876943,-1
1210,58.46032383770702,52.20882525430223,1.3260657402882865,11.161148551163166,53.01877677640403,47.13596504034875,Crystal Cave,Math,Ancient Map,Cursed Treasure,0,0,39.99165502614105,44.72169936271139,32.77286968711127,0
1211,57.57353412352097,52.97640387401151,1.1570118767183872,7.903067857414165,53.32825189807748,52.830173991596176,Mystic Bridge,Logic,Teleport Rune,Ancient Prophecy,0,0,39.521730808910256,49.6075849159752,31.07568852943682,-1
1212,57.655697477870135,54.07574850616674,1.7023446915313625,8.64172878140927,47.63659687465959,44.98187943984048,Rooftop Garden,Maze,Ancient Map,Lost Civilization,1,1,33.85663420458363,45.21726792579191,27.477032310172252,-1
1213,56.01155587833156,53.68337866193109,1.6923991078838772,2.7213369687518414,51.68375036313728,51.54092767218211,Mystic Bridge,Symbol,Teleport Rune,Lost Civilization,0,0,33.09479259748078,45.38093802481493,31.604286433055428,-1
1214,56.94939953219561,55.51025184005013,2.2078898078266227,17.003762285962097,50.29642966198004,49.06610079800579,Crystal Cave,Sequence,Magic Key,Cursed Treasure,1,0,41.33440207355385,48.41186914920124,36.60292190679608,-1
1215,58.01326105538574,54.21432921435466,1.9034626636401584,13.427778477837164,52.85801853755689,50.40030620415863,Mystic Bridge,Pattern,Magic Key,Lost Civilization,0,0,39.99769385037824,47.776629449525664,34.627371838208795,-1
1216,57.9301539327793,53.22160327745498,2.058162322032389,13.248276713942229,50.07768083229046,53.89524696333485,Mystic Bridge,Maze,Teleport Rune,Lost Civilization,0,0,38.48248428240519,47.98177287318869,33.36607254139596,-1
1217,58.697661920247725,53.69051100213287,1.7085980149961963,2.0163995608434124,49.61572353956846,49.67204303533669,Mystic Bridge,Symbol,Ancient Map,Lost Civilization,0,0,34.875417253681626,47.67616726072053,30.86466595949691,-1
1218,57.34625510694921,52.80668304760974,1.3252752859918386,7.014619083285803,49.05291675427623,51.56347001376442,Crystal Cave,Symbol,Teleport Rune,Cursed Treasure,0,1,38.08950787841312,43.52054051692473,28.907644239239016,0
1219,56.069754661270224,51.87739424572533,1.6531200939513344,8.319831514488587,50.75698724790991,50.14641741920479,Crystal Cave,Mechanical,Ancient Map,Ancient Prophecy,0,0,32.17864810823046,48.43870707075096,33.07889513751715,-1
1220,58.50408172553599,54.30645443437224,1.7887405734950304,0.3377310247995293,52.59040813952242,49.72655957561674,Mystic Bridge,Symbol,Magic Key,Cursed Treasure,0,1,36.78815071338692,47.97792081888411,33.7342877756979,-1
1221,58.87377596721523,54.00545580354703,1.8184766297115105,14.443250002947988,51.60920812930619,49.4170617553991,Mystic Bridge,Symbol,Teleport Rune,Forbidden Magic,1,0,39.838617113295165,48.60857928554436,34.62054296531373,0
1222,58.326291821810194,52.751203704788274,1.4619248106918843,17.263367213912865,49.42792825668579,51.75264587126557,Mystic Bridge,Cipher,Ancient Map,Lost Civilization,0,1,39.19710622207545,51.21573868402661,31.65495792879056,-1
1223,57.25479960284935,53.26199438626969,1.7465925397253366,20.304049010098097,54.46780879801804,48.17099533469665,Rooftop Garden,Math,Magic Key,Forbidden Magic,0,1,41.44897626854533,50.74984238970649,34.259714801092855,-1
1224,58.453230842101945,54.22480571879624,1.31635066476438,4.765368761023877,52.220023653586544,47.16994202862184,Crystal Cave,Symbol,Teleport Rune,Forbidden Magic,1,0,35.7294509689981,48.82242726029668,32.14383408760879,-1
1225,60.82819237119955,53.82603300670979,1.2795727612749952,10.581803260287591,52.418702290191895,50.18618743357772,Rooftop Garden,Sequence,Teleport Rune,Cursed Treasure,1,1,39.72949387025775,45.41582389531565,30.142577230058,-1
1226,57.50489699147437,51.51240256024247,1.2541123452661145,16.609659207714508,53.18697753712524,50.48196000897124,Crystal Cave,Symbol,Magic Key,Forbidden Magic,1,1,39.39334435541826,43.98340735938657,31.51360088754969,-1
1227,56.06849654368345,53.214953260717714,1.592522221020658,8.727841760812652,48.80593371753487,45.4396045865026,Mystic Bridge,Math,Ancient Map,Cursed Treasure,1,1,37.7485103024208,49.33574270102501,33.45495658767065,-1
1228,56.7844626142443,52.79953835304826,1.2280653415045304,7.161345087079181,49.90590418973389,49.97378142847334,Rooftop Garden,Sequence,Magic Key,Ancient Prophecy,1,0,36.53744473703686,46.137226190440174,29.886633516243126,-1
1229,57.986764054607136,54.07601444335713,1.4502701239209084,0.6665309959216277,52.51434609134198,46.93280769696372,Mystic Bridge,Math,Teleport Rune,Ancient Prophecy,1,0,31.17377842931422,48.01924961289424,31.623872440956703,-1
1230,55.74705018995967,53.98990758983037,1.8448411801846,15.66005056593189,50.07047045236303,51.56710776861955,Rooftop Garden,Sequence,Ancient Map,Lost Civilization,1,1,35.362057678748926,45.51609246708325,32.83556880566709,0
1231,57.51185017152437,54.27333104195109,1.2614958782322985,9.90093761570907,50.8807817239337,45.490787860258415,Mystic Bridge,Cipher,Teleport Rune,Lost Civilization,0,0,35.30905898122949,49.05919052989032,28.15523370433621,-1
1232,57.71340258477641,51.83269450839706,1.4152057437500931,6.350819425358118,51.1833899103352,54.812689574657725,Crystal Cave,Symbol,Teleport Rune,Lost Civilization,0,0,37.44637671203044,48.80238977879754,31.694214499777463,-1
1233,58.85883284684966,52.16235023172115,1.584249526690314,11.417086698056098,49.39056660359592,49.15450395841043,Mystic Bridge,Sequence,Magic Key,Forbidden Magic,0,1,39.85413056057213,49.43885873456665,34.424369440835456,-1
1234,58.62457756277058,54.05642442055992,1.633083434359074,10.763082847755328,50.77209742082659,47.83759512878172,Crystal Cave,Maze,Magic Key,Cursed Treasure,1,0,41.74438576149736,47.09761694009613,30.30115373941066,-1
1235,58.16966561736373,52.34658370236123,1.4054840501639223,10.839591430392966,52.69170110939301,49.29256884907952,Mystic Bridge,Maze,Magic Key,Ancient Prophecy,0,0,36.124815977601,48.47070574528973,32.501897055884065,-1
1236,55.13312654506123,51.41269139931982,1.7875799678659308,8.913029747173352,52.42072466109846,51.39067714658473,Mystic Bridge,Sequence,Magic Key,Forbidden Magic,0,1,38.37229079096437,46.2828552741707,33.313693720190685,-1
1237,58.207610116244574,53.46262307422296,1.7249054269023238,18.11051919588487,53.002637688308255,52.22617522308735,Crystal Cave,Maze,Magic Key,Cursed Treasure,0,0,36.481964498558646,49.78492082530988,33.302765762290406,-1
1238,57.98284860086015,52.378717711129006,1.8859717903934772,9.330622281762665,52.85447557381512,49.31422172493791,Crystal Cave,Mechanical,Magic Key,Ancient Prophecy,0,1,37.62441176002713,47.2280631113658,33.83686944981388,0
1239,57.524084703524586,54.71164385944157,1.5157768007647878,18.095708078139253,51.95499279154813,46.40327396296952,Rooftop Garden,Symbol,Teleport Rune,Forbidden Magic,0,0,40.43357004564592,47.04089706755301,33.46922136637452,-1
1240,55.5287502877854,53.21396196832656,1.3826520144935506,12.819843279133634,51.84269373622635,46.96925716594455,Mystic Bridge,Symbol,Teleport Rune,Forbidden Magic,0,1,37.64638366955019,50.25862731106237,29.255712244046148,-1
1241,56.473057658595614,53.07396842813976,1.3279462541079388,11.755254513458896,51.73914003490452,50.71596924685186,Rooftop Garden,Math,Teleport Rune,Forbidden Magic,1,0,36.79121991368094,47.6966842152352,32.5587025470328,0
1242,56.07389510872916,52.54040439345945,1.6210804575511126,9.4331593874554,50.42501474488138,52.46831782377613,Rooftop Garden,Mechanical,Ancient Map,Cursed Treasure,0,1,36.71007606519501,46.16036651891073,31.83509812847861,-1
1243,55.21662299585884,54.496430193432055,1.4120601609351884,14.869430177245691,49.82708358156288,52.7936881289603,Crystal Cave,Logic,Magic Key,Forbidden Magic,1,0,35.12036370941842,48.46847811949886,27.036337154808976,-1
1244,57.21965717740041,53.260103339086825,1.3506892223857996,10.56470330437055,50.34399326554951,50.42023143852696,Crystal Cave,Symbol,Teleport Rune,Forbidden Magic,0,0,39.23152827134425,45.87759038070879,31.33443001691193,-1
1245,56.41571852662268,52.48901084037752,1.3831860168743075,5.339170349017511,50.89570725003704,52.41824891545356,Mystic Bridge,Pattern,Magic Key,Lost Civilization,1,0,35.95076308758574,47.751953291377816,31.20843747263575,-1
1246,59.82984206256926,52.0993956052661,1.3087960859254608,5.172431628710219,50.40734744733184,54.78087304398,Rooftop Garden,Logic,Magic Key,Lost Civilization,0,0,38.17410155311836,46.158446927559496,28.695350471851484,-1
1247,57.02678798099388,52.81598269897594,1.569839809831084,12.112366053393089,52.018142188562834,52.97586928184073,Mystic Bridge,Symbol,Teleport Rune,Forbidden Magic,1,1,37.29174968150609,45.7852265137983,32.60957355114199,-1
1248,58.48036420696511,51.90779286068782,1.0825881894159783,5.463083078737116,51.70651857605279,52.30509475351093,Rooftop Garden,Symbol,Teleport Rune,Ancient Prophecy,0,0,36.071184198302525,51.43055738360495,27.55108240548742,-1
1249,55.60859093797509,53.910308600734325,1.593497338181514,9.688840981326898,51.87391500431848,47.98360704226929,Crystal Cave,Maze,Ancient Map,Ancient Prophecy,1,0,37.32126864551367,46.097414365894025,30.94153934249457,-1
1250,56.63870715722602,51.06908809740387,1.7017862373687112,15.285921921306947,51.94326857151543,52.40654905107001,Mystic Bridge,Logic,Magic Key,Forbidden Magic,0,1,41.74894857064252,46.84358272531684,32.85273056906379,0
1251,57.25682935663757,52.733922660850645,1.3207870936268689,11.519837281122864,53.215851687331714,51.15308119472187,Rooftop Garden,Maze,Teleport Rune,Lost Civilization,1,1,35.02278661712094,47.67050927780439,28.519839343537395,-1
1252,56.24294031371806,53.47958433160623,2.0678914242883386,6.389283403865057,51.41566822171514,51.626614070917846,Crystal Cave,Cipher,Teleport Rune,Cursed Treasure,0,0,32.77440885980258,45.66764812377671,31.676629651753355,-1
1253,56.72008449085698,53.20759187771073,1.4927967389744694,17.049850878250226,52.94722584286726,53.15276569736128,Rooftop Garden,Math,Ancient Map,Cursed Treasure,0,0,39.679416582767104,47.16009810278097,30.441036758807154,-1
1254,56.915553401353314,52.144218743558696,1.0153381644016397,12.739229270677114,52.21566609416836,50.89639462092048,Mystic Bridge,Symbol,Magic Key,Cursed Treasure,0,0,37.306700649306485,44.25898322236525,30.327530670791354,-1
1255,56.89084375939319,53.51779728426002,1.3955998258419788,15.088741988226634,53.14132684212467,49.74363417334634,Crystal Cave,Symbol,Teleport Rune,Forbidden Magic,0,0,38.909340395448886,52.22370190728629,33.035740894718586,-1
1256,58.97114614684824,51.96754366624079,1.4950023187297024,-1.3381064962491074,53.87488176577563,47.3253354808477,Rooftop Garden,Logic,Teleport Rune,Cursed Treasure,0,0,34.93367711003553,46.6163416698501,31.131845246333363,-1
1257,57.4855581660999,52.827250505358464,1.6071298727892636,11.653841979936075,52.32394374094453,49.25870920588669,Rooftop Garden,Sequence,Magic Key,Lost Civilization,1,1,39.23150622934815,47.07823753039874,30.692629395427105,-1
1258,57.57817531421178,53.49753648525365,1.3914461473091,14.21024334075052,51.62062586526982,50.53213066790671,Mystic Bridge,Math,Magic Key,Forbidden Magic,1,1,38.23765133031234,51.66280670845504,31.652321741953603,-1
1259,57.6296810455481,53.30467510238082,1.1614417019126149,18.500758142168507,51.61691098351429,50.69404835045632,Mystic Bridge,Math,Ancient Map,Cursed Treasure,0,0,37.71161249018088,45.98870105955284,30.676522097777195,-1
1260,57.6940429031041,52.162798393258726,1.1326580749304238,2.680066983569585,50.771647435740284,50.60969074667581,Mystic Bridge,Symbol,Magic Key,Lost Civilization,0,0,33.84073791474939,49.257106407550594,28.515978541784097,0
1261,56.98994861610469,54.031414689161565,1.2613141600960465,16.029562026007387,50.72715704899447,52.39877464940261,Crystal Cave,Symbol,Ancient Map,Cursed Treasure,0,0,38.68193446767604,49.1524746500578,34.06627581009641,-1
1262,56.74353720709453,52.916705212055376,1.2863054454896132,18.220703886584445,52.841881029091965,52.16341175054281,Crystal Cave,Symbol,Magic Key,Ancient Prophecy,0,1,37.002392552489255,43.65209940810072,31.934944646669265,-1
1263,57.22257660551397,53.56910423343298,1.109392550302576,-0.0878448476447548,50.04906104821428,49.8447793963585,Mystic Bridge,Sequence,Magic Key,Ancient Prophecy,1,0,34.23348469551298,46.766003725634405,29.12177057060939,0
1264,58.2040705353209,54.351315738912746,1.226290447374952,12.391337371719004,53.92255771704661,47.88184473136013,Crystal Cave,Maze,Magic Key,Lost Civilization,1,0,38.76135284413724,49.703644543176274,31.09425972229874,-1
1265,58.16503997211888,53.93584893242429,1.640224612690234,13.086251880986945,51.27861712234331,50.95839484194393,Rooftop Garden,Pattern,Magic Key,Lost Civilization,0,1,38.10929234782512,48.081961333517285,34.21787091996174,-1
1266,56.78996774571845,53.93457919687077,1.9331667741755965,8.362859686599766,55.8050929282418,55.61584386903864,Mystic Bridge,Cipher,Ancient Map,Ancient Prophecy,0,0,37.00128282099459,48.99174415100959,36.72530235208884,-1
1267,57.78980367754586,53.00325889654682,1.6615409323452446,7.547160094161106,50.47804777228146,50.80310693819761,Crystal Cave,Pattern,Ancient Map,Lost Civilization,0,1,33.70947307305122,45.983561297827045,28.40989867541576,-1
1268,56.81899848806319,53.60065104679321,1.8229238729175223,13.336620560041965,51.89871974238905,49.26019011906695,Crystal Cave,Symbol,Teleport Rune,Forbidden Magic,1,0,36.18601658372402,46.4744546947135,31.849433048383148,-1
1269,57.039106358234726,53.01645725639256,1.7196681315122715,6.922145030581616,51.00134842224572,51.3395903811679,Mystic Bridge,Symbol,Teleport Rune,Forbidden Magic,0,1,34.014709551508105,46.69497631623792,31.48577432019444,-1
1270,56.52339465683953,51.58968878046034,1.6736428609651737,8.910494164967385,50.345152560763815,51.48934064690318,Mystic Bridge,Logic,Ancient Map,Ancient Prophecy,0,1,38.34689851948878,50.10443143356491,31.84324542202701,-1
1271,56.80698478311345,53.09791743129624,1.3186403944397127,14.05858652648626,53.136105890643975,51.46162650101444,Crystal Cave,Logic,Ancient Map,Forbidden Magic,0,0,42.91409483297521,45.98041223845169,33.09688434579178,-1
1272,58.32170161106831,53.047702850873215,1.4585325991300573,18.766282695714885,49.88767092586426,53.43220048761425,Crystal Cave,Logic,Magic Key,Lost Civilization,1,1,38.8612666154109,46.14651482078122,28.63766188553876,-1
1273,57.06456412577748,53.37124730841254,1.2863583580592748,12.685628435454106,50.53745738870071,50.96523239238368,Mystic Bridge,Pattern,Magic Key,Lost Civilization,0,1,37.57394253216784,47.52505753226797,30.255347166370765,-1
1274,57.09922682258402,52.65570491643913,1.343101811511465,10.662753385998927,52.43658561505876,53.31353058852587,Crystal Cave,Maze,Ancient Map,Forbidden Magic,0,1,36.07150362411912,44.42000324459454,34.98923322129162,-1
1275,55.50855784999906,52.01843815822173,1.4255790750017678,7.412951529918084,52.68005403429648,50.575585284343774,Rooftop Garden,Pattern,Magic Key,Ancient Prophecy,0,0,35.971470650590746,47.81281396389262,32.10046412175119,-1
1276,56.63839309714339,53.43259951360256,1.6154991710229836,4.941531002994696,49.48026120930037,53.781245668772186,Crystal Cave,Sequence,Teleport Rune,Ancient Prophecy,0,1,34.24867786034413,44.7228626513956,29.81353642832665,0
1277,56.69821361720941,51.45902876423492,1.524732327080112,15.541998876159452,52.4460508433243,53.01683798934901,Rooftop Garden,Logic,Ancient Map,Lost Civilization,0,1,39.24708758666785,44.33604588032146,29.65353113914516,-1
1278,56.10230677241514,54.22733572750282,1.3454983373150764,9.22641908547085,51.77230110567,52.30449852888225,Rooftop Garden,Math,Magic Key,Ancient Prophecy,0,0,37.75936302253351,46.04308686047199,30.294339651218245,-1
1279,56.94506770696199,52.53332200315303,1.4070265683720682,15.746729597629432,50.207751359665885,51.97296433940725,Crystal Cave,Symbol,Teleport Rune,Ancient Prophecy,1,1,36.4434096276845,43.53371359547352,28.574485349268805,-1
1280,56.48620242239599,53.00649965510327,1.5167281139702982,8.344982928967996,50.4063685910112,55.75379419267605,Crystal Cave,Mechanical,Ancient Map,Ancient Prophecy,0,1,36.93824496317792,49.7224793819356,30.480896597250315,-1
1281,56.98739344436768,53.31576901439184,1.5832378535361875,6.7458123189927575,48.54483748266063,52.69154397166608,Mystic Bridge,Symbol,Ancient Map,Lost Civilization,0,1,32.62806771588034,48.07318333421013,31.68973743203029,-1
1282,57.02094401344784,53.34414625676009,0.9236581370570798,12.09574758975984,54.1764741268248,47.87670748843872,Rooftop Garden,Sequence,Ancient Map,Cursed Treasure,0,0,37.32822275611575,50.02097166891916,30.856787658938096,-1
1283,55.93576067688296,51.34072924885232,1.052484022620212,9.608555182870518,53.12869999567725,50.6147513786708,Crystal Cave,Maze,Magic Key,Cursed Treasure,0,0,35.79666211002939,48.22677654209046,29.81425558947503,-1
1284,56.48491797813627,53.57006346563064,1.7042449675087648,3.963057804333728,49.67708267172689,49.33820807943184,Rooftop Garden,Sequence,Magic Key,Ancient Prophecy,0,1,34.621594027151694,47.09824057194349,28.074155354255744,-1
1285,56.95312954209344,53.04540206242236,1.3501493092051864,19.07699263989996,52.81436133442601,55.16119079199488,Mystic Bridge,Maze,Teleport Rune,Cursed Treasure,0,0,39.27085460444361,47.63561198929985,33.4717679178312,-1
1286,58.05222103966004,52.10326622437931,1.2375530594775654,6.854666502032929,50.7601346713854,53.12859389898864,Rooftop Garden,Sequence,Magic Key,Ancient Prophecy,1,0,35.89787833327313,48.65173843930966,29.62531548042606,-1
1287,57.11683805828098,51.98514807204217,1.2820997440580688,14.626961573853324,52.99852097770466,55.07987756155271,Crystal Cave,Pattern,Magic Key,Lost Civilization,0,0,38.12662695033482,50.2661660648558,31.843632886362467,-1
1288,56.1904119874092,52.39705740733736,1.2784194401182,14.19768993016512,50.88730032968874,48.100013679413046,Crystal Cave,Mechanical,Ancient Map,Forbidden Magic,0,0,38.44982955504875,44.33921896943033,28.733856567694808,-1
1289,57.24361129001341,51.42867233471478,1.5213019153236491,3.690479992864205,51.09145347657734,52.75418669637491,Rooftop Garden,Cipher,Teleport Rune,Lost Civilization,0,1,35.985825186642806,51.25828843217576,30.81302168514365,-1
1290,58.54444594157097,54.44599302290865,1.0179135203190908,4.975226848628106,51.20900598077806,46.58867754240992,Mystic Bridge,Cipher,Ancient Map,Forbidden Magic,0,0,36.84963430893028,45.72269391522073,28.51632629274197,-1
1291,57.74592528048209,54.20619665943822,1.3541581335605122,8.478973848499063,50.660504362872885,46.01966916465504,Rooftop Garden,Logic,Magic Key,Lost Civilization,0,1,36.04405247554602,47.15252843642905,28.079047095135813,0
1292,57.36909840395584,53.16807334250381,1.4169752173910906,5.6576275214302285,53.75042306396673,49.007609668814766,Crystal Cave,Pattern,Ancient Map,Forbidden Magic,1,0,38.27942059531213,48.11587253609541,30.7271833575038,0
1293,57.539546500122896,52.48931065033253,1.458444284215723,18.61746602411353,53.00425315293586,53.78093784373926,Mystic Bridge,Sequence,Magic Key,Forbidden Magic,0,0,43.1596778746242,47.675177514547634,32.30648901678924,-1
1294,58.24632627788274,52.51194513482295,1.4028562439367374,8.983614125270126,51.82630007371733,47.51846239761522,Rooftop Garden,Maze,Ancient Map,Cursed Treasure,0,0,35.06605137422017,51.05128578259928,32.12172004997024,-1
1295,57.87444647786781,53.46347102895525,1.4872113780057523,14.432529893113026,53.20311196068922,49.957970382941895,Rooftop Garden,Sequence,Teleport Rune,Lost Civilization,1,1,39.38296516655444,50.08886624539127,31.182534179307027,-1
1296,57.35805912252431,54.45959257920673,1.1570826577845552,12.551248220179112,49.23050234142951,52.97210717051472,Mystic Bridge,Pattern,Teleport Rune,Forbidden Magic,0,0,37.24392607451934,48.7934850554458,26.83818338786388,-1
1297,57.852451702979465,52.12773746687239,1.0428124097479123,11.302434343793594,49.83323960328133,52.116032902898255,Rooftop Garden,Cipher,Ancient Map,Ancient Prophecy,1,0,39.95339743071576,48.52705076486147,28.374993346861206,-1
1298,55.694700887487215,51.57692487336033,2.058926222163448,10.183173204809677,52.392545335432864,55.54046644678215,Mystic Bridge,Mechanical,Teleport Rune,Ancient Prophecy,0,0,36.44658409151822,47.27386101832997,35.99123599963775,-1
1299,55.266661063791375,54.2385365947238,1.2279272776401753,16.166449972214075,52.78877091775628,50.00842998052465,Mystic Bridge,Mechanical,Ancient Map,Lost Civilization,1,1,38.11628752574532,47.17389959084635,29.427789432234185,-1
1300,56.91863120449935,50.90015034717036,1.2594624698268062,5.854545079830968,52.109297674949296,48.89592613842333,Mystic Bridge,Cipher,Ancient Map,Lost Civilization,0,0,36.89747789343178,47.02324171302877,31.118262970503523,-1
1301,56.82285147958336,51.67515946143175,1.5146535020533904,18.61088424434365,48.87083190248564,47.26379729730256,Mystic Bridge,Maze,Ancient Map,Ancient Prophecy,0,1,39.0818982439926,46.08188452153728,29.17315112991634,-1
1302,56.20293098354448,52.43324194619907,1.7866416547336748,3.542273768681621,50.106026885426814,49.0800001497065,Rooftop Garden,Logic,Magic Key,Forbidden Magic,0,1,38.139402875527175,45.03876314381456,34.45660104343818,-1
1303,57.56539609743567,51.11608418678975,1.1409807572628758,13.885114513334711,52.3290383357244,47.24100260203524,Rooftop Garden,Cipher,Ancient Map,Ancient Prophecy,0,1,39.72425146909491,48.77264707760095,29.71523061566238,-1
1304,54.86941442719273,53.78509279287965,1.001230065771066,2.950887035740621,55.34844785161727,45.508886800225966,Crystal Cave,Cipher,Ancient Map,Ancient Prophecy,1,0,35.670129756987485,48.610343439098735,33.003156386041354,-1
1305,56.19027261085052,53.52628334835454,0.9247754205451292,8.397313262060342,53.54016422606921,54.90848145335522,Mystic Bridge,Symbol,Teleport Rune,Forbidden Magic,1,0,35.79224635320015,45.93542984744064,32.49932078855387,-1
1306,56.23288851394738,52.09102748338391,1.7719115938673446,10.44150964016138,54.08377432767942,50.12226699818848,Crystal Cave,Logic,Ancient Map,Cursed Treasure,0,0,36.62647467724496,45.35516384472706,37.21249482212241,-1
1307,55.07437387539912,53.94188576014604,0.9791176509449568,7.54058637266821,52.23189541798419,56.47866717807282,Crystal Cave,Math,Ancient Map,Ancient Prophecy,0,0,36.93004995616794,49.27569118644239,27.32579403393466,-1
1308,58.198270749982974,54.10802330997678,1.278864898315643,9.064802677405314,52.22549982695383,47.90177890831879,Rooftop Garden,Cipher,Teleport Rune,Ancient Prophecy,0,1,39.06076778973055,50.41958086238988,28.43198886786018,-1
1309,55.3372351072708,52.54202779670998,0.9905402693744404,3.03736993766638,50.18095780605911,48.92797847823998,Rooftop Garden,Pattern,Teleport Rune,Cursed Treasure,1,0,31.616214980997142,47.77891558722183,31.3830789064355,-1
1310,56.10102557299467,52.201006166238784,0.8458252843679317,5.034025730156474,53.16330823220024,48.06157747060724,Rooftop Garden,Pattern,Ancient Map,Cursed Treasure,1,0,35.426088255809375,48.14582879951067,31.967923197785208,-1
1311,57.59030733344383,54.90776061826326,1.189238288667933,12.46164175232245,51.6301581540492,48.39810983751809,Rooftop Garden,Symbol,Ancient Map,Lost Civilization,0,0,39.240352816895886,47.140817193921954,29.33817730685718,-1
1312,57.32136762486936,53.36581301972409,0.992246415917654,10.117701731430492,52.78335115155476,52.18400936052361,Crystal Cave,Maze,Ancient Map,Forbidden Magic,1,0,37.16752984435737,48.09850844410777,23.88667385325426,-1
1313,55.56017512039743,52.897476830601285,1.06273828738958,6.515711116808781,51.79457023979368,51.41580991566094,Mystic Bridge,Cipher,Teleport Rune,Forbidden Magic,1,1,36.04867353864775,46.72692721011774,30.31001250787473,-1
1314,57.34389946007381,54.00120748957635,1.8687158122677747,16.588732951676818,52.17147262833348,52.18852356354441,Crystal Cave,Logic,Ancient Map,Lost Civilization,1,0,39.20697106585594,47.84520740916465,30.52560404817696,-1
1315,56.9442881304168,52.93610994096449,1.3910238412631422,3.8666667785197752,51.62542317377889,53.35567898037985,Crystal Cave,Cipher,Ancient Map,Cursed Treasure,0,0,30.833071023894718,47.15677707998653,29.72140799734909,0
1316,58.980665650029295,52.1250848931662,1.5396800411487246,8.157330345539227,52.098138746583885,52.76838761041871,Rooftop Garden,Mechanical,Teleport Rune,Forbidden Magic,0,0,35.21381561373501,45.587315688090186,32.57017443329998,-1
1317,57.04473004323248,52.70739983514493,1.5043348663051028,7.435946935943082,53.26546880137045,47.47877563889503,Mystic Bridge,Mechanical,Magic Key,Forbidden Magic,1,0,38.40759097510805,49.05160677011138,33.28136048137037,-1
1318,56.49274051597543,53.662437392316114,1.2233903574099323,13.038346374869564,49.87012776986893,48.69045359082743,Crystal Cave,Mechanical,Ancient Map,Ancient Prophecy,0,0,37.31838772120146,45.519499855089066,32.99125474646176,-1
1319,55.770706327656576,50.62814901604212,1.1184587751516963,10.20289085992288,49.53417227593542,50.30370702517909,Rooftop Garden,Cipher,Teleport Rune,Lost Civilization,0,1,36.90267304505568,42.74928286272609,28.49544812142497,-1
1320,55.87622417029532,52.32886377966195,1.321794513138259,9.420144600395693,52.41640230827773,59.319583361907966,Rooftop Garden,Maze,Teleport Rune,Forbidden Magic,0,1,36.344464276313495,45.54307968625925,29.542774021090416,-1
1321,55.78799106556221,53.99652032593636,1.2944035905862383,0.7387700049638539,53.942482011193285,51.93100035532844,Mystic Bridge,Mechanical,Ancient Map,Forbidden Magic,0,0,32.043829043169204,50.352850842442464,33.98343932608596,-1
1322,57.978185036258566,52.098171418257294,1.069995532505028,14.283892882856756,54.324718130438185,50.266722021016975,Crystal Cave,Symbol,Ancient Map,Forbidden Magic,0,0,38.137921942966045,48.0119807441972,32.19648232095404,-1
1323,56.61841570211821,54.15273376768933,1.2763750566457293,8.868442626888841,49.95293196092676,51.683186804364375,Mystic Bridge,Sequence,Teleport Rune,Forbidden Magic,0,0,37.28948116301392,44.33101622157455,29.35570234009718,-1
1324,57.15908604484159,54.01796292257428,1.022320280093069,10.53471227822084,51.189147981621495,48.49221486397286,Mystic Bridge,Logic,Teleport Rune,Lost Civilization,0,0,38.31785758176556,49.24495101672869,29.74737609972985,0
1325,58.1015132888626,52.53429240383963,1.1795954143440928,6.212410848430393,49.57851258956632,50.65606377750576,Mystic Bridge,Sequence,Magic Key,Lost Civilization,0,0,41.10145016880731,46.59269104155673,28.751570610229603,-1
1326,54.22226201384643,52.0278931627891,1.127276650686705,5.424887165019973,50.97525998240646,52.38665546202518,Crystal Cave,Maze,Teleport Rune,Forbidden Magic,0,0,33.205339000258626,45.77981187017768,31.380808983317763,-1
1327,57.853094151658624,52.30569308616092,0.8440442931998632,17.449258075053386,53.48925665520208,49.92751078864665,Rooftop Garden,Logic,Teleport Rune,Forbidden Magic,0,1,43.28791223016297,46.82787644538896,33.4966844794071,-1
1328,56.623145357619535,55.25429450124451,0.5162186429043578,1.0853989702109563,51.789418994136064,48.10861686488203,Mystic Bridge,Symbol,Ancient Map,Forbidden Magic,0,1,32.578677139833935,46.368632067780894,26.508603837762355,-1
1329,56.99635876823558,54.46074107339564,0.9367230042212442,4.679353578674917,51.25168270008178,49.80531486830077,Mystic Bridge,Pattern,Ancient Map,Cursed Treasure,0,0,36.57882172203454,48.719336891267886,30.214516029904143,-1
1330,55.72650308105955,52.70835279573151,1.7565652651442036,17.351550616181697,52.63382452504718,49.201058478509545,Crystal Cave,Maze,Magic Key,Ancient Prophecy,0,0,38.99711227255391,44.88750885015964,30.28366026716327,-1
1331,55.79341182926311,51.97146206193556,1.1193374087029044,13.151547174247758,50.62728467584802,46.60718145082276,Crystal Cave,Sequence,Teleport Rune,Ancient Prophecy,0,0,37.169780147481816,45.80546831731618,27.645872309792,-1
1332,57.031046124021096,52.693319042832485,1.4419568359684458,8.31921231014501,54.212962056266,48.57111959951848,Rooftop Garden,Sequence,Ancient Map,Lost Civilization,0,1,36.70307446373074,47.03049498285806,33.999423476945964,-1
1333,58.92049618519371,52.81677594349192,0.5687738309257567,16.178200525125998,51.838018373647415,46.51796803417389,Rooftop Garden,Math,Ancient Map,Ancient Prophecy,0,0,38.96052788484224,48.87916568508196,28.05330280640377,-1
1334,63.53294405471676,55.32626991665243,0.9005792553751373,32.178197807774815,51.22796059554324,48.408012773759935,Clocktower,Symbol,Oracle Vision,Lost Civilization,1,1,49.581034886090194,49.05346955913901,26.997964405442485,-1
1335,63.78892028863551,56.646358200429695,0.7936927812598888,31.105860247153547,52.71445142630958,48.64763878033383,Clocktower,Math,Oracle Vision,Ancient Prophecy,0,1,45.919880166149554,51.607323107248114,29.549519909742887,-1
1336,62.32519705209785,57.88541818431747,1.13634131501657,31.06901672576792,53.246596929766014,53.88362824556465,Underground Market,Symbol,Secret Code,Lost Civilization,1,0,47.35087508961887,48.777626920816,32.92648975382787,-1
1337,61.91082944395579,54.76036276966111,1.9206268457534372,32.26602887292825,54.23508509865889,55.22291265839876,Clocktower,Pattern,Hidden Door,Forbidden Magic,1,1,48.3380229954067,48.963670661313735,31.906196297207508,-1
1338,61.72409851505751,57.38301768217825,1.3291381702134375,32.46691573573126,51.52958779482602,47.65980080740443,Underground Market,Math,Oracle Vision,Ancient Prophecy,0,0,49.54294001652932,51.53466282633815,34.5744195716896,-1
1339,62.01053405248069,57.92795463973105,1.6967941041189325,40.91691823408775,53.47700915465487,55.45045916568623,Clocktower,Symbol,Hidden Door,Cursed Treasure,1,1,51.42493483951069,53.729568358342576,34.671737096038434,1
1340,60.43996422718564,55.98933097533836,1.1088409220953093,28.96117295179664,52.00308924000907,48.68351456759864,Underground Market,Maze,Oracle Vision,Ancient Prophecy,0,0,46.097189314645824,47.3147785538482,31.62283514421601,-1
1341,61.761800833131936,58.24080443911988,1.591712255325931,29.113969412396195,50.93751341260027,53.3672002349309,Clocktower,Symbol,Oracle Vision,Lost Civilization,0,0,44.51580739729804,49.27416311857656,31.832915217857156,-1
1342,61.920375227628384,55.85304070030367,1.801326030554954,23.748292062947947,50.692641878719776,52.14639642691576,Clocktower,Symbol,Hidden Door,Lost Civilization,1,1,42.70516245084859,50.24623082536293,36.04588152593548,-1
1343,62.29941316812152,56.981218239319205,1.1436541117013592,29.671808021334527,50.21562377780687,53.08962886178213,Clocktower,Mechanical,Oracle Vision,Forbidden Magic,1,1,44.00403253701391,53.15316411646207,31.60707415331836,-1
1344,62.60059922107826,56.23012945191097,1.0118196330685802,39.24425071708712,50.75176169611511,48.5856423679726,Hidden Vault,Logic,Hidden Door,Forbidden Magic,0,1,46.8651036089196,50.08320258801345,28.688007376463368,-1
1345,62.825412617236914,56.22668109443114,0.775408544887433,34.850746807081315,53.54103029643787,46.96910679331974,Clocktower,Cipher,Secret Code,Lost Civilization,1,0,48.14766353617785,47.846961389776936,31.386928682307204,-1
1346,62.44218394004936,55.91316246422142,1.0752052546360782,27.20847296505908,52.930666292675006,49.49272897466857,Clocktower,Symbol,Oracle Vision,Ancient Prophecy,0,0,44.17301884881429,47.54445864255014,29.29987310701644,-1
1347,61.869848774421335,57.22582987602584,1.1896827285475844,30.075492712938367,50.01187972852272,52.56717162490164,Hidden Vault,Pattern,Oracle Vision,Cursed Treasure,1,1,48.54300834751351,50.33014729969116,29.2041741345984,-1
1348,60.48215080760572,57.3728615042791,1.7716092523259732,23.441552537082384,49.257169890887326,56.39226043871465,Hidden Vault,Maze,Oracle Vision,Forbidden Magic,0,1,42.163833062567285,50.727590288137655,34.64828942695467,-1
1349,61.86445353151057,56.45644429992336,0.7710596221008496,25.076590539405835,50.21133927341835,48.9256910057848,Clocktower,Logic,Hidden Door,Forbidden Magic,1,1,44.830160955471456,49.11923167004952,28.96507493211705,-1
1350,61.46159934695247,55.15771755168855,1.1746983933482518,30.66782019353076,50.71766104927241,51.252906283379225,Underground Market,Mechanical,Hidden Door,Forbidden Magic,0,1,45.54801812935036,46.59579311033966,31.380671352320373,-1
1351,62.89443978973603,56.91768402206986,0.6097749199579163,27.446752912084456,51.430816711136586,49.62730200372595,Clocktower,Symbol,Hidden Door,Ancient Prophecy,0,0,43.162974872698655,52.33137262600716,30.49375821120942,-1
1352,63.33201876311709,56.93336514041077,1.0233257144999026,24.69442280368865,53.64792398061008,51.45693454305914,Underground Market,Symbol,Secret Code,Cursed Treasure,0,0,47.58641976213748,49.885500767337376,32.013711323275295,-1
1353,63.35569608230622,56.29148154191244,1.242080207088556,32.36500572986816,51.06993027419184,46.67303659742585,Clocktower,Sequence,Hidden Door,Cursed Treasure,0,1,49.11388353763416,50.67195346971337,28.88092926624506,-1
1354,63.168506779414,58.3722824707254,1.2997635654897062,29.502915962273224,54.41509576092193,55.24510833847475,Underground Market,Symbol,Oracle Vision,Cursed Treasure,1,0,48.37302303417646,48.197281006070575,35.7291647212828,-1
1355,62.27249277010136,54.93798541801786,1.3200426985299407,22.07476336279296,49.376849576988455,51.560090195715766,Clocktower,Cipher,Hidden Door,Cursed Treasure,1,1,45.17581799139661,50.73426851986678,31.00089020184049,1
1356,61.87856289123423,54.2815033523168,1.2599244254797806,19.535113555073423,51.37696751158036,53.792914159965214,Hidden Vault,Symbol,Hidden Door,Lost Civilization,1,0,41.468701731272326,46.90282553914503,31.90177561176821,1
1357,61.64795119739836,55.76483343392066,1.3122176743733844,27.059108399294686,53.08096940257025,50.91949494157723,Underground Market,Math,Oracle Vision,Cursed Treasure,0,0,43.62640530775386,52.34094603515287,31.901107088549917,-1
1358,60.88212612597746,57.20298304124042,1.1492212921004836,21.966142025459504,53.17614755960695,51.97657019031736,Clocktower,Pattern,Hidden Door,Lost Civilization,0,0,44.02309356561056,51.90279268854503,33.40647990664707,-1
1359,63.37608548536724,55.43361295678335,0.8185688543817375,20.561196907745607,51.40442515259022,54.32218123161687,Clocktower,Logic,Hidden Door,Lost Civilization,0,0,47.27984949551242,46.2269341752128,32.80640060893488,-1
1360,62.204163193231885,55.50539468732016,0.5748817277967541,35.54887049417926,53.41324571647622,51.829292057735564,Hidden Vault,Symbol,Oracle Vision,Cursed Treasure,0,0,48.759116859879306,50.02747891569868,28.255463584963135,-1
1361,61.1272121407691,57.434303889205744,0.9638435640780948,29.41372493728296,53.13149273000138,51.91926581028864,Underground Market,Logic,Oracle Vision,Ancient Prophecy,0,0,47.4573781193483,54.1433767595637,32.55195067226229,1
1362,61.54177507138377,56.942756369518754,1.0849575411917498,28.573286750050272,50.89257154954557,49.51514739343625,Underground Market,Mechanical,Secret Code,Forbidden Magic,0,0,44.44530640324951,48.84260906915442,29.85486134378442,-1
1363,61.49604286503804,56.854204207482816,1.4990352802207092,28.956713172902013,52.39064463602112,50.16394109580225,Underground Market,Logic,Hidden Door,Lost Civilization,0,1,47.780341490833386,53.59272295764278,28.19524868944752,-1
1364,62.400826594377385,57.25551603678945,1.090210259345339,24.20778947288506,52.97614312832916,48.96796090539766,Hidden Vault,Logic,Hidden Door,Cursed Treasure,0,1,43.8638960142224,51.44555693880538,28.04080258746717,1
1365,63.42009171332764,56.04584696272086,1.058976663518938,31.95002338866235,51.007355145904185,49.65495602880084,Underground Market,Logic,Secret Code,Lost Civilization,1,1,48.11738058708768,52.11427941098277,30.5881670403133,-1
1366,61.99949208169182,56.08901763063797,1.231183853768646,29.239817633073816,54.46704234679719,54.628072776160415,Underground Market,Mechanical,Oracle Vision,Forbidden Magic,1,1,45.23931834817961,50.474692339202186,34.17896623736946,-1
1367,60.08984195244712,57.27475176679293,1.0321223291901924,26.104437059268573,50.674870858288216,56.02152327501785,Clocktower,Cipher,Hidden Door,Forbidden Magic,0,0,45.66354863660263,49.9793485611531,30.684075657682108,-1
1368,62.1481250853491,55.117065514586926,1.35391073908943,26.851482361159213,52.14637539700091,48.38181278842652,Clocktower,Math,Hidden Door,Lost Civilization,0,0,47.1498437381275,52.68554660619521,33.0270277858006,-1
1369,62.17607764108632,54.31622127244378,1.7021925784122025,23.75046203746084,50.05785503335173,52.487929462591936,Hidden Vault,Pattern,Secret Code,Forbidden Magic,1,0,41.4772230356037,49.47572971583125,37.01690917451137,-1
1370,62.10235364802891,56.022654801730496,1.7632947741461482,27.85465543682552,52.089808839751264,50.70577152449889,Underground Market,Mechanical,Hidden Door,Lost Civilization,0,0,48.268404488309365,49.1631760633031,34.15485049453964,-1
1371,61.69485131672468,57.38381916465399,1.13286034125185,28.685828976288207,50.33636880578328,54.992421416789405,Clocktower,Pattern,Oracle Vision,Cursed Treasure,0,1,50.37547786843965,51.08372101300768,29.16978127137689,-1
1372,62.53482648360866,56.70552152915895,1.2025274333334313,27.720634697474846,51.497957517609166,51.8371505454448,Hidden Vault,Sequence,Oracle Vision,Forbidden Magic,1,0,45.12642093334507,48.86376567310538,30.305799383571166,-1
1373,62.37863980179362,57.3042783538407,1.572850798693045,30.15589147984307,49.56138995686777,51.48131073814783,Underground Market,Maze,Hidden Door,Lost Civilization,0,1,46.22034818170265,50.2410406533754,34.34210164103536,-1
1374,62.2828160686329,54.42772663437732,1.0519623910481375,29.485611909476862,53.1431038967949,49.63807671960066,Hidden Vault,Cipher,Oracle Vision,Lost Civilization,0,0,48.6942328025031,51.119273061843685,28.24102348862075,-1
1375,62.71547190058483,56.75656093428733,1.2984886000834035,31.03004925997732,52.47986375599105,47.67054990226897,Underground Market,Pattern,Hidden Door,Ancient Prophecy,1,0,47.07183282895553,49.90185812539788,33.909805391612416,-1
1376,61.86821838019791,57.0919809083611,0.7519859287120756,34.5897122809518,53.57858174465427,53.40234620687372,Clocktower,Math,Oracle Vision,Lost Civilization,0,0,47.4898960923381,48.93106075772037,29.829570076149416,-1
1377,61.8067227528643,55.08438036593314,0.9971084087279254,32.837349411547095,51.42774270866988,52.38244643687861,Underground Market,Pattern,Oracle Vision,Lost Civilization,0,0,50.72917594295753,46.9108494612218,28.039146172461844,1
1378,63.66872553321758,57.29430588143197,1.435044022917777,34.64317055977161,53.65216831758243,52.44361035130108,Underground Market,Symbol,Oracle Vision,Cursed Treasure,0,1,45.88559216504598,50.98368396098802,29.66596206526464,-1
1379,62.843288122734215,56.31780902465162,0.8706238539378612,25.62952394560413,52.01222577950663,50.00168224335351,Underground Market,Cipher,Oracle Vision,Cursed Treasure,0,1,43.8169037970543,48.20980525005178,32.44979565888933,1
1380,63.10624593777696,59.4977533913472,1.045563639024313,27.323078770785763,52.124928740285306,51.135578886224906,Underground Market,Symbol,Hidden Door,Forbidden Magic,1,0,46.896317181013615,49.207931013483055,28.529994703171603,-1
1381,63.50080836615949,54.24627853808901,0.6096362095946324,33.13207921965708,55.12809093825621,53.47767746528396,Hidden Vault,Mechanical,Hidden Door,Forbidden Magic,0,0,44.80101959784141,46.60083670894698,30.127314236046512,-1
1382,62.79608865100167,57.7897360508822,1.681573482621241,33.21941113124088,51.231792525781046,53.95528157432778,Underground Market,Mechanical,Hidden Door,Ancient Prophecy,1,0,46.89745816316714,53.04937314855383,30.39268985367348,-1
1383,63.19401066964574,56.02357983216411,1.4567192035130252,26.4668310792795,53.80175263200574,48.55382096020367,Hidden Vault,Math,Hidden Door,Lost Civilization,1,1,45.09212446542084,49.69211160378117,36.65947291561245,-1
1384,60.68179122381064,54.79771163924519,1.1322324536061863,32.91574961078618,52.68181116328631,49.9166298237465,Underground Market,Math,Secret Code,Ancient Prophecy,0,1,48.20734725796687,49.01028803343501,31.066181447329985,-1
1385,62.46084157278012,55.885042824846224,1.2260723736907675,25.138049638915867,51.10610810311246,48.02529144481964,Underground Market,Cipher,Secret Code,Forbidden Magic,0,1,46.40362590434667,47.407533190664765,27.76458530905941,-1
1386,62.06955751733352,56.68662102439156,1.1906281124163076,32.25885351182627,49.99207278407812,52.003161031483415,Hidden Vault,Sequence,Hidden Door,Cursed Treasure,0,0,43.55293606628935,48.51606118051691,28.900917735128708,-1
1387,63.92558535543567,57.4437614773322,1.485216725940799,29.719942987838103,50.4175871798477,53.71084578025807,Clocktower,Symbol,Oracle Vision,Lost Civilization,0,1,45.88508742624373,49.06664118310355,33.93593094263964,-1
1388,63.17120913194969,58.125421340803086,0.9123721685339384,22.92707950915917,53.66479451445969,50.80321120737645,Clocktower,Maze,Secret Code,Forbidden Magic,0,0,43.400736763730364,50.86721556732538,28.528222848030637,-1
1389,61.60881783801866,57.822521616557445,1.285806018646308,27.676706395316767,54.57191106613104,49.84285842250071,Hidden Vault,Maze,Secret Code,Forbidden Magic,1,1,44.83515086790554,48.073349676899525,31.70631706858502,-1
1390,62.60779375152755,55.432427222664174,1.3874889112503808,40.75621697036006,52.10896295533807,50.66174536548677,Underground Market,Symbol,Oracle Vision,Forbidden Magic,0,0,47.59644696280585,51.40384157982166,33.97874175753355,-1
1391,62.398454668254594,57.52516390150582,1.4270247650610732,30.8565665994942,52.18907890668778,57.26578328744122,Clocktower,Logic,Hidden Door,Ancient Prophecy,1,0,47.59933866474434,50.67258022378293,32.48722025955846,-1
1392,62.680915729117416,56.78348339257629,0.3828036089710579,41.34268598196161,53.13935138418583,54.47982024980887,Underground Market,Symbol,Oracle Vision,Forbidden Magic,0,1,48.62298109345144,50.780480821564645,25.66197433368683,-1
1393,61.20359004846799,55.73480391104308,0.879045421789437,22.61855921473182,52.086001032252064,53.32749293182415,Hidden Vault,Symbol,Hidden Door,Ancient Prophecy,1,1,44.68496566550778,51.26023971230976,30.005886651789364,-1
1394,62.57833450667281,56.17471411523552,0.7513145626183496,33.589641049544234,53.62693655437934,52.30016973895668,Hidden Vault,Cipher,Oracle Vision,Forbidden Magic,0,0,47.61818453120357,51.7231722859973,29.513226362953745,-1
1395,61.98608955808133,55.674009116123855,1.1002054112299466,17.161975809259083,52.416120112145,51.46814633845238,Clocktower,Sequence,Oracle Vision,Lost Civilization,1,0,40.39409619960574,48.30486855265077,30.71371146663395,-1
1396,62.49265091996296,56.41818048433255,0.4488083278496163,29.830188489336837,52.18326064971513,49.23341958976155,Clocktower,Symbol,Secret Code,Cursed Treasure,1,1,49.22120170426981,51.138313318497936,29.77997913507194,-1
1397,61.48181366181646,55.64867593672568,0.4382443835076586,32.98514641494927,50.93235303101768,48.84577393922992,Underground Market,Maze,Oracle Vision,Forbidden Magic,1,0,49.62008539014074,50.328901437724255,27.70032457319244,-1
1398,61.61717078858792,55.34759474201342,1.7012990902868388,34.01618808526572,50.564456962325394,50.080223308716974,Clocktower,Symbol,Hidden Door,Lost Civilization,1,0,47.75584952915202,49.488169575109005,31.901859932631083,-1
1399,63.37214861456292,56.851972268570094,1.2339423304341584,25.828051545452155,47.244872473808,49.11555030049492,Hidden Vault,Pattern,Oracle Vision,Forbidden Magic,1,0,45.29329220668536,51.36759643784587,28.27438585676681,-1
1400,61.14286921001448,56.99885735367368,1.0833288804430865,35.017499314478975,53.83578821774587,49.98046759495038,Hidden Vault,Symbol,Hidden Door,Cursed Treasure,1,0,45.07838569360282,52.26542211325553,33.404817873769154,-1
1401,61.21281011982796,56.17981281871107,1.1545442591988664,27.15110492250161,51.76577254836899,51.24526093470106,Hidden Vault,Symbol,Oracle Vision,Lost Civilization,0,0,47.01524428839212,51.133762709277725,29.060371645572367,-1
1402,62.13516863256586,57.73235349454768,1.0877869532440771,28.996808470923607,51.38611879641939,51.4367460285926,Underground Market,Cipher,Secret Code,Lost Civilization,0,0,47.62542279086286,53.420433451439735,25.708392366222448,-1
1403,61.41108253757071,56.10157334397113,1.3415580268678395,27.64828412286021,49.06014710024941,49.949046811538814,Clocktower,Cipher,Hidden Door,Cursed Treasure,0,0,43.513142869374434,49.140449675599,29.445715679219283,1
1404,61.294204994828746,56.05654050283265,0.8511137557041052,24.130533452327825,51.02849365723438,52.73802388660052,Underground Market,Mechanical,Hidden Door,Forbidden Magic,1,0,42.64205756523396,49.56081488214522,29.675229731658924,-1
1405,62.28060804091808,57.01712453499175,1.095351759850604,37.65864762644373,50.832049390816245,51.02748406962904,Underground Market,Mechanical,Oracle Vision,Forbidden Magic,1,1,49.57980004083539,51.71680408909874,28.96470796377376,-1
1406,60.66680242025883,56.22153986911168,1.1061401905604995,30.04769275932368,50.79829721329085,52.03674657794545,Clocktower,Math,Secret Code,Cursed Treasure,1,1,43.06350178525007,49.15782970091628,28.77301496494671,-1
1407,61.16028005071442,56.43610249070296,0.7224292029087045,35.24173405572871,52.49055030132277,49.63852403766607,Hidden Vault,Symbol,Secret Code,Ancient Prophecy,1,1,46.01731539964848,50.96659714805096,28.406496626679058,-1
1408,64.21874971383492,53.82821501435073,1.4181806517246105,35.02622136875828,52.17546961916229,53.232181386275016,Clocktower,Logic,Secret Code,Lost Civilization,0,1,46.95798490898317,46.994629819849486,31.71134607462944,-1
1409,62.62057890741261,56.36271901809676,0.9000082985638632,24.960471598580973,49.95091503653397,50.16288474937104,Clocktower,Mechanical,Hidden Door,Cursed Treasure,0,1,43.04382080475315,44.88509290940373,25.97890391876913,1
1410,61.411028121012464,54.516183278763855,1.3375899291472848,35.87830093476336,50.0468208647679,55.52138559184664,Clocktower,Logic,Hidden Door,Ancient Prophecy,0,1,46.16997816464108,49.36644042851927,31.696536324520878,-1
1411,62.57233211837688,55.11980567195774,1.065515951592313,32.31221246102272,50.04474967986466,50.93752161477208,Underground Market,Pattern,Secret Code,Lost Civilization,0,1,49.049071318344026,45.49545323183043,23.959767372737566,-1
1412,62.718011060223525,55.002820184092,1.51982296183715,24.588092992180545,54.710703036250834,51.26328984626369,Clocktower,Sequence,Secret Code,Lost Civilization,1,1,41.49814157310753,48.04588248130965,34.51465740445048,-1
1413,63.14169655668469,55.292955511664594,0.7160659105831524,32.03430207093086,54.2346056347755,52.98397121585557,Hidden Vault,Symbol,Hidden Door,Cursed Treasure,0,1,48.362277115248006,51.19201346113786,30.608166439521867,-1
1414,62.0167657042847,55.7840902196341,0.7018109404162995,24.67263862200658,50.71764235846163,53.52962548363747,Clocktower,Maze,Oracle Vision,Ancient Prophecy,1,1,45.12774567479319,50.85591682126571,29.160116599099755,-1
1415,63.117097110633104,55.84386635872914,0.7543157365902792,37.81718455486913,49.03172991000973,53.79898420047833,Hidden Vault,Pattern,Secret Code,Lost Civilization,1,0,51.152101161010464,51.24759620848836,23.67627442179184,-1
1416,60.098868666875056,56.99205856366998,1.0648258704186162,33.85122564880548,52.18917964466574,55.93897008253492,Hidden Vault,Logic,Oracle Vision,Lost Civilization,0,0,46.72878686902768,46.29283300866943,30.93955280717691,-1
1417,61.07776098738682,56.547605057971616,1.486117541246059,29.423932867158012,52.06797669237839,53.15471380851008,Hidden Vault,Logic,Oracle Vision,Ancient Prophecy,0,0,44.71615780324724,50.58894571600708,30.8934567068487,-1
1418,62.29473261996618,54.42158620785096,1.5004720170738437,36.1010620719499,52.47335657533866,51.33253377788821,Underground Market,Logic,Hidden Door,Ancient Prophecy,1,0,46.57653874268495,48.07441119266991,35.44294711155617,-1
1419,62.45732505734297,56.40340818454403,0.328447416914694,21.864458613087567,53.110417841341786,50.175885211495455,Underground Market,Cipher,Secret Code,Forbidden Magic,1,1,46.01455596615096,52.080901228438464,28.59244014292983,-1
1420,61.212777780409546,56.63583123045968,1.0952714300475686,26.025027748919097,52.67625016414959,51.1654292920008,Underground Market,Sequence,Secret Code,Forbidden Magic,1,0,45.52907116143204,53.13305173727291,28.365753436418043,-1
1421,62.38088687104357,55.98648144007369,0.0554217637276915,28.50695761511097,50.32433348536858,55.21004122607221,Clocktower,Pattern,Hidden Door,Cursed Treasure,1,0,44.99434808952701,46.63757377932077,22.00284059747175,-1
1422,61.4945717414984,56.251643496428414,1.2567932905884598,40.944786170844495,52.44031427328352,48.03258424244408,Underground Market,Symbol,Hidden Door,Forbidden Magic,0,0,50.998002344485705,49.89597858453086,30.017788070706068,-1
1423,61.83843633523235,56.50033066925151,1.3527378811091295,24.411239369119976,53.28020917178541,49.452479708852266,Clocktower,Cipher,Oracle Vision,Cursed Treasure,1,0,43.53467718146317,51.87153760180624,33.67417875970956,-1
1424,63.13719102805413,57.07212077443907,1.004244533726551,21.2243998486996,50.91365369256674,50.95253314116609,Hidden Vault,Sequence,Secret Code,Forbidden Magic,1,1,44.247750840454366,49.45721859029378,31.778716298599264,-1
1425,63.01841491027143,54.73015139360432,1.0405705593098706,22.536262247277666,52.449734747009394,49.41921132613315,Clocktower,Mechanical,Hidden Door,Cursed Treasure,0,0,43.36296020325689,52.29244236415213,30.749945084526377,-1
1426,61.109515689106665,56.0582341268563,1.0365535878672147,34.286514010941744,51.17073403020917,50.47807003789463,Hidden Vault,Mechanical,Hidden Door,Forbidden Magic,0,1,48.01934742554698,48.671971602598965,29.89164354424924,1
1427,61.04646160328026,57.808416636964665,0.7782427942780319,26.78170274449579,54.99422604405606,56.01558634586628,Clocktower,Mechanical,Secret Code,Cursed Treasure,0,0,42.674005084937136,50.86433338137267,29.94599292658557,-1
1428,61.68971519259112,57.71428081838065,1.1422282218280635,28.95444479913225,50.00975840299084,50.754767400925104,Underground Market,Pattern,Oracle Vision,Ancient Prophecy,1,1,45.10298517916205,48.255333342158806,29.531081512599943,-1
1429,62.071356311719605,57.14610501554753,0.9424629173336077,33.56123994904352,53.73391145661012,52.529121412907365,Hidden Vault,Logic,Secret Code,Forbidden Magic,1,1,46.00207820524259,51.05689710753918,33.06825523620603,-1
1430,61.43745667848013,56.8295509646442,1.290169424755625,28.95383682091385,49.49371914229791,47.35450787501066,Clocktower,Symbol,Oracle Vision,Lost Civilization,0,0,46.076048976686266,43.6430328365858,29.214292426864525,-1
1431,63.13328872056085,57.9449288459153,0.9762182339886988,30.7621608080628,54.68942883793526,48.74390682670384,Clocktower,Math,Hidden Door,Cursed Treasure,1,0,47.88559731123742,51.00380726469063,32.567189205167104,-1
1432,62.43736581346904,58.20571954849849,0.7512516371240265,32.41465595765158,50.28739902941655,53.831709024055,Underground Market,Pattern,Hidden Door,Ancient Prophecy,0,1,44.978494421193545,53.33942246168306,27.09186934512855,-1
1433,62.49342938529525,56.156378649389296,0.5480793174167674,27.582335307643,52.28406406420972,55.67007109636222,Underground Market,Math,Oracle Vision,Ancient Prophecy,0,0,46.583621001119546,46.97274516886735,30.36089797082732,1
1434,60.818212385783966,55.31362293443534,0.4489273565884977,28.901253633920277,49.55556238629327,52.05352649322131,Underground Market,Logic,Secret Code,Forbidden Magic,1,1,42.20785675426439,45.3940431574659,27.730936561988184,-1
1435,63.24948753267389,56.01036945867304,1.4012356678972913,30.939722234129576,49.97413721331839,50.73495935152584,Clocktower,Logic,Oracle Vision,Lost Civilization,0,1,51.615555532721125,51.43453275891033,32.53625018948088,-1
1436,59.25951228008715,59.3749733554387,0.8695101323989023,34.067932504149496,53.34544749190849,52.74040407722202,Underground Market,Logic,Secret Code,Forbidden Magic,1,1,44.75314098073694,54.734976558947146,33.91500206899715,-1
1437,62.91125955253298,54.70654723958029,1.1078113179362918,25.762265366338223,53.54074973386173,45.00641370945312,Clocktower,Symbol,Hidden Door,Lost Civilization,0,0,47.57395667135914,46.29135797112174,26.03764785917533,-1
1438,63.00907757248745,55.80299986712472,1.5406282347741764,14.618292263070254,52.35718533216627,52.07280335879511,Underground Market,Math,Hidden Door,Forbidden Magic,1,0,42.59326700754521,52.99902902355007,33.848646595699435,-1
1439,61.63996514152579,54.85849297062565,0.8362662908612858,33.11613244538937,53.10937142653331,48.88472349973125,Clocktower,Logic,Hidden Door,Ancient Prophecy,1,0,47.40240982057063,49.887722894436735,30.83800478331885,-1
1440,63.342915823586274,56.39360280294653,0.816340815974729,34.3538257643868,53.56463037239095,53.4852324555601,Hidden Vault,Math,Oracle Vision,Cursed Treasure,1,1,45.97974937177528,52.28593576352229,30.942674095756647,-1
1441,62.00458613777865,55.06381243694859,0.964440184436292,30.71243110408896,50.9705716367033,46.01925272954764,Underground Market,Logic,Oracle Vision,Ancient Prophecy,0,1,48.10336273205716,47.15504336994168,29.824228165924826,-1
1442,62.127832308241466,56.155426685909816,1.0124513751122226,31.050725166366437,49.89788080799904,49.9290600602268,Hidden Vault,Maze,Secret Code,Ancient Prophecy,0,1,46.68921119868361,52.266492804220896,29.478510390055984,-1
1443,62.402685158830565,54.31176651701801,1.5694480574656922,26.88469303911421,51.97521527026928,51.397560404730015,Clocktower,Logic,Oracle Vision,Cursed Treasure,1,0,46.44729838440138,47.87724710280689,32.93813289104899,-1
1444,65.24752592424176,56.87717604404121,1.472518175543333,32.204127720572586,51.12937733454929,49.59552204261011,Hidden Vault,Symbol,Secret Code,Cursed Treasure,0,1,48.62832522502659,49.41582885263449,33.266751055279855,-1
1445,63.40321845778701,57.479604079169285,1.188652247893596,33.965997484043584,52.57748148268351,50.56128899952965,Underground Market,Symbol,Oracle Vision,Cursed Treasure,1,1,48.49181644571853,51.71597499056772,32.695941505383374,-1
1446,62.757788205351964,55.87102839437144,1.4368596822557471,29.9795825398959,52.81592372685627,53.76108587669127,Underground Market,Math,Oracle Vision,Ancient Prophecy,1,0,44.87420449671641,48.888854367625626,32.10548342175932,-1
1447,61.14176391164316,56.11756496121085,0.9482440989886464,42.15026460931542,50.97069757950557,51.43875996370686,Clocktower,Maze,Secret Code,Cursed Treasure,0,0,49.02435557611908,46.43502250537734,28.90337220939186,-1
1448,62.19610857662342,56.08702045561948,1.091161765412707,21.872224331555387,53.04859096042117,49.17354798758856,Underground Market,Sequence,Hidden Door,Forbidden Magic,1,1,43.03955402880198,50.13416749553559,30.92924963302282,-1
1449,61.237383989730695,56.429080853912446,0.9106892526022314,30.502629623871808,52.97285152891818,53.85100016501948,Hidden Vault,Pattern,Secret Code,Forbidden Magic,0,0,44.48207688548773,49.45844083395173,29.30343078882801,-1
1450,62.87064726268103,56.20775286635508,0.6137921554108807,23.81293265163709,53.07579760592923,52.12745217267791,Underground Market,Mechanical,Secret Code,Forbidden Magic,0,1,45.13531963248956,48.42476396658725,32.55353672571705,-1
1451,62.18707074181148,57.01180147067404,1.3618528041459774,34.080787975532886,51.37827141419219,52.23121869896249,Hidden Vault,Mechanical,Oracle Vision,Forbidden Magic,0,1,48.26325274938379,52.66496962220789,28.5950192572826,-1
1452,60.92018847508244,57.47449551485936,1.1600161125045323,21.771026811913043,53.15894345524008,49.26872243692974,Underground Market,Mechanical,Hidden Door,Lost Civilization,0,0,43.58496514808307,55.64858891310104,32.71911593442563,1
1453,62.12398018337437,55.42516682824519,1.0057730547699864,23.00562654374544,52.76812536089012,45.13098331834487,Clocktower,Logic,Hidden Door,Lost Civilization,1,0,43.97155448347532,47.51299147359673,31.894835677607983,-1
1454,61.19162265045176,55.92770104134173,0.9994835969634088,26.50611457364024,52.94742216064258,49.23467191660907,Underground Market,Pattern,Secret Code,Ancient Prophecy,0,1,45.48902607242364,50.13375733060161,29.41086228595887,-1
1455,62.190479954597535,57.13645028832002,0.5482608553050039,30.99800986358997,54.502812832425256,48.980328554911296,Clocktower,Symbol,Secret Code,Ancient Prophecy,0,0,47.09801935579907,50.099198578197296,30.03655126825768,-1
1456,61.17844914040733,54.81097292633208,0.7068125128668388,26.68827653286217,52.47673762726799,49.966757607048194,Underground Market,Logic,Secret Code,Cursed Treasure,0,0,44.908606853093005,53.43982732588802,31.591537789762132,-1
1457,62.06331594122148,54.25974166503902,1.100859295491346,26.73519635404295,51.07354094166607,49.39536083501924,Clocktower,Logic,Hidden Door,Ancient Prophecy,1,0,45.59085051088368,49.179996924631446,29.280156187342364,-1
1458,62.78463916522775,56.454609717520285,0.8412662137037215,28.754704317391468,50.317172018276366,51.78174627261741,Hidden Vault,Symbol,Oracle Vision,Cursed Treasure,0,1,48.66320077388996,51.43557263079945,31.147520562680583,-1
1459,61.97949746752534,56.7224808463843,0.9347012094924154,28.44469446094172,53.67358921558954,53.70219367761426,Hidden Vault,Maze,Hidden Door,Cursed Treasure,1,1,43.31095969599242,52.80411954989278,32.81206995491407,-1
1460,61.64008052515686,55.50168477868309,0.968661848078878,37.08986560646578,52.516439296806965,54.1904035683822,Hidden Vault,Logic,Oracle Vision,Ancient Prophecy,0,1,47.473815657398056,49.61477491411294,28.71314683456581,1
1461,62.23270353859487,55.64319431211097,0.7953900176690283,33.07888242141522,54.484265242084966,53.59302964590907,Hidden Vault,Cipher,Secret Code,Lost Civilization,1,1,47.939636066827234,49.47432238549508,28.207571038818276,-1
1462,62.72510767108912,55.459523319963054,0.7098555643410442,28.02313603711858,48.933620143456544,49.25593756047074,Clocktower,Mechanical,Hidden Door,Cursed Treasure,0,1,42.876533608823706,51.646254981969456,27.637096764828875,-1
1463,60.91927873555825,55.35067056128066,0.51665260844615,40.12775696508043,53.34262695123864,51.6472519832996,Clocktower,Sequence,Hidden Door,Lost Civilization,1,0,51.35506329751122,50.969771535534,26.25732729642857,-1
1464,62.28569435212073,56.90898167113512,0.9565616694693122,32.09766572151114,51.58355994996708,55.41291462042513,Hidden Vault,Pattern,Secret Code,Ancient Prophecy,0,1,47.51035207917474,48.4612001432481,23.808623105187632,-1
1465,63.34119445929966,55.03288731192311,1.18628538203415,24.791196779403364,51.443585864881264,47.53816416756773,Hidden Vault,Symbol,Secret Code,Forbidden Magic,0,1,47.355879238248285,47.363315563554586,29.48810987675408,-1
1466,62.59596531098877,55.945772791827785,0.5078266382325878,30.91520774048878,50.82521879871961,54.87057511106283,Hidden Vault,Symbol,Oracle Vision,Ancient Prophecy,1,0,49.07166526584966,48.5477783669625,31.7924205103334,-1
1467,62.07875647965627,55.30387925346692,0.993944982910063,32.30681853055424,53.32031210695206,49.0097416590258,Underground Market,Logic,Oracle Vision,Lost Civilization,0,0,47.76420530478134,51.69521501325013,29.7416232167989,1
1468,62.659473115708415,54.75185613357635,1.0857731283930223,26.18773376310395,52.88974673322012,52.234413218960206,Hidden Vault,Sequence,Hidden Door,Cursed Treasure,0,0,40.98681658746813,51.85114359328065,31.546972213971287,-1
1469,62.47100464438448,57.07526290085488,0.7048552108128856,24.35989914841774,50.25431819418117,52.531962792422576,Clocktower,Math,Secret Code,Lost Civilization,0,0,45.08596097461643,54.30700426761548,29.34655973158273,1
1470,62.77092119208589,55.68320905602421,1.4286993949262117,30.051310293944923,52.21368406636979,51.97478259142368,Clocktower,Pattern,Secret Code,Ancient Prophecy,1,0,47.101719630492205,48.003576567166405,31.73928789332891,-1
1471,59.9922396936914,56.3894338534562,0.8866980818361436,27.8144619311522,53.023846027301424,57.07118223550645,Clocktower,Symbol,Oracle Vision,Lost Civilization,1,0,42.16594888441769,50.35778595129204,29.39146906188699,-1
1472,60.46160573120697,54.69088733807388,0.972418928413114,37.0077509820155,52.23002491752119,50.74792024882177,Underground Market,Symbol,Secret Code,Cursed Treasure,1,0,43.7999418198232,47.92922255373682,32.46212131147605,-1
1473,63.018820923952205,55.45500316617788,0.9548284066406943,33.31441622579036,53.62306618380971,47.40128031269089,Underground Market,Symbol,Oracle Vision,Lost Civilization,0,0,48.728956027711135,49.17842410030853,30.710679340871547,-1
1474,60.50768186787575,56.95101986709174,0.4724176079230572,26.40127111962133,51.52450656382552,52.39111766881711,Underground Market,Logic,Secret Code,Cursed Treasure,1,1,41.72660978217598,52.03037292848877,27.469151912590625,1
1475,62.41350831947206,58.7802027802548,1.306744465031664,31.731333254059912,48.57624859034786,51.07490003818885,Underground Market,Sequence,Oracle Vision,Ancient Prophecy,1,0,51.09033938583478,50.76963364320432,31.1100875290676,-1
1476,61.65896804737292,54.21472457669433,0.7179603261023793,35.93376345231499,52.2360442703938,52.88700302054793,Clocktower,Logic,Secret Code,Ancient Prophecy,1,0,48.30178442774456,51.02923140091042,26.930738415794146,-1
1477,61.0139158667986,55.98785214820933,0.9341850911094072,22.62556538424024,52.22505155664718,53.705238104684334,Underground Market,Mechanical,Oracle Vision,Forbidden Magic,0,1,46.09904257036105,48.60390992058764,27.32304147848429,-1
1478,62.35888167687991,56.59926983683636,1.1849929813418678,24.47714612510504,52.418999800857776,51.41577582073885,Underground Market,Math,Oracle Vision,Cursed Treasure,1,1,44.82079964239502,51.586121547446034,27.699660819448447,-1
1479,62.20943163775768,55.568928380433206,1.4445472586757513,29.53162880681874,53.61075807261232,52.59077607660574,Underground Market,Symbol,Hidden Door,Ancient Prophecy,1,0,47.68822528065279,48.73488824578104,33.71959299115333,-1
1480,64.1179464156502,57.03259982240176,0.6829061777069784,29.76190114841459,49.01962616954373,51.860594830592575,Hidden Vault,Symbol,Secret Code,Cursed Treasure,1,0,47.505866056373925,46.05229650874352,26.914112569858958,-1
1481,61.38203761157877,55.31440448017238,0.8735784649369985,29.319308055405624,51.58859000886709,55.97971861018678,Clocktower,Sequence,Oracle Vision,Forbidden Magic,0,1,47.63616084432029,46.99486420388054,30.94132453689049,-1
1482,63.44624341924751,56.33305414706312,1.42291481858314,28.022798826450508,50.56028450013154,50.57359561783084,Underground Market,Sequence,Oracle Vision,Lost Civilization,0,1,42.39792189641296,49.793454263663534,31.07362322596628,-1
1483,62.35788013419459,55.65521394581381,1.1479970550932166,27.942757115341134,50.13014424716423,49.78232450497534,Hidden Vault,Mechanical,Hidden Door,Forbidden Magic,1,0,47.57385090289793,52.8276742541055,26.91514598081032,-1
1484,61.34379870314372,57.3948063310121,1.210955894066117,31.49070829419388,51.831622357929255,53.70182725777807,Clocktower,Logic,Oracle Vision,Forbidden Magic,0,1,47.59102003201282,49.6235138114218,30.04840837151061,-1
1485,62.80346985761052,55.49711018383822,0.6950144529260752,35.23547414179096,52.99064738236052,49.177050461643205,Underground Market,Symbol,Secret Code,Lost Civilization,1,0,47.94442084093756,49.10772974735989,31.06897326358692,-1
1486,62.56940417638169,55.81971037723131,0.8973684516288342,27.157326375463764,52.38714021736588,52.48039451395636,Clocktower,Math,Oracle Vision,Lost Civilization,1,0,44.87051264913856,50.53056482512476,29.2587038812432,1
1487,62.03899070055516,57.11539275220696,0.9615858232674714,41.75040029267189,50.9022051854062,51.07602711582712,Clocktower,Symbol,Hidden Door,Lost Civilization,1,1,49.15031000711512,48.96237332427912,31.67107507407869,-1
1488,62.26896396295967,55.13979465804161,0.7554009277862785,39.35815918685915,51.71301250803045,51.24669828864517,Hidden Vault,Symbol,Secret Code,Forbidden Magic,0,0,49.734360070597546,47.97294061917083,27.970970846031847,-1
1489,61.40524224807592,56.23472304420435,0.5112590815542993,36.19726350167136,53.323758285522814,57.59326156002543,Underground Market,Symbol,Hidden Door,Ancient Prophecy,0,1,50.13040312865888,50.1732867438013,30.145631116287888,-1
1490,61.176042302587966,54.3415883885553,0.8613686792051917,32.6596702823386,52.95126386507304,54.58521686230559,Clocktower,Cipher,Secret Code,Ancient Prophecy,1,0,45.43514805069933,47.7562319725134,26.35592682134373,-1
1491,62.76091123045306,55.074349099486106,1.4217205970752558,39.58344731368378,51.09503406957853,54.05394883329858,Hidden Vault,Math,Hidden Door,Ancient Prophecy,1,1,46.12804675005935,45.20506537929592,30.781506711456743,-1
1492,61.77720874473067,56.54258374749293,1.0341296279284136,28.089168050100216,50.99552637696908,52.82642660119243,Clocktower,Symbol,Secret Code,Ancient Prophecy,0,1,50.462237630358594,48.47857381893072,28.86014448685985,-1
1493,61.9207837700024,55.16793496967215,1.429635820426549,25.372945836815944,49.34458935652525,49.77121469639956,Clocktower,Symbol,Oracle Vision,Forbidden Magic,1,1,46.1075031420736,49.71631172319151,27.59509792886887,-1
1494,62.28044645297611,55.61224965557994,1.072053230526329,26.90231555529001,51.27270610744192,52.153704216844304,Hidden Vault,Pattern,Hidden Door,Ancient Prophecy,1,0,44.65653931028869,50.47512216865287,32.14840733007904,-1
1495,62.26571078255751,56.64810920466999,0.7899604423060405,24.513654732266417,49.31061012422224,52.95831075207168,Clocktower,Mechanical,Hidden Door,Cursed Treasure,0,0,47.09121632720853,52.18826586883204,26.5350149968485,-1
1496,60.57093304150186,55.57404699011433,1.4037116067541244,30.13355320056961,55.01233141365438,51.99746357534842,Hidden Vault,Symbol,Secret Code,Cursed Treasure,1,0,47.25001358870221,52.41537119977942,31.634455457633997,-1
1497,63.28638816920216,56.9742956528997,1.0852041633647531,31.0198617028452,50.62644601027586,51.73687581835991,Underground Market,Cipher,Hidden Door,Lost Civilization,0,0,48.26235615971464,48.20692091042275,32.25663850815881,1
1498,62.1212343017073,56.36534694170038,1.3111656045989246,30.521056326796,53.56995394224296,50.50637675302649,Clocktower,Sequence,Oracle Vision,Cursed Treasure,1,0,45.47495409507419,48.67890074941707,32.35253867690861,-1
1499,61.797354451660574,56.58360797306869,0.7032502895684236,29.450833087732,54.63096448661093,52.183646624203206,Underground Market,Symbol,Secret Code,Lost Civilization,1,1,47.24830763528462,49.13215629214575,31.68808648002203,-1
1500,62.430848782384096,57.38714130546548,1.3365375016070804,30.174880174926173,52.22539295668753,50.18607162136618,Underground Market,Logic,Secret Code,Forbidden Magic,0,0,48.69009096929373,50.3119542641267,28.053435192773136,-1
1501,62.23657953166514,56.464259759794615,1.346766292904369,38.18682924005498,51.74831833459394,53.25855794891815,Clocktower,Maze,Secret Code,Ancient Prophecy,0,1,45.35785102643389,48.62810526679501,29.664140696412492,-1
1502,62.76717408613892,57.68155512915624,1.1142455031457827,32.60155717820624,49.91200396977205,46.46057199710591,Hidden Vault,Mechanical,Oracle Vision,Ancient Prophecy,0,0,47.88976156908944,50.01043531800469,33.58576191603897,-1
1503,62.53820862443083,57.05225142042961,0.7864814686189483,34.1099144558893,51.13582711942004,54.896858916124856,Clocktower,Pattern,Oracle Vision,Forbidden Magic,1,0,48.35225091698023,48.41934743573969,30.42193410615277,-1
1504,62.71822423281724,55.61582816957046,1.0160249945133908,30.447377784007536,54.29581368975997,48.22083524533028,Clocktower,Sequence,Secret Code,Ancient Prophecy,0,0,47.29730119775034,51.35905331822172,29.065339149721517,-1
1505,63.35156445548868,57.43073030582112,1.214511278097933,21.411527237024305,52.413847301853366,48.83186243982611,Hidden Vault,Maze,Hidden Door,Cursed Treasure,1,0,44.52676407743285,48.78815341772678,31.515029844708465,1
1506,62.88442713717013,56.39976005851696,1.1028178990114543,20.41608601314327,51.92655638755548,52.5221354640542,Hidden Vault,Symbol,Secret Code,Forbidden Magic,0,1,46.22762823695287,47.86999948522692,28.383249014784635,-1
1507,61.84058789651512,55.73953631718814,1.214121266625549,39.89556096627063,53.84924814535198,52.84985457588666,Clocktower,Symbol,Secret Code,Lost Civilization,0,1,48.650387161635926,50.82798328948433,34.568780049276995,-1
1508,60.878483976936685,56.410933896789686,1.3388462859519104,26.81839730871998,52.92249200326335,56.69569494101092,Hidden Vault,Maze,Hidden Door,Cursed Treasure,0,0,44.567038680200056,51.51675206965355,27.27713573459598,1
1509,63.669533566642045,57.24321739479359,0.8420410241406104,26.38973465999866,51.65320295987203,52.24071132327281,Underground Market,Pattern,Secret Code,Forbidden Magic,0,1,46.74997117414173,49.95064800462093,29.745360277685396,-1
1510,61.764402241907575,56.58428823278703,0.691481198623138,30.697775316108032,52.1963166468887,51.39886308501792,Hidden Vault,Math,Hidden Door,Ancient Prophecy,0,1,45.91183488536732,51.78624140283472,29.3846460641173,-1
1511,61.52944766065358,57.949998744301006,1.0281973862516802,32.21742676828683,50.71671931954911,51.97824844635706,Underground Market,Math,Secret Code,Forbidden Magic,1,1,43.81089411337589,52.30191819771724,27.245890129784154,-1
1512,60.26629718791063,57.2125094537366,0.9420174149835208,32.84566037607092,51.024103719257226,55.476219403219446,Underground Market,Symbol,Oracle Vision,Lost Civilization,1,1,46.44173651294552,54.051854941714105,28.733817776241825,-1
1513,62.34200551091922,56.64752212999528,1.2782017325473358,38.329365218324746,51.55302844981756,57.56099997666095,Underground Market,Sequence,Secret Code,Ancient Prophecy,0,1,49.35492562679188,51.42972345019874,31.64040790042926,-1
1514,62.15296687274378,55.09668743702189,0.7216317618946035,36.95686238994611,52.69545864567193,51.03799925272754,Hidden Vault,Symbol,Hidden Door,Forbidden Magic,1,0,47.64850867779921,52.52117910461263,25.67800510280925,-1
1515,60.4895526535644,55.941426657048574,1.3516552482537336,25.39440734086494,49.9849472673892,52.85693104043028,Hidden Vault,Math,Oracle Vision,Forbidden Magic,0,1,43.64742396133951,49.27984645625778,27.839981266686937,-1
1516,62.458568405012365,56.19123719590567,1.4532095743945337,34.28862438973039,51.967055975378834,51.31402703876118,Clocktower,Symbol,Oracle Vision,Ancient Prophecy,0,1,41.40198788064657,52.52652958442695,31.486152520012972,-1
1517,61.50776866109543,56.814628681907536,1.048828444496437,27.52036006780196,51.264570135774,51.26433414686534,Hidden Vault,Pattern,Secret Code,Forbidden Magic,1,0,47.5775813156661,52.86468686750186,28.16147810484877,1
1518,64.69698124727698,56.753764591537774,1.0685944731067956,28.749119157144627,50.49460165158629,56.19762655966192,Hidden Vault,Cipher,Oracle Vision,Cursed Treasure,1,1,49.24498484723078,49.541328064773424,28.595418990123324,-1
1519,61.43805013839455,56.28441658066604,0.8217719387158166,23.962550160751817,51.26585453094077,49.18567069034128,Underground Market,Symbol,Oracle Vision,Cursed Treasure,0,0,41.37593277029724,48.275181750097865,28.879862623350167,-1
1520,61.57300251373305,56.233680962142586,0.8909253519387608,20.962950329912324,48.35704767484521,45.66429697779168,Hidden Vault,Cipher,Hidden Door,Lost Civilization,1,0,41.8817521171584,48.00963455209816,25.921305983607525,1
1521,61.13424355432346,56.8322530797873,0.9329357328837418,29.266309548425895,50.69929467753408,52.29361089761638,Hidden Vault,Sequence,Secret Code,Cursed Treasure,0,1,48.35748171920502,50.75268441954991,29.02823699137624,-1
1522,63.2877596413324,55.2516853641114,1.4900571583386246,24.639997154136456,50.1829369567857,54.50251632190518,Underground Market,Logic,Hidden Door,Ancient Prophecy,1,1,43.05495357639847,46.41335312997828,31.64769313824293,-1
1523,61.6380100680788,57.8042730865254,1.0373774897419654,34.05474886789924,51.40874734742906,52.04974156562758,Hidden Vault,Symbol,Hidden Door,Forbidden Magic,0,0,48.15614807968932,49.837278898741104,31.411620004042465,-1
1524,61.28681384265754,54.06008633753341,0.6640755122715802,28.00604812170304,48.405355417049456,52.75550887802003,Underground Market,Maze,Oracle Vision,Forbidden Magic,0,1,44.18986927994455,49.917592194245856,24.367324187995397,-1
1525,62.71966452254628,57.56116894352406,1.1391473602214488,30.950134428936497,52.10776268497123,53.38098345281723,Hidden Vault,Maze,Oracle Vision,Lost Civilization,0,0,47.737122955579046,52.04803872835193,29.353663044910927,-1
1526,60.63337746604648,56.05909046012589,1.312266634689073,36.24054123599085,53.18190668057108,51.77727768352401,Hidden Vault,Symbol,Hidden Door,Forbidden Magic,0,0,47.35246490073927,45.1724666378152,33.01710382642065,1
1527,62.63990119909296,57.10538262383905,1.0586195030399488,21.97215083382043,51.63814016258964,52.89076905862081,Clocktower,Symbol,Oracle Vision,Forbidden Magic,0,0,43.60912231104771,47.63610174023252,27.08936907591305,-1
1528,63.79728997291013,56.46518036393076,1.5088949331280386,25.77123922716167,52.55855040609343,52.84902974663415,Hidden Vault,Cipher,Hidden Door,Cursed Treasure,0,1,46.78678949839748,54.35510909538496,32.5272350124895,-1
1529,62.58363703383248,56.44592176487422,1.3032960522194823,30.294428877574934,51.03750959855433,46.60348850690128,Underground Market,Maze,Hidden Door,Lost Civilization,0,1,45.652416511875074,52.07878197098626,30.78813468879796,-1
1530,62.65610579192175,56.65269956373345,0.7572418385790645,30.94830458317205,49.470881619495046,51.78466723432448,Hidden Vault,Symbol,Secret Code,Forbidden Magic,0,1,43.30968910419372,48.38521158906364,22.590731175453705,-1
1531,62.88948528557514,56.906067425083485,0.9085119638369132,34.8988229310434,51.80152326731645,47.56804291760125,Clocktower,Pattern,Hidden Door,Forbidden Magic,0,1,46.34789351315064,47.21768751136486,28.546118056178603,-1
1532,63.73038999666724,55.76676067733285,1.1437952749424611,33.71274116869164,52.81569201338975,51.40457123723144,Hidden Vault,Symbol,Oracle Vision,Ancient Prophecy,0,0,46.25633909884595,47.10085675176859,31.644590967683047,-1
1533,63.23187212124183,57.12897932706,0.5780803220809975,29.85726893601841,49.80464567906152,50.261797627901416,Hidden Vault,Symbol,Secret Code,Ancient Prophecy,0,1,43.68806563770887,50.96953675043772,26.79094171165073,-1
1534,62.4629833578344,55.00830859527488,1.1808778234126711,30.88523463620798,51.08945570500314,54.08502813591957,Underground Market,Symbol,Secret Code,Cursed Treasure,0,1,47.48216053825844,52.67756387160686,29.319673437942598,-1
1535,62.92857977845647,56.086058002533925,0.5535536727147788,31.01918641294718,51.412656178679605,52.11103189802499,Clocktower,Mechanical,Oracle Vision,Cursed Treasure,0,0,46.71737040973702,53.36928685796385,28.23288884653918,-1
1536,61.14016744895999,56.9259781967687,1.3911398092871732,22.01082601527353,56.05644189380657,52.682982115220575,Hidden Vault,Logic,Hidden Door,Forbidden Magic,0,1,43.99523040557769,47.90810212952102,35.57057081937859,-1
1537,62.80384920215999,57.08365589328543,1.358396904406578,28.573076545371517,52.11035242651764,51.02137320509437,Hidden Vault,Cipher,Hidden Door,Forbidden Magic,1,1,47.2957351961142,49.789087056761005,32.563941879875195,-1
1538,61.02349210324942,56.54806755251077,1.239777768491663,30.59287133549747,48.91286611550612,54.13045315651591,Underground Market,Symbol,Secret Code,Lost Civilization,1,0,47.304894336119375,47.65212507831628,27.90383770340336,-1
1539,61.663557330117584,55.69253701111336,0.8877318259899953,31.638796079693517,48.53784669996243,47.50668664869317,Hidden Vault,Symbol,Secret Code,Cursed Treasure,0,1,47.303616704276166,48.96624586171029,24.901870893337072,-1
1540,58.949588444093,56.98129833129379,1.1437314491906925,24.719746359645363,52.85873366602339,49.26124386969665,Hidden Vault,Mechanical,Oracle Vision,Forbidden Magic,0,0,40.82645978076097,47.79653394062914,32.0432267467253,-1
1541,62.43519032975009,55.41389578145817,0.9408557897727504,22.99308101253737,55.48636163158266,54.71576780402201,Hidden Vault,Maze,Secret Code,Cursed Treasure,1,1,45.51808955211321,48.79536261898093,29.15112693570755,-1
1542,61.39153787518154,57.83335293049621,0.7878459296816789,28.159899875923152,51.33314614744537,50.41087875216954,Clocktower,Maze,Hidden Door,Lost Civilization,0,0,45.72650216630128,49.01545404503035,27.76188829254305,-1
1543,63.14824346587724,55.99596516862239,0.9977120025927344,39.16487091254072,51.23913873421496,46.13541998707279,Hidden Vault,Cipher,Hidden Door,Cursed Treasure,0,1,54.01861691153821,50.49221253671902,30.012307132940705,-1
1544,62.42901835746488,54.53971295914423,1.3110817489426017,25.22726557439273,52.39225575780952,55.13160319153472,Underground Market,Symbol,Oracle Vision,Cursed Treasure,1,0,45.04142736654276,47.62653248023698,33.73350748423843,-1
1545,63.16468825249341,54.88336815502724,1.1170361874279744,35.18859242531458,50.54434245817213,54.1923401783995,Clocktower,Logic,Oracle Vision,Lost Civilization,1,1,49.22119025055628,47.7848708106373,32.31194314694538,-1
1546,60.95880152135269,56.12041861665761,1.5414172778753852,37.23808273101395,47.92121400655587,53.27742351652683,Hidden Vault,Sequence,Hidden Door,Lost Civilization,0,1,47.5570545144872,49.89037277011478,30.2476471261376,-1
1547,63.08262889088893,56.2153339994172,1.3382732314879602,29.537135758160503,53.2889677609725,51.73601501737926,Hidden Vault,Pattern,Oracle Vision,Cursed Treasure,0,0,46.80850976337461,53.29356902803536,30.978593180890883,-1
1548,64.15198304705088,58.043909557435576,1.3085033479817334,25.905967356130088,50.808889682336726,55.65186754539674,Clocktower,Mechanical,Oracle Vision,Lost Civilization,1,1,46.22575332690336,55.02406563609519,28.237174851797352,-1
1549,62.81220789422978,55.03450807980815,0.6305973042386481,31.86469404854941,53.29939791489105,54.64654607265626,Hidden Vault,Logic,Secret Code,Ancient Prophecy,0,0,46.37748579870138,50.09606058960563,33.089348413682195,-1
1550,62.84036051826492,56.11123456663615,1.0301288710641507,30.27092219735954,50.5782658012176,55.36964017198002,Hidden Vault,Sequence,Secret Code,Lost Civilization,1,0,47.14020028567665,49.21636937327027,28.829876570915957,-1
1551,62.221610105533735,55.011126319522354,0.7987877272239559,24.995810655565084,51.89790626431613,53.23875120111808,Underground Market,Pattern,Secret Code,Forbidden Magic,1,0,46.07523014423598,51.51986429011023,30.49976135154613,-1
1552,61.52938355267287,55.576678646378944,1.065643328101271,25.99266156469424,52.9929438839733,51.8069896281277,Clocktower,Symbol,Hidden Door,Cursed Treasure,0,1,43.876415242270674,51.83659292328304,31.152605621281463,-1
1553,62.81732357442935,57.752101720681736,0.9150276787866852,31.549905425052533,53.31164767003487,50.50208782246301,Underground Market,Symbol,Hidden Door,Forbidden Magic,0,0,48.82651234919382,52.852422603501935,29.32473018539969,-1
1554,60.55216610367769,54.93060008078791,1.0122167960850783,33.944524008055154,52.05099650494731,48.32769039383532,Hidden Vault,Cipher,Hidden Door,Ancient Prophecy,1,0,47.94327752382274,45.702938495112754,28.998453405899134,-1
1555,61.64265062446078,56.652795767897,1.4463561683201989,27.658672106036484,51.97173147651159,52.75511403866586,Underground Market,Symbol,Secret Code,Ancient Prophecy,1,1,43.52266750283412,52.46765413917024,29.005040416110216,-1
1556,60.2915445839994,56.45748817348779,1.2731125517737318,28.922241783512472,52.62175859077536,52.96339333698901,Hidden Vault,Math,Oracle Vision,Cursed Treasure,1,0,42.92421983421709,50.76099615681861,33.648180129333944,-1
1557,61.36117952594875,56.03924729368654,1.435223140176968,32.60637431323276,52.38374735884869,50.62554667023169,Clocktower,Logic,Hidden Door,Ancient Prophecy,0,0,47.49492680975293,47.91681795693949,31.691704951523537,-1
1558,62.7091543699921,56.58170368786602,0.6554559860277276,28.396004257387723,49.74598333289377,53.03420257029158,Clocktower,Symbol,Oracle Vision,Forbidden Magic,1,1,44.96922232925328,48.21263713313501,30.353962333308477,-1
1559,62.57481486461264,54.90110547051264,1.1556461575128498,27.7570464017067,49.769859111448206,50.669555421002144,Clocktower,Math,Secret Code,Lost Civilization,1,1,43.7805815447406,49.54881022939408,28.609979185726885,-1
1560,62.12268620684824,57.71631759525008,1.430878647815735,25.472205139343732,48.50959002133361,53.6685692283674,Underground Market,Sequence,Secret Code,Lost Civilization,0,0,48.34906815821887,45.08006303336716,29.382268594610743,-1
1561,62.244563317707055,57.98372026878924,1.595389759161626,25.38069947830795,52.81810432726939,49.294731767143205,Underground Market,Logic,Oracle Vision,Ancient Prophecy,1,1,43.02829270551925,50.90127872486703,30.52408314220982,-1
1562,60.19072628392652,56.1048696128554,0.6817285757119256,42.583735138459645,51.069879026375496,48.86222116247824,Hidden Vault,Mechanical,Hidden Door,Ancient Prophecy,0,0,45.84236541557533,48.17725941590969,27.63897271736248,-1
1563,61.70649594119783,58.4797716462965,1.0433842353630571,28.25349720166588,52.8888687209536,50.89855318195338,Clocktower,Symbol,Secret Code,Ancient Prophecy,1,1,43.93255994837623,49.999732073479215,28.137733267129715,-1
1564,61.400212652780255,55.656548647784575,1.461791535569499,36.05496667450165,52.259205778884166,53.57196348875571,Underground Market,Sequence,Hidden Door,Forbidden Magic,1,0,48.11991398146377,48.49703895816962,32.78209194341247,-1
1565,61.4250492988704,56.45493010377802,1.0965540670075686,37.64479673720819,50.14503495749776,48.60303633835244,Hidden Vault,Sequence,Secret Code,Lost Civilization,0,1,48.29557275515312,46.58865732131063,29.67435217036162,-1
1566,62.6862710149629,57.48531917505295,0.8838459520433121,28.30205901026717,51.4633444821341,54.12421754752299,Underground Market,Maze,Secret Code,Cursed Treasure,1,1,49.87680717238755,52.63735240659563,32.21680797450353,-1
1567,61.22880710049291,55.59336812697825,0.694724704664427,31.05724534115258,50.95641639566179,47.39352966403697,Hidden Vault,Pattern,Secret Code,Forbidden Magic,0,0,44.51767196709599,44.85085127876661,25.341595386326112,-1
1568,61.48729423291337,54.66977648256978,0.8778865556148363,29.722599991216104,50.71975387894885,50.88313531101427,Underground Market,Cipher,Secret Code,Lost Civilization,0,0,46.2814693510887,48.751369397190366,31.303426955387717,-1
1569,60.00760508329454,54.43857191212583,0.6586182694317705,21.144392558380027,53.00142809717383,47.9673096822434,Underground Market,Sequence,Secret Code,Forbidden Magic,1,0,44.60485859426903,47.01217020048962,27.178299419996332,-1
1570,61.80328895785811,58.110089463675045,1.1856376984379091,21.44052143735212,55.3894888062993,44.97525158954192,Underground Market,Math,Secret Code,Lost Civilization,1,1,42.1960981089338,55.7221177458333,33.12575840637589,-1
1571,61.01235093598322,55.51922266054107,1.4398222860381986,29.43969648410065,53.29252413575192,52.41612951193814,Clocktower,Symbol,Secret Code,Cursed Treasure,0,1,46.84676792295807,49.56733356649746,30.114674117569155,-1
1572,62.182206266666284,55.861505452158816,0.7954851881356781,27.065939579382267,51.57259787564303,51.05547222842221,Clocktower,Symbol,Hidden Door,Lost Civilization,0,1,41.7647634320965,45.17090777092567,29.373786984272964,-1
1573,61.15474862653584,54.93348353821669,1.253963478254124,38.643447566914446,53.49707660141456,48.00725266792378,Underground Market,Symbol,Hidden Door,Forbidden Magic,1,0,51.80339252481731,50.24649595007184,26.74319970352581,-1
1574,62.2132907069757,56.99360279692596,1.4331111963228076,27.99770527150858,54.171920353985726,50.20846535503805,Hidden Vault,Maze,Secret Code,Cursed Treasure,0,0,47.716801528652425,48.54475260655642,31.47724186496276,1
1575,61.96699291312376,55.262730063028094,1.1816209484392166,38.93022453573299,49.50873060591255,52.60456306732328,Hidden Vault,Math,Hidden Door,Forbidden Magic,0,0,47.49791311417621,50.55543528747518,29.693047273628757,-1
1576,63.78668905470503,55.55206380630516,0.7021467792836782,26.78861765838532,53.429258408281314,50.57962583252708,Clocktower,Logic,Secret Code,Forbidden Magic,1,0,47.96823428600605,50.80774167713659,33.03410955819901,-1
1577,62.61487223595585,56.34189467557792,1.304158051509883,38.72655734194578,52.74115796999295,51.003297211079,Clocktower,Mechanical,Hidden Door,Ancient Prophecy,1,1,51.81325634307711,52.93274886167517,27.3311817651783,-1
1578,60.28106169313121,54.97738626497921,1.174857747930038,31.69264384257357,53.36344149466097,50.50385857419237,Clocktower,Mechanical,Hidden Door,Lost Civilization,1,0,43.09909300101734,49.53092218519215,31.376596057313105,-1
1579,60.85889433806153,55.86191837599021,1.147275243723782,31.97193248267939,52.79579145762779,50.0442446714251,Underground Market,Math,Oracle Vision,Forbidden Magic,0,1,44.90716054969117,51.30079874041191,29.949507650045987,-1
1580,62.18211308345792,57.44178920881547,1.033167663018622,26.59159040116857,51.228833626918586,50.01165681314231,Hidden Vault,Pattern,Secret Code,Lost Civilization,0,1,47.978911798111184,50.54052748443937,25.91498218526132,-1
1581,61.20021726337765,56.46692351443905,1.226264484382226,32.02991881089442,54.61426957495571,49.93825658426066,Clocktower,Symbol,Hidden Door,Ancient Prophecy,0,1,46.46405178017484,49.2703927945577,29.962535943055137,-1
1582,59.16489513263767,56.16831143399943,1.3562000989308547,37.60380834936885,52.0688677036025,49.61714280981732,Underground Market,Maze,Secret Code,Lost Civilization,1,0,47.65241191579221,51.86310140813144,30.517012995116943,-1
1583,63.48604641002675,56.251744405921976,1.9234925146009865,28.410997547840537,50.90245525964927,48.956763505773,Clocktower,Pattern,Secret Code,Forbidden Magic,0,1,46.75532156758079,47.09574419422444,34.079351262115125,-1
1584,62.85999879667493,55.646865688768585,1.2430577476298046,27.43303034264614,52.30735873803816,50.55071920570543,Hidden Vault,Math,Oracle Vision,Cursed Treasure,0,1,47.72888606813042,49.3416632884007,31.30170708292004,-1
1585,62.66406445475886,58.03128472931148,1.665777058793915,27.89106670176633,53.00140152517583,49.90018036917996,Hidden Vault,Symbol,Hidden Door,Lost Civilization,0,1,46.99162196448128,50.08504847119514,30.53884110349782,-1
1586,61.53911542250242,55.22211744344521,1.3228541753705845,37.22028798104901,51.67933538387695,48.82075342371077,Clocktower,Symbol,Secret Code,Lost Civilization,0,1,48.30199017566016,50.67553742110288,27.463014102668204,-1
1587,62.57750417780975,56.24435344302669,1.1887782715591542,33.39132214247056,52.12125469191252,53.41503663839238,Underground Market,Pattern,Hidden Door,Cursed Treasure,0,0,43.360513853792376,47.901937058512544,31.65103806065924,-1
1588,61.44889404006148,56.1476161001618,1.266326150798714,36.34778781092575,51.658427444602864,54.58158992979179,Hidden Vault,Logic,Secret Code,Cursed Treasure,0,0,49.053694028344495,48.81735157378385,30.50398362487279,1
1589,62.36157660679904,57.04052684235561,0.8583819295824364,30.672308769934528,50.53006039468896,51.4997430634915,Hidden Vault,Math,Secret Code,Ancient Prophecy,0,0,48.07712054837821,50.12220787267172,31.921407020521727,-1
1590,61.239638973645626,57.134122627003855,1.319817516445707,29.295584976387342,50.28170505773806,51.6661824698271,Hidden Vault,Cipher,Secret Code,Cursed Treasure,1,0,43.053381131589525,53.02567295448059,29.71501054233126,-1
1591,63.680051458951205,55.99812479119462,0.6336119776907226,31.213486987105057,49.40445575655168,49.768590085326,Clocktower,Pattern,Secret Code,Cursed Treasure,0,1,45.22887915503104,48.01454589082027,29.52313758243135,-1
1592,60.597105044274926,56.32001555361193,0.9756189384571032,34.43932369558643,53.77991947910773,54.16757839197749,Underground Market,Math,Oracle Vision,Forbidden Magic,0,0,47.72525732658008,49.37821063349123,31.88011166722571,-1
1593,63.40324206353979,56.35709983940016,1.270574227932716,27.8476896831465,51.161943710445605,55.84545278769085,Underground Market,Logic,Secret Code,Ancient Prophecy,1,0,46.78490227933636,46.98595524426312,32.30648293801084,-1
1594,62.21352840771748,53.75565001785999,1.5990333594512551,35.92140138451691,46.349858110221255,51.09051542743585,Underground Market,Sequence,Secret Code,Cursed Treasure,1,1,44.15495029614223,44.93293710703111,30.435887443328188,-1
1595,61.68883770394339,54.43803922460361,1.6732581144432055,30.90189038211209,52.08014270079765,50.196383679018695,Underground Market,Maze,Oracle Vision,Ancient Prophecy,0,1,44.63982632870851,49.34861850221273,33.641767649620434,-1
1596,62.34903747802245,55.4212128584284,1.1763534958051045,17.036053751424234,52.04317731023066,52.35368816488711,Underground Market,Symbol,Hidden Door,Cursed Treasure,1,1,43.147924810044806,49.26762148134341,26.14328794788729,-1
1597,62.91915012117172,55.463936165934896,1.2972937117564447,33.47960409599904,48.67365006769599,51.822327610095975,Clocktower,Cipher,Oracle Vision,Ancient Prophecy,1,0,49.14872503984048,48.65569162609388,29.0521746779856,-1
1598,63.55635407177738,54.82552128723808,1.5491624893392708,22.695290095552007,50.21894369966171,50.24961131135677,Clocktower,Symbol,Secret Code,Forbidden Magic,1,0,43.77376103208042,51.904083504084966,29.97888524832798,-1
1599,62.506593205153806,56.77366572379442,0.858294909455874,33.347342857519706,50.14711247770792,52.67798958258088,Underground Market,Symbol,Secret Code,Cursed Treasure,1,0,47.21324580335147,46.4264326758564,31.04804354976321,-1
1600,61.306634531596806,56.02549159554642,1.381870278357252,33.55371863695808,50.342124223885534,53.84539401847474,Underground Market,Pattern,Secret Code,Cursed Treasure,0,0,45.09139209865626,53.92191224863895,28.69519398101444,1
1601,62.25687872504773,55.8079792306637,1.0153948373338602,30.69022693207366,53.26864111280758,49.53545399668805,Clocktower,Symbol,Hidden Door,Lost Civilization,0,1,49.20904266297379,52.07586304513564,30.135339075185165,-1
1602,64.02199733326295,54.7658296909644,1.2155452914111655,31.753789455210185,51.22008450504581,57.85508494928901,Clocktower,Math,Oracle Vision,Cursed Treasure,1,0,48.28851179157284,47.92851168293581,32.07395486344105,-1
1603,63.556875149268926,55.97676187499652,1.1327291840192444,34.52434564046287,50.79644407113612,47.66764460725543,Underground Market,Sequence,Oracle Vision,Lost Civilization,1,0,47.15605221607071,50.12548770042714,30.53106955625976,-1
1604,63.121990941444814,53.39395434577151,1.4044000085578614,26.546445805883582,53.11474906537148,49.37077318414775,Underground Market,Sequence,Oracle Vision,Ancient Prophecy,1,0,43.524525442282325,46.63302768662092,32.5095895454304,-1
1605,63.01298227561711,55.85702574462568,1.442252949941647,32.986310688965474,52.168025824646286,52.08492007575591,Clocktower,Symbol,Oracle Vision,Lost Civilization,1,1,45.169907834461966,50.171989605052325,34.0714181544349,-1
1606,62.92085049071808,56.082519271368966,1.547867402638592,34.82884287114171,48.80734929510593,57.117182795941375,Hidden Vault,Maze,Hidden Door,Ancient Prophecy,1,1,51.82427259427802,53.31892014612433,31.11531055205627,-1
1607,63.38429769114441,56.26061472977874,1.3883978816685476,37.80868906892849,50.48766623864262,50.09352327079844,Underground Market,Symbol,Secret Code,Cursed Treasure,0,1,49.02616164697496,48.18738714206958,29.707556072187344,-1
1608,61.77309379843699,54.45397272290068,1.3388410867936098,23.473910143404296,51.88930250382803,48.83563421851103,Hidden Vault,Cipher,Secret Code,Cursed Treasure,0,0,43.306987141726985,48.03163019035938,28.707476886453406,-1
1609,60.87885347563673,56.24227656424354,1.8469709138076755,31.03991316732905,49.999254629065,52.873103696071865,Underground Market,Cipher,Oracle Vision,Lost Civilization,0,0,45.41279840651736,47.85591207958772,33.360914458849166,-1
1610,62.30719718748965,54.97542450129403,0.8368867712371211,24.18439390064696,54.43812537223516,50.87851398070482,Underground Market,Maze,Oracle Vision,Ancient Prophecy,0,0,43.37921691041423,48.17819500210965,29.02640124755083,-1
1611,61.42490339139606,55.20379248705444,1.806319874572968,23.966722654565963,51.556787719032826,53.16313923738608,Underground Market,Pattern,Oracle Vision,Forbidden Magic,0,1,43.83093784505027,48.14862422207344,32.52139592966724,-1
1612,61.19179261792355,56.733610860049005,1.2141442779342813,30.775950254478552,50.251054594955946,51.32304862524895,Underground Market,Pattern,Secret Code,Ancient Prophecy,0,0,46.01771745430763,47.57396734367758,32.138818793114865,-1
1613,61.53090025280471,58.02922096122889,1.4758235739388688,29.36255492678388,49.69032643981165,49.35708364467512,Hidden Vault,Mechanical,Hidden Door,Cursed Treasure,0,1,45.75731369400236,50.03129582719494,30.30591023603074,-1
1614,64.74089522787634,56.0659043711121,1.2103345575636673,34.69473352549273,52.759629480512736,57.37218992603557,Clocktower,Symbol,Secret Code,Forbidden Magic,0,1,46.7277615970207,49.90652374757977,30.332685047381386,-1
1615,62.396145385754224,55.196899140903405,1.1007572551439853,27.23327999348461,50.3901149037014,44.1140235022982,Clocktower,Math,Hidden Door,Ancient Prophecy,0,1,47.3925331895943,47.90955256876225,29.03885690561105,-1
1616,62.62640496692334,56.20212464904056,1.4603909043233627,28.288327006327236,51.92533742890499,56.05059687587443,Hidden Vault,Maze,Hidden Door,Cursed Treasure,0,1,44.95642221577104,45.12836404167841,31.298981393258348,-1
1617,61.04664758878816,56.95195357769036,1.6311647627967547,30.010513290956528,49.621689244935226,53.83315476058482,Clocktower,Logic,Oracle Vision,Forbidden Magic,1,0,44.31381584613823,49.48206993862917,29.353106384619775,-1
1618,60.42980754400954,56.63340282328162,1.4639475021270667,24.6382413689686,51.44775597828756,49.63602677118196,Clocktower,Symbol,Oracle Vision,Cursed Treasure,0,1,42.24170490403122,49.83838992786566,34.934384261338735,-1
1619,61.459094763542645,58.75500958749285,1.1629393466118254,25.326415911746096,50.382095472879456,56.18105026208441,Clocktower,Symbol,Secret Code,Forbidden Magic,1,1,42.368438245387225,55.00000919570787,28.74416717862522,-1
1620,63.72096664728547,55.296061225764994,2.4125179892792934,34.51662384903294,50.85627187262412,48.07145200188935,Clocktower,Sequence,Oracle Vision,Ancient Prophecy,0,0,49.12316247365579,48.9321346729212,36.646982812183694,-1
1621,62.62170688946807,56.26314297858988,1.6922336790687988,26.185706578680872,50.12835573679746,54.02027740501881,Clocktower,Symbol,Oracle Vision,Ancient Prophecy,1,0,47.21870005196511,51.28104337743773,29.796194276214607,-1
1622,62.89072353603144,57.55935278161231,1.61622239416741,34.837201772747505,52.85460419751055,46.29338721738223,Underground Market,Sequence,Hidden Door,Ancient Prophecy,0,1,46.739616216175484,50.011068369918576,33.99124465278597,-1
1623,63.03542811848436,57.49612802214328,1.2338978741250712,31.955704898696503,50.57302118838984,48.63530451757406,Hidden Vault,Symbol,Oracle Vision,Forbidden Magic,0,1,43.72171676993602,52.95824253048626,30.560813499079725,-1
1624,61.71028290093661,54.0594354445948,1.1558139597440875,21.175795831178757,51.087678384295785,48.62909543588031,Clocktower,Maze,Hidden Door,Ancient Prophecy,1,0,41.32467929469875,46.1700541934076,30.217159176340957,-1
1625,63.69440458581469,56.005710967756364,1.2629974353776434,31.55963929848464,51.15346256535273,49.623358348928,Clocktower,Cipher,Oracle Vision,Forbidden Magic,0,1,46.7879626424461,50.44466859273751,30.97859436193641,-1
1626,61.67847459591526,57.49315520258607,1.6749652884340285,31.51442576185613,53.707867892597,51.528952788446645,Clocktower,Sequence,Hidden Door,Lost Civilization,1,1,43.998541863243496,52.66751298249292,34.38571385096337,-1
1627,63.72239417206155,58.89885390988472,1.056964691639575,31.01093643148516,52.61818735847877,49.435059089729606,Underground Market,Symbol,Secret Code,Cursed Treasure,1,1,46.339254054678335,53.14004745961738,30.08314777127695,-1
1628,62.76337996277737,56.71159392129735,1.037295806723112,28.181162444068484,52.461982556115366,46.40897262075553,Clocktower,Maze,Hidden Door,Lost Civilization,1,0,45.00932306232549,54.51881187649222,30.02612306008227,-1
1629,60.53698497387709,55.63953249869144,1.52324026993476,24.18444743967097,48.902343730420064,52.6586269217517,Clocktower,Symbol,Secret Code,Forbidden Magic,1,0,43.546545171993685,47.55941217844832,31.699005912974684,-1
1630,61.58300924174073,54.9978010330023,1.4607618816148653,35.61007315053444,50.2777727661418,51.6223773073187,Hidden Vault,Maze,Hidden Door,Ancient Prophecy,0,0,44.72291855770019,51.38158189689263,28.69802520339866,-1
1631,60.55110502516341,58.225366575624754,1.1375435033897805,28.365321951517387,53.03845267204612,52.52231835224545,Underground Market,Mechanical,Secret Code,Ancient Prophecy,0,0,46.00048634653787,53.67673738279765,28.4768024097089,-1
1632,63.5043867003825,56.73499447817064,1.0449185792799436,24.450385649580937,49.4922673264174,51.92979477316494,Clocktower,Symbol,Oracle Vision,Forbidden Magic,1,0,48.75962535250336,49.711882416031,29.283700089041453,-1
1633,62.3214662862221,55.15782628070362,1.8072981032237885,31.14894242795903,51.36779865625879,53.885588204962914,Hidden Vault,Mechanical,Hidden Door,Cursed Treasure,1,0,49.595796911081166,52.56256020799407,28.89354083743448,-1
1634,60.122992486062486,55.80238780069122,1.486686742008624,25.14186768944005,49.63697682874744,51.31129411709724,Hidden Vault,Pattern,Hidden Door,Ancient Prophecy,1,0,42.44826750387299,48.69595051829761,27.39955617311315,-1
1635,62.73225105558311,56.31539228808225,0.9741879133366907,24.104491955807504,49.78057505334517,54.03130158702577,Hidden Vault,Cipher,Hidden Door,Lost Civilization,1,0,46.208008542408834,49.42152272544509,32.397532505273944,-1
1636,61.82454513714583,56.54868467536575,0.9988309101421576,26.96669960812248,53.74215750151908,49.56075837974693,Hidden Vault,Mechanical,Hidden Door,Cursed Treasure,1,0,46.28524457652826,50.321543496961326,33.96519418749913,-1
1637,60.88314469659187,55.10494226131655,1.282141309485714,25.51120044647811,52.2929044394383,49.70332405165287,Clocktower,Mechanical,Oracle Vision,Ancient Prophecy,1,0,44.09619662604009,46.48566908859804,30.13349253844164,-1
1638,64.05019341535134,55.39006404640941,1.614129996217465,24.27109064339122,52.68170477780596,54.94009848849548,Hidden Vault,Math,Oracle Vision,Forbidden Magic,1,0,46.06545452457842,50.83241385657121,34.79573070940032,-1
1639,62.4848262937949,54.35102409721178,1.5764686608384062,32.85845939548189,52.37557925514619,54.88917164556823,Underground Market,Mechanical,Hidden Door,Lost Civilization,0,0,48.7145211886396,49.7316290027287,34.56126405901022,-1
1640,62.08945764479703,57.04343579466817,1.741163950789569,28.251346247657143,50.98398386609762,52.93435535695208,Underground Market,Sequence,Secret Code,Forbidden Magic,1,1,47.49583006992224,49.917843189871526,33.39883008739633,-1
1641,61.98884860281755,55.6617805352142,0.9582554102048066,35.075955847627384,50.148447634340585,49.27723021785048,Clocktower,Maze,Secret Code,Ancient Prophecy,0,0,46.09275138917528,52.51800499645276,28.74939483687086,-1
1642,60.88041391545242,56.46945680050722,1.4762197049582424,24.53606560512745,50.57561064294309,49.07591891176061,Hidden Vault,Sequence,Hidden Door,Cursed Treasure,1,0,45.38445081077505,48.769301774153305,32.445580483509616,-1
1643,61.09460009642613,57.42514046259591,1.8405493153802464,20.164850762364782,50.88388687282976,54.820159905903175,Underground Market,Symbol,Hidden Door,Ancient Prophecy,0,1,46.039140333536,46.91478086916094,34.40011743413659,-1
1644,63.689556949007205,56.222509553345496,1.8163322135209208,29.540536746014705,53.82891350500085,54.6816623189454,Hidden Vault,Pattern,Oracle Vision,Ancient Prophecy,0,0,48.84025847724381,53.92595133114509,35.464004021119514,-1
1645,61.93628396496735,55.88943704709296,1.527884917205305,38.07059475990634,49.15278506355202,51.34105160582469,Underground Market,Pattern,Oracle Vision,Ancient Prophecy,1,1,51.65587463753203,50.975381560081445,27.58926341999855,-1
1646,62.43779665423669,56.19610776793928,2.1283422418944693,31.43963556013201,50.31964044740966,57.35471231742464,Underground Market,Cipher,Hidden Door,Cursed Treasure,0,0,41.72752994689154,50.6532868519426,37.73932449300439,-1
1647,60.376995988647984,56.06516931964817,1.6104513169994052,44.85555977765257,49.77347822137492,52.64725017986535,Underground Market,Symbol,Secret Code,Lost Civilization,1,0,50.87428365174075,48.521423434198994,36.13519971664169,-1
1648,61.10886727833245,57.24794079589632,1.7442229788629875,30.43295791491842,52.72062659739273,48.7320015649222,Clocktower,Cipher,Secret Code,Forbidden Magic,0,0,46.3237102812914,51.30186707874663,29.518815977552244,-1
1649,63.04243996538951,56.3124249359661,1.448470473404838,29.94438302003756,53.9091207401419,50.810922250830274,Underground Market,Symbol,Oracle Vision,Forbidden Magic,1,1,48.8629482796921,47.67976501591416,33.77037581693046,-1
1650,62.81604256315316,55.45700691811864,1.2045843079503025,17.98375441111451,51.5843426010201,51.51367644501344,Hidden Vault,Symbol,Oracle Vision,Cursed Treasure,1,0,40.83349954606944,48.68648739424171,34.701953070883235,-1
1651,64.19744452910797,57.04908905335375,1.1800584101054763,30.894236931101787,51.70038982462562,51.71599659187278,Clocktower,Math,Hidden Door,Ancient Prophecy,1,1,46.77445561325189,48.46704521589718,32.57499215737987,-1
1652,63.79279930251371,57.23156707168199,1.5008532728536188,29.59175665854575,51.24352891016176,54.62500804462927,Clocktower,Maze,Hidden Door,Lost Civilization,0,0,48.95428004503325,50.83456525963845,33.65104313477202,-1
1653,62.22494069503897,54.66260546801512,1.386668694828053,26.70521617586077,51.75542604656172,49.1092777183391,Underground Market,Pattern,Oracle Vision,Forbidden Magic,1,0,43.227192154865946,50.461845953934365,28.54735149750369,-1
1654,62.93444892766269,57.53358402028915,0.92329702144598,28.05231832779701,52.25157906907837,48.17121925221946,Clocktower,Maze,Hidden Door,Forbidden Magic,0,0,46.66099336983948,48.62857425566813,31.40116712425849,-1
1655,62.15077055655253,56.36538661107181,1.149890696064385,28.38958648501771,51.72292472610466,53.00580920751274,Underground Market,Sequence,Oracle Vision,Forbidden Magic,0,1,45.77346111362573,51.25018093450804,30.93941854330977,-1
1656,64.5280973376322,56.28383015245446,1.3658661584000051,27.824306492806212,51.82531209163384,50.232538727685366,Hidden Vault,Symbol,Hidden Door,Ancient Prophecy,1,0,46.67228901668916,50.1632400458202,32.935824169509466,-1
1657,63.62825055922244,57.00708086085867,1.6833316986533458,39.16637619063213,52.23275794139376,57.55876530866706,Clocktower,Cipher,Oracle Vision,Ancient Prophecy,1,0,51.07226047691688,51.71921295413094,30.77865226279915,-1
1658,62.65490406410568,55.433386528091525,1.464088357566265,26.857326580028868,48.39477433939001,53.85805095368908,Underground Market,Sequence,Secret Code,Ancient Prophecy,0,1,43.41913883771333,47.99787590681963,27.91075900307427,1
1659,62.691631575023145,56.95444478633144,1.4510556660862817,29.552026918630293,51.057739423883184,50.1865088691494,Clocktower,Symbol,Hidden Door,Ancient Prophecy,0,1,44.92035345734272,51.48769004054219,31.04797500141177,-1
1660,63.94213954170333,55.62343281895223,1.1803671011274144,26.679760708754017,51.50505371594276,54.53213434696052,Clocktower,Logic,Hidden Door,Ancient Prophecy,0,1,46.09071434675428,47.845800587159225,29.715622052608268,-1
1661,63.08295415348669,54.52519628929007,1.4871580132126037,32.61021614102862,51.66395627938786,53.32602698770752,Hidden Vault,Mechanical,Secret Code,Forbidden Magic,1,0,45.230472604058775,45.13592446533504,31.46573577464409,-1
1662,64.06812590289806,55.00234003418253,1.8797069230938763,29.570659055399453,50.77587834864193,53.084242868658194,Underground Market,Cipher,Secret Code,Lost Civilization,0,0,49.77391686302475,45.748949682985455,31.947704074617352,1
1663,60.322006006102285,56.56707815464054,1.5344184857172236,27.28105431284682,51.26578874630242,51.19439017102877,Underground Market,Cipher,Oracle Vision,Forbidden Magic,1,0,42.779985622655325,48.844579815167336,31.368534335997804,-1
1664,62.98307264668313,55.05455865449147,1.0393219114492327,19.044520357604014,49.937235813504806,52.551127129096166,Hidden Vault,Pattern,Hidden Door,Ancient Prophecy,0,0,45.07585889537287,45.30059124529923,27.793709724616384,1
1665,62.012634318488274,57.61008445482981,1.119829664152575,29.884640417174214,48.34724255596341,46.24260524851834,Hidden Vault,Maze,Secret Code,Cursed Treasure,0,1,44.4219661023506,53.09725275968146,28.55638831173574,1
1666,64.29070625247815,57.1892837867054,1.6756939502510313,27.11394343146368,52.4766100123327,54.79272351055513,Underground Market,Logic,Oracle Vision,Forbidden Magic,1,0,48.11700119321149,50.36215832766149,30.09395428509802,-1
1667,70.08702025561016,61.33344216542432,1.435533482776216,48.35183333851357,49.29272226533279,44.40984402582994,Temple Ruins,Pattern,Teleport Rune,Lost Civilization,1,0,53.34006480602637,54.63049913032976,31.416705665428648,-1
1668,68.57978484083803,60.12479490968487,1.4842247337153345,42.73694503519857,50.74595494222162,51.89469226493521,The Old Library,Mechanical,Ancient Map,Forbidden Magic,1,0,56.7861852171514,53.810684136242216,31.83096353888792,-1
1669,70.08894157112965,60.25790194236165,1.3265488523246691,55.80933011834836,49.85527825870311,49.01072361701492,The Old Library,Pattern,Ancient Map,Ancient Prophecy,1,1,61.06642998839556,52.16442129490773,27.710177727164176,-1
1670,70.34282070734108,58.80636313023948,1.6651624808073031,52.92030596211293,53.3518046519285,51.74787214692119,Temple Ruins,Pattern,Ancient Map,Ancient Prophecy,1,1,56.97661719679342,58.90787843130006,35.98926970735983,-1
1671,68.6405424255992,60.99590381829294,1.4276324113172258,55.78377725406658,50.84412288598149,52.81470681896974,Abandoned Theater,Pattern,Ancient Map,Cursed Treasure,1,1,56.26817736742522,58.72124772173901,29.478891626579404,-1
1672,71.04453300023498,60.38000975089773,1.4656916483765028,54.35878731758287,50.49018583966485,50.00801616520947,Temple Ruins,Maze,Secret Code,Cursed Treasure,1,1,59.84996102041608,55.147828951035024,33.48576186350768,-1
1673,68.54775539324524,60.56754857275258,1.270075254154568,51.57910724701768,52.069931413335816,46.063806893401896,The Old Library,Pattern,Secret Code,Cursed Treasure,0,1,53.55017296644495,51.00089307201041,31.774115510958183,-1
1674,68.3711066935147,61.68863207415041,1.8057148707724635,42.89972450040224,54.17508758769382,53.51766431035264,Temple Ruins,Pattern,Teleport Rune,Lost Civilization,1,1,53.962085539818,56.88299369464652,36.31152903358319,-1
1675,69.45806504570287,59.39444525734993,1.4666311922843789,57.82167556708542,51.54113615279462,58.21609945506974,Abandoned Theater,Pattern,Ancient Map,Forbidden Magic,1,1,57.40616482771166,48.38727402779365,31.98947148281924,-1
1676,68.24500018975192,59.87436533306999,1.7190968028487812,43.9601531001251,50.35868014604467,52.121799582874985,The Old Library,Pattern,Ancient Map,Cursed Treasure,1,0,53.62642581333273,54.77728459838819,33.18940294199284,-1
1677,68.69076274581589,60.32728710883863,1.1824148175970617,47.249866257297946,51.96188988798541,55.3983273905645,Temple Ruins,Cipher,Ancient Map,Lost Civilization,1,0,54.101719982531584,47.5092353909488,32.68981218936788,-1
1678,70.02152296306133,59.06530074849765,2.064414509131946,52.11997772934125,48.55015214288145,56.76096209389222,Abandoned Theater,Logic,Secret Code,Lost Civilization,1,1,56.0521698308516,50.41782788025041,36.34711363099981,-1
1679,68.63800641426039,59.81326796122369,1.931216543196927,52.36171864627299,50.97096886949724,48.2499051886355,Abandoned Theater,Sequence,Ancient Map,Ancient Prophecy,0,0,60.300907757687305,54.48172981648067,35.359601290900024,-1
1680,66.93050217999408,60.49395788293157,0.978817064423336,51.4337331749766,53.88439825117605,51.8568121213042,Abandoned Theater,Sequence,Secret Code,Lost Civilization,0,0,57.149508227163366,53.8930501246557,31.75392481123639,-1
1681,68.99960509315899,59.6757387519735,1.3149242127286669,46.5646284195292,51.12220236098992,49.809035970778,Abandoned Theater,Sequence,Teleport Rune,Forbidden Magic,1,1,52.40942561740986,49.040307593577225,28.123772491922495,-1
1682,67.9427911132035,61.310312044334665,1.7025417054889114,45.524920441557,51.039350107816425,50.984307405054594,Abandoned Theater,Mechanical,Teleport Rune,Forbidden Magic,0,1,52.671523990854375,53.46568581846774,27.498173264476275,2
1683,69.51118802396542,58.490571343847215,1.167075354233056,61.22573565002095,50.90072380498527,57.25502925286657,Abandoned Theater,Math,Secret Code,Lost Civilization,1,1,61.78933156805536,51.89479252830503,29.8578421546142,-1
1684,69.34897187691645,61.12445107613968,1.527254706408143,48.34998382992181,50.26862311110941,53.55919871606048,The Old Library,Symbol,Ancient Map,Lost Civilization,0,1,58.05175196273543,53.2504112690894,29.81436737130189,-1
1685,70.13108085588883,60.66305989949412,1.6984576512548433,47.73116381173231,51.32562539753245,54.97205900261294,Abandoned Theater,Math,Ancient Map,Cursed Treasure,1,0,53.6278322657473,51.91470689722975,31.10119555696187,-1
1686,69.57414413924192,59.43325108373122,1.5187815182514988,44.96569200013434,52.00883423747766,52.890252235090536,Abandoned Theater,Mechanical,Teleport Rune,Forbidden Magic,1,1,56.63140378096806,53.715205504943455,31.91467939947966,-1
1687,69.76382036848538,59.0778870067758,1.7395778590504418,49.750266437823285,50.340213600167495,49.97361838566114,Abandoned Theater,Cipher,Ancient Map,Cursed Treasure,1,0,57.313430384704255,53.71238679942849,33.454006060966165,2
1688,68.01147641795016,57.92223951782211,1.37364980053474,49.51045546110193,47.09381881274888,54.695289243046766,Temple Ruins,Cipher,Teleport Rune,Cursed Treasure,0,1,51.77668255896946,49.65595128900023,27.799717015112662,-1
1689,69.4915895450284,59.20758433824492,0.9121121892465648,48.43262371892112,51.52035935657421,56.131438428607055,The Old Library,Mechanical,Ancient Map,Ancient Prophecy,1,1,55.41834540590676,54.78869057603582,31.199012770366387,-1
1690,70.66311691792099,61.050183875948086,1.8837142701217395,50.41578784950746,54.01359298414209,53.79343554042164,The Old Library,Maze,Secret Code,Cursed Treasure,1,1,57.25027987290383,53.22532585445892,34.608640346838655,-1
1691,68.01311093797983,59.94718001876375,1.885532030535701,57.3182285402274,50.241466775631736,54.22281090439984,Temple Ruins,Mechanical,Secret Code,Forbidden Magic,0,1,58.10031873559082,51.031690657714215,32.73808621909381,-1
1692,70.5086269249707,61.16651580242361,2.347581307633816,45.51865047877989,48.59105323528632,49.91299653408304,Abandoned Theater,Logic,Secret Code,Cursed Treasure,1,0,53.31960572397634,55.24859176359953,37.43584474004992,-1
1693,68.16669882685684,59.38394368033167,0.9380315519713692,48.70269228370509,51.8058417675815,54.76715908287306,Temple Ruins,Symbol,Ancient Map,Forbidden Magic,0,0,53.98479597285621,54.57077497570292,30.01126634108445,-1
1694,67.87127038530588,60.71121139092762,1.8291286341864932,45.24137746313456,53.397379383480434,56.36503455731587,Temple Ruins,Maze,Teleport Rune,Forbidden Magic,1,1,53.04928799282707,51.93710624894903,33.90691989423197,-1
1695,69.02666714246678,59.28690775850925,1.016959945653232,49.94744428445368,51.56758491075869,54.01146368567864,Temple Ruins,Symbol,Secret Code,Ancient Prophecy,0,1,55.32888213749667,50.28385062182968,30.89943625108308,-1
1696,69.4536344691111,59.03914313299372,2.138192039316277,45.624924339670734,53.35245323556917,48.50804188530777,The Old Library,Pattern,Ancient Map,Cursed Treasure,1,0,54.321663088862245,55.526660640494704,38.823284378726086,2
1697,69.65676374427615,59.897913348371766,1.7612772454201455,45.83336287792318,51.94776975722589,57.0890737519382,The Old Library,Logic,Teleport Rune,Cursed Treasure,0,1,55.27880128811368,52.11276937245579,32.9255063919658,-1
1698,67.79057290832247,59.34040712714413,1.3330051453508267,41.156253586277344,51.80939254557501,50.63794026589059,The Old Library,Math,Teleport Rune,Lost Civilization,1,0,53.64049305109752,51.90673496694807,32.11623291322672,-1
1699,69.19422920431347,58.46289520774739,1.856310401675416,48.93612363562242,49.9639496727722,53.96946706722478,Abandoned Theater,Symbol,Teleport Rune,Lost Civilization,0,1,59.74582606230396,50.41232170528173,32.19064396642925,-1
1700,68.08152031009583,59.82375701856501,1.459983063757957,50.58926375014298,51.160881322431,55.38244067140229,Abandoned Theater,Symbol,Ancient Map,Lost Civilization,1,0,57.76746881819352,54.75202785196974,31.214291752866213,-1
1701,67.28557032365441,60.11287214112792,1.719667142086542,57.73604999043845,50.68037065853989,55.69904580512748,Temple Ruins,Mechanical,Secret Code,Lost Civilization,1,1,60.32588397034368,56.50342762554243,31.23866895996117,-1
1702,67.85320581271712,61.27517098322703,1.6949689052426633,50.77441988971034,50.62076559656672,48.49985797055039,The Old Library,Symbol,Secret Code,Ancient Prophecy,1,0,54.982738084496006,53.156746066164445,30.97009064281064,-1
1703,68.03852308763742,60.94400433618267,2.1600619344532044,46.17171281266538,50.327349704631565,53.29304314018234,The Old Library,Math,Secret Code,Ancient Prophecy,1,1,52.6667813958962,57.561717089756485,37.19603809728601,-1
1704,69.3185316422329,61.22753878451224,2.184912288424838,41.614950632921634,51.03833211135372,53.12755402720652,Abandoned Theater,Symbol,Secret Code,Lost Civilization,1,1,55.67845472631089,51.95792847299228,33.1511491627792,-1
1705,69.9566948019924,60.72836064740286,1.4648699377005667,42.30011039275755,48.74714540142493,56.59757046931628,Abandoned Theater,Cipher,Teleport Rune,Cursed Treasure,0,1,54.63162811925319,51.69367746060909,27.15177051329364,-1
1706,67.33885072034802,60.34103410774057,1.9650880762464096,41.92158979173523,51.90097805752529,54.146808856026574,The Old Library,Symbol,Teleport Rune,Forbidden Magic,0,0,54.44042296998845,53.96509467396381,34.06165489963083,2
1707,69.17162611517557,58.77990527666464,1.7577068804182967,57.78311446339493,49.35850687382574,56.6202941526124,The Old Library,Logic,Ancient Map,Forbidden Magic,1,1,57.07330955895373,49.38365360886372,33.745715531534884,-1
1708,67.65060595026313,60.15916184845799,1.2310400536104211,49.8251163076621,50.29142926346969,54.34979399971289,Abandoned Theater,Mechanical,Secret Code,Lost Civilization,1,0,56.83505265999179,53.49012378551313,32.55490709379119,-1
1709,69.46405996900431,60.60653352671773,1.4495571924521684,45.4643790142397,51.15437432251814,52.81458448859696,Abandoned Theater,Sequence,Teleport Rune,Cursed Treasure,0,1,54.96725071285472,51.61845897326651,28.98648543237991,-1
1710,68.21994565609079,61.46763842749954,2.3628415585023577,43.57304513376684,49.25930999203878,53.4846485538454,The Old Library,Symbol,Teleport Rune,Cursed Treasure,0,1,53.08207896484797,49.790957737653656,36.30653383218366,2
1711,67.79908007327293,60.696960376843286,1.7729168570536302,44.08492377886188,47.6921985784356,56.80899229275616,Temple Ruins,Mechanical,Ancient Map,Lost Civilization,1,0,53.1714136463223,48.541305935896425,35.05564440802887,2
1712,69.65783756158461,61.25153725326384,1.9690478020762208,45.31207261278245,50.05898378436375,49.75767041124688,Temple Ruins,Cipher,Secret Code,Forbidden Magic,1,0,56.36919115528126,52.24029218539476,31.53737422789204,-1
1713,68.27904541980648,58.97964853569135,1.6090444073020065,54.93293906514852,48.47855592920685,55.26488627530133,Temple Ruins,Math,Teleport Rune,Lost Civilization,1,0,58.99559160411722,51.8166885524877,30.32732427251797,-1
1714,68.55783000001534,59.68573203240671,1.5142090791203804,48.19502595212992,51.68530483405444,51.43096002194803,Temple Ruins,Math,Secret Code,Ancient Prophecy,0,1,54.86037747020647,49.39469389877869,29.436377802854203,-1
1715,66.66166165975271,60.44201422502547,1.6878949370826164,41.10047812051511,48.878207404868085,50.89380228937824,The Old Library,Pattern,Teleport Rune,Ancient Prophecy,1,0,53.015760088852815,52.44223428348279,34.89808253762588,-1
1716,69.83608969691598,61.17414067440065,1.6033980777755696,59.88316042687676,52.82780866164709,55.55856591654043,Temple Ruins,Symbol,Ancient Map,Cursed Treasure,0,1,60.54823473487897,53.75030364453244,29.84272372829198,-1
1717,69.71836515920116,59.86849442773315,1.238756703048619,42.62309904058373,50.582986920733376,50.792281862472514,Temple Ruins,Sequence,Ancient Map,Forbidden Magic,1,1,56.09462252775906,51.68925935204762,29.446943830859485,-1
1718,68.9108634210195,59.931822820054826,1.389227612325243,45.36275572082568,50.6720270336372,53.94268679231331,Abandoned Theater,Cipher,Ancient Map,Lost Civilization,1,1,56.92917515542571,50.23418741714781,32.462301150184075,-1
1719,67.3858041317631,60.70196540461692,1.906072451630427,54.8606686015057,47.60389694752295,51.777646444600585,Temple Ruins,Cipher,Ancient Map,Lost Civilization,0,1,60.51212583405499,52.49262902103706,30.05821229916092,-1
1720,70.13076422671504,58.88952120267919,1.582970720825935,50.3786960901691,50.7837049566404,47.107658260258816,Abandoned Theater,Maze,Teleport Rune,Lost Civilization,1,1,56.26172659003373,51.09473415650135,29.74550317810082,-1
1721,68.26317203706685,61.62337412064319,1.7083490075088144,45.94632107474389,50.43769724872141,54.19428995026088,Abandoned Theater,Logic,Teleport Rune,Ancient Prophecy,1,1,57.66181934398365,55.18738801665751,31.947762936115343,-1
1722,68.48415266876546,59.13742162643954,1.7745626617144277,42.13207648116885,48.600878883375415,53.31580318239197,The Old Library,Symbol,Ancient Map,Lost Civilization,1,0,53.96426329573261,48.53075787505276,36.17900237400839,-1
1723,71.25765111136064,58.09856705035662,1.8014373570729632,43.44842250991681,50.67194962038942,48.22479871396296,The Old Library,Maze,Teleport Rune,Lost Civilization,1,0,53.59951500896803,51.03131672595425,32.029723063891545,2
1724,68.25010170773068,60.02783284031997,2.0549208534177392,43.74234131731398,49.93568680095039,51.25352614615284,The Old Library,Pattern,Ancient Map,Cursed Treasure,0,1,52.77179444773806,49.46293418179109,32.773382752108176,-1
1725,69.70410929151812,61.71684449340103,1.384751185039823,48.30291668648916,50.19890348786363,48.48251970821924,The Old Library,Maze,Teleport Rune,Lost Civilization,1,0,57.245260821290046,52.76742386235593,28.40733774037954,-1
1726,69.53218276825108,60.60546947972989,1.888836348992384,49.215989505744695,50.55441161236136,54.82922471824103,Abandoned Theater,Mechanical,Ancient Map,Ancient Prophecy,1,1,57.931627936525,50.344550981545865,33.60274219664753,-1
1727,69.36848379506645,60.77074804767195,1.9476570867694107,47.51031694701148,49.799901424952,56.46998300677525,The Old Library,Cipher,Teleport Rune,Cursed Treasure,1,1,53.84164964768765,50.66494545207252,34.458025865196724,-1
1728,69.26856307852036,60.06169501686949,2.020279920901592,48.05041765131201,50.868251646617054,55.12372651261546,Abandoned Theater,Cipher,Teleport Rune,Forbidden Magic,1,1,54.44849462926936,52.20914454225483,32.302637280403225,-1
1729,69.371231787922,59.868594099490416,1.3040119755712216,42.98575434688576,50.36020779487719,55.47282539200023,The Old Library,Logic,Secret Code,Forbidden Magic,1,1,53.4522320631011,50.84880482932516,31.46761501837701,-1
1730,69.27509418155982,58.47673515931833,1.8076829275311024,49.69792143830215,51.19065854890558,51.705423985832965,Temple Ruins,Mechanical,Secret Code,Ancient Prophecy,1,1,54.7476968966304,54.105235988372165,31.629004901490003,2
1731,68.95957518888824,57.76294179071559,2.24939670048172,54.627691669358605,49.679949464192326,54.36732002777594,Temple Ruins,Symbol,Secret Code,Lost Civilization,1,0,54.00388263364555,52.72837873920408,30.050118677358416,-1
1732,70.53114613892545,60.21929449189765,1.7081611734693067,47.40398465936679,48.867028080847135,52.9773284246446,Abandoned Theater,Pattern,Secret Code,Forbidden Magic,1,1,52.101255655238695,53.53641631580541,32.18088799867096,-1
1733,67.71560134862662,61.33627603529528,1.8862556215526445,47.29934113516338,49.39254228450965,53.46328629022205,Temple Ruins,Symbol,Teleport Rune,Forbidden Magic,1,0,54.05554891872824,54.38381260339854,36.3900596553048,-1
1734,70.0581482525781,60.36857581343759,1.9786220519224809,48.61859855435178,52.61125877490612,55.39357865113631,Temple Ruins,Cipher,Teleport Rune,Ancient Prophecy,1,0,57.124627097105126,53.04078263331618,31.828324881044725,-1
1735,69.8674899476878,60.64876748092955,1.4401446761713932,53.78742325858798,51.87264329883551,55.93871855161809,Abandoned Theater,Cipher,Secret Code,Cursed Treasure,1,1,59.36789215970637,55.43825795029069,32.055660024846894,-1
1736,69.75203344855403,61.60962191981837,2.301201210810031,43.71557667859452,52.25017360581644,52.02560902590371,Temple Ruins,Symbol,Ancient Map,Lost Civilization,0,0,52.24122492476188,52.98868449668952,37.949401945354055,-1
1737,70.17912952707398,60.35541821833664,1.904157914611531,55.4362081321253,52.34557891728533,49.480887971612376,Temple Ruins,Maze,Ancient Map,Forbidden Magic,0,1,56.04766192109658,56.95665240924858,33.58544946628678,-1
1738,68.97809548627026,59.9047538290647,1.913397938909952,50.28084950140534,49.71342580948779,52.53148866326786,Temple Ruins,Mechanical,Ancient Map,Ancient Prophecy,0,1,55.41525493597504,49.99162986929044,29.65663647139069,-1
1739,67.21029451333645,59.20965225326599,1.2621636518513468,48.310895718003465,50.84800772222664,52.45181678671529,The Old Library,Logic,Ancient Map,Ancient Prophecy,1,0,54.826130329180046,49.35870693601612,30.562574861479003,-1
1740,69.01557847793198,62.0511683157683,2.0023452433770466,54.226427454074425,50.5094274225991,53.71149470003539,Abandoned Theater,Logic,Ancient Map,Forbidden Magic,0,1,59.69483852377511,50.74775496966943,36.24481464786571,-1
1741,68.10530822441743,60.55629278739835,1.9190998304693416,42.24265104004659,51.376348148123846,55.08248979616031,The Old Library,Pattern,Ancient Map,Ancient Prophecy,1,1,54.97142438504487,50.22294130232387,32.351504410262564,-1
1742,68.37330320726166,59.08694310653641,2.25761385428079,50.75590434824981,49.9446519424939,48.213545086289855,Temple Ruins,Sequence,Secret Code,Lost Civilization,1,1,55.51509688653781,48.0910788986817,34.467267098466365,-1
1743,67.87143130353408,58.86018752478498,1.6801412424937998,50.289926877587455,50.50922217291726,51.32271612202131,Temple Ruins,Maze,Teleport Rune,Cursed Treasure,1,0,56.53014745463221,51.732168752691386,29.868120716006903,-1
1744,68.64522317854302,61.28523984268431,1.4803721016598157,43.4537932630739,50.4695176242719,50.5902795267064,The Old Library,Pattern,Secret Code,Ancient Prophecy,1,1,52.53619340778764,54.70121518647117,30.957301271199444,-1
1745,68.53468981592042,58.99556589263667,1.5751309597003798,50.42693588331086,51.1508464893217,56.12723447172948,Temple Ruins,Symbol,Teleport Rune,Forbidden Magic,1,1,56.39758616584515,51.59534024493224,32.64933016235024,-1
1746,66.76251747983298,61.88768376700151,1.631426330863725,49.532935014023785,51.3273643812637,52.47907276661903,Abandoned Theater,Symbol,Teleport Rune,Ancient Prophecy,1,0,54.79254440603983,50.81626969559754,32.44109312146099,-1
1747,69.84911126120062,57.27823937703432,1.450366897505612,47.21536954392257,50.47562410466736,51.71779107609553,Abandoned Theater,Symbol,Secret Code,Forbidden Magic,0,1,58.88268219955312,49.250533419419966,30.17628488186305,-1
1748,71.37804140146746,61.45816047768147,2.176153643621028,52.41578613205692,50.51242625286812,54.345754231116445,Abandoned Theater,Pattern,Secret Code,Cursed Treasure,1,1,59.53867084814846,54.80616948551887,34.84681311315055,-1
1749,69.77281499669508,60.52333373489245,2.1904833354305278,45.23555250756313,50.656603310560975,51.517484122709945,Temple Ruins,Logic,Teleport Rune,Ancient Prophecy,1,1,53.892784658280576,51.81379671980959,35.4292301111126,-1
1750,68.97254008512157,60.1559175255932,1.736488188264158,49.43854262357901,52.77889346316395,52.96201305800788,Abandoned Theater,Logic,Teleport Rune,Lost Civilization,1,1,54.69397718652127,51.06815823377893,34.806597475272255,-1
1751,69.1296317754099,59.862759378124174,1.6804326524583535,47.42116733033229,47.705373716354266,57.53517800028007,Abandoned Theater,Mechanical,Ancient Map,Ancient Prophecy,1,0,55.03794619855603,48.41743764742278,29.98856019785251,-1
1752,68.77233423545374,61.92985290103277,1.2566340213695382,44.998639210744976,48.83714916921363,57.46572580971661,Temple Ruins,Math,Ancient Map,Ancient Prophecy,1,1,51.63406029560958,52.2728393837378,28.203092563307216,-1
1753,69.29233133436773,60.747097675538,2.0130678023892883,50.57912108119117,51.29348066844448,51.98153919234295,The Old Library,Logic,Secret Code,Forbidden Magic,1,1,56.28909436868441,51.37653926465684,37.625249567076295,2
1754,69.17427892954336,59.13776149510923,2.303294982351495,47.01858050703714,50.67892500831734,52.54409549460106,The Old Library,Symbol,Secret Code,Lost Civilization,1,1,55.32282309054044,51.35947173855111,34.82789075596303,-1
1755,68.37926340357227,58.32299195372074,1.6190705822099225,40.68477580854448,50.65965456374544,51.45242874817298,Temple Ruins,Mechanical,Teleport Rune,Ancient Prophecy,0,1,54.166044542639455,51.91078408571328,31.291134985508013,2
1756,70.91225248139466,60.22014644418872,1.7781420424172778,39.037013718707584,51.25805017595894,48.185336812399576,Abandoned Theater,Logic,Secret Code,Cursed Treasure,1,0,55.48270630874677,51.840769921431885,29.78742918634772,-1
1757,67.75128947394884,60.04273593097508,1.9463954286891247,51.980155016607135,50.56906798668528,55.5904733627418,The Old Library,Symbol,Secret Code,Lost Civilization,1,0,56.44265300812752,52.51334314179094,31.205154554260464,-1
1758,69.96588213914316,58.52490736938241,2.336346109319955,41.92437787945135,49.4004218471052,59.05335529167941,The Old Library,Symbol,Secret Code,Ancient Prophecy,0,0,51.29685727404218,51.7915298270046,32.760958941093,-1
1759,69.15548703407396,59.99036072885307,1.88184793356764,49.41679893931614,51.1738215604102,51.89137640587307,The Old Library,Cipher,Ancient Map,Cursed Treasure,1,1,53.87623883994375,49.76839891934667,33.99312954871422,-1
1760,71.16667763085746,59.47280897069111,1.8834201981139589,48.28712132636722,50.2531964170149,50.95801568177682,Temple Ruins,Mechanical,Teleport Rune,Ancient Prophecy,1,1,55.9759331292258,55.45368815711664,31.947824484778867,-1
1761,69.61589856793569,60.05703351983734,1.8814444567642057,46.16217570034362,49.541753432446825,52.31788300914998,The Old Library,Maze,Teleport Rune,Forbidden Magic,1,1,56.922774748134266,50.46541893534101,32.32704913597755,2
1762,68.92434349216677,60.774677405725534,1.402978201740107,57.780636951197295,51.23990954118913,53.21261511957146,The Old Library,Maze,Teleport Rune,Ancient Prophecy,1,0,59.92584512280857,53.82336859165739,28.365367785100624,-1
1763,69.04578370835047,61.5423845752772,1.3992710078651285,48.888112202208646,51.17216483992225,50.1611747244828,Temple Ruins,Symbol,Teleport Rune,Lost Civilization,1,1,55.59502733948334,51.04213363691803,33.99202412965341,-1
1764,69.34266620425284,60.95969498547914,1.5937109458828256,51.76034434489839,50.50900545214951,51.85380384753967,Temple Ruins,Math,Ancient Map,Forbidden Magic,0,0,61.85316384555496,52.99387280761528,30.15436650637773,-1
1765,68.16926405167482,59.33040700447081,2.142758844502654,49.398680218517,52.75377249157079,55.53724313484505,Temple Ruins,Symbol,Ancient Map,Forbidden Magic,1,1,58.84429766669136,52.37550331058927,35.418166686210164,-1
1766,68.55450700069537,60.42181516851241,1.7410474516307095,46.80931163728105,52.15956846172602,53.31845158616818,The Old Library,Sequence,Ancient Map,Cursed Treasure,1,1,57.65533648730533,56.04538294104612,31.98285396211451,-1
1767,67.54578078591918,60.117069923007776,1.6855168263400633,47.86396202545209,51.66334547245015,56.17596507032245,The Old Library,Logic,Teleport Rune,Lost Civilization,0,0,56.28797338837239,51.94938003067842,31.937475815078496,-1
1768,68.41712244388101,58.72290708138977,1.6829695395665618,55.24450405342257,54.00133625489823,53.91191963215376,Temple Ruins,Math,Teleport Rune,Lost Civilization,0,1,58.5407081900388,54.5052413063412,32.14445492249516,-1
1769,69.44340667633625,60.4543525240751,1.8085289938131808,53.38468857336765,49.92331806929074,50.2777068280677,Abandoned Theater,Pattern,Ancient Map,Cursed Treasure,1,1,58.45260265003419,52.88362691950528,32.78838150501356,-1
1770,69.65910226882862,61.91388624566753,2.363142677043707,57.69645360286273,49.43703518702855,51.5599650582006,Temple Ruins,Maze,Secret Code,Cursed Treasure,1,1,55.49433918543105,56.93134144579847,32.21040386938432,2
1771,67.38905062877613,60.09074514141905,1.809815270803529,49.03707870421893,51.41600024066644,53.62103015888621,The Old Library,Mechanical,Secret Code,Ancient Prophecy,0,1,53.04198527494194,48.786523046566,33.57577063159328,-1
1772,69.24064771097193,58.46525094417736,1.6219292533095289,43.53651717875761,49.73772162735248,50.19352681009723,The Old Library,Sequence,Ancient Map,Cursed Treasure,0,0,54.16107020671324,51.837558351082585,31.11892683663626,-1
1773,69.95077434749541,60.09082783490663,1.8680158003833087,45.710939538452486,50.125779872349376,49.86920066772348,Temple Ruins,Mechanical,Ancient Map,Lost Civilization,1,0,55.93949146085481,46.742945833215046,33.794992776766534,-1
1774,69.23398298451049,58.84798295394342,2.3895703292268093,41.96694255146319,48.62022148670831,50.019498616585686,Abandoned Theater,Cipher,Teleport Rune,Cursed Treasure,1,0,53.88155951046007,50.801493425253945,35.32575497775594,-1
1775,68.77266301776665,60.92644709410679,1.7147803187011068,51.73335091440237,51.000301840343546,54.28951096953454,Abandoned Theater,Maze,Ancient Map,Ancient Prophecy,1,1,57.32815664740269,54.8905582747064,31.72411157326582,-1
1776,69.0038726142324,60.588863454359256,1.5138879228955346,44.96083297074537,47.87501125599017,52.08439996144366,The Old Library,Cipher,Ancient Map,Ancient Prophecy,1,0,50.68397236027778,54.87844042665061,30.725120124061327,-1
1777,68.88487801549932,59.89425572157029,1.7204327940067776,32.60609663436574,49.92807268529543,55.95610407773237,Abandoned Theater,Cipher,Secret Code,Cursed Treasure,0,1,52.12408440524798,53.38884264936479,30.94920314160372,-1
1778,68.79854384315345,59.7351792544478,1.9118789592791468,60.19382421838064,50.04090289587695,50.75894904263341,Abandoned Theater,Symbol,Ancient Map,Lost Civilization,1,1,59.46154868303025,51.24168163818532,35.300122799280544,-1
1779,69.61875628475869,59.85529739260766,2.082220557707444,45.01418695322277,49.40108348620545,46.85649933011538,Abandoned Theater,Symbol,Teleport Rune,Ancient Prophecy,1,1,54.90060993930543,52.86918254724932,32.311463586339464,-1
1780,71.76230457459724,60.07700478692235,2.1802904086826014,44.9764725075836,47.41052379231032,52.67323720299196,Temple Ruins,Maze,Secret Code,Forbidden Magic,1,1,58.40494856608728,56.56875982194296,32.022869385931095,-1
1781,68.72062515177923,59.29770428977172,1.5669657031520667,56.20970767034668,47.390602573125925,57.11888757598455,The Old Library,Cipher,Teleport Rune,Ancient Prophecy,1,0,56.00422062543243,51.13727089865085,29.02554530321876,-1
1782,69.15591619645124,58.68340566452363,1.5978611832460907,41.80260162006192,48.90949316053484,53.08642354237151,Temple Ruins,Math,Teleport Rune,Forbidden Magic,1,1,53.56054049863334,52.7823554685217,29.380038734235733,-1
1783,69.43211959265494,61.21108753817518,1.7885482135577773,53.51908558100057,50.82852926397682,49.56976689216783,Abandoned Theater,Symbol,Secret Code,Forbidden Magic,1,1,58.283834252690106,52.15476255048792,36.63585327167405,-1
1784,68.80624664671603,59.688227868110815,2.0932649789268063,44.89102882510819,50.44454267710117,48.93930850948313,The Old Library,Sequence,Teleport Rune,Cursed Treasure,0,0,53.04503401834279,54.0115236505096,34.568154458821255,-1
1785,70.60164518316056,60.241922604667046,1.512282818772793,41.20143634509319,49.977703744893965,55.99475478480873,Temple Ruins,Cipher,Teleport Rune,Lost Civilization,0,1,50.71473005725997,53.9769984889361,31.17415748354484,-1
1786,67.1423569575598,60.36142250587252,1.7104330332093391,56.3411625451398,48.66667540670354,50.98140807139522,The Old Library,Pattern,Secret Code,Forbidden Magic,1,1,54.88168271738702,50.76530350210078,30.222627967173796,-1
1787,68.99204066728713,60.39943248240154,1.717131574063693,52.42020630044219,50.49645794488679,56.854488319141325,Temple Ruins,Symbol,Teleport Rune,Ancient Prophecy,0,0,56.99184511601715,53.933506569865614,34.34297878923735,-1
1788,70.35129553901758,58.90487584300357,2.179780472176833,52.39686198369987,47.27741746816563,54.63523362212821,The Old Library,Logic,Teleport Rune,Lost Civilization,1,0,57.43179643119476,52.33846436831231,31.26654934276562,-1
1789,69.24879381999321,58.40414589766348,2.058012571693559,49.62725797260363,46.37233939913994,51.07607821398829,Temple Ruins,Maze,Secret Code,Forbidden Magic,1,1,56.40092158544359,51.63725544072911,31.65977836790426,-1
1790,68.73197975804787,59.49259613980071,2.17290565538634,50.77659927556806,49.5937591688668,55.91784211077911,Abandoned Theater,Cipher,Teleport Rune,Cursed Treasure,0,1,55.15361394925222,51.48127724808783,37.8944053093944,-1
1791,70.0035302246254,60.47831317472051,2.3056264902653107,41.61239956440838,49.130493104312905,50.69025711684183,Temple Ruins,Cipher,Secret Code,Ancient Prophecy,1,0,51.86131033899149,54.6191023587764,31.8732466445225,-1
1792,70.47909552534588,59.35597512350618,1.814538040735852,48.32333027127354,51.46053177572112,49.381657218887504,Abandoned Theater,Symbol,Secret Code,Ancient Prophecy,1,1,57.058472913005446,49.97143832916524,34.067566959702305,-1
1793,69.79339052286333,59.73033735211999,1.5521980887200746,43.11353501113344,50.16895629694872,50.83313651663889,Temple Ruins,Mechanical,Secret Code,Forbidden Magic,1,0,54.47704882808525,51.86452349963654,31.87036086116458,-1
1794,68.79156137469951,62.213900195828174,1.5562944859995378,40.80470919036803,52.39929071278036,54.92184162897555,Abandoned Theater,Mechanical,Ancient Map,Cursed Treasure,0,1,54.79201934745344,54.25239329686924,33.48114182458276,-1
1795,70.05903548068429,58.242533330176144,1.361291585215993,49.79622796801914,49.09207374885816,55.84491747250334,Abandoned Theater,Sequence,Ancient Map,Forbidden Magic,1,1,55.47892011296073,52.930933965747336,29.421396020323492,-1
1796,69.21085695919066,59.33428800380016,1.7772106146832414,53.52424639063359,50.6357650500843,52.00993184283022,Temple Ruins,Symbol,Secret Code,Ancient Prophecy,1,0,53.54208411101384,49.72820415897296,31.242213482802384,-1
1797,70.36819081072794,61.98730119999089,1.8016670930545655,45.8086795706941,49.51840300647347,48.32922172215213,Temple Ruins,Maze,Ancient Map,Ancient Prophecy,1,1,50.75459840074476,53.77698172710519,32.418855792710005,-1
1798,71.11638395478533,60.04748393321599,2.1552693994822114,46.65747210390175,51.9606123715675,49.10808384717986,The Old Library,Mechanical,Secret Code,Lost Civilization,1,1,55.86413357507956,51.44069513944758,33.68932520324307,-1
1799,67.03769282711929,59.387493250669394,1.926123310838784,42.01878402075983,49.57317336647976,50.33088607035159,Temple Ruins,Logic,Ancient Map,Lost Civilization,1,1,53.08406922673511,51.70478528489562,27.827803971852564,-1
1800,69.76450484049462,61.26365347633747,1.7759722325849698,47.737611476713965,51.15207779620213,49.76500780187469,The Old Library,Logic,Ancient Map,Ancient Prophecy,1,1,55.7153613033873,53.89955969489869,31.03099585285939,-1
1801,67.92789438605253,60.151531466167846,1.8902688052088144,51.49388264047245,48.24526027499337,53.663575940161415,Temple Ruins,Cipher,Teleport Rune,Lost Civilization,1,1,55.07460051913076,49.19827139995979,31.050371360076245,-1
1802,72.11563093461015,59.74941942717015,1.6153498584581678,51.64310493925841,49.23009352976373,57.845289611811125,The Old Library,Symbol,Ancient Map,Ancient Prophecy,1,1,55.57954521622743,54.19873322471742,28.920747891104263,-1
1803,69.21595481148474,60.29153385887411,2.2366130664141357,50.40329916839264,49.71807399599455,54.989441435063966,Abandoned Theater,Symbol,Teleport Rune,Cursed Treasure,0,1,52.87183822799419,53.00335118640883,34.107462896637855,-1
1804,70.44071245174159,59.4425035440626,1.6951412181982537,44.577202359128194,51.7304950597963,50.17942288752315,Temple Ruins,Sequence,Ancient Map,Lost Civilization,1,0,56.37213774077261,50.2386594541411,31.13062004896796,2
1805,69.66930498228002,59.084579019007066,1.590836788072346,44.41064076580683,46.530821160591,51.26406058583361,Abandoned Theater,Sequence,Secret Code,Cursed Treasure,1,0,54.66957275953109,49.983011139756286,29.54187993774912,-1
1806,68.91184255890177,59.98994118436917,2.1800564249544765,51.63022403272128,49.31887108065052,51.75177330175298,Temple Ruins,Logic,Teleport Rune,Lost Civilization,1,0,56.10913611563732,54.84512599151088,37.71540661303004,-1
1807,68.80320195421652,59.0940194784771,2.108792038735246,51.70509991967925,49.25935726447517,53.97303541748271,The Old Library,Cipher,Ancient Map,Cursed Treasure,1,1,53.70994923859945,52.04938696037532,35.51885193443486,-1
1808,71.32128449831221,60.117198368083976,1.4212632746608282,46.77702184481177,46.68486056944965,56.92813683963002,Temple Ruins,Pattern,Ancient Map,Cursed Treasure,1,1,54.89336405261084,49.48925148451467,30.21046726437436,-1
1809,70.70191606904704,60.46241052738964,2.1966705574986944,45.498016681625934,49.09551447545015,51.83149905137287,The Old Library,Cipher,Secret Code,Ancient Prophecy,0,1,56.16076334493549,50.5757800766006,36.95289727033359,-1
1810,71.69995703731796,60.96257360015976,1.7194684186233564,53.45697908110335,47.47181871731769,56.84694322767047,The Old Library,Cipher,Teleport Rune,Lost Civilization,0,1,59.62629985365189,53.4177492285046,30.468611189966648,-1
1811,69.82224338093894,61.23895758901801,1.8314658587353367,45.81285564401538,46.27807969791089,58.25977739605557,Temple Ruins,Maze,Secret Code,Lost Civilization,1,1,55.308722457617655,53.61247713415734,30.340087647654748,-1
1812,70.06514881477332,59.70682583106069,2.0015290197604694,51.3341034175615,49.371865545656085,52.12523283427819,Abandoned Theater,Maze,Teleport Rune,Ancient Prophecy,0,0,60.19781916645723,52.39488206348327,30.5808563191458,-1
1813,69.52049872444164,60.61351693418457,2.123110888323151,46.91205773305424,49.31238152235214,52.06088844734673,Temple Ruins,Symbol,Secret Code,Ancient Prophecy,0,1,54.634928762868654,51.709011698107055,35.704944655140146,2
1814,69.5110910290766,60.6081760248908,2.082442180952369,42.35042901300896,49.38043795507365,52.098451581522205,Abandoned Theater,Maze,Ancient Map,Cursed Treasure,0,1,56.98552716436825,53.92117785036167,36.93397289948743,-1
1815,68.76679098381983,60.44503180031487,1.935502407935101,55.64146094053367,50.11842970408871,53.15622496421972,The Old Library,Mechanical,Secret Code,Ancient Prophecy,0,1,58.386246395036,51.71142630411075,34.6160437876811,-1
1816,69.90321442960922,59.639324427191006,1.824678767028162,48.17201506560953,48.41132615480647,52.10455225804544,Temple Ruins,Cipher,Ancient Map,Cursed Treasure,1,1,56.609800062023325,49.72040954610518,34.35115033081314,2
1817,69.04050550052591,59.092297021564335,2.077336119743506,44.00975907132728,52.407989681624834,55.21044365347326,Temple Ruins,Symbol,Ancient Map,Ancient Prophecy,1,1,56.49227645467252,55.01943497088123,29.038665207360275,-1
1818,70.28223030448794,60.623957955606194,1.919725903018555,40.601222065967406,49.66305430721553,49.12792179901805,Abandoned Theater,Mechanical,Secret Code,Ancient Prophecy,0,1,53.10145010751462,53.346973718828885,37.18982346284384,-1
1819,70.02092221403319,58.4166949678254,2.498395041654303,41.09700591099572,51.63393622667031,51.66344476175972,Temple Ruins,Symbol,Ancient Map,Lost Civilization,1,1,53.683248183368704,49.64889189932541,35.60186188740032,-1
1820,70.14920587269823,59.85732978620368,2.134231875791398,45.67420045532345,47.17574260569184,53.82293668268059,The Old Library,Logic,Ancient Map,Forbidden Magic,1,1,53.34470052813225,51.60378984483729,36.83673508788876,-1
1821,71.54728671913563,57.57316011142233,1.6827788868965787,57.15613755639934,48.43510382017772,55.17521126790128,Temple Ruins,Logic,Secret Code,Lost Civilization,1,1,61.94563834141198,50.04282172803173,34.41196832576093,2
1822,69.84509279156066,58.79202082579142,1.8179918382869955,44.59890751067044,50.70768339006458,58.48821265920185,The Old Library,Math,Ancient Map,Ancient Prophecy,0,1,55.95773881060778,50.596116269372864,34.170659870354726,-1
1823,70.65021261231557,59.2529316407589,1.9771714903848496,54.75120294653419,49.329683884087096,49.77743693092265,The Old Library,Logic,Teleport Rune,Forbidden Magic,1,1,61.01107515515883,51.81008868020661,31.88745729355436,-1
1824,71.95569074252934,61.22844231903192,2.353958897420725,46.8518104510951,48.05108672758382,51.36989396453186,Abandoned Theater,Pattern,Ancient Map,Forbidden Magic,1,1,57.63868438713955,50.6130716469241,33.75785720723292,-1
1825,71.22151471195139,60.8214888642684,2.388850332990146,41.591564989568674,46.894243035536576,47.33398356693166,Abandoned Theater,Maze,Ancient Map,Forbidden Magic,1,0,57.41646275442407,53.70117107723172,29.18247372614126,-1
1826,71.07880429473566,59.581119074837865,1.8480412341487968,45.122937308583,50.74333219830247,50.22532748161784,The Old Library,Sequence,Secret Code,Forbidden Magic,1,1,54.68958552085674,51.84312744623969,34.625429857327035,-1
1827,69.62970381777428,60.86610665703336,1.6881276504154052,41.075718105847805,50.61227577801356,48.57768675766489,Abandoned Theater,Pattern,Secret Code,Cursed Treasure,1,0,56.075017036359874,49.50982116926983,26.94863836009685,-1
1828,70.17681290304135,61.02605310693187,1.6510782572930975,43.192468119527454,49.991206205072416,51.69675651233918,Abandoned Theater,Logic,Ancient Map,Cursed Treasure,0,1,54.26819832277576,52.260174004027945,31.00253838394327,-1
1829,68.63969164036135,59.97946874922965,2.0465391057231663,43.0352109190787,48.87372588818197,52.42908601839592,The Old Library,Symbol,Teleport Rune,Forbidden Magic,0,0,54.09944213264091,50.52864034640624,35.709494174611564,2
1830,70.4677005823863,58.75746907379313,2.6632019218986613,37.936560947670216,47.93931754061644,54.17363559959391,Temple Ruins,Sequence,Teleport Rune,Cursed Treasure,0,0,55.11829966038687,44.73727925064084,36.06391621480613,2
1831,70.2540846653541,59.93565868860106,2.135024161210243,55.011177906500606,49.5208552482752,52.2535011742002,Temple Ruins,Sequence,Secret Code,Forbidden Magic,1,0,63.31148665705836,51.54750370290981,30.240694746695624,-1
1832,70.0138678694793,60.04741252828554,1.4963245530350786,48.49388822486508,47.61873236399938,54.17484270103039,Abandoned Theater,Sequence,Ancient Map,Forbidden Magic,1,1,58.1965929365692,53.63049093208876,27.11405339948992,-1
1833,71.02855563219318,58.914594625384254,1.7578724730913835,43.99900480422879,48.45572476203553,53.28518541773486,Abandoned Theater,Mechanical,Ancient Map,Ancient Prophecy,0,1,57.64552709048968,50.71573121623852,30.06448098913975,-1
1834,68.80448385678126,60.51585003366763,1.7896477816020169,48.53076758357204,51.46637543709107,50.41669198562454,The Old Library,Symbol,Ancient Map,Ancient Prophecy,0,0,54.75116468007047,54.07065822123352,33.04853041216089,-1
1835,71.65803899363848,60.43037945509359,1.731342503962603,43.23614717610055,46.78965283756882,48.78431573539781,The Old Library,Math,Ancient Map,Cursed Treasure,0,1,56.27966353093242,51.67618622083263,32.07329808365712,-1
1836,70.93587781390316,60.597384789997406,1.862669146338068,34.04979789750611,50.57361354136672,54.459204999740166,The Old Library,Math,Secret Code,Forbidden Magic,1,0,52.58473152292399,51.62015047968745,33.94575957102398,-1
1837,69.97443554201033,60.433049799533016,2.090922539699792,62.18011277100679,51.79003961456464,57.11625746253627,The Old Library,Symbol,Ancient Map,Cursed Treasure,1,0,63.454027425615486,51.19793982423247,32.14120154667459,-1
1838,69.90731563356971,60.88576446634929,2.185737912844526,48.33618918260888,50.76456788644683,59.33846252920504,Temple Ruins,Symbol,Ancient Map,Cursed Treasure,0,0,56.15337774451532,50.20735919496039,35.362701469471936,-1
1839,70.54765133200598,59.97839824245643,2.309684723932463,44.43464812420351,50.12893914441541,55.33863675308656,The Old Library,Sequence,Secret Code,Ancient Prophecy,1,1,58.31606894116336,53.86219745099486,35.753882496891755,2
1840,71.59890533126746,60.36132632060608,2.1404011395710474,37.70165112454028,48.82771114198414,56.64378802986016,The Old Library,Sequence,Teleport Rune,Lost Civilization,1,1,51.66654512268378,53.47996807133938,33.95250046922699,-1
1841,70.19069477865806,59.763625969253965,1.3978525069409946,39.89197642337179,48.54569814458324,54.15364926009734,Abandoned Theater,Maze,Ancient Map,Forbidden Magic,0,1,56.879564444306055,50.98709442645943,34.82062839536732,-1
1842,70.2441697920844,59.57870216901288,1.6678358801029407,55.62667363045232,46.13380313794833,53.755023463975526,The Old Library,Logic,Secret Code,Ancient Prophecy,0,0,57.11170227134996,46.88332131948499,31.190883007912404,-1
1843,70.12932795810929,61.50329623087965,1.9385011356898625,54.85538369114679,49.55298822917444,53.27750255947882,Abandoned Theater,Sequence,Teleport Rune,Cursed Treasure,1,1,60.24198019705121,53.90707291353372,34.4661445892291,-1
1844,71.90432283448729,58.12313319186177,2.030987755617472,51.10323148597509,48.885606033251534,52.73547588994784,The Old Library,Symbol,Ancient Map,Cursed Treasure,1,1,56.74490222154648,48.65376028120377,36.31847075364318,-1
1845,69.7645234015743,61.04552724700592,2.2460760710077468,41.75322488059053,48.433413481467774,54.51769138857284,The Old Library,Maze,Ancient Map,Ancient Prophecy,0,0,55.62137601978307,52.70631651618832,34.90124523086384,-1
1846,70.11502512035668,59.55010181143103,2.0014248439240974,54.86992220051965,49.44185199443211,51.69850729658819,Abandoned Theater,Pattern,Ancient Map,Lost Civilization,1,0,56.60481741133532,48.49094782269656,31.624514015267195,-1
1847,71.61911290957394,59.4224899961534,2.004473012504992,49.56039597320783,49.557046420778335,52.63139387103202,Temple Ruins,Pattern,Ancient Map,Lost Civilization,0,1,59.91254842055326,51.69115025139056,35.28182100293141,-1
1848,70.31385083708871,60.436001195973965,2.0613634628433304,50.57752419649067,48.501685300750594,50.05508429258903,Temple Ruins,Maze,Ancient Map,Forbidden Magic,0,1,59.052058693074684,51.74290373521354,31.69350808210776,-1
1849,71.315079713283,58.68671968212349,1.9142532786709092,49.52516421014885,51.86618201590271,54.18731667266227,Abandoned Theater,Mechanical,Secret Code,Cursed Treasure,0,1,56.44522224248345,46.63450580136281,31.62488743436465,-1
1850,69.27793963728922,59.36222184277407,2.0175329756844675,39.75076957352988,50.53401531454234,50.602256147133744,Abandoned Theater,Logic,Ancient Map,Cursed Treasure,1,1,54.64816367241152,54.89627574172311,31.54318438494121,-1
1851,69.99514389412813,59.33103091932321,2.329896767604573,41.28628524077557,50.77409016345558,53.08436247620053,Temple Ruins,Logic,Ancient Map,Lost Civilization,1,1,56.27783720535447,51.03515071372717,37.16933004466559,-1
1852,71.6961049456112,59.96070798279181,1.9676255325516117,44.71737216305149,49.26629036861982,54.25122773410595,Abandoned Theater,Symbol,Teleport Rune,Ancient Prophecy,1,0,54.58623650903483,51.30720949723715,33.74413885997093,-1
1853,69.54658334173628,59.3799142451007,1.9843586434770015,50.47802304970588,50.17968156192708,54.46472857842453,Abandoned Theater,Logic,Ancient Map,Forbidden Magic,1,0,54.803351231436594,52.67123022628252,35.14894747200798,-1
1854,70.08289371586375,61.787126321412295,1.983942434975388,40.34901414778346,48.06086584626222,54.92877134453859,Abandoned Theater,Math,Secret Code,Lost Civilization,1,0,52.011831011915525,52.76182639785918,33.2163843303008,-1
1855,70.50216512118035,61.98498985805758,2.383917697128236,46.3657810749153,50.395416868003615,52.46677118712986,Abandoned Theater,Math,Teleport Rune,Lost Civilization,1,1,53.78502799443161,54.1965362475133,35.11107380822783,-1
1856,69.2676298320179,58.16795552088537,1.6627089209419212,46.35079274682061,49.08104314642108,54.21515944847422,Abandoned Theater,Cipher,Ancient Map,Ancient Prophecy,1,0,53.31363003122975,48.24501231986928,31.827380242313254,-1
1857,69.85429590455135,60.73625743973688,2.5283901921649434,51.18885446333839,47.846301606155,51.78343684221949,Temple Ruins,Cipher,Secret Code,Cursed Treasure,1,1,59.118810300038966,51.80027741137085,35.21886852474996,-1
1858,70.39208147980533,61.05259384759155,1.643204581770888,50.589817998589,49.33676876665013,48.07281571747444,Abandoned Theater,Mechanical,Ancient Map,Lost Civilization,1,0,58.52789392998789,48.78553507445538,30.036222834515023,-1
1859,70.33748229662712,60.73892125955874,1.8003078563138453,42.15662357766431,48.92449176818825,54.3257731843539,Temple Ruins,Mechanical,Secret Code,Forbidden Magic,1,0,51.45747207689234,51.82684889695019,29.082876955788983,-1
1860,71.58252522533388,59.53983818071066,2.2204219685345685,54.43246558501647,52.83884318128848,53.74622026716035,The Old Library,Symbol,Secret Code,Cursed Treasure,1,0,58.25892083989277,55.13579113567516,34.33087933781523,-1
1861,71.85501980660717,59.95588168909443,2.3064937812299564,41.37410573453873,49.999009438170425,55.53330875724784,Temple Ruins,Maze,Ancient Map,Forbidden Magic,0,1,53.20957042687935,48.9569460280126,35.31372654480422,2
1862,69.46888379983372,59.4537381275412,1.5767190618629845,52.64276086835194,51.707185800763405,52.936778217820994,The Old Library,Symbol,Secret Code,Lost Civilization,1,1,59.19721893342351,51.25755727831227,30.864794584085026,-1
1863,70.44765979121384,59.78379422860532,1.670299890725672,44.42208660132246,51.02624461321934,48.99209158570647,Temple Ruins,Mechanical,Secret Code,Cursed Treasure,1,0,54.69593038275287,47.80604206987576,36.45355516324718,-1
1864,71.02207860804198,58.996148647650216,2.081776644207292,47.98367696193426,49.37770218797188,52.770923039089446,Temple Ruins,Logic,Teleport Rune,Forbidden Magic,1,0,53.919495407764366,51.18873805182709,33.89848410420168,-1
1865,71.87563310739141,60.09339020303742,2.7020346204669585,48.28520927832486,48.6471829592824,55.21645141184932,Abandoned Theater,Symbol,Ancient Map,Forbidden Magic,1,1,57.951272783473456,52.72715892724127,35.37070494132982,2
1866,71.08924748217228,58.70745258618084,2.3728442761055213,48.13502265958042,46.69416566813525,54.19008702199107,Temple Ruins,Logic,Teleport Rune,Ancient Prophecy,1,0,58.30703950344023,51.201001428612855,31.62578530683913,-1
1867,70.67315821772226,60.01220493315383,1.924764584883684,50.51018363552165,47.98984745084483,52.63313856776291,Temple Ruins,Mechanical,Teleport Rune,Forbidden Magic,1,0,55.64955315481298,50.402776793881024,33.525456088975375,2
1868,71.06029095396416,58.96585289784785,1.273654823634374,49.08617604330795,50.28216382055841,48.84110193021704,Abandoned Theater,Symbol,Secret Code,Forbidden Magic,0,1,56.83219555200804,47.04419024510064,27.811816752263,2
1869,71.0790367231535,60.42335595052656,2.0240578466161314,51.03830385018133,48.82662269277754,50.43495761274019,The Old Library,Symbol,Teleport Rune,Ancient Prophecy,1,1,56.154122219666,49.5785559458138,33.14108560851753,2
1870,69.48908881060333,59.53923492431876,2.108397114813026,49.43432640057502,49.83534733404483,54.19309715462842,Temple Ruins,Symbol,Ancient Map,Forbidden Magic,0,0,59.01184599077207,54.15748497250993,32.48020276642019,-1
1871,70.62115274279431,60.5113596168835,1.8850141568839676,40.78010746702647,46.21801679057277,48.83710711981431,Abandoned Theater,Maze,Ancient Map,Cursed Treasure,0,1,53.744007612040654,53.35951326614141,30.89092430832163,-1
1872,71.89908131114775,61.30449466078866,1.7446916990754866,48.44252507600864,49.93552871903254,52.20438771310791,The Old Library,Cipher,Ancient Map,Lost Civilization,1,0,56.22852991496645,52.7175731107379,32.919077540636344,-1
1873,70.24414531999427,61.81450540402271,2.0477162380048117,44.26531492500048,50.89182012279647,53.09605544744105,Temple Ruins,Mechanical,Ancient Map,Cursed Treasure,1,0,55.32343068179843,53.77310423662432,31.345450367452347,-1
1874,70.59254579365856,57.69920827884739,1.7173176287619796,41.52947558905107,46.57531626562077,55.87484288960015,Temple Ruins,Symbol,Ancient Map,Lost Civilization,1,1,54.39927149297664,47.64927151769253,26.815064622552555,-1
1875,70.23219494018596,59.39518303074119,2.561731473879365,45.617700877037386,49.78817020254076,54.53622637782635,Temple Ruins,Pattern,Ancient Map,Cursed Treasure,0,0,57.2016140149548,54.11552796984836,33.27770542661318,-1
1876,68.17247919421858,59.928465153353685,2.4549927652377344,47.97417953225359,51.23801185277259,55.40702808205991,The Old Library,Sequence,Teleport Rune,Forbidden Magic,1,1,57.72783582806501,50.75922893338017,37.19746047145173,2
1877,70.51857111387207,60.69406299607297,2.197287128997464,48.29746672254864,51.73474041945039,53.75463331008152,The Old Library,Mechanical,Secret Code,Cursed Treasure,1,1,59.24762918713283,53.70734370696433,35.402785508664614,-1
1878,70.8114299458389,58.58557445437423,2.0267420901830286,52.32029421679702,48.45127761271937,50.88647254447127,Temple Ruins,Maze,Teleport Rune,Forbidden Magic,0,0,57.41913151135749,48.04435497273312,31.526804513987567,-1
1879,70.00881641948226,59.25604015837877,1.8016668445778827,53.56778387148859,50.368352866435245,51.46584883022863,Temple Ruins,Cipher,Secret Code,Lost Civilization,1,1,58.685852279431245,51.19648526746627,36.32713801216599,-1
1880,69.37835925803053,60.37070319246583,1.9933386441150327,48.703699107113806,51.33508872314967,50.6683509018968,The Old Library,Symbol,Secret Code,Cursed Treasure,1,1,59.21512510753335,55.023384523318136,36.21109566576396,-1
1881,69.66409062966297,60.32745746607628,2.491194254205573,49.59887242036149,49.78443839191289,54.47695210481551,Abandoned Theater,Maze,Teleport Rune,Ancient Prophecy,1,1,59.73211372065623,50.292241709596205,36.943920182668265,-1
1882,71.32059995854605,60.62242066791851,2.2598032408274245,47.480920202618535,51.10196082637746,51.265194452693606,The Old Library,Logic,Secret Code,Forbidden Magic,1,1,55.28482372652612,54.15480147422579,33.14178259496753,-1
1883,72.54066662317712,60.69072081960519,2.060088223051181,50.831525790017245,49.11254607980955,52.0149992174288,Abandoned Theater,Maze,Teleport Rune,Forbidden Magic,1,1,59.95834814419813,50.14448144531521,34.86132117244402,-1
1884,71.96231883768584,60.58789214334854,2.2759179754108265,49.42135154876926,49.749820027149184,53.05622809546712,Abandoned Theater,Math,Ancient Map,Ancient Prophecy,1,1,58.85020791278593,50.55766644323845,34.659998223409715,-1
1885,69.24729716156746,60.44521542266904,2.1621256437635425,46.70497173009486,48.21796151285108,57.1032811164532,Abandoned Theater,Math,Ancient Map,Cursed Treasure,1,0,57.41264490485834,51.93729254999253,31.31295354134978,-1
1886,71.45804205343225,60.309572045415614,2.1170141263498627,57.72831535540785,48.89551810077939,54.64283476985808,Temple Ruins,Symbol,Teleport Rune,Cursed Treasure,1,1,62.68055497435728,53.93908427657468,32.70761419149474,2
1887,69.95203773418291,60.92087729003497,2.291959929483314,44.228465014616894,49.78505217454512,51.06786643849723,Temple Ruins,Logic,Teleport Rune,Lost Civilization,0,1,53.1578101263064,52.00525325327113,31.983496462593767,-1
1888,70.04473208884617,58.01908321602553,2.1525310197361165,54.22263493149651,48.08162526597673,53.37961914308223,Abandoned Theater,Cipher,Ancient Map,Cursed Treasure,1,0,56.91227312268751,51.46683387269604,31.22396750438608,-1
1889,70.17683615248852,61.80504079775137,2.254591649866915,40.169842851407545,48.78326793237854,57.1282794012396,Abandoned Theater,Maze,Teleport Rune,Cursed Treasure,1,1,55.97227205953056,55.30845271037484,31.12164908323484,-1
1890,71.35670474051828,58.05853642582023,2.0450175368706005,51.00033653363226,50.252068309811634,54.53794832107236,Abandoned Theater,Mechanical,Secret Code,Lost Civilization,1,1,58.41018531410062,49.14909199221895,35.219212562091705,-1
1891,71.62173053163652,59.1861775552307,1.9199106429253368,54.10603102589131,52.18172159491268,49.00436910125235,The Old Library,Symbol,Ancient Map,Cursed Treasure,0,0,54.75036521163767,48.81633741632388,33.628651727382696,2
1892,70.57629865584566,60.04090919218352,1.8312182746273624,37.37801838997045,46.0208724272529,50.71190142840559,Temple Ruins,Math,Secret Code,Cursed Treasure,1,1,50.22661982620693,50.52177993720884,28.452111635438836,-1
1893,70.60512464843019,60.94262320960086,1.7949648129922653,47.59978016424787,52.05205755013727,50.5201612437422,Abandoned Theater,Mechanical,Ancient Map,Cursed Treasure,1,1,57.968155120930426,55.61642475821034,34.24063668560525,-1
1894,71.16233776819364,57.27709346204814,1.5130689550980183,50.47300014972033,48.6895649534824,56.60182456339992,Abandoned Theater,Mechanical,Ancient Map,Ancient Prophecy,0,1,59.51752455097559,48.20656418858052,30.400064929942445,2
1895,71.27796005591263,60.246595759548086,1.7204723644341915,48.146639713606646,50.51892027250879,56.14070308965914,The Old Library,Maze,Teleport Rune,Lost Civilization,0,0,54.51179253906904,54.306300563466905,34.2423605565246,-1
1896,71.89809545306547,61.06948454146477,1.7112044498781438,48.7684822397962,50.80542535669592,51.43740755553596,Temple Ruins,Math,Secret Code,Forbidden Magic,1,0,59.96773706803382,52.38472318890534,32.51420389572053,-1
1897,69.44941462165555,61.2739867161307,1.8406350436364625,47.5496883761762,51.40276542490438,51.38354945048168,Abandoned Theater,Symbol,Ancient Map,Lost Civilization,1,1,55.54026062366288,56.68476795272021,30.18954750460093,-1
1898,70.76574329109253,59.58452771069473,2.460861928078023,41.38819258317756,47.95632969403331,53.11172945665571,Temple Ruins,Maze,Teleport Rune,Lost Civilization,0,1,52.83095549003272,55.79127944327021,32.82812523399675,2
1899,69.68963331499022,59.98342051387221,1.9442421464178077,58.690507989058375,48.70263617588585,53.18667261523365,Abandoned Theater,Pattern,Teleport Rune,Cursed Treasure,1,0,58.30034060561459,53.79184662249171,29.81389690170493,-1
1900,70.71866941896094,59.67051575758875,2.063334912547966,44.32342820205983,48.95243820596229,50.594185176692505,The Old Library,Math,Secret Code,Ancient Prophecy,1,1,53.2827436598969,48.26664304875148,33.85557456236658,-1
1901,70.55540256699632,59.89640696406816,2.0720669358851365,49.00275039442912,48.488989525604325,52.37717331275364,The Old Library,Symbol,Ancient Map,Ancient Prophecy,0,1,55.8022446917644,46.81882559621271,34.70168417994586,-1
1902,70.74680658877672,59.259682434842766,2.4655836395198865,43.58856170303447,50.99560855407009,49.365991825366976,Temple Ruins,Cipher,Teleport Rune,Ancient Prophecy,1,1,51.78685652239912,51.80325387452212,32.27217622215699,-1
1903,70.00580325564182,59.40469381931244,1.8158442221579008,35.43424924682661,48.89457135876517,56.18080176227759,The Old Library,Pattern,Ancient Map,Forbidden Magic,1,0,52.48609082943684,53.17549996151829,31.46167046059799,-1
1904,69.33025824629178,60.73076951959598,1.9209459412919536,42.18179517172249,46.57435639569031,48.5991737179208,Temple Ruins,Symbol,Secret Code,Forbidden Magic,1,0,55.42693087514781,52.828429954165614,33.276463745189496,-1
1905,68.73512408469199,60.43046419749938,1.9549977217938157,39.55710967224186,48.04504145397088,48.57140144526813,Abandoned Theater,Symbol,Teleport Rune,Lost Civilization,0,1,50.41335741757037,50.4631473442292,28.724306065485376,-1
1906,70.71040658658212,60.79290116061944,2.3269452669769737,52.24375368706448,46.61936590124791,54.08759863627983,The Old Library,Symbol,Teleport Rune,Cursed Treasure,1,1,58.13341059931451,48.90693260854353,31.747432370392133,-1
1907,70.42262220324399,60.51780446490982,2.388316153889074,43.74233804679667,48.636881121436254,49.90780940541487,Abandoned Theater,Symbol,Ancient Map,Ancient Prophecy,0,1,53.76697067963255,53.94942127258742,33.87124577885556,2
1908,70.18973353243744,61.01061368311458,2.126531636998946,44.19697286054363,49.98065692648135,51.74758760466365,Abandoned Theater,Pattern,Ancient Map,Ancient Prophecy,1,1,56.71053364835403,56.42075786941238,35.631342180659985,-1
1909,72.20027874920439,61.18698366262416,2.35307381122654,41.43651673080891,47.98258041855373,53.15793215275654,The Old Library,Logic,Teleport Rune,Ancient Prophecy,1,1,51.1223080861675,51.08729293049338,34.492963918765795,-1
1910,70.03036227059812,58.5695571939816,2.035516322800681,47.219077347375865,48.35222903753525,54.68825207466709,The Old Library,Symbol,Secret Code,Ancient Prophecy,1,1,57.60771826266962,52.3195611374674,33.816249405724896,-1
1911,72.31871567325487,59.459477870786415,1.9294266472705044,43.15732716920112,48.53713379403914,52.44729470512782,The Old Library,Symbol,Teleport Rune,Forbidden Magic,1,1,52.70291435980722,56.53492935174743,33.19119344782658,-1
1912,72.53781731251435,60.084934820102525,2.3337870755391017,51.69210215634574,49.15291905703271,57.44792949319948,Abandoned Theater,Pattern,Teleport Rune,Forbidden Magic,1,1,58.61044034196554,51.51059738040341,33.165344843308006,-1
1913,68.97517580258851,60.29616604856597,2.125390069479164,48.23122323123847,49.70847354833976,52.99890252835023,Temple Ruins,Maze,Secret Code,Forbidden Magic,1,1,54.43663621795925,51.81003959746791,36.64261132758248,-1
1914,71.0305710340049,59.65129532776131,1.7573532343989036,43.85258518412415,50.13779721107202,55.97698677064685,Temple Ruins,Sequence,Secret Code,Lost Civilization,1,0,55.05271232202246,52.90293025000414,30.75649312648961,-1
1915,70.55061687467997,61.23596142212143,2.2761191949158848,50.953556264871175,52.30277500093567,53.69638945091624,Abandoned Theater,Symbol,Teleport Rune,Cursed Treasure,1,1,54.55765549071447,52.75702499619135,29.699042888212613,-1
1916,68.05064357647399,62.30644748193384,1.9131984792002208,46.73275992445773,49.09734979247391,58.32802439501833,Abandoned Theater,Pattern,Secret Code,Cursed Treasure,1,0,58.17048940424928,56.11244916832671,28.60038670210222,-1
1917,69.52995066914423,60.51523193558619,1.8753255076549185,46.79119756690907,50.0084229015641,55.64590875981048,Abandoned Theater,Symbol,Ancient Map,Forbidden Magic,1,1,53.182203516338575,51.55433208359465,32.2717316529587,2
1918,71.76168255576833,60.415991373276015,2.241273178592984,39.361183689143054,46.51604682156503,53.10867443868153,The Old Library,Maze,Secret Code,Cursed Treasure,1,1,52.450057428252464,51.53230525540444,31.560026628010444,-1
1919,73.01811023322391,61.18369644279484,1.945494605527613,46.30956216822501,48.321277427368265,54.5720767922687,Temple Ruins,Maze,Teleport Rune,Ancient Prophecy,1,1,61.29337596057288,49.60795415363156,30.869888086290096,2
1920,71.91376354035116,58.47099975543267,2.087577334051786,48.263340122892586,48.47711801016988,52.34796036117267,Temple Ruins,Symbol,Secret Code,Ancient Prophecy,1,0,58.2726634332298,50.15395639759238,32.88927709896476,2
1921,71.34690205237396,60.36791724111284,2.168190391081003,53.31406461606071,47.3494840849913,52.322750404112206,Temple Ruins,Maze,Teleport Rune,Ancient Prophecy,1,1,56.2938475693214,49.71227956690773,34.74835948118096,-1
1922,71.01413102519567,61.32110237399918,1.7334176247337525,42.87736543376399,48.064202154024,49.74147292991103,Temple Ruins,Symbol,Teleport Rune,Forbidden Magic,1,1,55.21411289343891,53.22974008840436,31.873827915189644,-1
1923,72.730329672789,59.70154024769926,2.0824211150048453,58.01796929271144,48.6997209123001,50.979345993832176,Temple Ruins,Pattern,Secret Code,Lost Civilization,1,1,60.57212965291523,48.20255797947302,33.97664532331916,-1
1924,73.20811871525859,59.12077080053757,2.3704467146007278,49.4023498815868,48.09673171053609,58.1524284628893,Temple Ruins,Sequence,Teleport Rune,Ancient Prophecy,1,0,55.37027451848193,52.96366109162063,31.370577559190725,-1
1925,70.48525887218756,60.1641723356748,1.677276995078713,39.01152058296503,52.749279021591725,49.98992157180355,Abandoned Theater,Logic,Secret Code,Forbidden Magic,1,0,52.47808631016558,50.922430370449135,32.04484911260854,2
1926,69.084346192376,60.29194849829547,2.097775756709816,42.3731506173288,49.60776404463427,51.361268218040905,Abandoned Theater,Logic,Secret Code,Cursed Treasure,0,0,54.10979147687363,55.6941741581239,34.59569650607054,-1
1927,68.99838553217604,59.44664704625092,1.7125223986546474,53.69468780730607,51.83373089627038,52.76570330760224,The Old Library,Maze,Secret Code,Lost Civilization,0,1,60.04027347317256,54.72091389840071,32.98297916265614,-1
1928,72.4307031512877,62.45413540235747,2.266315412181682,52.79637808827126,51.06404191369031,52.84897676311857,Abandoned Theater,Sequence,Teleport Rune,Forbidden Magic,1,0,58.91967563080193,55.001994102033954,35.55140686868247,-1
1929,71.07402158199909,59.88196193540141,2.261975012604484,46.66122977221654,47.85908704249219,53.9593145493274,Abandoned Theater,Mechanical,Secret Code,Ancient Prophecy,1,1,56.41549146563641,48.41321110073389,34.204891330357334,-1
1930,71.31658867580106,59.209692537506434,1.8505877932083572,47.31087048933733,48.867210918382696,51.827198229714845,Temple Ruins,Mechanical,Teleport Rune,Forbidden Magic,0,0,55.35288101036144,49.964449243395975,32.168336774087166,-1
1931,69.3549709727504,60.27243351523168,2.6182282624847444,40.72873984870993,48.15157027472649,54.11344091749084,The Old Library,Maze,Teleport Rune,Ancient Prophecy,0,0,56.02338610067968,50.02843892867236,37.71251054061355,-1
1932,70.40471668986744,61.276627780613175,2.285756532719275,53.14950381046055,48.55403320769239,55.855963602866815,Temple Ruins,Mechanical,Teleport Rune,Cursed Treasure,1,1,59.99232466006053,51.06219322732299,32.35697062497441,-1
1933,70.87471674099277,60.38890305410862,2.1642510996141198,41.59394323101896,47.32510027057044,56.16658085995376,The Old Library,Pattern,Ancient Map,Cursed Treasure,0,0,56.58168255986438,54.89082326371642,30.681371323514405,-1
1934,71.39033608440684,60.85981373127634,2.145733418751173,50.74696245480661,48.12045463157717,52.3312204984079,Abandoned Theater,Cipher,Ancient Map,Ancient Prophecy,1,0,58.28196811722525,51.92067295614712,29.113223383864327,-1
1935,70.7962138807316,59.50544955723309,2.244080342547238,53.27393667054791,49.315066357204536,54.52835857225741,Abandoned Theater,Math,Ancient Map,Forbidden Magic,1,1,55.26276220579597,50.20110032480684,35.13106113079242,-1
1936,70.16979589086206,61.8673982627742,1.6485361352247598,46.744960235146905,49.26852522337331,50.13466594464703,Temple Ruins,Logic,Ancient Map,Cursed Treasure,1,0,58.29870540274737,51.66506486809811,30.08829862952341,-1
1937,70.43487909537798,60.94417982378949,2.00391228747437,51.33268665535816,49.14202556675426,51.19570988681917,Temple Ruins,Math,Secret Code,Lost Civilization,1,1,57.7753929497098,51.42565548195113,35.11867377226711,-1
1938,72.44010108035012,61.43293864913721,2.058762933638344,55.72326546453658,48.6655097244591,50.06566650327365,Temple Ruins,Symbol,Ancient Map,Cursed Treasure,1,0,59.56385724459836,53.80139798479264,33.06371148913329,-1
1939,71.48890170626426,60.75317529217075,1.8220155667413864,47.81533777419456,50.03926158788559,52.88563827810087,Abandoned Theater,Math,Secret Code,Ancient Prophecy,1,1,58.13486047980218,49.28089424790814,31.63002733296585,2
1940,71.8686206498649,61.215685562033926,2.079720391392893,45.58940131891058,48.35573362758939,50.851951809100136,Abandoned Theater,Logic,Ancient Map,Forbidden Magic,0,1,57.24637219324814,52.71848383882021,30.38747274750936,-1
1941,70.36994413035285,59.52054510450421,2.3079904835706597,46.12205252057988,50.82180125402908,49.198266102988015,Abandoned Theater,Sequence,Secret Code,Cursed Treasure,0,1,53.92018624726187,52.67583548988895,36.33588573557922,-1
1942,68.32735577423173,59.9049926526951,1.8101269104016249,42.731773501739056,45.95627547964192,52.034986943547125,The Old Library,Maze,Secret Code,Lost Civilization,1,0,53.17434979208866,47.654020631780135,30.1108705263388,-1
1943,70.77044336916909,61.7456983254981,1.9184809540966,42.60918007284533,49.70611204664132,48.67854056054762,Temple Ruins,Maze,Secret Code,Forbidden Magic,1,0,51.43683445852372,50.32815738682792,33.06258431242309,-1
1944,70.43935251393606,61.961783583131954,1.6867585323021168,48.63950870694596,49.44670063043498,56.31798275911535,The Old Library,Logic,Teleport Rune,Forbidden Magic,1,1,57.027517389643336,53.167173947641416,32.67926712020871,-1
1945,71.66731758298312,59.25780917734487,1.3949386709337517,45.59809147342177,47.6955674641197,51.60619234689182,Abandoned Theater,Mechanical,Ancient Map,Lost Civilization,1,1,59.34007352641868,53.90154521172114,29.95904435042324,-1
1946,74.616418005447,60.65745321138237,2.16279176481542,48.04604202505973,48.16786911438228,55.46329018409532,Abandoned Theater,Math,Secret Code,Forbidden Magic,0,0,55.59243313584917,54.49924731913619,31.035464862849683,-1
1947,72.03825589587477,59.97962492462247,1.919444302342966,38.94886082369777,49.39122556443612,51.76983127491257,The Old Library,Pattern,Secret Code,Forbidden Magic,1,1,55.164867924257145,50.647042997321655,33.4159260609524,-1
1948,74.091452110812,59.7163980423296,1.939466300207036,45.92578276995764,50.06129080325967,50.0126554351235,Temple Ruins,Sequence,Teleport Rune,Lost Civilization,1,0,59.569563165063535,54.63231365895223,34.428912086009376,-1
1949,71.9366700841559,60.70113918846469,1.6271642401662536,51.52979137532334,46.056567361188726,55.9388099283898,Temple Ruins,Logic,Ancient Map,Forbidden Magic,0,0,60.25365343053948,51.06285750326057,30.257398713625648,-1
1950,70.75042883032009,61.56014159151512,1.865525047290383,40.77489589029903,49.616530928937024,53.22175895776935,Abandoned Theater,Math,Ancient Map,Lost Civilization,0,0,53.19034654364,52.35899155978076,33.53506240066579,-1
1951,71.74065194418934,60.873729472865136,2.2481100678688293,46.44245443279172,47.98111042325336,57.71727321478074,Abandoned Theater,Mechanical,Ancient Map,Forbidden Magic,1,0,54.77266603702111,52.39586372108344,34.434084109551335,-1
1952,73.18580126017147,60.10545205421629,1.91731031825772,37.07707084651575,50.34897302478116,51.83369268441696,Abandoned Theater,Pattern,Secret Code,Ancient Prophecy,0,0,53.860498079812544,53.82254086918569,32.05160207822887,-1
1953,73.24715792538122,60.94273234244792,1.923727309369536,39.8130922958129,45.895602618708935,51.88767425108392,Temple Ruins,Cipher,Secret Code,Ancient Prophecy,0,1,58.27396450389151,50.6210367731511,29.77559597155668,-1
1954,70.85469638035721,60.07081079079962,1.975115327632121,50.3689818343711,52.31596700381625,55.51197710554777,The Old Library,Symbol,Teleport Rune,Lost Civilization,1,1,54.20440108787773,51.71666235665784,38.51201874748552,-1
1955,71.69566149159043,60.84582620010404,1.5398033859767348,44.77452091621407,47.31233793965701,55.52938162624761,Abandoned Theater,Maze,Secret Code,Forbidden Magic,1,1,54.01781917971485,49.558210707682406,32.4669024404042,-1
1956,70.02566046898218,61.83311165754958,2.0960319835101915,55.421561710646,50.7800451939836,53.38357596628663,Abandoned Theater,Mechanical,Ancient Map,Forbidden Magic,1,0,57.72432582553154,54.14124022776896,33.67773875670756,-1
1957,72.29205090844479,58.362429467810834,1.5298109921192935,48.46365796402223,48.52490847512381,61.33817047452036,The Old Library,Cipher,Teleport Rune,Lost Civilization,0,0,55.96298549844927,52.42536070241819,31.7473561176296,-1
1958,73.03319717726048,61.239793697504425,1.6222772213588303,48.94465580947966,47.39429383036448,52.29859801919912,Temple Ruins,Mechanical,Ancient Map,Lost Civilization,1,1,58.4199695783721,54.33596390102409,28.31088613893839,-1
1959,71.53210726308441,58.90644784058675,1.587165946637625,40.89949236830382,49.01360013989697,49.82634190757746,Abandoned Theater,Math,Secret Code,Ancient Prophecy,1,1,58.01816394719929,48.30407253846978,29.657701331628505,-1
1960,70.83739409859533,61.67680091670744,1.8471085083188503,44.34659094135778,50.15327928232303,50.49361239854821,Temple Ruins,Cipher,Teleport Rune,Ancient Prophecy,1,1,53.39877684794804,52.438623509598735,29.97125437123104,-1
1961,71.87738433830451,59.81442711054938,1.7916630758084142,42.59914221365943,46.27422280690479,52.313151276601936,Abandoned Theater,Sequence,Teleport Rune,Ancient Prophecy,1,0,55.613440914085,53.61587938744392,30.8750864698856,-1
1962,71.94719241935893,59.23676991673684,1.894731661048035,40.92530983045262,49.649379207301365,56.79693751372913,Temple Ruins,Logic,Secret Code,Cursed Treasure,0,1,55.429406461950194,51.85995312883271,32.998346584261334,-1
1963,71.62336186447733,61.1527081443911,1.621200138188352,49.56216968447544,48.572471264572,52.5341403446333,The Old Library,Math,Secret Code,Ancient Prophecy,1,1,57.17349552689311,52.589599456027806,32.938688395709626,-1
1964,71.73342232197874,60.82461564178568,2.192081055783205,50.55545904561468,49.45007549052866,56.91513024591534,Abandoned Theater,Maze,Secret Code,Lost Civilization,0,1,55.0498411547092,52.488312432074544,33.069294099750046,-1
1965,71.39338590924693,59.46427436471623,2.138273997218264,48.21773150289408,48.5947701523129,54.08606278844531,Abandoned Theater,Symbol,Secret Code,Lost Civilization,1,1,56.0256999520626,52.42686317944994,34.98365687724393,-1
1966,72.57565352370658,59.213486216517545,1.8335328675938711,42.07286554925878,47.71432912334024,55.70842324090129,Abandoned Theater,Sequence,Secret Code,Forbidden Magic,0,1,54.89757907590198,51.56413803983836,32.49712268869602,-1
1967,72.32842802668922,60.28203819842382,1.7397561651662552,47.85699785780704,46.89630040463097,53.96792156656701,Abandoned Theater,Symbol,Secret Code,Lost Civilization,1,1,59.0211640846308,50.42591497322104,35.32563727341573,-1
1968,70.62160344725265,59.26847544340984,1.7070263917564985,36.63009204108992,49.568833603996055,53.948120016554846,Abandoned Theater,Mechanical,Secret Code,Cursed Treasure,1,0,54.20114827607558,53.16381856335789,34.94675431875709,-1
1969,70.60662590744867,59.414141112943774,1.785335940166256,52.79865697280818,49.55468245091491,54.881776502765184,The Old Library,Logic,Secret Code,Cursed Treasure,0,1,55.09978113725007,49.09506516977008,34.902998441602925,-1
1970,71.37535578959933,60.59429554234739,1.4558301478332991,39.682976562281134,49.54111935119321,51.58322879478564,Abandoned Theater,Pattern,Secret Code,Cursed Treasure,1,1,53.95583372641038,54.968479598105816,32.26524550027426,-1
1971,72.37908468299096,59.515872746621454,1.5855244202759495,40.56153958544161,49.18307008356047,51.61071613863128,Abandoned Theater,Maze,Secret Code,Lost Civilization,1,1,54.59540226905955,49.705816515665866,29.145181945551805,-1
1972,71.80282585767476,60.91136225183368,2.128924390735416,46.730393164245896,49.95271676141278,53.873867465411486,Temple Ruins,Symbol,Secret Code,Ancient Prophecy,0,0,61.01020403131312,53.72427681264808,34.07764397851164,-1
1973,71.02414232755982,61.97805407965737,1.9588925831185744,47.164817213607066,50.63879356333616,57.852778688765056,Abandoned Theater,Math,Ancient Map,Lost Civilization,1,1,57.34855692122125,53.182870666501366,37.65007756168512,2
1974,71.94133891363566,60.3424515209006,2.3560707966358354,45.77035430904159,45.709112519088485,49.14811693683255,Temple Ruins,Sequence,Ancient Map,Lost Civilization,0,1,54.7410328028328,50.4287829681688,33.292748928845995,-1
1975,71.36154053823971,60.624263368867226,1.773448714357642,40.57352579387067,45.00512134256322,47.92703595139993,The Old Library,Pattern,Secret Code,Ancient Prophecy,1,1,53.43538621590172,54.15315047191934,27.95279840158764,-1
1976,72.5853712967279,62.51532331881168,1.752151441671088,51.78096398854976,51.08884545261749,52.34064040942847,Temple Ruins,Symbol,Ancient Map,Lost Civilization,0,1,58.32842117621089,55.46430763588036,33.22496742879573,-1
1977,72.05047996443699,59.31274864463673,1.7356133726495382,37.67452687691448,46.49449034566938,55.57711770123437,Temple Ruins,Mechanical,Secret Code,Forbidden Magic,1,1,55.25738119251962,50.69991945991556,28.210488995283228,-1
1978,71.41468282511438,61.69471701907367,1.7595909842236266,38.67796714744429,46.87085980592781,53.12844021420045,The Old Library,Pattern,Teleport Rune,Lost Civilization,0,1,55.42204173162639,56.05081663385265,28.761405442484826,-1
1979,71.97402193431846,61.57748035839127,1.654691193698764,45.54942782877557,48.06299691361925,50.07667538296239,The Old Library,Math,Ancient Map,Forbidden Magic,1,1,57.25020679460663,54.67633401969619,31.4760617557804,-1
1980,73.07009591416268,61.36408989977995,1.9312908712395809,39.75319175537568,46.00768379781229,53.19773374216597,Temple Ruins,Pattern,Secret Code,Cursed Treasure,1,1,55.34848458383778,50.54544515953953,32.20809723295926,-1
1981,71.19796488924659,61.80467906381066,1.8560227295063332,52.177498424982765,47.910513155314334,48.667566967792105,Temple Ruins,Mechanical,Ancient Map,Lost Civilization,0,0,58.1000278126621,48.32468138557088,29.783503555467835,-1
1982,72.18280135348577,60.79667367262451,1.6915945084093642,40.163299664282825,47.05501658267569,54.57229265218544,The Old Library,Sequence,Secret Code,Forbidden Magic,1,0,55.10073225854808,52.182395883808326,29.174773388530955,-1
1983,71.72223560838992,59.93634553451058,2.217171284392622,53.82949983467998,48.12147416476634,52.22722995886727,The Old Library,Symbol,Teleport Rune,Forbidden Magic,1,1,55.616371520866174,54.34673281675535,30.076672037617293,-1
1984,72.23223325676601,61.61703346333916,2.4080397966571248,51.20995658511717,48.88558788010075,52.79491875113642,The Old Library,Pattern,Teleport Rune,Cursed Treasure,1,1,58.5797436863074,54.13034233034704,33.81636510560686,-1
1985,71.16324017842564,61.65849633308237,2.186257105982622,52.19959658260617,47.94488873053533,54.067963676277856,The Old Library,Mechanical,Teleport Rune,Forbidden Magic,0,1,57.20331497024849,55.89785262213163,28.82541815147645,-1
1986,71.94069789938759,61.63417076800182,2.000921045783871,55.44981045066477,47.86352508799546,53.51422229344027,The Old Library,Symbol,Teleport Rune,Lost Civilization,1,1,56.49370143326252,51.5199988590925,31.33715672381665,-1
1987,72.95074476994324,60.57657047846978,2.0591956896967867,46.4103732850873,48.83601956854587,51.64685106567222,Temple Ruins,Maze,Ancient Map,Ancient Prophecy,1,1,62.5293240035651,51.93635492085971,32.813946584319304,-1
1988,70.9184750786555,59.81909418526574,2.384751549875398,40.92930432797157,50.00992344521121,55.584032094116175,The Old Library,Cipher,Secret Code,Ancient Prophecy,0,1,55.45248355755902,51.68946740502189,31.032389154095164,-1
1989,70.53863895599888,60.729880017358056,2.0530661661264045,45.46907210033231,50.842422268481286,54.99233141159763,Abandoned Theater,Logic,Ancient Map,Lost Civilization,1,0,55.99011152025561,53.16184292246819,31.618959964669088,-1
1990,70.58915179726262,61.48398559534173,1.6465396091218207,43.14070816977937,48.10468859843351,48.56428951943934,Abandoned Theater,Math,Ancient Map,Lost Civilization,0,0,54.55344754809981,54.19461320113792,30.51831938038466,-1
1991,70.72250931292155,61.56935392081149,1.936883796553745,42.41799511336699,51.16438027624109,52.4243933213185,Abandoned Theater,Symbol,Ancient Map,Cursed Treasure,1,0,56.6193490390604,56.596163135005405,32.93657135023469,-1
1992,72.50106066726472,60.11858128416378,2.004163836752467,46.70812451647702,49.73668781246755,50.29928301575931,Abandoned Theater,Symbol,Ancient Map,Cursed Treasure,1,1,55.18847323688792,55.715732904747405,32.58427339822657,-1
1993,70.51244416055624,60.866894303189866,1.514945903412099,44.38523271125524,46.56822643926486,49.82985475201144,The Old Library,Sequence,Secret Code,Forbidden Magic,1,0,54.997627725824685,55.253612837845466,29.919922625620945,-1
1994,71.6329757754392,59.246015802334895,1.7249345456536305,42.17259241986682,46.5190689489208,54.337834058779045,Abandoned Theater,Maze,Ancient Map,Lost Civilization,1,0,53.72722142587542,52.11418707594238,26.815906830203858,-1
1995,72.56172837986986,61.543025601885454,2.1375663886547565,44.696506562957765,47.53962252446675,51.9518467983369,Temple Ruins,Mechanical,Teleport Rune,Cursed Treasure,0,0,58.38911470415195,51.903597445118336,33.7373969514032,-1
1996,72.37266665199688,59.77805681484887,1.2574185843203056,48.658279172631765,50.56716410245227,52.64307087763397,Abandoned Theater,Maze,Ancient Map,Ancient Prophecy,1,1,56.36760145128235,52.40986945443444,29.67580154178325,-1
1997,71.58301756077941,61.34991967277972,1.426338087557906,50.68533186758013,47.64294194262128,51.32578766555735,The Old Library,Pattern,Secret Code,Lost Civilization,1,0,60.35806572000908,53.78399768013738,28.33442871736688,-1
1998,72.17206953208259,59.41866713466569,1.7455276346715816,37.87847592497141,45.551223531185336,53.92543863204957,Abandoned Theater,Cipher,Ancient Map,Forbidden Magic,1,1,54.468233721533394,50.97344783052767,26.028011360897786,-1
1999,72.10086057582706,61.60270366279372,1.901519754149381,44.36693040493644,48.04122947130866,54.69586721329758,Temple Ruins,Math,Teleport Rune,Cursed Treasure,1,1,58.11957566063128,50.90254981873527,31.091539415916696,-1
2000,59.78204379836232,52.89644762435453,1.3850754643561691,5.166050860253019,45.40852611541431,55.42563715744081,Rooftop Garden,Pattern,Magic Key,Ancient Prophecy,0,0,38.21875930583504,45.184475262570594,29.26862542828844,-1
2001,59.808019481017936,51.79658803853639,1.7512611158034688,-0.0500114510034457,46.79176524397732,49.54756433875462,Rooftop Garden,Sequence,Magic Key,Cursed Treasure,1,0,37.98829792130076,47.35204867607101,30.68407135606767,-1
2002,62.26685089401506,53.27264402505562,2.132344692070932,5.253872504981028,47.48859221757118,46.37895631306122,Rooftop Garden,Pattern,Magic Key,Lost Civilization,0,0,37.065919095846304,46.2955680153936,32.6153005856043,-1
2003,60.85330331248301,51.99427646011179,1.8037095274817976,6.582182481571585,48.58856086990203,48.7402657739212,Crystal Cave,Symbol,Ancient Map,Forbidden Magic,1,0,40.29788310185456,46.16205206007545,30.83103121671775,-1
2004,62.537211840952985,53.33755228351403,2.0617246307592847,8.426171193710534,49.89525533207462,52.11764980345414,Crystal Cave,Cipher,Ancient Map,Forbidden Magic,0,0,36.32500115622642,47.15849490797449,33.07342914532926,-1
2005,59.572165746896765,52.3172534391087,1.5992316431122802,6.207573414769955,49.39520185566969,48.06838702467423,Rooftop Garden,Math,Magic Key,Forbidden Magic,0,0,37.69182499679642,44.716719075921006,28.87960484405103,-1
2006,59.99672955669014,50.87369401957751,1.5307430069941763,1.406811857940964,46.580028698226414,46.29468100136255,Crystal Cave,Logic,Teleport Rune,Lost Civilization,0,0,35.328237426790345,44.585050098755296,29.403454299703935,-1
2007,58.762136855351294,51.61570968573929,2.0252168293484853,15.86147548527,47.78649741119545,48.12045578427983,Mystic Bridge,Maze,Ancient Map,Forbidden Magic,1,0,37.2066419908017,44.7726617471136,31.0119129856378,-1
2008,59.29726135478869,52.17110453680896,1.8781555685298092,9.936716479333937,48.45371114510915,48.66658520562672,Rooftop Garden,Sequence,Ancient Map,Ancient Prophecy,1,1,36.77232750668672,44.82690101664246,29.48987944392572,-1
2009,62.02130578691292,53.97311011472112,1.4085031261078385,8.544429468806374,47.94095117724616,47.29332613008836,Mystic Bridge,Symbol,Teleport Rune,Lost Civilization,0,0,38.494800860231,45.25274935732584,31.113926571625356,-1
2010,59.60992165083428,53.50947508108535,1.5207206480000657,10.79472602165593,47.92546536578532,50.5436912852911,Mystic Bridge,Pattern,Ancient Map,Ancient Prophecy,0,0,38.61126743278961,46.84051917306625,26.895615084508947,-1
2011,62.06379924024284,54.235611724445874,2.227123446195243,6.983345469622599,45.74047189102751,49.8024442969832,Crystal Cave,Math,Ancient Map,Lost Civilization,0,0,38.283583881334096,48.34936278825952,32.82730092798627,-1
2012,58.91371625179367,54.26881287955173,1.4771439990498705,12.181524811299756,46.590696750782186,51.97426310204699,Crystal Cave,Math,Ancient Map,Lost Civilization,0,0,39.16273914154543,49.547468556228566,30.378220656663395,-1
2013,59.11616849969852,52.08386268797597,2.0315562041015984,6.024091823629787,47.71063182201178,48.88535041268603,Rooftop Garden,Mechanical,Magic Key,Lost Civilization,1,1,35.61661201573091,43.21253486136536,30.92706306724466,-1
2014,59.8409636589552,52.43357092728614,1.6045342953076092,5.73817199372887,43.670479312333626,51.395161921421256,Mystic Bridge,Logic,Teleport Rune,Cursed Treasure,0,0,36.67231439148912,48.65040309877494,30.314194765806302,-1
2015,60.13100050541693,52.2142306103817,1.7437561668754036,8.89527065438605,49.266593236022665,48.76932301494084,Crystal Cave,Cipher,Magic Key,Lost Civilization,0,0,38.16904936948424,46.98917105243306,30.511641061342925,-1
2016,61.130391343594205,51.95746111799366,1.829791411285653,13.590600524155228,46.241949830714894,47.17596909547816,Mystic Bridge,Sequence,Magic Key,Cursed Treasure,0,1,41.1196074080646,43.36455530070096,29.217828517474658,-1
2017,60.67062604534764,50.79094663115206,1.1078102320461332,13.258731381913908,49.326600287626505,48.64245216188517,Crystal Cave,Pattern,Magic Key,Forbidden Magic,0,1,42.07768960545789,44.61158703242063,26.693830592946814,-1
2018,59.81608977686301,52.62117165594284,1.2959668220654457,8.652392806342224,49.19012467457634,45.95433202737426,Mystic Bridge,Logic,Magic Key,Lost Civilization,1,1,40.19269772215123,42.91807355830541,29.76204272846503,-1
2019,60.11163633884342,51.35384021763326,1.7573460021099034,8.26087163063538,47.47165174491844,54.47053909995745,Rooftop Garden,Mechanical,Magic Key,Cursed Treasure,1,1,39.020211276100994,42.19850169425671,28.84789439406186,-1
2020,59.93843391794329,52.60872875871458,1.5108047371389692,9.147672945417565,49.78348758967438,50.35624936946501,Crystal Cave,Sequence,Ancient Map,Lost Civilization,1,1,39.56786826760244,50.22565769308298,29.351670257629387,-1
2021,59.35538525210773,54.76217465781273,2.0237093311636545,10.585205054631018,49.39296814746308,48.01148277417384,Rooftop Garden,Cipher,Ancient Map,Cursed Treasure,1,1,39.41252649934489,46.81351400268257,32.660572982205885,-1
2022,59.39461553402843,52.14057032656285,1.239523832359108,12.14039084522495,47.81027027715317,49.05588959429485,Mystic Bridge,Math,Teleport Rune,Forbidden Magic,0,0,38.64960222225745,47.13423805264222,28.81621570408808,-1
2023,61.322999054929646,52.84820935732536,1.887549177217772,4.4534324669308045,47.63664682463517,43.87384004189983,Mystic Bridge,Math,Magic Key,Ancient Prophecy,0,0,39.93099517827278,46.29869370050685,33.88038738475581,-1
2024,58.47948401431087,53.56361200795746,1.3017064602899655,12.21627216990582,49.91074268629067,53.58588306267954,Rooftop Garden,Cipher,Ancient Map,Lost Civilization,0,0,36.92360987459074,47.51229639675456,32.024262888325914,-1
2025,61.93753838053524,52.94079151366971,1.6055292899615314,7.330545236232661,48.60855510864826,53.34137011053559,Mystic Bridge,Logic,Ancient Map,Cursed Treasure,0,0,35.265395662583245,47.51631935963644,31.828379196906123,-1
2026,59.98971303671529,52.95652932573442,1.38842341051657,8.8598228513466,49.823254609570256,50.26885476040024,Crystal Cave,Symbol,Teleport Rune,Forbidden Magic,0,1,36.56879590392443,42.86618017956948,30.17222171276956,-1
2027,59.57272294982389,52.30519592412352,2.2750298400518174,12.504497563740015,44.66845600242476,50.79865574015852,Crystal Cave,Sequence,Magic Key,Cursed Treasure,1,0,42.30122466922491,48.18441262135474,30.626315453060496,-1
2028,61.09751173181148,52.43928189406985,1.2990057431032769,9.319639584452112,48.39538684893612,46.83080805768585,Mystic Bridge,Logic,Teleport Rune,Cursed Treasure,1,0,38.86353263742716,46.18915471040716,29.34053135020261,-1
2029,61.85548637752122,51.71471913690218,1.6607765755115815,10.15387470486405,45.87732157733106,47.01257526184871,Mystic Bridge,Mechanical,Teleport Rune,Forbidden Magic,0,0,40.70771225033948,44.36720676493761,28.469202377382818,-1
2030,61.500415930996695,53.52435272388777,1.1758735046210194,3.616363971442252,48.2005624476098,45.75675962703067,Mystic Bridge,Pattern,Ancient Map,Lost Civilization,0,0,37.43725871689029,48.0431723375709,27.40191483293757,-1
2031,60.89714545496309,50.940402367522665,2.170314220700968,13.044565315505466,49.30581960018375,49.597329785566025,Mystic Bridge,Cipher,Ancient Map,Ancient Prophecy,0,1,41.57498752528221,44.077207983521625,33.17658038803271,-1
2032,61.49466290819774,53.65657691213866,1.8073359121321528,9.020983337697311,50.83967774331772,52.65258851216483,Crystal Cave,Symbol,Teleport Rune,Forbidden Magic,0,0,39.74451807824059,48.14396332772696,30.89241533194464,-1
2033,58.70380382737596,51.2853929663342,1.7245404841188678,6.1624118002582975,46.81962990704445,49.04196342824414,Crystal Cave,Cipher,Magic Key,Cursed Treasure,1,0,36.93382181803856,44.932902803778994,28.67412602511915,-1
2034,59.91096869879554,53.65530961737508,2.122229374967531,11.026979833976345,47.4342695838407,50.86923957544404,Mystic Bridge,Mechanical,Teleport Rune,Forbidden Magic,0,0,40.48223183957112,48.46759086937448,34.11580046971992,-1
2035,59.53412274233236,52.34250401136475,1.7206389273408649,18.450276353034475,48.07550861880716,52.44708473723392,Rooftop Garden,Pattern,Ancient Map,Cursed Treasure,0,1,40.32420067407211,45.82696193201351,28.160951834852195,-1
2036,61.68242069858745,51.46808023291625,1.7387502696787318,-0.3439913873264144,46.75302698816814,45.939748305054906,Rooftop Garden,Math,Ancient Map,Forbidden Magic,0,0,37.65041056834865,43.31822106920953,28.251959363056365,-1
2037,60.08678859308036,53.282883125900526,1.7088532843321802,1.4714665741260218,49.67871344491226,54.61391356344819,Crystal Cave,Symbol,Ancient Map,Ancient Prophecy,0,1,36.14406980593039,47.958444608882175,34.221317512824854,-1
2038,61.32815316975511,53.63599573904356,1.8348731993005925,18.906146125880404,48.10181687191872,52.89330096857817,Rooftop Garden,Cipher,Magic Key,Cursed Treasure,1,0,42.2538832331914,46.62433134286377,30.606122813888256,-1
2039,61.03107878953319,52.27280142943364,1.5144882609977983,7.60257502878598,48.38601376591568,51.28473179440107,Mystic Bridge,Logic,Ancient Map,Cursed Treasure,1,0,37.26222478370916,42.62616926128484,33.00301195242859,-1
2040,59.645385254867925,53.43515063722621,1.5943630318322028,6.412921805208523,49.129492239645664,52.31023632634018,Rooftop Garden,Maze,Magic Key,Forbidden Magic,0,1,37.27919639571076,47.6258164790216,28.60746800550156,-1
2041,59.93319931181912,50.433123729318,1.8981691369397615,4.871108674382412,48.08785444573207,52.42769075818767,Crystal Cave,Math,Magic Key,Cursed Treasure,0,0,36.33876708891184,43.84586996783282,31.78416811213075,-1
2042,61.82643540706135,51.40128818107118,1.7346913383725426,11.479672750695112,46.96533712477515,50.73159971647453,Mystic Bridge,Mechanical,Teleport Rune,Cursed Treasure,0,1,42.79960342696753,46.06548242461159,31.96508834867513,-1
2043,59.769590002662255,54.01797774643887,1.6136083674671835,18.4831760621959,48.09337455534709,53.57069488223142,Mystic Bridge,Mechanical,Magic Key,Forbidden Magic,1,0,38.0385634925386,45.72115402033778,28.68917767787252,-1
2044,60.68238981430434,52.50559197214926,1.2241185021099557,2.0904350126194844,46.89992704069436,48.868349128456366,Crystal Cave,Symbol,Teleport Rune,Forbidden Magic,0,1,38.815084175257375,43.72113266460107,31.69510316021192,-1
2045,59.78742496527326,50.87074842237407,2.0900757765473053,4.921423721003352,48.34249972394558,51.15452801298849,Rooftop Garden,Maze,Magic Key,Ancient Prophecy,1,1,33.860366734086995,47.63827243642911,31.7508534022195,-1
2046,60.26845248402415,52.0378041298007,1.438601929597899,3.641592813996966,49.67229949595949,53.30410700312515,Crystal Cave,Symbol,Ancient Map,Forbidden Magic,0,1,38.3279806098335,48.04721875560889,31.60873736829282,-1
2047,60.54867539533626,51.8169864448981,1.929579011174229,9.048965916755296,46.41082528537503,43.27200060985197,Crystal Cave,Mechanical,Magic Key,Lost Civilization,0,0,37.36843454380348,45.54089639551956,29.567619462215426,-1
2048,59.82439762363406,52.57814982567954,1.6824960243709142,11.486012289398076,45.87117138486624,51.09490836493539,Rooftop Garden,Pattern,Teleport Rune,Ancient Prophecy,0,1,40.47308678933654,46.85447333028628,32.64879748946195,-1
2049,59.6592379781233,52.37709323238243,1.2380894803260434,13.46810460570157,48.24007337736796,51.81151244610839,Mystic Bridge,Logic,Magic Key,Forbidden Magic,1,0,39.59325615255212,47.93280927121052,29.67911403056013,-1
2050,60.91837294796099,52.93051661020517,1.9981548150827584,9.186419196186854,47.0110051263534,45.728896585288894,Rooftop Garden,Symbol,Magic Key,Forbidden Magic,0,0,36.442242815855074,46.43318325199402,35.69268162476229,-1
2051,59.79977063978031,52.68586748747328,1.6951749345616491,17.938870386279284,48.20686410021138,50.70455021504146,Rooftop Garden,Cipher,Ancient Map,Forbidden Magic,0,0,43.97876057943961,44.10446748446915,33.24227581092179,-1
2052,59.84625256604481,54.11882943135775,2.0157501587585385,2.45781172070712,48.63642873270887,48.0157350491009,Mystic Bridge,Cipher,Teleport Rune,Ancient Prophecy,0,0,38.19838767555031,48.20940498472381,34.055280788773466,-1
2053,59.73025256453288,53.18740337933711,1.5567512034118618,1.148235657765178,44.93690706392304,50.99201570397809,Mystic Bridge,Mechanical,Magic Key,Cursed Treasure,0,1,37.18897315004699,48.22300714073726,26.785224260150397,-1
2054,60.60378663931364,53.224298946787,1.819010104212181,12.657013263003384,49.18385926219892,49.76250175897312,Crystal Cave,Maze,Teleport Rune,Lost Civilization,0,0,38.87863647371346,48.280143879474295,32.035678275848895,-1
2055,61.637778566038286,53.93556495473239,1.0753513923574674,5.913798381027668,46.39126690240823,47.63417957707426,Rooftop Garden,Symbol,Ancient Map,Ancient Prophecy,0,1,40.3789758808362,47.151756522568085,26.863684386140843,-1
2056,62.21298096025868,52.38542750148216,1.450353635775208,-1.5907282204426254,48.108968154026535,52.77415915900363,Mystic Bridge,Logic,Teleport Rune,Cursed Treasure,1,0,34.28406686682593,47.42217497161583,29.90835313699252,-1
2057,59.99290265437387,51.51611514198939,1.2148235527705475,3.697986795845833,47.150172950124016,48.95408744002624,Rooftop Garden,Sequence,Magic Key,Cursed Treasure,0,0,32.64984538636341,45.04482532917531,28.72982224214785,-1
2058,62.88149285210102,53.988767142283145,1.480584053774865,6.545914842590827,47.30810331766633,50.67490948505396,Rooftop Garden,Symbol,Ancient Map,Ancient Prophecy,0,0,36.56801842565346,49.34210809377658,27.774992934135312,-1
2059,59.73883129638386,52.92145068340551,1.7308550963230571,2.025691978184879,50.67380421106423,53.28511905871024,Mystic Bridge,Logic,Teleport Rune,Forbidden Magic,0,1,34.60703029863296,49.874137481576334,31.94719757014412,-1
2060,61.83943143666711,52.92878013263487,1.4042248340776209,0.1729330222986247,48.60863318124076,47.70826376404205,Mystic Bridge,Mechanical,Magic Key,Forbidden Magic,0,1,35.645865000508785,44.179507623658495,29.728438264939506,0
2061,60.04652575158166,52.15992685085686,1.8410339057543308,4.19738577652482,49.48366530018601,50.02012311993207,Rooftop Garden,Maze,Ancient Map,Cursed Treasure,0,0,36.41744404621426,48.640550698705255,30.085511455336025,-1
2062,59.90963064214949,52.18023713153993,1.3211752447179803,-0.0978489130258832,48.34998178004863,48.76168213739165,Mystic Bridge,Maze,Magic Key,Forbidden Magic,1,1,35.13555724214265,50.67073111769079,31.06052623550062,-1
2063,60.0481217540522,53.647658326640766,1.840003336539881,8.389751858484319,49.05056348027686,49.31955088865569,Rooftop Garden,Symbol,Magic Key,Forbidden Magic,1,0,37.24612204539454,48.41465019558293,32.330265512850644,-1
2064,60.75274638070552,53.78944312654086,1.963628583373627,-4.515657333969355,48.743620406198175,55.39021301976614,Mystic Bridge,Cipher,Teleport Rune,Lost Civilization,1,0,30.86432108390015,49.36884885743855,33.85283095642985,-1
2065,61.39747446999084,53.59246987829928,1.871024334013656,5.6447535562971805,48.49628325771405,51.1419397101757,Crystal Cave,Mechanical,Magic Key,Cursed Treasure,0,1,38.91615748410495,45.91979250349248,32.70667604548185,-1
2066,61.49967048301127,53.6054750120449,1.4599710289533037,7.779432169015465,49.772415572312376,50.78398169155552,Mystic Bridge,Math,Magic Key,Forbidden Magic,1,1,38.70428243360873,46.47090194850045,27.29884092421235,-1
2067,59.89810938199621,53.3854176540571,0.921849319924952,4.7184221547428296,48.3435591038563,51.31021833482865,Rooftop Garden,Symbol,Ancient Map,Cursed Treasure,1,0,35.961705106525805,46.61948494849342,26.192566519789462,0
2068,59.86471874678163,52.95179331945059,1.7303897697791315,10.626480293847838,51.53367959833888,51.07564906895617,Mystic Bridge,Symbol,Magic Key,Ancient Prophecy,1,0,41.90281791896872,46.568092610793926,35.99482150822309,-1
2069,59.95001454129411,52.64878112620215,1.5144203574829724,-1.7032110605164128,49.54394657359784,45.435466152537046,Rooftop Garden,Logic,Ancient Map,Forbidden Magic,0,0,34.97471467751081,44.13928829149132,32.39983291823733,-1
2070,60.76756547484101,54.03838261636193,1.2547210339153425,1.6333687696534192,46.39106735391796,55.74190205130552,Mystic Bridge,Math,Ancient Map,Lost Civilization,0,1,37.06761338071298,46.75975854052043,24.97113934225756,0
2071,60.68102223668123,52.45824357271714,1.3776005968593985,3.477856092357973,47.83281978860933,46.33907618715339,Rooftop Garden,Cipher,Magic Key,Lost Civilization,1,1,39.04367047328239,47.96010055947368,30.36683434679923,-1
2072,59.95325154248296,53.20585704088142,1.971054781482609,8.680857115828678,48.69056352119906,54.331485665065706,Rooftop Garden,Pattern,Magic Key,Cursed Treasure,0,0,35.596486375783385,44.38516506517628,30.56567104396849,-1
2073,61.18527094137694,52.03578590593403,1.1957656801510406,6.198969059329155,48.15903201593571,51.54503841255563,Mystic Bridge,Cipher,Ancient Map,Ancient Prophecy,0,0,38.52563317528911,46.41512031409465,24.66959975207129,-1
2074,63.19046725662358,52.18442862308114,1.6736989441879917,15.812449835341898,49.11997345324461,50.45194754533618,Rooftop Garden,Sequence,Teleport Rune,Cursed Treasure,0,0,44.24311101260996,46.649995942008616,34.569200507138234,-1
2075,60.43540502486389,52.61150951330731,1.594830206688949,1.0558711785873625,49.28260191724417,49.2362875598084,Crystal Cave,Symbol,Ancient Map,Ancient Prophecy,1,0,36.39534656309672,46.0819455185613,31.171273421271707,-1
2076,60.51882142065559,52.04766977686664,1.418461342476782,-1.9009711212300135,46.04514693934884,56.51290137773324,Crystal Cave,Symbol,Teleport Rune,Forbidden Magic,0,1,33.134316342653165,46.63544911429932,29.130375601542305,-1
2077,61.52419816349761,53.65341168867715,1.715270875478221,14.008582978050672,50.00363136536497,51.51122390043607,Mystic Bridge,Pattern,Teleport Rune,Forbidden Magic,1,0,40.15214290162322,48.363432957542514,29.349356949584653,-1
2078,60.41791412840222,51.51148494438701,2.0078168281247306,-2.10199816394971,47.334313601117664,50.044220162296,Rooftop Garden,Symbol,Teleport Rune,Ancient Prophecy,0,0,35.99812231934371,44.78003648732883,29.392149120395377,-1
2079,61.657879084066266,52.96271576109964,1.425582948524743,8.4567570227806,47.18324496032583,48.66184323872415,Rooftop Garden,Mechanical,Magic Key,Lost Civilization,0,1,35.31799877697568,48.63233126362872,26.110679883461906,0
2080,60.28254631270831,52.99996877129882,1.4376504469290234,0.1372340006392649,47.176017265747376,48.36212932813228,Rooftop Garden,Symbol,Ancient Map,Forbidden Magic,0,0,33.50537599761428,47.65640244681318,32.172562583976976,-1
2081,62.84537315891744,51.06064321369775,1.6934539313445385,-5.326874746478179,49.28520186184727,50.126527117930536,Mystic Bridge,Logic,Ancient Map,Lost Civilization,1,1,40.05623526327722,48.74644085716847,28.129759367627297,-1
2082,61.37018305037966,52.43440865572156,1.7785366460491363,3.1349229049220027,47.66940941181373,47.67349242084689,Mystic Bridge,Maze,Ancient Map,Forbidden Magic,0,0,38.731767157074216,46.10511076225887,34.182421226744935,-1
2083,60.41752952973204,53.13512925100533,1.4609808029852072,9.49545863900056,47.07239455184441,51.69912761986186,Crystal Cave,Cipher,Ancient Map,Lost Civilization,1,0,42.06609643097195,45.965540342747616,27.40659297819628,-1
2084,60.46099493501476,53.312162481238055,1.4039100500269472,-1.121787559530909,47.4295317389431,48.38589408190916,Rooftop Garden,Symbol,Ancient Map,Cursed Treasure,0,1,37.67269609616535,46.38748797905781,26.87464756269969,-1
2085,60.54801067228604,52.68313957836909,0.8264576750502357,7.856642700578306,45.37121888451042,52.51238878611456,Crystal Cave,Cipher,Magic Key,Ancient Prophecy,0,1,39.47376649989338,48.30907523662667,25.88069546850992,-1
2086,62.44667339687098,53.56835480025066,1.254578887110504,8.779580180825423,46.79783410860311,52.45646845327822,Mystic Bridge,Sequence,Magic Key,Ancient Prophecy,0,0,39.4837196144832,46.5600211154584,27.04881385937825,0
2087,59.817275424153614,52.78617764282024,1.1424186723283227,-1.4041028624132537,46.19956533919351,49.86141080218952,Mystic Bridge,Sequence,Teleport Rune,Forbidden Magic,0,0,36.23156214453783,46.01494984157811,27.8640484357222,-1
2088,60.43017673842442,52.91318159758693,1.685831183935826,3.8046190444067594,47.653085141468985,51.45075557463744,Crystal Cave,Symbol,Magic Key,Forbidden Magic,1,0,40.2994201381014,50.4917903928018,28.815554251690838,-1
2089,60.54853898568114,53.155224806780296,1.4035054238619011,12.81786943214153,49.05106512573277,51.575909773817,Rooftop Garden,Sequence,Teleport Rune,Lost Civilization,0,0,41.825562067386,44.329913178775485,29.512588758889123,-1
2090,61.10658174687033,53.83462027126652,1.3880037767640034,8.174520459882146,48.88356280284688,46.344170977138,Rooftop Garden,Math,Ancient Map,Cursed Treasure,0,1,39.4499257957804,48.17458700441195,28.477010160900782,-1
2091,60.863219110111935,52.23595978291613,1.4664288701078991,3.603149301042837,49.93588611612322,54.32923247163406,Rooftop Garden,Logic,Magic Key,Forbidden Magic,0,0,37.25418211798072,46.42943757624054,32.556109985425834,-1
2092,59.65514885953261,52.42892047925092,1.20433005382619,6.976135535647298,49.59977323982338,49.36064071428211,Mystic Bridge,Logic,Teleport Rune,Forbidden Magic,0,0,38.88257715135548,46.11898106897153,30.6424528179974,-1
2093,60.75859057555756,52.25091783566694,1.9275963654538613,1.4623803513811788,47.25400134905177,51.73893378353925,Rooftop Garden,Math,Magic Key,Cursed Treasure,0,0,35.82978323616775,44.11971749635893,31.8328245792194,-1
2094,61.07088770540816,52.59169598159534,1.847321780356572,10.446206326233176,48.07362823061271,51.80905877763206,Rooftop Garden,Pattern,Teleport Rune,Ancient Prophecy,0,1,40.77334334194375,45.10107403327795,33.533196082534985,-1
2095,60.55435412542101,54.35421470637088,1.9395394357575424,10.433051591442435,47.99434953299926,43.77615727116148,Crystal Cave,Sequence,Magic Key,Cursed Treasure,1,0,38.06661697069324,46.83063880680204,32.28169155817245,-1
2096,61.88122934529531,53.50479988385974,1.655378974447901,5.460296488877076,44.81480506745648,48.35767701312633,Crystal Cave,Mechanical,Ancient Map,Lost Civilization,0,1,38.058984778869466,47.40780195729079,29.38651727537895,-1
2097,62.12585238607422,51.80508628673097,1.4377595985335925,5.998305668996192,46.21373311057056,52.10092205106514,Crystal Cave,Pattern,Magic Key,Ancient Prophecy,0,1,37.01959219991039,47.21118924801365,28.617997499050364,-1
2098,61.14003544559352,52.33983787023208,1.927274088970107,-0.1602091694472767,47.78696866588789,50.15563114858801,Crystal Cave,Sequence,Ancient Map,Ancient Prophecy,0,0,35.75643242833327,42.63766127450971,30.17008439242656,-1
2099,61.46092988882638,53.31716818596303,1.2348207625461949,-1.9374142478935663,47.77686826922752,51.722423340845175,Mystic Bridge,Math,Magic Key,Ancient Prophecy,0,1,34.92787834195527,44.474261472276105,27.39963247392628,-1
2100,59.08128631176932,52.04201661393252,1.1740070980617916,2.928729229984301,48.803052750841765,50.23091640361296,Rooftop Garden,Symbol,Teleport Rune,Ancient Prophecy,0,0,39.71122133827509,47.285799902277525,29.3917964493592,-1
2101,60.83318127654966,52.227315079883866,1.251178991770314,4.363721861267119,48.72841790059488,53.07345448450786,Mystic Bridge,Mechanical,Teleport Rune,Ancient Prophecy,0,1,36.020033809854354,47.56932252283127,31.404738501980805,-1
2102,62.27103509459316,54.30175279067673,1.584760369252436,10.10283777189348,45.375345060214926,50.28508472111103,Rooftop Garden,Symbol,Teleport Rune,Cursed Treasure,0,0,41.163142979539714,44.15897637373531,30.16744149505709,-1
2103,60.85469367051379,52.34756276309407,1.1955380750341753,9.390801345901874,48.80774537285825,53.56022274195119,Mystic Bridge,Maze,Ancient Map,Forbidden Magic,0,1,37.43629196737167,48.153420422873005,30.31526131010693,-1
2104,60.55277280721964,53.91975772318629,1.3738326934677787,5.691781792527575,48.29623566907431,47.54992855696989,Rooftop Garden,Math,Ancient Map,Forbidden Magic,0,0,38.13299029544228,47.37513475271416,27.431136349935123,-1
2105,63.579614901073086,54.22457384604097,0.9361674835304165,10.7092594980335,48.96195737943891,49.68089982630264,Rooftop Garden,Cipher,Teleport Rune,Forbidden Magic,0,1,41.94037759396268,49.24373697467958,29.27131234897445,-1
2106,63.1328818007576,52.23995553367043,1.5573375895792052,0.0280733925132441,49.625776923573,48.516501078544906,Rooftop Garden,Pattern,Teleport Rune,Ancient Prophecy,0,1,34.185943750361126,44.78965004673226,30.24382390200182,-1
2107,61.7932451853567,52.087629240775016,0.9541664458857312,10.121120935845488,47.80977323309236,50.971590160155664,Mystic Bridge,Sequence,Ancient Map,Ancient Prophecy,0,0,37.31688041532326,43.24324767201493,28.07302565326411,-1
2108,62.47643345629258,52.70564107266864,1.1259434645674615,0.7712176605136554,49.89113743965822,49.30333013779356,Crystal Cave,Math,Ancient Map,Forbidden Magic,0,0,35.80787898945368,46.254868925353456,30.55337231775641,-1
2109,59.12342679137907,51.89733397475466,1.7670416161469436,10.91075115282663,46.68735006299735,49.42621453226591,Crystal Cave,Pattern,Magic Key,Lost Civilization,1,0,36.140807672578354,45.13705258922801,28.09942709637893,-1
2110,60.57363680891148,53.1111912697808,1.7522922455517256,4.634456003846918,46.60157751590674,48.238084091874384,Mystic Bridge,Mechanical,Teleport Rune,Cursed Treasure,0,1,37.902689290392,45.85779354854444,30.624765171139853,-1
2111,60.90304297547189,52.78870831993074,1.5068017423700542,-5.301342657331822,48.66211525177901,48.84816120767864,Rooftop Garden,Sequence,Teleport Rune,Lost Civilization,0,0,35.43658340559332,45.90412426555118,30.83078926270325,-1
2112,61.14881979114085,53.35915021789238,1.4735239551650294,8.329771533176137,47.464616259972615,49.97430734020831,Rooftop Garden,Mechanical,Teleport Rune,Ancient Prophecy,1,0,37.06207942390228,50.230106834240274,31.623673477699764,-1
2113,60.90664123614448,54.39973074321101,1.2278602611992877,8.715602105732028,48.4090654004771,44.94663712204207,Mystic Bridge,Math,Teleport Rune,Ancient Prophecy,0,1,39.407062247271405,44.362011553394105,28.082222825094885,-1
2114,58.85833054208564,53.82449645247972,1.1516067496081832,2.373853256098325,51.004977095474224,44.24559035992206,Crystal Cave,Cipher,Magic Key,Forbidden Magic,0,0,35.17899707453812,46.18839483453495,29.98648689049614,-1
2115,61.80613912192816,53.50048251659581,1.271141660229432,2.7893284995566057,48.60467229619693,50.14786485576871,Crystal Cave,Symbol,Magic Key,Ancient Prophecy,0,0,37.7215299558861,46.33410482344696,29.726831353088425,-1
2116,61.97551227815038,51.049432667390974,0.9220610738636714,3.836765515341527,48.33164819333599,43.07705858691615,Rooftop Garden,Symbol,Teleport Rune,Lost Civilization,1,0,37.07949044228086,45.44890263666269,26.820496530850644,-1
2117,63.045486449179485,53.46310245627148,1.448242093144706,-5.002408947284897,46.708565965073205,49.51714430797982,Crystal Cave,Cipher,Teleport Rune,Cursed Treasure,0,0,37.30188265024651,48.18791271093994,28.077155846118064,-1
2118,60.66699364578041,54.74660656822698,1.3835143159578545,-7.211439853100068,45.46146793934077,49.05709059702197,Crystal Cave,Math,Magic Key,Cursed Treasure,0,0,37.50662274541358,49.14564195417898,27.11750611358869,-1
2119,60.59684063530485,50.01771584898868,1.0852035089369856,11.109172812618825,47.901697329366776,51.355094674652186,Crystal Cave,Maze,Ancient Map,Forbidden Magic,1,1,41.2395246562057,46.74578778305853,28.03621663444725,-1
2120,58.79870570367237,53.721887375342334,1.832207040368524,0.4695426251935402,49.60994072977597,48.31995405237018,Rooftop Garden,Symbol,Ancient Map,Cursed Treasure,1,1,38.20686790711972,48.490217876318674,35.6279729635313,-1
2121,61.19679514822308,52.87741971879294,1.5400570252169206,13.855030598733862,47.52438497851438,53.92378692322991,Crystal Cave,Math,Teleport Rune,Cursed Treasure,0,0,38.06893670234142,43.05902914191225,29.738269737899877,-1
2122,62.40313084442477,52.191263730635896,1.5619239782663998,11.419540911127523,48.61018090513289,52.12040718307608,Rooftop Garden,Sequence,Magic Key,Cursed Treasure,0,1,39.51632257544683,42.92718505318256,31.527866352153627,-1
2123,60.90189344798181,53.84647472139071,1.2045662671133577,12.392323114998495,50.14696678617669,46.21926492087121,Mystic Bridge,Maze,Teleport Rune,Forbidden Magic,1,1,41.38930466888467,50.01650560654826,29.954934233494267,-1
2124,63.66873342883167,54.75934639037548,1.3467745172460743,1.2936592208388706,50.10876763610349,49.289134106314144,Mystic Bridge,Sequence,Magic Key,Lost Civilization,1,0,41.60592617331754,50.51854903584466,29.82642901676272,-1
2125,61.28030601309937,53.82917250409905,1.5317993297628691,-3.508051692962015,48.64902786928906,53.81796286045969,Rooftop Garden,Pattern,Ancient Map,Lost Civilization,0,0,37.01664895378416,48.68226847261708,30.40331584963119,-1
2126,61.695490195600286,52.68705802740633,1.3858451231751043,-0.911664196078462,48.260313223307584,48.25592023650117,Crystal Cave,Symbol,Teleport Rune,Forbidden Magic,0,1,34.69134668778891,44.892463555005165,31.212228324974436,-1
2127,60.19697660245935,52.119095260264736,1.817012632556025,2.279259650723439,45.72659200764936,49.86776918743647,Mystic Bridge,Sequence,Teleport Rune,Cursed Treasure,0,0,35.932649187054885,44.98364217683299,30.024411662571197,0
2128,61.85886639488724,53.21151471172645,1.2717474130600577,-7.365836556060891,47.05867631096139,53.51031893963695,Rooftop Garden,Sequence,Magic Key,Forbidden Magic,0,0,35.57237774329035,45.86206665743902,28.294458749063416,-1
2129,59.60387710225961,53.94438523547751,1.1779663160635017,2.1119553741140598,47.5822998926087,48.64851095984305,Crystal Cave,Pattern,Magic Key,Ancient Prophecy,0,0,36.06659383032849,45.22806698935307,28.033468477668645,-1
2130,62.2884300661959,52.68849863852783,1.5160708374828666,3.4694583013000626,46.72444015657788,52.80744985020723,Mystic Bridge,Symbol,Magic Key,Ancient Prophecy,0,0,36.81635061467082,46.7449343461489,27.43954314761785,0
2131,62.33067975425388,52.78951123587024,0.9428711999369588,-2.0054988746279223,48.37516008853605,47.725000993465954,Rooftop Garden,Symbol,Teleport Rune,Cursed Treasure,0,0,36.21624930347509,50.938629178739646,30.039245158394067,0
2132,62.977046608206585,55.90624386577568,1.5960349774241502,-0.7470690203822148,50.8695337498505,42.780965374634704,Crystal Cave,Pattern,Teleport Rune,Ancient Prophecy,1,0,37.53323522129013,48.31702314579567,30.92503464288912,-1
2133,60.60927409637716,54.16725176050866,0.9250231828682528,3.3411073133492053,50.27832381236881,53.07132329110157,Crystal Cave,Pattern,Teleport Rune,Lost Civilization,0,0,35.1980540408759,50.56628959435471,31.77807369702395,-1
2134,61.80127647670521,54.24309148626406,1.5033134569744993,6.214269087860372,48.36715984047434,51.09683760014369,Rooftop Garden,Symbol,Ancient Map,Cursed Treasure,0,1,40.9140647574547,45.87291657653742,30.686245742914213,0
2135,62.21598625976929,51.637046674333234,1.1137680328071011,-0.032547570191701,49.17018846231905,51.26141068833616,Crystal Cave,Pattern,Magic Key,Cursed Treasure,0,0,36.44059783968598,42.90664415392687,31.851937140746227,-1
2136,62.105890366283965,52.39452043728652,1.447748291231663,5.87155125544321,46.90786687586338,47.267593021736815,Mystic Bridge,Logic,Magic Key,Cursed Treasure,0,0,38.87984714378175,48.03272916619583,28.84504122241009,-1
2137,60.80973205303052,53.18077404033062,1.5735099829730537,5.083233717322882,50.196682062687564,47.46661845875784,Rooftop Garden,Symbol,Ancient Map,Forbidden Magic,0,0,40.08091475446315,46.82825002163334,29.926025811384665,0
2138,59.29445549866893,52.10934485981422,1.3438788108974142,4.622141492195431,45.65741152808516,52.87609129934035,Crystal Cave,Symbol,Teleport Rune,Forbidden Magic,0,1,36.71331841464808,48.15052121970972,30.290676385418728,-1
2139,62.04478709238774,54.715276450332496,0.9345230174091624,1.1163431652783005,49.36945575009427,50.608018268510655,Crystal Cave,Symbol,Magic Key,Lost Civilization,0,0,39.52249286189931,51.11637157164436,27.30079151250821,-1
2140,61.55669975922492,54.52959489306885,1.021945273604291,-2.3017895225695204,48.743488864233015,49.7063598566556,Crystal Cave,Sequence,Teleport Rune,Cursed Treasure,1,0,34.18508127693064,47.36259826932248,31.03059916389433,-1
2141,61.15388460905885,52.59014736976683,1.0689605372725328,12.83605613360738,46.866244715389946,50.55231665528541,Crystal Cave,Cipher,Teleport Rune,Cursed Treasure,0,1,41.40905943475008,48.87238457556134,28.866392006458177,-1
2142,62.49583934054222,54.91202810439151,0.7156487271957565,7.494006714209653,47.68682186448733,53.77126382503075,Crystal Cave,Mechanical,Teleport Rune,Cursed Treasure,0,0,41.42435033001613,46.22367427082248,29.634930865502216,-1
2143,61.69829611183467,53.12828084595671,1.6189989454610605,9.359809434250971,46.298629857032594,51.80922056763143,Rooftop Garden,Symbol,Magic Key,Ancient Prophecy,0,0,38.167184500418,44.66592429995508,27.672367113458343,-1
2144,60.43532505694333,55.7263527434932,1.3104051261182534,3.901669938877517,46.36259446020182,48.81338700653711,Mystic Bridge,Sequence,Magic Key,Lost Civilization,0,0,37.07495683109644,50.42551467098557,30.33593949714837,-1
2145,59.83435495527032,53.286085862843365,0.9333473617682616,3.488351520901388,45.61355785819083,46.49128034719987,Mystic Bridge,Logic,Ancient Map,Cursed Treasure,0,0,36.63176726017144,43.32735704271558,25.054674040068058,-1
2146,60.64811367736701,53.72203579587584,1.7073480115598565,6.750430697879835,49.15153274510037,51.47013440456946,Rooftop Garden,Logic,Ancient Map,Cursed Treasure,1,0,38.83327585008357,47.43261386567747,26.61230851823449,-1
2147,64.18134138759581,54.55019639116573,1.0569029482910248,-4.887662685110096,49.80844108168174,47.69007997341443,Crystal Cave,Symbol,Magic Key,Forbidden Magic,0,0,37.99210926170399,50.64613257796927,30.92366573047018,-1
2148,62.52234035817613,54.43238277965376,1.339142184284783,-1.2987982779316765,44.75791226750358,47.04405765595308,Mystic Bridge,Symbol,Teleport Rune,Lost Civilization,0,0,35.30135233428155,49.68783142848567,27.722720997898712,-1
2149,61.999392647782834,53.66994453539058,1.0130717579072397,0.2741779271077278,50.75832146919332,53.289372967185166,Mystic Bridge,Symbol,Ancient Map,Ancient Prophecy,0,0,37.16177925019939,46.855289869913406,31.356275874566,-1
2150,61.640318219576734,53.022541732913176,0.6518709727357523,1.978846717647594,47.983128663185305,52.18101436689537,Mystic Bridge,Cipher,Ancient Map,Cursed Treasure,1,1,40.76048129418948,48.7308661147329,26.783074205237657,-1
2151,61.58576705657673,53.68229086325744,0.8447267496283866,-0.1581797712270125,48.43623733468549,50.96421481670125,Crystal Cave,Logic,Magic Key,Forbidden Magic,0,1,39.01175988582754,45.01898888429798,27.63997609738126,-1
2152,63.01151872804613,52.35645661418864,1.1162356749854738,5.8929473487852695,45.7931934631517,46.90400734765688,Rooftop Garden,Symbol,Ancient Map,Lost Civilization,1,0,41.162483131950935,44.4734189245252,30.356946368860264,-1
2153,61.36487153912081,53.32926362368748,1.5170099273169495,4.624754309884384,49.98344520399076,54.473165151917705,Mystic Bridge,Mechanical,Teleport Rune,Ancient Prophecy,0,0,37.82079002056854,47.78799264826941,31.29634942000009,-1
2154,62.44351390617298,52.07231797108408,1.3482332319882866,11.170441337997676,48.30301424614008,52.57217078678963,Rooftop Garden,Cipher,Ancient Map,Ancient Prophecy,0,0,45.07490239455734,46.866727655443626,28.59343958246768,-1
2155,61.5292733279226,51.40524592627945,1.2831017927716877,16.563506781117663,49.71134965075421,49.24053599734401,Mystic Bridge,Cipher,Ancient Map,Cursed Treasure,0,1,43.94624440810138,43.83048827677715,29.811331765079267,-1
2156,63.828947151351656,53.24106284129179,0.6348136639505688,-2.1309537262077347,49.83490760471802,48.71179985459784,Rooftop Garden,Symbol,Ancient Map,Ancient Prophecy,1,0,37.73291990880754,50.9602788206051,27.77198556501228,-1
2157,62.64214961747311,54.457428910604506,1.6156444028554686,4.908403414054281,50.00648022855182,50.196224353272335,Crystal Cave,Cipher,Magic Key,Ancient Prophecy,0,1,39.49863222588155,44.36657061056419,25.77651148483288,-1
2158,63.156469754715566,54.12547702024741,1.2985341694008172,4.88808001366556,47.032334528874365,48.803953333653375,Crystal Cave,Cipher,Magic Key,Ancient Prophecy,1,0,38.44260654745092,47.40270857985856,29.69251426831589,-1
2159,61.33753612610808,53.1222878415096,1.192431936849625,4.078026979020404,47.69343839509212,55.52963489196277,Crystal Cave,Symbol,Teleport Rune,Cursed Treasure,0,0,38.81267315168757,47.11610415808459,31.334256013868693,-1
2160,62.99109599581004,54.955723977764485,1.5648266041157597,-1.2865453769126205,47.08849261310329,49.03617906323784,Rooftop Garden,Symbol,Teleport Rune,Lost Civilization,0,0,38.59484405186607,44.39278597656687,29.70557514659765,-1
2161,61.6313773532182,52.64421339874799,1.5962067570212826,-0.4598561372944107,49.349393328704245,47.33029282114944,Crystal Cave,Cipher,Teleport Rune,Ancient Prophecy,0,0,38.24608573983679,49.36908684844579,30.21800837494506,-1
2162,62.064965302270544,51.29998898931316,1.5652086972990509,5.316706244519108,48.50682396555764,53.9710396458327,Crystal Cave,Pattern,Magic Key,Cursed Treasure,1,0,38.47262327033716,44.130404288619935,31.289781809313805,0
2163,63.600934544656575,51.04027355377453,1.1415955491090075,-0.6235315884660286,49.61198746762578,48.57734541678224,Mystic Bridge,Symbol,Teleport Rune,Forbidden Magic,1,0,35.026102574998795,45.8474993589137,32.85947071212831,-1
2164,60.934048800765446,52.04574342340593,0.9115845739214876,4.888112749253326,49.678196974362685,51.966075270291824,Rooftop Garden,Pattern,Magic Key,Cursed Treasure,0,0,38.51043979759491,47.023736386603495,29.42382650714006,-1
2165,62.19098905209975,54.04812492624357,1.5062268062443749,2.8505316113701413,45.41905666377322,51.688469015215176,Rooftop Garden,Symbol,Ancient Map,Ancient Prophecy,0,0,39.5833399265321,44.00898286482815,29.163182852163928,-1
2166,62.43664441456841,52.60126960521642,0.7969725070794396,4.777091248841682,50.036996742062,49.85359487363736,Mystic Bridge,Symbol,Teleport Rune,Forbidden Magic,0,0,36.93800734268316,44.68401150079978,27.425229902006134,-1
2167,62.52952163647769,53.70160930671331,1.7876214645584096,-0.7091858482069089,49.43806712723983,47.56750808869326,Crystal Cave,Maze,Ancient Map,Forbidden Magic,0,1,37.1232920714338,50.60479559465751,29.73052661241381,-1
2168,61.56959101916628,54.89151867880653,1.208816776692242,4.833171076106639,47.45891099040406,49.879542682554025,Mystic Bridge,Cipher,Magic Key,Ancient Prophecy,0,0,41.07463758481255,47.78418198835339,28.611537767852397,-1
2169,64.11747791938619,52.14972920090805,0.8791411460120049,-0.3704360845856564,48.53844855097452,47.075347234169456,Crystal Cave,Mechanical,Ancient Map,Ancient Prophecy,0,0,35.95240581011593,40.81838518126076,27.86894238077556,-1
2170,60.74710018226845,53.73292298512203,0.8248525767040923,4.826300470505913,47.82930457164189,49.94070559365774,Rooftop Garden,Mechanical,Magic Key,Lost Civilization,0,0,37.32868155093592,46.57506370378735,23.349868059864804,-1
2171,63.5117155411589,53.79798962105724,0.8081557968536746,10.70829227807794,48.939980396324046,51.93195366614915,Crystal Cave,Symbol,Magic Key,Forbidden Magic,0,0,44.293795303995424,47.380785031924425,26.24904609336167,-1
2172,63.27867357229686,52.40289804387493,1.2305877673568386,5.304713817046297,47.45992865715053,54.29445016548,Mystic Bridge,Math,Magic Key,Ancient Prophecy,0,1,39.87404899671954,46.612755658218376,30.970037921524256,-1
2173,63.97525419332286,54.62246261402483,1.1836205690056814,5.597623060584144,48.73657881846182,47.28037721013928,Crystal Cave,Math,Ancient Map,Lost Civilization,0,1,39.01241577768848,43.985284121245925,28.58663253236039,-1
2174,60.49687525863584,52.98516644573929,0.811838868321315,8.06277401668479,48.12034899832504,49.37385349001018,Mystic Bridge,Maze,Teleport Rune,Cursed Treasure,0,0,38.70289417396612,46.65506906918009,22.395878508919896,-1
2175,61.22698723366653,52.893748472532295,1.072774091662382,-3.052586295599681,47.372341603563854,48.6879722894368,Crystal Cave,Math,Ancient Map,Cursed Treasure,1,1,37.47225071607658,44.83478810182025,31.17961786324054,-1
2176,63.598457449699495,55.39374874721575,0.766443736171916,12.548271028218691,48.30711655244716,50.68434844376872,Rooftop Garden,Symbol,Teleport Rune,Cursed Treasure,0,1,41.51654470791778,48.87911651956538,25.436315065583408,-1
2177,60.24015010404344,53.80954245323952,1.3507467994421478,-1.3358353171178647,52.08293455566303,46.19547905922295,Rooftop Garden,Logic,Magic Key,Forbidden Magic,0,1,36.938503697168855,49.09593863767124,30.50391988478573,-1
2178,60.521384319514176,54.21671253286082,1.154728727902922,8.32886489087818,46.996281519566885,47.67834330718758,Rooftop Garden,Maze,Ancient Map,Forbidden Magic,1,0,39.28147037632345,48.15094333603554,30.241563914932243,0
2179,61.65016838426599,54.65096726071042,1.0547551125317025,7.653548888409408,47.65106557857894,45.76995860482841,Crystal Cave,Math,Magic Key,Forbidden Magic,1,1,39.920322517779695,50.59383671083586,26.56040634015175,-1
2180,62.34108179356928,52.65025873291509,0.7790306693593683,-0.6033999990314545,47.02524507248872,46.40423864833724,Mystic Bridge,Maze,Magic Key,Lost Civilization,0,0,38.5467120984484,50.64137039606388,22.688824077309096,-1
2181,63.75190369132504,54.55521827322629,1.0726242598249742,8.940289175236192,47.18405997768628,48.34890551521978,Rooftop Garden,Pattern,Ancient Map,Ancient Prophecy,0,0,40.3435728014193,45.35825774820144,28.317658088071823,-1
2182,61.98498198965754,52.80817352900452,1.0354788132943449,6.373342851209431,49.25405511919988,54.17720653206472,Mystic Bridge,Pattern,Ancient Map,Lost Civilization,0,0,37.21397054341278,46.05257179385894,30.36262712227068,-1
2183,61.57255661325058,52.770120729922006,1.2524607699253345,13.322586632019863,49.105764431619,50.86900119233158,Rooftop Garden,Cipher,Magic Key,Cursed Treasure,0,1,41.88910116845052,48.24636088430773,28.624504099200557,-1
2184,62.502712021399226,53.04742661301472,1.2045132355828134,4.82799543901033,48.02473073018116,50.16248968399952,Rooftop Garden,Math,Magic Key,Cursed Treasure,1,0,38.6852176189891,46.48455254678759,28.584730680838344,-1
2185,62.6714232511028,52.70205019059952,1.389310611631985,3.3067871967298323,49.574594165339285,53.36721501007121,Rooftop Garden,Maze,Ancient Map,Ancient Prophecy,1,0,37.69866765785387,41.36078187548597,27.984947046114765,-1
2186,62.65354953207336,54.15096585591567,1.0036241675284558,1.2640873048581378,49.22697556080633,50.95899470295855,Rooftop Garden,Symbol,Teleport Rune,Cursed Treasure,0,0,39.02412648931755,47.36597779009922,26.637057287465424,-1
2187,62.04478459852133,53.60072041692223,0.5881981935135216,-4.890486385799655,47.79500866435807,51.19394027849252,Mystic Bridge,Symbol,Magic Key,Lost Civilization,0,1,38.31441900576029,49.54779999964109,25.606942506439346,-1
2188,60.2781238403006,52.84699160977443,1.4409941369389498,2.223536128451073,45.73945011935299,48.817438837050496,Mystic Bridge,Symbol,Teleport Rune,Cursed Treasure,1,1,36.524778376678114,43.35130126606007,29.930926065558424,-1
2189,61.32601106095327,54.01743322752646,0.8602214170564498,2.423559935259213,49.28669696180549,48.406679110977294,Crystal Cave,Logic,Teleport Rune,Forbidden Magic,1,1,37.53957369426595,48.11055167818311,28.27978363512148,-1
2190,63.674293076398726,53.07246381758012,0.8063413691789724,5.1017147651455375,48.29833249405574,46.72218262567145,Mystic Bridge,Sequence,Ancient Map,Ancient Prophecy,1,1,37.37155583713015,42.99566823858664,29.41463032194088,-1
2191,62.451463612765146,53.02429981903945,1.1228874014790635,-3.3357257464196817,48.079021730516445,48.49727608489652,Crystal Cave,Math,Ancient Map,Lost Civilization,0,0,36.024771226909444,48.47287350322952,31.838282421370348,-1
2192,61.952222879499,53.40578386579334,1.223930112192172,2.5730887359029686,47.34850330128191,49.298691464752366,Mystic Bridge,Mechanical,Magic Key,Forbidden Magic,0,1,38.38584124217199,47.33687792868588,30.343116439705604,-1
2193,63.40324140875314,53.82529596828208,0.9714454896149048,6.637760782393482,49.16647533866413,50.8617973687923,Mystic Bridge,Cipher,Magic Key,Ancient Prophecy,0,0,39.99238488259446,46.3748346884249,25.28909274396365,-1
2194,61.16526152575613,53.75642471711937,0.9665570648246652,7.122400295191613,48.57421062740058,49.90810396238824,Rooftop Garden,Logic,Magic Key,Cursed Treasure,0,0,38.11156533830295,46.50844036499436,27.58577750146336,-1
2195,62.08031265637077,53.00807514716214,1.0083465807702692,-5.56588178410175,47.69822623037973,49.08732633533078,Crystal Cave,Logic,Ancient Map,Ancient Prophecy,0,0,37.03010639885907,43.64716170665468,29.636490740814093,-1
2196,62.453679059893126,54.22318858819859,1.5481274799156002,7.253563420535109,46.21732619288958,47.72080812025813,Rooftop Garden,Maze,Teleport Rune,Cursed Treasure,0,0,39.76429181925298,49.21496138271824,29.06208312472594,-1
2197,61.884780147425,53.158442053798645,1.119894280123669,2.476991212601681,49.6594790195054,50.997817019888025,Mystic Bridge,Cipher,Ancient Map,Forbidden Magic,0,1,43.051571688998806,45.54410365804578,26.070634891868192,-1
2198,62.43713449990145,52.730616296246765,0.8278627599355319,2.773130930349685,48.96705814801376,48.7555847824154,Mystic Bridge,Pattern,Ancient Map,Forbidden Magic,0,0,38.70965850875798,47.70544057503104,26.69102227148734,-1
2199,62.158868701279246,51.92234945498609,0.8284922228223883,-8.13607283466389,48.4449571624875,50.884491269979975,Rooftop Garden,Pattern,Teleport Rune,Ancient Prophecy,0,1,29.36149366498749,44.11081530323446,22.99154403833812,-1
2200,60.95738736940631,54.37832562561351,1.038159444765803,11.142672699772676,44.078881830222166,45.21681972601616,Crystal Cave,Maze,Magic Key,Ancient Prophecy,1,0,37.693171014105296,51.2774098369559,25.637087445419,-1
2201,62.54835281195031,53.4123189666546,1.182401534873154,4.547118378467654,48.0094289161924,50.84105290742474,Mystic Bridge,Maze,Ancient Map,Lost Civilization,0,0,39.95738575924989,50.10983853655864,27.36447804859689,-1
2202,61.04864427965302,53.61558868280396,1.2538797819542569,-4.005876900240551,47.706729651164814,51.867267256990594,Mystic Bridge,Sequence,Teleport Rune,Forbidden Magic,0,1,34.14080389783739,51.21974723915503,28.1475921113434,-1
2203,62.55270886563126,54.45531234479402,1.1435971500337585,5.515728616934148,47.14309396501199,51.54882714840937,Rooftop Garden,Symbol,Teleport Rune,Ancient Prophecy,1,1,38.02388336879991,51.92839589347484,30.508885925462632,-1
2204,63.77130366261756,52.93690195622728,0.8514737888094334,5.350402706075018,49.20453003379989,49.50819893662327,Mystic Bridge,Pattern,Teleport Rune,Cursed Treasure,1,1,37.38944332148758,45.62769565663348,25.345357459458352,-1
2205,62.12619506821154,52.04471333495229,0.9745621507118368,9.729015294003492,49.14784408242786,52.288295788560944,Mystic Bridge,Sequence,Magic Key,Cursed Treasure,0,0,39.240956687827314,44.49260561322227,27.035738981624707,-1
2206,61.24576179238074,53.493703301034856,1.3196483032453397,2.056128996903753,48.733205268049566,46.81760279261038,Mystic Bridge,Cipher,Ancient Map,Ancient Prophecy,0,1,37.752151286248136,51.24450240552567,27.361670991974258,-1
2207,62.30025989684628,53.736699768986256,0.7534025292977405,3.6528258071110216,49.63725592463335,49.77698483698367,Crystal Cave,Mechanical,Ancient Map,Lost Civilization,1,0,39.24767510901691,47.26099907914976,29.9749102385902,-1
2208,61.60525542173483,53.1707103544063,0.955281186635754,0.3670734038572325,46.54946029334464,49.51651049709825,Mystic Bridge,Logic,Magic Key,Ancient Prophecy,0,0,35.03348397120252,48.19582518231317,29.358329333225356,-1
2209,63.04169028573331,54.91212377073935,1.2720461838591373,6.559116759745264,47.4049525946852,52.59099922260272,Mystic Bridge,Mechanical,Ancient Map,Lost Civilization,1,1,41.403561425996536,46.678114593909214,29.51081156453429,-1
2210,62.3091231240953,50.957051948315765,1.3532150363540945,-0.3598223732064571,48.20018474471076,44.94876707368863,Mystic Bridge,Sequence,Teleport Rune,Forbidden Magic,1,0,34.894788982885395,44.10150712940458,30.129531723048142,-1
2211,64.17678144896695,54.56811301141017,1.030602562643394,-0.9190732256375176,47.157592996234136,47.35467570518175,Rooftop Garden,Maze,Ancient Map,Lost Civilization,0,0,39.10625911967141,49.2891143708373,25.30053029770321,-1
2212,63.63988975801152,54.24405339824941,0.9629851026263638,3.195136093230606,49.18398648751204,54.368127021576285,Mystic Bridge,Math,Ancient Map,Ancient Prophecy,0,1,39.81656823204949,43.86788710874783,28.842311627884825,0
2213,62.33367716465237,53.91451939964462,0.6876052625606165,-2.6069562356776865,47.312604916347134,43.92358469038759,Crystal Cave,Symbol,Ancient Map,Lost Civilization,0,1,34.74940305801915,48.76903451209881,24.16290268137896,-1
2214,63.21219968833596,50.12670142898124,1.239849768188956,11.52125198717532,50.04617158076625,52.03605992921875,Mystic Bridge,Sequence,Teleport Rune,Cursed Treasure,0,0,39.27706435698626,46.14687291600482,30.064872771511503,-1
2215,62.11316250976283,54.751351583417566,1.4757326089395582,13.13515726034322,46.70462465652878,48.24918209243214,Mystic Bridge,Math,Magic Key,Forbidden Magic,1,0,41.97302556517043,46.606562208998206,28.568545761824264,0
2216,62.55013935313499,52.445893959123296,1.847609715762656,1.2190953937957936,51.30212316480021,50.63675650911525,Crystal Cave,Cipher,Magic Key,Cursed Treasure,0,0,36.776047192814346,47.02091689645924,31.853166679490588,-1
2217,62.16450697453703,52.96950679160738,1.1919861465444634,-3.457712521885545,51.15091434780505,53.53445600964839,Mystic Bridge,Cipher,Ancient Map,Ancient Prophecy,0,1,35.880391737536755,47.67054668826516,30.40000647820033,-1
2218,63.30213089116529,53.31148221873745,1.0588013022128084,5.146433904747148,47.96769585664685,50.73301717769708,Rooftop Garden,Symbol,Teleport Rune,Ancient Prophecy,1,0,40.899880341952894,47.38563202883943,29.573576938811943,-1
2219,63.9783719298478,53.89437442768765,0.7961591459084443,1.0411668476953695,49.83197509679364,53.58633344190255,Crystal Cave,Symbol,Magic Key,Lost Civilization,0,0,39.65764753467924,49.07274323468892,31.651537968230684,-1
2220,63.3537154476773,54.13127132335482,0.5065067254514476,9.313285374083964,47.5150077004863,48.769127048033,Mystic Bridge,Sequence,Teleport Rune,Ancient Prophecy,1,0,38.97432585064242,45.764926485231946,26.88550062733872,0
2221,63.48666219902385,54.38957608485455,1.1213374920479389,-0.5076584270585358,49.63854637928486,49.09955936039273,Rooftop Garden,Pattern,Teleport Rune,Ancient Prophecy,1,0,37.83254141070309,53.39586379744358,33.86060276804329,-1
2222,63.49739206675919,54.31748663384197,1.7714619274222287,6.138830085775026,47.8576523878653,51.96710562211931,Mystic Bridge,Math,Ancient Map,Ancient Prophecy,0,1,38.070653862002345,47.182583025264414,31.416523977668668,-1
2223,63.13522216305408,53.75946324764988,1.445738998692034,3.974415946187605,46.19649964469917,48.90142384929417,Crystal Cave,Symbol,Magic Key,Lost Civilization,1,0,40.8133359816014,46.60953577776474,32.44898047695537,-1
2224,61.45426217724528,53.927366931183705,1.3976245191850896,0.0113190929812763,42.82850811382505,51.493365952595006,Rooftop Garden,Math,Magic Key,Forbidden Magic,0,0,39.94898676280496,50.2042370123662,27.87592030897478,-1
2225,64.30407634152978,52.42560407656133,1.1345208671203173,4.581049075226948,47.7277773650578,52.95951054144421,Crystal Cave,Maze,Magic Key,Ancient Prophecy,0,0,38.26656989709917,42.585384066091045,28.88155131453337,-1
2226,64.41704643002515,52.77024977992337,1.166906731779258,7.761630670445474,48.55258961171823,52.17084223571848,Mystic Bridge,Symbol,Teleport Rune,Forbidden Magic,0,0,40.91638285121601,50.51820526380125,28.607465742226022,-1
2227,62.3882609826705,54.4216608613919,0.3301604298677528,3.791373095931029,50.13265491704477,46.05272108638354,Mystic Bridge,Math,Magic Key,Lost Civilization,0,1,40.40529054104383,48.308613802504965,26.98517109339761,-1
2228,62.26092176101128,54.3683394145321,1.2842978215971603,3.8317111448491903,48.19533830865958,49.146548057376194,Rooftop Garden,Cipher,Teleport Rune,Ancient Prophecy,0,0,38.55448841671812,46.63655233939685,30.09801743856476,-1
2229,63.25348443337128,54.25986385592307,0.8800277778377418,-1.0304772867950374,49.648022435763394,50.70458121013706,Rooftop Garden,Symbol,Ancient Map,Forbidden Magic,0,1,38.76595804874511,45.67220450658031,25.50921674152743,-1
2230,63.20131264050771,53.02658739354486,0.8416224229270193,9.04261060865996,47.46603731389568,49.39026615092652,Mystic Bridge,Logic,Teleport Rune,Ancient Prophecy,0,1,40.7367834299245,44.073615194796574,28.499616456310896,-1
2231,62.45795458899188,54.45644118935545,0.9534996921229784,8.532461028658883,47.64435944553688,50.19841503347883,Crystal Cave,Cipher,Magic Key,Forbidden Magic,0,0,37.92090364621858,46.96473359073482,24.668190865933347,-1
2232,61.41924958930135,52.38965467605109,0.9417371499053868,1.245068484187439,49.73469548838261,50.73767686067315,Mystic Bridge,Symbol,Teleport Rune,Forbidden Magic,0,0,37.46292033319279,47.17566392498351,30.036639051159185,-1
2233,62.984324664936494,54.63321416082608,0.8319351986043437,2.664553209498954,44.46003003688279,48.68357969820608,Mystic Bridge,Pattern,Teleport Rune,Lost Civilization,0,0,40.84452804027769,48.38024899890124,26.75566267509268,-1
2234,63.23938179150432,53.299943905847925,1.049800629776966,10.345224758028651,48.17995297527937,49.51640279886034,Mystic Bridge,Logic,Ancient Map,Cursed Treasure,1,0,41.675780641926345,47.47798369430285,31.13167405826385,-1
2235,63.42306163830572,55.24995058562888,0.8765947039197027,-2.405611995867865,47.56400627788054,47.04741317998286,Crystal Cave,Math,Ancient Map,Ancient Prophecy,0,1,40.579501951801454,47.1673510577449,25.564176978777493,-1
2236,63.05580186556925,52.04930865783018,1.0726397756830943,6.271799626853403,50.20837171485381,48.805395532731694,Crystal Cave,Symbol,Ancient Map,Ancient Prophecy,0,1,36.17201328935471,49.155215357276816,27.420539764041266,-1
2237,62.44463582228806,55.33913044716504,0.5948804695932255,0.4453992297681739,47.378627537671335,46.18330349308546,Mystic Bridge,Mechanical,Ancient Map,Lost Civilization,1,0,38.3584961615837,53.56072303552462,28.28335274707105,-1
2238,63.71896807081881,53.219242786489744,0.9753335124302568,12.116962788005228,48.94945190571298,50.29124173923173,Rooftop Garden,Symbol,Magic Key,Cursed Treasure,0,0,40.5704537085265,50.032610303762205,26.226381488004503,-1
2239,62.8000026817742,53.20621361939836,0.7092053853822888,3.531907258648544,49.56046270598915,49.51694448910362,Crystal Cave,Sequence,Magic Key,Lost Civilization,0,0,36.98831146440754,46.43785989271721,25.27058627862082,-1
2240,62.27839232424378,53.78552248177925,0.8442287572712596,9.504661338149315,45.94294132091085,47.710511969878425,Mystic Bridge,Pattern,Magic Key,Forbidden Magic,1,0,42.88727101313452,47.84261146826367,26.76562150834568,-1
2241,62.571796022005366,52.898600547261765,1.0782790494904988,-0.6157779228680647,47.97646309870024,54.46314952207212,Mystic Bridge,Symbol,Ancient Map,Forbidden Magic,0,1,36.84833428096404,47.75666267432011,28.207964661396133,-1
2242,61.01558725786641,53.528351248154976,0.5526823890054531,-3.0636995615172444,47.541782276586254,49.3864712923829,Mystic Bridge,Maze,Magic Key,Cursed Treasure,0,0,34.98715196359807,50.18555514720505,26.292331365382072,-1
2243,62.58839408337463,52.8680597479303,0.7858082485543607,1.9957265722678543,49.6124302101975,50.71638236019905,Rooftop Garden,Symbol,Teleport Rune,Ancient Prophecy,0,0,38.8389061919429,46.25376633097804,29.024901501413183,-1
2244,63.46812468590412,52.90963320252023,1.2018951537965086,4.4685161525124455,49.20940148639946,48.403417087886346,Crystal Cave,Logic,Magic Key,Ancient Prophecy,0,1,35.1163927512036,44.94878867030428,30.49890197433634,-1
2245,63.12849599852263,54.102598342840345,0.6059545260417398,0.5895104723771785,47.850798964989885,48.96412994815675,Mystic Bridge,Logic,Teleport Rune,Lost Civilization,1,0,40.76368262059407,49.709681215988006,26.193471866055106,-1
2246,64.31837442248042,52.7191674771889,1.5619967984114282,6.922771067539689,46.633348045025365,50.81103367712134,Crystal Cave,Cipher,Teleport Rune,Ancient Prophecy,1,1,44.47671660197842,47.04284103300849,29.66096778920563,-1
2247,62.543704982517376,52.857564220504514,1.3887146306671396,2.0695262036992816,49.76557302625355,49.16937237548278,Mystic Bridge,Sequence,Magic Key,Forbidden Magic,1,0,39.97730774066467,44.73588693313039,30.30367449787619,-1
2248,63.30293499196719,52.25799757398136,0.8778165865448336,-7.299836587749914,48.110801354559655,50.00825839222067,Mystic Bridge,Mechanical,Teleport Rune,Lost Civilization,0,1,36.61578949999814,47.61390589072874,27.6372157397545,-1
2249,63.61727613464998,53.13189337930227,0.7888212233996519,5.859459385996857,45.788677807837686,52.01706153838366,Crystal Cave,Math,Ancient Map,Lost Civilization,1,1,39.49505264230611,50.02657184960263,23.274725989507157,0
2250,65.1762792050886,54.95246617394202,1.0844025361093947,-1.329240427258445,45.9216687177282,48.70493455120287,Rooftop Garden,Symbol,Teleport Rune,Ancient Prophecy,0,1,36.55657075731126,46.263540988242106,28.811224423462168,-1
2251,62.987045947655055,52.79997542057159,0.5884454070732754,1.2634984669244127,48.88072056674828,46.66959704190528,Rooftop Garden,Symbol,Magic Key,Ancient Prophecy,0,0,40.55940474013589,44.9541237383616,28.89220866964452,-1
2252,61.80692347121765,52.91932552551193,0.4209319341431825,10.825177047112732,46.3146266055395,46.18433927580397,Crystal Cave,Maze,Ancient Map,Forbidden Magic,1,0,42.16439044340215,46.366580692360735,26.11589948268105,-1
2253,63.70784144359521,53.8499352628225,0.8826920932230551,11.911610470312429,51.02190689705195,53.59609759096716,Crystal Cave,Sequence,Ancient Map,Lost Civilization,1,0,42.69842051708562,49.259935052465295,30.162728293085436,-1
2254,64.7344138460646,53.29027618583242,0.9792231523164024,0.158110679626438,46.83096420162899,52.327866751438926,Mystic Bridge,Symbol,Magic Key,Forbidden Magic,0,0,39.555339290423376,46.519559506879965,25.351172409181373,-1
2255,62.55488325278653,55.8942911159368,1.0467384343803663,5.912532217643744,48.24019664120706,51.63949916796935,Mystic Bridge,Symbol,Magic Key,Forbidden Magic,1,0,39.90787444469565,51.04289366099299,25.476536208126625,-1
2256,63.72723056123992,53.50867752252839,0.8329879584672739,0.2502430447015022,48.483607828442246,48.90986798531997,Crystal Cave,Symbol,Magic Key,Ancient Prophecy,0,1,37.25953781057574,47.674210413007344,29.23554130339918,-1
2257,64.1235656381092,54.01149736168307,1.3986214866786657,1.565262276521178,47.15510938786045,46.667299972530415,Crystal Cave,Logic,Teleport Rune,Forbidden Magic,0,1,43.94605572168549,49.26237737120816,29.22917751958278,-1
2258,63.920563101928174,54.62512603413407,0.5669503984527169,-0.0412429684691368,44.8937054539317,49.29424596625963,Crystal Cave,Logic,Teleport Rune,Forbidden Magic,1,1,37.768717889571526,45.77467988888762,25.05371908703272,-1
2259,63.037687384827095,54.61101803662237,0.6730960410589306,-5.646082081191253,48.544092452233016,49.766614071784886,Rooftop Garden,Mechanical,Ancient Map,Lost Civilization,0,1,35.275379419582,45.48108791393865,27.39341362944707,-1
2260,62.222257652623526,53.92481534322846,1.1596754635162976,3.4389099529410068,47.132227346296204,47.1711208331318,Rooftop Garden,Symbol,Ancient Map,Forbidden Magic,0,0,40.60624020154672,46.49374882513202,28.71892105900776,0
2261,62.84802557044775,53.53549251729788,0.6643281163071055,4.39245360016136,48.44126613419732,46.32585921737845,Rooftop Garden,Pattern,Teleport Rune,Cursed Treasure,0,1,38.96813987746836,44.470204647891336,28.17102700137056,-1
2262,63.39645035444378,55.72574541597511,0.6518915609109996,-0.4153938933198731,48.08736662682004,45.67421848399017,Crystal Cave,Mechanical,Ancient Map,Forbidden Magic,1,0,37.875263014164624,49.444144065416815,26.460393013894677,-1
2263,63.8545881968671,53.60705809507417,1.048187255522475,8.366556913851694,48.67023825552453,51.64348296885961,Crystal Cave,Symbol,Magic Key,Forbidden Magic,0,0,43.65185873643537,43.22558050721966,24.717681199507627,-1
2264,63.28879739899878,53.27023435379822,0.6943449556667429,0.7351761692305603,50.62257812257609,46.986604211992464,Mystic Bridge,Pattern,Teleport Rune,Ancient Prophecy,1,0,39.55106178126918,46.508225242868704,29.46547991245277,-1
2265,62.583401884896695,53.071186136665325,0.9697251842092464,-0.2825075779452688,47.46500327407011,50.773525801789845,Rooftop Garden,Symbol,Magic Key,Lost Civilization,0,0,38.92412595110302,46.07091606958891,28.766495626698752,-1
2266,63.52711774672387,51.995347149712046,0.798970205162427,5.524036841135857,47.58554886942226,49.00550036648188,Rooftop Garden,Symbol,Magic Key,Ancient Prophecy,1,0,36.93806071198964,43.82057981745115,24.39936613109931,-1
2267,63.84022205292811,54.54888587465844,0.7497326533140801,-4.833923563412442,45.794691072956894,51.47409477194034,Rooftop Garden,Pattern,Teleport Rune,Forbidden Magic,0,0,37.65503651995122,46.73045094915808,23.56418266316413,-1
2268,63.36811650875017,51.38432601966601,0.3768727085332367,7.400842131442658,48.00521530649618,50.83956127992254,Rooftop Garden,Pattern,Teleport Rune,Forbidden Magic,0,0,38.22990667349315,45.57861443646674,27.276081033919763,-1
2269,62.1606592948424,53.73180037633456,1.0487938417005576,0.8445572420801808,48.91743336391051,49.42015645527179,Crystal Cave,Sequence,Teleport Rune,Lost Civilization,0,0,36.63977473603965,49.93421252377476,30.892039292612917,-1
2270,62.82375073925,53.5377958713358,0.6321565128132565,7.789784955819297,47.58205606154233,50.32613356302304,Mystic Bridge,Maze,Ancient Map,Lost Civilization,0,0,40.38246846942143,44.91139643216694,20.99237281970372,-1
2271,63.96125824044661,55.98775945585338,0.9552575434303188,9.271954255500631,48.93664688707234,49.724159729058215,Mystic Bridge,Symbol,Teleport Rune,Forbidden Magic,0,1,41.08592161676698,49.69343557886002,29.171039737016407,-1
2272,61.63867058906916,51.92128524430625,0.8515435416533508,6.020011417398491,48.050473776442445,48.46163212341733,Mystic Bridge,Cipher,Teleport Rune,Lost Civilization,0,1,40.09764239071858,47.06651198401721,26.99011835396142,-1
2273,60.93673147144038,52.856979828536936,0.9426955444202856,-1.2526841329690763,46.368105213931976,52.45020696364466,Crystal Cave,Sequence,Magic Key,Ancient Prophecy,0,1,37.727632946656726,46.23116982042166,27.10316324880602,-1
2274,64.54618352105238,53.62713771414909,0.9592464748795064,-3.45904251183121,48.79428266958612,48.942315616895,Rooftop Garden,Sequence,Teleport Rune,Cursed Treasure,0,1,39.38126503764731,46.30176954143281,28.496682831825225,-1
2275,63.55767710318197,53.570860289167896,1.061766889967655,-4.387318022244523,48.02238974719766,49.7828746343713,Crystal Cave,Symbol,Ancient Map,Cursed Treasure,0,1,34.1300089689555,44.82609642272907,26.7339769795942,-1
2276,63.66112294751898,53.22400486780344,0.7849081811793668,8.285523679772439,48.52013986366467,46.46218725085623,Rooftop Garden,Symbol,Ancient Map,Lost Civilization,1,0,45.40764739651687,50.75796229756335,28.705043193554527,0
2277,61.9856769075069,53.69772574101548,1.3756307268342385,2.0848901091703738,47.490475695851096,50.68511150961204,Crystal Cave,Cipher,Magic Key,Lost Civilization,1,1,37.7677154397035,47.23178416317797,27.871461877849875,-1
2278,63.80809264003889,52.52431945482198,0.4482158542696268,-0.2493021624216429,47.36272623562268,48.47354600713635,Mystic Bridge,Cipher,Teleport Rune,Cursed Treasure,1,1,40.63593164263126,45.6084568857247,26.968252149823314,-1
2279,63.35385363918809,54.14624791905735,0.9341009264403142,2.0743078528469683,48.58690774580111,48.80787835210524,Mystic Bridge,Pattern,Teleport Rune,Cursed Treasure,0,1,33.60597884380175,51.86285527558636,29.96791588637205,-1
2280,61.50228734903274,51.47274685906352,1.2526182647318818,8.125732134967068,48.00988509966596,47.9010978477889,Mystic Bridge,Cipher,Ancient Map,Ancient Prophecy,1,0,38.80843445038236,46.077472993269474,27.271097641334727,-1
2281,64.51887783753567,53.77364429264656,1.144479786586564,6.604228195100049,50.94722759699216,49.69000888027913,Mystic Bridge,Cipher,Teleport Rune,Ancient Prophecy,0,0,37.77123096570953,52.917992049017926,28.356094220624,-1
2282,63.261226685586685,53.20424266952782,0.7087247527886106,4.890958942515999,49.56396297198156,44.98381846240751,Rooftop Garden,Math,Ancient Map,Forbidden Magic,0,0,37.70129295418877,44.32312477193637,27.84419156931804,-1
2283,62.71437769842823,54.8260772712661,0.7584575546008412,5.875753083455395,49.1884622005622,51.70589253228315,Crystal Cave,Maze,Magic Key,Forbidden Magic,0,0,39.49246404726119,47.741668796536416,30.635374531436803,-1
2284,62.7403595067057,55.570294594861885,0.6986775970286843,3.575074961967553,48.10985474536345,49.90333806330193,Rooftop Garden,Logic,Teleport Rune,Ancient Prophecy,0,1,38.04723931557197,45.78113867166988,25.664219712493097,-1
2285,61.11098414319958,53.48912976373386,1.180296214210976,4.17266463406447,45.34219234069428,48.83178599699448,Crystal Cave,Cipher,Magic Key,Cursed Treasure,1,1,40.54642389040126,46.26658274247722,26.58588809767725,-1
2286,63.72736857437979,55.21611046393836,0.7783917751586079,3.755107460516186,47.17501801761079,46.1294233355227,Mystic Bridge,Mechanical,Magic Key,Ancient Prophecy,1,1,42.90093737672943,47.83246508060368,27.343220393848863,-1
2287,63.40368416100869,53.51447503204189,1.0767752064137408,2.6375528470264653,47.4206843553138,51.08266671619992,Mystic Bridge,Logic,Teleport Rune,Lost Civilization,0,1,36.899807925249085,46.02820555265547,29.33100384843761,-1
2288,62.95551077637069,52.869675724472025,1.0794265154537108,6.392602097100836,47.98439320851851,48.41418109926231,Mystic Bridge,Mechanical,Teleport Rune,Lost Civilization,1,0,38.71555676421694,46.71342886247926,29.36383732813211,-1
2289,64.43580897035713,55.58692095324498,1.7105803737587255,4.420012663262322,48.35210681972471,53.26521717562078,Crystal Cave,Math,Ancient Map,Forbidden Magic,0,1,37.9253127047288,47.7626717853827,31.08296214225323,-1
2290,61.78116642101384,54.36701295924233,1.0939923882839229,-1.8021076982574225,49.39156572286978,51.21579740582445,Mystic Bridge,Pattern,Teleport Rune,Forbidden Magic,0,1,38.83986790196599,47.71447554308672,28.460714465149483,-1
2291,62.57592338759835,53.85589833200447,0.756656920549516,5.233700599780633,48.82250964433814,53.83663922171781,Rooftop Garden,Pattern,Ancient Map,Lost Civilization,0,0,39.4337514219407,45.952046311621245,28.101528117672224,-1
2292,62.330326704272096,54.54386466224901,0.5619665995223142,3.813421128005269,50.15696483697644,50.34242510197143,Rooftop Garden,Cipher,Ancient Map,Cursed Treasure,0,1,38.60688470088953,51.09774118047255,20.925208963449588,-1
2293,62.909147670005154,54.1361336643232,0.9172958547977146,5.622106192861848,47.9557064515712,52.69455690290539,Rooftop Garden,Logic,Teleport Rune,Lost Civilization,0,0,40.05705328131632,45.268936038468695,31.385544307112625,-1
2294,63.26298888633349,53.79793470898423,0.964394343112298,2.031853279816315,48.81473370072412,51.15692761324554,Crystal Cave,Sequence,Magic Key,Ancient Prophecy,0,0,37.94500753364636,47.84622852849148,27.89333238802929,-1
2295,63.63307704193096,52.545958804429205,0.3370070959875247,6.599434382957552,48.95021590420606,48.87254646949051,Rooftop Garden,Sequence,Ancient Map,Lost Civilization,0,0,38.44673648837279,44.1869240182033,26.18773183177714,-1
2296,62.86360309330165,53.60710041784055,0.786185990684706,2.221531011850532,48.80852956691631,50.468025046210336,Mystic Bridge,Math,Teleport Rune,Forbidden Magic,1,1,38.48673066711774,45.616786107748055,31.747768368562745,-1
2297,62.3407021365952,54.50614009153819,1.0897017052666942,6.135809156283246,50.368296283635765,47.91503433385266,Crystal Cave,Pattern,Ancient Map,Forbidden Magic,0,1,38.711147298767216,46.77142801289109,28.060333174265285,-1
2298,64.91151437004544,53.76536472663008,0.8409713553200783,0.2218861248835368,49.65667325385064,55.17194858243593,Mystic Bridge,Logic,Ancient Map,Ancient Prophecy,0,1,39.707522614041686,47.30352921756351,32.856457451426,-1
2299,65.64456531020925,54.795717350175536,1.2914757060707551,0.55580245897626,46.477487777707495,49.74783722573647,Crystal Cave,Maze,Ancient Map,Ancient Prophecy,0,1,36.28952278677797,48.00334334349051,29.883968895044827,-1
2300,63.38359756482284,54.28230598344911,0.5336205389060723,5.490160433065174,48.29070666681397,50.06552572879663,Rooftop Garden,Math,Ancient Map,Lost Civilization,0,1,40.04992383423984,45.44230133960979,27.1729154279963,0
2301,62.49088430388346,53.0257779271468,1.2044595947475203,0.8088520177784253,48.44688326312516,50.9749646540838,Mystic Bridge,Cipher,Ancient Map,Cursed Treasure,1,1,36.35869417605685,45.980408282175695,30.32907740023496,-1
2302,64.7304405107384,52.59000946945257,1.275857306752869,13.484449730916277,51.700825506536695,47.28263668920818,Mystic Bridge,Sequence,Ancient Map,Forbidden Magic,0,0,43.18620910054504,45.17088090409222,29.270871995572616,-1
2303,61.81551884068925,53.75727398708568,1.2889633050403817,5.275574582177459,47.98452680736779,53.30342776416644,Crystal Cave,Maze,Teleport Rune,Lost Civilization,0,1,40.48216289780829,45.15637761242421,25.85020325252368,-1
2304,62.93475997618322,53.39549895758331,0.5326097488568294,2.5557766098476664,47.01121682587924,47.43667612307987,Mystic Bridge,Mechanical,Magic Key,Ancient Prophecy,0,0,37.415093466433824,49.04621189980593,23.27512004469776,0
2305,62.58064131829784,54.26132797417109,1.0971131089100563,6.5184687526127725,49.148189249270274,46.87132359409652,Rooftop Garden,Mechanical,Ancient Map,Lost Civilization,1,0,41.8973664483029,45.02859675958891,31.137380008193,-1
2306,62.12441553149132,53.21215108607252,0.8025299227828057,0.0033646868914485,49.2419673197381,49.58368996824244,Crystal Cave,Math,Magic Key,Cursed Treasure,0,0,33.79413355494302,47.24626862683793,25.95996029071136,-1
2307,63.01108713383463,53.32018280201187,0.5817505729611607,7.009638898380406,48.391646179016064,46.80175625552604,Mystic Bridge,Cipher,Magic Key,Forbidden Magic,0,0,42.99720161085767,50.39860392976336,23.214628646839994,-1
2308,62.434067074209445,54.993935012146586,0.8798983694473813,6.858535167738223,48.17775969094599,53.90485134047845,Crystal Cave,Pattern,Teleport Rune,Forbidden Magic,1,1,41.99498889954296,50.543623300161805,27.44984003975276,-1
2309,63.31798883558795,54.09436219501227,0.733058878449868,8.637819891571635,49.93738172363226,49.42324182579236,Mystic Bridge,Symbol,Ancient Map,Cursed Treasure,0,0,38.808959997003335,48.70424695162721,29.0503310372565,-1
2310,63.33957411853455,53.24872983901852,1.281299185173134,0.1538887195224751,47.23953191193399,41.94708125539893,Rooftop Garden,Pattern,Teleport Rune,Lost Civilization,1,0,36.29346026274735,46.689509323588695,28.822265266398382,-1
2311,62.69809509839014,53.97440011863861,1.159542966278467,-3.767946846197713,48.01443112819935,50.4998712953126,Rooftop Garden,Pattern,Teleport Rune,Forbidden Magic,0,0,33.49856109899633,48.85825043341749,29.85816148977873,-1
2312,62.95591055857882,55.3409746669138,0.6604686602609504,-0.7172744293600384,47.74859687909604,51.3837649671351,Rooftop Garden,Symbol,Magic Key,Ancient Prophecy,0,0,39.401121590580566,49.02718944579627,28.8261998357127,-1
2313,63.10253919364706,54.26115891588732,0.789541729655258,0.9131218421944464,50.17865251368602,48.946419379024455,Rooftop Garden,Symbol,Teleport Rune,Cursed Treasure,0,1,37.47463844348218,50.86379322454347,29.39005034040825,-1
2314,64.15016555339712,54.56563551155824,0.8932330705476705,10.645104414279784,48.97206916648822,46.61026743559698,Mystic Bridge,Maze,Teleport Rune,Ancient Prophecy,1,1,40.8760908562046,47.72292084434522,27.75086124989936,-1
2315,63.19878843784561,53.22576629206125,0.9863829437126096,13.271874895499296,46.95238214273679,49.74173245833376,Rooftop Garden,Symbol,Magic Key,Forbidden Magic,0,0,39.65520560587997,48.65071622218112,26.333087502925736,-1
2316,64.17878487411522,55.00973996521599,1.3107081376082157,4.007890984121829,47.10918719183731,48.795736331932886,Crystal Cave,Mechanical,Teleport Rune,Cursed Treasure,0,0,43.33358600857654,47.27720370651924,30.33903537688108,-1
2317,63.946728291298754,56.306746222164165,1.2167474586994522,2.319293602568968,51.37217090846847,47.56107020035241,Mystic Bridge,Logic,Teleport Rune,Forbidden Magic,0,0,37.1183031962502,53.47614917864271,31.10370395504217,-1
2318,63.93924499159096,53.20250328800902,1.0256763545212186,0.5105589215482194,50.19300411674784,47.34043732476312,Rooftop Garden,Math,Teleport Rune,Lost Civilization,0,1,38.5650469488695,46.95666029491164,27.477674442469212,-1
2319,64.76232599737659,52.81740750123748,0.9328379669886372,6.371303765628385,49.836659900001465,50.39058937234346,Crystal Cave,Symbol,Teleport Rune,Ancient Prophecy,0,0,41.20072614756586,43.70164740649049,31.25404623093057,-1
2320,62.26182155821097,54.18017782184906,0.4798280807432655,13.17850936374576,48.59888946473447,52.25755450097414,Mystic Bridge,Symbol,Magic Key,Cursed Treasure,1,0,40.51330337836569,47.80131263563301,26.743083356307608,-1
2321,62.91472835468248,54.8854782686178,1.4002630135751568,11.15260371685648,50.84944096174583,51.153859594992745,Crystal Cave,Math,Teleport Rune,Forbidden Magic,1,0,39.89283669661625,50.1189265930949,32.33159948785376,-1
2322,65.15787583027857,53.923924706863176,0.8793918992570904,7.90097566834314,46.93786332339272,45.68000535352905,Mystic Bridge,Maze,Teleport Rune,Forbidden Magic,1,1,40.726495309923166,50.39168243048265,26.202462189394343,-1
2323,63.14389257851649,52.96745264340449,1.4808577731393682,7.815345111918602,49.72868840320807,51.538695011389954,Crystal Cave,Logic,Magic Key,Lost Civilization,0,0,41.361605746191465,45.03065157936905,33.04920552326756,-1
2324,60.592683852975625,53.91742301959476,1.0741509302348815,6.348118264661888,47.94062061811571,51.93118503006762,Rooftop Garden,Math,Teleport Rune,Ancient Prophecy,0,0,37.5659314811602,43.84147567890038,25.09619749265417,-1
2325,63.2114040130015,54.62945105846312,1.6238434140577205,1.9378485272728987,48.23851163007589,53.484241877119416,Crystal Cave,Maze,Ancient Map,Cursed Treasure,0,1,41.75928834058183,48.88174442684056,33.96562446329042,-1
2326,63.55584298424829,53.62968200640857,1.1991221341842886,-1.5207098697008186,49.70688310478207,47.625280609770265,Crystal Cave,Pattern,Ancient Map,Lost Civilization,0,0,36.12321545803154,48.41369414598043,25.772251168751275,-1
2327,60.81028765476567,54.64932732310068,0.5886147663085138,2.045686867700897,48.40923728595423,49.85849340158843,Mystic Bridge,Maze,Teleport Rune,Ancient Prophecy,0,1,38.60809215851036,45.1142327302808,23.805833977086063,0
2328,64.76779988621489,55.21214496785046,0.8349183953024255,4.249177999876558,47.97892472132637,51.41881062575958,Mystic Bridge,Math,Teleport Rune,Cursed Treasure,0,0,36.62263590802278,47.585091065860574,27.8327964175656,-1
2329,62.72658134878582,54.2930300718589,0.9695522789406328,-5.142970206553475,47.89466549614227,48.681115754650975,Rooftop Garden,Mechanical,Teleport Rune,Forbidden Magic,0,1,34.53920767763346,47.01454739098059,26.76402959822291,-1
2330,63.77525252286889,54.03022030542853,0.7592349131211227,1.3481615803667888,45.664337179580045,51.379774625866574,Crystal Cave,Math,Ancient Map,Forbidden Magic,0,1,37.03701565567294,48.60026170160892,25.21244444773713,-1
2331,63.22706942291921,54.89288398060736,0.9093557693030558,-2.029033943849163,49.79514130324159,49.93993418445523,Crystal Cave,Sequence,Teleport Rune,Ancient Prophecy,1,1,35.119704404269456,47.55663577533012,27.47281296716108,-1
2332,62.17102701237564,53.21281453557749,0.613523662374057,7.157542917519999,47.14689696310425,47.883862958361135,Crystal Cave,Symbol,Ancient Map,Forbidden Magic,1,0,40.01682409719259,45.807327767773465,24.461392353071503,-1
2333,68.39516360051442,57.11958414680653,1.0264802857059392,19.32750108504897,51.45098837433724,49.59689440327364,Underground Market,Maze,Hidden Door,Lost Civilization,1,0,46.61497409863905,50.50315941302926,30.46537023875813,-1
2334,68.53684798040281,57.81310360378616,1.0971730075518695,23.704847459395484,48.23851350381873,54.62322339068714,Hidden Vault,Cipher,Hidden Door,Cursed Treasure,0,1,43.67590759035451,47.36065270865926,28.41082526458605,-1
2335,70.5638275239993,57.593181613715565,0.7259290847750044,18.551343777904293,50.64067582962488,49.00895334400832,Clocktower,Sequence,Oracle Vision,Cursed Treasure,0,1,51.89477052627589,54.24492617574707,29.99372226562964,-1
2336,69.33680787953868,57.28710752551022,1.6104775727229683,30.027638074345965,45.969579004145054,48.579999289575966,Underground Market,Math,Secret Code,Lost Civilization,1,1,50.96240853871453,51.1630274685184,29.58704345754449,-1
2337,68.96863659762029,59.92630964137092,1.0487214639651952,13.523049742134356,49.78698499155934,52.36094716182952,Hidden Vault,Maze,Hidden Door,Forbidden Magic,0,0,45.44045159024397,50.50221771507701,28.254747071017515,-1
2338,68.56201478103692,60.2732292555722,0.7859381777901353,24.393726087043877,50.17925432358834,51.42356803914377,Hidden Vault,Symbol,Oracle Vision,Cursed Treasure,0,1,51.07556439192928,49.99183415078818,29.782316250547776,-1
2339,70.69886096708261,57.752929078484506,0.5434182772873382,15.615922455841243,50.65845167099,48.22094655643316,Hidden Vault,Pattern,Oracle Vision,Lost Civilization,1,1,49.08181509578494,48.478421900840296,23.838423803432907,-1
2340,70.97296448237678,58.2037543209178,1.0516091662932012,19.443230977487893,46.41775865505821,50.20144956477619,Hidden Vault,Symbol,Secret Code,Forbidden Magic,1,0,47.82040139487544,51.19966271370769,22.25183763743319,-1
2341,70.69952492545876,57.92959695810159,0.9568524978046792,23.00850803631957,47.66247442369724,49.45804630434861,Hidden Vault,Symbol,Secret Code,Ancient Prophecy,0,1,45.41724124676879,48.06245174498442,24.48300291976124,-1
2342,70.01320147598412,59.23034656263434,1.2713105359082533,23.24203683804401,49.58807771348538,49.895831134382746,Clocktower,Sequence,Hidden Door,Ancient Prophecy,1,0,50.10930322757461,50.88020362316217,29.192237460165583,-1
2343,69.81654252287716,59.43390354683893,0.9948127586206011,23.09925994554674,48.95276086673384,57.81242599201661,Hidden Vault,Cipher,Secret Code,Forbidden Magic,1,1,46.89401114789301,48.01263967044348,29.238567704210418,-1
2344,68.3166881825685,56.356407947689874,0.6811600650551619,22.699342418078167,49.17694705420306,50.74355023831493,Clocktower,Mechanical,Hidden Door,Ancient Prophecy,1,0,50.2783445521434,50.36740751164234,21.970756421440072,-1
2345,69.29268551033952,58.615099387478665,1.5419692548687003,18.71904331096454,48.20331181951092,49.29687263956963,Underground Market,Symbol,Secret Code,Ancient Prophecy,1,0,45.63899697429769,51.82873089461592,30.24631250554783,-1
2346,68.86048812912976,56.837687147682345,1.1729454167351818,21.09566286550268,51.076798102385645,56.554468726999126,Underground Market,Sequence,Oracle Vision,Lost Civilization,0,1,46.74125794674872,49.632602874599016,29.521025113982823,1
2347,67.7246449201328,59.908203589279296,0.9675555613053034,22.061761395428803,52.67018098476966,53.72063699548099,Clocktower,Logic,Oracle Vision,Forbidden Magic,1,0,44.566953181429646,52.85689451742815,30.47923695868473,1
2348,70.61297408878171,58.59560542602736,1.0947359041211402,22.86805212438204,48.9203593786751,53.31206390146352,Clocktower,Pattern,Hidden Door,Forbidden Magic,0,1,46.703609368577965,52.39247769155336,25.02395931031417,-1
2349,68.8658392505684,57.337436824431286,1.1891389610453358,21.55050361457012,49.451451955322206,49.41726426424658,Underground Market,Symbol,Hidden Door,Forbidden Magic,0,0,47.56650387331426,50.359849558278384,34.71281513642667,-1
2350,70.76331446192054,57.92489692509797,0.6198771888074146,25.51451095301169,48.86264007985753,54.47870839421626,Hidden Vault,Mechanical,Hidden Door,Forbidden Magic,0,1,49.70782290606996,51.88166187911339,26.975842848711057,-1
2351,70.45478708663205,57.88267596896683,1.097475915923967,22.32114361930296,50.71133257971412,53.540686470582095,Underground Market,Symbol,Hidden Door,Ancient Prophecy,0,0,48.01745011072842,48.32418643283214,27.31121244255779,-1
2352,70.13539151178436,58.702204028951,0.9167896700602942,22.848485597601837,50.03592843755544,51.86772395459504,Hidden Vault,Math,Oracle Vision,Cursed Treasure,1,1,53.04180383436892,51.85611698245063,28.94400548054556,-1
2353,70.19715511846336,59.22444447437924,1.2057012606417647,19.916238098885227,47.199708060041736,47.20924219281938,Hidden Vault,Math,Oracle Vision,Ancient Prophecy,1,1,49.3004572329834,51.28395550953908,31.412339325376145,-1
2354,68.97451928317322,57.0397682683299,0.833166635453911,16.554931397844733,47.88727404392081,51.45019999380543,Clocktower,Pattern,Hidden Door,Ancient Prophecy,1,0,46.37167763510986,51.90926248196508,24.703004776132172,-1
2355,71.45320998715854,60.03217663792544,0.8755459019113486,22.574924004104204,47.29945311624848,55.82482678541345,Clocktower,Symbol,Hidden Door,Cursed Treasure,0,0,44.12975169298692,51.54315998154414,24.16230491264947,-1
2356,69.6439764349428,59.80456168879606,1.557578232640378,27.829645038363083,52.86272601571647,52.0509570493551,Underground Market,Maze,Oracle Vision,Cursed Treasure,0,0,51.78681582986325,52.24101672966826,32.42559619236455,-1
2357,69.9082383005085,57.3290003052244,1.429776073863535,23.999353608423576,49.7805772327317,50.558833682295344,Underground Market,Cipher,Secret Code,Ancient Prophecy,1,1,55.1338216590604,48.97215027740378,30.543987292766367,1
2358,68.9626502826298,58.28258078751431,0.073644633476967,17.68020757257677,47.941219948655146,50.928856642278326,Clocktower,Mechanical,Oracle Vision,Forbidden Magic,0,0,46.30575193030682,53.36850783195779,25.683998142518654,-1
2359,68.6859456921127,59.92604546670716,1.41117701743696,25.82900443882304,47.82858350968675,51.101869232965456,Underground Market,Symbol,Hidden Door,Ancient Prophecy,1,1,47.339243700650165,46.80158190009354,32.50958552322791,-1
2360,70.0997555811111,59.45361622841343,1.043913040018879,20.067343228587976,50.05694317660223,49.50096446555765,Clocktower,Logic,Oracle Vision,Lost Civilization,1,0,48.40670562672525,52.651261043918325,30.76412541250468,-1
2361,69.84528591755615,57.88941810112145,0.8554389383888844,25.303819974088142,50.213683462838965,51.39688792659296,Clocktower,Math,Hidden Door,Lost Civilization,1,0,46.63550007745571,50.524564476192346,25.753223785818545,-1
2362,68.84369708247223,59.04596718603914,0.7676506228643634,19.874189517193184,50.060693914361615,55.106836323863874,Underground Market,Cipher,Oracle Vision,Ancient Prophecy,0,1,48.19259619317454,50.977091368334136,25.958865777867175,-1
2363,68.19986388169045,61.23429463492925,0.7870017097604018,23.472317096217864,48.23244740841885,54.82363719727745,Hidden Vault,Cipher,Hidden Door,Forbidden Magic,1,0,50.96205138575411,51.85185084792037,25.66762924398958,-1
2364,68.373572738809,58.34772800879582,0.8697145278365753,19.100911574351787,49.33682186960851,49.61416022418984,Hidden Vault,Cipher,Hidden Door,Lost Civilization,1,0,45.41255491452221,50.5990639717931,29.702619989065152,-1
2365,70.84479879107883,57.61539415178383,0.7375380961480714,19.21574646006981,49.0517237202052,54.689743461376736,Clocktower,Maze,Secret Code,Cursed Treasure,1,1,46.99432164713637,51.09821319172126,28.689426444805587,-1
2366,69.04054447832543,58.425939304678685,0.6713046671259401,13.837290136020403,47.48827675885788,53.40285328163188,Underground Market,Pattern,Oracle Vision,Forbidden Magic,1,1,45.4161220703407,48.80573459254905,28.95243101636712,-1
2367,69.31998688673588,58.50555125106228,0.7676012344613345,24.216596460090575,47.5102642283553,53.08334634402915,Hidden Vault,Symbol,Secret Code,Forbidden Magic,0,1,47.85453260627322,50.72599317708114,27.941764132261085,-1
2368,71.11429670072354,57.73994475367733,1.1787880550715415,23.494673314462773,49.52531152401741,52.57977970410033,Clocktower,Maze,Secret Code,Forbidden Magic,1,0,46.69234559902137,51.02454537902987,28.222865681397355,-1
2369,68.5468307101723,58.7115915122501,1.0988753496702204,23.76363890061944,49.20942069025519,49.17405905305136,Clocktower,Math,Oracle Vision,Forbidden Magic,1,1,47.4867147111201,49.03249653799613,28.60661038913789,1
2370,68.94697504615954,57.02105293161476,1.2527073166077956,22.995675726395547,49.75217275055847,50.48605453760721,Underground Market,Maze,Hidden Door,Ancient Prophecy,0,0,47.09286930699832,50.87291484294801,26.964072148521065,1
2371,68.91015536479728,57.61541024688054,1.0681650553586266,17.79536779760475,50.11610171881793,53.58229600780332,Underground Market,Symbol,Hidden Door,Ancient Prophecy,1,0,49.41781328482834,51.07185299643821,30.586999521607986,-1
2372,71.30190666836704,59.044681568715085,0.6982212629443436,26.42370679183587,51.18608378823715,48.48282414031263,Clocktower,Math,Hidden Door,Lost Civilization,0,1,53.019005476144336,49.97056384590377,27.13380725405492,-1
2373,71.68210130544497,56.53706115628766,1.2407297010067464,26.54569695624088,47.78061654221517,48.89806223651031,Hidden Vault,Symbol,Oracle Vision,Cursed Treasure,0,0,53.76759582063311,46.755904498183305,31.30182364484706,1
2374,70.44512422356085,59.200597332158296,0.793186185364207,17.628200617209934,49.897311115116,52.26549356191477,Underground Market,Maze,Oracle Vision,Cursed Treasure,1,0,49.158984722692914,49.795654600619066,29.321994259322903,1
2375,70.48175244341935,56.290948604311886,1.2907958630623046,24.21759290757858,50.08325902136,49.52616834835224,Underground Market,Pattern,Secret Code,Forbidden Magic,1,0,49.965895161287335,49.69106962135405,34.08081201542745,-1
2376,69.12278291786497,56.57710809896338,0.7492771072007038,25.919511425532004,48.49878929598565,53.55973588425192,Underground Market,Logic,Oracle Vision,Ancient Prophecy,0,1,47.50070712348983,49.15187044376456,28.086094896959075,-1
2377,71.65520004231723,57.81495910101277,0.8950744604801109,19.18164423955289,49.15732380138006,49.61445510935864,Hidden Vault,Cipher,Hidden Door,Ancient Prophecy,1,1,51.39984455256048,53.08978295881752,28.96110624311712,-1
2378,69.98026483096712,58.60630929195385,0.9951869724462988,20.039534846967697,48.55225514927062,52.110950362157865,Hidden Vault,Symbol,Secret Code,Lost Civilization,1,1,48.69559822615905,50.00060944325333,27.89183887751068,-1
2379,70.570339202373,59.650219076586005,1.3082354669725704,24.177855620131247,52.15256221828196,52.320178911626826,Clocktower,Logic,Secret Code,Forbidden Magic,0,0,47.09949951199307,50.40746823120551,30.54007137218769,-1
2380,69.61632765456758,58.38809066061337,1.161045178794664,13.943212636478709,49.15455889170752,50.29476330525631,Underground Market,Sequence,Secret Code,Ancient Prophecy,1,0,44.12502399930833,52.01661649908074,28.70415647865989,-1
2381,69.45840690987022,58.089429093948254,1.1166006581288013,16.039845918587048,49.68216013862772,50.90088342586352,Hidden Vault,Symbol,Hidden Door,Cursed Treasure,1,0,43.95950755737115,48.63898215253998,31.305778751313596,-1
2382,71.3940318638037,58.9210811140506,1.6786773032499531,16.521125187482642,48.61656790888599,49.79997129990012,Hidden Vault,Symbol,Oracle Vision,Ancient Prophecy,0,0,43.68869875329384,49.38640111791404,28.325772235078485,-1
2383,70.27522654917595,57.4761205509979,0.5642801383753551,12.475984280784264,48.30075349487175,51.45348823586941,Underground Market,Pattern,Hidden Door,Cursed Treasure,0,0,46.68497558363912,48.33794487734024,26.53415170627709,-1
2384,71.191354709392,58.49195635744984,0.8062820892868798,26.86982855108332,47.07488130469516,49.095781899780185,Hidden Vault,Symbol,Secret Code,Ancient Prophecy,0,0,48.3000106472951,44.364639275011854,23.429906263672365,-1
2385,69.9997468684024,57.15861906839406,0.7958808727247547,11.492031901223289,50.6853870017107,50.94123062125736,Clocktower,Pattern,Oracle Vision,Lost Civilization,1,1,43.93556712974692,51.28184407791193,29.27216728954297,-1
2386,68.90045463418427,58.44618225344184,0.5915053569886581,23.13580331782792,50.19595774346543,53.37122751948804,Hidden Vault,Logic,Secret Code,Lost Civilization,0,1,48.35869303315447,52.831481116009485,26.54694106824228,-1
2387,69.16984369382077,58.2392840832596,0.9093302895935836,25.466223759046244,48.59939277946775,48.658122302348325,Hidden Vault,Symbol,Secret Code,Ancient Prophecy,1,1,48.76598749623182,52.32075060882884,28.94426147911028,-1
2388,69.86048026429086,57.5703834028742,1.33402330441274,19.92738157357181,47.708236906575394,50.28232647005527,Clocktower,Maze,Oracle Vision,Cursed Treasure,1,1,46.46761894798971,53.61177249703331,27.705215371608983,-1
2389,69.13530609720408,58.54522509908654,0.952725923296222,18.04107557778176,49.33642708205484,52.79565602496237,Underground Market,Cipher,Secret Code,Cursed Treasure,1,0,49.93136435778049,53.86300417106968,27.965160387544163,-1
2390,68.65859904996059,58.5442694572748,1.0328678708333383,22.5346761260192,48.32780968001182,46.30588804579834,Hidden Vault,Mechanical,Secret Code,Lost Civilization,1,1,44.90225328427741,49.97861722257777,29.560088553105416,-1
2391,70.97169444762814,59.56671134168461,0.6185718206864377,21.36717688097443,48.7490995485413,56.138960090998346,Clocktower,Symbol,Hidden Door,Forbidden Magic,0,1,46.0264374361684,53.6649985847382,27.100599613127844,-1
2392,69.22958707254195,56.791163615491975,0.898970844020665,26.363082050191363,47.19464976049046,54.11314478507733,Underground Market,Logic,Oracle Vision,Cursed Treasure,1,0,50.36236467375965,48.99746385637561,30.27879492823033,-1
2393,69.91679234767977,58.32628994435331,1.0020297429819638,8.190495770344608,49.42343793667494,47.654161049406696,Clocktower,Pattern,Hidden Door,Cursed Treasure,0,0,43.15495821100998,49.86115101594387,27.756745678164048,-1
2394,70.07883833439088,57.64762041042848,1.3358907705860303,16.72710571961672,49.46119971758577,46.239510500170624,Hidden Vault,Logic,Secret Code,Ancient Prophecy,1,1,45.73493916358251,48.73441873781849,28.9381875629966,-1
2395,69.19861941135898,59.28319093126801,0.6433473060243824,24.116067061441743,50.75565789830448,51.574043968335154,Clocktower,Symbol,Secret Code,Ancient Prophecy,1,1,46.59591970295599,51.11411735427704,30.42480179345702,-1
2396,71.24160240255243,59.17288908640643,1.0119913278615198,21.54795733040564,48.89535703229683,48.69938951024472,Hidden Vault,Pattern,Oracle Vision,Forbidden Magic,0,1,49.88575101360709,51.85803826656463,27.761270761680144,-1
2397,68.67765414219483,58.93240707984558,1.4772310794165997,25.043426340047176,48.62903848588312,53.903733225496026,Underground Market,Logic,Secret Code,Cursed Treasure,0,1,49.170884136557305,54.1407686358332,29.397007020038547,-1
2398,70.06037666229884,57.72624623598015,1.020372243069955,22.5808888253414,46.80217056895334,52.48500540532922,Underground Market,Maze,Oracle Vision,Ancient Prophecy,0,0,49.04873886232861,51.22609663574738,28.24877726943549,-1
2399,70.04878708951749,59.321104362235005,0.5219600481997267,20.58463502026381,50.79669965363927,51.808447540843176,Clocktower,Symbol,Hidden Door,Forbidden Magic,0,0,47.03874891714763,50.14149631412759,27.158482299292057,-1
2400,69.75229521511558,56.91105914202495,1.5431319792903913,19.734407525276676,50.492455811628304,50.07435903744099,Hidden Vault,Logic,Oracle Vision,Forbidden Magic,1,1,46.26964017982974,47.847975480668936,30.795665170737493,-1
2401,68.51348005164503,56.71143764512526,1.382618476014252,32.858652256045104,49.20430809321736,55.50001909947338,Underground Market,Symbol,Hidden Door,Forbidden Magic,0,0,50.63949603065685,50.67595608449185,28.74663648527035,-1
2402,70.68501543786994,57.176437593483485,1.425757908901525,28.895634034102585,47.17534937781084,53.38363025180421,Clocktower,Logic,Secret Code,Lost Civilization,1,1,53.01277909142576,51.26332491653664,32.015356222540895,-1
2403,70.56147611400789,58.42439597467777,0.6446120827868707,23.68595171276269,47.35541702091235,53.007914522551616,Underground Market,Logic,Secret Code,Forbidden Magic,0,0,52.57898997850667,52.82311273356549,25.954870049386734,-1
2404,69.1461267721234,59.138599304791455,1.6243112125699473,21.58826733864577,48.36457620671802,54.5001399115686,Underground Market,Cipher,Oracle Vision,Ancient Prophecy,0,1,50.18686689092743,50.53243249391176,29.55523617487645,-1
2405,70.53287462750521,55.49296845599182,0.9414377240507994,23.87413037777841,50.64111696450064,48.95284784126783,Hidden Vault,Sequence,Oracle Vision,Cursed Treasure,1,0,50.49343857362858,49.91230702769055,28.492542206981657,-1
2406,70.20394945227181,59.79731167569272,1.0234534959742425,25.305159110191617,49.63684376874498,54.71184467259773,Underground Market,Symbol,Secret Code,Ancient Prophecy,1,1,51.678269750097634,53.49714023828773,29.622078865775737,-1
2407,68.55204615628212,58.611250821623344,0.9683350710548512,23.25263498909457,46.96937590461464,50.83847925909341,Underground Market,Symbol,Secret Code,Ancient Prophecy,0,1,45.74314645072315,47.71963225683434,30.280596276001628,-1
2408,68.98230807703345,56.91793790750786,1.4661506650281333,17.389115153037025,49.82381923299335,52.33682424150612,Hidden Vault,Sequence,Secret Code,Ancient Prophecy,0,1,45.17857884295965,50.36286341818018,30.43827398543651,-1
2409,70.97805924540748,58.59223068325448,1.131049377239181,30.056082007369632,47.9668863100253,51.10884247582017,Underground Market,Logic,Hidden Door,Forbidden Magic,1,0,52.652457160857104,52.41663329001606,26.78205207723721,1
2410,70.1526968785607,59.58938439391239,1.3324484822309284,22.352079915403408,48.450407644373584,46.80533598406603,Underground Market,Cipher,Secret Code,Ancient Prophecy,0,0,48.56092036766058,52.42343349543195,33.392736259644856,-1
2411,69.28244268990701,59.10187704939197,1.2136515186340269,31.178197765309903,50.69946763880494,53.89337065243062,Hidden Vault,Logic,Secret Code,Cursed Treasure,1,0,51.597937702509874,51.3499141256198,30.47544182275709,-1
2412,68.99169670202754,59.60708792024858,1.165341231751093,22.03179213305142,50.39826605465626,46.93879169273136,Hidden Vault,Math,Secret Code,Cursed Treasure,0,1,49.96348604317976,57.02450508975264,29.648643181290417,-1
2413,69.33816773391123,57.1473488008318,0.9128086475275136,19.85529329165529,50.897823577545566,49.08369849996856,Underground Market,Cipher,Hidden Door,Ancient Prophecy,1,1,49.20754519670498,54.04374621118421,29.243815574698765,-1
2414,69.41243288885521,58.10517249671216,1.743493319273839,27.9917643141884,49.23165165636007,50.367938423929694,Underground Market,Symbol,Hidden Door,Forbidden Magic,0,1,47.86306200743725,50.53874256832314,29.098879136573743,-1
2415,69.01426218760122,57.6000695121919,0.7638574025526943,22.56450043381627,50.599081152540094,46.6159611349768,Underground Market,Symbol,Hidden Door,Lost Civilization,1,0,48.20159605490269,50.06041130100692,28.26415885414267,-1
2416,68.12173579142369,60.247927648017615,1.3295929309139318,21.713179092989478,48.4035463413702,48.748443442990734,Underground Market,Maze,Secret Code,Forbidden Magic,1,0,45.54535003902828,53.254815918291634,31.03936082959168,-1
2417,71.00674972352726,59.17529765625453,1.321971690534176,15.031743516538524,48.904622138072725,52.11205022696008,Clocktower,Mechanical,Hidden Door,Ancient Prophecy,1,1,45.55893681179775,51.08857512544148,32.18043833658432,1
2418,70.84056846084114,61.38853342119472,1.5583561256167295,24.32215056178324,48.80976522893495,50.63337202116116,Underground Market,Maze,Oracle Vision,Cursed Treasure,1,1,46.37924823486642,55.27701125784847,29.92188612253906,-1
2419,68.59983947372756,58.07950494809559,1.6315671541542025,18.54200499947511,49.34325018167405,50.83961781568712,Hidden Vault,Logic,Hidden Door,Lost Civilization,0,0,46.989706068788166,47.98979667476546,31.573800546486293,-1
2420,70.01252811339943,57.82803252903895,1.177030671283559,18.75709465358969,47.38597701727364,49.21248387252852,Hidden Vault,Pattern,Secret Code,Ancient Prophecy,0,1,44.06509612585249,49.47541887802762,30.877058684661936,-1
2421,68.97706223159172,58.41547395138771,1.3804886748297702,18.530798682951858,48.98648052818664,51.61545330939472,Hidden Vault,Sequence,Oracle Vision,Ancient Prophecy,1,0,47.733743421544936,52.05861994635083,30.09025266050797,-1
2422,69.62077852127081,59.94225323083498,1.753971475772782,23.166202740547,51.509761154865046,50.686879937008506,Hidden Vault,Logic,Hidden Door,Ancient Prophecy,1,1,51.439223156892126,54.26902598884999,34.209715942762934,-1
2423,69.54058613846365,58.20337328974383,1.2081109812499569,13.281641322123294,47.70178320277701,47.397586497454085,Underground Market,Logic,Secret Code,Ancient Prophecy,0,0,46.76951631767621,47.32088253192555,29.53195807166403,-1
2424,69.46048711041603,58.69952907711374,0.9109041071743734,19.891783584908698,47.35490652807732,50.99770332607268,Underground Market,Math,Hidden Door,Cursed Treasure,0,0,47.747604057393744,48.65252581532599,25.99251793516081,-1
2425,71.89419862264981,58.67738219266037,1.1186791636208486,25.83489136799399,47.48418156657026,48.39522043270465,Clocktower,Maze,Hidden Door,Lost Civilization,1,0,53.95588283479427,47.218485006184906,26.384538269985367,-1
2426,69.4538176420455,58.625789752114535,0.8458263737735514,14.692636704800858,53.358341271812925,53.744242779856414,Underground Market,Pattern,Hidden Door,Cursed Treasure,0,1,46.73497299140668,49.96336418622291,32.181118601567995,-1
2427,69.08873283695642,57.93949750224829,1.3519807387345573,21.772859040145367,50.071180403792376,50.52123316325349,Hidden Vault,Pattern,Oracle Vision,Cursed Treasure,1,1,46.25961077564372,48.01745543906569,25.09424806451757,-1
2428,69.13723008680611,58.46020931734082,1.5630028432180834,17.73894888278322,48.97686680029626,57.80381107682697,Underground Market,Pattern,Oracle Vision,Lost Civilization,1,1,47.05423562038094,51.79578207812381,29.40319904789265,-1
2429,70.94636481816748,58.423003637259455,1.210598398027669,18.864960719945497,49.49311989633042,53.91725634130363,Clocktower,Math,Oracle Vision,Ancient Prophecy,1,0,52.14669010807244,51.25273562992899,26.798352602100064,-1
2430,68.25322333930302,58.60114884318711,0.7638820906576955,29.146666556610956,49.74048456930795,51.17432706178208,Underground Market,Cipher,Hidden Door,Lost Civilization,0,1,47.510656301280456,50.66124287886405,30.04735842127438,-1
2431,69.1454020005237,59.557838976223856,1.5599388254535669,12.605936898357951,48.44674833176583,52.9486970830598,Underground Market,Sequence,Hidden Door,Forbidden Magic,0,0,42.50877451035215,51.432026552636565,33.19269241274934,-1
2432,71.35750841311331,60.38056021892564,0.7238413793202183,24.674010712181012,48.64000746598901,46.27550202822093,Hidden Vault,Mechanical,Oracle Vision,Cursed Treasure,0,0,51.446525556205366,54.38287278426003,25.76670402511896,-1
2433,70.1572938008485,57.78510879893931,0.7962459636949193,18.44369254628185,49.187728490458895,53.90594851727439,Clocktower,Logic,Hidden Door,Cursed Treasure,1,1,47.17937770846749,48.20258368470405,33.308654386318054,-1
2434,70.10781301565119,58.23916264525956,1.209845858763501,18.18248751667837,48.34555229916252,49.44927375710627,Underground Market,Symbol,Secret Code,Ancient Prophecy,1,0,46.45543031339452,46.57612114028751,31.76659266937429,-1
2435,72.05058220092823,57.81175839125747,1.3422113867665637,15.250467985388848,48.84572574359115,51.724332592610885,Underground Market,Mechanical,Hidden Door,Lost Civilization,1,0,45.28713087576992,51.65839978362451,30.186019030934887,-1
2436,70.16728973117975,58.82948713772355,1.3966917715434706,24.56524886259944,49.97921855918061,49.68094371787497,Clocktower,Cipher,Hidden Door,Forbidden Magic,0,1,45.56972402151419,50.39455729932207,33.57635539424652,-1
2437,69.2152229368497,58.10965272508764,1.253530445887462,19.826197315984796,47.96231561566079,49.9467040618916,Underground Market,Logic,Secret Code,Lost Civilization,1,1,44.56413287924241,48.23234964396678,27.711823005065025,-1
2438,69.64376061947861,58.89341684973165,1.8047531205500305,19.18234181217467,53.38144419744571,51.04716977505144,Clocktower,Symbol,Secret Code,Ancient Prophecy,0,1,50.77080996599429,53.009703258614095,33.356553113577306,-1
2439,68.79279517965666,59.76286599114875,1.299670871221633,21.307340793279675,50.604739988293815,51.69208193751655,Clocktower,Mechanical,Oracle Vision,Cursed Treasure,0,0,47.65013085948894,48.019661781299554,31.42747429789169,-1
2440,71.18651555162351,56.13902767096207,1.5939136834225356,19.8941865868308,47.57837313092433,51.43271029802677,Hidden Vault,Mechanical,Secret Code,Cursed Treasure,0,1,44.75543634291648,47.09781713155454,28.78073795112017,1
2441,70.50745243943817,59.16226071379934,1.523004819260572,10.729647707024476,45.77515013814331,51.49503843965493,Underground Market,Logic,Oracle Vision,Ancient Prophecy,1,0,47.89153765240777,45.79129996140239,26.410973643917497,1
2442,71.05957824670706,58.21591641411862,0.9024736469641428,18.26642992293397,48.46926546895112,47.4357932312964,Clocktower,Logic,Hidden Door,Forbidden Magic,1,0,50.58534385893237,50.96318498997031,25.96854343667292,-1
2443,71.1503825422128,59.14214952121707,1.2428458621240035,25.18521788617377,50.535586032895054,57.33012401066027,Clocktower,Pattern,Oracle Vision,Cursed Treasure,1,0,52.70426280254548,54.65400221467458,29.84580920297838,-1
2444,69.52538346969087,57.79088273710536,1.934202134023666,13.16239258587292,50.25328406396167,52.07995082267003,Clocktower,Pattern,Oracle Vision,Cursed Treasure,0,0,44.8188852386084,49.35791737624163,33.80208125758495,-1
2445,68.99699813391135,59.88923919619635,1.1493532299200784,15.23324578335586,49.35984995737107,52.59391836409283,Hidden Vault,Math,Secret Code,Ancient Prophecy,1,0,45.43055139186841,50.21134900257229,28.601556966473627,-1
2446,69.89215568696412,59.61188595037509,1.1017361728225468,18.53643760286073,48.63251170324047,50.65002222301235,Underground Market,Symbol,Hidden Door,Cursed Treasure,1,1,47.77148042045285,55.02392995899903,25.44351569475645,-1
2447,69.07318659597323,59.27258567673071,1.3587699895513092,17.02973572470929,48.18704001195294,49.31461326360595,Hidden Vault,Math,Secret Code,Forbidden Magic,0,0,49.35492569098609,52.38308847673926,30.469240985350137,-1
2448,70.11294444627022,59.50308849325207,1.1705272646130636,20.5058826058696,48.94793298448364,51.87758932742544,Hidden Vault,Maze,Oracle Vision,Cursed Treasure,1,1,47.10972941134574,56.20262686311349,31.702823831252125,-1
2449,71.08208537126205,57.96987258691328,1.076468542858061,15.167382437324274,48.04181682296048,52.22319227660257,Clocktower,Symbol,Secret Code,Forbidden Magic,1,0,45.69063946479308,50.50887966148614,27.00689300261052,-1
2450,69.78381075965294,58.10150058941453,1.1731021178913013,18.680948756087453,48.97065785024782,54.75452219363683,Clocktower,Pattern,Oracle Vision,Lost Civilization,1,1,48.86592481933232,50.918456369108014,32.503318585042464,-1
2451,70.10386838722017,59.479192826296256,1.7512076037367696,20.36770291664989,51.57399693125102,56.69404420878699,Clocktower,Pattern,Hidden Door,Lost Civilization,0,0,50.59114137502639,54.83989338636994,34.5295751649121,-1
2452,69.86191153004735,57.96466073541989,1.2841468076333613,23.83983089511599,48.42931504732824,55.19255600997554,Clocktower,Pattern,Hidden Door,Cursed Treasure,1,1,48.96351479813009,49.96386919731732,27.242928635266622,-1
2453,70.76032950641248,60.1836591288658,0.9302475639594918,26.806528043744,50.511108898668496,47.083677691450106,Hidden Vault,Sequence,Secret Code,Ancient Prophecy,0,1,51.83903593257457,52.72517520576925,27.68072583265373,-1
2454,69.29162524791992,58.42006814622672,0.8786935158158284,19.262296722713444,50.74854276397596,50.34895464797552,Clocktower,Logic,Oracle Vision,Ancient Prophecy,0,1,47.57855769371405,46.2011587810743,28.263085538405686,-1
2455,67.76472799149741,59.25118965391727,1.997815903296116,29.99778417633503,47.99263281279244,52.33954279988592,Underground Market,Mechanical,Oracle Vision,Cursed Treasure,0,1,49.15568283558991,54.54976696667982,31.617026567839535,-1
2456,70.4337706087026,60.85418172107428,1.2723403999594156,19.62540966472651,48.35561223355925,50.49928586896892,Hidden Vault,Mechanical,Hidden Door,Ancient Prophecy,1,0,46.48932886766781,53.05079794773921,24.39040848111509,-1
2457,70.9524245350181,58.05434665668893,1.4732896860214948,24.676757045121672,51.232727797259095,51.39043295813566,Clocktower,Cipher,Hidden Door,Cursed Treasure,0,1,47.66676203165346,50.66983601979168,30.0032038996068,1
2458,70.4126135743759,58.83497042167341,1.115087327244806,30.177367872739552,48.24931635299207,46.13715938976705,Underground Market,Mechanical,Secret Code,Cursed Treasure,1,0,50.07124638290637,52.64903258152742,27.47773882818403,1
2459,69.32761888529575,59.82603132662686,1.446389375947608,21.20381831926012,49.56039056624166,53.78553250245826,Clocktower,Pattern,Hidden Door,Ancient Prophecy,1,0,46.00559845521844,49.42737786845704,34.346872597633386,-1
2460,68.83440815306471,59.72876585306886,1.791494096906319,13.627089437708392,52.71525854025707,46.811361902983855,Underground Market,Symbol,Secret Code,Lost Civilization,1,0,45.955736789270205,51.25043068907036,33.97745691050396,-1
2461,70.46544945734716,58.45531424714725,1.1616261839531494,20.936687322524666,51.13370148122316,47.56877618963167,Clocktower,Symbol,Hidden Door,Forbidden Magic,0,0,50.99536740599927,52.25213141583766,28.617324715902715,-1
2462,70.11392334152201,58.2720409839974,1.4984992267792705,17.4113983245624,49.80047556573636,48.96332303927088,Clocktower,Math,Secret Code,Cursed Treasure,1,1,47.69979220502372,50.8385761247685,30.01717325397993,-1
2463,69.84810499791658,58.56127810398932,0.9428252740296466,19.084896617871543,50.94240887837561,51.256165115578,Hidden Vault,Symbol,Secret Code,Cursed Treasure,1,1,45.79292530473807,52.07463951214924,30.092680639536876,-1
2464,71.7977749651733,60.24791514852478,1.9750426603582476,30.369384430240725,49.60611918494337,47.443186612052855,Clocktower,Cipher,Secret Code,Ancient Prophecy,1,1,53.90023447022812,52.59337200930455,31.94732256344665,-1
2465,69.0298862702573,58.52659558261527,1.4523847693499503,14.318125464398824,51.22604535877196,48.849019414837926,Underground Market,Symbol,Hidden Door,Lost Civilization,1,1,46.30713239367344,52.47491241211111,30.251869378575133,-1
2466,71.75305885990473,58.88946187875956,1.251634292677304,21.921718572363577,46.63800058942676,54.37236260577386,Underground Market,Symbol,Secret Code,Lost Civilization,1,1,50.618002929075466,47.90861870943795,27.21912045535254,-1
2467,70.01110193687892,58.390205133286486,1.289765747468064,16.018219276945175,49.50720653238887,51.21909911743644,Hidden Vault,Symbol,Oracle Vision,Lost Civilization,1,0,45.77339152304618,53.33087450412263,30.872127004816686,1
2468,68.14500445446147,59.52818623750413,1.2297789454186645,18.85597654751413,46.59530795208018,52.58386744674515,Clocktower,Math,Secret Code,Ancient Prophecy,1,1,48.8105487815681,50.02101944843047,25.45333972168107,-1
2469,69.80258987001903,58.983809409283616,1.2487879283956993,24.10591788159438,49.97556820523039,48.40939303937564,Hidden Vault,Symbol,Oracle Vision,Ancient Prophecy,1,1,51.36986068284764,51.39924515257556,27.809136997640167,-1
2470,70.94246687560204,57.83049787035405,0.6558864726417871,21.95996527192263,49.38799134356072,51.36540993860692,Clocktower,Sequence,Hidden Door,Ancient Prophecy,1,0,48.785335417621134,49.157395226907646,25.46225182139267,-1
2471,69.61905471088575,57.87075546683487,1.3644270822318747,19.23142297551233,51.7920807173732,51.16033348422158,Hidden Vault,Mechanical,Oracle Vision,Lost Civilization,0,0,48.97776341239099,50.29313452875313,29.145561119220137,-1
2472,68.51043080591761,56.84662248433986,1.3555410235843903,17.095020896382945,50.82745957618137,49.51182382273402,Clocktower,Mechanical,Secret Code,Ancient Prophecy,0,0,48.43774305660878,50.41631552639833,29.1886261267188,1
2473,69.82175506674416,58.0195556619838,1.5477967444876422,21.91185114232969,48.979324218274265,51.37230723970536,Clocktower,Math,Hidden Door,Forbidden Magic,0,0,47.53586393056836,51.879891235156656,32.47457352347084,-1
2474,69.13011811348255,59.65047242506285,1.2479544344742608,28.85733090250135,49.16787307233602,46.7696867679427,Hidden Vault,Pattern,Hidden Door,Lost Civilization,0,0,49.972792843570325,53.39136748439995,31.648466035545493,-1
2475,70.48008640466493,60.18593721978821,1.1772913484114655,15.799574234954967,50.35698827231079,52.596521860840326,Hidden Vault,Symbol,Oracle Vision,Lost Civilization,0,1,47.18750682769026,53.06657627996934,30.431073635247404,-1
2476,70.76261395352407,59.553385595277376,1.4099796420031192,29.85208952271546,48.93585275075978,50.501268206117146,Hidden Vault,Symbol,Hidden Door,Ancient Prophecy,1,0,49.21755491243748,50.2829502454706,30.537470495878623,-1
2477,68.93384647196147,59.42811045283734,0.9323165600279724,26.27869303227075,49.754888596149954,50.85695152044131,Hidden Vault,Symbol,Hidden Door,Ancient Prophecy,0,1,50.12724081596692,52.2895479314593,27.266746660586804,-1
2478,69.28517616630653,58.75260367256824,1.4627735979714742,27.1154078554678,51.78725281272152,53.62941450529196,Clocktower,Math,Hidden Door,Lost Civilization,1,1,51.75077368762307,51.964851826537526,27.5825345359928,-1
2479,70.7484466191761,59.65969617658485,0.8649250746877964,21.798237736727916,48.57727201545968,52.58008369364502,Clocktower,Symbol,Secret Code,Forbidden Magic,0,0,48.700767260088334,51.59537195719836,28.036039572973724,-1
2480,69.13374439121561,59.17671215390891,1.7634450107817363,26.099159119549363,49.15822078163813,50.70415202734722,Underground Market,Symbol,Hidden Door,Ancient Prophecy,0,1,49.98969447929871,52.323789275977376,32.22836334347824,-1
2481,68.91117562418371,60.70053560145946,1.6362131071040458,15.186787854938505,49.37735214758849,48.70853492721992,Clocktower,Symbol,Hidden Door,Lost Civilization,0,0,48.69990332282813,49.814330210373626,29.886178326977063,-1
2482,68.81534828640687,58.80329438333565,1.1568129901317172,16.878158388265877,54.58438226589995,54.821653511968975,Hidden Vault,Math,Hidden Door,Forbidden Magic,0,0,45.542352738718,48.02534266077361,29.767299357586907,-1
2483,70.34674425007893,60.25040119858764,1.6367505055644471,24.034880312406152,50.76841053714715,48.14969499518079,Hidden Vault,Pattern,Hidden Door,Ancient Prophecy,1,1,50.13904063902321,54.708961389418,29.384376127130857,-1
2484,70.30449012970358,59.787160943210544,1.4756072204541957,21.672469509052423,51.56292625480821,53.07341725650288,Clocktower,Maze,Hidden Door,Ancient Prophecy,1,1,47.54481052719853,51.900850330976574,32.01916342115206,-1
2485,69.31187370083096,59.654144203241984,1.14319702563908,19.43878062526199,51.02579213311464,47.50651513948409,Underground Market,Mechanical,Secret Code,Ancient Prophecy,1,0,46.22454580993834,52.794916386460265,30.249492499114915,-1
2486,70.00155299052112,56.91286393622586,0.8427874666273157,7.655064864074994,51.135476629621,53.794683257862815,Underground Market,Symbol,Secret Code,Lost Civilization,0,0,44.98123777648075,48.3309687474314,31.32800082033012,-1
2487,71.52410837848005,59.85919943678971,1.5483341013989598,17.97817121068217,50.60153067830024,54.02650213220892,Clocktower,Maze,Hidden Door,Lost Civilization,0,1,48.79065552491925,54.54619416541711,29.88321562456464,-1
2488,69.02338476906768,58.80815675869042,1.2188745750845684,14.272704437398591,50.44786082034535,46.71847289202883,Hidden Vault,Maze,Hidden Door,Cursed Treasure,1,1,46.80598187171557,51.95544032958368,29.523558728046755,-1
2489,68.04613177573486,58.49739333422343,1.7894081696518869,22.598076557576967,47.73262862274756,52.62333763171984,Hidden Vault,Mechanical,Secret Code,Forbidden Magic,0,0,47.75941953196291,50.13566586360032,31.05834817468341,-1
2490,70.45333994208283,57.464062087137386,1.468887811335798,19.16199381428252,50.454332789302335,52.41625911937464,Clocktower,Logic,Hidden Door,Lost Civilization,0,0,48.95088774413277,50.88729345157121,30.002999483235445,-1
2491,69.8882137030849,58.94704348249872,1.258565283680255,16.96376500621249,49.763812512550885,53.25762326171507,Underground Market,Symbol,Oracle Vision,Cursed Treasure,1,0,50.35309566785742,47.732291728970445,31.59419921291185,-1
2492,69.28890079634121,58.991837869827016,2.011555909050393,33.30725124377759,50.75330662762186,52.4131006875458,Clocktower,Maze,Secret Code,Forbidden Magic,0,0,53.68533666154916,52.19120582913468,35.89916913806958,-1
2493,70.65127764915576,57.660940156021205,1.6489040143370173,25.271002171280983,49.83762715126162,49.094210768024446,Clocktower,Math,Oracle Vision,Ancient Prophecy,1,0,50.648830638366725,53.303837936098645,29.303295462218998,-1
2494,70.83865459490762,57.49631783794947,0.3832112562103604,25.346921325144677,51.09745805364448,50.95691758132532,Clocktower,Symbol,Oracle Vision,Forbidden Magic,0,0,51.11708315116132,51.097472661087984,26.165407690842567,-1
2495,67.79134397629893,59.46187353205245,1.337587976778234,31.06606706558901,51.37140709982915,55.66161634108492,Clocktower,Logic,Hidden Door,Cursed Treasure,0,0,49.396822478447646,52.26987891143728,33.68516538127863,-1
2496,69.34717713838863,59.85261531203462,1.0720480446443583,24.053380892525187,45.60206557966176,48.73046631012607,Hidden Vault,Mechanical,Secret Code,Cursed Treasure,0,1,48.50594236851488,50.38318136298141,27.73555290592757,-1
2497,72.31740483454763,59.1768492878057,1.2511053195401711,16.17508250165321,49.328264337613625,52.30714489587793,Hidden Vault,Mechanical,Hidden Door,Ancient Prophecy,1,0,49.22788951256748,53.45497059897737,29.902977046599936,-1
2498,70.58336757774791,60.14305727223197,1.451395449140213,15.57780131330192,47.2018215586936,54.37813468488763,Clocktower,Sequence,Hidden Door,Cursed Treasure,0,1,47.19866139007104,54.00252302346238,30.08897330797706,-1
2499,70.6761008610828,58.91149391050772,1.6048004842496395,24.82922736096886,50.35511733629912,49.02311797784839,Underground Market,Symbol,Oracle Vision,Forbidden Magic,0,0,51.44046607740338,50.44518113481178,32.90853949105929,1
2500,71.17288656414875,58.9491839003108,1.5807664975931346,9.6953726563118,49.55443658822414,47.95803338221047,Clocktower,Sequence,Hidden Door,Lost Civilization,0,0,48.14648974227484,51.89260976394196,31.878611878009107,-1
2501,70.01701667539311,58.09216341325505,1.8294894071677,19.59067640054166,52.04804040512304,48.33474416587219,Hidden Vault,Logic,Secret Code,Forbidden Magic,1,1,47.68388100341083,51.538551343144576,33.76916785637325,-1
2502,70.79654807734433,57.454605699052905,1.7008773581766026,9.111383200479755,50.33396295946377,52.487428403941,Hidden Vault,Symbol,Hidden Door,Lost Civilization,0,0,41.192910728316505,51.08855892614369,31.989641016870557,-1
2503,70.71780253136129,60.87516599229597,1.686091721426812,20.448653215011564,49.30359882258527,48.313490567520766,Underground Market,Logic,Oracle Vision,Ancient Prophecy,0,0,52.63365533490146,50.92788534789883,34.09261491084144,-1
2504,70.53861905897905,60.15745901762808,1.5778843600185997,24.212217583414123,51.44854830029304,51.16159989841981,Clocktower,Symbol,Oracle Vision,Ancient Prophecy,0,0,48.281847844269166,54.68548382266495,31.503243473795514,-1
2505,69.67736317235077,57.639303416187474,1.907244347539244,21.32637475150975,49.572183719491065,54.92817849075805,Hidden Vault,Symbol,Secret Code,Cursed Treasure,1,1,48.59465373506074,51.39238603087359,32.41754328510656,-1
2506,70.17119215411476,59.193223794004325,1.430088551345961,24.607274733687227,49.311286530316615,51.37172968897842,Hidden Vault,Cipher,Oracle Vision,Forbidden Magic,1,1,50.939882286028975,53.70232467581575,33.47998453489098,-1
2507,69.41049026664928,58.94308134471014,1.4416459359574527,29.72829363904019,50.657515316034186,49.55546802959799,Clocktower,Mechanical,Secret Code,Forbidden Magic,0,1,53.382729329387786,49.16097226288652,31.74679443104252,-1
2508,70.01134524793602,58.77479079897988,0.9608286784889236,19.17389788775877,52.49532731067824,51.81352418178346,Clocktower,Math,Hidden Door,Forbidden Magic,1,1,51.37104493222949,49.5282458725685,29.957806888617228,-1
2509,68.82967968005825,58.64542086724068,1.8531118167821168,33.91727530507112,51.3649896514288,51.32831786482919,Underground Market,Logic,Oracle Vision,Ancient Prophecy,0,0,50.74524412402136,55.4435825162731,34.35643546615391,-1
2510,69.2071467296056,59.44136311141572,1.516944733652525,20.92980267527269,50.94384816174119,52.631644097008106,Underground Market,Mechanical,Oracle Vision,Forbidden Magic,1,1,50.182608374231016,54.09198239088229,31.994282097293805,-1
2511,69.71501935155604,59.88392452568728,2.423861752623861,24.599709924613503,54.22866263018043,55.54786138454713,Underground Market,Pattern,Hidden Door,Ancient Prophecy,0,0,49.6048844150674,51.134304387501615,35.33154787972608,1
2512,69.05314716287282,59.47379497128532,1.4258753235487696,16.786002985927716,49.012410912680906,52.49192214709244,Clocktower,Mechanical,Oracle Vision,Forbidden Magic,0,1,51.95409653392676,53.17044388486328,30.699909999965165,-1
2513,69.4913170573271,58.95653997609057,1.5778609565477706,27.925318655205963,48.98773320032494,56.58445627941476,Clocktower,Sequence,Oracle Vision,Forbidden Magic,0,0,52.27327527947813,50.13549617837762,29.187775821701965,-1
2514,69.8318506231512,58.92548590786168,1.718988473365919,25.024732218629552,50.34694584610549,52.638254758693854,Underground Market,Maze,Oracle Vision,Lost Civilization,0,1,49.05158186265495,47.919810252930446,35.702971501719006,-1
2515,70.39744175997795,60.02518092192887,1.2282133346039166,27.16087049804037,52.40991038253949,49.58167176822989,Hidden Vault,Cipher,Hidden Door,Cursed Treasure,0,1,48.80058057100909,48.29910759461088,31.59536242958944,-1
2516,70.94380008204264,59.55746520924709,1.6700906364570636,20.063569163629577,48.73361836419296,57.220757485571504,Hidden Vault,Logic,Oracle Vision,Cursed Treasure,0,1,43.33217134928656,51.392971647480834,29.17075690711636,1
2517,69.53008232944354,59.17236306606484,1.576664191388153,13.501392632533042,52.78677991868639,51.18795495663696,Clocktower,Sequence,Oracle Vision,Forbidden Magic,1,0,47.11781904718632,55.09961244364285,31.91478500150162,-1
2518,71.32825580115397,59.069425283004605,1.4788949753421567,22.067901402250776,48.00500798358395,48.862769420272485,Hidden Vault,Sequence,Oracle Vision,Lost Civilization,0,0,51.43422141734912,53.99237548739165,31.43724039446402,1
2519,70.93100731507167,59.45624969337382,1.9255143088647768,11.26824925701874,49.99063216886867,57.30932165907484,Clocktower,Sequence,Secret Code,Cursed Treasure,1,0,47.430000054948536,54.13779112907253,30.515115251379463,1
2520,70.49569569790285,58.64828270384636,1.306336001140201,18.059853814730623,50.441421932919134,49.6672077845488,Underground Market,Mechanical,Secret Code,Forbidden Magic,1,1,43.00854466842247,52.802104492374895,35.88698366332524,-1
2521,70.14441720956418,59.94382200375309,1.6636543399753716,20.68361993474973,48.86603624199414,49.56902641991026,Clocktower,Cipher,Secret Code,Forbidden Magic,0,0,45.775714326784495,52.36861197185026,28.177129793553867,-1
2522,70.30901572947394,58.05207598394968,2.021301465510823,31.60177456228635,49.26688957416176,50.12132372988898,Clocktower,Sequence,Oracle Vision,Forbidden Magic,0,1,52.627588762163846,52.79375928228831,34.56996041082694,-1
2523,71.17603344726118,58.7221289405777,1.3766292943644638,21.295831956833418,51.40243999920321,51.91156603330551,Clocktower,Symbol,Hidden Door,Forbidden Magic,0,1,52.665417126368304,47.36420555309667,30.23451876805655,-1
2524,71.21160997600641,59.75034197547278,1.5032586291899483,20.38821250902778,52.37857703674754,53.82715349362222,Hidden Vault,Symbol,Oracle Vision,Cursed Treasure,0,1,48.73232213286678,54.28053062798822,30.5845904320904,-1
2525,71.32198568434646,58.012003001394646,2.299619144741185,19.36279979887245,47.05307283682746,44.878020965779534,Clocktower,Symbol,Hidden Door,Forbidden Magic,0,1,50.78506786345298,47.777006350940624,33.80047697921505,-1
2526,70.02733505740802,57.577526691776605,1.7420429851683108,12.954944659456611,50.50408356191056,53.816251213278754,Hidden Vault,Logic,Oracle Vision,Ancient Prophecy,0,1,43.8340707854048,48.57963929172588,31.312299531037727,-1
2527,70.53990530012838,59.21926179440481,1.4515586404452168,20.081966176224167,50.07250170784105,50.11366349417592,Underground Market,Symbol,Oracle Vision,Ancient Prophecy,1,0,48.76278909824893,52.85968791675806,34.02559111729111,-1
2528,71.3273752019477,57.46537429386999,1.8478916471701128,20.15468869821244,50.41229098355822,50.46776389209967,Underground Market,Symbol,Hidden Door,Forbidden Magic,0,0,48.29351146871934,52.16568157611478,29.79512833046897,-1
2529,69.35896388215752,57.86867664831803,1.440356397601848,14.784671749967943,49.78477326188203,55.78797952730329,Hidden Vault,Symbol,Oracle Vision,Cursed Treasure,1,1,48.42595880194671,49.24561145502541,31.778369171432555,1
2530,69.6630749579999,59.92972147956549,1.14498362866619,13.681425652986766,48.33291401558863,52.0332703996725,Clocktower,Math,Secret Code,Cursed Treasure,1,1,44.8226000088232,52.909773760318,28.195946488628536,-1
2531,69.99630105400395,58.97398864670351,2.0298350222681214,17.194740417210756,52.59080623224315,52.61925336966275,Underground Market,Logic,Secret Code,Cursed Treasure,1,1,50.51022812529548,52.92581716901356,35.00730098147365,-1
2532,70.87859640499036,60.46990676175691,1.2908687735700304,19.91469945770621,52.02506608986592,51.37859971295109,Clocktower,Cipher,Hidden Door,Forbidden Magic,1,1,47.8861427130661,52.11265341231164,32.204197802144016,-1
2533,70.89286380300658,57.98525072326738,2.360954127564944,17.289705039443966,50.138793299566856,53.40910645970584,Hidden Vault,Logic,Secret Code,Ancient Prophecy,0,0,45.5829038013328,50.92513588700994,31.049976116345352,-1
2534,69.74548224851982,59.10175727507977,1.482287280002394,14.310540747159054,49.57100694960838,55.5450264323872,Clocktower,Logic,Secret Code,Forbidden Magic,0,0,44.06783693778377,55.4471995785245,31.182666727650428,-1
2535,68.46635234820477,59.60093807471179,2.272705707592815,20.99872199190112,49.39800963670542,45.3123367923174,Underground Market,Logic,Hidden Door,Cursed Treasure,1,1,46.13457374179748,51.03712252353488,35.96793443748805,-1
2536,70.21972193885595,58.03648175638882,1.225756743965969,22.23413829642575,46.442378513117326,54.21154497684061,Clocktower,Logic,Oracle Vision,Lost Civilization,1,1,49.54320930808673,49.41982895224186,29.056990491662702,-1
2537,69.05375881237534,60.24440102019224,1.9476301461501055,20.133736892466302,50.86027002245274,55.36758265968838,Underground Market,Math,Oracle Vision,Cursed Treasure,1,0,46.25241640508284,52.64314900439619,32.48311459805754,-1
2538,68.48063647782237,59.728959672136845,1.793515996141495,16.69977969465879,51.508700478275216,52.75265811975148,Clocktower,Symbol,Oracle Vision,Forbidden Magic,1,1,44.45736104378911,51.74610507376992,30.100804533276317,-1
2539,68.70515964693703,57.61463459960966,1.898529858446095,22.476344054641984,50.55373690341909,49.80659394323788,Underground Market,Maze,Oracle Vision,Cursed Treasure,1,0,49.74561510762363,52.021996396579375,33.8868886434603,-1
2540,70.2938315483951,59.191819991410405,1.941212306667949,18.53689897086681,50.2260410001766,48.61931888024956,Underground Market,Maze,Oracle Vision,Lost Civilization,1,0,41.314931399420175,54.41797011286072,36.63008407755071,-1
2541,71.32686805764016,59.62115780914557,1.505072878489017,13.531614160214456,50.56427595637271,57.404614217283154,Underground Market,Mechanical,Oracle Vision,Forbidden Magic,0,0,45.99584180977713,51.35432817941064,32.62616752994761,-1
2542,70.00306620837559,58.6507828485261,1.2653254134621048,24.645702575635504,49.09300971530763,49.23754078344284,Hidden Vault,Maze,Oracle Vision,Forbidden Magic,0,0,46.72707420224572,49.16057964816679,31.92324434576095,-1
2543,70.17385419787338,57.76661220956812,1.6462764064902464,21.21946984673017,49.63215662205036,55.29410392764063,Hidden Vault,Logic,Secret Code,Ancient Prophecy,1,1,46.73304459605544,54.31287575712976,33.26721741586522,-1
2544,71.14363120561794,59.53057262136196,1.7320247738050278,18.842928037598867,50.140623314046,52.47627831118943,Hidden Vault,Sequence,Secret Code,Ancient Prophecy,1,1,48.82655698182859,51.93914445027033,31.21225302302823,-1
2545,68.41450497074837,61.46899260281196,1.5271168898204903,11.571569243322788,51.44376356136517,56.61457701503706,Clocktower,Logic,Oracle Vision,Cursed Treasure,0,0,44.10970846537577,49.90799204943874,32.01132533302621,-1
2546,70.47732082164441,58.8764004577294,1.755481453378803,15.689980478805168,52.47565438457416,50.70434958922534,Clocktower,Pattern,Hidden Door,Forbidden Magic,0,1,46.40225470768733,55.43315945271921,34.99679939279633,-1
2547,69.94370006098485,60.8382597062412,1.7746381127445303,29.494562968772183,50.07225530137998,47.48104769095778,Clocktower,Math,Oracle Vision,Cursed Treasure,1,1,53.193606685151096,54.853608185953966,28.975239800869808,-1
2548,70.51945369275543,58.52236271494829,1.406267714316406,11.847477575045964,48.85740094985027,51.50542711798985,Underground Market,Maze,Hidden Door,Forbidden Magic,0,1,45.83867916867421,53.93981913585742,31.35725743054144,-1
2549,69.46797967619798,59.49582920713243,1.8012820309975366,18.119895928871056,50.4866434153662,47.78388090524896,Clocktower,Math,Secret Code,Forbidden Magic,1,1,50.72887033159393,54.61290417617776,34.966285475024485,-1
2550,69.13155462599644,60.05743714204982,1.606131640993352,19.282418942800703,53.45899548746242,58.192651328019,Hidden Vault,Mechanical,Oracle Vision,Ancient Prophecy,0,1,48.6880420144396,58.02198122118211,33.051305779170974,-1
2551,70.08799015314169,59.283130967874655,1.4797949837210684,20.953938133794587,49.01362620540565,53.07374556020219,Hidden Vault,Mechanical,Hidden Door,Ancient Prophecy,1,1,46.405556088958775,49.22704351387775,32.05403260872415,-1
2552,71.5946229250901,58.99943797124442,1.9294850062697373,11.853156964269374,51.787665302501296,53.44532612338615,Underground Market,Mechanical,Hidden Door,Cursed Treasure,0,0,50.38090478490459,50.06584349096202,32.50302928910262,-1
2553,70.80425309990241,60.02892907135284,1.4636473195401605,20.19735142640201,52.4714044580155,53.446925707565136,Underground Market,Symbol,Hidden Door,Ancient Prophecy,1,1,49.09796797684407,51.53000388137119,32.16676015286137,-1
2554,69.43352268011591,61.19988351873935,1.5632054340580577,10.883402397125762,49.935991728805526,49.76602579844168,Clocktower,Math,Hidden Door,Cursed Treasure,0,0,48.66863004568703,51.78542439598735,30.67459291605924,-1
2555,68.59807695158801,59.614641085165225,1.725270606949102,19.7885343395074,49.43346833386609,51.16992376870736,Underground Market,Mechanical,Hidden Door,Ancient Prophecy,1,0,46.56321538673951,51.86284479051526,32.53744197706303,-1
2556,68.25477634487586,58.80361862464139,2.1193868956298623,16.026862516279397,51.35552202848049,51.77591157839943,Hidden Vault,Pattern,Secret Code,Ancient Prophecy,1,0,46.30538805662518,50.4538400356279,33.94625737928954,-1
2557,71.25069884693644,59.13555074815271,1.7683549114215245,14.946968653097016,51.03143442398282,56.35972115854864,Hidden Vault,Pattern,Secret Code,Lost Civilization,0,0,48.09873823474112,49.22207120417527,29.23677807578268,-1
2558,68.97723402113118,61.850632298902816,1.872420492770685,23.4378648007518,51.552283074123416,48.60727050354417,Hidden Vault,Mechanical,Secret Code,Lost Civilization,0,1,48.08147230446881,51.85702417713498,31.82956862802667,-1
2559,69.60448098066621,59.4714529410585,1.6280433692110767,18.0732129734972,53.629188643809314,49.678540275613,Hidden Vault,Mechanical,Oracle Vision,Forbidden Magic,0,1,49.72849247162265,51.768348617912224,37.21178498346394,-1
2560,71.24884479727382,58.74775210124089,1.6971790182329138,21.607264580736253,50.77768696857757,50.59267223443496,Underground Market,Symbol,Oracle Vision,Cursed Treasure,0,0,53.09665026959378,53.56756476606563,33.31262992273738,-1
2561,68.31133270970433,58.20271664209229,1.709439956779221,21.76031268175053,48.74726230515507,49.8158833522234,Clocktower,Mechanical,Oracle Vision,Forbidden Magic,0,0,42.92804087311475,49.340733725191406,27.01554801197682,-1
2562,71.41506040879145,57.5275009869019,1.8154594725964728,25.563414360881573,50.64403165588704,47.852683863706126,Clocktower,Sequence,Oracle Vision,Cursed Treasure,0,1,52.14769730352237,52.01799266011987,34.99949122209788,-1
2563,69.66667844377966,59.72260262101474,1.6420288671386023,13.15982824162553,50.91486838798719,44.738238698937685,Underground Market,Math,Oracle Vision,Cursed Treasure,1,0,43.95894791905309,49.3462376648304,29.71990695077139,-1
2564,68.76921986947116,60.01927532989657,2.1361575136374285,23.783666558130424,52.46173700259047,46.93288883582191,Clocktower,Pattern,Secret Code,Cursed Treasure,1,1,43.21101498138227,46.108044771679,36.56224817529995,-1
2565,69.66789785812215,58.9735508507995,1.6255327671862072,19.258368935493674,50.27427744677142,54.247574831453726,Hidden Vault,Symbol,Oracle Vision,Forbidden Magic,1,1,48.61228590844977,51.069990890268976,34.223738141235074,-1
2566,69.1900589431777,59.36088899025975,1.2286218815968477,17.272911800990492,49.96425126165248,51.479452747551946,Underground Market,Maze,Oracle Vision,Lost Civilization,0,0,47.734455901203525,50.32545508258864,30.099993204722526,-1
2567,70.35084382714523,58.21100874041038,2.566931091217174,13.404757307975654,48.52947980642103,53.58884729063517,Underground Market,Symbol,Oracle Vision,Cursed Treasure,0,1,47.5921878388036,48.6901276847616,32.53867848996255,-1
2568,69.25922128835104,59.52000859987079,1.6491655071226092,22.17144075407181,51.41579643051681,50.0437160102291,Hidden Vault,Pattern,Oracle Vision,Forbidden Magic,0,0,48.94902075503922,49.949464763156826,30.87423263064407,-1
2569,67.9930026220261,59.874183764949166,2.1445969849999527,14.514841743246482,55.62538295305423,51.25416084935227,Clocktower,Math,Secret Code,Ancient Prophecy,0,1,46.90030454275695,51.62197493170927,37.6495956951196,-1
2570,69.68133485269848,58.86313109061104,2.175338979910188,21.702476569271997,50.27756895916437,55.53289375239721,Underground Market,Logic,Secret Code,Ancient Prophecy,0,1,47.1134462797122,49.28500569223913,31.56917172930492,-1
2571,68.54256635956902,61.094353524887374,2.0407072582564845,28.74007818438608,51.29775929322689,55.38180651414354,Clocktower,Logic,Hidden Door,Lost Civilization,0,0,50.274232049367065,51.23212722946819,32.647922381687984,-1
2572,70.10060681868795,58.5723985902771,1.700961410418518,23.98829162698457,49.80643701157321,53.85493033148069,Hidden Vault,Math,Oracle Vision,Cursed Treasure,0,1,50.65318411616528,48.244271712331965,32.73285211123927,-1
2573,68.70629365124674,59.69858412704359,1.849586824913396,26.0330615968294,48.71460618369258,52.00604446822605,Clocktower,Cipher,Hidden Door,Cursed Treasure,0,0,51.73960691491561,47.27312886341906,30.45330093130494,-1
2574,69.40250978344508,60.26902587309158,1.384425127071977,15.468351090865028,51.29622242511316,52.7949235688731,Underground Market,Math,Hidden Door,Forbidden Magic,1,0,46.36970214283083,48.02874761990348,34.02737448571912,-1
2575,70.0701705768252,59.34901878805065,2.367004159355017,22.86452669336274,50.69547341326426,52.42659574661348,Underground Market,Logic,Oracle Vision,Lost Civilization,0,0,48.47386922350893,56.60558609796052,32.73959446645599,1
2576,69.67214584550622,59.24342958866352,1.5175843105722615,13.317274672302396,47.08316960340221,51.0826830158647,Clocktower,Math,Secret Code,Ancient Prophecy,1,1,45.68799211995912,50.76054105047699,23.03560858147492,-1
2577,70.13201829281539,58.00863684111086,1.7001065694048358,17.858424439729923,53.084840918770965,50.48907547639901,Underground Market,Maze,Hidden Door,Lost Civilization,1,0,45.04955209671604,54.272098865140165,31.786405201376823,-1
2578,70.55882028593734,60.80043951602892,1.8091078387163408,27.71969027741995,51.302028473512415,54.30591986325281,Clocktower,Cipher,Hidden Door,Forbidden Magic,1,1,52.19044782623098,52.46553109867755,33.50769241780063,-1
2579,68.71750623219052,59.278798272257376,1.7502991083958508,15.96161156677924,50.79719617436388,48.26093112775966,Underground Market,Sequence,Oracle Vision,Lost Civilization,0,1,43.10435339575134,51.36604490856008,34.126454345168355,-1
2580,69.80791093484011,59.99164875744856,1.588572122859378,24.545097700991143,50.06164520955117,55.21839569312161,Underground Market,Math,Oracle Vision,Forbidden Magic,1,1,50.03020407727613,52.61982442038911,30.568333895142427,-1
2581,66.53963498426215,60.13259406406091,2.2070226498283056,24.054046224723265,51.310795884370606,50.81139298313047,Underground Market,Sequence,Secret Code,Lost Civilization,0,1,47.309143302493176,53.63511631800613,33.92902820284487,-1
2582,70.11326418381995,58.83716369309595,2.0768751243172243,24.33701620856862,51.38817925709745,48.214866238255794,Clocktower,Symbol,Oracle Vision,Lost Civilization,1,1,46.2671182420281,48.97031153074656,33.93981734819754,-1
2583,69.56187067786793,59.27352053509476,1.891459309385931,12.61579911249174,51.3212842365112,50.13623785575847,Underground Market,Logic,Secret Code,Ancient Prophecy,0,1,42.53396993700469,50.99617152767213,36.71030384299329,-1
2584,68.87595082866181,60.81111676990038,1.6780162701735764,21.5643145164547,52.32949466869999,49.31398028227181,Underground Market,Logic,Secret Code,Cursed Treasure,0,0,46.08748190617397,53.64324419564272,33.63433032053358,-1
2585,70.1717976885551,58.365020338831215,2.120185044739291,18.14281922746269,52.67860079853426,50.06081411974037,Clocktower,Maze,Oracle Vision,Cursed Treasure,1,0,46.85804042638133,47.52418291864872,33.83449425312721,-1
2586,71.0254154405906,61.61571795053889,1.664564675120722,24.35580041250113,53.75225815037972,50.01511620328209,Clocktower,Symbol,Secret Code,Forbidden Magic,1,1,52.88294795140753,56.47613083725907,37.63791797207715,-1
2587,69.37330166916416,58.74850722766787,2.278008513577217,10.625819910910414,49.49676549156339,49.91576307156194,Hidden Vault,Logic,Secret Code,Cursed Treasure,0,0,44.59025664211403,53.14882299316542,33.882833276859245,-1
2588,68.9010684696476,58.31944093958224,1.843225477578901,20.72726887618215,49.9000421500532,50.73010732965041,Clocktower,Mechanical,Oracle Vision,Cursed Treasure,0,1,48.65179561598703,46.600064326838776,28.17228944672934,-1
2589,70.00743378915634,59.63684402647575,2.1817442785948806,20.0077147227216,51.31007861426564,51.33806666984732,Clocktower,Cipher,Secret Code,Cursed Treasure,0,0,50.53998544486649,50.24980559106256,31.608362900182097,-1
2590,68.50328948491004,61.7184580861535,1.7815965485058411,8.91276607603579,49.60778514876046,53.40964908795242,Underground Market,Math,Hidden Door,Ancient Prophecy,0,0,45.92213809606196,53.3341771732472,33.04675225168108,-1
2591,69.17496449855318,57.60471688889224,1.84011746830912,14.42376083138845,49.8574998745585,50.887618420032254,Hidden Vault,Sequence,Secret Code,Cursed Treasure,0,1,45.81798752280714,51.978486417144914,28.73476536124073,-1
2592,71.05415987602245,59.38023827549888,2.1891805751592623,9.687616211414404,51.505452717924,52.31505201656898,Clocktower,Maze,Oracle Vision,Lost Civilization,0,0,44.12773023794435,54.91951172884859,35.50555082882441,-1
2593,69.89031095264976,60.00308832777797,2.482610256218423,15.19411726779781,52.151942400484245,51.51882828012135,Underground Market,Cipher,Oracle Vision,Forbidden Magic,0,0,47.4901308713179,51.15786756311172,34.446476303003564,-1
2594,67.94500096634404,59.56604071282051,2.2954027570965083,21.55949755615313,52.72262582313892,52.8514519262324,Clocktower,Cipher,Secret Code,Forbidden Magic,1,0,45.86370620957872,56.91709501521706,37.89835620396695,-1
2595,68.02377472562907,59.91987797549095,2.093274483370343,19.77776024120693,50.52785164699859,51.61668834913965,Underground Market,Symbol,Hidden Door,Lost Civilization,0,1,50.37720221278448,51.95196626331221,33.97204949006953,-1
2596,69.97911277989012,58.8254868621734,2.009741736090457,19.63545489050671,51.51952627871992,49.88294556170757,Underground Market,Sequence,Hidden Door,Cursed Treasure,0,0,49.61370113395656,51.033490254783366,30.52468526533093,-1
2597,70.67564068613625,58.949359805149,1.683675770163974,13.577237981609818,51.19694103985657,49.20450086839853,Underground Market,Symbol,Oracle Vision,Lost Civilization,0,1,46.89594841433204,52.62738957940679,34.16161969257319,-1
2598,68.19181402050386,59.40621875876193,1.9271138735400264,24.36575695641094,50.86728208823412,52.02557399626053,Hidden Vault,Symbol,Hidden Door,Cursed Treasure,1,1,49.25015903134936,52.379390582173706,35.869291641945765,-1
2599,70.25529583914187,58.43031110120114,1.567395514525305,18.65693403321498,49.62475738427786,54.6834462247516,Underground Market,Sequence,Oracle Vision,Forbidden Magic,0,0,48.106830692476805,51.33593699748275,28.528294130888,1
2600,71.13203691329349,59.5210685794315,1.9567908156118177,18.90708138574941,49.441913282736586,50.92718843247566,Clocktower,Maze,Secret Code,Lost Civilization,0,0,47.61468730387367,55.54545294536723,30.94254254157932,-1
2601,71.68562502797413,59.18256346780309,1.9787977105835304,23.42809206161135,51.86468428971464,49.747840865429495,Clocktower,Mechanical,Secret Code,Cursed Treasure,1,1,51.03702249174705,52.29547250255624,34.85230135244402,-1
2602,70.12502393292124,59.106815326014974,1.261235582824984,13.756899383514156,49.62336851827066,50.85957331182108,Underground Market,Logic,Secret Code,Cursed Treasure,0,1,45.71630037417262,49.33089587178698,31.22005638017177,-1
2603,70.29660143864511,59.90291662282054,1.863797442989596,19.84390290880545,48.21512793085854,50.09651372274378,Underground Market,Sequence,Hidden Door,Cursed Treasure,1,1,52.004508600703815,49.89555745084526,36.26924501471878,-1
2604,67.6525746650023,57.76729834570319,1.9793050341884533,20.80601450698707,50.84075572178856,49.832548702220215,Underground Market,Maze,Secret Code,Ancient Prophecy,0,1,45.44794235056051,53.55050935040352,35.11941510407119,-1
2605,71.8814345065614,59.364413274107584,1.8323761291382832,15.948401358799064,53.07913250446248,47.89101354624937,Hidden Vault,Cipher,Secret Code,Ancient Prophecy,1,1,48.93097596210305,53.538574100642016,38.67063888138668,-1
2606,69.20207726906125,61.91640057188801,1.967529926817407,21.925651166795504,46.71185339163716,50.88897928434528,Underground Market,Symbol,Secret Code,Lost Civilization,1,0,46.53348872540704,49.57115315636783,31.26486835095292,-1
2607,68.83994454560978,58.51847841921814,1.460204308726193,21.036944379995244,50.47947313893669,52.08944288460847,Hidden Vault,Symbol,Hidden Door,Lost Civilization,1,1,46.028721774297686,47.84777906062716,31.84780713969315,-1
2608,69.51402053075502,60.89562775208863,1.6325467661248674,18.13299136011268,51.9326126957803,48.79523960700487,Underground Market,Symbol,Oracle Vision,Forbidden Magic,0,1,43.57612999812181,53.06357106788391,31.360235810032474,-1
2609,71.27667382118709,59.6703203576764,2.1783518052575905,17.965669015955285,48.19234979540568,49.30415062433036,Clocktower,Pattern,Secret Code,Lost Civilization,0,0,48.97865520704504,52.64067095903098,31.76437626958307,-1
2610,71.96878301873171,59.018241220457774,1.8705852311233917,21.23171247126568,50.61538116563606,49.129845013779466,Hidden Vault,Pattern,Oracle Vision,Cursed Treasure,1,0,48.48585173052822,50.07974980055486,33.084232168476426,-1
2611,69.88184507932945,58.30608995412563,1.974899732891392,22.543882287073394,49.23396266439893,48.033305082384494,Underground Market,Math,Secret Code,Ancient Prophecy,1,0,50.85905077135232,47.30071500218701,31.351571930943763,-1
2612,70.7501829080678,59.77194393533024,1.7114807858361425,18.90358178862315,49.440131097745486,49.11101974090183,Underground Market,Sequence,Hidden Door,Lost Civilization,0,1,48.94777506666133,49.47804350445565,26.43781642870353,-1
2613,69.79092806953766,61.091187184663056,1.883765082813074,24.177586847352917,50.35500229097991,51.00535892793511,Underground Market,Symbol,Oracle Vision,Ancient Prophecy,0,0,49.42428221198706,56.12633368207555,31.378960113977943,-1
2614,68.70551682619774,59.25410477521732,1.1897714687597756,21.85682895000503,49.281620547728096,48.14485548488791,Underground Market,Sequence,Hidden Door,Lost Civilization,1,1,44.95936123275165,52.32813747626291,31.553284399703543,-1
2615,71.2156072849074,59.56787805036189,2.1366153166679727,9.609441250211107,49.164585405934645,51.15614383133791,Clocktower,Mechanical,Secret Code,Ancient Prophecy,1,1,46.78200735574365,53.53059584319708,33.27437201008581,-1
2616,69.11225052913404,60.66473157345711,2.427606425952571,11.51484166023851,50.89286405951625,49.74133301884896,Hidden Vault,Maze,Secret Code,Cursed Treasure,1,1,43.59751051171308,54.973871548594296,35.31367669534198,-1
2617,71.26538630299501,60.00075043663762,1.5681142380621895,24.438067699920264,54.33007650368372,49.17754485294926,Underground Market,Symbol,Secret Code,Lost Civilization,0,1,47.22497469947033,51.61452819087436,31.91060534627921,-1
2618,71.02383754894366,58.09312044182889,1.6078907284653206,17.280594731723003,52.1336199668078,52.44302204093283,Hidden Vault,Cipher,Hidden Door,Cursed Treasure,1,1,48.65950790794073,50.345838302067925,33.16427358671661,-1
2619,70.33473638712304,59.76979764829786,2.024603054564048,19.32291063437358,52.52042192284574,49.89968598671524,Hidden Vault,Maze,Hidden Door,Ancient Prophecy,1,1,45.48112978153768,52.00693196720121,37.675939724561445,-1
2620,71.54504204323558,61.18865716902244,2.3368292575152063,24.186057606670545,52.20811476802996,50.32496533483088,Underground Market,Symbol,Hidden Door,Forbidden Magic,1,0,46.00059310720446,54.107052643417845,38.25278716415082,-1
2621,71.94374378955355,59.644990493234864,1.8963402129964304,18.44512481581706,49.97352943889888,54.74501702500054,Underground Market,Cipher,Hidden Door,Lost Civilization,0,1,51.2940526280836,53.92520891990304,33.303863391642,-1
2622,69.53144821447074,56.94594924741676,1.530455361352169,18.651097240866505,51.49360721183089,49.19986091564508,Hidden Vault,Logic,Secret Code,Ancient Prophecy,0,1,46.1927340952304,53.900648820334204,30.161176963406145,1
2623,68.8931546782378,60.0811582219468,1.838924247768567,14.108693744772022,52.68143938623441,55.41468636898091,Hidden Vault,Mechanical,Secret Code,Lost Civilization,0,0,42.0795248134487,54.22170297208004,37.23081281026762,-1
2624,67.83289962360166,59.49998888097531,1.5947656091443023,20.28989560586816,52.2849232936704,50.63052217736835,Hidden Vault,Symbol,Oracle Vision,Ancient Prophecy,0,1,44.86152483456863,53.750148558776864,34.64000946593565,-1
2625,71.93703587267072,57.87485051390477,1.7053041960024076,21.36006979037123,51.34174252521451,48.65966341782008,Clocktower,Mechanical,Oracle Vision,Cursed Treasure,0,0,48.12813926657044,54.6340056380984,29.530399992648444,-1
2626,69.24781930443693,58.03023394267168,1.8169355150290376,15.525687620749846,51.83746435746974,50.11512914734496,Clocktower,Mechanical,Secret Code,Ancient Prophecy,0,1,48.49485244947506,50.57853910648672,29.672885834030858,-1
2627,70.81764945421892,60.69004375896528,1.6315170149541056,13.792580528492142,54.75916370106097,51.67193726655593,Clocktower,Logic,Secret Code,Lost Civilization,1,1,43.30242831091372,55.81286930326484,31.054787010867408,-1
2628,68.93643214929013,58.9880459115516,1.6790858833384914,31.521726833891226,52.33145510693617,54.63625964960178,Hidden Vault,Pattern,Hidden Door,Forbidden Magic,0,0,48.1405647762428,52.914488179726455,31.89473444371704,-1
2629,71.2109917619476,58.8184217568768,1.936937550435016,17.913333889805447,50.606968020119226,53.4970620214082,Clocktower,Maze,Secret Code,Ancient Prophecy,0,0,50.06140121388166,52.52419293511839,34.85479985204361,-1
2630,68.96761086700108,59.695766476628975,1.9811842638350143,14.947012784968283,50.97604742450772,51.65976712458927,Underground Market,Pattern,Hidden Door,Forbidden Magic,0,0,44.965204764534114,51.55319016999384,35.168663702351125,-1
2631,68.47097544587464,59.09268633916525,1.4915518906970475,21.88600753587387,49.5132506771409,54.64988995372281,Hidden Vault,Math,Oracle Vision,Ancient Prophecy,1,1,48.10429300430964,48.47906535711157,31.40427259172124,-1
2632,69.44911810181549,59.842419645668414,2.0397091611935245,18.08670856169066,54.62238534947237,46.797407380331286,Clocktower,Sequence,Hidden Door,Cursed Treasure,1,0,46.11363276946077,53.50383944060958,35.18912116113189,1
2633,69.12074266775096,59.54513002985395,1.808239205525136,12.899453171542566,53.51496834632135,52.12360382514964,Underground Market,Math,Oracle Vision,Forbidden Magic,0,0,49.38342186575731,53.08275189428957,38.73305708329038,-1
2634,70.24367592320426,58.55333086211431,2.140898492820438,20.7311613373202,51.24129417633512,52.274849316564,Underground Market,Mechanical,Oracle Vision,Ancient Prophecy,0,0,45.786163643277824,50.08470429192691,34.25221713506374,-1
2635,69.59080296344521,59.24760234861366,2.160945800725031,14.037899985658058,54.39499405552088,52.30535616894746,Clocktower,Sequence,Secret Code,Forbidden Magic,0,0,46.53008310832102,52.15885077522372,35.667309562964874,-1
2636,70.26468607308134,60.20702447604288,1.765386424052028,26.17340887412693,52.079631450843046,47.47462208502823,Underground Market,Pattern,Oracle Vision,Forbidden Magic,0,0,53.01674748060171,50.79705650825107,32.08620427585257,-1
2637,69.3407120798207,59.81165748567426,2.114920934388214,20.75125874432875,50.492007372967,48.957718995803816,Underground Market,Symbol,Secret Code,Forbidden Magic,1,1,47.07983285064452,50.21973971828089,38.12967403952778,-1
2638,68.96134019459122,59.69326251744992,1.6814931664737085,16.881952924625303,52.50517939585869,51.08381394460569,Hidden Vault,Symbol,Secret Code,Cursed Treasure,1,1,44.93384188332394,51.32439281480511,34.42036218424705,-1
2639,69.03756522094207,61.71805203970238,2.331587345551392,18.80071232808663,51.75066720836458,54.28697876240369,Underground Market,Math,Secret Code,Forbidden Magic,1,1,48.59695889262552,50.89589337435603,33.132706979352086,-1
2640,71.66070701317165,60.51716534744555,1.696571904014565,22.75804279277475,52.41666627420048,56.28816123929416,Hidden Vault,Cipher,Oracle Vision,Forbidden Magic,1,0,51.83196666628817,51.67839268400338,30.68869447575537,-1
2641,69.83554588964773,60.64402631586468,2.0439668682308523,19.159036182534564,49.11339997499856,49.83891187104145,Underground Market,Cipher,Secret Code,Forbidden Magic,0,0,46.0492310185664,53.70096762845114,29.372492720359837,-1
2642,67.62118383948152,59.63107105827849,1.8836635433818232,28.82740772603143,49.95870059945428,48.22538302007226,Hidden Vault,Symbol,Oracle Vision,Ancient Prophecy,1,1,52.145325809309206,54.64572569535258,32.320465222054914,-1
2643,69.07927252983579,60.02263623811201,1.6366572107725563,23.883831364203637,53.41398942619922,53.53940359106281,Underground Market,Pattern,Secret Code,Lost Civilization,1,1,48.71515511145834,56.84951887470232,30.25666928962408,-1
2644,69.69084752692203,59.37683978720011,2.213754447784816,20.630166799161533,53.72807790148833,58.03592502825221,Clocktower,Math,Oracle Vision,Cursed Treasure,1,0,49.02108114815821,51.509136678332,33.383851150478584,-1
2645,71.4338456379642,60.59093539912344,1.7609691069600468,13.49483962924496,53.31810623789463,54.26735158325296,Underground Market,Pattern,Secret Code,Ancient Prophecy,1,0,49.88532165263103,55.47748967488869,35.83961224357553,1
2646,70.61157370064362,59.708428694923086,1.4368906083264057,17.432970388539818,54.53044984954981,49.62841819001493,Clocktower,Maze,Hidden Door,Lost Civilization,1,1,49.134395788524905,53.37433791087707,34.79477998414326,-1
2647,68.65555079709469,60.04664640257598,1.0839864380019817,20.54943056493025,52.07555101534587,58.65284823304303,Underground Market,Maze,Hidden Door,Forbidden Magic,1,0,47.35766129689954,51.97305452579711,33.35652521731749,-1
2648,71.98998271211504,59.99031708028589,1.687729713238665,14.02839635737162,51.97711927740723,53.21699905117229,Clocktower,Sequence,Secret Code,Ancient Prophecy,1,1,46.05932432144532,53.193051939686086,29.7988379467536,-1
2649,69.53478965055905,59.816973071744464,2.3646427134542685,24.597488466863176,49.85365600234877,49.522466966020765,Clocktower,Maze,Secret Code,Ancient Prophecy,1,0,54.51713163175907,54.04686376689364,32.38075858799843,-1
2650,70.80656767116258,62.778759226541226,2.330793092953268,13.247220992947202,50.35961763488536,56.33575541584428,Hidden Vault,Maze,Oracle Vision,Cursed Treasure,1,1,44.88007454447516,53.02045283622294,33.24585196326002,-1
2651,68.39948205172885,59.17938010003556,1.7394676048945992,14.91953579480612,48.254948041127655,49.325020471502896,Clocktower,Symbol,Hidden Door,Cursed Treasure,0,1,46.15180815743969,50.03391498177376,34.36551435552892,-1
2652,67.15054504398502,59.1757130581293,1.8442603423302333,15.281827936670377,50.76201108692467,49.94727870334514,Underground Market,Symbol,Oracle Vision,Lost Civilization,1,1,45.89485418212738,50.75584129631687,32.88381114967932,-1
2653,68.13445919713932,60.55094351918461,1.8186466153188088,21.80010875282749,48.16332757200145,53.31655205585281,Clocktower,Cipher,Secret Code,Ancient Prophecy,1,0,48.53532708136839,50.764777882711606,35.000301164202654,-1
2654,66.28670477519299,59.26709691143474,1.559588559034072,14.0439702342251,52.8794183471226,51.43773670527686,Underground Market,Math,Hidden Door,Forbidden Magic,1,1,48.24124779919632,54.46061653700895,33.93295183481279,-1
2655,71.64324021592194,59.57627562208615,1.6764401641208166,9.056437889788336,51.847395432407566,51.59251783001192,Clocktower,Sequence,Secret Code,Lost Civilization,0,1,45.798016286667526,50.545173611783326,32.40461564558664,-1
2656,69.73976157637006,58.78668401853937,2.256879878926545,23.48418666336692,48.232346819771344,51.59672875410699,Underground Market,Cipher,Oracle Vision,Ancient Prophecy,1,0,48.69898107310484,49.62191788432181,34.291368808305975,-1
2657,68.59462759786375,60.37006277605006,2.115120374373922,15.809735892053126,50.99358410025605,54.2861998146754,Underground Market,Cipher,Secret Code,Forbidden Magic,0,0,49.00425344154927,53.08016696650093,30.49851153550645,-1
2658,69.96590385395658,60.38816886294542,2.047273272020155,12.676807099664517,54.23661727931176,45.68902340072094,Underground Market,Symbol,Oracle Vision,Cursed Treasure,1,1,45.51081615013992,53.57969326628087,31.198926749919966,-1
2659,69.69658737582401,59.57412317819279,1.566168764904192,14.232733566543402,51.10336395425369,52.21128471471617,Underground Market,Math,Hidden Door,Cursed Treasure,1,0,47.83982117149563,51.1028589321882,32.33487245805497,-1
2660,70.1221256184366,60.609532384883465,1.998263301292361,26.578524299361398,49.80101109695914,50.7744915572987,Underground Market,Logic,Hidden Door,Lost Civilization,1,1,50.435612338063656,55.75411756696259,32.92236284106605,-1
2661,70.70462793449978,58.04198796039143,1.2782118134620355,14.69717945616828,48.62699330780154,49.61875991867346,Clocktower,Pattern,Oracle Vision,Cursed Treasure,1,0,48.673880429864674,49.09351860845377,33.29357897697401,-1
2662,69.19904517843356,59.19865365058035,2.2234923827816813,17.3532479924042,48.67843073060159,49.61215895516666,Underground Market,Cipher,Hidden Door,Cursed Treasure,0,1,48.176298058954806,50.832571786983976,30.475285441337267,-1
2663,68.60296237153973,59.74091872492643,2.0494835474291957,15.723190491725155,52.121899147943424,44.90722582695195,Clocktower,Cipher,Hidden Door,Forbidden Magic,1,1,45.07251037163783,48.38952186021221,35.00378866778353,-1
2664,70.30437784715494,58.74400303518645,1.5695740024552929,11.782166596406558,50.67432329065893,49.50395474099702,Hidden Vault,Mechanical,Hidden Door,Forbidden Magic,0,0,42.0292514438982,50.64567137508449,33.00601478798774,-1
2665,70.2727020359826,58.17295685838001,2.459277155171941,14.219586758752015,50.80521839303269,54.72615681234834,Hidden Vault,Mechanical,Secret Code,Forbidden Magic,0,1,43.0816798201268,48.23620036130239,35.925343371790895,-1
2666,69.56483742325909,59.61915501808639,1.4366788603970018,11.415341056789936,50.69364121755176,53.58013719506885,Clocktower,Math,Oracle Vision,Ancient Prophecy,1,1,41.482747588800805,50.03960664925517,33.29142806018609,1
2667,77.63535395447266,64.62644886199958,2.135771836383048,42.68799627691316,51.13442699500628,52.521545594013766,Abandoned Theater,Logic,Teleport Rune,Lost Civilization,1,0,59.20521796123504,51.55368034716131,32.84555635510321,-1
2668,75.01364164942673,65.2199116435501,2.14435612379362,38.4006953325387,49.51054210053535,49.47186069539836,Temple Ruins,Mechanical,Secret Code,Forbidden Magic,1,0,51.823142449309046,53.771037918143165,34.99715882327904,-1
2669,74.54523572555694,63.395886512368335,1.6070008965527736,50.29740225499454,51.83191761561609,55.05467443064782,The Old Library,Logic,Teleport Rune,Cursed Treasure,1,1,59.49638147108375,54.59338164162986,33.46701261566016,-1
2670,75.85678103091146,64.68175802381727,1.9686170178217013,34.32717659692513,49.2301480077556,56.27462102915104,Temple Ruins,Mechanical,Secret Code,Cursed Treasure,1,1,56.0797562917664,54.634896674998615,34.82125059073302,-1
2671,74.7573136972503,64.59044864298355,1.4899667697031471,33.56514913141465,50.236864531673405,55.585486676994165,Temple Ruins,Symbol,Teleport Rune,Forbidden Magic,1,0,56.63638584696907,54.431142879369766,30.05597220381646,-1
2672,75.92129613718664,65.17787580697522,1.128118365996324,45.51597272609485,52.89326408334416,50.57818611253408,Abandoned Theater,Cipher,Secret Code,Cursed Treasure,1,0,60.216328845460815,55.553358382586886,28.586698810553774,-1
2673,74.58626558810666,63.61443421998262,1.662655914860449,43.12478596814108,51.94769770355589,50.83780329784328,The Old Library,Mechanical,Ancient Map,Cursed Treasure,1,0,59.492965279721936,53.90966266947778,31.36736005109926,-1
2674,75.0124920281864,62.17147894376548,1.7989919496056406,39.74645626083501,52.418253866162,57.13977814711053,Abandoned Theater,Symbol,Ancient Map,Ancient Prophecy,1,1,57.759242343633126,53.934478974349645,31.27897813864358,-1
2675,77.29700149917231,64.0455160318708,2.1781894085315483,32.24190736080046,54.62162768202671,49.9768223962576,Abandoned Theater,Math,Secret Code,Cursed Treasure,1,1,55.403690027626695,55.53573397213256,34.89361550789161,-1
2676,74.99396685615059,62.96688371183964,2.0060405213971446,46.52308351860557,51.31285105412967,54.19553341378893,Temple Ruins,Symbol,Ancient Map,Cursed Treasure,1,0,58.74133928144388,54.88934985348698,33.01202099602634,-1
2677,74.59406223363605,63.26251613096336,2.01475964336728,37.42532710367465,51.44078229557843,48.55565963231702,Temple Ruins,Maze,Teleport Rune,Cursed Treasure,1,1,54.28074754675552,54.16999324986084,31.95664679553264,-1
2678,76.55691862767613,63.69014237804664,1.683219746387901,35.62021148081687,51.01834304573471,52.24921158156521,Temple Ruins,Cipher,Ancient Map,Forbidden Magic,1,0,57.07638767752865,53.91944888666731,32.25759766601616,-1
2679,74.32849051246242,63.65777064869975,1.8293653397726235,43.4761335462175,50.75590844978031,54.46287600183589,Temple Ruins,Symbol,Ancient Map,Ancient Prophecy,1,1,54.47154327058963,56.26806577792072,30.337381402146864,-1
2680,74.67984848507695,64.1435907617971,1.7101854686456088,37.637610530617565,49.9113211184295,52.92508510714472,Abandoned Theater,Symbol,Secret Code,Ancient Prophecy,1,0,58.23126315824405,56.08852471581128,31.65000158723096,-1
2681,75.94257878346504,64.710517464118,1.6224381479265937,31.90849054026506,51.55945464269553,54.30978330263777,Abandoned Theater,Math,Ancient Map,Forbidden Magic,1,1,53.224906658894845,55.54440176993718,31.27903542563447,-1
2682,76.29762179670912,63.64495163621808,1.812559554557449,37.92611237308026,51.972052660878674,49.934487310865634,Temple Ruins,Pattern,Teleport Rune,Cursed Treasure,1,1,57.46409743330552,57.33608352706154,32.99380249641475,2
2683,76.57284630316325,64.41370719796305,2.013734222955506,33.80561736986184,52.06172972506569,50.94999508876086,Temple Ruins,Cipher,Ancient Map,Forbidden Magic,1,1,56.72834966347168,55.667238968075466,34.87251770122127,-1
2684,74.59827451602094,64.03814455429135,1.8202721280805083,22.65342128072865,51.54818644412538,54.20454594624717,The Old Library,Cipher,Secret Code,Ancient Prophecy,1,0,53.88043693313991,54.8139931886877,32.218719598177096,-1
2685,75.93459842217295,64.96413815548229,1.8956680724125368,33.27934528345272,52.846935303448426,54.74222035513094,Abandoned Theater,Sequence,Teleport Rune,Forbidden Magic,1,1,52.18223592213294,55.90710079061747,32.450214799397884,-1
2686,74.86554198357364,63.84536346708298,2.201820481431541,35.03699129287664,51.50784431270357,53.54953213265716,Abandoned Theater,Logic,Ancient Map,Forbidden Magic,1,1,54.77950417220179,55.32355788275064,33.252146940747494,-1
2687,74.71902208504873,63.960336525460974,1.8437188173835295,31.88522017603477,50.85571829626696,55.36764435414578,Abandoned Theater,Maze,Ancient Map,Cursed Treasure,1,1,55.49667497519966,53.108979101503,34.848980969807734,-1
2688,76.52088520665359,63.67016694187495,1.5943261643661744,40.52745864993801,50.08514226356722,48.85698015357181,Temple Ruins,Math,Ancient Map,Forbidden Magic,1,0,61.57313574499781,50.8388894622216,33.97250584560046,2
2689,74.76107997383806,63.88761932529033,2.164095094176475,33.751771180481704,49.15808656773374,51.83450512413285,Temple Ruins,Cipher,Ancient Map,Forbidden Magic,0,1,54.90452388397846,55.11589311761562,32.20562567481286,-1
2690,75.58176822008687,63.27167648017221,2.0753286587662485,40.01892867924606,53.678068326567605,57.55670943306546,Temple Ruins,Symbol,Teleport Rune,Forbidden Magic,1,1,56.16604811980697,56.69385882442734,34.831282545619764,-1
2691,75.45203972651697,63.1778603147091,2.094658153391071,31.44799045066529,50.44473100786975,56.2086720724843,The Old Library,Symbol,Ancient Map,Forbidden Magic,1,1,58.75959848350987,52.311531544052734,30.1922007815299,2
2692,74.21856996316292,64.84151220871941,2.184270226460693,42.14847896412616,50.110650715925495,54.58409541251886,Temple Ruins,Logic,Ancient Map,Ancient Prophecy,1,0,58.780807010845166,57.55733422333568,33.42852504226968,-1
2693,76.24824879653133,62.98783057428341,2.133941172119754,31.20777073964376,50.87865355844106,52.61158256661124,The Old Library,Symbol,Secret Code,Forbidden Magic,1,0,57.85854704350229,50.97430044436496,31.071980469137284,-1
2694,75.83523602677063,63.757195794459854,2.0059691414009704,25.87033414761642,51.093158064088406,55.58703907087492,Temple Ruins,Logic,Secret Code,Ancient Prophecy,1,1,50.84316040494805,53.731092123462346,32.59378070428805,-1
2695,73.28143137448562,65.09693447100159,2.7151598643979,43.75210576858694,53.9742610017102,54.07285379915402,Abandoned Theater,Sequence,Secret Code,Ancient Prophecy,1,0,58.13674876350668,59.774737974478136,40.00251478630514,-1
2696,75.53787768362939,63.734164845421226,1.6125786644394555,33.27413431818202,51.02999344688829,49.20639908848193,The Old Library,Maze,Teleport Rune,Ancient Prophecy,1,0,53.13831638380616,55.5317870529149,28.961512123480357,2
2697,74.48018552877565,64.920876186178,1.822460998841056,46.32606298702857,55.47798174225938,55.48940611764032,Temple Ruins,Cipher,Teleport Rune,Lost Civilization,1,0,55.97584220708812,55.9352545940088,33.22481334545025,2
2698,76.34290453647982,63.506356221472274,2.2888750390944548,40.35219544564453,51.6291149225624,50.83489146419442,Temple Ruins,Math,Ancient Map,Ancient Prophecy,0,0,59.0751614822605,55.28484401013953,33.17586276377227,-1
2699,73.79306760936373,63.05150064447415,2.041710801457129,41.46837467870836,54.62474452966236,54.89922062504544,Abandoned Theater,Maze,Teleport Rune,Lost Civilization,0,0,58.020047767067446,57.4536857555659,32.141508600277525,-1
2700,74.8745967152388,62.51309678476069,2.226543630204836,42.73224665919575,52.88569932914928,48.96006802813925,Temple Ruins,Symbol,Ancient Map,Ancient Prophecy,1,0,56.780408190650064,51.445987770437945,37.07443513990388,-1
2701,75.5856725672372,65.42590115929058,2.050297063886628,38.05611090027333,52.09193488929724,56.99754833025053,Abandoned Theater,Sequence,Ancient Map,Forbidden Magic,0,1,59.63231126753933,58.85223728992023,34.801631767797275,-1
2702,75.2705308107525,62.981556401580434,2.411762112679104,38.10082523171025,53.92269430577533,52.3127590529947,Temple Ruins,Mechanical,Secret Code,Cursed Treasure,1,0,55.85452649128577,53.89155528007102,40.226104033686994,-1
2703,75.97165951530732,64.87086069071279,1.6974384902739286,43.87508621752707,53.244780029794384,50.22665916944706,The Old Library,Pattern,Ancient Map,Ancient Prophecy,1,1,58.20555954663424,57.47532834205038,31.42150717731764,-1
2704,73.68275833014056,63.12896959669257,2.4025478924077994,38.01302052884753,52.51893697800021,51.278736917323066,The Old Library,Cipher,Secret Code,Forbidden Magic,1,0,55.54148360674986,53.46561899485172,32.32535731425876,-1
2705,76.84554210041327,65.45153905121313,2.351198624436386,33.80318978914786,55.04876205296947,52.157877256715736,Abandoned Theater,Mechanical,Ancient Map,Lost Civilization,0,1,55.76239664368771,60.19327638955372,38.8118131618343,-1
2706,75.7111883341477,66.34617233594285,1.6368742602579769,40.36071683489072,50.83020422519439,52.98557570893183,Temple Ruins,Maze,Secret Code,Cursed Treasure,1,1,60.08945230565707,56.546035473866695,31.240923504365725,-1
2707,76.53814633948068,62.45808997935125,2.189193499220451,26.851561030474464,50.09081449727446,56.29536409084916,Abandoned Theater,Pattern,Ancient Map,Cursed Treasure,1,0,51.89494944186264,51.08119238785509,32.86893309041992,-1
2708,76.04502136134018,63.06508996366268,1.987086340115088,44.005430255080505,50.574199975519015,53.17535654119352,Abandoned Theater,Symbol,Secret Code,Forbidden Magic,0,1,57.31995551180132,55.200555819577865,36.19149816731766,-1
2709,75.15149283329575,64.92820053289188,1.8179997191343824,44.097694167728925,54.22228620555117,47.5727080056937,Temple Ruins,Maze,Ancient Map,Forbidden Magic,1,0,55.93738885654186,58.896657577722046,34.722666704207114,-1
2710,73.87119525831929,64.67332975764457,1.4333361359557055,43.374198184063495,53.77531593624924,49.92565371957773,The Old Library,Logic,Teleport Rune,Forbidden Magic,1,0,61.10201075620125,58.40292036834578,34.429394140099944,-1
2711,74.58409965142467,64.94242272960226,1.6965969254358082,43.17009514497206,50.81655158903258,59.89383698104025,The Old Library,Sequence,Ancient Map,Lost Civilization,0,1,57.05244969366763,55.81000696889169,30.94936879290404,-1
2712,76.72944444737735,63.59695522183919,2.212165373224852,36.93823334926807,48.07770498796665,53.33847198915731,Abandoned Theater,Cipher,Secret Code,Forbidden Magic,1,1,55.58210353924729,55.75756029999405,31.43722468834176,-1
2713,76.51751617315307,66.1634506689863,2.243746393061019,36.813576868810415,51.30612069199832,55.37697528502621,Abandoned Theater,Math,Secret Code,Ancient Prophecy,1,0,56.3799673888023,55.73250344861056,33.897299550669224,-1
2714,74.50464476056372,64.29916753018442,1.9362147337713325,31.186671349285437,50.10016685622949,52.22913465126541,Abandoned Theater,Pattern,Teleport Rune,Ancient Prophecy,1,0,55.75690046360867,56.21152595147701,34.13567557926581,-1
2715,72.29807595317837,62.9693528435045,2.244328880545693,46.06296527426546,50.88430307961454,50.48847171448284,The Old Library,Sequence,Ancient Map,Forbidden Magic,1,1,58.5252660981525,54.98103343863261,34.52126723956994,-1
2716,74.89579523098928,63.93836006000439,2.2825884256915523,34.88555959799293,50.04870572859264,51.79679444404549,The Old Library,Mechanical,Ancient Map,Cursed Treasure,0,0,54.25278710799615,48.97606114798355,35.090628516862346,2
2717,74.81285610824199,62.993130567903,2.045151072373808,38.99797270827205,49.22109289479312,53.320815210146,The Old Library,Symbol,Ancient Map,Cursed Treasure,0,0,55.78793313064475,51.938198960728194,27.58468569190045,2
2718,74.84282979883551,65.79282347270993,1.7817793121296337,38.556672538772986,54.46525562116311,51.84940915693233,Abandoned Theater,Math,Secret Code,Ancient Prophecy,1,1,53.56175873874884,57.36371675732652,30.595808405915022,-1
2719,75.61315448920776,63.54673122888863,2.130487595572074,30.57225446768008,50.61996407179184,57.79616941632441,Abandoned Theater,Mechanical,Ancient Map,Forbidden Magic,1,0,54.81701567614655,54.93669413809311,29.524573953447074,-1
2720,75.95281028406323,64.70472206305982,2.1439304019318994,28.538883813112285,53.76945354516571,51.45936801443344,The Old Library,Symbol,Teleport Rune,Lost Civilization,1,0,56.6979861862818,55.989041171123056,34.70186067173846,-1
2721,76.05884928924098,63.7467372106529,2.199653619242232,37.27810492152179,51.32334899511744,50.36291097437434,Abandoned Theater,Logic,Teleport Rune,Lost Civilization,1,1,55.65518672598412,55.066135083765126,31.66496922547521,-1
2722,75.50618061918124,63.60719049550106,2.2566983009791106,34.969308457110266,49.96412053383987,55.0220068992558,The Old Library,Pattern,Ancient Map,Cursed Treasure,1,0,57.06612696945481,56.933192760458816,37.38816299787034,-1
2723,73.25159229330124,62.31748672755019,1.5880066939334534,36.77882634054982,52.42881877226219,55.33000625961237,The Old Library,Cipher,Ancient Map,Cursed Treasure,0,1,53.82037728918309,54.81624890103427,32.52366622922325,-1
2724,74.70302463804968,64.83107425097468,1.8432277890812871,42.541014762080266,51.08348801996003,53.07494280384621,The Old Library,Mechanical,Ancient Map,Forbidden Magic,0,0,55.39282111360514,50.93319721499663,33.34803207210985,2
2725,77.34014546951748,65.53723525701292,1.426142433382073,38.32658773982182,51.36424644214088,51.49464094364818,Temple Ruins,Symbol,Teleport Rune,Ancient Prophecy,1,1,59.26262320924598,60.0443332532857,29.207108721810933,-1
2726,75.40207375636423,63.32723637834209,2.219321727380292,40.982414487877065,51.8970493813279,48.24835296456746,Temple Ruins,Maze,Ancient Map,Ancient Prophecy,1,1,62.23126737535796,50.8953831331362,32.58383541866479,-1
2727,75.38744802692523,62.70312038064872,1.9309953934280168,39.40438183175424,50.46613109653185,56.05180380611028,Abandoned Theater,Cipher,Secret Code,Lost Civilization,1,1,58.14063058425665,55.90169573717792,36.05952439573035,-1
2728,75.37085601775418,65.05680663665046,2.1233708245203777,35.58401375046151,49.25747308834226,55.17140227480428,Temple Ruins,Logic,Teleport Rune,Ancient Prophecy,1,1,55.07000536207107,52.26262158634104,36.68704449144207,-1
2729,75.41846158411228,62.61238588712099,1.5508326498613667,32.144617054489075,51.616967774328565,51.90027920062726,The Old Library,Sequence,Teleport Rune,Ancient Prophecy,0,0,54.19573014704785,56.998943629590045,32.84345851159276,-1
2730,72.6116520101146,65.48329234027956,2.4132121293280338,38.46517490186591,53.14441054396831,53.14893119607432,Abandoned Theater,Symbol,Secret Code,Cursed Treasure,1,1,58.92491445549182,55.91118865482305,32.16155811543454,-1
2731,74.74689253198608,63.36449195702618,1.6339696894032687,37.5490058449575,50.35077602169294,52.43330704369597,The Old Library,Logic,Secret Code,Forbidden Magic,1,1,56.7267973123512,55.193854686489104,30.860310507211977,-1
2732,74.94014718532756,63.17071750212309,2.2239659955073243,41.69328615779034,51.93870226636914,57.07182560321585,The Old Library,Pattern,Secret Code,Ancient Prophecy,0,0,55.940242117293714,50.63492284781604,35.49175008819857,-1
2733,76.25112917784656,64.52759130215135,2.0262796602583637,36.350970397824376,53.97058249462121,50.40520424261443,Abandoned Theater,Math,Secret Code,Lost Civilization,1,1,56.53151849930909,57.42255674101647,34.63447734823647,-1
2734,75.00887111093981,63.24610368499046,1.9333314598754332,35.60673387017255,51.58220420531922,51.4498462649502,The Old Library,Mechanical,Teleport Rune,Lost Civilization,1,0,56.11762375333875,55.4213178447105,29.28409576097972,-1
2735,73.30622202699062,63.58224141242032,1.9083580661752308,35.9339201183037,51.850489630292834,51.20818440234005,Temple Ruins,Symbol,Secret Code,Lost Civilization,1,1,55.70233665488417,56.11231344833409,37.25770823193158,-1
2736,75.37432861017606,64.64843936666242,1.797201164396472,32.47576391479218,51.80862982427888,53.77540321610569,Abandoned Theater,Symbol,Secret Code,Forbidden Magic,0,1,57.99140396873136,57.51486676872913,31.422131663635614,-1
2737,74.13189177318388,61.87044543552172,2.376365098007952,44.29193149666619,50.706724474846666,53.14032363424318,Temple Ruins,Sequence,Secret Code,Forbidden Magic,0,0,60.31851150110161,53.8076744388318,32.17652437475692,-1
2738,73.71037875893903,65.94707273760183,1.990748527991627,42.74351487750731,50.2446056686378,53.50017040865704,Temple Ruins,Math,Teleport Rune,Forbidden Magic,1,0,57.445759271575646,55.79045590999217,33.02354455432164,-1
2739,74.08442442751644,64.35338470529817,1.6053289541959366,30.96821595959896,50.25510665261461,50.79848218614708,Abandoned Theater,Maze,Secret Code,Ancient Prophecy,1,1,53.65812901953778,53.47657693103247,33.917376072212065,-1
2740,75.45247795846149,63.021864985663626,1.8700104406163407,41.041104501277296,52.29560410568506,56.71224207602599,The Old Library,Math,Secret Code,Forbidden Magic,1,0,58.3757896109976,53.68819789014771,34.65387673106532,-1
2741,76.16009648848959,63.30266738000948,2.022775700635252,27.78434186480394,52.884433216134994,51.86488723194691,Temple Ruins,Sequence,Ancient Map,Lost Civilization,1,1,52.81489346791823,57.3017430482776,31.902038104251652,-1
2742,75.3755980645092,65.31663618671591,2.252663524061599,41.92382146805172,52.95950957030544,55.96897487349131,Temple Ruins,Cipher,Secret Code,Ancient Prophecy,1,0,59.76252396641007,54.6379679969652,32.52922166362878,-1
2743,75.51599564980414,64.93111509256957,1.8009564806825151,33.50363590891499,51.18829956530116,60.84778499320336,Temple Ruins,Mechanical,Teleport Rune,Cursed Treasure,1,0,54.953744565362406,52.003248933112296,28.41481824447581,-1
2744,75.34829352799993,65.72191043567119,1.8200024530755736,38.77290857766608,53.40027030266703,50.81665986546405,Abandoned Theater,Math,Secret Code,Lost Civilization,1,1,57.82265130833392,54.71032551203907,33.39693574099446,-1
2745,74.96782286926361,63.6574498083079,1.9873307039839248,27.3138797481839,52.22551279676032,53.85596224967824,The Old Library,Sequence,Secret Code,Forbidden Magic,1,0,56.60136478672534,56.21740278454967,33.115897345529454,-1
2746,75.55464545930103,64.64183460082707,2.241266839721212,30.955934244839625,51.87470582678701,52.6709909043602,The Old Library,Symbol,Teleport Rune,Ancient Prophecy,1,0,55.725180490086274,55.01852089872814,35.9301614815713,-1
2747,72.43013027060485,64.77687200388128,1.567524103214879,39.28100226644938,46.763648697339306,58.07720388730708,Abandoned Theater,Maze,Ancient Map,Cursed Treasure,1,1,55.70378517434909,55.90552745480204,28.280900275970478,-1
2748,74.95115687070158,65.05062012066465,2.128640727542405,33.42098337880572,50.55062616233637,52.29836518128725,Abandoned Theater,Math,Secret Code,Cursed Treasure,1,1,53.96221422175296,51.64463715606976,35.73729098005007,-1
2749,73.78627822214686,65.48767745410606,1.836672321233973,32.71375166682113,49.49911622773108,53.62172869379521,The Old Library,Maze,Secret Code,Forbidden Magic,0,0,53.92974431830349,49.776113638613694,33.405615776053,-1
2750,75.98521260987582,63.64817129910848,1.8773909804773896,43.88092110524352,52.725361378012224,53.56717079877832,Abandoned Theater,Pattern,Ancient Map,Cursed Treasure,0,0,56.4833027016992,55.62700932439137,32.4144813199079,-1
2751,74.666233643684,64.25629895757608,2.573996152536597,47.94446016887221,51.93125460944344,52.7490030751304,Abandoned Theater,Cipher,Ancient Map,Lost Civilization,0,1,60.24947853038517,57.37504596566193,37.04396110401366,-1
2752,74.83538816783604,63.76534862834991,1.9133584029947364,41.56279020523172,50.18464390739013,54.88868441966712,Abandoned Theater,Pattern,Secret Code,Ancient Prophecy,1,1,53.1013471053078,51.25068237612894,35.403699748166986,-1
2753,73.29039164344586,64.32791075949918,2.19745617381434,31.406379004057115,52.2530515055296,53.23349100113761,The Old Library,Pattern,Teleport Rune,Cursed Treasure,1,0,55.332961818326034,56.53223427143499,32.994938548198505,-1
2754,75.80329024094739,65.08397476631559,2.185444286403547,45.6714448202529,49.66511852964507,54.2046293451127,The Old Library,Maze,Secret Code,Forbidden Magic,0,1,60.646774709276826,57.87233318950735,33.14768066706459,-1
2755,75.40475579145861,62.73652091001762,1.614458328376967,29.0347581220427,50.23852699844412,53.53400676214241,Temple Ruins,Maze,Teleport Rune,Forbidden Magic,1,1,54.149644762514384,53.95450295287941,31.111520428176,-1
2756,75.32531644697457,65.50493746256647,1.4135159274505291,35.30753840356295,50.74261929837601,51.4886556857234,The Old Library,Symbol,Ancient Map,Forbidden Magic,1,1,54.721417600825966,57.80416176214413,30.309943284713366,-1
2757,73.94625926956795,63.2613882906676,2.21207100591945,37.091965770904814,52.62190043505409,52.32759485068698,The Old Library,Cipher,Ancient Map,Lost Civilization,1,1,55.462825448311655,55.1881671587809,36.76302686070788,-1
2758,73.97652858727919,64.09819963826335,1.6393281816332648,46.42635244439418,53.91456806501709,54.3885571318574,Temple Ruins,Mechanical,Teleport Rune,Cursed Treasure,1,1,54.765762832204985,55.12578460924065,35.276761916296536,-1
2759,74.96462704051503,65.65450642938842,1.4637264009035826,41.35755024821847,50.94006733213512,54.37840075475837,Temple Ruins,Sequence,Ancient Map,Lost Civilization,0,1,59.03364250530346,57.78819904901668,32.13828565197993,-1
2760,74.03736126330571,64.74356375454516,2.269392866608316,34.46356248656337,53.806407218902834,56.11252262202924,The Old Library,Maze,Teleport Rune,Forbidden Magic,1,1,54.43383642543159,59.907371243127145,36.6986452908234,2
2761,75.15755774787743,64.76006848490564,1.6542528456128562,32.045671090411886,51.89742855721229,57.64811036959667,Abandoned Theater,Logic,Secret Code,Forbidden Magic,1,0,57.73869832578007,54.59585136644063,31.44130881696092,-1
2762,72.55253040903662,63.24489194164879,1.7268361185713177,41.76952229952389,52.18409910070133,51.69732780689748,Temple Ruins,Logic,Teleport Rune,Ancient Prophecy,0,1,56.84635550552823,54.53278084526195,33.66044994266056,-1
2763,74.21664988801766,63.38640643394257,2.549387719993824,34.07987595184086,51.73771823488693,53.337185395699095,The Old Library,Maze,Ancient Map,Cursed Treasure,1,1,55.21682025902199,52.73665724115068,33.496070709075724,-1
2764,76.49167263981454,65.37671806409531,1.4576135801044816,37.81848802472318,51.54095216932783,52.51648547612049,The Old Library,Sequence,Secret Code,Cursed Treasure,1,0,58.04244626752182,56.38232016762456,36.558014429149615,-1
2765,75.12510312127948,63.85128231677445,1.577080881691172,29.874027145353583,52.49933503051306,50.23173090650281,Temple Ruins,Math,Secret Code,Forbidden Magic,1,1,52.08624884377272,54.882965888943886,35.258523833350715,-1
2766,74.843082557494,63.95047306331698,1.8144639366622648,39.557326051582535,52.95429331173722,54.411387847011056,Abandoned Theater,Symbol,Teleport Rune,Ancient Prophecy,0,1,55.87105961587772,57.6730936934097,35.648075821480475,-1
2767,76.65216060121084,65.41429012392642,1.8786772830653,39.14264488433098,50.52028544881378,54.94459291001464,Abandoned Theater,Symbol,Teleport Rune,Cursed Treasure,1,0,57.99998769324713,58.733556513841,33.5915266144814,-1
2768,72.32159928458626,63.40537410804352,1.680986068398039,30.47920644250447,51.56660682083344,50.30752193453371,The Old Library,Sequence,Teleport Rune,Ancient Prophecy,1,1,51.93159297006327,56.2730541463713,33.32561171766644,-1
2769,73.83283438435417,64.729466393535,1.599842897805409,41.83356514416664,54.357789476124246,52.0637516520617,Temple Ruins,Pattern,Secret Code,Forbidden Magic,1,1,55.696745229949705,58.27571305946212,30.19802391405449,-1
2770,74.23753877394952,64.50807700317283,2.398742049249646,39.43732670258031,52.12294323680823,51.81977619392664,Temple Ruins,Symbol,Teleport Rune,Forbidden Magic,0,1,55.80892863454797,54.17057011622512,33.13921674920822,-1
2771,75.48760356920894,64.46741715906367,2.0229185614631566,40.35187227809487,52.29044851840707,49.22893824193708,Temple Ruins,Cipher,Secret Code,Cursed Treasure,1,1,57.486383655739566,53.675417878825584,31.96895902153459,-1
2772,75.49542312729966,63.95659523499989,2.1178270650871074,34.74651619325853,53.61452202018721,52.90905667458719,Abandoned Theater,Symbol,Teleport Rune,Forbidden Magic,1,0,60.35869326850116,56.3661558199864,35.3952706958407,-1
2773,73.74424861398349,63.900098423875065,1.899337451053788,37.52285566495151,51.11492786916652,50.13689580890357,Abandoned Theater,Cipher,Ancient Map,Forbidden Magic,0,1,54.8526231578558,54.99309498506842,32.59177202252329,-1
2774,75.59867242895122,63.40650691901555,2.0255449962347,36.93313723175142,51.81899296152675,53.39748422813832,Abandoned Theater,Maze,Ancient Map,Lost Civilization,0,1,55.0842856693894,58.74673119825152,35.6343331707566,-1
2775,74.18784044245294,64.97244830785391,2.216757565003316,35.86356548864621,53.09830432473154,53.67280381239948,Temple Ruins,Logic,Teleport Rune,Cursed Treasure,1,1,54.96631592821839,52.25708571458655,33.485087049419306,-1
2776,75.79320635194233,63.82654099336622,1.6361510685366656,37.44511389300944,53.7344571613188,53.98255695826182,The Old Library,Maze,Secret Code,Lost Civilization,0,0,59.71264777606645,56.664631740028014,35.46505963416663,-1
2777,73.53931005292398,65.46833639574548,2.012620534233648,42.86299774436999,48.33141939846764,54.1033054443247,Abandoned Theater,Pattern,Ancient Map,Ancient Prophecy,1,0,60.1286687953457,56.70022092701325,30.575431267975123,-1
2778,74.43900177990062,64.27993299188344,2.1400867542459365,41.94372684422685,50.77712530781104,56.82735179149384,Temple Ruins,Logic,Teleport Rune,Ancient Prophecy,1,1,61.14471527258448,53.62746256338113,33.11298239694007,-1
2779,74.06248138986312,63.450928454744094,2.392793059471968,30.647866459451052,50.38753826321332,50.97838464796102,Temple Ruins,Sequence,Secret Code,Ancient Prophecy,1,1,53.753799778206336,52.55800324095721,36.555830882411904,-1
2780,75.59898919686462,64.2764506071166,2.511776524433791,41.47238056683626,51.702269812142994,51.103795459956906,The Old Library,Maze,Ancient Map,Ancient Prophecy,1,0,59.08429222736461,54.65544571093241,36.907550177616514,2
2781,74.0104626182613,64.10828745226993,1.946398234732425,42.48929543960664,50.50688300620742,54.63790974294035,The Old Library,Cipher,Teleport Rune,Lost Civilization,1,1,55.05301725344503,51.69415538733521,30.53612246451168,-1
2782,74.48105530074461,65.53312282496921,2.2650388478840093,35.76590277936011,52.889898527771024,52.67004618671072,Temple Ruins,Symbol,Secret Code,Lost Civilization,1,0,54.71152246807633,59.36583129130287,37.63322590167564,-1
2783,75.02055030392664,64.15988856818878,1.1203795658652953,39.05224473068015,52.15516724590755,55.813316517645696,The Old Library,Mechanical,Teleport Rune,Forbidden Magic,1,0,54.49783404689919,60.74441334027473,30.73707448505516,-1
2784,75.04920764379933,64.25754228549381,2.385073631881016,38.96824112770413,53.233111738199874,54.40422198091511,Abandoned Theater,Math,Secret Code,Lost Civilization,0,0,57.66651443883142,54.9443332907452,31.87243724823177,-1
2785,75.38108729742758,65.9501578292047,1.6995586201321136,32.23662881984965,53.33157641036711,57.79527832073215,Temple Ruins,Logic,Ancient Map,Ancient Prophecy,1,1,54.97646655014928,55.55283540411756,31.77865886935172,-1
2786,74.69542036756515,65.051731432687,1.8429057073749344,34.56491512874307,52.9233946793811,52.77167887556827,Abandoned Theater,Math,Teleport Rune,Lost Civilization,1,1,55.63910607905326,53.49917423783291,33.0140671236835,-1
2787,74.05618304494809,66.21101762798028,2.0454538934504747,40.21698799352612,51.40374413757653,49.29490107003354,Temple Ruins,Mechanical,Secret Code,Forbidden Magic,1,1,54.80638458811808,54.43618765606779,31.54501078797421,2
2788,74.11484515051674,65.81219861280348,1.8649539468077168,33.97207143629361,52.06647366832912,53.85165354994787,Abandoned Theater,Math,Secret Code,Ancient Prophecy,1,1,56.36190317057744,55.30294491928871,36.17847790816592,2
2789,74.48030381051082,63.67082749593668,1.9677634040110132,41.3169318448153,51.22133693078467,52.82081460521481,The Old Library,Sequence,Teleport Rune,Forbidden Magic,0,0,52.26920464818707,57.23138251500788,32.73220438355798,-1
2790,74.69428733246578,65.5527718758639,2.3829527608356265,42.95255330623748,49.86809822886213,54.336218716286425,The Old Library,Symbol,Teleport Rune,Forbidden Magic,1,0,57.19828202701514,62.24657452970976,35.38622612006379,-1
2791,74.2875624294113,66.09294969513377,1.7891732082155782,42.13431300936093,53.34839931456417,54.65651796668801,Abandoned Theater,Math,Ancient Map,Lost Civilization,0,0,56.99954218203114,55.48909272125623,34.244067816529345,2
2792,74.44395267723179,66.10527934425568,1.576133424996028,46.30324517530483,51.79409983150628,51.66362871226019,Temple Ruins,Sequence,Secret Code,Lost Civilization,1,1,54.51414015201398,54.8284087126837,33.61307437607677,2
2793,72.89748663143426,65.5653764145261,2.4439981986970505,35.938834789065154,49.66872089107964,50.47748585368712,Temple Ruins,Symbol,Secret Code,Lost Civilization,1,0,55.28839921231512,53.49352124855931,37.95645452345803,2
2794,75.07206316776669,65.54961203790606,2.0557140296650256,37.26678131101956,52.730468047869074,52.63514162496904,Abandoned Theater,Symbol,Secret Code,Lost Civilization,1,1,55.87674404575719,57.33240089425971,35.93949124340529,-1
2795,74.57576381813989,64.28423098730534,2.4720595610628897,37.97237663874846,51.59148791134576,47.04702116056386,Abandoned Theater,Logic,Teleport Rune,Cursed Treasure,1,1,57.25940507413245,56.00570109705879,39.16921055229556,-1
2796,75.38644194266462,63.75430729347799,2.152157457037599,36.05536297035818,48.84003562213923,53.201668146965545,The Old Library,Mechanical,Teleport Rune,Lost Civilization,0,1,60.04813124777547,54.59787383449071,34.43315147768142,-1
2797,74.37462848987361,64.2442637475857,1.4936484250646656,39.056544416311375,49.871440617312,51.98140481215959,The Old Library,Cipher,Ancient Map,Ancient Prophecy,0,1,56.99098816731813,54.05666531263464,31.17337789679028,-1
2798,72.62594341052545,62.93647807848126,2.081978179601637,27.77793212483911,50.88337334022584,55.1541876112317,Abandoned Theater,Maze,Teleport Rune,Cursed Treasure,0,1,53.854268292746326,56.95061872130943,34.41251159686719,-1
2799,73.99574445955831,65.94884271652838,1.5907923047722108,37.346787729543,52.25227628170764,48.03537866614221,Abandoned Theater,Cipher,Secret Code,Lost Civilization,0,1,58.36338917443394,58.14316721652695,27.238570284593923,-1
2800,74.14408713903124,64.32752905365014,1.885798258499584,29.4233918634044,53.12071880812829,53.01586327450159,Temple Ruins,Pattern,Secret Code,Ancient Prophecy,1,0,54.29752403499644,57.09514173887829,33.19324151716616,-1
2801,75.07672363479428,65.90692162788955,1.858424573644773,31.48577888053909,53.07148534159153,56.94056071179285,Temple Ruins,Symbol,Teleport Rune,Forbidden Magic,0,1,52.76001668041589,57.489619461832646,33.68227585471424,-1
2802,72.25332700667259,63.38885446420274,1.3933882522265697,39.95167032695759,52.84723192993752,54.68850331987755,Abandoned Theater,Sequence,Ancient Map,Ancient Prophecy,1,1,52.05716263960747,54.56286686608955,32.87327757831979,-1
2803,74.35453734549007,65.70773634493709,1.632371207001546,35.27997194871095,51.893461888254095,55.451679989219656,Temple Ruins,Mechanical,Teleport Rune,Ancient Prophecy,1,0,55.94547019091548,54.94377129083545,32.42519653342373,-1
2804,74.81676747836157,64.1349823712652,2.5352761061949143,39.75196326803488,54.53038421616929,53.84933380657487,The Old Library,Logic,Ancient Map,Cursed Treasure,1,1,56.01513382242221,56.84037453420655,38.07404849492034,2
2805,73.63131606935346,63.35023943275292,1.9427174437764927,35.14835153272725,52.99883523768695,48.84616482524835,Temple Ruins,Sequence,Teleport Rune,Forbidden Magic,1,1,57.2904972366049,55.79125996567361,31.62390750417868,-1
2806,74.35712101615039,66.2664668940768,1.8159885750874103,41.77261571015916,52.28414132533563,53.4163229327562,Abandoned Theater,Mechanical,Teleport Rune,Lost Civilization,1,0,56.19581100078042,57.97773736415852,30.24333921853104,-1
2807,73.64512301032991,65.7513946845002,2.4099767059021047,35.033536117167586,52.80278257038747,54.02122340016001,The Old Library,Sequence,Teleport Rune,Cursed Treasure,1,0,54.66852051914568,53.45766482356584,33.67503375619765,-1
2808,73.53223066289159,64.86060376414584,1.744660448082806,26.44270867252687,51.356227250808445,50.30443863952306,The Old Library,Mechanical,Teleport Rune,Forbidden Magic,1,1,49.734129606140016,56.35222437100576,35.799144299434936,-1
2809,73.8430054883588,64.68747169664547,1.8335056571099388,37.33263148185291,51.87075586479657,52.68361539160167,The Old Library,Maze,Ancient Map,Ancient Prophecy,1,1,54.81792739428748,55.03804766592845,30.73360284477998,-1
2810,73.5303328566276,65.09776041984233,2.1555528183872483,25.34974278950209,48.83549384924534,45.74732342739021,Temple Ruins,Mechanical,Ancient Map,Ancient Prophecy,1,1,49.83745255062527,53.57833665119818,31.46274818937475,-1
2811,74.91422054256176,64.85758967364887,1.7354510380746384,28.918816964704455,51.38006915358864,52.16475456014548,Temple Ruins,Mechanical,Secret Code,Lost Civilization,0,1,51.92112332209687,57.13318049071192,32.84214568566653,-1
2812,73.4852057091657,63.87538992471805,1.629055142388341,31.756074323218236,54.60175047202203,51.90906014295924,The Old Library,Pattern,Ancient Map,Ancient Prophecy,1,0,53.51231722683095,55.9876638223048,30.633849918579013,2
2813,73.30678101130962,64.26031246398773,1.174203947862392,31.120651120047743,52.18617119426384,56.50559838903337,The Old Library,Pattern,Secret Code,Forbidden Magic,1,1,52.1064280078001,60.12769973643173,29.04521173383514,-1
2814,75.96713129788682,66.63777547571594,1.5666809609328205,33.42234209568837,52.12536977052632,51.49194224342827,Temple Ruins,Logic,Teleport Rune,Lost Civilization,1,1,60.86545781169543,58.04048110930512,33.682972321729295,-1
2815,75.14943253946224,67.35390133454878,1.5611019414202136,30.92566069549984,53.46478003757838,52.3341073535113,Temple Ruins,Maze,Teleport Rune,Ancient Prophecy,0,1,56.039146034608,57.246245685867606,32.10071298415609,-1
2816,72.31664745125352,66.24909406707258,1.889740466636008,29.09464629544832,52.50518774164501,52.80192805680798,The Old Library,Cipher,Secret Code,Lost Civilization,1,1,54.28766218494495,56.65883239039201,37.178528202835736,-1
2817,73.40283929801402,65.16932447696315,1.656273709396549,43.8220042609493,50.79026153767331,51.52419994017405,Temple Ruins,Symbol,Ancient Map,Lost Civilization,1,1,56.96651886261533,53.43277690214323,28.62311346924216,2
2818,74.39949593143061,64.35802046747604,2.484038318771804,32.710524869604086,52.006973010920895,54.7994785545804,Temple Ruins,Logic,Secret Code,Cursed Treasure,0,1,54.66435937710449,57.91370528645682,35.24843340071894,-1
2819,74.47019209908773,63.90224654147983,1.5165462161614425,24.9358375603864,50.2701193979039,48.0190199653578,Temple Ruins,Cipher,Ancient Map,Forbidden Magic,1,1,51.30368063625555,55.415567030028576,30.325688354628173,-1
2820,72.64532704320455,63.972806915390834,2.251212193450006,34.27351836366117,52.249789498564496,55.841441760360325,Temple Ruins,Cipher,Secret Code,Ancient Prophecy,1,0,59.11801353595177,55.89518210107277,35.11187521436813,2
2821,75.28374718862493,64.15647249626949,1.8941085387417425,30.44289553745078,50.7191312596228,52.97030470421033,Abandoned Theater,Mechanical,Teleport Rune,Cursed Treasure,1,1,54.08538933720859,52.92492007093384,30.482472589887465,2
2822,74.93974691666878,66.86554894767526,2.067360661654662,31.630159504565626,53.369544812951865,56.25411783698856,Abandoned Theater,Mechanical,Teleport Rune,Forbidden Magic,1,1,53.24539400290125,59.03779559148031,33.79325929674097,-1
2823,74.58574405129,66.52530585957204,2.0462616243646035,39.59516309404648,51.21305040393047,46.13191964471432,Abandoned Theater,Math,Ancient Map,Cursed Treasure,0,1,55.121986917690656,54.93952824561959,35.36981856073178,-1
2824,75.44987005726304,65.46993449922186,1.1540940415095338,33.79112189066887,50.74262562426182,46.90942669847223,The Old Library,Sequence,Ancient Map,Forbidden Magic,0,0,56.07795865545278,54.869660251960646,29.448886356409847,-1
2825,74.53471003762778,63.76766935165978,1.8131896756604664,30.257392545106462,51.81166534198,52.27005360103625,Temple Ruins,Mechanical,Ancient Map,Ancient Prophecy,0,0,56.64008787159102,55.25057741508438,31.01913556321832,-1
2826,74.52025883988935,65.62595872981278,1.7350598064922471,38.240114955096615,52.530194550891686,54.2647884700014,Abandoned Theater,Sequence,Ancient Map,Cursed Treasure,1,1,58.358108800926885,55.282319085123184,37.36543702121363,-1
2827,75.61859469118814,64.49889988943893,1.470889743615177,41.74702971819752,50.172263962854565,51.61266820999207,Temple Ruins,Cipher,Teleport Rune,Forbidden Magic,1,0,56.38261495504007,53.59902209412701,31.06789057722208,-1
2828,75.15135210824484,62.589115417569474,1.945708231106,38.67017086212387,51.20247881385687,54.45961457520629,Abandoned Theater,Mechanical,Teleport Rune,Cursed Treasure,1,0,55.12997582768976,53.95260595820586,34.61076024458948,-1
2829,73.19782193265564,65.03382723891471,2.3198022546943906,23.70652301656958,52.14320051430731,55.45327439360741,The Old Library,Mechanical,Ancient Map,Cursed Treasure,0,1,53.52318708246066,57.97233277756989,36.87909790100152,-1
2830,74.66170129686394,63.90940909665662,0.9999414683355772,30.387850549041875,53.9940497993236,54.66499886755342,The Old Library,Logic,Ancient Map,Cursed Treasure,1,1,58.11613869003301,57.32554885417007,30.855275127435288,-1
2831,73.35339494930781,63.94785801871888,1.6384868923923317,36.18854427889498,48.194424801029726,53.258171260950206,Abandoned Theater,Maze,Secret Code,Cursed Treasure,0,0,54.57859523793767,55.81721666986427,29.071672694322817,-1
2832,74.51095413781316,64.5100865225859,1.422066183100344,34.71831456072617,52.91120625926423,53.23900712413514,The Old Library,Cipher,Teleport Rune,Forbidden Magic,1,1,57.53531366763565,56.71178148477857,32.542263213848386,-1
2833,74.47253005027058,64.26674835329119,1.814280793378687,34.29195219348126,51.41403762857852,51.46301228402904,Temple Ruins,Logic,Ancient Map,Cursed Treasure,1,1,52.03892747694803,54.3184032545368,31.563918727500624,-1
2834,72.60154647843902,64.73538504267424,1.6919958231134355,31.003067308046045,51.24835647357855,52.86156418949056,Temple Ruins,Symbol,Ancient Map,Lost Civilization,1,1,51.1747990775316,57.80618599017292,33.135299122472404,-1
2835,73.85224582614418,64.69187555652309,1.6048973305022185,28.877459617011095,50.9694290525908,50.43942278191318,The Old Library,Sequence,Secret Code,Lost Civilization,0,1,50.95538889560668,52.006393626177314,31.57582316831888,-1
2836,74.22840661436491,62.902954951447015,1.9903545280978088,45.932824350809504,51.44608507995087,51.03817633159736,Temple Ruins,Symbol,Secret Code,Lost Civilization,1,0,59.14131886415754,55.18886402527858,35.74329067171404,-1
2837,73.51589816793438,66.30359364772143,2.271242730390775,36.018012744095785,52.9239246674568,54.28591049886689,Abandoned Theater,Sequence,Secret Code,Cursed Treasure,1,1,54.55699067991211,58.67989045512766,33.2639323372717,-1
2838,74.25591779251509,63.80448421104319,2.575653848403568,39.08161564480832,51.1882510032106,51.842797171171625,Abandoned Theater,Cipher,Ancient Map,Forbidden Magic,0,1,56.754220658307545,54.72020601057,37.33377474143936,-1
2839,74.73610594980035,63.84000146846633,1.5522236814964767,35.89081781396565,54.48201199652264,51.15609526457667,Abandoned Theater,Symbol,Teleport Rune,Lost Civilization,1,1,58.047140891770496,54.13981989772562,34.677461261108526,-1
2840,73.8885963713393,64.468379149728,1.2246882829379,36.079867226399145,52.93057881768603,54.12307753296248,Temple Ruins,Sequence,Secret Code,Forbidden Magic,1,1,53.85078562309972,55.63986312290737,30.88599596099817,-1
2841,74.13275122394984,64.69312371427459,1.9355330202524517,35.526175080984125,52.292352890338,53.94974914232604,Abandoned Theater,Maze,Teleport Rune,Forbidden Magic,1,1,55.32548947189088,54.22846711663022,35.348699614318726,-1
2842,75.2805192953618,66.26495813471566,2.2477274219613523,30.223037709199676,51.746887968237765,52.46175103637847,The Old Library,Symbol,Secret Code,Cursed Treasure,0,0,51.55935845182783,57.7633696033148,35.702139408809806,-1
2843,74.35921653666612,65.07991510622601,2.0054818541585724,28.24140123471259,53.78129226287573,52.6276614231959,Abandoned Theater,Mechanical,Teleport Rune,Cursed Treasure,0,1,55.41552172389717,58.2036663429193,36.246877106810246,-1
2844,74.07575035618429,65.38146403857114,2.240056972346557,37.73356352773183,54.00104065883062,54.03986972469977,Temple Ruins,Symbol,Ancient Map,Cursed Treasure,1,0,57.95834669935652,57.46061252270323,37.16778043906295,-1
2845,72.9057342859182,65.09403519031731,1.687270172765264,36.73024346132676,50.25539942907965,55.42239279095973,Temple Ruins,Symbol,Teleport Rune,Forbidden Magic,1,1,55.48628990481453,56.39117561968333,31.97702115028721,-1
2846,74.52370887170873,65.05545456548882,1.56879265658302,40.471037333093896,50.945048353906266,53.5027141478844,Abandoned Theater,Pattern,Ancient Map,Cursed Treasure,1,1,57.095408727310826,57.2484629802414,30.55528620847775,-1
2847,74.17168371009424,65.1382099823413,1.7830302613329918,39.44504505769925,52.95022501622873,50.01991522405722,The Old Library,Pattern,Teleport Rune,Ancient Prophecy,1,1,55.31822787423995,57.93857060406249,32.39172313364694,-1
2848,75.11410591050038,62.90022733300551,1.645953905260847,31.71429473030225,53.40364664309868,52.446431268091374,The Old Library,Symbol,Teleport Rune,Forbidden Magic,1,1,51.79165357599062,53.1543410426826,32.85634610169746,-1
2849,73.86605966218488,64.58751747118181,1.9407544985276728,41.40843371207698,51.54842124222967,51.982125405516456,The Old Library,Logic,Teleport Rune,Cursed Treasure,1,0,57.35324979345637,52.44495992501826,35.22351531985053,-1
2850,71.99171129726633,66.00416501526006,2.029449301806245,39.55924133849,50.88553292591613,50.36753473406389,Temple Ruins,Mechanical,Secret Code,Cursed Treasure,0,1,56.57520080122897,56.93579541037328,34.825061434037245,-1
2851,72.09663575415452,68.78869631650105,2.049623177792302,39.17694814705328,52.11734861256659,54.24483191400525,The Old Library,Symbol,Ancient Map,Forbidden Magic,0,1,59.04980911871518,60.42432853958559,36.26912997199885,-1
2852,74.52119847019253,63.64651121063866,1.8850416122960465,46.95801595046517,54.21466058076727,54.43713144848834,Temple Ruins,Sequence,Teleport Rune,Lost Civilization,0,0,58.01302483576031,52.23369306691163,36.86005318043589,-1
2853,73.20406756103128,65.27834836162846,1.8022630539531868,45.919824271617244,52.06132388496567,54.8155210542649,Abandoned Theater,Cipher,Secret Code,Cursed Treasure,1,0,58.23875105452485,56.24477278283244,32.80572746179814,-1
2854,74.19975484213631,64.288663486385,1.963483910277086,39.13825455399115,50.10397469665356,50.52271761479477,Abandoned Theater,Pattern,Ancient Map,Ancient Prophecy,0,0,58.49013770428169,57.27953073925612,36.830766342978535,-1
2855,73.86592825915048,66.91179702015138,1.132885072545363,38.50333382410386,52.16433534333192,53.39362734269793,Temple Ruins,Symbol,Teleport Rune,Lost Civilization,1,1,58.15962286044308,57.0382087904324,30.405747864294007,-1
2856,73.57354717340048,63.51479078073232,1.7815679975299472,41.07429260693627,53.17411855201105,52.98431191788968,Temple Ruins,Symbol,Teleport Rune,Ancient Prophecy,1,0,55.22147417256341,58.1374458463942,32.725538342635495,-1
2857,73.63269959644529,65.49793481464069,1.7307418941973194,32.73492360028213,51.84792771327241,53.76850773335472,Abandoned Theater,Cipher,Ancient Map,Lost Civilization,1,0,53.441778051434376,58.88581776119363,33.51359739381348,-1
2858,72.85232834425878,63.47019934943469,1.775512072567012,32.794228776490804,53.88720242613751,53.32431622874548,Abandoned Theater,Symbol,Teleport Rune,Ancient Prophecy,0,1,52.499364333983245,54.84115493631722,35.0130734452585,-1
2859,73.69058016601336,64.56325223161011,1.6818783321222044,38.999171598864265,53.29864558058893,52.96863513770924,Temple Ruins,Pattern,Secret Code,Cursed Treasure,1,1,54.11041044219672,55.11852627108035,31.89371603997329,-1
2860,73.11048757824084,64.85190733009993,1.834287646418572,31.338380517741825,51.90711475600753,52.66819060131363,Abandoned Theater,Logic,Secret Code,Ancient Prophecy,0,0,56.21114552831354,55.07908608894497,32.97340395894182,-1
2861,73.31133090988592,65.96030739856732,1.52890407979871,38.57331170984613,52.064311581891324,55.7671015250638,Abandoned Theater,Sequence,Teleport Rune,Lost Civilization,1,1,55.68421967685123,56.854787353427206,31.253829267300183,-1
2862,73.34852817963935,63.81783722582264,2.0366844944718867,36.382335370484114,49.23675970522357,50.845464981201786,The Old Library,Mechanical,Teleport Rune,Ancient Prophecy,1,0,54.775326593465024,52.172831073955365,33.048203645887554,-1
2863,73.43405723681761,65.56276869955768,1.8364536563867715,31.30594122497594,53.81450436442262,52.56707282308738,The Old Library,Sequence,Teleport Rune,Ancient Prophecy,1,1,53.94763303456876,53.9400968334334,35.84478483510435,2
2864,74.57148084645566,64.9225382208272,1.7360846834968358,35.704948481897475,51.504614576141016,55.7034266670149,Abandoned Theater,Mechanical,Teleport Rune,Ancient Prophecy,1,0,55.5618969827936,51.20371013948101,32.16482746882378,-1
2865,73.50805715783599,65.1809219629022,1.4781333012725195,42.08975506386851,51.39864312565699,50.972360189921474,Abandoned Theater,Cipher,Secret Code,Cursed Treasure,0,1,56.28980606604281,55.86406805273783,32.75728474498312,-1
2866,74.65007474773903,65.87082258739848,1.928482026258352,35.96493753717102,51.173446779583855,51.09978018064003,The Old Library,Symbol,Teleport Rune,Cursed Treasure,1,1,54.05641143686109,60.42203503740616,30.52295632796449,-1
2867,75.15273572691571,63.63428767722168,1.742373099522312,35.9745687285149,52.68288381408619,54.83485236112952,Abandoned Theater,Sequence,Teleport Rune,Ancient Prophecy,1,1,59.01457297089776,51.0995422389861,35.09050595468201,-1
2868,74.45831784489228,65.73178702682617,1.4502081419755215,37.17550913505072,50.30436958389837,49.44021539838239,Temple Ruins,Mechanical,Teleport Rune,Lost Civilization,1,0,54.6870989216615,55.70479908060943,30.046156646001545,-1
2869,74.12631831459016,64.35662805452046,1.6563226084827063,37.81528466643863,50.5206828691711,54.65157780756624,Abandoned Theater,Logic,Secret Code,Lost Civilization,1,1,53.9593522556707,54.725361410349855,30.9431089098732,-1
2870,73.90714285591761,66.02574037156968,1.8585039101515035,33.853906112137075,51.91764869693387,51.77591355188259,Abandoned Theater,Maze,Ancient Map,Cursed Treasure,1,1,54.33934624535164,56.29741549843705,34.19351977577944,-1
2871,74.43411461756709,65.2687516997577,1.8316995826555265,37.24818716979863,51.05612202068122,54.02500153880106,Temple Ruins,Symbol,Ancient Map,Lost Civilization,1,1,60.14995535635244,58.41295309276001,33.76066220408778,-1
2872,73.64654641846431,64.72898595659146,1.808769153445316,30.24031073402501,52.49815941806144,49.94816358236093,The Old Library,Sequence,Secret Code,Cursed Treasure,0,1,51.61687446259594,54.03311630173969,33.25954036292028,-1
2873,74.53016992069506,64.35280175081023,1.6868555707239272,31.47909498214529,51.10985356154615,55.96269066639592,Abandoned Theater,Sequence,Ancient Map,Cursed Treasure,0,1,55.58106088451787,51.37642555187512,30.52475165167732,-1
2874,74.14810501281849,65.7704291896194,1.9632626543651783,32.10749961030799,54.38658169443276,49.95690337527614,The Old Library,Symbol,Secret Code,Lost Civilization,1,0,53.62844968094972,55.848050668628375,34.08720361004211,2
2875,73.16254273201368,66.21238543436972,2.0232675413488703,37.8008606509666,53.03351478277754,54.81237588386664,The Old Library,Cipher,Ancient Map,Ancient Prophecy,1,1,55.72739833075212,55.619704088517615,34.80031239120039,2
2876,74.40660302533915,64.42287482463084,1.8695285294832027,36.2420205781179,53.01392048688264,50.06134404056004,Abandoned Theater,Mechanical,Ancient Map,Forbidden Magic,1,1,57.36092975856202,51.236970458536575,34.96475664788317,-1
2877,73.59058618568442,63.82700546402978,1.4684910802214473,34.757874994768315,51.08437261854808,57.520752177722656,Abandoned Theater,Math,Ancient Map,Forbidden Magic,0,0,51.14233659345516,55.38675180753749,29.770252461452344,-1
2878,73.38131340359168,65.6585017695597,1.3236944337690288,38.87234649034637,55.599520292174766,52.82154554536218,The Old Library,Sequence,Secret Code,Ancient Prophecy,1,0,53.897809771675085,54.708830042712144,31.814253719473136,-1
2879,72.99957079447346,63.52003149865716,1.47430947904927,37.301637856001534,51.33163125637267,57.87714273749246,Abandoned Theater,Pattern,Teleport Rune,Cursed Treasure,1,0,56.80625942333864,54.56414927055494,32.08894081550066,2
2880,73.63009877387647,63.66731471927212,2.2199590736075066,33.94628169832988,50.91854084165964,50.95278128147335,Abandoned Theater,Logic,Teleport Rune,Cursed Treasure,1,1,54.55684594198753,54.02514835418607,34.17265086233754,-1
2881,74.44883805543888,63.9143845844189,1.7147338497530331,30.20885681381888,53.04844013263512,51.89337325987801,The Old Library,Math,Ancient Map,Lost Civilization,0,1,54.155709158317855,53.20172529284089,33.676152031529675,-1
2882,74.32959661811384,64.56588505179181,2.26451324343014,31.27531974280061,52.28019993401619,56.02679800933042,The Old Library,Logic,Teleport Rune,Forbidden Magic,1,0,55.4031211277995,57.43341387543787,29.969270788360834,-1
2883,73.7823173566635,63.64924727718051,1.5868696121221948,28.028676451940967,50.7587743046883,49.43450994556221,Temple Ruins,Logic,Ancient Map,Ancient Prophecy,0,0,50.89879036777515,54.143308147480994,31.13704106549444,-1
2884,74.01682003666056,63.05101583017596,1.541626442226781,36.05443888618554,55.27907610165698,51.25183336032514,Abandoned Theater,Mechanical,Teleport Rune,Forbidden Magic,1,1,57.33656876350664,55.30006943551232,35.51258276472049,-1
2885,74.6771120302341,63.85860104491792,1.59338822679661,31.029771923832744,53.44762077205001,54.23767107422333,Temple Ruins,Symbol,Secret Code,Lost Civilization,0,0,55.75476624457138,56.5633573988581,31.86561335237152,-1
2886,73.24367391249764,65.64074209702589,1.584281032902705,32.8527329885723,51.9891072401385,50.45304855825917,The Old Library,Maze,Ancient Map,Ancient Prophecy,0,0,54.27865865858701,56.92334420737811,33.30472890706208,-1
2887,72.26643140354918,63.7309388860155,1.3761596860496637,34.68028393702426,55.583603867296375,54.30454355504761,Abandoned Theater,Symbol,Secret Code,Lost Civilization,0,0,54.70020748897176,56.01837821883649,30.87895138895659,-1
2888,74.6711788175316,64.66642146938312,1.259916024624517,40.52711013533917,53.196909910960464,53.42601096255429,The Old Library,Mechanical,Secret Code,Lost Civilization,1,0,59.29078788643477,54.25749308338273,28.51254891556939,-1
2889,72.82845474300233,66.95759066544453,1.7512810910276166,39.93999142316942,51.96165092832213,49.21588594064454,Abandoned Theater,Pattern,Teleport Rune,Ancient Prophecy,1,1,54.491392155283904,55.038153120166896,33.82158498682747,-1
2890,72.65606548945274,64.9659119804061,1.91365417818503,35.01140776012792,55.40038322783404,55.41942196995866,Abandoned Theater,Pattern,Teleport Rune,Ancient Prophecy,0,0,55.41977565863246,56.87191005502944,35.24587842240457,-1
2891,71.53836318011889,65.36180384422097,2.3269766855975003,41.60138669764335,52.96538995059943,49.84391726701358,Temple Ruins,Cipher,Ancient Map,Ancient Prophecy,0,1,58.89214838879387,54.42250965988016,35.11882781590106,-1
2892,73.89398813310862,64.07741240211875,1.4596614388813949,25.20105330522017,52.898428572879936,54.928197742432346,The Old Library,Maze,Secret Code,Lost Civilization,1,0,53.17796137040854,57.02275661404457,33.9807928756177,-1
2893,71.68938353878812,67.19109964691246,1.4802665741624403,44.63783268627336,51.39464883253168,53.32118849561071,Abandoned Theater,Maze,Ancient Map,Forbidden Magic,1,1,55.96019347383751,57.05362003704081,30.994709211062077,-1
2894,72.54869549514976,64.49049546904692,1.350977446194067,38.703170096497104,52.04686188746678,51.86246883823564,Temple Ruins,Symbol,Teleport Rune,Forbidden Magic,1,0,59.776579706783714,56.849943255793946,30.1621022314045,2
2895,73.87529641029067,64.80784321603137,1.916342794035215,35.74363705699571,51.35523537018719,50.23649368759779,The Old Library,Cipher,Teleport Rune,Forbidden Magic,1,1,55.5098979680941,53.6649930527155,31.861348848431096,-1
2896,73.99707347200555,66.35715728329154,1.819394660419571,30.761778871905747,54.12937353592165,53.82317331352037,Temple Ruins,Sequence,Ancient Map,Lost Civilization,1,0,56.42396094413455,54.993488543500064,32.43757504809426,-1
2897,72.61152808366793,64.86250781310052,1.30808764817171,33.01720464307955,49.55410563154586,50.81868801630618,The Old Library,Math,Secret Code,Ancient Prophecy,1,1,52.62901541576316,58.67232284048241,30.94269882161044,-1
2898,73.11714644335446,65.09626702631871,1.2967741475657473,38.24326772141944,54.01545133288321,56.01988369013144,Abandoned Theater,Symbol,Secret Code,Forbidden Magic,1,0,57.47887317824991,56.07153979619552,31.570626133143264,-1
2899,72.36676042640065,64.77081882689964,1.849449716734735,38.34588952013901,50.64901266425616,56.1111265232585,Temple Ruins,Symbol,Secret Code,Cursed Treasure,1,1,53.83097301679993,57.29580822910821,35.007347084153864,-1
2900,72.67900110940424,64.7817963773552,1.6749122272143284,38.51644642095575,51.876487395316815,57.10508505246499,Temple Ruins,Logic,Secret Code,Lost Civilization,0,0,55.80910306843837,52.89871412606352,26.73322926817287,-1
2901,73.48164398179601,65.43124506299091,1.7837246784772804,31.520990485656316,51.51884936190128,53.70224359268827,Abandoned Theater,Maze,Teleport Rune,Ancient Prophecy,1,1,52.33180331656193,55.53958486761316,34.74000393791474,-1
2902,72.70180086548338,65.61779321251241,1.2876290068434204,30.503237823254032,51.179711991096994,51.98922548625406,The Old Library,Math,Ancient Map,Ancient Prophecy,1,0,56.57436381866033,58.77311941678208,31.459631253788967,-1
2903,72.94723944325851,64.42570122305472,0.9853905931967896,36.11751249966442,52.99284578741679,52.25774354832336,Abandoned Theater,Cipher,Teleport Rune,Lost Civilization,0,0,54.161334751477,52.56731432105763,30.256337031344827,-1
2904,71.71474297591442,64.30696147430133,1.2824642790184293,38.97977363242497,51.94857669104471,52.07478104299437,Temple Ruins,Symbol,Teleport Rune,Forbidden Magic,1,0,52.50691362136487,59.95521924908186,28.521318929038944,-1
2905,74.30038934992146,64.46799074845228,1.7475269778381974,35.13545335020296,50.95296545310216,53.62001384582277,Abandoned Theater,Math,Teleport Rune,Forbidden Magic,1,1,55.31110665881824,55.72326418213914,29.146835996889948,-1
2906,73.66547177801229,63.67995034613115,2.1707551840746384,42.51598330700018,52.1836221430883,54.09151813897151,Temple Ruins,Math,Teleport Rune,Lost Civilization,1,1,58.02826764279003,53.37481996935495,36.27701305531208,-1
2907,73.93627114731778,63.49484422649723,1.4048372959227664,35.263290081532304,50.90657622100402,56.07891091504224,Abandoned Theater,Symbol,Ancient Map,Cursed Treasure,1,0,54.88754775810568,55.33160365557006,31.5569305085341,-1
2908,74.42174040053379,65.38650434412298,2.2126700442201823,35.08310799485082,51.1420827715788,53.05030853899008,The Old Library,Cipher,Ancient Map,Cursed Treasure,0,1,53.55133618172177,58.21724099994756,34.868159026807,-1
2909,72.29404032959961,66.0319882847084,1.775094295400498,38.42850737614239,49.70085337943444,49.4919316736661,Temple Ruins,Sequence,Secret Code,Cursed Treasure,1,0,56.979610025182446,54.51144162638974,31.745862189428895,2
2910,72.74878579924305,65.96848561765152,1.1044722728933745,41.16092209432216,51.26924883818137,51.981447683845246,Temple Ruins,Maze,Ancient Map,Lost Civilization,1,1,58.51590816640607,55.067732026308335,31.752128776536463,-1
2911,71.20026205892647,62.719489438291056,1.5828244399814833,28.307566890819928,52.6839457953191,56.88962945014131,The Old Library,Math,Teleport Rune,Cursed Treasure,1,1,47.91651260490893,54.93869186883203,31.501526970316583,-1
2912,76.22342466728279,64.86044854089135,1.774037838667373,29.45286424770888,51.99621546201329,49.10855357381997,Abandoned Theater,Pattern,Secret Code,Cursed Treasure,1,0,52.815860166961066,56.72759866702805,32.42144879248975,-1
2913,72.92131107839853,64.0074471040981,0.78343110771172,33.465703029027864,54.66097511076993,54.84787490100345,The Old Library,Symbol,Secret Code,Cursed Treasure,1,0,53.47364226248241,55.340532886242826,30.111020801715146,-1
2914,74.0975083555645,65.25729443020697,1.70064111681593,50.81581441961056,55.85541982459302,52.0235672160414,Abandoned Theater,Symbol,Ancient Map,Ancient Prophecy,1,1,58.64139794490369,57.655869526376925,34.3029546074334,-1
2915,71.8084929182853,64.6997438929285,1.8553515000223568,33.702865829168445,51.23764255300552,50.7913392240012,The Old Library,Cipher,Secret Code,Lost Civilization,0,1,54.24786466601759,57.24444768225708,35.71337225912377,-1
2916,74.03090576001495,65.71348220973418,1.6194247588794597,34.39040495552903,50.68173261421355,53.98902762278031,The Old Library,Symbol,Ancient Map,Lost Civilization,1,0,58.41461935691002,56.482399542628805,29.309689465410088,-1
2917,74.8799612673973,65.1064125630103,1.4774771474050834,38.0801982490369,53.624135787157165,56.902382564056914,Temple Ruins,Symbol,Secret Code,Cursed Treasure,1,1,55.5902092161371,54.91636559119362,28.812835446993205,-1
2918,72.94993260266526,63.23355155238333,1.440344952555927,39.862209961378085,52.42988770556285,53.85111044195793,Temple Ruins,Symbol,Teleport Rune,Forbidden Magic,1,1,58.88206695222057,54.70758973030696,29.06827118953264,-1
2919,71.98716484066424,64.16644779818283,1.419056088332873,35.81562581197464,53.628513836182144,52.3436394748969,Abandoned Theater,Symbol,Secret Code,Forbidden Magic,1,0,51.00032093537631,59.15469538655827,33.85778317380542,-1
2920,72.84707306662749,65.14329142513273,1.131889361466214,40.77758043953528,52.52053834478816,49.75987690098408,The Old Library,Symbol,Ancient Map,Ancient Prophecy,1,1,56.85314759687356,56.770552099712496,30.5862773712207,-1
2921,70.74692133793445,65.23158178038136,1.2746575401499114,28.9751377532342,51.62830810111216,52.75287709724316,Abandoned Theater,Pattern,Teleport Rune,Cursed Treasure,0,1,49.95127115522214,58.4682402730392,27.71534313689456,-1
2922,72.923599942525,63.73975197171587,1.3521689486676631,31.10371023521774,51.63433276513149,49.6696254492764,The Old Library,Logic,Secret Code,Ancient Prophecy,1,1,54.04005289738885,53.916015312993984,31.42517223793524,-1
2923,73.77024806928348,63.61291887750077,1.507429238675773,40.73575380606335,52.564003862617824,52.22518944644943,The Old Library,Mechanical,Ancient Map,Cursed Treasure,1,0,52.96925529247504,55.567125927199854,31.66374813307953,-1
2924,72.90130819831481,65.2095660795636,1.302571793970554,34.967209342098364,51.59560914918483,52.84235587902099,Temple Ruins,Logic,Teleport Rune,Cursed Treasure,1,0,51.66016676281227,57.554448170434576,32.12708094284954,-1
2925,72.64070194762968,63.75358794218625,1.2051144631187392,28.589423496038712,53.73893614484289,47.09864627322381,The Old Library,Pattern,Teleport Rune,Cursed Treasure,0,1,53.11187324640967,58.370814145961766,33.27845873178599,-1
2926,73.44017614568314,63.49255265929864,1.6900234503747886,28.27817767087271,49.95354574792145,56.47080551146972,Temple Ruins,Symbol,Teleport Rune,Cursed Treasure,0,1,51.28755717734542,56.89067347057232,36.77318458549093,-1
2927,73.50439039219508,64.71996072808776,1.569517497075961,30.82536218216532,53.72559747918318,49.90369631719891,Temple Ruins,Symbol,Ancient Map,Forbidden Magic,0,0,52.70400767807431,53.8105573992672,30.776567087626503,-1
2928,71.22820860772552,64.6805666077252,1.29280792718951,34.87990088872689,49.09157446359418,52.53510199707326,The Old Library,Cipher,Teleport Rune,Lost Civilization,1,1,56.87346578090808,57.39841626984008,25.99149862175773,-1
2929,72.96467698778206,64.29451596958981,1.6027063959473928,37.195386101790255,52.11658577022578,54.33458311453129,The Old Library,Symbol,Secret Code,Cursed Treasure,1,0,55.21256496154402,58.80147882238488,33.647353556074705,-1
2930,75.29957035635567,64.47307551371273,1.3111243497228482,33.20241145186456,51.39958824789632,56.27137429544795,Abandoned Theater,Logic,Secret Code,Lost Civilization,0,1,56.94349867793604,54.26128154350494,32.91771679688648,-1
2931,71.51629166560075,65.1945364789623,1.4622431004090826,36.76193873644832,49.61880209323879,51.01961748406792,Abandoned Theater,Maze,Teleport Rune,Ancient Prophecy,1,1,52.41981232108596,53.77100199444462,28.10698467834704,-1
2932,72.75360335127004,64.4644183853337,1.7320919053025314,32.64084985269828,48.80045318483212,46.72703684756776,Abandoned Theater,Logic,Teleport Rune,Cursed Treasure,0,0,50.76200958076686,54.836314273576015,28.77913657503009,-1
2933,74.76847429405697,65.25915107812872,1.2547148948469795,40.93503096441757,50.24132037730158,55.696659290028215,Temple Ruins,Logic,Ancient Map,Forbidden Magic,0,1,56.9801232236757,56.08866523631653,30.828252342059287,2
2934,73.91860115289654,64.81185050820663,1.080375923749775,47.563886290600266,51.95319241231526,49.87626278393448,Temple Ruins,Math,Secret Code,Ancient Prophecy,1,1,55.639387772248696,55.05879551519148,33.72706553935732,-1
2935,72.28871909784809,65.36382639424102,1.3848250764845174,32.83088622693571,50.97842679336583,53.89860810895932,Temple Ruins,Sequence,Teleport Rune,Forbidden Magic,1,1,51.82531812030621,53.57689418988674,29.275296202441048,-1
2936,72.99593301999936,66.07823119178003,1.0155960661907468,37.1828862361477,50.31728028022937,54.05397425033912,Temple Ruins,Math,Teleport Rune,Forbidden Magic,1,1,55.42793411984005,59.26302991844825,29.39515799556915,-1
2937,72.77536002326174,66.04311503849773,1.337675424405732,36.76455683982348,53.90408954126024,44.86992641832103,Temple Ruins,Logic,Secret Code,Forbidden Magic,1,0,54.47206127178058,55.29107704332949,28.504457014756703,-1
2938,72.01706628462476,66.49591139655553,1.3329976379917252,35.45526864635325,50.0243188830676,48.9629080711389,Temple Ruins,Mechanical,Teleport Rune,Lost Civilization,0,0,54.51585913567107,55.53814660539889,29.946978911361235,-1
2939,72.67854481177196,66.04967370675921,0.6743672592439953,38.01734331372443,52.88816363801767,51.84797198320716,The Old Library,Symbol,Ancient Map,Lost Civilization,1,1,56.21296667318467,57.0306552278657,28.91425535734871,-1
2940,72.46048218325915,65.45390236416637,1.5689515816012602,37.134499896774976,50.53284768665998,46.53968020265192,Abandoned Theater,Logic,Secret Code,Forbidden Magic,1,1,52.225189847375766,52.9793409980616,34.47731106054338,-1
2941,72.8408413393618,64.78572334256441,1.3512477710653523,32.37443977459948,50.17895373669971,49.654871809356464,Abandoned Theater,Sequence,Secret Code,Lost Civilization,0,1,51.53296819313606,52.28800888374344,29.081112365133315,-1
2942,71.96734611624099,64.83519631624134,1.756922648828099,41.30175849095935,50.95418807347878,53.30719640031667,Abandoned Theater,Logic,Teleport Rune,Ancient Prophecy,1,0,51.21376682630802,54.71210363620157,33.87760541970284,-1
2943,71.42674092484184,64.3489742892314,1.4633178726978626,35.71669121014605,52.78656746457089,52.77879086977183,The Old Library,Symbol,Secret Code,Lost Civilization,1,0,52.83000530266316,57.25285586459434,30.703031424714656,-1
2944,72.64970123450573,65.23506732759677,1.6156511796393045,32.773696578828186,49.7962062041967,53.75663607661068,Abandoned Theater,Mechanical,Ancient Map,Cursed Treasure,1,0,54.89544162958635,55.99979539625386,31.541372342997896,-1
2945,74.39371628576392,65.93170402694328,1.748296538171335,46.90305837973048,52.28126330425736,54.12305244682213,Temple Ruins,Symbol,Secret Code,Ancient Prophecy,0,1,61.68970101259046,52.48965356067024,37.28846017954413,-1
2946,72.748410352696,64.51241951441064,1.3480922744400743,34.09533435130538,50.40558018480926,48.79542608255097,The Old Library,Logic,Ancient Map,Lost Civilization,1,0,54.258610255175554,58.018776712082015,34.18136204880821,-1
2947,72.32221642786256,65.20463187166463,1.3836893222379227,35.94048433168608,50.67217390221603,49.7878793414684,The Old Library,Mechanical,Teleport Rune,Ancient Prophecy,1,0,56.921932883308735,57.37249582735226,34.79198011650717,-1
2948,73.39549233612308,64.56824214523836,0.9082087928721648,35.53233916265123,52.4408549415911,54.90341547378013,Abandoned Theater,Symbol,Ancient Map,Cursed Treasure,0,0,55.4646511980212,56.06796814090692,30.648407058207003,-1
2949,72.47067690918978,65.4587053650293,1.7484753742451655,33.99504514466499,55.09664954398263,56.810825602506696,Temple Ruins,Symbol,Teleport Rune,Cursed Treasure,1,1,53.8958185299154,57.168811795539625,34.12170134179424,-1
2950,74.48461322639797,64.70370631570438,1.3292541393774464,36.87723094557948,50.46639701281851,50.58147987784447,Abandoned Theater,Symbol,Ancient Map,Lost Civilization,0,1,54.53135546634226,56.73270627839329,31.120066427173768,2
2951,72.600245483355,64.51730978381366,1.067600728282589,30.39830557387075,52.90920509751046,53.64726398524239,The Old Library,Mechanical,Teleport Rune,Lost Civilization,1,1,47.90931887614249,60.3965955838522,31.65710200689798,-1
2952,73.29222678124147,64.58057629300795,1.587600606130061,37.595428245695615,51.35674197437164,55.01770723328474,Abandoned Theater,Symbol,Teleport Rune,Forbidden Magic,1,1,57.70034351689276,57.23880019659461,32.807402857884696,-1
2953,71.82469121806866,65.76758635876335,0.7081211089021593,25.81035587638904,51.11008633935836,53.59388904297321,The Old Library,Cipher,Ancient Map,Cursed Treasure,0,1,50.73147154367472,56.85166283875219,26.96475452337969,-1
2954,73.06994501590376,65.17121472750601,1.2296526518203053,28.1012004955798,53.42562125049684,52.37808423644755,The Old Library,Pattern,Ancient Map,Lost Civilization,1,0,55.048920207817226,53.85077253317726,30.12830166672386,-1
2955,72.82950380418009,64.84324088851952,1.6273157350460632,43.70960376617618,50.54959353741714,51.39837501387752,The Old Library,Logic,Secret Code,Ancient Prophecy,1,0,54.911317174649554,55.82922539357135,30.59154387861893,-1
2956,72.48545329270335,65.53675753136707,1.2199016283706712,28.28952123684376,50.07999330608048,57.96317301191385,Temple Ruins,Symbol,Teleport Rune,Lost Civilization,0,1,56.83576876681984,57.438353281479294,32.06023402049606,-1
2957,72.02774539472296,64.86451913315084,1.1322458222300766,24.760076028721876,52.49767717828992,53.24052260381744,Temple Ruins,Math,Secret Code,Lost Civilization,1,0,50.147095536117774,55.67433058137183,33.13589613135953,-1
2958,71.87901150017406,66.40922746451108,1.2191888587285435,28.392246957033063,54.19580453857432,53.97235507804319,Abandoned Theater,Mechanical,Secret Code,Ancient Prophecy,1,1,50.26070299972867,56.28004911512632,38.34152554075166,-1
2959,72.7869277341949,64.31250952268603,0.737478279687549,43.239080273466186,52.9248013526063,53.81080020186728,Abandoned Theater,Pattern,Teleport Rune,Ancient Prophecy,1,0,56.214836629798825,56.71100850487442,30.263605338251644,-1
2960,73.1210426018574,65.10306214143056,1.5515314240664415,25.56895997954089,49.68542884075641,50.96895398249797,Abandoned Theater,Symbol,Ancient Map,Ancient Prophecy,0,1,51.88422639994121,53.533114130050926,29.47198186317418,-1
2961,72.35246425852031,63.88891826976052,1.2964621947832613,29.73868116630121,50.869066204063735,53.12705255828576,Temple Ruins,Maze,Ancient Map,Ancient Prophecy,1,0,52.19327889285051,56.63198340447226,29.66260172018101,2
2962,72.7544138104956,64.95045078305367,1.2480802170401148,27.21628171757652,53.25753930677321,52.194393280304745,Abandoned Theater,Symbol,Teleport Rune,Cursed Treasure,0,1,50.78687198331772,55.24569653438673,31.30608618103303,-1
2963,72.41674541695505,63.62132319414438,1.245636289532274,33.126098891763704,54.15584883783876,52.14963102207779,Temple Ruins,Symbol,Secret Code,Lost Civilization,1,1,49.780991805436905,51.12116991665808,35.07296682296772,-1
2964,72.54069584415011,66.05090055179181,1.3269299715511942,32.306149819100185,52.12325753424412,53.79239785254691,The Old Library,Cipher,Secret Code,Forbidden Magic,0,1,51.60760729397244,55.750773962083706,32.83522628892402,-1
2965,72.22923019450397,66.0747049412069,1.5152164847346934,32.071989920470976,50.90740432659632,50.710892566911646,The Old Library,Math,Secret Code,Ancient Prophecy,1,1,55.10800643179542,56.31952482844876,28.82095088890853,-1
2966,72.43514887164429,66.09598028762306,1.3000557369094627,43.74596832310684,54.24112959225227,49.98802894799063,Temple Ruins,Math,Teleport Rune,Ancient Prophecy,1,1,54.82543441897288,58.2203998364658,32.207100586133066,-1
2967,75.10271374476716,65.34428331566976,0.9036838444319122,28.459458354287904,51.65611486353601,54.25681265101355,Temple Ruins,Mechanical,Secret Code,Forbidden Magic,0,0,50.16556847895169,56.94632369087813,26.49983974560524,-1
2968,72.70380058647119,64.43913292148136,1.4813403379154106,33.93344042123703,50.85516207001076,51.670973518428326,The Old Library,Cipher,Secret Code,Cursed Treasure,0,0,51.691312982717214,52.697524329386056,32.537898280576805,2
2969,73.02495237334995,64.52224694118044,1.45477798273115,36.126938706244765,50.59731167579572,52.13746069930816,Temple Ruins,Sequence,Secret Code,Forbidden Magic,1,0,54.47576046020512,55.52922325901237,29.70415217989485,-1
2970,72.80516439858222,66.8563356190492,1.3633978281266077,29.522448113075697,49.9629844568324,48.17800861830835,The Old Library,Mechanical,Secret Code,Forbidden Magic,0,1,51.02139073860855,55.7240217450044,29.212615376525196,-1
2971,72.09180572294844,66.76540838911609,1.6208560504485303,36.8460150889329,56.00165013945762,55.40770695544158,Abandoned Theater,Sequence,Ancient Map,Lost Civilization,1,0,53.749213803030536,57.2156733624724,30.72678662887149,-1
2972,73.63609001079652,65.45584588194733,1.3039526640203796,32.40359229614242,53.87844991703601,54.310040529789234,The Old Library,Logic,Teleport Rune,Ancient Prophecy,1,0,52.30582528602904,54.59831790978203,33.66867242475744,-1
2973,72.03841190025229,64.82120783613593,1.6248189594861755,36.26377852947639,50.758272956529225,54.77017196327957,The Old Library,Symbol,Teleport Rune,Ancient Prophecy,0,0,56.12166849178524,55.42468606936914,34.29574574697517,-1
2974,73.37210183838914,66.70900813105015,1.7101483751373323,33.84183423037559,54.33611790386029,53.96831405099436,Abandoned Theater,Maze,Secret Code,Cursed Treasure,0,1,55.15751039374332,63.82839866222286,32.62276792750347,-1
2975,71.9703087794542,64.64941606542374,1.4592699290472424,24.118780525943198,52.5339647123471,49.21010761577434,Temple Ruins,Mechanical,Secret Code,Cursed Treasure,1,1,54.853738558512575,59.47426881943365,31.78003216061653,-1
2976,71.33200873949959,65.57629462111825,1.0567992242085598,40.89154527608988,52.44077233250832,53.57249741169788,Abandoned Theater,Symbol,Teleport Rune,Cursed Treasure,1,1,54.303226233320416,54.394149329573374,29.48896920601581,-1
2977,72.64484006482425,66.70292055985647,1.2385592884866077,44.70296725664103,50.64830018864467,51.47716624413763,The Old Library,Sequence,Ancient Map,Cursed Treasure,1,1,56.42803586540833,56.95359310163647,29.84186747544909,2
2978,71.16223533905283,64.51813423894558,1.6460801458931127,33.45653766332253,50.94951698071828,50.59285723691615,The Old Library,Symbol,Teleport Rune,Cursed Treasure,1,0,55.10130654951236,54.7246261565274,30.41976830749975,-1
2979,72.79000112318909,66.18719743864041,0.8217761376365479,29.840190148685178,51.65257040748392,54.25012060361431,The Old Library,Sequence,Teleport Rune,Cursed Treasure,1,0,53.40807448891151,56.94560560247659,26.91288715433418,-1
2980,71.04765693340364,65.88202738103529,1.1501325799700834,41.849664807179046,48.76334846354149,57.1462722918817,The Old Library,Pattern,Secret Code,Lost Civilization,1,0,53.30048024179103,57.70270707243992,31.719443976701413,2
2981,71.91025986252858,65.32543438052691,1.1614966239407063,43.761175483532185,50.97687410812843,56.73334854739085,The Old Library,Mechanical,Ancient Map,Lost Civilization,1,1,57.38735120022404,55.66453398313904,24.854992549910197,-1
2982,70.78498823606982,64.37499325418511,1.0015036902533645,33.454952670087664,51.70923809868722,54.55536254627654,Abandoned Theater,Sequence,Ancient Map,Ancient Prophecy,1,1,53.30053653729422,53.97988074834339,30.86886234838666,2
2983,75.02833284160204,64.64745460441105,1.5196249406402509,33.1952044180491,53.66214838977442,52.92442960135201,The Old Library,Symbol,Secret Code,Forbidden Magic,0,1,51.38796925412447,58.29861601127989,33.476238406716114,-1
2984,70.53765215614553,65.664804516871,1.367513940116087,33.87873879548779,50.76838222851305,52.46114419770272,Temple Ruins,Maze,Teleport Rune,Lost Civilization,1,0,51.183591532507904,53.65097510260101,34.16208475610207,-1
2985,72.18886944764458,63.95546728465845,1.0378740400271442,25.895245667186053,52.90671146145123,50.738741033891934,Abandoned Theater,Math,Ancient Map,Cursed Treasure,1,1,51.46253574886181,55.72877710879204,30.13208015179744,-1
2986,73.30980220497304,65.51299011782459,1.429581702781484,32.80206560566725,48.59303163240734,52.32566704073331,Abandoned Theater,Cipher,Teleport Rune,Cursed Treasure,1,1,56.71906041917209,52.6054933098158,29.27223681000916,-1
2987,73.19032441853558,65.92673095364516,1.197153573144608,42.82211839501947,53.42955310561086,55.27130989897036,Abandoned Theater,Symbol,Secret Code,Forbidden Magic,0,1,58.15682705821443,54.78247596992605,29.88646867125054,-1
2988,72.99271969135637,66.37432537247415,0.9743852103590628,33.39368870023054,50.32369037598771,57.55784783006234,The Old Library,Math,Secret Code,Cursed Treasure,1,1,52.685649196619,58.01634340265786,29.77051340777697,-1
2989,71.81158684415895,63.99416486241464,1.024347903969431,29.026691516439467,51.864790861728814,50.9587967325899,The Old Library,Mechanical,Teleport Rune,Forbidden Magic,1,1,50.37855575240901,53.810090705936105,28.61332392815109,-1
2990,73.46734056992439,66.71217746622825,1.3658334832804826,36.700033525169545,52.27403435902344,48.01246628832075,Abandoned Theater,Mechanical,Ancient Map,Forbidden Magic,0,0,56.68588088732496,53.40020767855778,29.34278025875457,2
2991,73.01707795766603,67.09469337830568,1.5135309296047523,30.870361846360765,51.97489507319718,51.67281500971924,The Old Library,Symbol,Teleport Rune,Ancient Prophecy,1,1,48.21870253617604,55.91588346627092,30.567403435467487,-1
2992,72.30342070394141,65.81287263767932,1.0826225542063426,33.86385478420702,51.49453003557978,55.25988528217784,Temple Ruins,Mechanical,Ancient Map,Forbidden Magic,1,0,51.9260462105608,54.70837491226658,28.18412890334691,-1
2993,72.31913516364644,64.36805513310713,1.3888259156635836,27.84164023323585,49.78746715672605,58.18069322664768,Temple Ruins,Cipher,Secret Code,Cursed Treasure,1,0,54.56258917290888,52.49040047912201,28.437123855881868,-1
2994,71.76206430225533,65.08136851743899,1.6968758674353916,28.99254124933909,50.31044018936412,56.27510301664201,The Old Library,Symbol,Teleport Rune,Forbidden Magic,0,1,52.34863591462101,56.71921942823098,32.11334129370751,-1
2995,71.1437668163982,65.36524608665519,0.8415603497951181,37.853745450916286,53.13437763100742,56.21321303094594,Abandoned Theater,Cipher,Secret Code,Ancient Prophecy,1,0,52.52506142065794,53.28892242373619,29.54435702345976,-1
2996,73.27800118258438,65.68666378922188,1.3228103449640185,34.734579413089975,50.738609941919066,50.87609911581315,The Old Library,Maze,Secret Code,Forbidden Magic,0,1,51.98300768247696,54.95251167708592,31.75973173782688,2
2997,73.3404891622049,65.44153019266231,1.4622101037785746,30.26476415563835,51.47464751636309,50.94652656612748,The Old Library,Maze,Ancient Map,Cursed Treasure,1,0,54.76319207999274,56.37081631566341,31.880623926058565,-1
2998,71.13160270980782,65.70405354134759,1.1813887876498146,34.73254156553296,49.38634475785635,49.69047590683448,The Old Library,Logic,Ancient Map,Lost Civilization,1,0,53.254346788730594,55.18452662846903,27.01328409797273,-1
2999,71.84935721277874,65.33547278658271,1.578355530249959,31.08895646100812,52.90718598267844,51.33630065968642,Abandoned Theater,Math,Ancient Map,Ancient Prophecy,1,0,51.998880346519314,55.50788691991768,28.521913567977247,-1
3000,59.84714965752367,57.69464915909589,1.8634751851836835,-9.804277469013323,49.63492183653334,52.28524445852791,Mystic Bridge,Maze,Ancient Map,Lost Civilization,0,1,33.71496766845459,48.86782650726828,30.15904472327782,0
3001,59.94534755938843,56.97233252746607,1.3038010305571162,-0.0754619641081753,52.98287982569792,54.06121796733731,Rooftop Garden,Maze,Teleport Rune,Cursed Treasure,0,0,36.2737660456944,48.03963548811802,33.23417696309089,0
3002,60.02972914806799,57.09797446729027,1.1277048766351805,-1.991394197925584,50.00962604842962,50.86379317820715,Crystal Cave,Math,Ancient Map,Cursed Treasure,1,0,35.5962308442207,48.69698566714498,30.997852282568275,-1
3003,60.899726878798695,56.86343258929349,1.48788119818555,-6.022284894844057,53.12018277348772,49.3621975999752,Crystal Cave,Mechanical,Ancient Map,Lost Civilization,1,0,32.08477662098023,51.74355818594539,34.48097121852649,-1
3004,59.19307972176988,59.360005197904925,1.4444289332316738,-5.204363296540223,51.60840620361137,47.33318795581644,Mystic Bridge,Logic,Teleport Rune,Cursed Treasure,0,1,31.901688537445352,51.00559454410602,33.25779876062593,-1
3005,59.08138224138701,58.9099256696512,0.433198436921704,-5.97816004283803,50.74964600534361,49.718712109966766,Crystal Cave,Math,Magic Key,Lost Civilization,1,1,35.15194220416962,51.72071893536723,29.281907839114247,-1
3006,61.15178189132576,58.00458959835478,1.1850842022837516,-3.5112342549647986,53.98301927250407,50.50781581912639,Crystal Cave,Maze,Ancient Map,Cursed Treasure,0,1,36.75600172566249,53.6340526820687,32.54447921368622,0
3007,59.439951161318746,58.77786622363525,1.0646000396193285,-9.95389004309175,51.47373806322096,46.34231981806701,Crystal Cave,Math,Ancient Map,Cursed Treasure,0,0,33.44204353542102,52.638862222200586,33.60115115861591,-1
3008,58.6269952654602,58.25427166493861,1.299084628806144,-1.6539498733063152,51.02887550391577,52.30368232126697,Mystic Bridge,Maze,Teleport Rune,Ancient Prophecy,0,1,33.50698687159505,48.431205542549456,31.29807742930956,0
3009,59.3923364786709,57.64032585507061,1.1190866754949895,-4.208726713442884,52.92981380981016,48.94021500922835,Rooftop Garden,Mechanical,Ancient Map,Forbidden Magic,1,0,35.90316373069897,51.83011062520644,34.93978124245517,-1
3010,59.534850697222126,55.95671898260215,1.1487609309575888,-7.301910512573909,49.33996391462419,52.153539602753,Mystic Bridge,Sequence,Teleport Rune,Lost Civilization,1,0,32.78884764138675,51.13303510088432,28.012248531711,-1
3011,61.407304505902765,57.20335327852927,0.9124980539409764,-8.435582442465371,47.76438363445025,49.972700094872536,Rooftop Garden,Logic,Magic Key,Ancient Prophecy,0,1,36.916774892966586,48.43082551232297,26.228305181059472,-1
3012,60.764607794320575,57.13369741716495,1.3889874567381535,-1.801091563552916,53.28655436136819,50.743041732218266,Crystal Cave,Symbol,Magic Key,Ancient Prophecy,0,0,34.42479122871702,47.47965078492695,31.81446190599663,-1
3013,60.97474358442496,56.33886947067649,1.662327014517654,-6.769222350385011,50.28955365260877,48.24512697479673,Crystal Cave,Sequence,Ancient Map,Forbidden Magic,1,0,33.503504172832535,48.61372819470392,31.71912597674748,-1
3014,60.63463970208089,55.9889829163952,0.9087174276851138,-9.521291239944835,52.83533289552653,49.138461785461374,Rooftop Garden,Maze,Teleport Rune,Cursed Treasure,1,1,33.22149885164068,50.13546604500666,29.41004811665004,-1
3015,60.748354653376886,57.9710562860724,0.7411263363750304,-7.95970006488755,51.602005527688014,51.605105308404895,Mystic Bridge,Maze,Teleport Rune,Ancient Prophecy,1,1,35.75570373370833,52.08495649390674,29.844843865270352,-1
3016,59.10147573127036,57.80602420030401,1.1634869645341814,-2.200843917010021,49.78111082122267,49.67125441315407,Mystic Bridge,Logic,Teleport Rune,Ancient Prophecy,0,0,34.730476122219194,49.37894649410924,29.33986203538498,-1
3017,59.57840465660415,56.31729701490285,1.1461519367408002,-14.109639545521087,52.432322138815344,47.23756496075708,Mystic Bridge,Maze,Magic Key,Cursed Treasure,0,0,31.589515627671958,45.83759542672044,29.586418266468076,-1
3018,58.77454265499463,56.74198077289752,1.5033107442448097,-7.843914875614141,50.900417270595504,50.2789351376307,Rooftop Garden,Maze,Magic Key,Ancient Prophecy,0,0,32.12836869621835,47.3466531496049,30.67139517414381,-1
3019,59.54142341940924,58.65223799292506,0.7805744875207196,-0.7239442225454633,49.8939067636888,50.964187542096006,Crystal Cave,Maze,Teleport Rune,Forbidden Magic,0,1,36.04385475816411,51.755189814770624,30.504497682094154,-1
3020,60.42347237256767,56.616466791544816,0.9852684304715776,-6.927919053665607,49.92718819901652,53.43222131418008,Crystal Cave,Math,Teleport Rune,Ancient Prophecy,0,1,34.03424671925281,53.59831377212756,29.53899951036132,-1
3021,59.8614091717572,57.66810092794983,0.4996861181785134,-4.73271953723377,48.89906100412759,52.88138317164868,Crystal Cave,Sequence,Teleport Rune,Lost Civilization,0,0,32.928424874054755,50.1035900263088,23.09572119162653,-1
3022,61.02576790868404,57.310653565909234,1.553854536210324,-0.6729167489105796,52.097013838160514,49.83841113411533,Rooftop Garden,Logic,Ancient Map,Forbidden Magic,0,0,36.66816868563401,53.16261485236914,35.28517390259388,-1
3023,58.56033532155686,58.00991628938095,1.213905587661984,-1.6550620293506908,50.08350389222601,48.63166208833939,Crystal Cave,Logic,Ancient Map,Forbidden Magic,1,0,34.94130012137895,48.509731847073226,30.764391516182783,-1
3024,60.18945643361111,56.65055721879011,0.997115626080262,-8.326943222324298,51.42862153948763,49.42924650159577,Crystal Cave,Mechanical,Magic Key,Forbidden Magic,0,0,38.31519219105722,48.645836763565015,30.981034855746483,-1
3025,58.428385318998615,57.59985149133749,0.7368880527906685,-6.788546499277198,51.20219205376556,48.69066623155519,Mystic Bridge,Cipher,Ancient Map,Cursed Treasure,1,1,31.798415083575385,45.87976554457305,30.406791106933568,-1
3026,59.75833782055042,57.68158481168612,0.7618715165079586,-1.6226789154037675,50.05648329534093,51.26540306425986,Crystal Cave,Logic,Magic Key,Forbidden Magic,0,1,33.68944753257138,51.12770089916107,30.037191937685872,-1
3027,60.39197132069192,57.746128328304906,1.2527602283214527,-1.4590609624052666,49.1784828398671,52.60416280653912,Mystic Bridge,Maze,Teleport Rune,Forbidden Magic,0,1,36.35553302488084,48.47073695944773,27.762055150814327,-1
3028,59.42461531798291,57.59809772399864,0.7937396000930361,-6.606559273503475,55.257384436975634,53.09958589823522,Rooftop Garden,Pattern,Ancient Map,Ancient Prophecy,1,0,31.68712857439644,52.56834732036032,28.66322104334581,0
3029,60.17772803910811,57.86670057587947,1.1546769700080026,-6.443927414181335,51.37797699115798,48.96948386875584,Mystic Bridge,Mechanical,Ancient Map,Ancient Prophecy,1,0,32.027358303462826,49.77765359934388,35.10049875505934,-1
3030,58.65435633753868,59.71692001097045,1.733888446319753,-4.847661427900524,54.179779717695794,48.7199340014647,Crystal Cave,Logic,Magic Key,Lost Civilization,0,1,30.864517994401417,56.68142596148853,32.62928814583643,-1
3031,57.9378897422198,60.08949690283778,1.0142799021438362,0.6385525752168011,53.18601201164932,48.94901393860342,Crystal Cave,Symbol,Teleport Rune,Forbidden Magic,0,1,33.40515248751204,56.28625352725892,31.4074325546094,-1
3032,60.14610432516272,56.89202344509948,0.827695752295788,-0.8679814567336432,50.950732588430974,45.1699076247846,Mystic Bridge,Math,Teleport Rune,Forbidden Magic,1,1,34.32749266619377,45.40782146455099,32.049079236984454,-1
3033,61.32058397670476,55.21602806721736,1.2283259770441082,-2.7487299214560275,51.69777347695617,46.9929691036327,Crystal Cave,Cipher,Teleport Rune,Lost Civilization,1,0,33.40120706223804,50.17319597835733,29.87517873155848,0
3034,58.56803202354977,58.132788801063306,0.7436029933580526,-11.618851380907753,51.6480185689548,49.91361748515329,Mystic Bridge,Sequence,Teleport Rune,Forbidden Magic,0,0,31.15459632716627,49.53595957013327,28.078176377248308,-1
3035,60.77377866945348,57.726559393357576,1.624974680694948,-7.609503757627301,54.18023681887768,50.94817935110992,Crystal Cave,Logic,Magic Key,Ancient Prophecy,0,0,29.449453778919885,52.53841205075376,35.44294530551422,-1
3036,59.58251985168382,58.60435319538609,1.527726268275283,-7.356591966260394,52.65244984700797,51.22793264470637,Mystic Bridge,Logic,Magic Key,Lost Civilization,0,0,34.52606588375556,48.866043962364,32.86287774109209,-1
3037,58.19092142590242,57.83119259761512,1.0550723013013303,0.8374545591723219,50.19052646985736,48.048763945323664,Mystic Bridge,Mechanical,Magic Key,Cursed Treasure,0,1,34.052201266258386,53.40240788519004,30.305777349665828,-1
3038,58.38262882544747,57.60789694742587,0.832841756741145,-7.459094683384455,51.922572999601336,48.77222463045162,Rooftop Garden,Symbol,Ancient Map,Lost Civilization,0,0,31.97228153526865,52.77142706131307,29.13180037413603,0
3039,59.51744487706298,58.681176851464976,0.9720273089074868,-0.0073508378598425,52.59529841104409,49.32624048340135,Mystic Bridge,Symbol,Ancient Map,Cursed Treasure,1,0,36.88201169560044,48.76837889846035,29.133026155053805,-1
3040,59.08472871355463,58.82401901879281,1.008809911269761,-9.137840618314408,49.619503600248585,49.0471852529111,Mystic Bridge,Pattern,Teleport Rune,Ancient Prophecy,1,0,33.45297286140645,50.73809279146955,28.17910922299924,-1
3041,58.16381396649717,56.17163746294143,1.210353951044547,-8.748539437567949,52.11733470885098,51.72004430166166,Rooftop Garden,Mechanical,Ancient Map,Lost Civilization,0,0,31.013914463220345,50.06840528433876,33.288034986779664,-1
3042,57.77022877088372,56.74454133195948,1.4049707460376168,-3.896611559558071,53.38794601064578,46.72956472509518,Crystal Cave,Logic,Ancient Map,Lost Civilization,0,0,34.39673530597913,51.83740470036783,31.722618411300488,-1
3043,58.60509512313909,57.45849545273344,0.7799476380991928,1.5270989595448814,50.077078974083456,47.12676098739264,Mystic Bridge,Pattern,Magic Key,Forbidden Magic,0,0,38.71897597829109,50.21246636692117,29.01577738421298,-1
3044,59.63317527142944,57.66545781396179,1.3920179453441437,-7.382262719265736,50.27785909015808,49.25391176088139,Rooftop Garden,Cipher,Ancient Map,Cursed Treasure,0,0,31.54085918482483,51.994136661365005,28.769400521280065,-1
3045,59.420522858524215,57.34395963937009,1.271917798981319,-19.146948896374667,53.09106842925336,46.58599074165581,Rooftop Garden,Math,Ancient Map,Forbidden Magic,1,0,31.41577846891499,50.61745344419123,35.713763696382266,-1
3046,58.913248660517965,58.00706353754988,0.932165819591204,-14.163749107058646,50.81250179661555,45.24882430260835,Mystic Bridge,Maze,Ancient Map,Forbidden Magic,0,0,28.8726129888043,51.99098940575876,29.772663797382,-1
3047,59.6039426008714,58.571865519894175,0.7564032821032596,-4.862736801629833,49.86431423150234,46.26630710095061,Crystal Cave,Sequence,Teleport Rune,Ancient Prophecy,0,1,36.65439664472751,48.23743844151792,28.63699437141095,-1
3048,60.42965681942805,59.30136565578577,1.1152246008803697,-13.736227166896224,52.6541811191213,49.393213528878086,Rooftop Garden,Math,Magic Key,Ancient Prophecy,0,0,30.71307182735958,51.989809088437575,32.6405464169149,-1
3049,59.77133733010263,58.1604550166328,0.7604400436655253,-10.699753563622917,52.18947185675332,51.57632704081369,Mystic Bridge,Logic,Ancient Map,Lost Civilization,0,0,31.152631928065887,53.45045814376273,28.174704558701656,-1
3050,59.2434890181343,56.73208518524909,1.3834066307325057,-6.319912009907951,51.45917468152839,51.62841633598207,Rooftop Garden,Mechanical,Magic Key,Cursed Treasure,1,1,35.948540090296135,52.82646918899403,33.65071011687473,-1
3051,60.2804628383661,57.43991032216734,0.7371474302382097,-18.638130240797484,52.99782558096853,53.96978858134773,Crystal Cave,Symbol,Magic Key,Ancient Prophecy,0,0,32.01998852229194,51.153581611602185,26.414892476325356,-1
3052,58.38014006650869,57.51479279239509,1.23665821759943,-8.2995851098845,53.09774694884971,50.25416279392715,Mystic Bridge,Mechanical,Ancient Map,Cursed Treasure,1,1,31.18002337211329,50.68163408671121,30.26666542117564,-1
3053,59.10267688347606,58.10763455239037,1.0462198716718385,-12.234650990711248,51.17337692318808,50.59050128082207,Mystic Bridge,Maze,Ancient Map,Cursed Treasure,0,0,32.04594831041881,53.64608817654735,28.16911244996885,-1
3054,59.11412118140872,57.98400240693408,0.9003001713942689,-13.916148700777448,54.25239295605699,49.37398240742914,Crystal Cave,Mechanical,Magic Key,Cursed Treasure,1,0,29.873724297638876,51.23742352459122,26.96620154615622,-1
3055,58.06587531453405,59.649061857943,1.0357455835676892,-10.440804073705394,53.6592554089408,49.49543383565998,Crystal Cave,Symbol,Magic Key,Lost Civilization,0,0,28.521808449660668,54.775248693226864,29.915239934456643,-1
3056,58.87058075090256,57.13997366708521,1.388722035922211,-11.78554811056377,48.30096505411238,55.20136332898803,Rooftop Garden,Pattern,Teleport Rune,Cursed Treasure,1,0,32.165254253627374,49.444887931512376,29.60146742904844,-1
3057,57.20312857892796,57.98904968376253,0.7052066689576911,-4.101713828915316,49.725454120812095,50.65337859313758,Mystic Bridge,Symbol,Teleport Rune,Forbidden Magic,1,0,32.378518663068554,50.617422749301966,25.503716698353653,-1
3058,61.17790678266381,59.96181363754496,0.9374185936130351,-0.4760822299959626,47.88088546164612,50.870685672735306,Rooftop Garden,Symbol,Teleport Rune,Cursed Treasure,1,0,34.67225228808982,49.34000989228348,25.221470692686903,-1
3059,58.31596267232791,57.024689164887455,0.8337491245914476,-8.29044146170333,50.76991917404839,47.13721424270759,Mystic Bridge,Mechanical,Teleport Rune,Lost Civilization,1,0,35.11187532411048,47.572701135836894,28.80210644718082,-1
3060,60.82714569050765,57.757829302205046,1.04591875507373,-9.458516919670764,49.43330851580771,51.02605568726267,Rooftop Garden,Maze,Teleport Rune,Forbidden Magic,1,0,31.83469198073398,52.27340113030471,28.740346252410514,-1
3061,59.26677865758679,56.67057536150918,0.8503564964146925,-8.558483616428596,50.02177816705548,51.64582994830866,Mystic Bridge,Logic,Magic Key,Cursed Treasure,1,0,33.28047935938457,53.11939653735124,27.88082627918985,-1
3062,59.78122849308922,57.70030872134842,0.523618527516265,-12.037954486827058,52.87220387518831,52.77577531984466,Crystal Cave,Symbol,Ancient Map,Cursed Treasure,0,1,34.417173890763394,51.176081919048336,25.99831255907931,-1
3063,58.71524250968421,56.840761325327904,0.7358091369570114,-12.950278496917283,48.59718002682482,51.57521131225376,Rooftop Garden,Symbol,Ancient Map,Forbidden Magic,1,0,30.83195125966148,49.17558591957231,26.452752625623088,-1
3064,59.39965780680914,58.67052671155877,1.542009868407761,-14.743881075069815,51.41707539503732,49.68315442979005,Mystic Bridge,Math,Ancient Map,Cursed Treasure,0,1,29.74827946000307,53.39806693216643,30.544028433164065,-1
3065,59.82991154295557,57.77378267479171,1.1230603438632285,-13.17324309900615,51.40101095447181,49.57644171784198,Mystic Bridge,Maze,Teleport Rune,Lost Civilization,1,0,32.541470605011085,51.39658006154416,30.364503928205323,-1
3066,59.83167620830642,56.69379522682876,1.1111346634349355,1.6247975413636926,51.08491334188367,49.81979830307774,Rooftop Garden,Mechanical,Teleport Rune,Cursed Treasure,0,0,37.2978444345577,45.1059941559025,28.86933073934194,-1
3067,59.929607299195226,58.47247950931134,0.961052238193118,-9.99677153273332,51.39764288930233,50.26796760890226,Crystal Cave,Symbol,Ancient Map,Cursed Treasure,0,1,34.71185431307976,53.19760892330233,29.465522505666897,-1
3068,58.77421965991071,57.814287819091,1.028784067393993,-21.262307236360527,47.84600664040205,53.16912610201545,Crystal Cave,Cipher,Ancient Map,Cursed Treasure,0,0,32.628258528025285,47.36539427502749,25.416504372160997,-1
3069,58.64991962518242,58.59014116050024,0.9137897777067874,-9.498937736474565,49.97302865495661,52.68159887300302,Rooftop Garden,Symbol,Ancient Map,Ancient Prophecy,1,0,31.4256884242522,50.9842638761159,25.84797974017632,0
3070,57.523838488215766,56.49235098314386,1.199299581792702,-14.525203524312987,53.49476996891072,51.88227738431445,Rooftop Garden,Math,Magic Key,Cursed Treasure,1,1,30.548450046671217,49.36062685235213,32.65966330763939,-1
3071,59.62897804966167,58.01151986634567,1.0699774406941422,-6.2851735518997245,49.377847442130005,55.07302495117575,Mystic Bridge,Sequence,Magic Key,Forbidden Magic,0,0,31.353354131600494,49.2023162425933,30.49953831641727,-1
3072,60.17589080502136,58.41870959740418,0.6868942618493512,-6.83382353942673,53.66593298480559,43.359404061807936,Mystic Bridge,Symbol,Ancient Map,Lost Civilization,0,1,35.38814142027946,51.72015841765366,28.79509528014867,-1
3073,60.69725577997371,57.22465345734317,1.11295827789739,-6.322073671175712,49.04862327368724,48.849853564184926,Crystal Cave,Cipher,Ancient Map,Ancient Prophecy,0,1,34.88916465202305,51.65423714986886,29.03141700384865,-1
3074,59.3742178129833,56.39168185212047,0.2978108951927035,-6.814568419869381,48.86111364103541,49.971818452214045,Crystal Cave,Symbol,Teleport Rune,Forbidden Magic,0,0,33.222781364245165,49.30904225071355,24.722374010457063,-1
3075,58.29034567658529,57.61172129248499,1.1582102004763095,-8.483915270954418,49.71680177246702,48.319426315097566,Crystal Cave,Maze,Ancient Map,Ancient Prophecy,0,0,31.19291179949096,53.09135477934015,31.68569315437815,-1
3076,57.34751889070362,58.884078858260416,0.6098908536606455,-13.909259617580618,52.83086770935121,47.67562318836902,Rooftop Garden,Cipher,Teleport Rune,Ancient Prophecy,0,0,29.53887927845221,54.85303049901405,28.448795334755356,-1
3077,60.07408078555594,58.7845192302288,1.0025534337807416,-7.012454157200201,50.31081326056968,45.707100899091984,Rooftop Garden,Maze,Magic Key,Ancient Prophecy,0,0,34.413378243798924,54.261068055793,28.167869059668316,-1
3078,57.22394605863388,57.23277634911293,0.6716803819045949,-1.5539551497055033,51.64083436613347,49.22167846978935,Rooftop Garden,Maze,Magic Key,Ancient Prophecy,0,0,31.935840314689354,50.27941549198059,30.43973641682468,-1
3079,58.66743679545041,56.38072577162531,1.029641054280562,2.410403529814948,51.225886915505775,52.235067634604576,Crystal Cave,Sequence,Ancient Map,Forbidden Magic,0,0,35.30934397986414,48.75524968536067,28.183347061497383,-1
3080,58.77156208816637,57.23522844237949,1.2010298825799146,-7.85729180037871,51.02642431925059,51.93484085576068,Crystal Cave,Maze,Ancient Map,Cursed Treasure,0,0,32.939105799716735,50.20254972510636,30.630564362958147,-1
3081,58.91425173650028,57.200517988086816,1.4771735565369588,-7.324747631056125,53.01195934653888,48.11967528439825,Crystal Cave,Symbol,Magic Key,Forbidden Magic,0,1,30.07188650015865,52.89339880585987,30.31773392072756,-1
3082,59.00735746804836,58.118020410377454,0.5627241798532969,-4.183914201291236,52.250702428774446,50.55061269632922,Crystal Cave,Mechanical,Magic Key,Lost Civilization,0,0,32.04664553009511,53.26348165669695,29.70534717368328,-1
3083,59.09756057345663,57.56914061542246,1.3166064175910168,0.7708160719936137,49.37169286898352,53.39399953804023,Rooftop Garden,Pattern,Ancient Map,Lost Civilization,0,1,34.36977209363322,44.98232164784181,31.58310982394481,-1
3084,56.53191817939749,56.92343689171277,1.062170472546592,-9.136205828294964,50.66529261733106,46.19983238663692,Mystic Bridge,Pattern,Teleport Rune,Forbidden Magic,0,0,34.31475262462463,50.59116289558188,27.003940602201897,0
3085,58.9498161708372,58.783513640606536,0.8865117854728584,-3.2507866484576056,53.68638877451286,49.60291004906868,Rooftop Garden,Symbol,Teleport Rune,Forbidden Magic,0,0,32.733203422514826,47.1497124042731,27.499957945202443,-1
3086,56.69347402114129,57.82221638639636,1.248583356857018,-10.837449410574418,51.54313124732544,50.716240727022345,Mystic Bridge,Cipher,Magic Key,Cursed Treasure,0,0,30.65326634942428,50.74604120240787,31.342982458118215,-1
3087,59.6431676370125,58.119736583968745,0.9487906894061484,-5.0834073589653705,48.79455854790596,50.025038350091975,Mystic Bridge,Logic,Teleport Rune,Lost Civilization,0,0,32.179750880796924,49.38471995730206,32.07408001003488,-1
3088,58.34373513065063,55.96185636707824,1.2337963646088208,-1.8889200174465737,48.89328762671169,52.12658348504348,Rooftop Garden,Cipher,Ancient Map,Lost Civilization,1,1,32.88675868886129,47.27811732528586,31.14977141657875,-1
3089,56.72974515700399,55.26508824920806,0.7198527449080827,-13.205521871752804,52.376562129922405,46.255434925845336,Rooftop Garden,Symbol,Ancient Map,Ancient Prophecy,0,1,27.19417378958116,50.85938547873074,28.64302244342231,-1
3090,58.06050979312402,56.25430909695362,0.826658439595464,-9.386209721151694,52.08747817538624,47.48545334800647,Rooftop Garden,Math,Teleport Rune,Cursed Treasure,1,1,33.36104766887625,48.50093981613694,27.64177029778997,-1
3091,58.29258283127581,57.213803642187415,1.298688952358876,-1.9958272185621688,49.644231860798776,51.70510335673999,Crystal Cave,Math,Magic Key,Cursed Treasure,1,1,31.725709018326747,49.95949962533414,27.584628620781395,-1
3092,60.04131271868589,58.27318569684834,1.4603080315803734,-3.6981824447448153,52.1401636531504,45.74443984726246,Rooftop Garden,Sequence,Ancient Map,Ancient Prophecy,0,0,36.72935492407742,49.35452701437168,33.34546267012552,-1
3093,59.03521712321032,55.35705583348646,1.0032848458920718,-1.6084930807233473,53.4102250346057,52.02941960258319,Crystal Cave,Math,Teleport Rune,Cursed Treasure,0,0,35.87437674181915,49.57942787173151,32.56380013825321,-1
3094,59.171002074626,59.2946181973527,0.1767419331171401,-2.555250010112423,53.190323964243454,51.12454539057978,Mystic Bridge,Symbol,Magic Key,Cursed Treasure,1,1,34.58522254760868,54.0637583568321,26.039810924206154,-1
3095,59.99576810051162,57.87478598450841,0.9523757242290132,-8.512179602583759,53.40233221271244,51.8547993492634,Rooftop Garden,Sequence,Ancient Map,Ancient Prophecy,0,0,35.32385877031819,49.43706325673682,30.017212647851704,-1
3096,58.70640322018208,59.066959162393466,1.0210079935164664,4.180085812380412,51.821508497788216,48.82677586810074,Crystal Cave,Symbol,Ancient Map,Cursed Treasure,0,0,42.68427022805156,52.99104614089757,30.08869889918938,-1
3097,59.54474833523859,56.823128676933614,0.9406655912808816,-6.140507173854204,50.71412665706518,51.27459609178363,Crystal Cave,Sequence,Ancient Map,Ancient Prophecy,0,1,34.83974813123967,50.03198789368435,32.74541861137911,-1
3098,59.4624462968892,58.215383653148784,1.110644460377881,-22.112783288282643,50.36921833670831,47.06928107462304,Crystal Cave,Mechanical,Magic Key,Ancient Prophecy,0,0,26.80351154765381,50.91925170063382,29.757493326951867,-1
3099,57.48015255903965,57.79913496949967,0.8659430855845496,-8.255141021794978,50.93916136581957,48.9637376438342,Rooftop Garden,Cipher,Teleport Rune,Cursed Treasure,1,0,34.989584548310475,49.94641105086973,26.971449315403905,-1
3100,60.22765467892191,58.53403102553399,1.259978419788675,-9.198425250169436,49.64349130202912,50.09084735069384,Mystic Bridge,Pattern,Ancient Map,Cursed Treasure,0,1,33.74928814535358,52.449334403696845,27.548374722237984,-1
3101,57.32243066694561,57.484949361676485,0.6576322429749972,-2.885472107046365,50.41084419988194,47.75312643860772,Rooftop Garden,Maze,Ancient Map,Forbidden Magic,0,1,37.75006357033489,51.66346901202577,26.01350252543494,-1
3102,59.64817285714823,58.19434229040931,1.378057903858047,-9.126782657574312,52.85471955470727,50.54526717008565,Crystal Cave,Maze,Ancient Map,Lost Civilization,0,0,32.038768473129856,51.04011384179008,34.467635411380954,0
3103,57.20181946411473,58.82569907914412,1.4714120459142437,-1.385133384742228,48.52066283289892,47.13948192801684,Mystic Bridge,Pattern,Ancient Map,Cursed Treasure,1,1,36.46943970842728,51.287478501542445,31.172260398264356,-1
3104,59.3082282328602,57.074694463849326,0.7318836595718692,-4.098602914191558,48.6154760883987,50.67162702458753,Mystic Bridge,Math,Ancient Map,Forbidden Magic,1,1,34.35504252416411,51.161333664816446,26.544285375810105,0
3105,60.55701803440241,57.970472297581615,0.7311629241395059,-11.898657611692244,52.16446998377297,54.3546257609682,Mystic Bridge,Math,Teleport Rune,Cursed Treasure,0,0,38.07807023606209,52.095263038837,23.15629341604881,-1
3106,58.470249096492594,55.84271343682335,1.1279208971283146,-7.609166611859512,50.3855903102479,46.858335903456606,Mystic Bridge,Sequence,Teleport Rune,Ancient Prophecy,1,0,32.23619796334722,48.55374411971842,27.99921446698746,0
3107,58.41500970949114,58.4354165953203,0.6480437817681985,-10.794050871614584,48.01454315191528,49.943599709310185,Crystal Cave,Math,Ancient Map,Lost Civilization,1,1,37.81412783979094,52.83911592931215,27.287385557246957,-1
3108,59.2699560706092,59.68990430687731,0.8559548441527071,-6.001663205027578,50.803146968848445,45.95509735488713,Crystal Cave,Pattern,Teleport Rune,Cursed Treasure,1,1,34.64112678655478,53.6718380458755,29.529728090041672,-1
3109,58.31828357093056,56.49312417949434,1.3340478192799436,-10.841972622818693,50.5810890159847,47.91761495477396,Mystic Bridge,Sequence,Teleport Rune,Cursed Treasure,0,0,33.43230787194305,53.88388276644408,31.31365393212137,-1
3110,60.454136039764784,57.64848769907187,1.2241540399790165,-6.571393025416693,50.23275069600212,51.754872929348615,Mystic Bridge,Sequence,Ancient Map,Ancient Prophecy,0,0,37.70172860410598,47.261352686376334,27.31838192959507,-1
3111,58.816240364881175,58.62264925289214,1.5965414666274382,-8.314137853904992,51.90002544846406,48.92342849552466,Mystic Bridge,Sequence,Ancient Map,Cursed Treasure,0,0,31.21999428247967,52.81983084534962,32.69018137185889,-1
3112,58.29208297348447,57.77587466997166,1.0533566592276862,-7.722754308732602,48.86374518713593,51.85602534692116,Mystic Bridge,Logic,Teleport Rune,Forbidden Magic,0,0,34.59661718352441,52.52004040690754,26.693478244366744,0
3113,58.06018502345079,57.911836236436415,0.8185371829747726,3.284045926151915,50.875072081209495,50.88970839669189,Crystal Cave,Symbol,Teleport Rune,Forbidden Magic,0,1,35.235818110174435,52.7236340049331,28.71546682750823,-1
3114,57.65575397051434,57.35800696766543,1.0168571426787545,-8.782089030756584,50.53117407637348,49.83870432165002,Mystic Bridge,Logic,Ancient Map,Lost Civilization,0,1,32.26106343172349,49.75141357887799,27.797467042979797,-1
3115,57.949193279175,57.32311410808632,0.9560314470176526,-16.660824232335088,50.89639311438748,47.42646851319133,Mystic Bridge,Sequence,Magic Key,Lost Civilization,0,0,29.93739121262565,47.57914530290717,31.413186218596596,-1
3116,58.21453474949022,57.66682237927959,0.95999304557553,-1.9185129260397185,48.23338223879632,51.71372054624384,Rooftop Garden,Logic,Magic Key,Forbidden Magic,0,1,35.49798844474584,53.0927613349233,28.63155722968212,-1
3117,58.065843114766,57.797428338401616,0.9935996793352758,-1.966837940402069,50.03967825123908,50.76033432112874,Crystal Cave,Maze,Teleport Rune,Lost Civilization,0,1,35.30982314124298,49.50264726636576,28.70777247516705,-1
3118,57.883595242931015,56.5765462418246,0.7210197889470162,-16.910281048157287,50.84527953644284,46.17989897997661,Mystic Bridge,Maze,Teleport Rune,Ancient Prophecy,1,1,28.50668299128049,49.18174850460165,31.067474249924334,-1
3119,60.62891447555913,57.69418630040855,1.085052545201302,-10.529029930874488,51.61932358509449,47.588686016791705,Mystic Bridge,Mechanical,Teleport Rune,Cursed Treasure,0,1,33.468348048062936,54.84289271627381,29.404886948115426,-1
3120,57.48829541169592,59.330953195935066,0.5776540720113259,-4.854419588019519,53.569121639487854,43.07742779612158,Rooftop Garden,Sequence,Ancient Map,Ancient Prophecy,0,0,28.367979731892078,49.69926316460166,26.265031110361654,-1
3121,58.65335494901222,57.34548661456685,0.7850993277458269,-4.421385501216381,52.00037674110048,46.5859329842906,Mystic Bridge,Mechanical,Teleport Rune,Forbidden Magic,1,0,35.84594464861131,52.17969189898732,31.252332752728883,-1
3122,59.08758998972677,56.52955674844528,0.9644063691205478,-7.074938933138635,51.47509891770631,49.21655934744906,Mystic Bridge,Maze,Ancient Map,Lost Civilization,0,1,36.71795572125671,48.358134197510864,30.09959465269898,-1
3123,59.11353845464039,57.61757715094197,0.3221551267722052,-6.9711003892154055,52.68247510261892,47.36036089913077,Mystic Bridge,Symbol,Teleport Rune,Ancient Prophecy,0,0,33.75804905338371,49.31733337947524,26.992503695691823,-1
3124,58.413199837780816,57.0565520511021,1.2306981413209157,-11.762062662665342,50.31141103733356,47.92083350986578,Rooftop Garden,Cipher,Teleport Rune,Cursed Treasure,1,0,28.307256676923377,50.33717410068692,28.791007517079773,-1
3125,58.219495886415565,56.434984831172144,0.38406232581649,-19.077251709201203,53.08990389817895,53.47642539393944,Crystal Cave,Maze,Ancient Map,Lost Civilization,1,1,30.69441729154325,51.4752197593128,29.102768338703772,0
3126,58.900152699023,57.91464705277927,1.2009214224433171,3.160654787053213,52.42977309343401,52.572033310095165,Rooftop Garden,Logic,Magic Key,Forbidden Magic,1,0,34.76074902232932,52.92660896608248,32.64584232516527,-1
3127,58.70354892658127,57.06733862208322,0.6122672005759613,-11.93908065758837,50.07388494571924,48.2633295305985,Crystal Cave,Sequence,Teleport Rune,Forbidden Magic,0,0,32.00503784812814,52.12486036566263,25.952581437591714,-1
3128,58.16650594428075,57.15503868658907,0.878727685011579,-6.222067073169297,53.62045774432613,51.983844086006286,Rooftop Garden,Maze,Teleport Rune,Lost Civilization,0,1,34.40430169941042,49.31944343103592,31.455820019592704,0
3129,56.85203925756892,57.9353025464766,1.156064217956451,-7.907675531487546,51.39673708608214,53.03718213226043,Rooftop Garden,Math,Teleport Rune,Ancient Prophecy,0,0,32.8318216541324,48.54700531874583,30.823837617203623,0
3130,57.93446281902581,56.25081299427407,1.6599170314214935,-2.636276582817945,54.00758265328992,51.54637122896439,Mystic Bridge,Symbol,Ancient Map,Forbidden Magic,0,0,36.13150521629019,49.49179783199538,31.98462056427866,0
3131,57.24432086540401,56.0445204663175,1.0355893321127214,-6.55659581511651,51.16468374737541,50.74731870760474,Crystal Cave,Symbol,Magic Key,Lost Civilization,1,1,32.67237505416653,50.15905839199419,29.73241606220205,-1
3132,57.71221185619457,58.45905493391566,0.4060728049242176,-6.372683388824687,49.858783013783246,52.74580769429601,Crystal Cave,Cipher,Magic Key,Ancient Prophecy,0,0,33.0622453169834,50.48181877187552,25.46037756520161,-1
3133,58.40111102487769,55.85943185000871,1.2872045973474984,-20.320274385589205,49.54212669479705,51.923794949893534,Crystal Cave,Math,Ancient Map,Ancient Prophecy,0,0,30.418165048137176,41.74695000611632,32.40055814561173,-1
3134,58.71515642680298,56.81566054781478,0.93178426647464,-11.32416220512275,50.15155691378134,46.96726434110647,Crystal Cave,Maze,Teleport Rune,Cursed Treasure,0,0,31.68906005542769,46.146914117254255,27.50508097718988,-1
3135,60.12542176012646,55.99456157382488,1.0226238758482395,-3.443073998012885,49.81995685802165,49.52766936515258,Mystic Bridge,Maze,Magic Key,Ancient Prophecy,0,0,33.666526018782406,48.67923826402098,32.01822152466285,-1
3136,57.79612769861593,57.310317574824346,1.1693312246444734,-3.901659172114341,52.575696180934216,48.61982729735114,Mystic Bridge,Logic,Ancient Map,Forbidden Magic,0,1,34.41121571718104,52.342763244403,31.227995850369727,-1
3137,59.09674123705321,58.226555780855065,0.3347076911379452,-11.94201414605406,50.61685311271183,52.8811837098177,Rooftop Garden,Mechanical,Teleport Rune,Cursed Treasure,1,0,29.617714542991944,49.07266625330187,23.15623121397748,0
3138,58.61667371879896,57.912868025275365,1.0046592015889655,-15.082631322271585,48.23096882496248,48.54894487303643,Rooftop Garden,Sequence,Teleport Rune,Lost Civilization,1,0,30.483434540221516,51.65134367261538,23.787884008541354,0
3139,59.59532613849724,60.19442655392059,0.8801953344220329,-6.568318892147257,50.963185042974494,48.11953757172539,Mystic Bridge,Mechanical,Magic Key,Lost Civilization,0,0,31.031146430659504,49.33652827138822,28.58515957179357,-1
3140,58.86418875428642,58.89148190756213,1.3700875893742568,-21.74380130944684,50.823611411393664,52.5667051861791,Rooftop Garden,Pattern,Teleport Rune,Forbidden Magic,0,0,27.68574759412908,51.899896660157694,33.55940843741054,-1
3141,57.26812707983285,56.87541159515949,1.222133100101484,-12.962006575702286,49.924081396085896,50.649177539829424,Mystic Bridge,Symbol,Ancient Map,Cursed Treasure,1,0,29.44559252171275,50.32330848117565,32.31181278732551,-1
3142,56.54222796794235,56.61150761914495,0.5163884588862746,1.5734772181295875,51.02001970706437,55.2794558765791,Crystal Cave,Logic,Magic Key,Ancient Prophecy,0,0,32.428947793852686,50.76953717150764,27.908189846264463,-1
3143,58.56521831662455,60.517233759628965,1.3837950392665002,-0.0106729382653316,50.54409439760292,47.844396192983865,Rooftop Garden,Mechanical,Ancient Map,Ancient Prophecy,0,0,37.33699288338552,50.45431956107172,29.333090217336952,-1
3144,57.71420548014299,58.87509102804588,1.1404112115946374,-4.808432781433377,51.55252166058323,48.702910176335,Mystic Bridge,Sequence,Ancient Map,Ancient Prophecy,0,0,35.22197665325371,48.42780193614977,29.50330818907145,-1
3145,57.2510599461256,58.40385183520366,0.5419557301614081,-5.71665654941751,51.45594543106181,52.804919343569566,Crystal Cave,Logic,Magic Key,Lost Civilization,1,1,35.26366448840865,52.62598922028855,28.31049552393639,-1
3146,56.952530665934646,57.89128724075493,1.0234567546847513,-17.01283913127038,51.132423234958765,46.80224907184745,Crystal Cave,Symbol,Teleport Rune,Lost Civilization,0,1,28.691978214495023,47.69806829202379,31.834651603479973,-1
3147,58.36983612204491,58.09190018465991,1.3178093277470246,-10.973957005316697,48.62836569856328,53.29923089481472,Crystal Cave,Symbol,Ancient Map,Forbidden Magic,1,1,30.862498594589443,48.84818387999339,30.723819713597216,0
3148,59.7053382644259,56.33823851148068,0.6438070216147322,-8.755087938277224,53.74674408977464,46.98136154453857,Mystic Bridge,Pattern,Magic Key,Forbidden Magic,0,0,34.80384618768198,52.96948102631134,31.38516926374089,-1
3149,57.7777459576176,57.97927410119863,1.4219800563156344,-10.884926321660538,48.22579888855569,51.525558908027584,Mystic Bridge,Sequence,Ancient Map,Forbidden Magic,0,0,31.6579954682922,50.57042954498343,31.08816898392446,-1
3150,58.76549426088226,57.89537943992372,0.5556328388218742,-9.047675360121874,50.35826129035309,45.392372433836805,Mystic Bridge,Mechanical,Magic Key,Forbidden Magic,1,1,32.79202887322445,51.335925849650174,29.279431814358706,-1
3151,58.06178126488384,56.92191227144935,0.7727958362417753,-0.8089261474116265,48.90121197019077,50.11282459997078,Crystal Cave,Maze,Ancient Map,Ancient Prophecy,1,0,29.50678831347681,50.87505246252605,23.019390204749357,-1
3152,56.86350732046481,57.289417686926654,0.7280731172400464,-10.022741617621922,51.128895674753736,46.57617377653793,Crystal Cave,Sequence,Magic Key,Forbidden Magic,0,1,32.62431111329527,51.50661083222208,26.691624703926774,-1
3153,58.87656078689974,59.3450035070118,1.4248126825830896,-9.026888701180347,50.73351311193336,54.81568809252872,Crystal Cave,Math,Ancient Map,Forbidden Magic,0,0,33.86581982671088,51.645638747022375,28.85638171036065,-1
3154,57.03593578253939,57.706525106781626,0.8652536886207018,-3.633091283583555,50.26426131185834,47.320923718011215,Mystic Bridge,Sequence,Ancient Map,Lost Civilization,1,1,33.12080123822926,48.64457641612479,26.19343186288931,-1
3155,58.14115129951484,59.90473417689508,0.6645671195169973,-14.436669646580564,52.78556551476422,47.927857477547896,Mystic Bridge,Sequence,Ancient Map,Lost Civilization,1,0,32.185385434662855,57.85854265751463,29.062191623158157,-1
3156,57.76691966508606,56.09473621231519,1.1478568504147744,-11.548845688785605,52.16313626528338,51.33856489075718,Rooftop Garden,Maze,Teleport Rune,Lost Civilization,1,1,32.39890207135708,49.1136731762864,27.77843671485997,-1
3157,58.99045160409786,57.315128157586265,1.2135568759094997,-11.044955865381484,50.001195740911726,48.49760592775815,Crystal Cave,Mechanical,Ancient Map,Ancient Prophecy,0,1,30.687414033151377,50.78292188043419,27.967292809693536,-1
3158,57.02817605404371,56.29181240159287,1.216399973026104,-7.086890703364322,51.68953756479275,51.749883392548,Mystic Bridge,Math,Teleport Rune,Cursed Treasure,0,1,31.651265919541206,50.62245452509856,30.512957644872092,-1
3159,58.46616872792518,56.63149101547947,0.9357014814721571,-9.098158647194252,52.821813480534686,48.22277455333553,Rooftop Garden,Mechanical,Ancient Map,Ancient Prophecy,0,0,30.33468325258677,49.140505490468016,26.946495090203733,-1
3160,57.22449219190852,57.014520181268495,1.0944550735646268,-8.9485380807171,52.11825895577167,48.03012260849361,Rooftop Garden,Logic,Teleport Rune,Cursed Treasure,0,1,34.574611864080296,49.48243798923194,29.464613567310643,-1
3161,57.54219428029852,58.15983782583702,0.8240438189632234,-10.714577030996018,50.25335279726792,49.93110323479864,Crystal Cave,Math,Teleport Rune,Ancient Prophecy,0,0,33.26530441604249,53.7390224725351,29.70053771999528,-1
3162,54.40712838121556,58.11314657046068,1.5226005612005131,-12.752920281918431,48.06365974435336,46.957673732599645,Crystal Cave,Math,Teleport Rune,Forbidden Magic,1,1,27.190566266456383,48.81397952896923,27.67139709250036,-1
3163,60.12347562759254,57.16881216187079,1.3644952103030423,-4.361504555642741,50.92750468277862,50.99091591166871,Mystic Bridge,Symbol,Teleport Rune,Lost Civilization,1,1,36.003385042852486,51.02852914112057,32.514330705044834,-1
3164,58.57100187525192,55.62207488174916,1.3472215471382991,-9.10467826449703,51.43486153128819,52.19324629967439,Rooftop Garden,Maze,Teleport Rune,Ancient Prophecy,0,0,32.96838231547607,51.01413252652349,29.493969741434046,-1
3165,57.24218489012017,59.32932913887547,1.2616972827408317,-4.328989545745996,49.26892552065696,51.38249159998109,Crystal Cave,Logic,Magic Key,Ancient Prophecy,1,1,31.67470821934977,50.95603032351144,30.224550364742388,-1
3166,56.8739837762961,57.56762323947176,1.1805376021745968,-12.990636146178977,50.448565420992274,51.60820217844564,Crystal Cave,Cipher,Teleport Rune,Ancient Prophecy,0,0,30.475853439180906,50.19928148894653,27.73402650106513,-1
3167,57.492117562821015,56.73883933155204,0.6524910115039686,-10.767113587009952,50.28180442952691,45.18786195008666,Rooftop Garden,Symbol,Teleport Rune,Lost Civilization,0,1,32.98190585645865,51.68735871206366,28.65758571638878,-1
3168,58.69379257145885,58.13179167975768,1.216999245126846,-8.555209485905591,52.47908285826752,48.84588063535236,Crystal Cave,Math,Ancient Map,Lost Civilization,1,0,34.52955175203074,50.913371803749946,30.500372841541022,-1
3169,56.07399480903234,58.06302731037971,1.0625244631277506,-8.097009309826333,53.16961423625878,49.43233708589072,Rooftop Garden,Symbol,Ancient Map,Lost Civilization,0,1,35.879261484609856,47.123625425021984,31.76729888005154,-1
3170,57.81368209731344,57.53761675424131,1.4085169715087806,-3.694198492581806,52.14307722003524,53.636131679489,Rooftop Garden,Mechanical,Teleport Rune,Lost Civilization,1,0,33.76852801695705,53.7127138623938,30.615207138664477,-1
3171,59.71511536184908,58.01052514640072,1.2730231128817926,-9.62694477090546,50.24328017203899,48.5467315291501,Crystal Cave,Mechanical,Ancient Map,Lost Civilization,1,0,32.46540791761519,48.70507267708291,31.325856584776304,-1
3172,56.79975442356144,56.70865502795587,1.1972277982359585,-3.749031500591168,52.08453905720664,44.24566376802459,Rooftop Garden,Symbol,Magic Key,Cursed Treasure,1,0,34.07942373171519,50.543919849849296,32.52498016417549,-1
3173,58.003333472175626,58.625278269221496,0.5281891289661664,-5.61635524136648,51.32749096066839,47.49007623250793,Rooftop Garden,Symbol,Magic Key,Forbidden Magic,0,0,32.751168432760075,48.66763635392039,28.015952053510496,-1
3174,60.11552643246655,56.870168703071606,1.00812585390914,-8.0336590687518,50.23329639517425,48.34701695653053,Mystic Bridge,Sequence,Teleport Rune,Ancient Prophecy,0,0,32.489409258288624,48.83401866460694,28.19006813292252,-1
3175,58.53365704658215,57.26312632247296,0.868854241328221,-12.264198886498292,53.475561611423714,44.60879466518087,Rooftop Garden,Symbol,Ancient Map,Ancient Prophecy,1,0,29.5893680902669,49.90632895523901,29.7458082149763,-1
3176,58.01673875871328,58.51914777613868,1.1133539793080691,-3.731625600756849,49.22127241440665,52.42175630176469,Crystal Cave,Pattern,Ancient Map,Lost Civilization,0,0,26.835244518390912,51.156000114756736,26.535522574869425,-1
3177,58.38678174169061,59.07594470360542,0.9144283008250756,-12.15597441396988,51.22548108001397,46.07604991953736,Rooftop Garden,Math,Magic Key,Forbidden Magic,1,1,32.854955581238414,49.84399296959384,29.676290660922778,0
3178,57.46863123290086,59.45938987581784,0.9577838446944708,-7.638962239696705,51.5702699413983,51.11505387058022,Rooftop Garden,Symbol,Teleport Rune,Ancient Prophecy,0,0,28.913542603688114,55.9012961711813,30.86219689961908,-1
3179,59.15850017206926,58.93103290018978,1.179778675436879,-7.81052391420875,49.87098605250871,47.269008185758665,Crystal Cave,Mechanical,Ancient Map,Ancient Prophecy,0,1,31.39223604239023,51.274984531827016,32.787145816993274,-1
3180,57.44893232539055,57.55277161089197,0.9139540421461296,-8.584546859289816,51.13224108287641,53.76746091826269,Rooftop Garden,Sequence,Magic Key,Lost Civilization,0,1,32.478882519837434,52.27547198240261,31.83855783894378,-1
3181,55.87849544848402,56.3374096318625,1.0816258693006158,-9.503907280828525,51.7030734845787,49.30961575555461,Rooftop Garden,Symbol,Magic Key,Ancient Prophecy,0,1,30.03291149568715,49.75909262164131,28.223399529258334,0
3182,57.43581001413787,59.285086960449874,0.5909036420113216,-11.675917720417685,50.64306753565516,48.802220863536434,Rooftop Garden,Cipher,Magic Key,Ancient Prophecy,1,0,35.257305190713936,53.62271055876133,28.10936328092503,-1
3183,56.84983610530302,59.252305799603306,0.7986113489267004,-15.658430059180109,50.97614220152741,51.32063611664165,Crystal Cave,Cipher,Ancient Map,Lost Civilization,1,0,26.39389269926672,47.47054246110822,28.416543795957757,-1
3184,57.52485570042886,57.21120184955244,1.2467751343686226,-0.5629258688844336,50.416823317330746,47.48174878869815,Mystic Bridge,Maze,Teleport Rune,Cursed Treasure,0,1,38.82347785139203,48.72171495626948,32.63150464125563,-1
3185,57.53646639522658,58.8059249837197,0.6825602982985863,-10.048756536206978,51.44622957014578,51.4388661847355,Mystic Bridge,Symbol,Magic Key,Cursed Treasure,0,1,34.26842209437501,50.4098015575777,27.035010657149734,-1
3186,58.98249616370267,57.55410584019697,1.427016828353988,-8.23887738048159,49.89774933147547,48.79582843790877,Rooftop Garden,Math,Magic Key,Lost Civilization,0,0,34.736027254273736,49.20765295636407,32.41310392140614,-1
3187,58.46991007152265,59.3890979456136,1.347325890463284,-8.277619509756283,49.76478392405034,48.51349538347485,Crystal Cave,Sequence,Teleport Rune,Forbidden Magic,1,0,35.47728454294179,52.56268102182535,28.297630792628738,-1
3188,58.02744918800846,57.374483561948544,0.9762691920283838,-2.136614571452826,50.25457959434117,49.78107822429013,Crystal Cave,Cipher,Magic Key,Lost Civilization,0,0,34.98470913880131,51.38738435796122,28.820404057491157,-1
3189,57.75082672231695,59.86951640299877,1.9581157044799595,2.0431932130462025,51.9904971090256,47.27582391003332,Crystal Cave,Symbol,Ancient Map,Forbidden Magic,0,0,31.856948002874304,52.1586579397494,32.058688730443755,-1
3190,56.68452473845907,58.678492277601634,1.4332089578739613,-6.831670390116263,47.58519934787749,49.52277078853333,Crystal Cave,Cipher,Magic Key,Ancient Prophecy,1,0,32.99091708827241,50.49339170760979,25.59535395849261,-1
3191,55.55184040636027,59.691412907341935,0.7773014543109753,-8.42403836759008,48.83343637731156,50.84871261780652,Mystic Bridge,Sequence,Ancient Map,Lost Civilization,0,0,27.84254194982513,56.43169963474217,25.71708954773525,-1
3192,57.835830937539285,57.43155683843883,1.2877698515480156,-13.26441552925135,53.6023878840578,44.22814650320559,Crystal Cave,Mechanical,Teleport Rune,Ancient Prophecy,0,1,29.66544934571658,51.57175425212118,31.43724854695775,-1
3193,58.50698989940165,58.30185946546324,1.0855336875437722,-14.87316612676385,50.59275424329503,52.728268823844,Mystic Bridge,Maze,Ancient Map,Forbidden Magic,1,0,30.48607990618036,46.47943793656799,32.490850484555864,-1
3194,57.59371517175302,56.92901611785651,0.8346429700661353,-16.533179819476267,49.56065287101031,52.03994532531975,Rooftop Garden,Pattern,Teleport Rune,Forbidden Magic,1,1,27.77415012140032,51.30266665446974,25.94419490025618,-1
3195,57.156917782572805,58.74373972054398,0.748590274483489,-11.650599152970983,51.354716704456585,45.36355706358407,Rooftop Garden,Logic,Teleport Rune,Forbidden Magic,1,1,32.69105986438133,52.51049158541792,27.46025948827553,-1
3196,58.14602011360797,58.800236845355045,1.3699619200109143,-18.13370540581054,48.97612731683618,44.97391926077838,Crystal Cave,Symbol,Ancient Map,Forbidden Magic,1,1,29.01998529242327,53.274081078404336,27.087213108496204,-1
3197,57.58795448473101,60.299653761545294,0.8940655544457821,-2.293326581499596,46.99071034066424,52.104766564002986,Crystal Cave,Math,Ancient Map,Cursed Treasure,0,1,34.68339117839766,52.80469615760809,29.382175594760824,-1
3198,59.34682260924724,58.38609385302349,1.0448658225777916,-5.580027915541683,50.66831671811243,51.91129727129014,Mystic Bridge,Symbol,Magic Key,Forbidden Magic,0,0,33.91525886616511,49.19441980612923,28.592697508271826,-1
3199,58.88362158701767,58.629562147340366,0.8011246342538992,-8.961732335903614,49.03116149854482,51.55758688497848,Rooftop Garden,Pattern,Ancient Map,Ancient Prophecy,0,1,32.89401157078647,52.62693490971599,27.04334594827054,-1
3200,58.60023932598082,57.43604112890547,0.8550127495786088,-2.164618314636928,50.27063990543368,46.4326904912442,Rooftop Garden,Maze,Ancient Map,Lost Civilization,0,0,32.73702353234371,50.4579686828142,27.859901823231517,-1
3201,58.38832670385228,58.44964410517462,1.043433007875756,-13.075314877755911,50.603872117097005,54.57160555935871,Crystal Cave,Symbol,Ancient Map,Forbidden Magic,0,0,28.76231866858112,53.12785392600072,25.57452587579112,0
3202,56.3303098926673,57.52975641258436,1.2000418952349925,-11.82742384356493,50.31415875627422,48.11249783296118,Crystal Cave,Sequence,Teleport Rune,Ancient Prophecy,0,0,29.942421441813128,53.42945933373815,27.024035687754317,-1
3203,58.27337922332293,58.02688092553301,0.3091785822194458,-17.40445683534322,47.52870299888279,50.59869135254562,Mystic Bridge,Cipher,Ancient Map,Forbidden Magic,1,1,27.81046192949437,49.88082472230792,23.09750140308981,0
3204,57.97664328939533,58.086898025463206,1.0928849598565744,-3.871681604320515,50.122827211687046,50.62944755459709,Crystal Cave,Mechanical,Magic Key,Cursed Treasure,0,0,36.41159290225619,52.436987992642514,30.66498688369874,-1
3205,58.196697566363866,57.56142933475959,0.8661188493748855,-11.803103922474124,50.74151707636323,53.98232788199339,Mystic Bridge,Sequence,Ancient Map,Cursed Treasure,0,0,28.62421719549232,52.50861090858768,23.83674501624405,-1
3206,58.07286162593991,57.97802079100147,1.5128334043856937,-7.680854589417593,47.96573204190323,50.31291824985936,Rooftop Garden,Mechanical,Ancient Map,Forbidden Magic,0,0,37.21346522082671,50.49526069767428,31.11681310342112,-1
3207,58.02301792200902,57.54111164848738,1.9771430561165768,-2.75437355861807,47.77826609698982,51.039603389186325,Crystal Cave,Pattern,Ancient Map,Ancient Prophecy,0,0,34.59154894067456,53.750611833828536,32.48390214709658,-1
3208,60.26114899133835,57.53799644956696,0.9887492798454705,-0.9209124179972878,48.44469395130445,49.8071853063648,Crystal Cave,Logic,Ancient Map,Forbidden Magic,0,0,36.01906947920492,52.056623021728456,24.54756486595928,-1
3209,57.47414813053522,58.99570261046669,0.5821030981624308,-7.928796302760155,51.15958139959001,47.00850152822076,Crystal Cave,Math,Ancient Map,Cursed Treasure,0,0,31.02531748905324,50.35813208439756,27.274258876938884,-1
3210,58.4767466493244,58.09575160845986,1.1360962540955577,-5.869763417094584,47.03316336986791,44.203348508907546,Mystic Bridge,Pattern,Teleport Rune,Ancient Prophecy,0,1,34.638961029171554,50.5938175035256,30.38868759014507,-1
3211,57.05951921354867,58.26869386518686,1.041688553087072,-12.31807557268551,51.266499871514974,50.08144968698496,Rooftop Garden,Math,Magic Key,Lost Civilization,1,1,30.131738834881503,52.76172348593791,27.65896153895753,-1
3212,58.31127474808791,56.46560206445388,1.697029297603907,0.6101809501227855,50.601124399757616,46.46909227371305,Rooftop Garden,Pattern,Teleport Rune,Forbidden Magic,0,0,35.77076752282548,53.48632516592215,30.98472600251696,-1
3213,58.45010167740972,58.34763401527484,1.6079300878368343,-8.645287654870756,49.61798928165613,50.87544303828468,Rooftop Garden,Mechanical,Magic Key,Forbidden Magic,1,0,34.160121044064184,52.00865484628939,36.76282692521056,-1
3214,57.86538106715685,58.45585760246639,1.369917256398876,-7.42094683610276,47.77449906188112,50.37187521796039,Crystal Cave,Symbol,Magic Key,Cursed Treasure,1,1,33.83156352785058,51.05292037438523,30.018714307148283,-1
3215,59.16039981214448,57.52834357141715,0.9366701859815738,-9.864461340057844,48.7919436743584,50.3110842401184,Rooftop Garden,Sequence,Magic Key,Forbidden Magic,0,1,35.01662388716474,52.55585790780764,27.626664679268057,-1
3216,56.59709948684764,60.012949522112784,1.318404055048783,-1.8417629988382496,51.15070276439842,47.36768845134384,Rooftop Garden,Symbol,Teleport Rune,Forbidden Magic,0,1,34.48141293977867,51.80029670073574,29.894850359504133,-1
3217,56.984402105220255,55.639919825146,1.196993561228907,-6.847838004180954,51.85413661259153,52.591360190903416,Rooftop Garden,Maze,Ancient Map,Lost Civilization,0,0,30.23375448545264,47.33880699004346,31.461161794594837,-1
3218,57.67427562313385,58.71473105594772,1.1923279387725654,-4.048921965420372,48.41320730584008,51.18692774307404,Crystal Cave,Mechanical,Teleport Rune,Lost Civilization,0,0,29.230310111932937,52.19046591678772,30.345731974454637,-1
3219,58.33299994341258,58.64437513902265,0.6549229647055198,-6.091578977384142,51.66425028949773,47.04575054233855,Crystal Cave,Symbol,Teleport Rune,Ancient Prophecy,0,0,33.59439373141421,50.627576138699446,24.140293979229785,-1
3220,57.6219453224445,58.47434925871272,1.4434129395527258,-8.971178997763454,50.97147230444716,55.17136895980566,Mystic Bridge,Mechanical,Magic Key,Forbidden Magic,0,0,32.33273980304908,56.55787681622916,26.79151679385457,-1
3221,58.7186228028433,58.1101645995008,1.1597205913056223,-3.229539246941134,49.92360919982357,49.47302170603798,Mystic Bridge,Math,Teleport Rune,Ancient Prophecy,0,0,38.11417153784477,51.16777692773879,27.60459261884995,0
3222,56.76154720982083,58.48580635392493,1.0996506369930898,-6.158038607424258,48.81828912307736,46.66428374835298,Mystic Bridge,Math,Ancient Map,Cursed Treasure,0,0,31.977835509803324,52.123460247958576,28.50006031581772,-1
3223,56.27305735008333,58.80446721440495,0.9524020912349052,-12.69723995428108,49.04419505685044,48.10412003934543,Mystic Bridge,Cipher,Teleport Rune,Ancient Prophecy,0,1,30.70364702999416,49.71531586902914,28.482844422082184,-1
3224,57.71218847403117,57.211558416537336,0.8969309935505353,-12.846114169512202,52.64187390455529,46.22777284608348,Rooftop Garden,Math,Ancient Map,Cursed Treasure,0,0,32.32783164509639,53.10566651815064,26.501743819136998,0
3225,57.31732979299742,58.23778544593757,1.2327811807691345,-7.163623724218815,50.16636438364216,53.39856729421726,Mystic Bridge,Cipher,Ancient Map,Forbidden Magic,1,1,33.268127000507825,50.74582457602301,29.60473960746647,-1
3226,57.9278494490819,57.75640635892413,0.6154630408180739,-3.3781554826762124,51.88471781787272,52.70112081707297,Mystic Bridge,Math,Magic Key,Ancient Prophecy,0,1,35.431150608280866,50.55735523916055,28.26053327440393,-1
3227,57.34808491951426,56.847077727684685,1.379690247960654,0.2739826285005069,50.24346805290917,51.848698936840925,Mystic Bridge,Symbol,Teleport Rune,Forbidden Magic,0,1,32.854627124007,49.64060379763355,28.940800198291424,-1
3228,57.025994817252375,58.659128575267246,0.8292580418421627,-16.816850003406362,49.19330226330775,51.377854754632125,Crystal Cave,Sequence,Magic Key,Forbidden Magic,0,1,27.217809221794617,48.31724185542596,26.84470259024495,-1
3229,57.28163044302265,57.37870019054003,0.5305546834691854,-7.810133541426908,50.7397049666289,53.12085540204093,Rooftop Garden,Pattern,Ancient Map,Ancient Prophecy,0,0,31.46481654227217,49.8119778856735,26.03906951672117,-1
3230,57.37599641906629,56.44629349292357,1.6974167121959045,-5.497832005324467,53.09154548885889,49.39501446894516,Crystal Cave,Symbol,Teleport Rune,Forbidden Magic,0,1,28.428115470456287,51.22304614340095,34.26404020605685,-1
3231,57.03277192963064,57.40612259350894,0.8961310894437132,-6.4753496162986135,48.87984388512141,51.05665535869764,Rooftop Garden,Mechanical,Magic Key,Cursed Treasure,0,0,32.19789909235286,46.869482113605706,28.03818534855718,-1
3232,57.1252531768048,57.147404972810506,0.939638247277162,-2.914672174924008,51.20805120629442,47.97027117404001,Mystic Bridge,Symbol,Magic Key,Cursed Treasure,0,0,32.08158406878925,52.2881317702204,27.07801125400538,-1
3233,56.91545026073866,58.97584302316642,1.4993958359736623,-4.6912376481752665,50.11424344974403,49.61637861889715,Crystal Cave,Logic,Magic Key,Forbidden Magic,1,0,33.38632552924608,50.769261897909054,32.96479856681632,-1
3234,58.1663935653846,58.10160682021807,1.718131340897462,-12.903995688787631,47.64543839655373,51.12519293291847,Rooftop Garden,Pattern,Teleport Rune,Lost Civilization,1,1,30.49849985458799,50.68966592176592,27.960659302180705,-1
3235,57.49446086298566,59.33183560991321,0.7046885669456755,-13.05802785231839,47.60314359089216,42.29714294055853,Crystal Cave,Sequence,Teleport Rune,Lost Civilization,0,0,28.548402536826604,46.58488485203752,23.19450871443194,-1
3236,59.54793040050881,57.283925332739,0.8805446694340248,-6.429357151843181,49.12422132758656,48.450723060913205,Crystal Cave,Math,Magic Key,Cursed Treasure,1,0,36.42166482077046,50.37356611974938,27.59398791847291,-1
3237,57.44264729783144,58.82566964714594,0.905416405442075,-3.0466537080370832,50.31467624534206,50.41246784943546,Rooftop Garden,Logic,Teleport Rune,Forbidden Magic,1,1,33.7166304747037,49.154610237555445,28.278564485746813,-1
3238,56.7218769339831,60.79213040924381,1.4535042724027312,-7.289629824817484,51.1022532425111,49.80620983514657,Rooftop Garden,Mechanical,Teleport Rune,Forbidden Magic,0,0,33.571954895795166,52.07202520503105,31.510717755183546,-1
3239,59.934228367407535,58.30953718507628,1.6676657286568304,-15.903907046829415,47.41957879290546,48.86900918563617,Mystic Bridge,Math,Magic Key,Cursed Treasure,0,1,31.55639382790388,47.16566070310033,28.01781029288681,-1
3240,57.6680249796276,58.81614030456734,0.8547310708684039,-13.257610223064734,50.74625357632269,51.472879847018696,Mystic Bridge,Mechanical,Teleport Rune,Ancient Prophecy,1,0,31.55152218327124,49.55678580213749,30.578212002267765,-1
3241,58.23539610970629,58.64898532803882,1.6061294583274557,-4.571672640872812,49.58090034048747,48.230719066979866,Mystic Bridge,Math,Magic Key,Lost Civilization,1,0,30.847744424259044,50.643353168175736,34.644443697315616,-1
3242,57.82827422857522,56.53435805176069,0.9719127447171738,-9.779963462874452,49.75470949835172,46.94523135003366,Crystal Cave,Pattern,Teleport Rune,Cursed Treasure,0,1,34.319182506195375,48.98148768912717,28.721708963806982,-1
3243,57.85010948874776,58.54320588239798,1.2883949080245252,-7.454424882907444,50.62392954094437,52.95941526572389,Mystic Bridge,Logic,Teleport Rune,Lost Civilization,1,0,34.231101529129006,52.874090726842766,31.09756522394324,-1
3244,57.75370710598735,58.26478959829942,0.8090747570662447,-2.724581884538547,52.35144771038941,52.606621314843,Rooftop Garden,Math,Teleport Rune,Lost Civilization,1,1,33.7971690968859,47.519500012237714,25.18174087096267,-1
3245,56.10695055547039,57.69952007058797,1.1569021754140414,-14.070165278721596,50.179035570423984,48.50212725599344,Crystal Cave,Logic,Ancient Map,Ancient Prophecy,1,0,30.019124937412283,50.32273257249457,28.84734659017328,-1
3246,57.56757379289405,57.07615473641406,1.1631353517516387,-10.137768547639874,47.67975588534252,49.82826357578326,Rooftop Garden,Math,Ancient Map,Forbidden Magic,0,1,33.504425431896976,49.29109424569104,27.100426359881855,-1
3247,55.86622071481895,58.65508748459145,1.1049268045133058,-10.688341817944806,49.42551659819647,52.11497421839261,Crystal Cave,Maze,Magic Key,Cursed Treasure,1,0,29.569229475287,50.02805043141694,27.41625613235874,-1
3248,57.00778419234631,56.98960311206603,1.3179878142647838,-6.304374795090452,50.97565609758362,50.11008581682688,Rooftop Garden,Sequence,Ancient Map,Forbidden Magic,0,0,29.14719724755161,48.26144162390071,29.444777672926307,-1
3249,56.44762240726716,60.09654453432893,0.9034264050053942,-4.224343545027413,51.01632570898799,51.32551901717837,Rooftop Garden,Mechanical,Magic Key,Forbidden Magic,1,0,31.89474243208543,54.47520048018744,28.00643826336241,-1
3250,57.521830797686825,58.0779495584925,0.9434745678709744,-15.49750589985511,50.67880874924653,51.18891698431686,Mystic Bridge,Logic,Teleport Rune,Ancient Prophecy,0,1,30.16862569296504,54.88575357272669,26.20343671618901,-1
3251,57.4896356077985,56.741344436828406,1.3430256681410222,-8.131221798816162,48.9063432215054,49.202074457112985,Mystic Bridge,Sequence,Ancient Map,Cursed Treasure,0,0,31.98953524088751,46.0720873681564,28.850738355094737,-1
3252,57.6278320878641,57.45151567705403,1.6173634909884471,-3.76425306738091,47.61097613443256,51.28981000670351,Crystal Cave,Sequence,Magic Key,Ancient Prophecy,0,0,36.08255564716172,47.88988622339172,28.19157916576089,-1
3253,57.42518778162776,57.68822754595811,1.2110138745454266,-17.392176614920807,50.53830636879395,47.587640934938456,Mystic Bridge,Sequence,Ancient Map,Lost Civilization,1,0,27.317654906661808,48.48069948060002,31.689875387867023,0
3254,56.52229914085953,60.37957792211404,1.3720803532785582,-8.447539508591067,47.824026795502846,50.98568579519639,Crystal Cave,Mechanical,Ancient Map,Forbidden Magic,0,0,29.712536371004838,51.26746650185217,30.060994209034156,-1
3255,56.85938261561634,57.08344115741584,1.4515401327039776,-14.211819611271792,50.67624282267891,49.81475585897081,Rooftop Garden,Pattern,Magic Key,Lost Civilization,0,0,27.735990682633087,52.60534872117525,31.807681968749844,-1
3256,58.03207232338683,57.852631126155565,1.476420386050559,-11.34803918168694,50.66801158004885,49.09819892021185,Crystal Cave,Sequence,Ancient Map,Forbidden Magic,0,1,32.27231382964098,51.68578504886818,33.19326010741036,-1
3257,58.1708514174399,57.43182775096116,0.9443796237097412,-20.67267200700657,48.91789657908913,46.88316032634164,Rooftop Garden,Pattern,Magic Key,Cursed Treasure,0,0,25.6486417422143,49.67815359561497,26.583908526954342,-1
3258,55.94755882610595,58.46971178119335,1.0005175163552962,-1.1911099890349863,49.44210685685054,50.32914815239798,Rooftop Garden,Symbol,Ancient Map,Ancient Prophecy,1,0,34.69871509501969,50.849944741452695,29.26270154166886,-1
3259,55.5547901688232,57.44935649722458,1.02979690207485,-9.941194859086028,49.90019193271627,50.09632569414112,Rooftop Garden,Cipher,Teleport Rune,Lost Civilization,0,1,28.48474660094918,49.55656262663256,31.209723145192758,-1
3260,56.35023307191,56.83295929784401,1.8186230843199047,-12.20526428606966,48.671334161795485,47.90090884461058,Crystal Cave,Symbol,Teleport Rune,Cursed Treasure,1,1,28.60235583781607,50.99463200077642,29.817837306529125,-1
3261,58.11376355297641,57.77748687221904,1.3957192757659247,-6.535212575525698,47.51242502669428,46.00782044945301,Crystal Cave,Cipher,Teleport Rune,Cursed Treasure,0,1,36.4481448791106,51.66739607304018,25.280747106914983,-1
3262,58.27490246359724,57.674142528970734,1.385499162636495,-13.395328884825638,49.51751310137292,45.88881224842135,Mystic Bridge,Sequence,Magic Key,Forbidden Magic,0,1,33.411502270102005,51.45799822118185,28.91936806279766,-1
3263,56.12679804642785,57.38203634453932,1.3596326430713688,-13.877217354607652,49.66529607125291,49.3648175261011,Mystic Bridge,Symbol,Magic Key,Lost Civilization,1,0,29.75134025698821,45.70740207817058,32.18422026104903,-1
3264,57.35033988894251,57.43620414005316,0.8567955994388378,-0.6465529087758739,51.60073170545407,50.76624409855447,Rooftop Garden,Logic,Teleport Rune,Ancient Prophecy,0,1,31.59416175964736,50.55177075364041,27.321408831333272,-1
3265,58.86901167541575,59.16043349793634,1.8377765118944631,0.8379252886964821,48.37759458900916,54.62492898575239,Rooftop Garden,Cipher,Magic Key,Cursed Treasure,0,1,39.60162950516011,50.714750965641954,30.6097049357986,-1
3266,57.441470908719545,57.65671010864015,1.4033752398784332,-11.172886345531197,51.1447576916527,49.88711288737371,Crystal Cave,Pattern,Ancient Map,Cursed Treasure,1,1,30.720373536700627,52.571255839527446,29.626489662779484,-1
3267,58.43927117120248,56.84302470249555,1.4798802965919453,-2.8829595904665206,47.812848811025226,45.93653487105384,Mystic Bridge,Math,Ancient Map,Cursed Treasure,0,1,34.693836778517976,49.830900146530965,29.44523834009365,-1
3268,58.00813235869187,57.51572785995882,0.7366026419961225,-6.4466830894625415,47.50799835788296,49.482704579384325,Crystal Cave,Logic,Ancient Map,Cursed Treasure,1,0,34.69474202659927,50.87608625941255,24.60340516136357,-1
3269,56.090874515741255,58.03286035626911,1.5034922447602574,-15.303180939437311,49.06506581346965,53.12841224629737,Crystal Cave,Cipher,Ancient Map,Ancient Prophecy,0,0,25.137780014533693,49.44542131974144,27.580253374543844,-1
3270,56.80278884483371,56.64292534513735,1.1660885189270855,-12.881810112464755,48.09646314813354,48.293010978746885,Crystal Cave,Sequence,Ancient Map,Cursed Treasure,0,0,28.937055609497577,51.14813712909904,27.83089184137448,-1
3271,57.019251487973264,59.60583263603729,0.8794834402754519,-0.4927647891502689,47.46137966205185,52.79650894350223,Rooftop Garden,Sequence,Magic Key,Cursed Treasure,0,1,33.927571975971446,53.68398823731408,26.70780601797175,-1
3272,57.080386915736966,58.84808325499146,0.9935680340213594,-15.38933905952556,52.40728524643024,50.43931178258749,Rooftop Garden,Maze,Magic Key,Lost Civilization,0,0,29.892869855007408,48.421132572779705,32.41087746814203,-1
3273,57.88436885727251,59.411315027362896,0.9036202025217264,3.1425457275669157,48.80481457305275,51.61720388630214,Mystic Bridge,Logic,Ancient Map,Forbidden Magic,0,0,33.066171348494244,48.75650539358847,28.149412446405908,-1
3274,57.36854098141748,58.3738983180256,0.9019568750944122,-11.126335855704893,52.940747682471695,54.64713999551011,Rooftop Garden,Symbol,Teleport Rune,Cursed Treasure,0,0,31.73589915476756,52.974785753350645,27.734771163008137,0
3275,54.01550161067194,55.888690051504376,1.3080722920145862,-0.3725113927779482,47.973208063000335,45.40684023157932,Rooftop Garden,Logic,Magic Key,Lost Civilization,0,1,32.36502835644688,48.37194005919664,27.755529361173487,-1
3276,55.63073871717884,59.51832792547787,1.1773068709863692,-9.811452769160136,46.89401571886084,52.2412604575206,Crystal Cave,Cipher,Teleport Rune,Ancient Prophecy,0,1,33.76964269761111,53.09906006486873,29.58322094751041,-1
3277,54.74810469184692,57.12002195228592,1.396996032417737,-4.291150622610639,51.385307467106976,49.76324720529671,Rooftop Garden,Symbol,Ancient Map,Ancient Prophecy,1,1,33.56209920633637,50.744718448396846,30.433005273174587,-1
3278,57.102787724678,57.20198906498272,1.803019060086434,-1.3225245650375532,48.349935936457584,47.62704866661592,Crystal Cave,Logic,Ancient Map,Ancient Prophecy,1,0,33.326403690744854,51.09711496049148,29.200830423704492,-1
3279,57.15987735095797,58.14107584168044,1.2648376222207047,-1.3549297530209747,49.639778418089634,49.74841340769223,Mystic Bridge,Mechanical,Ancient Map,Cursed Treasure,0,0,33.49730851076581,49.13223401332303,30.04389773417837,0
3280,57.19461229715631,59.36354482284289,0.6336955512770567,-11.233521950363285,47.38959933239638,54.22742735787886,Rooftop Garden,Pattern,Teleport Rune,Ancient Prophecy,0,1,32.97570433383058,51.711988926523055,24.649805525355404,-1
3281,55.94448720649379,59.03915577627451,1.2380594472002904,-12.605617119001543,49.35746085248371,53.33736494938913,Mystic Bridge,Math,Ancient Map,Cursed Treasure,0,1,30.352255765496697,51.88416500697181,30.587257866117493,-1
3282,57.56961819231708,58.89269281438095,1.672160582636162,-8.73170584847259,47.34878379533679,44.99821384702175,Rooftop Garden,Logic,Teleport Rune,Ancient Prophecy,1,0,29.17999233947601,49.31685372981551,31.088966515071117,-1
3283,57.60382605239667,57.67511707701619,1.2918663220672146,-14.83499993119054,49.286965630302745,48.07540073496042,Crystal Cave,Sequence,Teleport Rune,Ancient Prophecy,0,1,34.29937732266139,52.23336203352228,27.51618762037974,-1
3284,55.62453459131018,57.65985842139472,1.77996364366447,-7.143223809374319,48.67854339888646,52.357235588923416,Rooftop Garden,Symbol,Magic Key,Forbidden Magic,1,0,29.252016226143205,46.30696629511996,35.02906338521612,-1
3285,55.405796371320136,58.33392081311826,1.4605733808842538,-12.45045763435466,49.72647110172611,49.94563980554242,Crystal Cave,Logic,Ancient Map,Forbidden Magic,0,0,34.46627961928451,51.19445286271853,30.459631385214426,0
3286,56.86388468996826,57.85840687974411,0.7767464090803843,-2.939842003977599,50.31124583966159,49.95496665030692,Mystic Bridge,Math,Ancient Map,Forbidden Magic,0,0,34.09228805694696,47.97497930474681,22.935058163075063,-1
3287,58.648011419608295,58.87828558070504,1.364648200916914,-11.210856253765517,49.72598019928628,46.07918386051837,Crystal Cave,Mechanical,Magic Key,Ancient Prophecy,0,1,30.55466739629011,49.11539266284066,31.08269241820743,-1
3288,58.548215701262144,58.81956466493587,1.4244296786824209,-17.07847911240843,50.03259373343644,48.13630789425243,Crystal Cave,Sequence,Teleport Rune,Forbidden Magic,0,0,25.27132031879721,53.15218778873487,25.51747027821119,-1
3289,57.404152252437655,58.581257021691286,1.663001161392951,-1.3694872569603709,49.18415109035735,46.60448563241521,Mystic Bridge,Math,Ancient Map,Forbidden Magic,0,0,35.585174112871215,48.643860460153846,33.32374023036649,-1
3290,56.10305734947461,55.46441249017396,1.888359686318196,-7.464084763546113,48.68641085902896,45.86670630479626,Mystic Bridge,Math,Ancient Map,Cursed Treasure,1,0,28.321987809382524,46.27809290567333,32.01076902263071,-1
3291,57.712234081720695,58.11880957676383,1.618369624491797,-8.242100729259656,50.03626852899532,46.85565504150618,Crystal Cave,Logic,Magic Key,Forbidden Magic,0,1,32.86929934699096,51.85106482295514,31.19924891562131,-1
3292,56.36533590637744,57.88240414162497,1.4817879176553723,-2.922638405716457,49.15563332054793,47.67975560638415,Rooftop Garden,Sequence,Ancient Map,Forbidden Magic,0,1,36.80967542715629,48.12724139520348,30.33566880791136,0
3293,56.04265330659901,58.15970979996341,1.5561010215852364,-4.043553705174891,49.204568017226286,48.097216327729775,Crystal Cave,Maze,Teleport Rune,Lost Civilization,0,0,30.13716814194671,52.58912951720071,31.830176785861344,-1
3294,54.6586251819139,57.23777510056378,1.3064514068724296,-12.217514549285426,49.90289105118188,47.894675694848935,Crystal Cave,Symbol,Ancient Map,Cursed Treasure,0,0,30.606031568508723,51.33623114468831,29.04694086394712,0
3295,56.897437455057066,56.66771873320021,0.921607148219468,-10.663952187520906,47.74820454502063,52.551140183544,Rooftop Garden,Mechanical,Ancient Map,Forbidden Magic,0,1,29.31607758706219,47.66175629750968,27.37074775913632,-1
3296,56.15768279807797,58.4560373902073,1.3765443116144889,-13.986604440693512,51.43421250825469,47.7321394874491,Crystal Cave,Logic,Magic Key,Cursed Treasure,0,1,31.764927420176527,53.16682003918216,31.290029838424623,-1
3297,56.87650713869162,57.63698121987503,1.477315300324102,-15.750859193159252,48.90754266667726,53.56546173046408,Crystal Cave,Pattern,Ancient Map,Cursed Treasure,1,1,29.532291885176804,46.25025708520443,24.431121018346765,-1
3298,54.4732774701119,58.5683485180678,1.0102711538861977,-5.542393653530975,49.45964553626345,48.790060306027605,Mystic Bridge,Logic,Magic Key,Lost Civilization,0,0,30.983121590300737,51.834755832831306,29.78951349943825,0
3299,56.935052114838825,57.323103491480914,1.7730024892714178,-6.4811788612304335,49.19840357839628,51.09799664937729,Rooftop Garden,Maze,Teleport Rune,Ancient Prophecy,0,1,34.631254233484604,47.47339011122452,33.04741699821936,-1
3300,54.32672649607757,59.41028021122816,1.6802939665538017,-4.644685099260196,50.23612134083307,51.17785770349717,Rooftop Garden,Symbol,Magic Key,Forbidden Magic,0,0,32.45321525016893,50.587821590295306,32.57409774349732,-1
3301,57.83844214585185,58.99577547039009,0.9708038026696528,-2.04752134629594,49.75761735606941,47.75539144801801,Mystic Bridge,Mechanical,Magic Key,Lost Civilization,0,0,32.47943080657333,50.33114643388489,29.3554580295618,-1
3302,57.26507944652855,58.29186814775072,1.7957501718400517,-4.58987861690611,49.16581170685098,49.179773587480746,Rooftop Garden,Symbol,Magic Key,Cursed Treasure,1,0,36.55631092635389,53.200264680831935,34.78881088498936,-1
3303,56.45724192027428,57.7820723903315,1.2971809163475212,-4.151645878031065,51.405696274493295,48.74264040764911,Rooftop Garden,Pattern,Ancient Map,Forbidden Magic,1,1,29.5571984207162,49.72603141109492,30.633464002693128,-1
3304,57.29137726248321,58.84807879801865,1.1598087744340484,-18.86542683813422,44.41942901260192,50.93110178202707,Mystic Bridge,Logic,Magic Key,Cursed Treasure,0,1,29.266592497344902,49.920302165662456,26.65968696363267,-1
3305,55.74336615342004,58.3885162028524,1.7208266342387646,-10.01721065375836,51.08035633332855,49.67788877645539,Crystal Cave,Math,Magic Key,Ancient Prophecy,1,1,28.795127114145924,50.21168566183678,30.94918491674713,-1
3306,56.78663131962552,58.23484039277066,1.385419940907714,-3.666052466258512,50.58858037355149,48.12900431513255,Crystal Cave,Logic,Magic Key,Forbidden Magic,0,1,29.997713636782024,48.91682405603808,26.838494110659852,-1
3307,57.50187767558725,59.03939878043212,1.9741904451398145,-14.336615704217508,46.446460143142005,50.29764572164827,Crystal Cave,Mechanical,Ancient Map,Lost Civilization,0,0,27.931779874487653,48.55626868425201,31.865868148184436,-1
3308,53.60569473696539,59.42333603913372,1.1522724553431514,-8.043838770207392,50.58605322517529,50.8490402078249,Mystic Bridge,Sequence,Ancient Map,Ancient Prophecy,0,0,29.651786171435752,52.33100252749047,28.643737894749904,-1
3309,56.24567256142591,56.7446445609708,0.8923508557313611,-5.911483709690378,50.77178850879538,54.62511169635647,Mystic Bridge,Maze,Teleport Rune,Ancient Prophecy,0,0,32.673411952245566,49.82283098699057,24.935992940438418,-1
3310,56.663198382111965,56.94691684480096,1.3314308868098366,-6.301135228640414,50.01870730836443,50.17031614023976,Rooftop Garden,Cipher,Magic Key,Ancient Prophecy,0,0,34.2254421230739,51.39161641411261,30.01470092319413,-1
3311,56.48252721140473,57.21727477845988,1.6560481816806925,-6.678004489407098,46.82942158765917,50.02502086702135,Crystal Cave,Symbol,Ancient Map,Ancient Prophecy,0,1,34.83818799880806,48.93384977706432,29.66262295346573,-1
3312,58.12893376737314,56.495334802342725,1.1448621881417709,-5.533992301226099,50.18403861073072,51.07099652615001,Mystic Bridge,Math,Teleport Rune,Lost Civilization,0,0,33.772536864264126,49.16422433059104,29.041132712383376,-1
3313,55.54097479232317,57.93522411392851,1.0277030000488898,-7.63139281457797,50.66287785585631,47.626494093342856,Mystic Bridge,Symbol,Magic Key,Cursed Treasure,0,0,30.148780473278897,52.21873833107678,29.543588694286026,-1
3314,56.03679358269374,58.5982916769593,1.4991435339930903,-15.856296234090328,48.28581227780376,45.68622599741127,Mystic Bridge,Pattern,Magic Key,Lost Civilization,0,0,30.943221893398324,49.93175144742207,26.84754706166665,-1
3315,54.73519370987829,57.9769488509652,0.9950953033558434,-6.01340693284778,49.79787881679751,49.21974477069794,Rooftop Garden,Pattern,Magic Key,Ancient Prophecy,0,0,29.80781117758813,47.66425916219304,30.69361925715348,-1
3316,58.15449236669895,57.46442676981072,1.5299491719428704,-7.130967714324315,48.59843892085276,52.68024774494435,Mystic Bridge,Sequence,Teleport Rune,Lost Civilization,0,0,29.56217604765937,51.63988050081843,31.11608032219777,-1
3317,56.391091688957225,59.12517677471784,1.3394978720576822,-15.809945162801233,50.4484058531158,53.08387928292173,Crystal Cave,Symbol,Ancient Map,Forbidden Magic,0,1,30.969694489419304,50.12302287053059,32.8977356269772,-1
3318,56.19218226395338,58.139435367012986,1.5937714760985469,-1.669015718451889,48.64218696770097,45.3015382356713,Mystic Bridge,Sequence,Teleport Rune,Ancient Prophecy,1,1,35.86242834646344,50.55981527050285,29.41697568607652,-1
3319,56.57135106144205,58.34201121687404,1.0340327342777882,-5.904978604183233,48.23439460723794,51.66519870123366,Mystic Bridge,Cipher,Teleport Rune,Cursed Treasure,0,0,30.527693759462792,49.23325926126359,28.943702770877792,-1
3320,57.25334550201064,59.15340167906218,1.8423830571659976,-15.482370490296791,49.03776712366546,44.53800499543085,Rooftop Garden,Symbol,Ancient Map,Lost Civilization,1,0,33.628942481115345,49.26993116337883,27.98111458251138,-1
3321,56.95778241138592,57.87605289842645,1.4017791794829957,-12.673202930994552,47.07639237540779,51.14795138708146,Crystal Cave,Symbol,Teleport Rune,Forbidden Magic,1,1,31.53881320520492,46.13107205129708,27.30848268673613,-1
3322,59.25164602624547,60.059626211022966,1.6895042019744744,-11.413771978639506,48.87317383380944,50.99839828224164,Crystal Cave,Pattern,Teleport Rune,Lost Civilization,0,1,32.99477997808521,52.494704424741,28.28031207258533,-1
3323,57.051074042176566,57.5517037732358,1.752170166246995,-11.42375004557088,49.616379952704186,45.690049926211145,Crystal Cave,Mechanical,Teleport Rune,Forbidden Magic,0,0,29.7701472140328,43.42163960547262,32.16662815895217,-1
3324,56.12530266735948,59.99756295753924,1.1207362041817883,-7.141089401873851,50.37039172528605,52.500115357829216,Mystic Bridge,Pattern,Ancient Map,Forbidden Magic,0,0,33.56743231634066,54.66906196765921,27.28926941993666,0
3325,56.02263496850546,57.02496488390099,1.7364109265947774,-13.494492998271806,49.43111799105432,54.3595897532273,Rooftop Garden,Maze,Teleport Rune,Lost Civilization,1,1,26.516476827336163,51.8677312040233,30.61648723996224,-1
3326,56.18471009459984,58.51725961804596,1.0479792326961344,-2.9784307968993966,46.90102872699866,49.84379917249381,Crystal Cave,Math,Teleport Rune,Ancient Prophecy,1,1,32.13771592653667,48.52328307399091,27.464519086390997,0
3327,55.06914325926864,57.35730653201107,1.0682249274689597,-3.396463947631428,51.07060457720183,50.35249968744241,Mystic Bridge,Pattern,Ancient Map,Ancient Prophecy,1,0,30.55622029934731,53.540741307983694,28.82330470507179,-1
3328,56.60438938824098,59.11945813952239,2.072234185426237,-5.53524770081062,51.18872085401623,53.69779050746726,Rooftop Garden,Sequence,Magic Key,Cursed Treasure,1,0,29.684193822406627,55.74296325433734,31.080986983238034,-1
3329,57.34157220751847,57.521702072289536,1.8203595545545463,-8.416964778514027,49.19563788863977,47.18416991478005,Crystal Cave,Logic,Ancient Map,Ancient Prophecy,0,0,33.60582880158819,49.55768608591827,35.001471753688286,-1
3330,55.93835340836085,58.29083786412973,2.1126726764075188,-3.9572618387220455,47.89119732092104,47.24730635594277,Rooftop Garden,Mechanical,Magic Key,Cursed Treasure,0,1,33.0581104465817,51.20376685011316,32.45707883766271,-1
3331,55.73798391055846,57.34944600639905,1.3832796306130437,-10.030550129823729,48.2140245790799,47.901541240202,Rooftop Garden,Mechanical,Teleport Rune,Ancient Prophecy,0,0,32.04300831777627,50.05995638935508,32.78033209749605,-1
3332,58.05499018391256,58.93722384060367,1.528843176742761,-12.27955425639852,48.698528750759735,50.09270526077748,Mystic Bridge,Logic,Magic Key,Forbidden Magic,0,1,30.59252781558094,54.02299440126774,28.23102883018245,-1
3333,61.10627712708665,61.34424740629792,1.6600918465063477,17.287153522533654,49.4141951754828,51.5860396106562,Hidden Vault,Logic,Secret Code,Forbidden Magic,0,0,43.82007143695825,50.038547530399846,30.42607220951356,-1
3334,60.45869139069276,63.68340284718329,1.5019974902264122,12.918048010973092,48.531864140531205,50.11677431179937,Clocktower,Math,Secret Code,Forbidden Magic,1,1,40.30491275033797,53.83001567573383,30.278084580982952,-1
3335,61.36739160607859,61.003969566524255,1.2855857700138371,7.903788651847671,47.6934299084128,50.74879897135615,Underground Market,Math,Secret Code,Cursed Treasure,1,0,38.24727889125656,54.0802603943709,31.884039865181624,-1
3336,60.97367897563353,60.65430676181982,1.2443710467204254,9.229121355743002,50.5079649036376,50.15107941262312,Underground Market,Cipher,Hidden Door,Ancient Prophecy,0,0,38.07516626097428,54.18667546439219,33.35753256309727,-1
3337,62.89419032141314,62.95144410062039,1.5811242552189757,7.629463325505034,49.351837645390766,50.27049997154848,Hidden Vault,Maze,Oracle Vision,Cursed Treasure,0,0,36.05954565724966,53.85076204306944,29.962280730329034,-1
3338,62.14114680363164,61.40819506055379,1.200675797204378,21.416261318881944,47.379829529464814,49.578696349303534,Underground Market,Pattern,Oracle Vision,Forbidden Magic,0,1,46.03830908467744,55.24632459421943,26.86350126025136,-1
3339,62.27608584841452,61.99253740171599,1.1960416870505113,11.319676729247318,49.387852156825765,49.59890065381454,Clocktower,Symbol,Secret Code,Lost Civilization,1,0,42.863364865692425,53.73930326918794,29.29736323091252,-1
3340,63.64266326237623,61.677458911977695,1.6463379296340206,12.08185236216652,49.18621192945992,46.497640412681,Clocktower,Maze,Secret Code,Lost Civilization,0,1,47.66489146251205,53.23886399104142,33.40926166038003,-1
3341,61.79238507848752,60.687006485873646,1.5034825046627378,14.892916065536811,47.85886598166845,50.94081226405504,Clocktower,Cipher,Secret Code,Forbidden Magic,1,0,40.87406645743932,53.4467637841566,30.04511101106601,1
3342,63.25283492726801,61.92252511296923,1.8169543533129764,5.203854699702473,50.72108024608264,46.611051694456826,Hidden Vault,Mechanical,Secret Code,Lost Civilization,0,1,38.17927016172129,53.36819298444327,33.094949281516506,-1
3343,63.98312867121555,63.26432803337059,1.412079175372117,16.757248506594735,49.12342041116495,53.37639779676855,Hidden Vault,Math,Secret Code,Lost Civilization,1,0,40.014181309525945,54.210236838624176,32.422282648687684,1
3344,62.01023856975775,63.00243184058314,1.3689336900262357,8.229147869278693,48.588756014623165,50.1002053896371,Hidden Vault,Sequence,Hidden Door,Lost Civilization,1,0,41.594820190236405,52.24486949973498,31.659751164716,-1
3345,63.19705401666307,62.23095963678834,1.674131907077812,20.41234009716699,48.781088756404166,51.201476053209184,Clocktower,Math,Oracle Vision,Ancient Prophecy,1,1,45.50158730823926,59.18469548345477,33.054023511825754,-1
3346,62.21237829745199,63.11129654254282,1.3072111621786802,9.69285896487943,49.56483064039574,50.56697591812011,Clocktower,Symbol,Hidden Door,Cursed Treasure,0,1,43.3388445065319,53.14404795552995,31.25534450640921,-1
3347,63.372494400852254,60.93936037911206,1.357130152740157,16.438260451764457,48.78334570260708,50.88971556162943,Clocktower,Logic,Secret Code,Cursed Treasure,1,0,41.12169073719688,53.87271030683653,32.52438678253935,-1
3348,60.87114221689365,61.67326468868367,1.3727788954600393,-1.2400086203905154,48.76349214427998,54.65843703899179,Clocktower,Logic,Hidden Door,Cursed Treasure,0,1,37.583413872949386,56.741431409786166,27.44276361186792,-1
3349,60.79138941915637,62.39435335215383,1.4991480060524884,5.362252005895166,50.47596367894934,48.1212589701818,Hidden Vault,Math,Secret Code,Cursed Treasure,0,0,37.03942810057174,51.085600354606456,35.73309919633511,-1
3350,62.03993939311782,61.867952319100425,2.09752949658267,9.76383085590228,46.74213974216198,47.44170769414379,Hidden Vault,Mechanical,Hidden Door,Cursed Treasure,0,1,42.8405452805364,53.87834369628817,33.881906188877274,-1
3351,61.53662298287216,61.75135189123824,1.156498039330586,1.0719147778363638,46.985168555941726,51.79843081665991,Hidden Vault,Symbol,Secret Code,Lost Civilization,0,0,38.31597846605877,52.669305437994325,27.79795973687232,-1
3352,61.90321466245465,60.79732890717656,1.9619191597463808,14.224228992781091,50.02071735255071,50.2603006906517,Hidden Vault,Sequence,Oracle Vision,Ancient Prophecy,0,0,38.297809433292166,56.15173692329688,35.07746479378466,-1
3353,62.1948085209706,59.916418011343566,1.7983309430845402,12.778588227927331,52.47184319555581,52.39905980335987,Clocktower,Sequence,Secret Code,Lost Civilization,0,0,40.88806750160467,50.61743901919872,32.73435256161021,-1
3354,63.12879537355329,62.81540192888831,2.050812222248444,6.253664085171505,50.15563018708774,53.29144309935329,Clocktower,Pattern,Secret Code,Forbidden Magic,0,0,35.8571480449306,52.49739790551756,34.23071503778174,-1
3355,61.99560346305236,62.240522525402994,2.525443443337002,11.122027809898064,51.6300411364511,48.73414185858704,Underground Market,Mechanical,Secret Code,Lost Civilization,0,0,38.2074069962643,53.79455765999208,37.10074408530237,-1
3356,61.57392044698412,62.89905412366644,2.0175877933131963,15.22823963406083,48.17503402436093,53.00847210816203,Underground Market,Cipher,Oracle Vision,Lost Civilization,1,1,39.307229187421385,52.67731591161951,33.88217146180922,-1
3357,62.040821667059866,61.55956394256871,1.869561215863179,0.6746523352231559,47.86385589025075,48.94514128270124,Underground Market,Symbol,Hidden Door,Ancient Prophecy,1,1,36.14500580227431,51.74591069803255,30.490823521553832,-1
3358,61.61777867423013,61.28375548604492,1.2018162456237405,4.8165151928369125,49.49718647836066,51.686437977345314,Clocktower,Pattern,Secret Code,Ancient Prophecy,0,1,37.89025019437986,56.85492478155521,31.322625089493503,-1
3359,61.44754303963038,62.00280417147668,1.243397056810953,9.50259306102421,50.23579220411594,48.40771569101549,Hidden Vault,Cipher,Secret Code,Ancient Prophecy,1,1,40.04846993223765,53.70320676450256,29.20768064130649,-1
3360,60.76319204629057,62.85016803622781,1.7110137288947571,11.290740911489806,46.83094758027904,51.83035939297832,Hidden Vault,Pattern,Secret Code,Ancient Prophecy,1,1,40.074228902809935,51.79193627441968,31.72147632222562,-1
3361,62.440383077508,61.7642177052328,1.0972209116545768,10.873167838902132,48.47142479907453,51.44780679769525,Hidden Vault,Sequence,Secret Code,Ancient Prophecy,0,0,40.67846053937508,52.14920385208328,28.588838261534026,-1
3362,61.79693119172771,62.79714598804593,1.7949565482768912,15.606814999384897,48.74372842715548,48.74267627848464,Clocktower,Cipher,Secret Code,Cursed Treasure,0,1,42.42497407094828,54.51653099576362,27.90377083676709,-1
3363,63.3266834622354,60.98873303361175,0.9735229475686046,13.540527391789976,47.7589742050246,48.10397164663064,Underground Market,Pattern,Hidden Door,Forbidden Magic,0,1,39.55857901219648,52.9186431339954,26.300060119233493,1
3364,60.907812394921166,61.833263494649465,1.9633377884133685,14.631789432959128,47.92699580328183,53.37659646024248,Hidden Vault,Sequence,Secret Code,Cursed Treasure,0,0,41.08058169585007,51.714156106078896,33.51309425291845,-1
3365,61.80796468652541,61.924255426657446,1.5248192445108455,4.19339461720897,50.02800530838354,50.36749886830405,Underground Market,Pattern,Oracle Vision,Lost Civilization,0,0,41.21171525011463,50.09651647761628,30.505978758510118,-1
3366,64.15783125839405,63.22040781308761,1.6629630862196187,11.861064600120637,49.46102482534108,54.03007740558086,Underground Market,Symbol,Hidden Door,Forbidden Magic,1,1,41.72141248134479,54.04540991532913,33.80946044916408,1
3367,61.40022640896742,62.20128292237611,1.4041198694140815,9.59541882780067,49.94729605022592,50.14151567543832,Clocktower,Pattern,Secret Code,Forbidden Magic,1,1,40.70810702485358,53.37516740496252,28.163542146791585,-1
3368,62.09825070470978,63.73936005590128,1.0627138748467972,18.43569084236021,49.24807596668987,54.75544933904803,Clocktower,Symbol,Secret Code,Cursed Treasure,1,1,43.59290709892062,53.17490679026969,30.26716883955374,-1
3369,61.11392419701769,60.645214110284776,2.006313098010645,11.991523702254666,47.42604826217981,49.129026112530426,Hidden Vault,Pattern,Hidden Door,Ancient Prophecy,1,1,41.99034849009218,54.49641906176695,31.64321193305404,-1
3370,60.97636113192419,62.12242354801072,2.0402399192247147,7.768503953597957,49.36378166638018,55.18186639377802,Clocktower,Sequence,Hidden Door,Forbidden Magic,1,0,39.490645664708666,54.50760861858396,32.349280063337204,-1
3371,63.86715638365051,62.17149777829064,1.537700221631588,15.370522158349528,47.29420614278029,51.935929657645154,Clocktower,Mechanical,Hidden Door,Ancient Prophecy,1,0,44.62218093509382,53.24852640316292,27.441292617127832,-1
3372,62.485977988865415,62.611777395790746,1.8453343293084687,13.918760957974058,48.24795862333392,52.499491851921775,Clocktower,Mechanical,Oracle Vision,Lost Civilization,0,0,42.68179783906635,52.75641331666016,31.925357317058232,-1
3373,62.44374681839249,61.17789808590878,1.533088595497669,6.988533873279969,47.154483643783536,48.989938466388935,Hidden Vault,Math,Hidden Door,Cursed Treasure,0,0,40.87737827040765,55.72148263585027,27.691802503500856,-1
3374,60.60891766532048,63.6752675524974,1.7404949847006854,9.348378047275665,47.785817920908286,53.32303795732697,Underground Market,Symbol,Secret Code,Forbidden Magic,0,0,40.05411929793173,51.82090518922148,29.58276709415948,-1
3375,62.65917769291635,62.0033377134151,1.8852730448413049,9.427892663556865,48.83118598173642,53.40982033102793,Underground Market,Logic,Oracle Vision,Ancient Prophecy,0,0,38.41029571915816,52.17538146786105,31.675349413411283,-1
3376,63.45309718663676,60.90284818758367,1.8276310563613036,17.216742908319567,48.00257515366,50.68891285618697,Hidden Vault,Pattern,Hidden Door,Cursed Treasure,1,1,40.89535249109272,51.32777259276363,30.580361253520937,-1
3377,63.44042781578316,61.97342201002702,2.0669615936197987,12.089973395469231,47.35743617190614,46.16501151999821,Underground Market,Mechanical,Oracle Vision,Cursed Treasure,0,1,40.984793791102135,53.45080386817406,34.00214409676373,-1
3378,62.9545961240014,61.675806150495575,1.823890676926192,14.702017100828543,50.3822702260395,48.71667858521658,Underground Market,Logic,Oracle Vision,Forbidden Magic,1,0,45.2866438610021,54.57128801130374,27.30639132238748,-1
3379,61.15212612765977,64.77171286327497,1.680198055711975,8.596100896064753,48.489606307355295,48.716298346520105,Hidden Vault,Symbol,Oracle Vision,Lost Civilization,0,0,38.926799857560646,52.3649710278237,30.60884433337332,-1
3380,62.59012065065577,63.03792074466321,1.4468834066938645,12.73082987175569,47.87054743891294,52.62338204385337,Underground Market,Cipher,Hidden Door,Forbidden Magic,1,0,41.992440321437485,52.33143395973824,28.997250136756534,-1
3381,62.9400044850604,62.03712730319504,1.5352839383458652,17.568015974602616,47.032312354888,50.33741915119964,Clocktower,Logic,Oracle Vision,Ancient Prophecy,1,0,39.09979483837184,53.72774036936756,29.64026989263327,1
3382,60.47343503873205,61.87502744469154,1.9253672552012384,9.24022481602385,45.84141621919605,50.385975709319375,Hidden Vault,Mechanical,Hidden Door,Lost Civilization,1,1,39.44361226938259,51.15050924253099,29.53362758852158,-1
3383,61.14209498453175,62.9374685566864,1.2353097926089611,11.61579399106768,48.309861691724414,50.08421932534645,Hidden Vault,Pattern,Oracle Vision,Forbidden Magic,0,1,40.341811224872615,52.91464815469937,31.14393228625238,-1
3384,63.14706474738036,62.984730802650326,2.021095280359201,4.217914176401111,46.56915408723541,55.173225694554894,Clocktower,Cipher,Secret Code,Lost Civilization,1,0,33.806975185695734,53.74843178364219,30.85353250173327,-1
3385,63.13052299347404,59.07376505685209,1.6084945427310544,7.201094658665312,49.6981131513701,51.61337990207462,Clocktower,Maze,Hidden Door,Lost Civilization,0,0,40.62042007762559,49.33140720869061,31.548927283520303,-1
3386,60.70150095963397,62.62774385245833,1.4507294923687244,9.351124472553549,48.66789808798316,51.99435083895824,Clocktower,Pattern,Secret Code,Lost Civilization,1,1,35.92427680423597,54.128222959742864,31.921378636478664,-1
3387,63.04074925764687,62.01214235296344,1.3701564481995263,5.71361039457472,50.954831936303854,49.95152622140503,Clocktower,Cipher,Hidden Door,Forbidden Magic,1,1,38.08783434313639,54.82458570780683,31.06204683665804,-1
3388,62.33671207433814,60.67244649020884,1.9055351119251929,17.62215752493681,48.945558410013874,51.42590335748201,Hidden Vault,Logic,Oracle Vision,Lost Civilization,1,1,44.677618528633815,52.33659778258062,29.556500601562703,-1
3389,63.0181356209323,62.86320834846354,1.7022718862531376,6.816750434035581,47.51464342065819,49.06077664323696,Hidden Vault,Math,Oracle Vision,Cursed Treasure,1,1,40.17080955644552,56.35794215825687,29.713240593772024,-1
3390,61.59836049064847,64.22857551519274,2.1867216210636222,14.93528910236154,45.77832883546981,52.35931169389482,Hidden Vault,Math,Oracle Vision,Lost Civilization,0,1,40.54270284315801,55.56651365185502,31.38781668028652,-1
3391,62.873857656853154,62.538566139365706,1.3345851712134258,11.930002153254303,49.80189328493004,48.63361605506742,Clocktower,Maze,Oracle Vision,Lost Civilization,0,1,40.235164841393775,53.65553149015194,26.946162960318617,-1
3392,63.0683325212289,63.08157072600098,1.5434624480237022,11.144619757910656,46.637419597839006,53.3605496139979,Clocktower,Logic,Oracle Vision,Lost Civilization,1,1,40.3484009728442,52.84173386310555,28.06894102689432,-1
3393,61.86903567892068,63.78462286944959,1.6926365187788766,18.415731524513262,47.96741707364423,49.6626193180706,Clocktower,Sequence,Hidden Door,Forbidden Magic,1,1,42.96791877368798,57.75215790255495,30.61772117098353,-1
3394,62.2340273502576,61.14959252531085,1.4981246441156943,-0.3235206574481726,51.084585586412686,53.87098203247051,Clocktower,Mechanical,Hidden Door,Ancient Prophecy,1,1,34.84207449812838,51.69871767748488,35.559199249142296,-1
3395,61.56369472680663,60.12162353652179,1.7288833452771664,9.99303812233248,49.4837752085401,56.26823564420494,Clocktower,Mechanical,Secret Code,Forbidden Magic,1,0,42.18496320907705,51.43754640584145,32.39962490603742,-1
3396,63.859834259818456,62.63539076011322,1.8262511408728512,5.5667569631954965,49.14597306372755,51.5027527788129,Hidden Vault,Symbol,Secret Code,Lost Civilization,1,0,37.69080028709463,52.8543347540725,32.193469241523964,-1
3397,62.08393976892835,61.73023228731722,1.8790862430680568,1.1561669087864974,49.97156109068441,54.77903780535722,Clocktower,Logic,Secret Code,Forbidden Magic,0,1,34.14309886831372,54.00108159879063,35.883381455626974,-1
3398,61.27824126183497,60.602978912602445,2.188917876469876,4.984234871461799,49.9095826635732,53.378622372463546,Clocktower,Cipher,Oracle Vision,Lost Civilization,1,1,40.244521482433655,56.914314360562535,34.886159019524754,-1
3399,61.48053107249801,61.89828038677186,1.3493392907231816,11.038720086926531,50.91438617495773,47.91804490241052,Hidden Vault,Pattern,Hidden Door,Cursed Treasure,0,1,39.32609202145783,54.00501892554956,32.312340123142185,-1
3400,62.31925654607368,62.703285073845954,1.8450087253192409,7.320449931872415,47.633684292661485,51.777319443796266,Underground Market,Maze,Oracle Vision,Cursed Treasure,0,1,39.72860808852413,52.77488829157528,30.383085482945333,-1
3401,62.941983672691485,61.82604283418591,1.5528835335988602,15.42492099580399,47.96594219546375,52.752996764223056,Underground Market,Logic,Secret Code,Ancient Prophecy,1,1,43.70192853637509,53.24876156836978,27.663556246428737,-1
3402,60.84902984702085,61.187453091428296,1.8792420968908257,9.867305586950351,47.141435021001286,52.99428828856574,Clocktower,Logic,Secret Code,Cursed Treasure,1,1,38.0307356885085,49.63378695129597,31.610980999059045,-1
3403,64.02875855913014,61.75002931200646,1.8828952093849216,9.307539152638595,48.47003759602237,51.94551701243748,Underground Market,Symbol,Hidden Door,Cursed Treasure,0,1,41.48380838597648,52.54345922237085,35.410997778127864,-1
3404,62.48605342412768,61.95330498671389,1.4606627910159462,9.324536601286468,48.314835704597385,51.91327849081805,Underground Market,Pattern,Oracle Vision,Forbidden Magic,1,0,41.58542299803962,56.4384492098693,33.026133091904065,-1
3405,62.64015142353138,60.04253370135764,1.489621353158055,10.428194087087316,45.874885966028046,51.51271839528808,Hidden Vault,Sequence,Secret Code,Lost Civilization,0,0,43.99901885199497,52.528730780083855,30.211609993740243,-1
3406,62.0728610101987,61.82846495775893,1.9166736387829613,8.823012551618259,47.52062159961029,51.83294021498421,Clocktower,Symbol,Oracle Vision,Cursed Treasure,0,0,38.86850258660712,55.245984431828624,30.053796318887017,-1
3407,62.18570244379536,60.62611282346679,1.7734007678064692,6.6538902000989815,50.65433495237173,48.44080257425239,Hidden Vault,Symbol,Hidden Door,Forbidden Magic,0,0,38.38169412558924,54.59583877708508,29.31950251843124,1
3408,62.01459111551905,62.62868207284728,1.703676406319785,15.850850930667653,48.85618957432269,50.909473047553305,Hidden Vault,Mechanical,Oracle Vision,Cursed Treasure,0,0,43.090663187162384,52.19371611411699,29.598305847938924,-1
3409,63.17713888930917,60.407805813820175,1.970127219471978,7.779233451256781,49.55722036707218,47.86754661297118,Clocktower,Pattern,Hidden Door,Ancient Prophecy,1,0,40.65723929708021,56.02088461948352,33.094542260450865,-1
3410,62.1479209243414,62.980722308776265,1.9953994131438617,8.976872191674726,48.29758053451543,50.25593079311506,Hidden Vault,Mechanical,Secret Code,Cursed Treasure,1,0,39.7077426931176,50.19392463279305,31.188365570550587,-1
3411,62.91944428099963,61.558036198976254,1.6201318449495803,13.036341630072505,45.64206179554347,50.02298612224778,Clocktower,Mechanical,Oracle Vision,Cursed Treasure,0,1,44.84794902263869,52.884032475515454,31.30566964670681,-1
3412,61.715129083178006,61.42338617747591,1.5265260759474455,12.47784781083196,48.27408230407438,49.86334256582365,Clocktower,Maze,Oracle Vision,Ancient Prophecy,0,0,37.40755725453323,48.531886663511465,27.264769309136817,-1
3413,62.341237705923874,62.25996655268435,1.4066714152529798,6.411791021125207,50.02394479716642,48.86997960552738,Underground Market,Math,Oracle Vision,Lost Civilization,0,1,36.48478902897616,50.16015032121244,30.381140931445064,1
3414,61.3383354648807,61.09861703939152,1.7983722114042278,14.648745216756776,46.677267826257065,52.17319318449222,Clocktower,Symbol,Oracle Vision,Lost Civilization,1,1,37.85586096444468,53.97561579450789,28.99874565228421,-1
3415,63.35548076660027,62.242526229134434,1.3644603595284015,13.557055777410527,49.57077534215564,50.704824235720345,Clocktower,Pattern,Hidden Door,Lost Civilization,1,1,44.48376511518328,52.10125788375306,32.225804230080584,-1
3416,61.30194014430258,61.23079015495866,1.824292873007556,11.753461257945377,45.89192288162686,50.4489343606175,Clocktower,Pattern,Hidden Door,Forbidden Magic,0,1,41.336649106406064,54.52970884026747,31.32835487822477,-1
3417,61.807480950013485,61.40527233935188,2.162554517558455,8.701900277751845,48.46944077839713,47.981065013759306,Clocktower,Cipher,Oracle Vision,Forbidden Magic,1,0,36.95356848560002,48.32884390233152,31.222927338719128,-1
3418,61.814311181220376,62.36645841359355,1.6944877725062275,8.819742964623726,49.25044534047444,50.755347019507525,Clocktower,Symbol,Secret Code,Lost Civilization,0,0,39.48844281542088,53.32959355656969,33.11159320270702,-1
3419,61.77216962703677,60.82161037688456,1.6426695498644963,9.839337239754302,47.96004293796075,54.36383199978991,Underground Market,Pattern,Hidden Door,Forbidden Magic,1,0,39.959751761470415,49.73525093469564,27.30517276446741,-1
3420,62.84550445793449,60.69493015222392,2.4058721325995007,4.68410384563122,52.13149351465434,54.402015774650856,Underground Market,Logic,Oracle Vision,Cursed Treasure,0,1,34.694094590042894,52.25570717448719,32.11624536100731,-1
3421,61.8032768810143,62.2065587850602,2.262399678861702,10.641876571762264,47.677605553455926,52.43378144929611,Hidden Vault,Math,Oracle Vision,Cursed Treasure,1,0,40.651083356028686,56.17680949086841,31.118061168576528,-1
3422,63.51082344738451,61.93048873244114,1.5830626016925218,15.29369875539864,47.54440248760616,50.7621150622004,Clocktower,Symbol,Hidden Door,Lost Civilization,0,0,40.339511570783685,56.443827037287846,26.13864955995512,-1
3423,61.29542644561528,62.12512612399591,1.8570809761419056,15.210028723637414,48.71343127568305,52.89745707556131,Clocktower,Math,Hidden Door,Ancient Prophecy,1,1,42.7536015782424,54.25613237243325,31.559912742668168,-1
3424,62.28031998999746,62.28310690053483,1.916897615767433,8.91891263020029,47.2689307148917,49.83161602955827,Underground Market,Math,Oracle Vision,Cursed Treasure,0,0,37.74998329149896,49.86272174645699,31.14047971838664,-1
3425,61.3322359216776,62.011866996051175,1.8822912874760247,16.138601061038777,46.23411217327207,50.75186936029155,Underground Market,Mechanical,Oracle Vision,Cursed Treasure,0,1,42.07924151236025,50.24175956034171,29.835213853665657,-1
3426,62.5261125159229,62.561597341916205,2.368475944035864,20.342735187478887,46.7443730885916,49.64369389350728,Hidden Vault,Symbol,Hidden Door,Forbidden Magic,1,1,46.20762853137711,53.462102681326215,33.92392170759136,-1
3427,62.086346288741865,62.04994378141456,1.8531051941317904,9.227216970385967,49.52264822034011,53.77091606791022,Clocktower,Math,Hidden Door,Ancient Prophecy,1,0,41.96909302638736,51.72767248199861,30.72696144793441,-1
3428,61.9444287413537,59.94419587557415,1.900950410599049,14.26088493301018,47.92308031664033,53.45001490247909,Clocktower,Symbol,Secret Code,Ancient Prophecy,1,0,42.45925249214957,52.861498252754274,28.970069804686588,-1
3429,63.28519903859592,60.20259696931019,2.039203601034697,-0.5156671283646421,50.928373998756726,51.413294352385016,Hidden Vault,Symbol,Secret Code,Ancient Prophecy,0,1,37.65374813176467,55.67934293163518,32.026537875709806,-1
3430,61.43965403010419,63.87740204446536,2.192386874287594,4.502734866297102,47.708372567177854,55.82813077322641,Clocktower,Symbol,Hidden Door,Lost Civilization,1,0,35.21440440377795,52.29051615651338,30.182981762197866,-1
3431,62.67782145781028,61.94848554671885,2.1192676875487626,11.24417402163419,49.43090837140869,52.531286451927365,Clocktower,Mechanical,Oracle Vision,Lost Civilization,1,0,40.10175340057747,51.45999843746779,31.96901221830403,-1
3432,61.31969538307512,62.89760566569341,2.002391099222251,5.750018483517037,49.12635335416535,52.39056886584078,Clocktower,Sequence,Hidden Door,Forbidden Magic,1,1,38.06481043635437,51.492724277507904,33.76477573486071,-1
3433,62.19872811417,61.60059996527656,1.3761040626481549,20.97482350196452,47.67084345878905,52.12280061635022,Underground Market,Mechanical,Oracle Vision,Cursed Treasure,1,0,43.01603923212485,52.146070815882894,25.8270015190632,-1
3434,60.887893852544025,61.887218159816655,1.7000014785350834,13.763355765874334,47.0318673964923,48.34428295566689,Underground Market,Mechanical,Hidden Door,Forbidden Magic,1,1,37.59469855664944,52.83188115089989,29.636561587452352,-1
3435,61.41841697513112,61.4907875134322,2.094978244743481,15.598274191189526,45.74741829518496,49.26430042148157,Underground Market,Pattern,Hidden Door,Cursed Treasure,1,1,42.39940193208327,52.23619788440331,33.16885858795431,1
3436,61.996294715480445,64.40898794668543,1.926960719853018,10.619157137720272,49.16988009501448,51.36340511578448,Clocktower,Sequence,Secret Code,Cursed Treasure,1,0,38.02169262595377,56.71563815627717,34.43620386794486,-1
3437,63.8906292915873,62.1952010230181,2.1023489172060152,5.743436872572289,50.13269573014496,51.38404130307175,Underground Market,Symbol,Oracle Vision,Ancient Prophecy,1,1,43.14962652393537,54.3491230883353,32.11169217115689,-1
3438,62.17436510579839,61.40598822240399,2.4233091984357324,8.160627963729407,45.9455495481142,52.97440675052609,Hidden Vault,Math,Hidden Door,Cursed Treasure,0,1,40.04884982323524,52.05587336192141,37.09245934263864,1
3439,63.72584943402859,60.28818348751724,1.5066991571067023,12.021798782374631,47.7699498903487,49.830332227364046,Clocktower,Symbol,Oracle Vision,Ancient Prophecy,1,0,43.80057455115845,51.837549236301,27.808554336870777,-1
3440,62.28916308792749,63.91232326649333,2.2037694460559334,7.55555131631935,47.3204439407716,51.67671675189136,Clocktower,Pattern,Oracle Vision,Lost Civilization,1,0,41.557349528342975,54.37373930765387,32.01835946280513,-1
3441,61.67945304820719,61.77416761514103,1.7658750178053615,14.096334213138196,49.14311180369626,51.72140032775871,Clocktower,Logic,Oracle Vision,Forbidden Magic,0,1,45.39243537607543,52.95493164575588,29.294480560921222,-1
3442,63.60363015283542,62.68052085441065,2.148155906044864,14.29270997618999,47.81834827957075,51.82048770444031,Clocktower,Cipher,Oracle Vision,Lost Civilization,0,0,42.813753095036354,52.08580492333694,33.36796954429569,-1
3443,62.49906645332038,62.79112432160644,1.8577307357331003,10.755817162543613,50.29110008309844,51.5410362926332,Clocktower,Maze,Oracle Vision,Ancient Prophecy,1,0,39.94606252113543,51.60586576401574,38.1789144346624,-1
3444,61.41714132380498,61.4711213704318,2.5107232688556462,1.5980253649181613,47.725374130608586,47.99039995362001,Hidden Vault,Pattern,Oracle Vision,Lost Civilization,0,0,36.5881220208686,52.859414082543225,37.593062201060114,-1
3445,62.52828737054207,62.60521910209946,1.9141517428618904,19.29543027741026,46.442756281250105,45.84695384085555,Underground Market,Sequence,Hidden Door,Lost Civilization,0,0,46.29780678822792,52.11360418351449,32.57077264713892,-1
3446,61.7630130829023,61.327432047316165,1.685453813417323,9.653460794048057,47.58952398979747,49.14559091048185,Hidden Vault,Math,Secret Code,Forbidden Magic,0,1,37.313375256110525,53.49731506996123,29.321596378787994,-1
3447,60.06450450733709,60.93993755813776,2.00603140905478,24.258542454998786,47.750243627018826,50.172192443002736,Underground Market,Mechanical,Oracle Vision,Ancient Prophecy,0,1,41.56001628451551,52.3519703768959,31.563381492295807,1
3448,62.987481702934495,63.09361178184228,1.9796911807070636,13.970186503657024,49.072782126105146,48.55387032737391,Underground Market,Maze,Hidden Door,Cursed Treasure,1,1,42.45752849432073,54.00991357162144,34.68724855828311,-1
3449,63.14445142898022,61.7697304660299,2.2263550430385903,9.653096128941248,47.718853524122245,51.36081532781412,Hidden Vault,Logic,Oracle Vision,Forbidden Magic,1,0,40.47700478802551,54.75152944517689,34.263859472697554,1
3450,63.885507242170746,62.44519502770856,2.021737429236107,12.937359074575408,48.93481008237471,54.2252674219705,Underground Market,Mechanical,Secret Code,Forbidden Magic,1,0,44.14780098308509,50.68937519356024,32.72018953763417,-1
3451,62.467795771661386,62.33635513237292,2.6322146265308835,0.5972149822567001,47.08450550149132,53.3150829135697,Underground Market,Math,Oracle Vision,Cursed Treasure,1,0,34.982455482715,56.59084798840165,34.3549360745762,-1
3452,61.79505457000999,62.56210764349974,1.858625474555145,15.819762162753388,47.82381696533498,52.66583323853403,Hidden Vault,Mechanical,Hidden Door,Ancient Prophecy,0,1,41.68906937556561,48.988279681139765,33.45781202168072,-1
3453,62.87693240194199,60.36636989923779,1.8644899121623364,23.519178623759853,47.08391420856816,53.96327684665626,Underground Market,Mechanical,Hidden Door,Cursed Treasure,1,0,44.40788954325582,54.57483316176526,33.60667729722053,-1
3454,62.88996740431761,61.33633706167021,1.7155168330490491,0.2337420742820519,46.98717052544743,49.188442389174426,Clocktower,Logic,Oracle Vision,Forbidden Magic,0,0,35.65961512354354,52.7345440430112,27.35417683148236,-1
3455,63.676671388268886,61.595862809137024,1.924667338386264,9.23831612681364,50.165084263782695,50.35800932582269,Underground Market,Symbol,Secret Code,Ancient Prophecy,1,1,42.73481791227125,52.10203367452007,33.235270925003384,-1
3456,61.992044867246165,61.08755928606293,1.970546069948496,10.144137026670462,47.17587440333598,53.037117157645554,Hidden Vault,Logic,Oracle Vision,Ancient Prophecy,1,0,40.05489944909267,49.25319364339434,32.62646794008844,-1
3457,61.86941493893315,62.34673442261719,1.9878301686551776,15.04245199053466,47.722930317292935,50.313674977070015,Clocktower,Cipher,Hidden Door,Ancient Prophecy,0,0,41.36623533882573,51.988320901227766,30.74847338787129,-1
3458,61.31781006551353,63.103299895796695,1.9258390403332528,21.19168316618297,49.80704688964222,50.45043377462218,Clocktower,Mechanical,Oracle Vision,Ancient Prophecy,1,0,41.49878407462614,53.80636518928501,35.16492105829724,-1
3459,62.569216314540334,63.260260349805776,1.724929026631184,12.57172611262982,49.36097906377731,56.156047804773166,Underground Market,Math,Secret Code,Lost Civilization,1,1,40.57331645694237,54.54421416472983,31.003164166366894,-1
3460,60.48193148670092,61.57452944289887,1.6455453084248957,21.36180008577987,50.69365870503815,51.73860519465831,Hidden Vault,Sequence,Hidden Door,Ancient Prophecy,0,1,40.654443739913376,56.13209712826565,34.54259075088258,-1
3461,62.80475865489935,62.20434822637532,1.7996388624427822,11.500543581998734,48.95195580841653,55.909065500501846,Clocktower,Symbol,Hidden Door,Lost Civilization,0,0,42.86055103826809,53.48026331857601,30.9378486522124,1
3462,62.6150237460238,62.35666367118111,2.256774966785652,12.901055299298823,47.32309335893653,46.94175833399308,Underground Market,Cipher,Hidden Door,Ancient Prophecy,1,0,43.504962830914536,53.75359129130359,33.2073958883968,-1
3463,62.61081539839437,62.53090371547548,2.3234526982296964,12.280683825753025,51.305383227484285,49.92283423849177,Clocktower,Symbol,Oracle Vision,Lost Civilization,0,0,44.61081743636703,54.73293683096039,35.42102597218831,-1
3464,62.16256624812575,61.03012965946674,1.8953988711706724,16.73658948850248,49.088795638170765,52.52204145162982,Hidden Vault,Math,Hidden Door,Forbidden Magic,1,1,43.1866233492691,51.88377455457583,35.451246705350044,1
3465,63.555954332618505,63.72745177367423,1.6380649792915851,8.5190846573186,47.97967431438167,51.734331449432695,Underground Market,Maze,Hidden Door,Ancient Prophecy,1,0,40.01086081014044,53.820737252697,32.024091141216054,-1
3466,62.8936438952314,62.83198812918072,1.8982155041831037,14.717737918889666,48.29399305892804,46.36113434200728,Clocktower,Symbol,Oracle Vision,Ancient Prophecy,1,1,41.21358126661436,53.42728540139499,30.824567944522705,-1
3467,61.41328686748978,62.85670339949628,2.5520709014921152,4.4679500807617005,48.47282920181125,50.92605204856946,Hidden Vault,Maze,Oracle Vision,Forbidden Magic,0,0,39.16965323220301,54.94716743841182,33.90018898018539,-1
3468,61.42993793527493,63.106089900244505,2.2262411567619638,9.19505639240359,47.84483588042064,57.68254399154676,Clocktower,Symbol,Secret Code,Ancient Prophecy,1,1,40.01820678800786,51.91737260551992,32.27504408697796,1
3469,61.138235407025455,62.435331254783904,2.093728887915362,7.429517428120956,46.13245198598382,52.11728192957524,Underground Market,Pattern,Oracle Vision,Forbidden Magic,0,1,38.5633801799678,51.91806805102846,31.478136385331663,-1
3470,62.56802410996972,60.872437045373815,2.2192424576824186,11.048716793455675,50.632533573669576,53.01108999999697,Hidden Vault,Sequence,Hidden Door,Lost Civilization,0,1,40.33127235026692,53.44989110058515,32.30413443980793,-1
3471,61.01547274553257,61.75932258464577,2.394513386078434,9.024198548130247,48.15595247088695,49.89014208018715,Underground Market,Cipher,Hidden Door,Lost Civilization,0,1,41.65892405330361,50.70974929161696,33.49336664178033,-1
3472,63.09791404390808,60.24577646595713,1.5883653718880175,16.26096889626163,48.46023500000871,52.10821036849085,Clocktower,Math,Secret Code,Cursed Treasure,0,0,41.87334440758926,52.091390900799446,33.31972845831318,-1
3473,63.3364447969572,62.3104266177878,1.8184704039528612,6.202677947779264,51.29852809367687,51.4691795044117,Clocktower,Symbol,Hidden Door,Lost Civilization,1,1,42.55602211618018,52.78564912404863,35.570445791399614,1
3474,61.1334441730552,61.7246544044904,1.779298203826258,1.935171591841524,47.15274108240259,54.29703607934727,Hidden Vault,Cipher,Oracle Vision,Forbidden Magic,1,1,37.62489036938598,53.64837875948784,27.563862081331088,-1
3475,61.825940235897455,61.85184934647646,2.1158564346018203,3.8010798839380886,49.15728920646475,54.21750221694957,Clocktower,Math,Secret Code,Cursed Treasure,0,0,37.50012647355466,55.87539834940674,29.595679880457485,-1
3476,62.02717746502285,63.09486624553592,1.9895377943626584,15.554101796660236,46.98204077554887,52.51879036205185,Underground Market,Sequence,Oracle Vision,Forbidden Magic,1,0,40.3119985273936,52.47356014284594,30.26290845354592,-1
3477,62.89364675119161,61.432354185795866,2.170155214576503,5.731252308983576,48.648483534718686,51.67741453898636,Clocktower,Symbol,Hidden Door,Lost Civilization,0,0,39.14651428354454,54.24774631960124,29.446653269482088,-1
3478,63.61815347610159,61.63569790332979,1.792927711166944,12.564053448003865,48.46570887721623,47.30223116025989,Underground Market,Cipher,Oracle Vision,Lost Civilization,1,1,42.94683946116523,53.23933667843632,28.87779020592598,1
3479,60.322503628529006,61.90825693009092,2.3582863101306564,9.09670109006793,49.345885915199226,47.21511140726127,Clocktower,Mechanical,Oracle Vision,Lost Civilization,0,1,38.16848658734979,52.43731593153864,34.80850602745652,-1
3480,61.6890406439515,60.044743696481504,1.92758195424768,14.687681013679246,49.96880696946568,51.70477728349379,Underground Market,Math,Secret Code,Forbidden Magic,0,1,43.12039979643555,52.03834544112035,32.61896524545621,-1
3481,61.74046943282258,61.61711434714393,2.15840160137972,9.408469252231908,47.28387755775573,53.686585278654135,Underground Market,Cipher,Oracle Vision,Ancient Prophecy,1,1,39.01290476250638,55.18466923502199,28.83366838235873,-1
3482,60.60512047448536,59.39581489841215,2.3102901577221644,24.379892307177155,50.27481250115101,54.82936514239043,Underground Market,Cipher,Secret Code,Cursed Treasure,0,0,43.4274708120621,51.28839325693364,36.7186328174916,-1
3483,61.52002395201173,61.29450981295124,2.2878100853748764,20.044601671888653,50.37769850231128,49.27565312406595,Clocktower,Logic,Secret Code,Forbidden Magic,1,0,40.35200606779064,55.59991161123418,33.49616761471586,1
3484,62.43228600504644,62.73363175435579,2.063100115092126,8.973847480930509,47.76821174504389,47.7269035158968,Underground Market,Symbol,Hidden Door,Lost Civilization,1,1,41.270479520915735,53.22725157884074,31.099950732182176,1
3485,61.72526070076415,62.32411035294482,2.202208595698,8.285122158111541,48.13006461442709,53.83239788223646,Hidden Vault,Sequence,Oracle Vision,Ancient Prophecy,1,1,38.98634168075282,50.4280359010469,34.90697832239911,-1
3486,60.45878043713416,61.28041435126913,2.480429695226817,26.203337515203813,47.395197970814586,49.4632705822541,Clocktower,Symbol,Oracle Vision,Cursed Treasure,1,0,47.294010531513415,52.08184888464484,34.44107632865708,-1
3487,64.87698577043179,61.91441352599532,2.1135127926699457,5.143378555500409,47.67538205616943,47.55732933081797,Underground Market,Pattern,Secret Code,Forbidden Magic,0,1,41.87882506344576,49.89455450914151,32.20690069511263,-1
3488,62.26862187377159,60.79699617146478,1.7420132971236564,10.258457173375946,46.32518724377698,50.26580460470225,Underground Market,Logic,Secret Code,Lost Civilization,0,0,40.60770982373103,51.187510579770695,29.1414708353176,-1
3489,62.1137185488179,61.86800255683759,2.137271017236018,10.641776018573704,49.29359741921689,50.22225258318939,Underground Market,Cipher,Secret Code,Cursed Treasure,1,1,42.91111597691667,52.45408447162343,34.33512435011872,-1
3490,60.90371794392952,64.79901626326891,1.952593715294804,10.513813400695522,45.04878220049319,54.800427690768366,Underground Market,Pattern,Oracle Vision,Lost Civilization,1,1,40.50659248541057,58.0027791402026,29.469140889436943,-1
3491,62.26200983914813,63.71283711820041,1.2607736447870153,1.827930725845329,47.075546345610775,53.66408478670384,Hidden Vault,Symbol,Hidden Door,Ancient Prophecy,1,0,39.92210536295202,57.2328305336972,28.12413227250149,-1
3492,61.83678874857416,61.91798755606228,2.1051428388857136,13.000502790956103,48.04894749027043,49.65653224309168,Hidden Vault,Sequence,Hidden Door,Cursed Treasure,0,1,39.277481087116776,53.1231763534478,30.092053649506152,-1
3493,60.11221746357122,62.02382903327926,2.002881537814629,5.661756681359598,50.06492492830676,54.994885856390106,Hidden Vault,Mechanical,Hidden Door,Cursed Treasure,0,0,38.688235199032846,55.85237817189821,35.32910928395584,-1
3494,60.9302632707591,60.882428816124666,2.3161279732821662,17.68948414287146,47.29443692249182,51.81256464478589,Underground Market,Pattern,Hidden Door,Forbidden Magic,0,1,42.87044692652292,51.2811025757343,36.016921850174086,-1
3495,62.79526205594403,61.05850411129023,1.7454641567300029,3.2257596877881864,48.7511926614818,54.15208908823524,Underground Market,Pattern,Hidden Door,Lost Civilization,0,1,35.55540300946041,49.636703506351,31.781239400511225,-1
3496,63.94421051058059,62.22076646196123,1.5200422071774535,10.798975915250557,47.98508695204587,54.81794627030553,Clocktower,Cipher,Hidden Door,Cursed Treasure,1,1,44.61947000910291,54.20720701927719,29.100415687970564,-1
3497,62.36725458416057,61.33196833305112,2.0235953835730007,-0.5828805712749539,49.52142608903143,50.84351774982618,Hidden Vault,Cipher,Oracle Vision,Ancient Prophecy,0,1,34.92482406370442,53.55942850654504,34.725994066048706,-1
3498,63.10310827319938,62.759279096704766,2.088253459532728,-0.2781044702093691,48.664347676558286,52.92829893531754,Underground Market,Maze,Secret Code,Cursed Treasure,0,1,35.18050889365861,51.7893057870087,33.86248952828256,-1
3499,61.84424499999619,63.423073636485874,2.003532273239573,6.293160687114604,49.34354120395757,50.483103838916456,Underground Market,Symbol,Hidden Door,Lost Civilization,1,0,33.29712414450458,52.47825456703744,31.79836056882138,-1
3500,61.91346895970086,62.18425705062436,1.9827501027368524,6.994991509201471,47.26956962498584,53.82525565479817,Hidden Vault,Symbol,Secret Code,Lost Civilization,1,0,40.19429070823455,54.862027388218834,33.86807196756175,-1
3501,63.0910484577854,61.95161164492566,1.6570474153120045,17.810810459495794,46.57181639169911,51.72568785950931,Underground Market,Maze,Hidden Door,Ancient Prophecy,0,1,39.91174135869061,49.31343142384123,29.065184145086786,-1
3502,63.662940526576,60.16732285658775,1.93709119620186,10.275370724358384,48.64091485777647,53.90080554766424,Underground Market,Math,Hidden Door,Cursed Treasure,0,1,40.24653656053916,52.9616711226079,29.49656753445697,-1
3503,63.30139323461257,62.59393064465234,1.8753181933288805,16.936530964882486,47.35603595886567,55.31189165954616,Underground Market,Sequence,Secret Code,Lost Civilization,1,0,44.73753200517872,52.65800704873542,31.04770693645368,-1
3504,60.93410626471605,60.70085689752737,2.302698877398222,8.57174509119231,48.130556415608034,52.86807957948743,Underground Market,Cipher,Oracle Vision,Forbidden Magic,0,0,39.51609310557311,53.23583832485097,35.44476177805334,-1
3505,61.933722742236746,61.42471675829437,2.0957028259556414,13.497300638855258,48.558462700313775,51.26635036064537,Clocktower,Cipher,Oracle Vision,Lost Civilization,0,0,39.9620293157741,54.68560572545022,32.86757939427634,-1
3506,62.278458100880336,62.80048936175643,1.8994976324364805,6.835709861372925,49.94292837843878,51.30793030852501,Clocktower,Mechanical,Secret Code,Cursed Treasure,0,0,36.23642879729115,52.20028059956595,30.224185361099806,-1
3507,61.74154672566321,62.86884911714882,2.5010263183389645,6.491947889609376,49.257476998595386,44.1074206225528,Clocktower,Mechanical,Secret Code,Forbidden Magic,0,0,38.77728663145773,51.57934481812404,33.826594968803285,-1
3508,62.38941299139153,61.37075081646189,1.9041251184038128,1.3513044032303814,47.05369768125877,49.71801420042164,Hidden Vault,Symbol,Hidden Door,Cursed Treasure,1,1,39.54958964311015,55.30283795036856,33.53597934485331,-1
3509,62.82250250122246,61.4265001138826,2.1530424304252924,12.130582009313796,46.35530724316929,53.831433800838354,Hidden Vault,Symbol,Oracle Vision,Ancient Prophecy,0,1,42.734348997033,52.1552387403047,32.337472345089445,-1
3510,63.005145162202666,61.134244001105294,1.9365113796079183,11.758501141229592,50.63157796469969,53.92470301753709,Hidden Vault,Sequence,Oracle Vision,Cursed Treasure,1,0,44.90419911150552,53.57578206582008,33.024075035474645,-1
3511,63.68865475823369,60.63384628175058,2.47678722492294,14.330935623153309,45.69421985092344,49.66358085474868,Clocktower,Mechanical,Oracle Vision,Forbidden Magic,1,1,41.20555639522559,53.40407777431378,32.493432590438964,-1
3512,61.673832167687,61.195031631464,2.014325369637592,11.515264838616082,47.38719552667517,51.91143654434684,Hidden Vault,Symbol,Oracle Vision,Ancient Prophecy,0,0,37.82481136476858,50.391385194797074,33.910653622614234,-1
3513,60.63976823978188,60.21481412158045,2.0239899005102475,20.567970608096083,49.03159489976324,51.02683394480128,Underground Market,Symbol,Oracle Vision,Lost Civilization,1,0,43.17415408398679,53.76061261244366,34.64109243141411,-1
3514,62.362603591439616,62.509113696059096,1.9478749031323157,11.313461333581376,50.51968488552221,53.22400594677323,Underground Market,Maze,Hidden Door,Cursed Treasure,0,0,41.23444301201827,55.14062297643589,30.24898528143017,-1
3515,63.88878707640385,62.21867164762658,2.0495321067402323,15.388804264596953,47.77490359025871,57.021536908364745,Underground Market,Mechanical,Oracle Vision,Cursed Treasure,1,0,42.94019429965356,56.04809660168857,33.96543653336965,-1
3516,61.52864668205446,62.38276421587237,2.351154496032363,8.80548794103891,48.09830079078574,53.27117144500481,Underground Market,Cipher,Hidden Door,Cursed Treasure,0,1,38.06603837201605,56.19276106789602,34.48661398795558,-1
3517,62.69315545847345,60.86590773638797,2.2457329700186555,5.880060973817834,46.74267318783316,49.82455636357521,Underground Market,Sequence,Secret Code,Forbidden Magic,1,1,34.07315336686452,52.08154312000235,35.540240139343254,-1
3518,62.70277964912199,60.62330805366983,2.001061360744582,14.007279917433417,48.24310414879872,51.303951179773314,Underground Market,Pattern,Hidden Door,Ancient Prophecy,0,0,39.81062524039986,53.59104882057501,31.9875345242878,-1
3519,62.19924070790925,61.86994970285288,2.5036667083000763,9.969472186158008,46.32595235090069,55.00482063275683,Underground Market,Mechanical,Secret Code,Forbidden Magic,1,1,41.42452301318311,52.66325767145262,35.4481084442297,-1
3520,62.01552760664723,61.87858479288432,2.2557674830053966,14.57185055692632,46.92379694681312,47.97830768903923,Hidden Vault,Sequence,Secret Code,Cursed Treasure,0,1,42.14879892786875,52.99025705557942,33.422834358784186,-1
3521,61.08601731810323,61.66524919479957,1.862991979094221,12.172756387430228,49.193139020084416,49.96235583627785,Clocktower,Sequence,Hidden Door,Forbidden Magic,1,0,42.23396530826313,50.74658388585216,29.820742129728966,-1
3522,59.72866749447686,61.52106254946562,1.5808882103180328,6.439460549721894,47.39505456844872,53.27490983001677,Clocktower,Symbol,Hidden Door,Ancient Prophecy,1,0,38.45940247966761,52.09476436577028,32.06227544675822,-1
3523,60.899401299438296,63.51933840166574,1.8710068237402897,15.772685237664115,49.41944761076678,54.73582813301349,Clocktower,Logic,Oracle Vision,Lost Civilization,1,1,42.74348083612881,50.75789600088433,33.81259365182385,-1
3524,61.62190968321893,62.23259445710908,2.120005662465214,6.041529911681625,47.81150583645896,53.022419755684034,Clocktower,Maze,Hidden Door,Ancient Prophecy,0,1,40.31506882545735,52.85015636146648,31.08592273747676,-1
3525,63.110637723507445,63.77524468123961,2.1756229936168268,13.520609999683462,45.98673658565812,49.98326271195673,Underground Market,Sequence,Oracle Vision,Ancient Prophecy,0,1,41.96351597466651,56.48010411670248,32.2748840804274,-1
3526,61.911127545126895,63.07151818989495,2.404637803582764,16.79854842024248,49.79081277110213,52.84133825331598,Underground Market,Sequence,Secret Code,Ancient Prophecy,1,0,42.24123856061456,55.66408379061964,38.729465781664416,-1
3527,61.49630981731789,63.50380100256034,1.668938060195893,8.464048032258338,46.06358183008598,52.53573191684145,Underground Market,Logic,Hidden Door,Forbidden Magic,0,0,33.61927543552458,53.88987334348944,28.741465420303616,-1
3528,61.12546936974085,60.7240342668479,1.8659323216062973,16.163539042213607,47.13223379484318,52.3770544175573,Underground Market,Maze,Secret Code,Cursed Treasure,0,0,40.21117516778431,51.52918103188438,32.48218334495537,-1
3529,62.67441925131013,62.38962503267121,1.6447348833594568,12.368210686892247,47.73374856808723,51.25731580759415,Hidden Vault,Sequence,Oracle Vision,Ancient Prophecy,0,0,40.08830930471176,52.138847326470106,28.25605387693228,-1
3530,63.37716852454503,61.36263562021994,1.5967083570155736,14.636420350073562,49.54046031854596,51.63248577046407,Clocktower,Logic,Hidden Door,Forbidden Magic,1,0,42.1996197634671,51.02491676691032,30.01644587684635,-1
3531,63.08348432767398,60.1289515317626,1.8102945882816588,6.189513148148318,47.24044844436247,49.23125034865311,Hidden Vault,Mechanical,Oracle Vision,Lost Civilization,1,0,37.84626687176267,53.1756935973656,32.48252935817476,-1
3532,62.62747485341819,63.286268620288325,2.10888761573144,11.441398118989351,46.63859634964975,57.70051056249373,Clocktower,Logic,Secret Code,Ancient Prophecy,1,1,42.88403237526418,50.55803946955524,32.26821103833096,1
3533,60.54702824268576,61.4944902137081,2.2305576270830247,3.3261109785111103,48.27121626886931,51.89249860169297,Hidden Vault,Pattern,Hidden Door,Lost Civilization,1,1,35.56303030981575,49.58436825514502,32.65536348935137,-1
3534,61.67232185619645,60.73098848630194,1.7148400292129808,18.919655895291864,47.70483082644153,52.87128070262703,Clocktower,Symbol,Secret Code,Ancient Prophecy,0,0,44.884155165539866,53.86137373157969,34.11676865227266,-1
3535,63.97269469908285,61.36942372638771,1.756742048606179,0.2898127264310322,47.323304471677446,50.95522195892914,Clocktower,Math,Secret Code,Cursed Treasure,1,0,36.54825056685378,52.83896370623527,28.844995263219214,1
3536,63.14877458067403,60.98565104331739,1.4657280235313477,8.582711482622594,48.34776760000828,53.61327582344863,Hidden Vault,Maze,Secret Code,Cursed Treasure,0,0,39.25651860124489,52.44915984793027,29.74483745961891,-1
3537,60.49079372234608,61.08605488582569,2.06410237026047,5.694609092248349,46.216332699456295,48.25391764609466,Hidden Vault,Symbol,Secret Code,Lost Civilization,0,1,36.64323425492906,52.41762612802871,32.34812086375553,1
3538,61.97421848791619,61.55601726905165,1.7802483418543684,13.72335086304662,45.43769195599916,47.13598616121459,Underground Market,Symbol,Hidden Door,Lost Civilization,0,0,40.30906833299208,56.19692190513612,28.09682416207608,-1
3539,62.3944587180928,63.50629378409138,2.4988642982896905,19.966290487002283,51.22731198554598,51.4238212314396,Hidden Vault,Logic,Hidden Door,Lost Civilization,0,0,45.78383826903955,54.81194568932425,36.62757365107387,-1
3540,61.27079228518539,61.10700943994946,2.122933961124137,13.617863472830702,48.17429835809662,56.635138187794325,Clocktower,Mechanical,Secret Code,Cursed Treasure,0,0,40.193665157106416,52.99634735718045,34.72823591860056,1
3541,59.72537636234107,63.4304355274456,1.9485655965455275,25.146448943084096,48.27813129380164,54.52080208634949,Clocktower,Cipher,Secret Code,Ancient Prophecy,0,0,42.77584890911399,58.173047198494544,31.704123954914586,-1
3542,62.13507322097124,62.61783001490792,1.8076451511677816,3.447087316507927,46.84275503447604,49.4788839256739,Clocktower,Symbol,Secret Code,Lost Civilization,1,0,36.83157687121423,53.073849632037664,29.28143918581576,-1
3543,61.2501988507273,62.16308329490599,1.5515289358792383,3.827640544797144,49.36120490888887,52.79021852493273,Clocktower,Mechanical,Hidden Door,Cursed Treasure,0,1,37.37882452571168,56.83903517479455,30.26183791787928,-1
3544,61.25586242497898,62.51274044040763,1.5894911567981096,5.864778329762274,47.21338471605809,49.91002630542361,Hidden Vault,Math,Hidden Door,Forbidden Magic,0,1,38.94584797290295,48.98757104808044,24.6078407648145,-1
3545,61.68680996592047,61.7760749210632,1.8131046612894568,10.93337652205385,43.83338548191424,52.56604171861076,Underground Market,Maze,Hidden Door,Cursed Treasure,1,0,39.86177718977839,49.68616921442763,31.181358714218646,-1
3546,61.90963966141811,63.04625839021801,1.7899419166825994,5.189360009279007,47.16108987427177,52.760984690615096,Clocktower,Pattern,Hidden Door,Forbidden Magic,0,1,38.40200844259319,52.22865501182711,31.269493267929565,1
3547,62.03609710260955,62.32496776666901,1.6996986455453147,6.562492241702943,47.588591622457066,53.81619780224533,Clocktower,Sequence,Oracle Vision,Ancient Prophecy,1,0,41.22246672128563,54.31317933504573,30.24023776631381,-1
3548,61.1630933704169,60.09109093123674,2.112387626468708,13.42007305281106,47.75469568798344,47.58584075710598,Clocktower,Math,Hidden Door,Forbidden Magic,0,1,41.27117684317549,55.16268363536955,28.99331785772833,-1
3549,61.82881614554491,62.04976846475493,2.153319499387987,4.118660734943491,47.71045197357017,48.33603002786287,Hidden Vault,Pattern,Oracle Vision,Forbidden Magic,0,0,36.03111826633291,51.79528989598127,34.68658263524273,1
3550,60.2935837246424,62.53523950416686,1.8612023319692388,4.645420105344966,47.04078444996726,51.3110736052376,Clocktower,Symbol,Hidden Door,Forbidden Magic,0,0,37.39924578512374,55.13932937971626,30.090008193208178,-1
3551,62.36406657473986,61.46000519058785,2.579061591296747,8.315601732202275,46.89510024390071,48.91894166083862,Underground Market,Cipher,Hidden Door,Forbidden Magic,0,0,38.836420101604496,56.875473831062486,34.894282912005075,-1
3552,59.198811484867086,61.87299255765712,1.4741926063869446,8.782990782092616,47.55967785656178,48.72569482503769,Underground Market,Symbol,Oracle Vision,Lost Civilization,1,1,39.19623604063074,55.952551708722986,29.65382285641197,1
3553,61.76769516078541,61.1315992018307,2.015327754744056,15.352210678592774,45.53773432900415,52.17964344805733,Clocktower,Cipher,Hidden Door,Lost Civilization,0,1,41.87215991481694,51.09191950833963,27.600381346615706,-1
3554,62.978508671360935,60.36454229591447,1.9319433746530612,5.795874630709712,45.06889521466202,49.20991108888408,Clocktower,Cipher,Secret Code,Ancient Prophecy,0,0,41.78648921270345,53.00608433145467,32.79930731555116,-1
3555,61.00215801922367,60.189492088568585,1.831917724773896,6.6946300548596565,48.15175269183925,57.14414222597114,Hidden Vault,Mechanical,Hidden Door,Cursed Treasure,1,1,37.12960126254215,52.44180836022821,33.56071440100407,-1
3556,62.78014398983113,60.20049224017416,1.787411413852943,13.201352493281048,48.17619018770474,50.16708503176524,Clocktower,Symbol,Hidden Door,Lost Civilization,1,0,41.24365181732337,50.4566804062489,32.7658078934081,-1
3557,63.22170044695769,62.40428650588535,1.99417632964289,14.296960803566964,49.32264579475717,50.82441978948077,Hidden Vault,Symbol,Hidden Door,Ancient Prophecy,0,0,40.0938802009574,54.402115942977446,33.267722599453805,-1
3558,58.76036057773362,59.24263186788061,1.9281317471124164,17.430614134149078,47.61969264701873,52.24385135129284,Underground Market,Mechanical,Oracle Vision,Cursed Treasure,0,0,40.40179472037852,50.0461610323886,29.12741580680268,-1
3559,61.91922924614033,61.06409574708222,1.877724738871176,12.629611532543692,46.21213413010258,47.73011154713564,Hidden Vault,Mechanical,Oracle Vision,Cursed Treasure,0,1,37.86725897407372,52.23600114732093,32.35489419067789,-1
3560,59.19718914264008,60.96257477984659,1.6051412376827627,10.93286336828194,45.09267772245866,52.77126128041336,Hidden Vault,Maze,Secret Code,Lost Civilization,1,0,39.44114162776875,48.93554246854873,33.376901500203886,-1
3561,61.95716332291011,61.44371122175363,1.5087648736668893,13.15328376769272,46.66646549337907,52.35366912458472,Clocktower,Logic,Oracle Vision,Ancient Prophecy,0,0,41.009363953392175,48.818028980092585,29.6005638018038,1
3562,62.07064850958313,59.86707221043672,1.9070566587154152,8.9380917299075,48.63518955954235,50.62673621155575,Underground Market,Maze,Secret Code,Ancient Prophecy,0,1,40.23418610081799,51.06091467362258,32.21719802449165,-1
3563,59.597762416435344,62.12501517614234,1.872367876999237,8.898397177398902,50.16327231556151,52.18481826899071,Hidden Vault,Logic,Secret Code,Lost Civilization,1,0,40.0044458904692,54.15644821035537,30.36742931117334,-1
3564,64.00767015135126,60.4455793351163,1.9332427171226425,1.3987783469607056,48.0819547834666,52.57070628205992,Underground Market,Maze,Hidden Door,Lost Civilization,1,1,39.27384057349021,49.67256912813402,27.633148477862218,-1
3565,62.371411664037744,62.84875025318871,1.9590962990478809,14.733519824621505,46.180208224805554,55.08797678075075,Hidden Vault,Pattern,Hidden Door,Cursed Treasure,1,1,39.28934787304127,54.2827573309665,30.20825811665699,-1
3566,61.23897514634031,61.09217335194005,1.8342332335714084,11.320860277561891,46.68051724921288,57.75065366995021,Underground Market,Mechanical,Oracle Vision,Lost Civilization,0,1,39.02789761999217,52.18612382126177,33.64052789649098,-1
3567,63.55601935712695,61.61591069556437,1.9265348809763168,14.145902778122451,46.7271830599674,48.84624753091332,Hidden Vault,Cipher,Oracle Vision,Ancient Prophecy,0,1,42.217019304852414,53.77707747525511,33.75724848127653,-1
3568,60.29770666329694,61.71287261596295,1.7334439032801192,-3.8211897447611616,47.39114154026591,48.25663147514614,Underground Market,Maze,Oracle Vision,Cursed Treasure,1,0,34.37606813453456,54.56851624994515,30.498529826554662,1
3569,60.86686738137322,61.95090522230413,2.445903584579248,10.019525861361451,49.68138878238471,51.75687402827004,Hidden Vault,Math,Hidden Door,Lost Civilization,1,1,39.11406210852263,55.989064698008335,35.484567318273164,-1
3570,59.79933997197114,61.74123433523443,1.7479874465434604,5.972813938472925,49.79836972966194,46.302703798301565,Underground Market,Logic,Secret Code,Lost Civilization,0,1,40.91435318102863,54.38508210233769,29.45441113925653,-1
3571,63.90263629550222,61.27465558424807,1.8757771764365243,17.756236464766417,47.74162032982981,53.12353807956376,Hidden Vault,Cipher,Oracle Vision,Cursed Treasure,1,1,43.86916360890477,51.850054293047954,31.59637138761291,-1
3572,62.436771568723806,62.042351234587805,1.7690689476279091,13.317726393580712,48.27464666278568,51.78270190768215,Clocktower,Maze,Secret Code,Ancient Prophecy,1,0,42.22190009240513,53.46230070495312,30.164736836106187,-1
3573,62.76669955237087,62.16297680972948,1.763137663429283,11.41505215529838,46.80378069126356,52.41821649815344,Underground Market,Mechanical,Hidden Door,Forbidden Magic,0,0,37.06693238687067,57.53320176740674,30.563783307928684,-1
3574,62.41121000032785,60.92921240068457,1.991783533470888,8.081458953583374,45.4353696028655,50.74107016220013,Clocktower,Logic,Oracle Vision,Ancient Prophecy,0,1,41.363172990737446,53.70845202471668,30.135512055906226,-1
3575,62.68692594131259,62.11822269737159,1.9527721877507451,12.224429468295405,50.68289324205561,52.13753941492101,Clocktower,Logic,Hidden Door,Cursed Treasure,0,1,46.983408164392976,53.76240666589407,32.56752309220735,-1
3576,62.19422368857015,62.881073422307054,1.8446282240409564,5.59473931072358,44.51684727911004,52.68059894410967,Hidden Vault,Symbol,Oracle Vision,Ancient Prophecy,0,0,41.68626427892941,52.6190532393559,31.629734411186178,-1
3577,62.39009346313223,62.39273599731406,1.89641999284509,9.73433568608858,45.24704821859703,52.00005851416648,Clocktower,Maze,Oracle Vision,Lost Civilization,0,1,39.47397641588152,51.5278461085662,34.137049577488526,-1
3578,62.22984002376106,62.61669617288499,1.7644877899703086,7.338455887683748,50.6956870104138,48.13725346134365,Underground Market,Logic,Oracle Vision,Cursed Treasure,0,1,44.10155562784019,51.59642761792156,32.066883355435415,-1
3579,61.51674754018466,61.85371136785898,2.099891285978668,21.560046931082248,48.02630955453088,51.930014568003806,Hidden Vault,Logic,Oracle Vision,Cursed Treasure,0,1,43.43305533662655,56.31908660820762,35.24998069295227,-1
3580,62.08185559921931,60.74310012727099,2.594845891456969,17.57467871035542,46.31286098804912,56.13491171512459,Hidden Vault,Logic,Secret Code,Forbidden Magic,0,1,43.13460952568101,52.739740382729615,31.052685454950865,-1
3581,62.40525418582382,60.86705664374626,1.7147229558966848,15.537534066417892,49.02617437106229,52.10223014619966,Underground Market,Logic,Oracle Vision,Lost Civilization,0,0,41.56954029984402,49.87446622513219,31.187501803442395,-1
3582,62.24542617829698,61.994030086181,2.094224436230706,2.768113700886742,49.16212312637312,51.84263903192041,Underground Market,Pattern,Hidden Door,Lost Civilization,0,0,37.591052080833656,52.9775685041914,30.36557204448072,1
3583,60.66036056345799,62.614337352224986,1.9883532107494728,14.53784199043465,46.00397760137623,55.40009414472706,Clocktower,Sequence,Oracle Vision,Cursed Treasure,1,1,36.26137854966304,55.57180860222092,30.330673960127605,-1
3584,60.79643974920547,64.45490755281278,2.174263496477693,11.152792878411356,47.204239556146014,49.63596110558782,Clocktower,Math,Hidden Door,Forbidden Magic,1,1,41.3986897768196,53.66540288305635,33.73057147697743,-1
3585,63.22759969994473,62.64823010716768,2.181491561351774,16.32917873440307,49.31841660841325,53.72419410021693,Hidden Vault,Cipher,Hidden Door,Forbidden Magic,0,1,42.24131702534265,52.08847106304201,35.62244280018108,-1
3586,61.84113413707085,60.49337545050425,2.032829714744966,11.82128751108962,46.77926801510009,50.17460661736956,Underground Market,Logic,Hidden Door,Cursed Treasure,0,0,40.27494535982197,52.41475399905196,29.963901944139604,-1
3587,62.73626148235121,60.89393221150852,1.9579851643020192,10.173173172461992,48.428489682972014,54.21645835836284,Underground Market,Mechanical,Hidden Door,Forbidden Magic,0,0,41.24038412942625,53.6277512510172,32.96231854004052,-1
3588,61.06286217973703,63.93710621555074,1.838294980473702,11.373147924130548,50.14311840164043,53.49512038616891,Hidden Vault,Maze,Hidden Door,Ancient Prophecy,0,0,39.22050521647956,53.89323223158642,34.88472781804191,-1
3589,60.685320134713045,61.44157463250272,1.7378139833558086,1.173540400730143,44.41786751576623,50.46930284168195,Clocktower,Cipher,Secret Code,Cursed Treasure,1,0,37.290907755452864,50.69359857508818,31.335644886803205,-1
3590,61.31839125408187,61.70084342261668,1.9368938611414916,6.362186394980615,47.495455505574654,50.83509718416765,Underground Market,Logic,Secret Code,Lost Civilization,0,0,41.10581168983447,53.61085573117461,32.01321723597623,1
3591,61.94298254967336,60.69026765867939,1.5791898784005276,12.06339183085062,48.4005537702211,53.94452885354557,Clocktower,Pattern,Oracle Vision,Ancient Prophecy,1,0,41.59443378644923,49.91360746227004,29.33866792470705,-1
3592,61.50400493841785,63.21313435315315,1.7850022759986282,15.891182799351586,45.320836032631775,46.8613727469417,Clocktower,Symbol,Hidden Door,Ancient Prophecy,0,1,41.36276352916668,52.236957327684415,28.422755728068456,-1
3593,63.46671420596696,62.1457011100801,2.293781362444835,7.439317788119614,47.2153419010368,50.39517722526325,Hidden Vault,Math,Oracle Vision,Cursed Treasure,0,0,40.06483365225072,52.70434066107097,31.09749642733619,-1
3594,62.355977221560856,60.8680941062117,1.9898188819075784,9.985306828982075,49.57739434675924,53.05104370906129,Underground Market,Cipher,Oracle Vision,Forbidden Magic,1,1,40.810365539786645,54.0012088495148,32.68474978967072,-1
3595,64.02910353147908,60.64618832223434,2.2265783032002835,2.1819523636647435,46.95509955364941,50.72973307151253,Hidden Vault,Cipher,Oracle Vision,Lost Civilization,0,0,37.40774723266641,50.98800556536597,30.7375520892668,-1
3596,62.58832177896981,61.94452632917466,2.3981598114413267,17.481057516502766,45.78604700332319,51.83715845051732,Hidden Vault,Logic,Secret Code,Cursed Treasure,1,1,43.21302972488455,53.644951641065525,33.84174148419448,-1
3597,59.77514920103034,61.67882795509986,1.9026194685988107,15.750816481353583,49.70978723778498,46.39712263584899,Clocktower,Cipher,Hidden Door,Cursed Treasure,1,1,41.95947624997214,55.4492070286254,32.922044893943365,-1
3598,63.247565664142144,62.4640220287408,2.0163617950623838,13.44024079502465,48.68133333532101,49.363804760826135,Underground Market,Mechanical,Oracle Vision,Cursed Treasure,1,0,42.155643829214206,52.44820599916622,32.77214760462874,-1
3599,60.685834080868176,62.17616095993826,1.8620201844616624,12.21139403765086,47.91237607569301,53.19863168037952,Hidden Vault,Symbol,Hidden Door,Forbidden Magic,1,0,39.22665286394941,59.55164477206649,27.72331768439856,-1
3600,62.42981858499318,61.3619834669917,1.707176391379973,17.937759341581113,47.86919089525632,49.622481557338965,Underground Market,Logic,Oracle Vision,Ancient Prophecy,0,0,42.26501191381039,55.366384422787455,30.81886083055237,-1
3601,61.42853760484792,61.07992421260607,1.6634261593539523,6.147625498378609,49.56035884894781,48.24385072294497,Hidden Vault,Symbol,Oracle Vision,Lost Civilization,1,0,40.00574789304207,53.21292532119883,30.515647436570188,-1
3602,64.3499069331186,61.46103632516672,2.2005947107422275,5.604554638865174,48.460922497196805,54.15402133238649,Underground Market,Maze,Oracle Vision,Ancient Prophecy,0,1,38.0909581423634,52.35133688283814,37.36567533980964,1
3603,63.6508055143962,61.06754097506423,2.0085452839134463,15.475658847430417,48.9887814343733,52.78921013517426,Hidden Vault,Sequence,Oracle Vision,Lost Civilization,1,0,41.20026667517426,51.43439519833547,29.96867677318051,-1
3604,61.47343604613139,61.48526032982844,2.498220157455828,15.137339854080007,46.982785142074825,48.77866661795727,Clocktower,Math,Oracle Vision,Cursed Treasure,0,1,38.21146155634132,55.75877928380527,33.07342403850639,-1
3605,62.09198549315158,61.62912153465408,2.234111708738824,4.196023581839302,45.14691202980865,51.84625961108025,Clocktower,Symbol,Hidden Door,Forbidden Magic,0,1,38.58199576912234,52.59076689287339,32.276099876513,-1
3606,62.46806503658191,60.711965168411,1.721363909141486,7.504446212089666,48.957163166133,48.86013051318678,Hidden Vault,Mechanical,Hidden Door,Cursed Treasure,1,1,41.455948237058486,49.41216965606098,29.41861164307704,-1
3607,63.091042135654085,62.23778210189875,2.191037093897452,18.60447092755728,49.67707080909867,51.11885235781096,Clocktower,Logic,Secret Code,Cursed Treasure,1,0,46.09893021257468,50.07761816848389,37.459189153722,-1
3608,62.26097832398818,61.233871435526055,1.845593446613497,12.215117113493177,47.69026049701653,51.93997047381365,Hidden Vault,Mechanical,Hidden Door,Forbidden Magic,1,1,44.1184538148303,52.62664542299271,35.125080324014995,-1
3609,61.21116706880717,60.75960245205478,2.300330827706752,14.090378814309844,49.36020102971788,49.47875900199901,Clocktower,Cipher,Secret Code,Lost Civilization,0,1,39.57286560119482,52.67265266201474,32.16458849957444,-1
3610,61.5227760526429,61.247057778549625,1.787504801363618,4.357144818429985,47.52724782503176,53.3558323338131,Underground Market,Logic,Secret Code,Lost Civilization,0,1,38.72087100813803,50.544448473623525,29.730026728694156,-1
3611,62.24016274405994,61.83809253012043,1.6157845752203686,13.43342201913877,47.89555725980836,53.74337925580414,Clocktower,Math,Hidden Door,Lost Civilization,1,0,40.56949956980952,49.83690258134353,34.704542718354205,-1
3612,63.48344845017637,61.67603251222252,1.6908686957652157,3.0503290949342112,50.661826267789685,52.15891381224965,Underground Market,Symbol,Oracle Vision,Ancient Prophecy,1,0,42.30045570303633,49.37941022000805,34.88492948139006,-1
3613,62.681213302379895,62.01226314855912,1.7042541696250404,0.2467829884972481,47.5975181539826,52.534955378851,Underground Market,Symbol,Oracle Vision,Lost Civilization,0,0,40.28965547818871,51.40942769243021,29.87708230192205,-1
3614,61.48438148182857,62.48563267244069,1.673612208736531,13.777878178885514,47.51059732969669,47.867927904078144,Clocktower,Cipher,Secret Code,Cursed Treasure,0,0,41.36013522071732,52.516566226761086,31.31261908801286,-1
3615,62.91062710526571,62.88935906771023,1.7519151413347458,17.313868359770076,45.23317332035557,54.90546806710882,Underground Market,Maze,Oracle Vision,Forbidden Magic,1,0,41.70182527866793,54.45272848232758,26.850790504160884,-1
3616,61.87976431628282,61.86702815554795,2.1786909723214203,8.870611841947117,49.07498150170167,51.27168752985883,Clocktower,Mechanical,Secret Code,Forbidden Magic,0,1,32.89295631387764,52.86124809132348,37.64573117416766,-1
3617,63.16168885206128,60.50925355782955,2.458458476787257,7.4047040993131645,46.97687680657003,49.16185908718646,Underground Market,Maze,Secret Code,Lost Civilization,0,0,37.2512249059975,53.87982730881784,33.46799541472352,-1
3618,64.80285977627656,61.30664992804678,1.5185262945275877,18.68963165980067,48.26428136654906,51.86458953113981,Clocktower,Logic,Secret Code,Cursed Treasure,1,0,40.78401984669092,53.77765421496392,31.377418666480605,1
3619,61.92162827232608,60.56853797530498,2.29455124601676,9.159417988339086,47.57272808148269,53.363674980972206,Underground Market,Mechanical,Secret Code,Lost Civilization,1,1,37.00833722008897,52.93898232069658,31.09447716044566,-1
3620,63.08670181709076,63.26679691643462,1.7700767700697422,9.802453260073518,47.37847833365194,52.78087391763493,Hidden Vault,Cipher,Oracle Vision,Cursed Treasure,0,1,44.55045230410037,55.720950796834565,28.497364658507344,-1
3621,61.544382022356814,63.55442107256437,2.0156196836193514,18.5990606458334,47.87249166161271,48.78827408802892,Clocktower,Sequence,Hidden Door,Lost Civilization,0,0,39.91626458034066,51.28920395412531,32.900907135248595,-1
3622,62.18222692096884,62.21439960951846,1.4128547635012427,8.359343679281963,47.98976363470806,53.39409472379374,Clocktower,Mechanical,Secret Code,Ancient Prophecy,0,0,37.69525326668919,52.07554475199555,33.478899020899256,-1
3623,62.32880489897154,62.4196063617381,2.0641294579561755,6.855138526679923,49.81715470140732,51.348352295502025,Clocktower,Math,Oracle Vision,Lost Civilization,0,0,37.6127762327548,58.45998444819477,32.08413830319406,-1
3624,62.11034741924506,61.80914071495909,1.3031224694227554,14.200842124406776,50.33538554657457,52.7530104559603,Underground Market,Logic,Hidden Door,Lost Civilization,1,1,46.72355054682174,49.5210214265,28.42197671401229,-1
3625,64.77186973122127,61.92129434583976,1.9966709267976608,6.562060266599943,49.03320970713255,49.49612124854675,Hidden Vault,Symbol,Secret Code,Ancient Prophecy,0,0,40.70683546313045,52.55596290738358,33.11355032121352,-1
3626,62.00712437924723,59.95481603725864,1.9774185433687077,9.3963889902125,49.96657781791493,54.11477897346663,Underground Market,Sequence,Oracle Vision,Lost Civilization,0,0,42.01159985682061,52.9139841144915,36.167349151042295,1
3627,62.90546680450823,61.47536064264325,1.9552725791202308,3.521674925215944,49.34260960959422,51.95678881566205,Underground Market,Maze,Hidden Door,Cursed Treasure,1,0,39.15057338331477,49.147400420115765,31.215217332957657,-1
3628,60.39346256015246,60.66515363555354,1.675203167822699,11.042540242285956,48.80549153216647,54.472058285345575,Clocktower,Math,Hidden Door,Lost Civilization,1,1,35.58002157357724,50.7213451879418,30.603772700727724,-1
3629,62.76051645983026,61.82466787374088,2.0582176346121104,10.454144719740842,50.24850423578449,47.662829727859695,Underground Market,Symbol,Hidden Door,Lost Civilization,0,0,43.85783222711948,57.318961005412255,35.03137131877276,-1
3630,63.47558120994883,61.48069708806777,2.008345131228889,14.951876760356551,46.105334774875445,47.99645220096247,Underground Market,Pattern,Secret Code,Lost Civilization,1,0,43.37310525675756,52.5984358919575,32.974878876377815,-1
3631,61.81097220086561,63.484115462687456,1.8256736493150951,14.396191795731664,47.04364769896622,50.899930383411736,Hidden Vault,Mechanical,Secret Code,Ancient Prophecy,0,1,41.1620149012084,52.69870556030488,30.2556309163237,-1
3632,59.83342648316793,62.45089873629271,2.087831276744281,12.865648506068403,46.84132033688648,55.16906254993195,Underground Market,Cipher,Secret Code,Ancient Prophecy,1,1,43.28000537041113,53.50483350750349,33.965277741820174,-1
3633,62.31011204090678,61.81575156840784,1.8551896705422488,12.077501907462231,47.62295968016943,56.40702724418431,Hidden Vault,Sequence,Hidden Door,Forbidden Magic,0,1,40.31621992136319,51.64290071364004,32.289775229323304,-1
3634,62.371098899897376,61.261259438927055,2.040076958645347,9.738133486070526,49.10629827599212,49.278934252313,Clocktower,Cipher,Hidden Door,Ancient Prophecy,1,0,40.05526905624601,56.12918443182522,32.745839228747315,-1
3635,63.0831773434198,63.201171137679566,1.8412312138025309,13.150380145399197,46.407235953532194,51.63261757902868,Hidden Vault,Math,Secret Code,Ancient Prophecy,0,0,41.10481500848113,51.54021296073208,32.37345566993323,-1
3636,64.37522852341688,61.492136609158834,1.9415352542694309,4.539151314825888,48.83657048189563,51.88787993820164,Hidden Vault,Pattern,Secret Code,Cursed Treasure,1,1,42.1394650791239,51.766225382304974,33.71363582958216,-1
3637,61.98953093331877,61.8506978276713,2.0464497685493312,-1.6457906533623028,47.20429797785044,53.295394032595134,Clocktower,Symbol,Hidden Door,Ancient Prophecy,0,0,38.32762722802964,49.75190461617744,29.69392257850991,-1
3638,61.51859140483101,61.55819712650253,1.752146069530556,15.906871227500297,47.56684800963824,53.71240666603122,Hidden Vault,Pattern,Hidden Door,Forbidden Magic,1,0,42.24045393487249,52.01321724103965,33.759032777746846,-1
3639,61.21329246806352,61.10870832863292,1.498834690162608,13.466343993765816,48.39065933427086,48.71400451772083,Hidden Vault,Maze,Secret Code,Forbidden Magic,0,1,38.664343583942895,52.10509612197853,30.88146735978075,-1
3640,62.58365537114313,61.54627423618291,1.949254205296427,9.458883970531875,50.614536762992365,51.66148340054343,Clocktower,Pattern,Oracle Vision,Ancient Prophecy,1,0,39.64739122489373,55.59658064571671,35.85551241386281,-1
3641,62.87033318834796,59.54469802076823,2.22067191330938,15.464899294607598,47.02680960600127,46.4787051905752,Underground Market,Math,Hidden Door,Ancient Prophecy,0,0,40.25750116692159,49.05318819598664,32.499679800164124,-1
3642,61.8507613479822,59.955846417077694,1.95100309272226,6.432924931833757,47.97789258723616,53.52697820760101,Hidden Vault,Sequence,Hidden Door,Cursed Treasure,0,1,41.36106993177373,52.53192802533879,32.288237327997514,-1
3643,63.18057288458744,61.85006240714685,1.954083249062134,6.561270776758645,46.48343414298187,50.65345032918991,Underground Market,Symbol,Secret Code,Ancient Prophecy,0,0,36.72727024703485,52.765184772234974,31.85582338135444,-1
3644,62.872783141852,63.06550171454352,1.8433500780924408,5.8663818983828735,47.0206264685521,48.48654480174484,Clocktower,Mechanical,Secret Code,Forbidden Magic,0,0,42.67232683095497,49.76496674953872,31.977412557411306,-1
3645,62.456175156105125,61.84238440920554,2.075080612853156,12.923533133811052,46.47534865643672,52.33136702489203,Clocktower,Sequence,Oracle Vision,Cursed Treasure,1,1,43.926070788604775,51.13413741869341,34.59439561218667,-1
3646,61.51610856765137,60.77064686487424,1.7948864019243416,2.169001277836932,48.47638785615156,50.57532689248626,Underground Market,Symbol,Oracle Vision,Cursed Treasure,0,0,35.72330774267185,50.704606580502,32.35062229546905,-1
3647,61.94227416025576,60.04500552526638,1.711799457253242,6.247367702558504,48.750059388289415,54.65365257694056,Hidden Vault,Symbol,Secret Code,Forbidden Magic,0,0,38.20660627964129,55.147594566163335,31.166249171596,-1
3648,60.0000336753653,62.269221255446105,2.17684084081108,11.5291505946394,49.14559280261675,49.26854466113446,Underground Market,Pattern,Oracle Vision,Cursed Treasure,0,0,38.03390457474249,54.5090271906378,35.29922589800764,-1
3649,62.67126178871959,60.914324726918096,1.683352505926254,4.05823551279596,46.98750324670329,57.057388000152336,Clocktower,Mechanical,Hidden Door,Ancient Prophecy,0,1,39.68069532246738,52.326868705266286,31.0879996131958,-1
3650,62.467536962764896,62.12157235805793,2.106598440616404,6.775869952517196,48.88288788619987,53.63638885740838,Clocktower,Cipher,Secret Code,Forbidden Magic,1,1,42.33817961678874,44.67089625974451,38.77890390731841,-1
3651,62.635430756133374,61.86501034906753,2.1687616261376905,-0.9819691393930086,48.293655207887376,54.71923603296043,Hidden Vault,Symbol,Secret Code,Cursed Treasure,0,1,39.65790634454044,49.14769947496715,33.40470995018484,-1
3652,62.95706195632666,61.95024503602334,2.0042307315415844,13.10336443794076,48.04044447490677,48.92790949612887,Clocktower,Math,Hidden Door,Forbidden Magic,0,1,40.83938555834724,54.42883648407537,34.512474162551875,-1
3653,62.84439063041918,61.502337016536856,1.4566006529174051,6.633633350800739,46.26804335854519,55.9711484428344,Underground Market,Cipher,Hidden Door,Lost Civilization,0,0,42.20633851898065,53.86933016849751,30.72458856600944,-1
3654,62.35404713654138,61.84916158362405,1.8366845909874503,4.57489687761567,48.36319841647916,48.46863138647933,Underground Market,Symbol,Hidden Door,Ancient Prophecy,0,0,41.12854141413207,51.48255638357383,27.42854100972252,-1
3655,62.518994445649874,61.342835922365495,1.7650862422435265,3.5946989959477875,48.41392979295341,50.97547075886606,Underground Market,Logic,Hidden Door,Forbidden Magic,1,1,38.21213854866647,52.67812752581808,29.7937333076125,-1
3656,61.07194092496883,60.82374816118836,1.674016063816281,7.977270251099187,48.29230029189216,54.7616415685169,Underground Market,Symbol,Oracle Vision,Cursed Treasure,0,0,39.01742867446522,52.14861074013466,29.96336557759227,-1
3657,61.898502430466365,60.49231126544468,1.86275255485196,2.166100755346405,48.74303252721423,52.76692268126119,Hidden Vault,Cipher,Secret Code,Lost Civilization,0,1,40.87235985417729,52.43211623461675,28.82322371472934,-1
3658,62.53869460073412,59.06754842839654,2.047782024608204,19.777333646826065,49.18813458747277,48.402095206760094,Underground Market,Symbol,Secret Code,Ancient Prophecy,1,1,45.573140614981,50.44090175152029,31.99468153987796,-1
3659,61.75840511918538,61.26818584593666,1.6765293328495572,-1.859715557602371,46.5025267207804,54.33852515460663,Hidden Vault,Cipher,Oracle Vision,Ancient Prophecy,0,1,38.94669637324898,53.81897226522314,27.215009895825197,-1
3660,63.36047925657533,62.96540306642884,1.7597374743207403,7.8094997446063665,47.827873953434114,52.34988613185634,Clocktower,Math,Secret Code,Cursed Treasure,1,1,45.52990570142732,55.85357635455854,28.73455699991229,-1
3661,61.847800702974645,62.172825755938455,1.735874044732101,10.595733805658687,48.929961632834015,50.459499409862666,Clocktower,Maze,Oracle Vision,Ancient Prophecy,1,1,41.38193459610713,51.38773759573969,31.89164141451056,-1
3662,62.72887701574941,61.667166878246114,2.1543749577763296,6.182923506756678,47.75714582948562,47.644976859875946,Hidden Vault,Cipher,Oracle Vision,Cursed Treasure,1,1,40.14353270329823,50.32970071719853,36.33486874007997,-1
3663,62.63531051861436,60.70215618998359,1.7250880183382464,11.119112286896804,49.60233684325838,52.58687632468207,Hidden Vault,Cipher,Oracle Vision,Forbidden Magic,0,0,43.63279491988898,50.81974823901973,28.97709992576041,-1
3664,63.27123008847588,62.43019517438646,1.4288838766302532,6.059096505603421,48.30196824909717,51.09143049258393,Clocktower,Maze,Secret Code,Cursed Treasure,1,1,43.75610882770056,53.45896630967143,27.43555076668025,1
3665,63.43198561643122,61.31023275278062,1.3241454745975498,17.70624318764586,45.23785102057112,51.890773371868086,Clocktower,Mechanical,Secret Code,Ancient Prophecy,0,1,42.148276465120766,52.675995612222,26.850028629225424,-1
3666,69.23150325374301,67.00115385771089,1.9019483029765267,24.46006799882686,49.432948252649965,49.03699659957352,Abandoned Theater,Symbol,Ancient Map,Ancient Prophecy,1,0,48.473205309520615,58.364297360940895,32.02991368054069,-1
3667,66.43777483262426,64.44180113515829,1.561861745404768,18.297031275961547,48.00175526947435,51.95335735410913,The Old Library,Sequence,Secret Code,Ancient Prophecy,1,1,43.31463304126884,56.65245562076045,27.16405731481843,-1
3668,69.74427370180082,64.66957911204605,1.987603955191792,23.559365359052904,45.526484370504285,54.20076155385378,Temple Ruins,Pattern,Ancient Map,Ancient Prophecy,1,0,49.5998737776187,55.098899470208806,29.315488123306046,-1
3669,70.08381236366141,64.56893033627169,1.3845246203354316,31.983067831325783,47.80629154426916,57.69116152826183,The Old Library,Mechanical,Secret Code,Ancient Prophecy,1,1,53.42372497524272,55.218693196545296,27.85834295216817,-1
3670,68.08079244373774,63.9307249613397,1.6191048333106262,29.459717124779484,46.2858906142168,52.48679594287342,Temple Ruins,Symbol,Secret Code,Ancient Prophecy,1,1,47.78863603440735,57.3064766101632,30.25609002217388,-1
3671,68.80601016891639,64.47243312060748,1.3784797249818093,33.80876434901256,49.32188001908155,56.608247647670304,The Old Library,Mechanical,Teleport Rune,Ancient Prophecy,1,1,53.69382644649694,55.00507926528348,31.026116336874438,-1
3672,67.68501198023257,65.50931997429771,1.9048896991017992,32.555599402504434,48.14220251763632,54.96837105212462,The Old Library,Maze,Teleport Rune,Ancient Prophecy,1,1,49.4710331837492,56.66505814523881,31.38513791785124,-1
3673,66.63397936969557,64.6905200451151,1.9660012380946188,26.86426680537368,46.81416175325609,53.58446241563337,Temple Ruins,Logic,Ancient Map,Forbidden Magic,0,0,46.97008615576732,55.286705675464745,30.51555664772348,-1
3674,67.85019057456938,61.54295455488515,1.86975958124278,27.59905904718272,49.4199025400926,50.46914554083472,Abandoned Theater,Symbol,Ancient Map,Forbidden Magic,0,1,51.24970856534397,52.61767587693585,30.769589245712208,-1
3675,68.05534844729381,66.4702034664871,1.439200943031146,28.11665632904906,48.895304374892845,50.57380364117261,Abandoned Theater,Symbol,Teleport Rune,Forbidden Magic,1,1,48.017924850617256,55.97502776965573,30.307612123607875,-1
3676,68.24725202002217,63.708428207527454,1.5380474497245116,39.46387004680566,47.85778888347246,54.5438521767665,Abandoned Theater,Logic,Secret Code,Ancient Prophecy,1,1,49.98051527160878,56.8113710560331,28.128912751307197,-1
3677,67.64983747863285,65.97833348455168,1.828850614257703,33.49510635745254,46.34699455880971,51.68376106473697,Temple Ruins,Sequence,Teleport Rune,Cursed Treasure,1,1,52.12574861423357,55.27377173831916,33.583375745825634,-1
3678,67.88200870608074,65.41689455925305,1.2489991340176196,39.4983001690964,46.955669296364746,51.46159320308475,Temple Ruins,Logic,Ancient Map,Cursed Treasure,1,1,52.31529068059106,54.47762173607254,25.478027639076466,-1
3679,68.61114327653839,67.49961907522668,1.6797316899728991,34.24264916037989,46.93721685290902,52.548474152414265,Abandoned Theater,Pattern,Secret Code,Cursed Treasure,0,1,53.83559838039104,55.1630652593974,28.87492763064522,-1
3680,67.85867169502049,66.37576156106245,2.203880058993472,29.71973768756784,49.34720763753058,52.59042292415202,Temple Ruins,Maze,Ancient Map,Cursed Treasure,0,1,51.29710566480959,57.177545469959895,35.22552696270436,-1
3681,69.17920537869551,64.87074884853537,1.6915439164420345,24.93976533052406,45.71020832516002,55.25191994048421,Temple Ruins,Mechanical,Teleport Rune,Cursed Treasure,1,1,45.49285610481125,53.52728979573574,28.82400520071985,-1
3682,69.32415728663608,64.66983080215903,1.2956753526258022,31.043104965954228,48.16482867639554,51.73625575434947,Abandoned Theater,Symbol,Ancient Map,Cursed Treasure,1,0,53.53849470854575,55.5654362744894,30.609062192105217,-1
3683,71.0297331242738,66.87115453411752,1.556710355337677,29.73011033705325,47.86441510944986,55.00310009006079,Temple Ruins,Cipher,Teleport Rune,Forbidden Magic,0,1,55.33637288137417,56.738138675799455,33.59343666133548,-1
3684,69.78190713925285,63.88907982565707,1.5464062274220003,29.565185104192587,49.79734508286465,54.09926283513601,Temple Ruins,Sequence,Ancient Map,Ancient Prophecy,1,0,52.80590683333795,53.82704885715753,32.750503321695284,-1
3685,68.90624511267244,65.55234652111012,2.374373953527303,28.98690722559671,48.597370238346144,48.81501003159487,The Old Library,Symbol,Teleport Rune,Ancient Prophecy,1,0,52.18754008237654,52.81494815731192,31.39213060159203,-1
3686,68.04982555480461,65.22685338975363,2.2286392266967714,19.769085899491017,49.05534357837303,53.73626915745827,The Old Library,Sequence,Secret Code,Forbidden Magic,1,0,46.26527694091456,53.41141746714969,31.133772232205786,2
3687,68.97081788158201,65.01124666990553,1.9448572945548737,36.33461109697939,47.46878471457804,46.33060391430725,Abandoned Theater,Math,Secret Code,Forbidden Magic,0,1,51.32948335077381,53.25788656827749,31.13902071543749,-1
3688,69.01067998063654,65.70447723890643,1.6192822167402434,29.77717289636836,46.41465774596581,50.761941845870034,The Old Library,Symbol,Teleport Rune,Cursed Treasure,1,0,50.76444924734481,53.26800569350073,30.570553335184865,-1
3689,68.17781716564822,65.53700527353102,2.079009587521977,22.95721884321061,47.777305024185615,54.15769211640562,The Old Library,Maze,Teleport Rune,Ancient Prophecy,1,1,49.63366666839317,56.34190034414721,34.61696198217532,-1
3690,69.48194055888372,65.80131996960031,1.375386044894967,32.43635780388124,49.435660096932274,52.97339224935156,Temple Ruins,Symbol,Teleport Rune,Cursed Treasure,1,0,53.209538892733896,60.2064066914544,28.64940072285179,-1
3691,67.30722265856828,65.47936036071494,2.0349875258794667,25.74743900638527,49.43668347896807,48.58026973509615,The Old Library,Logic,Ancient Map,Ancient Prophecy,1,0,47.2330000018462,54.70090879792821,31.888483679481837,-1
3692,68.46806488225145,65.7545232752335,1.986985928436617,32.83641431238293,47.63293058816204,50.20209558256613,Temple Ruins,Symbol,Ancient Map,Lost Civilization,1,0,49.853445026074525,54.786203051343975,31.26310879357418,-1
3693,69.27549968452058,65.42665591792816,1.6597572185087248,34.43310060684423,46.99219396245071,46.47771721686945,The Old Library,Mechanical,Secret Code,Ancient Prophecy,1,1,48.9149230999982,54.02793284006709,29.593694407226906,-1
3694,68.43926597703603,64.67030439809999,2.043472235645096,35.12212362443394,46.70282193159429,49.64359185738929,Abandoned Theater,Logic,Teleport Rune,Forbidden Magic,1,1,52.89403652426277,56.32513098624808,34.51659031853434,-1
3695,68.52733694145003,65.33016482406528,1.564093932499178,29.21849616605699,48.087464801647975,54.44765837329638,Temple Ruins,Pattern,Secret Code,Ancient Prophecy,1,1,49.1023884666031,56.20132205796205,30.092014114826554,-1
3696,68.60357895326077,64.60820101351237,1.3152672451406504,27.95334555028148,48.501828599017145,51.60641765356213,The Old Library,Logic,Teleport Rune,Lost Civilization,1,0,48.94606144281392,54.89285158495109,29.818089600250303,-1
3697,67.91306922083947,64.53862672146062,1.9847040024477884,26.893712544228904,50.51141920654641,53.42486385431639,Temple Ruins,Symbol,Secret Code,Cursed Treasure,0,1,52.27170565532737,52.85309961123114,35.01749221797765,-1
3698,69.9299091455362,64.97926083277753,1.6622523123723076,26.40780982387428,48.49129103948881,53.03411095384874,Abandoned Theater,Maze,Secret Code,Cursed Treasure,1,1,51.07706624805278,53.24821611034666,34.07683053677911,-1
3699,67.74534032737766,65.19238695316274,1.8648593817203656,29.93364163247919,49.23163963983467,53.08145767624897,Abandoned Theater,Symbol,Teleport Rune,Forbidden Magic,0,0,50.27309405850863,55.831585946297096,32.00486558481548,-1
3700,69.08893907217937,65.34342648054914,2.2270807039347496,28.972294096925864,47.14501710253504,55.55783105778263,Temple Ruins,Mechanical,Secret Code,Cursed Treasure,1,0,51.80544625333675,55.61597653773928,34.99921408918426,-1
3701,69.19186127556262,66.22096285659602,1.4606177462692946,25.89172355435467,48.38303162474194,52.49272339457244,Abandoned Theater,Math,Ancient Map,Ancient Prophecy,1,1,52.123861846528925,55.99906174063414,33.689528338641125,-1
3702,67.83705692222011,64.80249460931016,1.6307492740930236,24.298567859473494,48.53539133915456,55.276670932649765,Abandoned Theater,Maze,Ancient Map,Ancient Prophecy,1,0,44.75684299084398,56.39867874886863,30.57001335119346,-1
3703,68.86628026387898,65.49417710141859,2.1411127513347714,29.472975933845746,48.11930381535335,46.806641517656246,The Old Library,Maze,Ancient Map,Cursed Treasure,1,0,49.03040406458422,53.02462999477967,31.496825984081845,-1
3704,67.89107268871177,65.41171120537133,1.8672915118802524,27.84504884485988,48.30222968245352,55.77856489211012,Abandoned Theater,Mechanical,Ancient Map,Ancient Prophecy,1,1,48.623888669531645,56.05582353457056,35.99441545828421,-1
3705,70.19930778001584,64.68140536678177,1.4531772822070923,24.30849838153652,48.529176075167605,49.77480476972556,The Old Library,Symbol,Teleport Rune,Lost Civilization,1,1,47.45545031786338,55.4787916159742,32.31946146511474,-1
3706,67.67707432837648,65.36011646258584,1.3730376299100362,34.16750040345789,49.06632622004749,50.3176506923042,Temple Ruins,Mechanical,Ancient Map,Cursed Treasure,1,0,50.326051572075286,53.64946833047943,30.050295123432026,-1
3707,68.16958357343579,66.2854309860027,1.4975405101065704,38.87443695500717,50.10340272761193,51.23845627627186,Abandoned Theater,Pattern,Teleport Rune,Ancient Prophecy,0,1,49.46181142781634,55.21068279251936,32.34178666364925,-1
3708,67.606910428272,65.46554156750189,1.4308531810444864,34.8262579125191,44.9563905766408,55.70963805207859,Temple Ruins,Math,Teleport Rune,Cursed Treasure,0,0,52.85638215131701,56.20341616395842,26.111655662992963,-1
3709,67.48112276977731,65.50193695784718,1.719986251886419,26.411736204158775,50.030336979930254,50.77675037713836,Abandoned Theater,Math,Ancient Map,Forbidden Magic,1,1,47.37718534164515,53.58023997017892,34.113951137365284,-1
3710,70.43775406270566,64.5663342875769,1.6687079294767713,29.760903038766383,45.79856872475257,51.36027805190911,The Old Library,Logic,Teleport Rune,Cursed Treasure,1,0,51.59283614502566,59.2836898860956,25.9740552946203,-1
3711,69.39706185987119,67.23682298404124,1.7253364076003497,37.71358719955363,48.83300696943569,50.59578070493555,Abandoned Theater,Maze,Secret Code,Ancient Prophecy,1,1,53.05493051510319,57.9439006844995,33.45913339479898,-1
3712,69.0023600882392,64.61590121459528,1.3857006930406297,24.142350987814503,51.90841957995376,53.638487002148594,Temple Ruins,Maze,Teleport Rune,Cursed Treasure,0,1,49.75896015153593,55.49814114491134,30.05359082595848,-1
3713,68.21330016139783,63.592759527392495,1.6130659675585917,33.92324737783641,48.31631053294746,54.85902083721917,Abandoned Theater,Mechanical,Teleport Rune,Cursed Treasure,0,0,46.18317515984586,53.67388910702108,27.302661936643982,2
3714,69.785330306499,66.11700447532579,1.0139701744261542,22.76929402943365,48.65532586522418,57.26081128940157,The Old Library,Sequence,Teleport Rune,Ancient Prophecy,1,1,49.60251383484543,57.58937130305679,24.38079408814409,-1
3715,68.06136825786382,65.1382726600059,1.6705385359144995,38.42935231697598,47.92511502680826,58.99954374946693,Temple Ruins,Maze,Teleport Rune,Forbidden Magic,0,0,51.81544320945246,54.359114804173096,29.69240649799956,-1
3716,69.68713294667761,64.94630921389462,1.9760181428118688,27.857061450515,49.3966367104586,54.62545188296993,The Old Library,Symbol,Secret Code,Ancient Prophecy,0,0,50.98312605759045,54.60111127579583,34.02461857802669,-1
3717,68.02891600615733,64.70005059354861,1.1923044673069123,41.153338376962026,48.94432565929044,53.91413546717342,Abandoned Theater,Logic,Secret Code,Cursed Treasure,0,0,50.80444470130632,57.98407709690955,26.46159697595539,2
3718,68.26488380826109,67.11356435464425,1.761092190297148,38.64794021406012,47.39224255084027,49.95665066972947,Abandoned Theater,Mechanical,Ancient Map,Cursed Treasure,0,0,53.3806604898543,55.51482556868816,28.269344857724096,-1
3719,69.67566864194377,65.59267739589835,1.429088295200534,29.47498592667468,48.240115267230166,57.77325788432744,The Old Library,Pattern,Secret Code,Ancient Prophecy,1,1,53.244920682617085,55.83505992758567,28.847969851379894,-1
3720,69.78923878504163,65.78406776987643,1.8494654338987917,26.409644650745555,46.73935226747567,53.538507773334864,Temple Ruins,Math,Teleport Rune,Forbidden Magic,0,0,50.17596918584698,53.87629374051458,32.382643898304146,-1
3721,69.53093991996863,65.39315366012748,1.6526256268190445,30.980097706191263,48.24398770178281,52.27733789523091,The Old Library,Sequence,Secret Code,Lost Civilization,1,1,49.57811161057465,55.942086057421214,32.597555329860654,-1
3722,67.89187869608227,65.49680120911242,1.7227529550384972,29.10499013337889,47.798764896728834,53.96882942263388,Temple Ruins,Maze,Teleport Rune,Lost Civilization,0,1,48.1195614717964,56.568742694604566,31.070134799922503,-1
3723,68.50294197262093,66.62158184961699,1.6170934566301167,27.99753055868254,48.63808837598178,51.4091231815128,Temple Ruins,Mechanical,Ancient Map,Lost Civilization,1,1,50.6535069529678,59.72851598831189,32.75415728149317,-1
3724,69.11471372664245,64.96830031897686,1.99244484084556,21.714395304504524,47.373890196841,47.15582108927161,Temple Ruins,Sequence,Ancient Map,Lost Civilization,0,1,49.122435451722986,53.07789048270679,33.031945932624886,-1
3725,68.11671021079012,63.75840728710384,1.6944621108306246,27.431805651333256,48.12262781770971,54.429507302334,The Old Library,Cipher,Ancient Map,Lost Civilization,0,1,49.81265178732755,51.3596622559242,30.005187760643643,-1
3726,70.34516007950587,66.07958146408983,1.3749003893835998,24.45180574507288,48.46297893550889,56.35618462983476,Temple Ruins,Mechanical,Ancient Map,Lost Civilization,1,1,49.46758771123688,55.4147216044006,31.550115246466586,-1
3727,66.5804864004906,65.70440253773184,1.6124256339105414,32.76208346285393,48.57302074184479,54.39230658800237,The Old Library,Symbol,Teleport Rune,Lost Civilization,1,1,50.182836829852725,54.473457943409066,28.167857933847493,-1
3728,68.21195965119786,65.31184700599218,1.468425709899163,34.958860883777426,48.87242408505941,52.982302174995866,The Old Library,Maze,Ancient Map,Forbidden Magic,0,1,51.28501588944452,55.461883644098215,31.28288767854659,-1
3729,68.48942820126322,65.67077886789117,1.624084400909494,33.70659948419792,48.20538111611141,53.0331793809784,The Old Library,Mechanical,Secret Code,Lost Civilization,0,1,50.44387468748445,56.65459808247568,28.26699938294217,-1
3730,66.16337621045294,64.82543201856019,1.445703634899039,31.7147458707474,47.29225590506616,53.43069936929072,Abandoned Theater,Sequence,Ancient Map,Forbidden Magic,1,1,50.72740330780314,59.36629974565244,29.71454357090724,-1
3731,67.6194454673986,65.21301162717823,1.3648573732362068,25.738041839663826,48.60109964915028,53.35413555272146,Abandoned Theater,Cipher,Teleport Rune,Forbidden Magic,0,0,48.91331351462052,54.46635735434593,32.197114718579584,-1
3732,69.64934830140642,65.05675380260398,1.623944441027676,31.02930358632821,48.21542580558645,52.84824670629861,Abandoned Theater,Symbol,Ancient Map,Cursed Treasure,1,1,53.67948338058685,50.7620054478342,31.029887026734237,-1
3733,69.06275600267635,64.5930930319426,1.5771581996992974,33.96586378512109,50.02643315727752,53.06335719867213,Temple Ruins,Math,Secret Code,Cursed Treasure,0,1,53.8611434975102,54.74449845479992,31.29669407795127,-1
3734,70.61405126837465,66.36987353884491,1.8758631619511104,27.070614334524716,50.22135833062377,56.88753185110116,Abandoned Theater,Maze,Ancient Map,Cursed Treasure,1,1,51.04457612607029,57.20423847276278,33.06619401211134,-1
3735,70.5946137920048,63.7645538430199,1.4284415184315284,30.596494249554603,46.44293593435581,54.18068303586633,Abandoned Theater,Logic,Secret Code,Forbidden Magic,1,1,52.72647781646188,51.98451339686426,30.26185302507281,-1
3736,69.49093496043393,67.53379861874207,0.9549209912502942,29.274039929081702,49.432627929045694,53.26286746006141,Abandoned Theater,Math,Ancient Map,Lost Civilization,1,0,48.5623984255131,57.62754952475782,32.80400196684116,-1
3737,69.37965711851679,66.04637490827034,1.4362619722346288,38.31298275346955,49.73938076459781,54.64806724073979,Temple Ruins,Logic,Teleport Rune,Forbidden Magic,0,1,52.96651014122844,56.45530165939861,31.91961961209137,-1
3738,69.14090923352455,63.38712570601675,1.0537374668334234,34.258707409173184,46.49991477976904,54.64824746695811,The Old Library,Cipher,Ancient Map,Forbidden Magic,1,0,52.447483423035294,54.19067443816336,26.459879599153677,-1
3739,66.42848424572057,64.9370157563085,1.6626093995919409,33.0465979167622,49.3937968224602,55.36499490692465,Abandoned Theater,Mechanical,Ancient Map,Ancient Prophecy,0,0,46.60559781191291,56.917314302167696,30.93003010355163,-1
3740,67.69762368734935,64.98870933233323,1.0319773856272465,21.41718011136264,49.87447439650035,51.10772147041785,The Old Library,Logic,Teleport Rune,Ancient Prophecy,1,0,47.902572366456674,55.301608843259984,27.26289350714075,-1
3741,69.20150435418246,65.54520737093256,1.2338724600080986,30.86470013643588,47.11205492878428,51.79868023463053,The Old Library,Cipher,Ancient Map,Forbidden Magic,1,1,48.86185870427436,56.39913145842196,26.01304100940284,-1
3742,69.72552883820026,64.16000031030717,1.4179187277094931,29.225326877835577,48.18802364087059,50.96610636451437,The Old Library,Logic,Ancient Map,Cursed Treasure,0,0,48.90374758521383,50.9516826509285,24.90073440644787,-1
3743,69.40787576226634,65.17745412278809,1.986038019065035,29.1820047881106,48.8280553770902,54.91680730873423,The Old Library,Math,Teleport Rune,Forbidden Magic,1,1,49.340355779462406,53.46507037778437,31.434975581695635,-1
3744,68.23447225945839,65.02035195302763,1.1972182755641223,22.1831350945582,49.4103300522873,54.794677436017565,Abandoned Theater,Maze,Secret Code,Forbidden Magic,1,0,47.53461055156117,54.71324371572467,26.68516290066701,-1
3745,70.07310315684234,64.39988794773264,1.51903819234763,24.56128726302872,47.07807930878569,49.81689281869407,Temple Ruins,Cipher,Teleport Rune,Lost Civilization,1,0,46.756190958951095,52.48527914513743,29.809299079953096,-1
3746,70.62692883398182,64.25678143951114,1.685540186446761,29.659986650295444,50.30237178906744,53.977094532050806,Abandoned Theater,Symbol,Teleport Rune,Cursed Treasure,1,1,52.98744024470538,55.05341336969448,30.87439713754636,-1
3747,70.09129053325167,66.04835809400358,1.9529952385098623,35.571812495231015,45.528990602189616,56.430584669669685,Temple Ruins,Cipher,Secret Code,Cursed Treasure,1,1,53.08115454724467,54.652162191085615,28.405432748487485,-1
3748,70.15174450010763,63.42898311336905,1.7373449149069151,27.047386068746448,50.56480979362942,52.411668403188784,Abandoned Theater,Math,Secret Code,Cursed Treasure,1,1,54.05522058180953,53.60298215892626,28.024773763422097,-1
3749,68.61179163260974,65.59944923958564,1.828407763849624,28.000306395336604,49.41079884330588,53.78493318481576,Abandoned Theater,Maze,Ancient Map,Ancient Prophecy,1,0,50.167327809206654,57.569383830157065,31.320352902294182,-1
3750,70.25585174819507,65.915077718616,1.7557569715800423,38.90546691946692,47.65897392459863,54.82621425706106,The Old Library,Maze,Teleport Rune,Lost Civilization,0,0,54.9667614805631,55.839992770580174,27.347746771487785,2
3751,69.33460430674752,64.8949986540477,1.129957339139244,28.515917708627267,49.894500762732754,49.6986044015032,Temple Ruins,Symbol,Teleport Rune,Ancient Prophecy,1,1,48.44780936113143,53.23797940506481,30.879403434493582,-1
3752,69.7093569967035,65.16191189941566,1.5968316540175906,29.356120545845872,47.03248137712358,53.37997039747776,Abandoned Theater,Sequence,Secret Code,Cursed Treasure,1,0,48.2688297795493,53.813189835657866,30.413362443488808,2
3753,69.57221678216949,66.26900862763199,1.7397527305078548,29.42389856465831,48.78289898277029,56.18029047435368,Temple Ruins,Symbol,Teleport Rune,Ancient Prophecy,1,0,51.80881188353352,57.65132666977495,30.89686359231146,2
3754,69.09430888676178,64.39662920070366,1.1944356244596213,23.27266685176781,48.97459406312298,51.51697795808963,Temple Ruins,Pattern,Ancient Map,Forbidden Magic,1,0,46.25180545657391,55.27197796555511,32.16653404871063,-1
3755,68.36483206265143,64.49578789561718,1.3036900735767736,32.85926910869862,48.977407594416505,55.08116535564707,Abandoned Theater,Logic,Secret Code,Cursed Treasure,1,1,52.16037894130507,57.33441337518426,29.723117115999724,-1
3756,69.15176382325396,64.59790880043398,1.2328939463088944,26.73599960535764,47.3700243054514,53.0679040178478,Temple Ruins,Sequence,Teleport Rune,Lost Civilization,1,1,52.92490711998266,56.385673509604985,29.38875225495778,-1
3757,70.22975536726587,66.25466279612137,1.7018736161332884,29.850144618399856,47.89190667303858,51.31373839466581,Abandoned Theater,Logic,Secret Code,Cursed Treasure,1,0,52.98443397836694,55.17851143409596,32.12837670543253,2
3758,68.81063843159416,66.37756823190124,1.4455391711202106,32.222495829484025,48.83258791976802,52.758728622963964,Abandoned Theater,Symbol,Secret Code,Ancient Prophecy,1,1,52.09402504027245,59.10183224410079,29.16468594096192,-1
3759,70.15460912072767,63.68531412586729,1.3663084412153026,39.71356805463515,47.5588294687764,51.68468018978442,The Old Library,Cipher,Ancient Map,Lost Civilization,1,1,54.54583010844599,57.1271164302609,28.22206694575142,-1
3760,70.00750719370963,66.0833675846215,1.074302066169277,23.412094786821207,49.06262488573607,50.77921489559284,The Old Library,Cipher,Teleport Rune,Lost Civilization,1,0,48.26021283384871,52.50004317174658,28.91141454782432,-1
3761,68.980700744209,65.89195023679554,1.4348279400193846,34.32603663274835,47.74078337567333,52.36413806886723,Temple Ruins,Maze,Ancient Map,Cursed Treasure,1,0,51.45710915832361,55.73608348107541,26.91665334866857,-1
3762,70.67766672528802,66.62254446471711,1.2810154411347263,34.344938483636945,50.16852489710132,53.17106578096531,The Old Library,Maze,Secret Code,Ancient Prophecy,0,1,51.57922423280771,55.56980712377018,33.77895190475688,-1
3763,68.9425752020932,65.44995805544069,1.5205423192341538,26.810460631395237,51.01913058327622,52.58486404362783,Temple Ruins,Cipher,Ancient Map,Ancient Prophecy,1,1,46.77787487540687,55.49784515622864,31.91329085919189,-1
3764,70.81695066729651,65.01648293188424,1.1009017758324284,32.99928182491522,48.23551083701354,52.3365660471779,Abandoned Theater,Sequence,Teleport Rune,Ancient Prophecy,1,0,52.46080963301567,53.52633860957858,28.119479500306,2
3765,69.75083930575461,66.20184544198409,1.493418496000057,38.21918722695735,50.068724696366296,53.564989707414,The Old Library,Symbol,Secret Code,Ancient Prophecy,1,1,55.53203787465057,54.47219498410917,35.17909027692852,-1
3766,69.3101814215024,65.75141093919054,1.3046194796943906,26.177410106371777,48.376534584483096,54.328514937452624,Abandoned Theater,Cipher,Ancient Map,Cursed Treasure,1,1,46.8617348566708,57.50364105339449,27.2037600820226,-1
3767,68.44760737939416,67.29327665779222,1.0577773486218267,31.209890615729112,47.297024700899726,50.13976191790065,The Old Library,Logic,Secret Code,Lost Civilization,0,0,53.22852447796189,54.22857548150096,30.95192319241505,-1
3768,69.25653626096658,66.00294990291597,1.0306467659024905,32.026839722619634,48.06980011228252,52.36901032654848,The Old Library,Math,Ancient Map,Forbidden Magic,1,1,53.59634213908899,56.00273408797772,29.784074719313207,-1
3769,69.1504509278715,65.1936465817481,1.071995459612503,32.674034245343655,48.84346155951944,48.06614772501538,The Old Library,Logic,Teleport Rune,Ancient Prophecy,1,0,52.08647847834978,52.70597073971724,30.943771594935328,2
3770,68.10535413231544,63.86184352010672,1.3594557175446935,33.84992163611386,46.04142554492348,52.594541602414495,Abandoned Theater,Symbol,Teleport Rune,Cursed Treasure,1,1,51.82827966677222,56.45038719692961,28.10743589343967,-1
3771,69.15550120376886,64.45087278099122,1.4539523957796807,30.83532562954514,49.667127014081856,53.376322615179056,Temple Ruins,Maze,Teleport Rune,Ancient Prophecy,1,1,50.37140561210443,55.109104058943785,30.7611037330483,2
3772,68.57880549455601,63.59166981518431,1.4948838694914923,32.57133686903229,48.86447758162094,54.4244500304136,The Old Library,Cipher,Ancient Map,Lost Civilization,1,0,51.00271756411386,55.77764875631272,29.725187632624287,-1
3773,69.97811833731528,64.80839038430945,1.502490564429836,25.4471579283792,50.24309115498264,53.38526201624076,Abandoned Theater,Mechanical,Teleport Rune,Ancient Prophecy,1,0,48.6938474336404,55.8047030624132,33.12419225147184,-1
3774,70.70795068928017,65.94534044772422,1.1789607263086626,30.82492968101372,49.66133480209096,54.37043911013562,Temple Ruins,Symbol,Teleport Rune,Forbidden Magic,1,1,51.73552547303056,55.587516959342125,30.329981685567454,-1
3775,68.18432383976524,65.01141502195269,1.7203369095227343,27.623607709734152,48.93592840928896,53.16306245417319,Temple Ruins,Cipher,Teleport Rune,Forbidden Magic,1,1,49.4773289390544,55.43191799905475,30.232341521453005,-1
3776,71.13314210973655,66.03261747183905,1.2664522393241973,23.85658712855489,48.22915506897546,51.311204054543815,The Old Library,Logic,Secret Code,Lost Civilization,1,1,53.59934940511121,58.88333008312197,28.15526981119357,2
3777,69.3019036803495,65.34426488077631,1.5304744229433989,27.46044231353745,51.05412553578511,50.21016207902575,Abandoned Theater,Sequence,Teleport Rune,Forbidden Magic,0,1,50.950506991028334,54.15695720190281,31.61933451294901,-1
3778,68.46507903622063,64.59939066838825,1.342498410341877,31.35389621763213,52.03159127345388,52.34249323177868,Abandoned Theater,Pattern,Secret Code,Lost Civilization,1,0,50.06641015003385,50.52719383765917,30.721222392141016,-1
3779,70.20752618560452,65.08589280562323,1.5007531125922189,32.186065623226256,48.27503109982048,51.08430949148261,Temple Ruins,Logic,Teleport Rune,Cursed Treasure,1,1,51.58252202478988,53.64140175487727,33.02407371279662,-1
3780,69.01301309369472,65.46614193031014,1.3200963923666964,23.665264409573822,50.35419192146033,52.70070221342257,Abandoned Theater,Symbol,Teleport Rune,Cursed Treasure,0,0,47.08087064245515,53.47896280816638,32.073911564066414,-1
3781,69.38745214904283,65.12903913802116,1.4988199195977132,25.31967299069505,47.73764712982999,51.77030749128143,Temple Ruins,Pattern,Teleport Rune,Forbidden Magic,0,1,48.13151493839688,57.07388575157866,31.476327102711767,-1
3782,69.07465682456508,65.13626339524787,1.37485422383748,33.63185031945205,47.92328586312715,54.04770253141012,Temple Ruins,Pattern,Teleport Rune,Ancient Prophecy,0,1,53.35574057406049,54.828582957649566,29.9288942238596,-1
3783,68.67196827495377,64.21228542724386,1.6175714760229831,32.54983751645714,48.23251367349304,53.122387561143086,Temple Ruins,Symbol,Ancient Map,Cursed Treasure,1,1,49.98019801824812,56.25000470186817,28.933531117719745,-1
3784,70.22249917511535,64.54410859470458,1.124169411431816,34.4451542808924,49.84599443416581,54.11873584064312,The Old Library,Symbol,Secret Code,Lost Civilization,1,0,51.2319738959077,55.21385806739904,30.8118899701504,-1
3785,69.222021376837,67.23128795300974,0.8351705500183394,36.84935280785784,47.21371262099181,54.1059618081864,Abandoned Theater,Symbol,Ancient Map,Cursed Treasure,1,1,51.40299347639935,56.52199617495632,22.751173339980987,-1
3786,68.08151622871843,66.1970289311144,1.070501365029024,32.70021170438972,51.15816378283026,52.55081739070893,The Old Library,Symbol,Secret Code,Forbidden Magic,0,1,49.20061514419466,56.89744291499951,30.209197752019293,-1
3787,70.07909789321171,63.49044982980476,1.6795625756152288,27.93732928728213,50.24718329019737,52.7041591376967,Temple Ruins,Sequence,Secret Code,Forbidden Magic,1,1,52.6830276727987,57.452800110502174,30.217604082054795,-1
3788,68.33234957554257,62.59304307230482,1.3089058913555214,30.586221761549755,49.83982761755947,54.254011220803406,Abandoned Theater,Symbol,Ancient Map,Lost Civilization,1,0,50.46068242551443,54.15615082297983,28.37730365332873,-1
3789,68.39459022323386,65.03191878693974,1.379286943883429,38.31208280412559,48.41403502019448,59.114847326685314,Abandoned Theater,Mechanical,Teleport Rune,Forbidden Magic,0,0,51.96574972617497,57.42348985445691,28.79749697409272,-1
3790,70.75039928406126,65.84490664331477,1.031980425580696,43.83548089612492,50.106212778877946,50.52717213266104,Temple Ruins,Sequence,Teleport Rune,Ancient Prophecy,0,1,55.65944711898764,58.20300494293028,29.01315438042524,-1
3791,68.37141997870121,64.42719235784186,1.3641493231704769,32.32937212197094,44.49318350232346,53.10437871997365,Abandoned Theater,Sequence,Secret Code,Lost Civilization,1,1,51.15624464326136,53.67108818812235,27.65635779957799,-1
3792,67.2613058370466,65.96448644809898,1.0340600535765896,32.6923311506948,49.537848124745615,50.010729131939904,Temple Ruins,Logic,Ancient Map,Ancient Prophecy,1,0,48.669895805283296,55.934841105014286,30.48564058224141,-1
3793,70.21062691357878,64.9981689031156,1.074599154381307,33.64378823126363,49.12396921060247,52.94771912610522,Temple Ruins,Math,Secret Code,Cursed Treasure,1,0,49.44032140279793,54.56790674263485,28.512611662696283,-1
3794,69.29394055346906,64.77113278549287,1.2130273741432591,30.13491234018706,46.06177439416394,51.31484774086407,Temple Ruins,Mechanical,Ancient Map,Forbidden Magic,1,0,53.293843470414735,57.11850228023469,27.67952962298749,-1
3795,69.39021113670863,65.68598209276804,1.4637500529735117,35.83593511168384,49.50781031074257,52.7002339723696,Temple Ruins,Cipher,Teleport Rune,Forbidden Magic,0,1,54.36095470204324,53.99962549405014,27.81767977479221,-1
3796,69.30345176059653,64.39365711470761,1.492233202986076,35.057625325448626,49.79212283995782,53.388275834869646,Abandoned Theater,Maze,Teleport Rune,Cursed Treasure,1,0,52.85496384171977,53.58800109206494,28.33421798953061,-1
3797,69.85973151067533,64.63448573187392,1.4968603093447574,31.7900301311168,46.13256172589986,51.776522218940094,The Old Library,Cipher,Secret Code,Forbidden Magic,1,1,53.29123581906445,53.91816428714196,29.62786018775385,-1
3798,68.88547516924753,65.58701163235743,0.8431995755127255,28.428813169524247,47.140400343440746,48.54060330953154,Abandoned Theater,Logic,Secret Code,Lost Civilization,0,1,53.68865714926764,53.04268355103565,28.20433523656952,-1
3799,71.1244654469374,64.88109393564733,1.3141136891869434,22.416211336229185,52.024558716068505,56.563839192882014,The Old Library,Mechanical,Ancient Map,Ancient Prophecy,1,0,48.32873526271885,54.63908793074875,30.747790364388223,-1
3800,68.18229947472301,66.81690484999396,1.2535771775218243,33.68255735289836,48.65588293555791,55.09819244949827,Abandoned Theater,Symbol,Secret Code,Forbidden Magic,1,1,48.77407877576518,58.77514236660206,31.208166110165,-1
3801,70.11360737529334,65.5975859102953,0.8494663490438886,31.08559329956137,50.4063112144643,52.67360192772284,Temple Ruins,Cipher,Ancient Map,Cursed Treasure,1,0,52.71687565759971,57.30238367644644,25.785237161588785,-1
3802,70.32107898625472,65.52819947904307,1.3104364068539314,26.33329094437256,50.640554341882456,50.76316750447359,Abandoned Theater,Logic,Secret Code,Lost Civilization,0,1,47.15898273518746,55.15637011400269,31.3591002439511,-1
3803,68.92955466451252,64.8454994059161,1.227044369133176,24.37337191118261,49.548756321642685,53.21256147570757,Abandoned Theater,Maze,Ancient Map,Cursed Treasure,1,1,48.74568967980865,56.90725867230819,27.97900042557515,-1
3804,68.67574324104308,65.76537039353731,1.4521727453764524,33.33099688455227,50.49123294245751,53.90247206260352,Abandoned Theater,Math,Secret Code,Forbidden Magic,0,1,50.607882177270014,60.29782200132345,29.192807115684687,-1
3805,70.72694587804939,64.5636128880481,1.3196431244918565,22.018526192641247,45.80357821773326,54.92502953939902,Temple Ruins,Sequence,Ancient Map,Forbidden Magic,1,0,50.38950095343954,54.98146845090426,26.650529758664437,-1
3806,68.729227502356,65.16419665087048,1.1270384449165527,31.52380466126226,48.63467635512248,55.15555541100196,The Old Library,Pattern,Ancient Map,Ancient Prophecy,0,1,49.73012830427781,58.18259184550036,28.663960819469345,-1
3807,69.12376342117918,63.96111740193432,1.5661407813615502,34.24425745202437,44.36715183159079,55.62669076327961,Abandoned Theater,Logic,Ancient Map,Ancient Prophecy,1,1,54.14707484372178,55.34939018126625,29.32593290028917,-1
3808,70.62809784091628,65.91243671655539,0.6186314727212795,32.77689227778671,46.37650846056089,48.64785077626255,Temple Ruins,Logic,Teleport Rune,Forbidden Magic,1,1,50.71615937682332,54.82513345672965,26.38873853919626,-1
3809,69.78591393717699,65.1591782387856,1.2623236896413514,28.074667169364705,48.18424568527407,52.23839196494714,The Old Library,Pattern,Secret Code,Lost Civilization,1,1,51.70554983585967,55.64286984363297,28.5604532333274,-1
3810,67.96443506730945,66.84665817995241,0.7492420755612424,23.782447568683004,48.01282853642811,55.48275205152907,Temple Ruins,Maze,Teleport Rune,Forbidden Magic,0,1,46.58056788966773,57.44779136720116,28.26791725530516,-1
3811,71.51906601415716,67.2520084479291,1.0011861151363348,32.96538589287437,49.08067753581635,50.69092074340509,The Old Library,Logic,Ancient Map,Ancient Prophecy,1,1,53.89796436680636,55.40260193336942,31.918566015153534,-1
3812,69.2524462458803,65.61858785273725,1.4289277549522104,36.03389060791449,48.995262236695424,56.048168942954185,Temple Ruins,Pattern,Teleport Rune,Lost Civilization,1,1,50.33234335651378,50.51356663356676,29.974519735254475,-1
3813,69.3901717470118,64.91924545438607,0.8858769448130303,27.16860957853234,49.23454639732615,57.52594403784569,Temple Ruins,Logic,Secret Code,Forbidden Magic,0,1,49.736458235423946,53.6222299717774,28.350372525437283,-1
3814,70.05920711529743,63.90030079356881,0.8376865759680856,32.56783430608133,49.30371067088712,55.9781357986479,Temple Ruins,Sequence,Ancient Map,Lost Civilization,1,0,54.45005774132451,50.274670792771445,26.77914168268872,-1
3815,70.43901517620125,65.74665370794774,1.9760645266194907,37.94190159730821,49.54876227847822,54.65397601775804,Temple Ruins,Symbol,Secret Code,Cursed Treasure,0,1,53.87598998519669,54.42950319797655,31.894722164182483,-1
3816,71.78557977305223,65.04772051991657,0.8503869924483831,31.729609929920397,47.61856156748878,51.88123443159288,Temple Ruins,Sequence,Ancient Map,Lost Civilization,1,1,54.95638520504276,51.64222758494445,29.70752328423582,-1
3817,68.17496591720713,65.37099631472891,1.750036409455481,28.052037910761168,47.97770874499268,53.70408700936968,Abandoned Theater,Sequence,Ancient Map,Lost Civilization,1,1,49.2680419636978,57.11545657745884,33.5063164471646,-1
3818,70.67156623841827,66.55826786671052,1.1999398615136248,35.24178626459691,49.0173668735718,49.63476337819844,Abandoned Theater,Math,Secret Code,Forbidden Magic,0,0,51.96537710180974,54.02906587994429,28.906307924698663,-1
3819,70.59922495997708,63.9995696943267,1.090886275053351,26.350809362610104,49.04847422231889,51.04722333852061,The Old Library,Mechanical,Teleport Rune,Ancient Prophecy,1,1,50.60874277389417,55.69760980839891,29.86828554354833,-1
3820,69.7296727603605,63.89519483425271,1.4151197432305642,23.548765565508063,47.46542008248455,51.22299129372132,Abandoned Theater,Symbol,Teleport Rune,Cursed Treasure,0,0,50.139226637635325,55.75292452682075,31.234103588882693,-1
3821,70.66475483534013,64.57857261609094,1.642825362175888,34.10245874037711,50.71849032893881,53.154931434914864,Temple Ruins,Math,Ancient Map,Ancient Prophecy,1,0,48.818510747980895,56.75171644443179,31.03751253567084,-1
3822,70.82241958633212,65.63169280392295,0.8948047533211496,28.01118434582264,50.19120989388687,52.01955683642928,Temple Ruins,Pattern,Ancient Map,Ancient Prophecy,1,0,51.94137714426342,52.24375457339429,26.063007457839028,-1
3823,68.51686806545635,65.3608455580983,1.0823430617170504,28.460549204728828,47.82230881073158,53.65399989155016,Abandoned Theater,Sequence,Ancient Map,Ancient Prophecy,1,0,47.76861525503647,57.56234244361952,29.619144551750036,-1
3824,71.65930338613592,63.90577004994811,1.4862868303763288,26.909625439581724,48.80722696927857,55.19456706219314,The Old Library,Math,Ancient Map,Lost Civilization,1,1,48.69159409763466,55.33616116092233,32.141536038404354,-1
3825,68.3615012992756,65.55348530222079,1.3154473452447817,27.681431711384143,52.141994650643056,51.22568114282185,The Old Library,Symbol,Secret Code,Forbidden Magic,1,1,50.39848362663747,57.92437012408803,32.83134430658519,-1
3826,68.79569447975965,63.591187034703545,1.556462953155364,37.061891625953805,49.37647679983414,53.37150273234263,The Old Library,Math,Ancient Map,Ancient Prophecy,1,1,55.07299003060087,58.04887882266667,30.16579256431977,-1
3827,69.67999072626138,63.95011925964301,1.377275333453316,38.360439841845086,49.73708297395802,51.96007752545516,Abandoned Theater,Mechanical,Secret Code,Forbidden Magic,1,0,53.74893875793599,56.30116435075517,33.42386456361028,-1
3828,71.87750687593656,64.6678583416494,1.7620788626711017,39.02407644176951,48.238110088250814,53.47540623414295,Temple Ruins,Sequence,Teleport Rune,Forbidden Magic,0,1,52.12291235438659,52.549817594905846,31.735900011716733,-1
3829,69.655117913311,64.22533279831943,1.2700741000510063,35.50103933661141,48.689821047612725,54.71543149552955,The Old Library,Maze,Secret Code,Ancient Prophecy,1,0,51.10226152839196,56.00226405004378,27.13002778751637,-1
3830,69.94226894405361,65.66406559519125,1.279942850169919,32.3830612188455,51.434470251842086,55.30308947710553,The Old Library,Math,Ancient Map,Ancient Prophecy,0,1,50.84374538236757,53.24450617944435,27.644831607739945,-1
3831,71.41712973284983,65.05602034477934,1.3068342035463076,22.89156136714284,49.34543108949262,54.6757602982326,The Old Library,Sequence,Teleport Rune,Forbidden Magic,0,0,50.10994013031022,55.28236922156866,29.3056639270219,-1
3832,69.69560117789963,66.53063250386087,1.1645058989746542,29.11666593468013,49.07712125326566,54.03496407232249,Temple Ruins,Maze,Teleport Rune,Cursed Treasure,0,0,50.408600790471226,55.38040940379541,29.64620728273657,-1
3833,68.82837058841493,64.51330915079949,1.4586301153058487,40.83937772816407,49.20301514583552,49.44946681745117,Temple Ruins,Math,Ancient Map,Forbidden Magic,1,1,54.53929527838518,55.02022051544978,29.86013566800972,-1
3834,69.6004801288347,64.63370929676817,1.2722845720140623,27.87882893855746,53.017683281638654,50.29683517613528,The Old Library,Sequence,Teleport Rune,Forbidden Magic,0,0,52.12388242015392,52.82804882048944,35.585104726554434,-1
3835,71.3994340347451,65.96170474655246,1.4346114412427482,37.62900646276481,49.26739142664368,50.93955430049877,Temple Ruins,Sequence,Ancient Map,Cursed Treasure,1,1,54.81785151605841,53.23791345517901,31.180108530782302,-1
3836,70.11045390109825,64.65580579838966,1.4785097961560996,30.33482614781791,47.970651530620266,53.89655051701881,The Old Library,Pattern,Teleport Rune,Ancient Prophecy,1,0,52.96288157016053,53.954489534958576,27.953067477359617,-1
3837,71.98121322434707,66.23613010392114,1.3207159845268608,16.670313792186857,48.24084181264456,49.77248771902365,Abandoned Theater,Pattern,Ancient Map,Forbidden Magic,0,0,47.65040145021488,55.568413220504425,24.86260132803227,2
3838,70.79947520265988,65.27834512833402,1.339731725247704,33.26484791143226,50.40311877558558,53.84380582041965,The Old Library,Logic,Secret Code,Forbidden Magic,1,0,59.05094841488072,54.92387518718816,31.03051438718326,-1
3839,69.4277357924955,62.38011633321638,0.8831728160586451,36.39510364625832,47.09739455318918,53.66117314283162,Abandoned Theater,Cipher,Secret Code,Lost Civilization,1,1,53.6815337570473,55.98646533992772,29.05929672021748,-1
3840,70.13464451856589,65.90585294222207,1.0182384443006225,29.82027609286001,49.92413689335447,48.16077723620079,Temple Ruins,Math,Ancient Map,Ancient Prophecy,1,1,52.39496680190481,56.9662086871416,32.76255664113938,2
3841,69.24139250503953,65.63638292240627,1.4334503352939616,36.2319524253498,48.17069685686391,50.28099294558112,The Old Library,Sequence,Ancient Map,Lost Civilization,1,0,55.92978285140432,56.371990336575934,29.41432627703893,-1
3842,69.43723881644337,65.67035616929999,1.6046336086017137,21.72901699158391,46.47644393207789,55.60968893714188,Temple Ruins,Logic,Ancient Map,Forbidden Magic,1,0,48.35740599305874,54.49991342220155,33.10075460996212,-1
3843,74.59583602763435,62.80340652770423,0.5925424814065484,23.141806096503533,47.802679292819406,54.743522870987285,The Old Library,Maze,Teleport Rune,Lost Civilization,0,1,50.40902682273109,50.73925674859584,23.553654293599266,2
3844,71.14647481235546,64.0467501936852,1.0014584036211005,31.09543749801727,49.32229175866047,50.874015007012666,Abandoned Theater,Cipher,Ancient Map,Lost Civilization,1,0,54.62938422865633,54.68894191762978,27.97916340184246,-1
3845,71.00006530364523,64.11638449226427,1.1760679933316125,32.458193825170575,51.38195947608353,50.41284753646387,Temple Ruins,Cipher,Ancient Map,Cursed Treasure,1,1,55.06778326294084,58.77240097210159,28.366456803053996,-1
3846,69.52692238847591,63.85931106781641,0.9023827661439116,36.85703444206745,50.66743360217621,46.87413328730355,Temple Ruins,Logic,Ancient Map,Lost Civilization,1,0,53.080276375821605,55.28376372367504,30.52744968316528,-1
3847,71.73084042608225,66.43769203207191,0.9166114912308524,33.270298027999715,48.865148840816936,56.67824421930329,The Old Library,Symbol,Ancient Map,Cursed Treasure,1,0,56.53884873973768,58.505799045084174,25.496865625628235,-1
3848,71.27184377434592,64.6793326989769,1.3030647730232618,24.10908152228413,50.77222291845348,53.10263592107761,Temple Ruins,Pattern,Secret Code,Lost Civilization,1,0,49.82925910280255,57.908759247073576,31.401869800489045,-1
3849,72.06523932108075,64.64986461921272,1.6322423327560074,31.144022031584395,48.78704398152901,57.709310138363,Abandoned Theater,Symbol,Ancient Map,Cursed Treasure,1,1,54.44691610037007,56.13139654765073,28.43883257892629,-1
3850,72.027939975215,65.23375290223655,0.5455426678862609,33.08401377453134,47.130730877852514,52.52082228256936,Abandoned Theater,Sequence,Teleport Rune,Forbidden Magic,1,0,56.173032910995744,55.53032115060415,29.263099216574066,-1
3851,68.7269621590644,65.24635931156662,1.1012267003578446,20.710804853757665,49.37042719558724,53.70647324722396,The Old Library,Sequence,Teleport Rune,Lost Civilization,1,1,47.64607678241157,53.571073995794734,28.341608324171418,-1
3852,69.10745529264146,61.33747202314684,1.2886532300665112,29.86542146745533,47.08820503378792,55.22824617857149,The Old Library,Math,Ancient Map,Cursed Treasure,1,1,51.3376958354939,51.93697713987082,29.454647135464924,-1
3853,69.22476790457854,64.02130834174015,1.381052827465983,28.407305732555816,50.54254140784075,57.09710671545228,Temple Ruins,Symbol,Ancient Map,Cursed Treasure,1,1,52.10908268462138,54.20163364841106,27.2179367683196,-1
3854,69.29589350702543,63.250172517940186,1.2400664252611702,26.813398384244472,50.57258447551134,54.25255414621106,Abandoned Theater,Pattern,Ancient Map,Lost Civilization,0,1,48.889185803064166,55.04962877255269,27.256953508625973,-1
3855,70.57458232574959,65.05855649417803,1.6701088034304417,32.582409974488094,48.05215714184249,53.00601804484573,Temple Ruins,Pattern,Teleport Rune,Lost Civilization,1,1,50.4911689567592,52.32328775936276,29.15972084361252,-1
3856,69.69563958979951,64.36464139717647,1.1477402122970652,24.34179370508772,49.59886817270007,53.06989415278841,Abandoned Theater,Maze,Teleport Rune,Lost Civilization,1,0,51.78588548576111,53.90044122125997,31.091431191076744,-1
3857,72.34637182062734,64.66419890846133,1.5300667960140744,32.176291176800326,49.592917615461936,50.38541099448266,Abandoned Theater,Logic,Secret Code,Lost Civilization,0,0,53.67424211474069,55.991554539248135,32.23490696417438,-1
3858,72.18980044559858,62.5655632662689,0.939980058976384,32.89105719580976,50.70517251689896,52.04529283283587,The Old Library,Symbol,Teleport Rune,Forbidden Magic,1,1,52.170018346106986,52.53269915056935,31.2832864165549,-1
3859,70.29002318672347,64.32949661722654,1.1487274684903586,35.5141416854334,47.53802040944743,53.12804871153772,Temple Ruins,Math,Ancient Map,Lost Civilization,0,0,53.01648996102558,52.70703220638065,25.344458432316305,-1
3860,72.263192035655,65.74973909289491,0.7649812549362027,24.47996805318568,50.31326092556825,56.4547346877544,Abandoned Theater,Sequence,Ancient Map,Cursed Treasure,1,0,51.71897022928178,54.50463943917904,29.230294229071585,2
3861,71.80739819448279,66.03931251254669,1.3965394160175155,22.572648154305192,47.44729395441141,51.924892016296646,The Old Library,Pattern,Ancient Map,Ancient Prophecy,1,1,46.717634686523326,55.17215879146693,28.190009705740746,-1
3862,69.87997135228996,65.34397484347558,1.0876527873375668,31.495107804838685,50.59666030611736,55.65663661368446,Abandoned Theater,Symbol,Secret Code,Forbidden Magic,1,1,52.80850094799376,51.09873127612492,28.0327326294443,-1
3863,68.33289339544221,63.28488874797622,1.2286589251394848,28.671019761209998,51.03336368513824,52.79540497184035,The Old Library,Mechanical,Teleport Rune,Lost Civilization,1,0,50.41793437331214,53.0137768352886,29.356862214882632,2
3864,70.13558755340947,65.87499270181672,1.024850515887378,44.617429042939165,48.44338172769549,56.1088963989561,The Old Library,Cipher,Secret Code,Lost Civilization,1,0,58.77677940714658,57.70667766016463,28.088157339263127,-1
3865,69.72039726406022,65.33482426806786,1.2923598327300228,32.398487546277735,51.28492404090496,54.69180623493238,The Old Library,Logic,Ancient Map,Lost Civilization,1,1,51.11380198800223,56.639118956641575,32.13399018330804,-1
3866,70.58300462172288,64.48885836704214,1.2332534676197502,30.398636789975555,47.10365374364969,54.52298840712838,Temple Ruins,Mechanical,Secret Code,Cursed Treasure,1,0,54.2236286770429,55.40300876211948,30.7304513440816,-1
3867,70.47722291620423,62.5762307654043,0.8132417929340665,29.24553714836708,51.122561163250495,55.44706664998882,The Old Library,Sequence,Secret Code,Cursed Treasure,1,0,50.97070381156903,50.37249143660537,29.856392010043624,-1
3868,70.46252383878128,65.5500760171457,0.828243027556402,24.021232020828563,51.639363355930136,55.082899778214895,The Old Library,Logic,Secret Code,Lost Civilization,1,0,49.76223208683611,55.38452792707626,30.399195260632407,-1
3869,70.93471827594271,63.9995230478442,1.0986008970336674,32.93282895711209,50.00890482478555,55.65953348925956,Abandoned Theater,Cipher,Ancient Map,Cursed Treasure,0,1,53.00258215041525,54.56968899332552,33.04495509648666,-1
3870,69.21005463246306,64.93305785203567,1.3024843187531483,29.7195916253649,49.205406263938514,58.32940989810141,The Old Library,Symbol,Ancient Map,Lost Civilization,0,0,54.62841691794355,56.22294496883856,31.206786590194973,-1
3871,70.84549547841912,64.65048290363356,1.6611839013705336,29.72565952102311,49.97584726984968,57.04223677837232,Abandoned Theater,Symbol,Ancient Map,Lost Civilization,1,0,48.94601394810322,57.4722185223044,31.20498957742211,-1
3872,70.00609313131862,66.1156754153877,1.1909382154922348,30.59137136116706,48.6101121281662,54.16606058541241,Abandoned Theater,Pattern,Teleport Rune,Lost Civilization,1,1,52.17121764480302,57.91244704800505,30.231018395688185,-1
3873,70.65728091558037,64.44709922593475,1.4000488508003686,31.22715978977141,53.46123121378431,51.89563285324087,Temple Ruins,Symbol,Teleport Rune,Ancient Prophecy,0,0,51.8469793607941,54.63446576696533,35.746102818550526,-1
3874,71.42631322578457,64.55253281297323,0.6117054977513816,21.426776925048014,48.65304498006721,53.91604447422706,The Old Library,Pattern,Secret Code,Cursed Treasure,0,1,49.2267506906352,53.79241755597861,25.03262315043266,-1
3875,69.25612339103104,66.14143641194242,1.6972418844624129,34.31014380578625,51.517503432293,48.184510685853695,The Old Library,Symbol,Teleport Rune,Cursed Treasure,1,1,53.01273869489508,59.42653815294096,31.68584533730948,-1
3876,70.21086429940621,63.89976784054935,1.2728784731981864,25.89479612087529,48.43812918950286,55.07246653125256,Abandoned Theater,Sequence,Teleport Rune,Lost Civilization,1,0,52.10695955851082,53.69732216171123,32.21083398624275,-1
3877,70.38527339510661,65.36747646014736,1.0741319896499963,29.438861827219608,51.95376008263228,50.34991701356597,Temple Ruins,Cipher,Ancient Map,Lost Civilization,1,1,52.126086758393626,53.9827961364555,29.69246216505512,-1
3878,70.00120310882534,64.34969588909833,1.0374686376222535,36.5605678329141,52.58562642764639,55.80620318993626,The Old Library,Sequence,Ancient Map,Ancient Prophecy,1,1,55.4393016171615,55.147648691892016,31.97126711466112,-1
3879,71.42698068680929,63.54092214921873,0.7526051185710005,39.03032219818809,50.15471404090663,57.9507225842268,Temple Ruins,Mechanical,Ancient Map,Forbidden Magic,0,1,54.06336268628358,57.20830789120608,30.66595200873329,-1
3880,69.81845648585026,64.53977211043313,0.8362902426355956,21.63265863996363,50.01431620798539,49.37266414328773,Abandoned Theater,Sequence,Ancient Map,Cursed Treasure,1,1,48.283767046117184,53.37096136522006,25.840678116589658,-1
3881,69.99515252740751,65.22545778030212,1.653741930572024,30.288422153493748,48.15807229361491,52.87423900948103,The Old Library,Symbol,Teleport Rune,Ancient Prophecy,1,1,49.081875857675065,54.43167518538708,29.877158647514737,-1
3882,69.85235618870973,65.88259859741683,0.7818687226374375,31.503846705476445,47.98805782034781,50.33896786833142,Temple Ruins,Logic,Secret Code,Cursed Treasure,0,1,55.32837910505185,53.98840878397618,29.53088236880236,-1
3883,71.66606732477224,65.99871339858684,0.774072509662229,22.603728992425022,50.0570572578073,48.679225090158766,The Old Library,Mechanical,Ancient Map,Ancient Prophecy,1,1,49.40733415443773,58.123299488023584,27.871965469536985,-1
3884,70.09331847355918,64.22438057718088,0.8638935585394312,34.15644986510408,51.806107725688896,52.73419587199031,The Old Library,Cipher,Teleport Rune,Cursed Treasure,1,1,51.70849629059634,55.89399607606373,25.32144311311495,-1
3885,71.05757261442682,63.5270152572328,0.713136543618357,30.72693592227028,48.805156313455306,54.587917592746365,Temple Ruins,Maze,Secret Code,Ancient Prophecy,0,1,53.06594979259091,56.08170243147499,26.235184785116846,-1
3886,72.58501081110882,64.19064004458767,1.0752381168969645,31.118565575051285,52.9480021212958,54.886001073297614,The Old Library,Symbol,Ancient Map,Forbidden Magic,0,0,55.10073508062676,58.65308621858117,32.36387843792662,-1
3887,70.54627950832021,63.32295728014393,1.3953990935760028,25.5621636320452,48.729544675370725,53.38481453141336,Abandoned Theater,Math,Ancient Map,Lost Civilization,1,0,48.61225433236973,51.04777547322036,32.49935491120093,-1
3888,71.7449644435099,64.28220557516173,0.883682566840138,32.216537630228245,49.99751366142157,48.839419858466094,The Old Library,Sequence,Ancient Map,Ancient Prophecy,1,1,55.08531490963034,53.47874389017845,28.635177695300943,-1
3889,72.31607718181262,64.15302490126321,0.652961943171489,34.34541594378765,50.01011932300524,53.30844690613326,The Old Library,Cipher,Ancient Map,Cursed Treasure,1,1,53.08666744782512,54.04209746189952,28.58447065080857,-1
3890,71.68374737472907,65.21727348596939,1.150671327233959,30.79299288447113,49.5184684734937,49.26862995938616,Temple Ruins,Mechanical,Ancient Map,Lost Civilization,0,1,55.10938539863365,55.6934618541252,28.62379929327741,-1
3891,70.65160048156392,62.27893590289604,1.0445591871190985,27.58904681702934,46.61371054674435,49.43252935485534,Temple Ruins,Sequence,Secret Code,Lost Civilization,0,1,49.585856326680045,53.92979245697422,29.29146044892522,-1
3892,71.32236868830358,63.74634565925175,1.3603123610031391,27.980618136103644,48.75953015938575,50.5079502793586,Temple Ruins,Symbol,Secret Code,Cursed Treasure,1,0,52.65850130327003,53.39144073825204,32.67140563812509,-1
3893,69.40475449973982,63.74951256243549,0.9213710683849694,31.265197211407344,49.996292773048495,55.62452797844605,The Old Library,Maze,Ancient Map,Cursed Treasure,1,0,51.10783150309502,53.24003429107153,30.22003046057309,-1
3894,69.92397501287027,65.65723013733495,0.9779302418802568,30.409475058512832,49.56155608268492,54.36313836420386,Temple Ruins,Mechanical,Secret Code,Forbidden Magic,1,1,48.82447183788612,57.78569117711508,28.45616551583802,2
3895,70.11124086474861,63.35132529960412,1.0093971387169538,34.69188379084332,50.66854330694112,53.8064767447065,The Old Library,Maze,Teleport Rune,Cursed Treasure,1,1,49.64238075083585,55.57183141176102,30.240082338821345,-1
3896,72.96843872164439,64.68688862029775,1.079261806163761,27.768782320456484,50.85820430763845,50.84346454790792,Abandoned Theater,Mechanical,Secret Code,Cursed Treasure,1,0,50.62579220787836,56.084226458434586,31.651125180748505,-1
3897,69.92716520442255,64.32715923899327,0.9331218437593892,24.08048683776376,49.37154923173242,52.03056154112152,Abandoned Theater,Pattern,Ancient Map,Lost Civilization,1,1,51.16555895781032,50.61180338674606,28.473665366662136,-1
3898,69.92420852900658,65.4933813997081,0.8828524325705718,31.9716518583613,48.29674304221467,49.574693734607344,The Old Library,Symbol,Teleport Rune,Lost Civilization,1,1,47.65971028337995,57.91806858517671,29.280839283710996,-1
3899,69.71971218813482,65.04121680112738,0.4925133151310074,27.78941935027272,52.07159186048702,56.41075331723024,The Old Library,Symbol,Secret Code,Cursed Treasure,0,0,50.83654506441454,56.31110841485854,28.74646714589508,2
3900,71.33540502697497,64.56166959407922,0.8764171431507164,34.09784102346375,47.72465336400229,58.49314501892573,Abandoned Theater,Maze,Teleport Rune,Cursed Treasure,1,1,53.52437636825207,54.41414102074364,30.20671086062943,-1
3901,70.93018684481811,63.88079479283833,1.2590327919055733,30.219502609361005,48.87362226864007,54.39149603518281,Abandoned Theater,Symbol,Teleport Rune,Forbidden Magic,1,0,48.259371626640686,52.852615525364506,30.87321759406763,-1
3902,71.88630858850567,62.57814986665654,1.2979978823436311,33.458269169706256,48.50038397940688,54.8293855275259,The Old Library,Pattern,Ancient Map,Cursed Treasure,1,0,51.57547561597241,52.23895293042958,28.44506872539833,-1
3903,71.48280529077324,64.6726036426313,0.9000747316459751,25.11502711327353,50.90375540804749,52.60259965197157,Abandoned Theater,Sequence,Secret Code,Cursed Treasure,1,1,48.82662159707327,53.66974545233552,31.8611646503701,-1
3904,69.44316352662045,64.95102833517186,1.4297649337089955,30.90596836655176,51.76835122618597,48.95136909085409,Abandoned Theater,Mechanical,Ancient Map,Ancient Prophecy,1,1,51.04307156814928,51.82424033013981,32.5233457324166,-1
3905,70.02829496884374,62.8406864240871,1.0298445763348385,26.695161217557235,49.54103150012909,50.89008802343202,The Old Library,Cipher,Ancient Map,Forbidden Magic,0,0,52.958196912048834,52.26164319506508,28.61042217781829,-1
3906,72.21293235081487,63.17687034009376,0.6356648011803259,24.092064689913528,50.154993843226,51.83653862766624,Temple Ruins,Logic,Ancient Map,Ancient Prophecy,0,1,52.70530267205862,51.05673221254448,24.912148740349156,-1
3907,70.65634760102336,64.65789993133225,0.5398927436959039,25.89086475862118,50.4622472444469,52.03685997371811,Temple Ruins,Math,Ancient Map,Forbidden Magic,0,1,49.44045109133628,55.23204479839061,27.853452455123403,-1
3908,72.0592911671439,64.73971210113922,1.3997009985915418,27.476505372738103,52.533859972440105,51.46151592857429,Abandoned Theater,Mechanical,Secret Code,Cursed Treasure,1,0,49.81969133347997,53.523048731201634,35.535511769405346,-1
3909,70.73408304617826,63.40491858301513,0.9209646574042784,36.42486563440854,47.17626130455969,53.11938327142892,The Old Library,Sequence,Secret Code,Ancient Prophecy,1,1,50.25116185347076,55.27856344724572,21.81323678173685,-1
3910,69.92818323308194,63.81649169671029,0.667315140471707,27.349208650575363,50.96172512193191,50.87457727866996,Abandoned Theater,Symbol,Ancient Map,Forbidden Magic,0,1,49.4044555679253,51.53524782837973,22.770696855944333,-1
3911,70.60466545404825,62.5490531456822,0.3524470133267979,23.848742522496725,50.41895319280149,58.41931030154907,Abandoned Theater,Mechanical,Teleport Rune,Forbidden Magic,1,1,47.7198475902591,56.25761773893372,28.15394335526377,-1
3912,69.95197379022815,65.75778653666877,0.9102371180156922,30.866379485318014,49.306683403154175,49.58656496250937,The Old Library,Symbol,Secret Code,Cursed Treasure,0,0,51.15880215632127,57.56501704951799,28.766634792435458,2
3913,70.36657884170097,63.07562396656161,1.1491260873387157,30.357459744240916,50.36106206735069,55.21827386005638,Temple Ruins,Sequence,Ancient Map,Lost Civilization,0,0,51.33067295444779,52.09267775082924,31.12180281469293,-1
3914,71.14517587369582,64.91272861658511,0.8171692277884676,27.753870913839435,50.991747182964446,52.34536322459528,Abandoned Theater,Sequence,Secret Code,Forbidden Magic,1,1,50.06209493344152,55.44872517269626,27.71177864575128,-1
3915,71.46798424556327,64.33047450879945,0.7093056969579034,29.41061363864221,50.76403185613239,54.15699523815462,Abandoned Theater,Logic,Ancient Map,Forbidden Magic,1,1,50.79468627795011,53.47538285099584,23.935684045298448,-1
3916,69.37832712527204,65.64998995029875,0.859296189145413,35.10047684868276,53.13582490720308,54.27028716794406,Temple Ruins,Symbol,Ancient Map,Cursed Treasure,1,1,50.76954968769759,57.7393566376651,28.34112720701183,-1
3917,70.96329991974787,63.56309852763765,1.3959232674985764,33.575496149243165,50.0980845636225,53.39260807530164,The Old Library,Symbol,Teleport Rune,Lost Civilization,1,0,51.62566980353447,58.11349952837787,33.7527459552562,-1
3918,70.40621173585595,64.41155680243799,0.6039550508037557,33.1457597087349,49.95600994306658,50.16657313100094,The Old Library,Sequence,Ancient Map,Lost Civilization,0,0,55.05928565554486,57.44141977253354,26.490646707692665,-1
3919,70.35658215197391,62.646823854438914,0.8282502971362308,24.308871548282493,49.65249560829934,52.16990062407477,The Old Library,Logic,Ancient Map,Lost Civilization,1,1,50.54222683934166,52.40781957587237,27.253391653135395,-1
3920,71.14986089477311,62.4016658161724,1.3829262560455744,44.66267801617856,50.76270512351592,53.42273818049836,The Old Library,Sequence,Secret Code,Ancient Prophecy,1,0,57.15142049260687,54.06297632574592,25.65425759901041,-1
3921,70.47891342258337,64.93146336225146,1.1669174670101887,35.48888643167032,49.89394384869953,53.2660845882103,The Old Library,Cipher,Teleport Rune,Forbidden Magic,0,0,54.95789979903778,58.47533777112171,26.005681823099785,-1
3922,72.42370189431615,62.54503631842576,1.0713959472960104,32.82047130068346,49.97064045358836,50.44217006304493,Abandoned Theater,Pattern,Secret Code,Lost Civilization,1,0,55.14740772519863,54.8241950450924,31.49123834380548,-1
3923,72.24183384402626,64.09677227402058,0.8221442197471245,24.41648814463488,49.9863679727661,56.22803114760392,Abandoned Theater,Cipher,Teleport Rune,Ancient Prophecy,0,0,53.519575533752025,56.88523964614482,27.762904755430814,-1
3924,72.24781767358284,65.33120819726923,1.0248774518757575,34.979431535350145,49.76650755674279,46.7660664352058,Temple Ruins,Pattern,Ancient Map,Lost Civilization,1,1,55.01935628378783,56.98760435295188,30.96516735718547,-1
3925,70.58330581893472,65.06151585416184,0.8534527782372172,27.737887794089048,49.06420904716409,52.3746877805884,Temple Ruins,Symbol,Teleport Rune,Ancient Prophecy,0,0,51.081638711014826,55.508419386593616,26.438516893404827,-1
3926,70.12795291647625,63.64515908488384,0.7560887473768725,29.274941110815533,50.6131763380224,50.69670311203596,Temple Ruins,Sequence,Secret Code,Lost Civilization,1,1,49.67771148736979,54.53531555752615,25.39537908253936,-1
3927,71.18472639911833,62.71615035526535,0.6890180797235244,21.84517895224405,49.56724373417347,53.45541354089798,Temple Ruins,Pattern,Ancient Map,Lost Civilization,1,0,47.61608554158031,51.39294619135333,27.01784702421049,-1
3928,70.96460168223189,64.80905263434389,1.2474224339740287,24.044455507125956,50.9241329872497,55.54181464001107,The Old Library,Symbol,Teleport Rune,Forbidden Magic,1,0,51.55661218493648,54.01953404161009,29.305849991255368,-1
3929,70.51838920433761,65.63671421685159,0.9932580931438488,32.44741443657828,50.17856375779122,49.4825774720573,The Old Library,Mechanical,Teleport Rune,Forbidden Magic,1,1,51.82314789836691,54.1778027429432,27.39613389923913,-1
3930,69.96374885670704,63.6271144150479,1.104948024981926,35.288681721294054,49.441348341057065,58.88401308072111,Temple Ruins,Maze,Secret Code,Lost Civilization,1,0,49.8450943282808,53.72455701085574,27.526447503887777,-1
3931,71.11024476791944,63.48093011159478,1.0553376626071345,33.68487223883516,52.37725419374213,53.504621592394656,Abandoned Theater,Maze,Teleport Rune,Forbidden Magic,1,1,48.5855443371886,55.11119796110216,30.140101542037,-1
3932,70.7599810966953,63.75422691815106,1.1413810393519073,33.51730230642267,49.88533705771972,53.95430997523867,The Old Library,Symbol,Secret Code,Forbidden Magic,0,0,56.80643498750694,54.38915805298707,28.52505542934374,-1
3933,71.86469364835648,64.84561895575483,0.931987358811646,29.942247604172756,50.98183705668078,49.40061416163147,The Old Library,Cipher,Secret Code,Ancient Prophecy,0,1,50.129618022924106,56.0200282930017,27.354331309262506,-1
3934,71.85375686040314,65.49740468639571,0.8632313258945772,28.235432757280563,49.00642385334504,52.88358202916631,Abandoned Theater,Mechanical,Ancient Map,Forbidden Magic,0,1,50.21040650878718,56.9779384625726,31.56556597681741,-1
3935,72.30176282356186,63.02415259295077,0.762498026762545,31.716346871393164,47.02688380159663,55.42918705379473,Abandoned Theater,Symbol,Secret Code,Ancient Prophecy,0,0,55.352117601479705,52.6911122244713,27.479344057512293,-1
3936,69.95398756563358,62.76034542690259,0.5822729856594522,34.38183145824934,49.22348737099211,53.524803930546696,Abandoned Theater,Mechanical,Secret Code,Forbidden Magic,1,1,49.86979271019458,55.2529325473819,27.257801136364268,-1
3937,71.6266692930435,66.59348691584508,0.6692634455019724,30.302035171713595,46.87660495518973,53.35048893431729,Abandoned Theater,Symbol,Teleport Rune,Ancient Prophecy,1,1,53.129432132131136,58.2670956004425,25.98226545553309,-1
3938,70.51048079368228,64.07102670775735,0.895685855847792,36.33193341139064,49.73627400475087,52.87035107830403,Abandoned Theater,Maze,Secret Code,Forbidden Magic,1,1,56.849822163724085,55.62727062770239,29.78210975875764,-1
3939,70.0298753285933,64.49609675539756,0.5238652387956692,29.208291763341983,52.30332734475932,49.55499977084145,Temple Ruins,Logic,Secret Code,Ancient Prophecy,1,0,55.00807330164092,54.51887772314948,29.31077149428925,-1
3940,70.83403774498477,63.54612316376612,0.5895853916707726,25.3852235276765,48.751215865493855,49.540728322341366,Abandoned Theater,Mechanical,Teleport Rune,Forbidden Magic,0,0,49.22109313626031,56.12588516401427,24.66539118923646,-1
3941,72.34370268568294,64.72286195743683,1.316435405099544,30.23780246211444,46.95886207550674,55.923317816601774,The Old Library,Sequence,Ancient Map,Cursed Treasure,0,1,52.45348856439225,55.663072005755616,25.680632407896614,-1
3942,70.91504423465175,65.18780178353276,1.070597779946318,30.8224858734753,52.37709552932201,55.20571676485773,Abandoned Theater,Sequence,Ancient Map,Cursed Treasure,0,0,51.00300455679047,57.34452893683885,25.922769716338284,-1
3943,72.86518916781682,64.5223739768365,0.8673716615605054,29.885500292591907,49.42245762636709,55.57567793116821,Temple Ruins,Maze,Ancient Map,Cursed Treasure,0,0,52.6488629990954,58.120496296965165,31.76457768251479,-1
3944,71.86099185780817,65.95826843264952,1.6840020355342291,36.70196991233913,50.12065930437228,50.94294989048845,The Old Library,Mechanical,Teleport Rune,Lost Civilization,1,0,56.723729222206366,57.61380513066516,30.905717917218936,-1
3945,70.93040849029686,63.88549398837412,0.507690094751851,34.32825881785397,51.335461145442615,52.60608059707771,Abandoned Theater,Mechanical,Ancient Map,Forbidden Magic,0,0,50.05809779099455,58.13548012792985,28.88261002806537,-1
3946,72.4969396954306,63.94418001865337,1.2945120212111658,23.15011609995372,50.94657169138059,56.07950046500286,Abandoned Theater,Pattern,Secret Code,Ancient Prophecy,1,1,51.73911223929496,54.65324595087755,31.05545646817953,-1
3947,71.79468688377426,64.43328846543324,0.9680807758814804,37.97974356055099,51.29634939373436,49.9283616881009,Abandoned Theater,Logic,Ancient Map,Ancient Prophecy,0,0,54.07973993225139,54.49971437683011,31.345615277049667,-1
3948,70.42913599380529,64.66165910963792,1.2367550220879395,16.603925944701867,51.52998916762246,55.82470601888316,The Old Library,Math,Secret Code,Ancient Prophecy,1,0,49.975661539750114,57.8670173487174,30.582938945931588,-1
3949,73.23290959138448,64.41945582210995,1.033675712857931,41.06925118028712,47.56893518233913,51.53370101844027,Abandoned Theater,Sequence,Secret Code,Forbidden Magic,1,0,58.89136091173489,52.635913968833,25.263232303742807,2
3950,71.64600353284389,62.901900393392935,0.4390931437237151,28.88073511837957,48.07534332829382,50.861916748913735,Temple Ruins,Math,Teleport Rune,Ancient Prophecy,1,1,50.83755965697809,57.42321772164292,23.71981059904252,-1
3951,71.4177447134783,64.49363322969022,1.029210262323465,29.372572671057696,51.96237342959001,52.92020925048372,Temple Ruins,Sequence,Secret Code,Ancient Prophecy,1,1,51.44085652593354,58.14183270839465,29.396511322081626,-1
3952,70.55584559842522,63.8017429231595,1.1010727441090276,30.02349412063551,49.041760238588985,50.207495227220505,Abandoned Theater,Mechanical,Ancient Map,Ancient Prophecy,1,0,53.12608108211207,54.64480213716936,25.754630938105347,-1
3953,72.60335209514128,63.58973375816893,0.3426726792732012,32.25278172893156,49.21414605444939,48.25776601375736,The Old Library,Math,Ancient Map,Ancient Prophecy,1,1,55.20448776365859,56.75819011101608,24.26910898913401,-1
3954,71.95353050366687,64.19798292959531,1.5833734613695665,30.32863309063884,48.33759258913673,53.19007421662239,The Old Library,Logic,Teleport Rune,Cursed Treasure,0,1,47.32572960993905,55.93077322503187,28.1046452863196,-1
3955,72.07794007209064,63.198764146949536,1.09344038538081,29.666182962997453,49.63317160148619,54.33566442595348,Temple Ruins,Symbol,Secret Code,Cursed Treasure,0,0,53.92571992445894,51.58570565132749,28.53297380836656,-1
3956,70.95362280757078,63.01967734521542,1.2016219971708468,36.88097553707252,49.7253517466429,56.03822543159389,Temple Ruins,Cipher,Teleport Rune,Ancient Prophecy,1,1,56.9294301300794,52.42626217390852,28.677099466665176,-1
3957,72.30771230315887,61.53437743781765,0.6503428633410417,33.16760473995532,48.85186239183445,54.51743678292871,The Old Library,Logic,Secret Code,Ancient Prophecy,0,1,53.84612753610957,53.41593121047146,27.2662661549906,-1
3958,72.39788810281013,65.89185736755148,1.207191380389536,25.548860682938887,48.68715189285732,57.91349296208176,The Old Library,Maze,Ancient Map,Lost Civilization,0,0,53.00374391187888,56.18081769741578,30.881276156699265,-1
3959,70.8297641232229,64.69512093043076,1.3268903433418262,34.04952039760148,50.75348807204186,56.40268743934121,Temple Ruins,Sequence,Ancient Map,Cursed Treasure,1,0,55.27022684695061,58.05353945141695,30.199075037801887,-1
3960,70.09402502674772,64.017391011967,1.076170791966248,32.9699719653405,49.07270162513404,54.84519687921654,Abandoned Theater,Sequence,Secret Code,Forbidden Magic,1,1,52.39059402440034,55.230829048058666,25.83621430160716,-1
3961,72.10486585868915,63.4616933865993,0.997378606857984,27.626369692197624,49.38344373115425,54.17154706338998,Abandoned Theater,Symbol,Ancient Map,Ancient Prophecy,0,1,53.17929204262353,51.76243801971359,24.584561537390627,-1
3962,69.96262818795205,61.24764181854128,0.7322318155665727,34.316747064557475,47.022195518574094,56.07525545768308,The Old Library,Mechanical,Ancient Map,Cursed Treasure,0,0,52.29797402686495,51.18713308524126,26.76466064050433,-1
3963,71.7004778356319,63.38989870699337,0.9355927773338932,29.571523775997445,53.21760848720567,47.46744472167867,Abandoned Theater,Mechanical,Secret Code,Ancient Prophecy,1,0,51.78740753097157,56.502578270874096,29.02017628908155,-1
3964,71.11370833196943,64.82904342718199,0.8470210106966498,29.25436650231208,51.73173324657021,51.79985739684263,The Old Library,Pattern,Secret Code,Forbidden Magic,1,0,50.121452094817656,52.08144585968794,28.93922788834393,-1
3965,72.79211436188804,65.05009694325538,1.1724319712163411,29.121530582768663,49.58547102742282,48.35379738259822,Temple Ruins,Maze,Secret Code,Lost Civilization,0,1,52.75777268583184,52.62944427838045,30.141545708881186,-1
3966,71.19310518666467,64.74495624442766,0.7461023086363221,18.228883413025702,48.98773526703823,54.65774408096525,Temple Ruins,Mechanical,Secret Code,Ancient Prophecy,1,0,51.95824180612552,54.37370673158144,30.364630895727483,-1
3967,72.70572606432792,64.25579389795158,1.1707204867600625,27.73936977649144,50.361359919615786,51.14309030647275,The Old Library,Mechanical,Secret Code,Cursed Treasure,1,1,50.1402567554284,56.90475826656166,26.368550933062977,2
3968,71.09675162794149,65.39600987842381,0.7499181487934798,33.94214060533128,50.32888971493979,60.54913285584511,Temple Ruins,Symbol,Secret Code,Cursed Treasure,1,0,54.07443900753368,55.40948867441601,26.13920220173836,2
3969,72.62346389892224,63.75832841833629,0.9232249454219528,30.267641338501058,48.44839677529181,51.70518550457305,Abandoned Theater,Maze,Teleport Rune,Cursed Treasure,1,0,53.29628089580188,55.24237451883158,27.74662958143152,2
3970,73.69632997728687,65.16678060086495,1.1870892535615731,23.957203761427163,46.54519180352599,53.26590791220631,Temple Ruins,Symbol,Secret Code,Cursed Treasure,1,1,54.354614652791405,54.93541468233438,25.74056574547578,-1
3971,70.5804604291154,63.69173144043754,0.7915104503446072,35.209745738289215,49.59052462269514,51.99433366453084,Temple Ruins,Cipher,Teleport Rune,Lost Civilization,1,1,56.23698659938837,54.22061275675747,24.98319217669489,-1
3972,71.95306589406778,63.189890948590254,1.1982122327659095,28.89705740471589,48.04321167713199,51.77792190464031,Abandoned Theater,Symbol,Teleport Rune,Lost Civilization,0,0,49.9924017507483,52.53399287201422,31.43360950699408,-1
3973,74.42233854027087,63.060033843014175,1.169379618101429,24.285664672229466,50.653970868406,49.88369529042176,Abandoned Theater,Symbol,Secret Code,Ancient Prophecy,1,0,50.79067162201876,55.95246912641899,27.908589825586624,-1
3974,71.75267412676844,62.99596117967966,0.9226544940475396,41.4271035344924,50.67264309150267,49.79962647514756,The Old Library,Math,Ancient Map,Ancient Prophecy,1,1,54.44056301141551,51.72316567659143,26.408569079628148,-1
3975,71.76040584536095,64.71423263732056,1.352961196192973,25.13469252626649,48.95431363871327,47.551267494317536,Temple Ruins,Math,Teleport Rune,Cursed Treasure,0,1,49.62825248974187,54.62351140504731,27.592702627766805,-1
3976,72.49965177375879,63.30712229415175,1.0282762648970305,34.801542494117186,49.62086021430473,54.363655757008594,The Old Library,Symbol,Ancient Map,Forbidden Magic,0,1,53.14335683905534,56.53141632482062,31.09552275689976,-1
3977,71.7647717940099,63.011538544838935,1.3361668043130628,26.561059033238138,53.07589490164308,51.93838308368005,The Old Library,Sequence,Secret Code,Forbidden Magic,0,1,51.72130982471811,53.194764166769644,30.49185136797612,-1
3978,70.029005767275,64.75299842089689,1.5440943344724125,31.09032346544175,51.60261255293399,57.83407056510661,Abandoned Theater,Symbol,Secret Code,Cursed Treasure,1,1,49.64172655030919,52.534946705296605,29.206451505894343,2
3979,72.88106257320304,64.36192570866153,0.9342636553314824,25.90385938040805,49.77011949307824,49.889649539831886,The Old Library,Mechanical,Teleport Rune,Lost Civilization,1,0,50.07821236943589,50.773716781105016,26.94179056616557,-1
3980,69.75837270174503,64.99123574244965,1.2007676219681895,24.22183333952364,53.89500784488568,56.690786300387366,The Old Library,Cipher,Secret Code,Ancient Prophecy,1,0,47.54039300187733,57.605415800595935,31.65423308656457,-1
3981,71.35707773856052,64.53592805563366,0.8166659384953674,33.03297215618669,48.67022409572209,56.9306483383788,Temple Ruins,Symbol,Teleport Rune,Ancient Prophecy,0,0,53.70938727539137,56.37642568166687,29.385317793055066,-1
3982,72.99384564587828,63.26489811115773,0.6987751697209341,32.45203247803813,49.25514047381319,56.192607916251205,The Old Library,Mechanical,Teleport Rune,Cursed Treasure,1,0,53.40438044759573,53.44799633132916,29.03820787424263,-1
3983,71.4424300841054,64.08878963596264,0.9506927201304448,36.15246241987687,50.31695447497246,53.5869932761638,The Old Library,Mechanical,Secret Code,Forbidden Magic,1,0,53.22859386607197,52.3834869283476,27.40571010609713,-1
3984,71.11783062136288,64.13249413846805,0.601289566039625,30.260956114852863,48.19474896025898,52.154485686951496,The Old Library,Math,Teleport Rune,Forbidden Magic,1,1,50.06522581160071,54.239501610417626,25.440284491612523,-1
3985,72.70334748115467,63.0828728364273,0.7295542144994491,41.53829041988283,53.185247624682816,56.19016924234321,Temple Ruins,Math,Teleport Rune,Cursed Treasure,1,0,52.87538747131016,57.15124944715766,33.71660881229739,-1
3986,70.98552698840705,62.8920733059549,1.18906104881128,31.781945578929804,50.78302658237078,51.0213421429058,Abandoned Theater,Logic,Ancient Map,Cursed Treasure,0,1,55.38896732140934,51.64246279805787,32.13912654739351,-1
3987,70.62697586798897,63.31063991298212,0.8583590619923713,33.27778154418563,49.33188004787814,53.6767689886143,Temple Ruins,Symbol,Secret Code,Ancient Prophecy,1,1,51.7820646084195,56.30017278800781,27.595815890045355,-1
3988,72.13627687647761,66.02260359669745,1.2264582205851224,23.655472906639808,51.19697856700844,52.89063013494468,Abandoned Theater,Maze,Ancient Map,Ancient Prophecy,1,1,55.79939288644457,53.06476021785088,25.91401728555126,-1
3989,71.69140225700204,63.56793335858781,1.104005485526347,27.380923642798017,50.75286655236504,50.77145784325995,Abandoned Theater,Logic,Teleport Rune,Ancient Prophecy,0,1,52.7747012288426,52.37415934140817,28.874797901483603,-1
3990,70.64321634863252,65.20819697083479,1.570433664317423,33.05348489339667,50.08528046287744,53.69511743071076,Abandoned Theater,Mechanical,Teleport Rune,Ancient Prophecy,1,1,55.960480943233655,55.88134799166088,28.67113616442994,-1
3991,72.53640702713669,63.501318929470365,1.1733217533885734,30.03770383141561,48.73794815310073,54.85459562898253,Temple Ruins,Symbol,Secret Code,Cursed Treasure,1,1,54.52012992473491,56.09381794867961,27.336898318542545,-1
3992,72.3765081098795,64.85346406987662,1.351246638143847,31.401029645649466,48.40485617061554,50.67292947640256,Temple Ruins,Logic,Teleport Rune,Ancient Prophecy,0,1,53.16324607499647,58.02168148914296,27.67675099433722,-1
3993,71.5648323736135,64.86175928819857,1.1385347380438964,26.38393158726567,53.84781788835684,54.15030046778963,Abandoned Theater,Maze,Teleport Rune,Lost Civilization,1,1,49.65876378422784,58.15630811703736,31.01563157071985,-1
3994,71.64582301467534,64.90649711285992,1.1124029279744152,31.079936690940485,48.54694541212282,47.42742953150047,Temple Ruins,Symbol,Teleport Rune,Forbidden Magic,0,0,50.35779498529439,58.24846689013624,28.862603651093824,-1
3995,72.42011601395544,64.33636952820463,1.3694476875692574,31.066747795666146,53.13141621754286,50.377111647349416,The Old Library,Mechanical,Teleport Rune,Lost Civilization,1,1,55.01139598104497,56.02586288911102,30.58033717587784,-1
3996,73.15265343930353,65.32054097435486,1.2217372114010607,24.57567480275589,49.325738103986886,51.85663569280511,Abandoned Theater,Sequence,Ancient Map,Lost Civilization,1,1,51.7943626024902,54.34635043553773,26.994405277089577,-1
3997,71.69206792939603,64.31615722147632,1.0852144907872063,33.69444573435561,51.78632308903718,53.89334309241529,Abandoned Theater,Mechanical,Teleport Rune,Forbidden Magic,1,1,54.35657655951125,57.74674741108882,29.8761569730996,-1
3998,72.64211900070188,65.64595850427912,1.0850164180707471,21.98523342335198,51.30780964806052,55.173286874085136,Abandoned Theater,Symbol,Ancient Map,Ancient Prophecy,0,1,51.8100884373242,58.94074092200257,28.997412942100933,-1
3999,60.5652002170846,54.30713117993641,1.1859405354015478,-8.589374759963118,51.61616203919452,50.2070572279096,Crystal Cave,Symbol,Teleport Rune,Forbidden Magic,1,0,34.474256477713425,50.19987035330957,26.75676477358025,-1
