subtaskID,datapoinID,answer
1,1,9000.0
2,1,4443.0
3,1,15.0
4,1,412.0
5,12618012,112.97906228271964
5,19091177,118.43543638490107
5,14793975,94.49902280397067
5,17338539,146.8890524538307
5,16351902,14.487991255531625
5,10116277,220.96316782842513
5,11045810,61.45858417065293
5,10825501,39.65729441215246
5,19727017,104.93877157505054
5,16451525,95.35945881836511
5,19783354,170.91646171839585
5,15890999,11.109188790244588
5,13899986,56.817386685277484
5,19266216,111.54648049308497
5,10836299,161.64644785706
5,10712930,9.767037190884821
5,17110501,205.51806149567759
5,12449126,237.77532021563323
5,18063957,108.12810595186
5,16379355,185.08578342335917
5,11895218,3.696024895758626
5,14242881,158.38744825633074
5,10531383,8.672942039018949
5,13363777,80.02504783305503
5,12810706,163.6190545710911
5,18327170,109.89704475007451
5,16994274,9.669449489148121
5,19197815,158.87744271096545
5,19263638,70.66745851721461
5,17355831,14.576369954842207
5,17878231,100.60494033185708
5,19389535,42.539663292311324
5,15556930,6.504990085141344
5,14412517,173.78801659848727
5,18869437,8.27099400719429
5,16680862,10.770515023091889
5,10694934,137.12437356576433
5,18511325,43.87271457567111
5,18888478,146.41008554148186
5,19238785,15.09649071612587
5,12356410,168.17554138228064
5,16009926,62.84862340291336
5,17749763,78.97191998139954
5,17157156,67.01280038832532
5,12828450,14.371332097922007
5,18672521,43.50340705446268
5,17374859,80.9962662737276
5,11018598,91.32887752197678
5,12198133,11.333336980378505
5,11942073,18.200368663162294
5,13924806,39.441685573744074
5,18937879,166.3120629833891
5,16743442,106.13583893859354
5,15558386,17.88798128509663
5,19894490,70.09351705523919
5,15119296,12.555126113866024
5,16616271,6.925718264668802
5,18729355,47.7620046705198
5,13361468,51.621340631035295
5,17765743,158.01409805662058
5,19508477,35.06418530125045
5,19249358,199.39728774237093
5,17119426,203.48027013187462
5,17189450,25.80514179225701
5,13211594,71.87877077664245
5,12458777,37.466718774059196
5,13407292,29.29782040297934
5,12356630,109.24784628098574
5,12338147,72.64814283627447
5,15769427,133.41553463869894
5,11323469,123.64746428904647
5,17333762,125.8074291218127
5,12990892,128.76131592789397
5,16817348,35.61880249003073
5,17127278,27.805262029015353
5,13574028,18.618038341770614
5,17423465,89.24080325890486
5,18468299,210.9302506155159
5,15628837,71.80678921089182
5,14634993,90.70073374077994
5,10928223,142.015458732626
5,18069339,134.51637762315426
5,17643401,66.76001129759702
5,16169462,18.07075690077093
5,17547681,87.43297868918498
5,17283720,18.37128551857552
5,10561982,146.98346386411697
5,14039719,103.77189570739588
5,10794997,220.96736432038398
5,10018110,0.27075716334753963
5,18735761,120.3014635370916
5,15744627,168.83939112765896
5,15059795,208.48525409170938
5,18430900,98.05083416441207
5,12667831,60.79657697687886
5,11602835,174.90291794277007
5,15322514,12.340003192956573
5,15319150,17.046548498275598
5,10881697,81.39350572653929
5,10825665,104.51808216821779
5,13473399,28.703006976722932
5,19159482,90.82129790825616
5,10444932,171.68056662652896
5,15360654,112.06141560433912
5,18695596,22.69931196226281
5,13153010,153.23016384759154
5,18672971,64.12678655454165
5,19809046,59.16850293566526
5,16646640,76.52189171314305
5,14777293,130.39864052687983
5,11110860,109.39362717331397
5,10539965,10.054861410171384
5,16627485,181.4273518089251
5,19090637,78.44683473825194
5,11989680,22.83441524467156
5,13065291,4.3019547141273335
5,15798518,4.741727782596286
5,15168455,127.27056421226558
5,10244000,17.55006010700025
5,19257291,207.89230777278522
5,19531529,13.589537229496813
5,12359689,6.5218366351446235
5,13441099,159.9251547134669
5,19827274,6.856858435844984
5,17322643,83.7549382975481
5,13195956,108.67005884891442
5,17663119,193.81857719137156
5,19669914,25.481842213832294
5,10918689,23.700506617245438
5,11960136,21.203620328644917
5,18230287,40.790377467792005
5,18979629,183.2187669179217
5,17433265,12.686574079036589
5,17960278,1.7889298798177293
5,16271091,91.3616809244202
5,18551283,171.69089050666827
5,16216461,96.25340593133497
5,16117769,196.250458185965
5,12689269,145.952964104766
5,19326172,65.70658861909101
5,13287939,179.91092973942307
5,13714216,108.21977396428457
5,13174651,102.6091749951881
5,18740257,26.352480888177872
5,10710082,125.16651543213462
5,14770855,48.20950174066607
5,18341246,60.81328249738333
5,15135191,26.689626178055725
5,15988910,129.6685233002966
5,11878559,147.06018879788513
5,18862206,95.58860255319371
5,14418793,41.25778876620454
5,18542347,188.30286144046846
5,16729306,131.74794200022612
5,19840207,94.52684645147168
5,16699098,27.580090042290557
5,11461538,72.43260560326372
5,19477257,12.00656715094496
5,16938655,70.07453277297073
5,12383652,127.55559857051841
5,18244509,187.95814975972903
5,13060955,177.43252843089434
5,19000838,190.8687130715761
5,17528796,9.039498513265642
5,14806687,155.80893431990177
5,14350302,100.39176556612556
5,13506287,30.382714314925053
5,11300933,96.51814918937197
5,19381713,27.54137517327171
5,11979612,135.84321684035177
5,10098080,167.54157174210678
5,16408479,5.996449718455153
5,13646720,114.06272816602606
5,15486264,11.96054963462936
5,16753882,108.68075465064254
5,18710123,99.6121004160166
5,19642041,7.560228543002651
5,19767750,14.387517512727271
5,13625777,62.35008377834027
5,13976502,12.841565182816751
5,17741084,88.28536948958462
5,19936530,142.29249422499
5,13344313,152.96401270863063
5,19287036,135.33881719706426
5,14179764,62.24563759196644
5,16819144,115.16809835150998
5,17831465,45.940243583160324
5,15381428,35.83997063790091
5,18954962,40.60207600168838
5,18233224,13.368843060530935
5,11748435,66.14629149881857
5,13052693,172.5374419662657
5,15613656,159.7912068483426
5,14933337,137.35930567065694
5,17994890,45.918917816937565
5,16968340,3.709090851557548
5,13315538,105.43766618458054
5,14218053,59.57889690336941
5,11833919,62.01790358957563
5,12072028,196.17139969171515
5,19403638,14.341304808622155
5,16724473,43.86891252409075
5,13817167,113.80810307078396
5,12782916,59.049159691417465
5,19976691,23.994840743731928
5,16250104,56.525215551817155
5,15005212,111.036201597382
5,12664301,37.98013361980011
5,13763629,127.14119307614182
5,18476144,120.89356070816962
5,17437832,69.89627191488569
5,16445155,22.64347839103563
5,13224828,17.720263160696874
5,11560169,121.60382699643142
5,13454914,76.24453397949554
5,12860108,84.20776496294411
5,13932492,142.31401871453167
5,19123344,12.07984893338903
5,16664880,23.11352568379884
5,12342367,34.38592909233165
5,12285465,84.49084617694315
5,11372824,176.1616632494992
5,14275480,66.72887272185889
5,14405359,71.22533235662192
5,18271631,15.28436615837272
5,16104833,44.824752215538844
5,18448095,189.34259940629622
5,16429150,204.9689471528177
5,12242593,106.31907025697161
5,17949654,73.38129286559283
5,12747729,96.65813567898228
5,18538549,20.883400975899875
5,10580206,21.966948105251404
5,14321936,116.84424309181792
5,11074364,19.58221993781177
5,15740279,136.00274625391526
5,18346384,105.87204269642248
5,19981365,57.52201874274705
5,11501754,72.29674762800549
5,19744649,164.23828281649915
5,18994550,97.34560118504596
5,19136513,146.8444976954009
5,15984339,201.89504802364786
5,10796536,35.728673452772284
5,10282425,32.900186882590795
5,19128492,152.8012895196782
5,13591182,13.641905462974151
5,18051437,250.59843633562812
5,16697958,11.191952071648629
5,15592834,64.34816080258989
5,14314137,146.60099613148188
5,13750554,3.751049561278805
5,13487036,16.3415140476058
5,10749574,135.50598951311486
5,14081271,122.25077897182206
5,16224786,120.45982889570465
5,11042324,15.133806009943271
5,16105371,21.598511765851157
5,11667896,227.6090920121085
5,14366581,52.73060531115397
5,12157165,44.93949271550645
5,19387485,164.76416047404206
5,10459338,18.875309913843694
5,11152622,202.88115378587668
5,13457325,102.30273409674764
5,12411719,169.91716829694568
5,15832325,59.167485970700135
5,17954973,109.6055179676347
5,19340793,60.471923712493556
5,12036626,18.23574767398607
5,17220443,94.11503330615064
5,16335507,158.32365356813472
5,16687866,124.73749889259048
5,18522331,166.42840763698234
5,19434121,155.1394627378681
5,14522123,174.5419091827219
5,18634285,79.71067667950591
5,18129570,164.57553567177422
5,13450973,15.395167444126685
5,17422182,42.98607769622013
5,11751495,67.02144919670963
5,16984579,114.65064044552999
5,15387103,73.46687740852065
5,14837578,150.34026074827466
5,15768703,6.012092612316593
5,11548493,40.40789536164587
5,18834955,197.4695703665119
5,13439821,59.47099768886989
5,18450755,19.794287137477525
5,15297308,44.03606396768485
5,11275491,53.052128013512124
5,11126268,207.4129378413072
5,17499855,5.7311175693753995
5,15740386,112.82712920923115
5,10890510,134.85464210640635
5,19536090,29.08978353404764
5,17551114,78.94730440882947
5,16518456,74.5732027980411
5,12528072,47.39514003622105
5,17285679,88.42758551607321
5,11907551,52.11366060533978
5,11541562,109.07495393942258
5,18176641,100.5420540387933
5,11692750,22.524775228682017
5,12823734,19.836281202024352
5,19188007,37.50746428585252
5,15581071,90.07810892970076
5,17813684,108.76011834647275
5,14011540,44.76587463536811
5,11264158,91.19251017945093
5,16594775,104.85795553669863
5,13705508,84.77338134768017
5,11877426,38.258989493401
5,19866430,191.81312454201537
5,11754581,65.28110056064743
5,13060087,181.54024710438182
5,19917787,90.17545552410512
5,11790615,41.860117278170115
5,15353445,187.50266546370045
5,18710987,197.51991381245423
5,19595247,176.4258276480366
5,18448080,105.40484847481099
5,19549987,83.70669414986445
5,14365768,88.68919172403513
5,17552338,82.38080102673088
5,16915381,72.91632071464969
5,16002571,207.16419827411897
5,13004444,167.62817857251858
5,16819064,4.610926732609997
5,17017700,133.2067757008689
5,12508360,168.53453021261745
5,15402342,185.33883819946263
5,16755976,22.00637697599842
5,17537770,21.717239092095696
5,10024532,43.448428247181795
5,17444981,179.13968469092737
5,16486205,6.664794464042927
5,13724082,71.55800622748217
5,11390594,137.66042119860074
5,15126338,23.385296701947894
5,12859082,73.54711857839882
5,12685054,230.86687028730594
5,15284867,174.00839827072775
5,13531243,143.40859396171172
5,13952760,184.81161773905552
5,15708155,108.6354886704018
5,17603335,207.15332425182396
5,11601952,39.34714204537488
5,11955633,43.84572388919857
5,14855731,81.70631191718908
5,17840335,48.83847057864105
5,15325109,92.0255517954839
5,13581119,132.84543663222587
5,16677705,149.42415805955375
5,12094559,28.774691614441636
5,17544745,133.31376888392464
5,16280456,71.80873076474288
5,18557816,100.68930972203155
5,13717383,73.04835357818877
5,19206216,68.13902858074138
5,13275235,54.82571025275473
5,17062945,8.163244702038327
5,15154342,31.0041535687974
5,15372564,148.98935867429958
5,15264601,72.47496325540064
5,18703308,81.40767548385776
5,16557786,117.50998612669017
5,15381496,23.220958180318647
5,18057181,200.13034882096687
5,17244118,33.844477487819674
5,10918735,11.195883674988039
5,14784975,86.11964307024896
5,14707792,14.217802793784287
5,12625925,7.2690602480800806
5,11396446,8.435282713025302
5,14693952,53.82526698303869
5,16783172,125.39775967134833
5,12940540,216.63817779147024
5,18886629,86.56665487788133
5,16282341,117.39253599022487
5,17120658,19.97811049058278
5,18436826,19.422280541652043
5,13993293,130.1463426918472
5,14333587,51.66697772825479
5,18157346,31.86545998455943
5,16630436,47.80556689786167
5,12544528,8.662562462105058
5,16711357,22.643906223525008
5,11438547,155.2890619859982
5,17621107,47.10424750902439
5,13648998,11.286547428250273
5,11488373,18.487784589816627
5,19876880,185.18658055635638
5,11031105,90.74111279289896
5,19287279,96.05114136052643
5,14018168,109.39347054446537
5,10748485,8.63119902608426
5,17800524,46.56724842706757
5,11577645,120.324688028397
5,16606738,73.00069302448057
5,14524071,221.93666022504098
5,15569252,195.1770921331314
5,11209368,20.009026846265428
5,19884433,122.98825138502627
5,16182847,65.42324963219517
5,16190465,126.57220477170986
5,11551381,63.411928123487684
5,16726083,28.92556436937523
5,16361546,217.38881623915825
5,12772229,144.03435111886665
5,17933676,106.96258751830305
5,13633470,167.5786038636677
5,17140133,106.1888238763581
5,15502888,19.04926576719953
5,10773809,117.38789587324524
5,12143206,78.61647622251772
5,19928569,73.68726404962743
5,13059472,41.994664692073464
5,14505657,185.19928772890273
5,16065704,34.49647141907909
5,15620975,51.76722529897884
5,14090060,103.2158606796961
5,17071722,182.87477314275895
5,15638062,194.47008203916639
5,18567239,53.612533287594104
5,16838476,8.493075567096383
5,13602949,33.86510191705681
5,12664418,38.77710114446669
5,11643863,57.034152538755315
5,15405311,200.77800694081031
5,14340817,101.24904030853874
5,13920685,73.95642909585555
5,18468151,160.11523956725085
5,18288565,191.89595750379013
5,18893427,138.46866472340764
5,19171424,47.139663643989834
5,13325992,109.52476237520857
5,10420513,161.71235638268223
5,13056465,72.04735342837482
5,12989515,3.7013330005055565
5,15839894,128.7417843543642
5,16743693,214.11437853528832
5,17757572,31.578530570260476
5,13599191,51.47972454827325
5,18750212,13.960991587734654
5,14565252,129.91396839122652
5,19596964,73.3127860669789
5,10522660,11.247392840676497
5,14508404,118.49945508601569
5,10157722,10.283824163860487
5,18720583,190.15903990457065
5,13600092,132.3806599377778
5,11460469,84.6801790748482
5,10211651,100.74639703608548
5,10285749,181.5994903408887
5,11714883,49.199337899402494
5,10387714,106.30711937584422
5,16394867,13.45461262518559
5,10539993,35.96398761700808
5,11466227,125.52151219261063
5,16067519,39.83555983788606
5,10153634,207.4166717851739
5,19287759,164.0921799532051
5,12459992,50.474214700404396
5,13688825,108.06094032343469
5,12571479,108.29330337038704
5,16988763,141.8929713932253
5,15644082,45.389878079951686
5,12028491,60.13136181264789
5,16987189,76.42541083625426
5,19162034,109.99187713887586
5,15946455,63.861916409581994
5,12793069,166.36983638897567
5,18863989,20.874500476918413
5,18374621,20.031083165529353
5,18731530,32.38976083769447
5,13420481,150.40900240553208
5,13100619,105.56397655339931
5,13340271,28.732322031855702
5,13340241,25.60618565526542
5,14457241,53.54993776720229
5,12941537,105.94459441270419
5,14959313,5.791225078746805
5,18090813,60.18907796211911
5,15523047,78.86885321291825
5,17993440,53.806657209727874
5,17164452,40.735218589205225
5,12757736,56.978168269946
5,13786166,26.036962626876175
5,17604950,12.04743004270513
5,11434216,17.68561265388307
5,14450070,1.9229103446519673
5,13777657,165.3865142149487
5,15886505,102.21310974594766
5,17138415,202.2372955800929
5,11935699,229.295881345412
5,14824148,87.90250559080249
5,11986136,85.08639313512451
5,12432221,192.60528618401986
5,14640211,81.26229183630355
5,11897307,100.26882965590028
5,13856177,5.66677009329274
5,10574325,63.01854537288304
5,13266243,161.71104853045753
5,15529015,29.616999311300013
5,10072976,177.89960876916138
5,18933605,148.64800839357605
5,13603620,102.66434648608488
5,13445073,80.19125155721552
5,14080154,110.46360600059964
5,16205704,134.11269371427636
5,10693778,18.50095271366355
5,19323335,93.61197224177623
5,13848826,87.33857979591653
5,13884548,57.452347026573065
5,10587584,50.02670833141942
5,18065129,7.782202175841817
5,16913021,155.90443080581912
5,16702354,57.85072173886341
5,15824904,108.52415508774715
5,13344050,114.60108648242299
5,17580254,70.77007402680374
5,15685526,218.47630219169127
5,13039661,89.12592205142064
5,18586925,187.14085907754404
5,15576113,251.8661995707818
5,19375141,154.56254510519085
5,16694676,110.2575634522548
5,13835087,29.451074746378808
5,16259053,8.932916713917237
5,16498944,92.77408679663596
5,11292568,157.5761791247515
5,10020017,62.26528948061593
5,10910225,35.74004205092607
5,17946518,182.48981634369704
5,13505915,35.55356949679023
5,11007329,75.91575738671403
5,13712094,41.66236531712397
5,17995892,93.03400913844479
5,17363915,16.63628423000347
5,13418066,114.56958719273865
5,15395187,211.73101162396188
5,12689171,184.6403974336065
5,17619111,13.148507291182653
5,11111864,61.26656365586142
5,17907212,54.55170809288128
5,17404107,29.337736429718426
5,16806257,116.66662877637938
5,15424186,76.2087717908539
5,11224313,111.20871056673556
5,10664035,41.3126910175561
5,10660238,47.870054467529506
5,10196902,64.34118138500179
5,16784301,137.2105471132847
5,14839368,78.82508900830265
5,17427573,64.45662041276996
5,18557561,118.31496059418643
5,14978675,69.1451400599457
5,12178337,174.15640703099015
5,19463444,171.53383686865192
5,18003086,126.78914166676617
5,18011705,85.38425173971302
5,18609652,66.47643503719688
5,12640980,21.64574856382754
5,19278649,49.757923163069506
5,13124716,26.613876907982466
5,19246830,116.58822619661555
5,17211799,80.936368855421
5,19113292,193.30639899984538
5,14025178,49.92321345996859
5,10264634,48.6664663866324
5,19390875,6.540986390614549
5,17951389,73.8007305097316
5,16491591,12.553852123661684
5,11183357,205.65323376076034
5,11182154,101.70877152522341
5,10324890,155.1364405034864
5,13674580,79.11826764944263
5,18715496,16.74715955153269
5,16614243,20.45483781873996
5,12492743,156.99086929176016
5,15115764,176.82840506224017
5,12212390,87.76272360660116
5,14106041,112.79265266437818
5,18581496,136.42864685292278
5,16944003,134.31133900588887
5,16042856,73.33677051043001
5,14157184,35.110080896001854
5,18023166,7.943807732213415
5,13076521,120.19006626452257
5,13235889,18.827179658476098
5,19236065,130.01523362272553
5,18609449,129.77803394709085
5,18097581,190.72500131683904
5,13713618,28.33609851028224
5,15651260,43.96624720277413
5,18663752,202.95292717086875
5,17645999,89.52679401115475
5,11123367,10.42804536286043
5,16686123,179.15001948906905
5,17967445,147.81379962353014
5,19805700,14.8859080152708
5,13782587,44.821938916306365
5,11886308,181.74387306001915
5,15676609,39.20052752043484
5,11185403,191.04021181822003
5,12803220,11.525382763504496
5,13770313,19.892167577997867
5,17522821,142.81631897099672
5,19776046,207.0969140944115
5,15719420,180.99322982468362
5,18319225,54.31009960963555
5,12076075,31.27670958954537
5,19180237,136.7400544213938
5,10408742,224.73235387439456
5,13087325,7.4485674181675705
5,11769903,39.41846198844871
5,10752745,6.465174731420021
5,14821297,45.049194109495
5,10772399,264.92016835174695
5,12407086,11.466895228163295
5,11127351,51.47950387269889
5,15837100,96.14344250714252
5,14545182,26.5032804049632
5,16016396,109.20213251053042
5,17146357,12.28263383516014
5,13256736,47.56477999748647
5,14216138,142.364276716748
5,14701673,56.740461550055564
5,11134969,157.44447671872632
5,12385786,9.11896482683693
5,10837809,124.39842993049209
5,14526073,124.41060615640896
5,10652326,154.2135370877929
5,10258535,203.44738809891726
5,17040174,38.06408925790576
5,10757752,52.80658091163068
5,16843490,212.00331366616285
5,15582287,30.673853283856943
5,14250390,152.85850436630048
5,14806334,71.2579240590204
5,10625848,209.4762914078557
5,10578948,107.36144171367724
5,11961698,66.9111377876441
5,11499460,16.466261319177377
5,19903249,100.27253595769804
5,19330869,14.843680918668568
5,13474816,69.12477106435017
5,16193075,25.383144383381087
5,12000656,67.1364015831346
5,18347183,63.32867534965705
5,15339233,3.4646774629831896
5,16828456,80.194517866154
5,13000045,65.8711643557327
5,14080744,70.58270271247721
5,16428584,34.11724252130094
5,18481194,163.96560859928405
5,11227552,11.909504349946957
5,17316651,61.22061796539223
5,13333307,60.82351985610217
5,10252634,23.46471954362184
5,18695655,4.949539642774127
5,18665048,3.542701658194119
5,16730124,15.37907358155286
5,16231827,135.4291036185249
5,11917559,179.48389208780756
5,16840126,18.494020244368144
5,11976117,66.76468172870767
5,13954641,19.740791524932717
5,13647759,50.18122952239543
5,15147321,178.53208297171034
5,15101589,13.428541249414593
5,10433921,194.5286087149106
5,13293493,86.75108471984154
5,19577504,10.040738170219669
5,15735838,80.4814695909058
5,18442309,24.92170477071791
5,13066498,154.98456243270942
5,17469173,179.45286772157363
5,19579809,171.05586444203902
5,13254997,124.18305998001905
5,10719858,184.37602961745597
5,18427928,147.91131329786015
5,13777887,176.67845858652205
5,11145396,146.03966748675822
5,16297888,206.41020984691227
5,19870086,36.84668593856232
5,17973811,143.82643218860684
5,15688364,159.58614335466723
5,11403023,167.96044383787824
5,17175628,72.91695424279007
5,16801836,125.53855428222101
5,18690190,118.58378302362638
5,10679574,157.1771456904451
5,16027618,12.888555714084063
5,13447521,247.5293720799826
5,12668017,75.26641428606833
5,15467028,176.835435999501
5,13987318,57.41060928023066
5,12251009,135.91558594387104
5,15983344,68.23714005592257
5,11626079,40.530834550345965
5,11895465,40.93376364346375
5,17885241,13.521000489740473
5,17167096,155.9131836318923
5,11519009,117.34296561205271
5,16116547,65.41865850461559
5,16255198,27.4187318741767
5,13695538,179.7376080980642
5,14139725,77.64477809999019
5,11852308,84.22910881324046
5,19486187,90.67175493388183
5,12615468,159.20509617833517
5,11799772,118.14657883881009
5,17216441,32.964592391702034
5,12354924,67.15882055226672
5,19855775,185.43476581272694
5,16221437,148.3222775284954
5,14711095,10.217990866728329
5,14896158,180.10523519667976
5,18802617,169.0706610220728
5,19484612,89.36354253137132
5,10875764,129.9702101501365
5,14771776,100.61653274920523
5,17968647,88.7717897174898
5,15149196,91.729680305845
5,12868053,5.385090553817335
5,12752294,188.12727606697894
5,11539382,41.096373671183095
5,18310270,193.49175923673414
5,18616446,10.388796821619096
5,11204849,25.697303545248516
5,12386338,150.16859488059765
5,19390081,116.93602835397434
5,13532628,10.91054975074897
5,18395403,139.98362558709582
5,10335270,120.68014320984325
5,16333560,169.78651887937804
5,17695838,78.14208173478346
5,14270825,31.78873725538569
5,14641587,163.1255455004696
5,10300011,17.646198050262413
5,12691658,76.07518174068733
5,13614624,12.00094735362812
5,13291915,226.91190834089608
5,10800990,52.280725979948706
5,13057536,96.02718606916736
5,14325469,181.05422703401536
5,10326650,17.90091972166607
5,19263430,20.732540882069515
5,15799596,57.32060438104204
5,13698330,154.31189887660548
5,19101859,111.40239251400419
5,17453179,60.98045262596251
5,10280257,146.42833805143158
5,10426349,92.62999083025191
5,17603698,53.239883811522084
5,17473332,72.77089757713453
5,17470555,29.048088822351957
5,14262321,119.72454389779759
5,12927376,55.96040424366661
5,19593226,25.515846098496247
5,15116499,80.18583687739294
5,10697428,35.40343208607883
5,15671796,2.793309539167396
5,17901625,1.5088342207598515
5,18233928,60.216915708539545
5,19884130,204.1503809845757
5,15129031,141.88805120628354
5,11160923,130.58490477472355
5,10488128,74.07262568934117
5,17581295,201.2706213550414
5,17208086,67.25037562270606
5,15521709,51.66063799045637
5,10626203,52.54039500221368
5,13400177,77.33464295920976
5,13919809,173.4136266891615
5,14234232,63.777606722514925
5,10028780,75.93114340074396
5,10540926,63.02033830867752
5,15443240,226.0719255649131
5,10683711,138.6500497637241
5,17388068,137.30522404420083
5,13775465,92.33195090679068
5,12671987,111.41800492622438
5,14110534,59.31415631689519
5,17131884,30.940113153584697
5,17762788,127.39145708462722
5,11222613,12.234054960137627
5,11184453,9.942852434207538
5,11693744,109.87562247862212
5,15809434,71.64171945709552
5,12787102,103.75368358002854
5,18047962,13.414631374701742
5,15797305,44.63818022348832
5,10651356,159.87086048390137
5,15253251,49.406794584793005
5,15034515,125.69137361808092
5,11141025,4.205974311201999
5,18218355,118.12207319341725
5,17941358,18.92827715906695
5,12107751,22.020886498738875
5,13370882,211.41595749076413
5,13885303,96.08964521903616
5,19929195,19.42913287995775
5,16246481,41.44934583068818
5,14284339,25.25688442872135
5,17784068,18.449696521654488
5,16864285,74.39009522597956
5,18304419,160.43743654712668
5,16318226,64.21344948613765
5,19149823,115.54930226399627
5,11396322,19.149438902546905
5,15228115,30.072162807955067
5,11776074,19.989490544692842
5,11194130,185.38720938919784
5,16823585,105.26571193341019
5,13608187,162.3830813468025
5,15449139,130.1879216523784
5,11141219,132.58358988811122
5,12951148,179.52568517497375
5,10250475,97.3964745971034
5,12705903,147.89696850937878
5,11983925,54.3293909702215
5,14168268,214.25911807997744
5,14526211,42.87739831806254
5,10338906,59.32275258308956
5,10650349,21.84246699180423
5,14535709,83.8473146454303
5,10515522,99.48824724898802
5,17340116,87.7049492432016
5,15941545,62.32724134157811
5,14490171,135.67561856720422
5,13109885,190.34060329271705
5,12164220,157.9881128126951
5,17580022,25.9962808340114
5,19440233,57.110298692950224
5,12030616,64.8120909305633
5,11575784,65.61148488279787
5,11326830,120.68699308035175
5,10590765,113.46335499631209
5,14414496,47.61855378521291
5,12646743,26.82405030364552
5,10044030,180.346068900848
5,15562723,62.06507014112045
5,18357150,24.082852130471707
5,15595197,65.94421380773994
5,13473706,98.99016336589526
5,12234447,39.12065184182927
5,14330210,35.31066686826204
5,15438938,9.08468199915913
5,19930117,80.27567109094379
5,18256462,142.02386335082363
5,13771544,9.337477111564397
5,11330250,17.438533746095047
5,11401868,208.8752251944749
5,11489098,101.71483504244782
5,16599617,165.04828857576058
5,19902630,193.33454685354158
5,13064141,142.9270736124646
5,12464850,43.15214452966971
5,11055225,89.28765420069413
5,18747756,13.726487100643837
5,19923669,1.823937352294962
5,10837793,55.749763212802115
5,14449007,11.94723902336871
5,11721128,163.31918991014098
5,15351170,109.17899170508687
5,15152578,5.4685383964907714
5,19531492,35.50266607706723
5,11461833,56.32887148692818
5,12386684,102.79177068735258
5,15335973,27.55760473528825
5,14729590,25.90793419977934
5,13517596,14.524408088545869
5,12469143,34.00953604089902
5,17281627,99.38459515148209
5,17479757,7.771721883954683
5,17647110,178.72808590105734
5,11383161,111.07108638637155
5,15869723,18.800996525783333
5,11170599,76.16633420292669
5,13828791,6.349403124044059
5,10068396,129.57089776415745
5,16739169,7.108315471735651
5,19439155,6.429327613101705
5,14775647,29.673514110511057
5,14623070,119.5809438401426
5,14254415,182.44469975701855
5,16194704,117.21778579247585
5,11891700,136.8409956419883
5,16545426,121.43388483339272
5,11030070,4.214237908794402
5,11885200,12.289412036005558
5,15507728,146.89654820759466
5,17571006,4.05138947220793
5,12485114,40.418303598164066
5,15184022,31.902285257485325
5,12564633,44.47738691056873
5,14076859,100.06695659268397
5,16399901,73.42081793245357
5,10288746,98.60196899185794
5,11027066,25.850223829514775
5,15309367,75.85080906678868
5,10985377,20.109898130828142
5,17491113,129.49277145208606
5,19198039,9.451450747989114
5,18083162,68.3817661530386
5,17455959,28.978600793992385
5,19263091,33.92817048111668
5,17807291,4.006170489868197
5,13545843,3.752139826625452
5,18120896,38.685439490482864
5,19611376,48.0519242668954
5,14102172,38.50980058971989
5,11570653,94.27451384187029
5,12076838,133.07905100487295
5,13403680,18.482689622784676
5,14022979,167.57282753143843
5,19265312,80.94996349594317
5,19687447,142.0687598409606
5,10117681,264.1321392517842
5,19323323,54.960083658726504
5,16784875,110.66056793895086
5,19626904,209.78699276132207
5,11156542,62.82697088630566
5,16327817,7.71766765877986
5,15316949,104.07871208041288
5,17684243,120.2370962645864
5,17272538,4.504000632410865
5,15876239,175.38281410987275
5,19674610,37.68048759766967
5,14623263,182.70004118220157
5,16957143,91.74030936107103
5,12055453,108.98585013929693
5,13460239,122.21567333444628
5,15241364,88.61248863958808
5,10292822,45.87738604585748
5,15057245,196.10271130745093
5,19047835,69.82659512915484
5,10201619,75.16194935431285
5,15533816,76.38962039712547
5,11677554,148.08610290968159
5,17103446,21.506263701676104
5,13278106,40.55824327431463
5,16895588,187.54893203719814
5,14128486,215.95824589820094
5,15916234,158.34838043020858
5,15694837,99.03964355405002
5,19533813,86.28905235808337
5,14291799,18.74580867934847
5,10046234,139.62088944379695
5,17321957,101.24537403595482
5,16571009,133.5428041112949
5,11378149,155.95003666198522
5,16735987,44.26030172621798
5,15019770,58.92771993847653
5,12768149,59.92663136983103
5,19704567,86.16176006189606
5,13117579,46.917936135072516
5,18490494,95.72922187070178
5,16435400,97.27358785623385
5,15397869,72.70081727110883
5,13580920,72.0277070372419
5,17818142,82.00339777574368
5,17261510,10.029682572902118
5,13117699,169.3225724771435
5,11173286,22.208902289841788
5,19341462,37.29200922938751
5,15822364,21.882699741205542
5,15793708,62.25901974243576
5,19467443,93.06419259332766
5,18335299,53.91242122113438
5,12362756,33.098324971982564
5,19061466,103.62261697689473
5,13075455,166.1720089132777
5,18046883,115.90505787956936
5,15635492,173.73694866807216
5,13226331,49.55654796853761
5,19417282,93.11062132795816
5,14798243,89.19694497270676
5,13719936,79.87137882198391
5,15068607,62.127172335814905
5,15776062,122.06530186769308
5,15825863,7.235642330967792
5,11624077,51.082803827226115
5,13757285,100.12151819332944
5,19209733,93.37572420152823
5,13545361,109.89170866678063
5,10572763,105.10468473548043
5,15692822,34.359488054440156
5,14575693,44.93620935063143
5,10153480,45.931876635858295
5,16581669,91.92169673557045
5,11731755,203.75401509049453
5,10696486,24.939795217413746
5,15432198,164.71647056014882
5,13921452,169.84665467122394
5,10013882,13.525773604955404
5,14814971,146.6199757263397
5,17674269,22.68416217355275
5,10768653,68.91336928393275
5,14428699,60.343368898475845
5,19606867,20.88968898417224
5,15367321,70.93283746735847
5,17223195,63.72999478097349
5,18244602,198.75070135071832
5,10814160,156.53695301906004
5,13113741,76.85733269458773
5,11769359,10.241973921441698
5,10941600,37.63070386367693
5,11424215,168.95203521113459
5,14434013,130.4129888280338
5,12439551,168.47970204761762
5,15457623,32.36509490924313
5,14056325,225.0673240296078
5,10750772,82.62836237669406
5,13564841,153.31058157994727
5,13987851,57.95415625368595
5,11788968,20.452175415124387
5,13087084,168.88515316277883
5,10836953,31.330147725821007
5,19700195,78.69861208096579
5,11187151,150.76622526818227
5,16530733,69.41886830073729
5,19573156,119.13077393491955
5,19153982,194.5410011044577
5,11684834,163.0635302798849
5,12378807,182.8319129491179
5,13437669,9.32873994837783
5,15387149,81.60408704191173
5,12626325,230.27494305175605
5,15167420,156.1482393627194
5,16534110,24.136726725266186
5,10020368,36.462551011653794
5,17357066,155.2198850663748
5,17503728,75.73014619319451
5,11356595,24.799262675771843
5,10816626,85.90403240983338
5,13531444,88.71198238847069
5,12918539,65.51239475194149
5,13679881,12.674726675986506
5,16901819,40.36100430970648
5,11526216,140.40363724508487
5,14042465,141.7919227669099
5,17475382,78.67834385646908
5,15858398,71.40928674790317
5,15559115,142.46483327942235
5,16487643,110.55676882883573
5,11341181,2.4797025784129545
5,14274480,82.4677175028505
5,12181996,59.91235534547681
5,16915143,192.14152414227078
5,19471756,28.29478004873875
5,19083881,27.343506675619686
5,12340707,103.08928733542447
5,12658380,193.02192721534246
5,19657260,14.945465233882217
5,15950520,8.916761143912922
5,17795018,167.16045166763791
5,18251195,105.46144883877528
5,11022237,112.68760581564936
5,11830359,62.50493717443592
5,12449540,225.87117801490965
5,15920115,190.03466637197528
5,14317396,69.73920578933378
5,19097870,12.635942944354355
5,10228565,10.704008747951221
5,19060454,102.66764085314564
5,12492198,32.148480959486314
5,18713617,90.16278201607874
5,15142192,160.38097808272528
5,18557811,129.16745092257628
5,14584962,141.80618633626412
5,18104475,11.653251904631162
5,11741166,185.9560858866128
5,15395918,172.75783335433005
5,18898091,28.51290405140176
5,14281978,17.825154286915847
5,12811939,151.32882402542185
5,15294669,50.50161257031563
5,16361536,15.265853756978373
5,12162135,33.34696038622554
5,16002371,109.70795577723912
5,14647387,150.23284670584053
5,15315521,29.813482185421336
5,14879979,35.33062659423143
5,17964265,38.222627306489066
5,17490159,22.04535714925727
5,18190007,100.99525839697384
5,13534048,12.02542154579865
5,19871758,119.73745407412946
5,16138522,19.225699128640116
5,13992137,147.93001965791882
5,10876125,79.08008942393973
5,12149605,34.861725080749316
5,10618260,11.474251711753226
5,19456818,61.19584486308547
5,19254310,25.160281308265823
5,13591165,71.44271228710457
5,11557134,123.85690559432439
5,16398210,53.40388881416166
5,10489424,75.885987897487
5,19031096,10.321844346675235
5,14134038,100.85803676210574
5,10134511,75.9951122500286
5,17461500,40.6481899177468
5,18972763,26.296203507027165
5,10683113,48.425611103861996
5,14680690,79.13735218527573
5,10421422,69.44955200259143
5,15546667,166.16177630955437
5,16384794,131.27656257117914
5,10014515,36.610193135857145
5,13124424,85.105965768426
5,17641244,121.48039939008757
5,10965339,62.58584302694861
5,13613817,63.037893143551834
5,17996502,13.136894540977963
5,15607088,157.2782765498135
5,19164799,131.31249234216725
5,18369171,131.46156490549694
5,16621074,17.746475613241884
5,14517446,120.08959498300682
5,16459156,96.75618332992804
5,16185766,106.50040840141494
5,18314931,41.321878025873836
5,13338039,134.6914554617258
5,12326395,38.360759479610216
5,15242219,198.90471172929807
5,10570155,190.32906166200655
5,13184083,238.45407564611645
5,19627063,23.473985475532345
5,15814922,73.8449344909377
5,13481979,115.92793001606321
5,16924538,199.65577599768858
5,10350432,49.47430699023549
5,13345188,175.6342864279929
5,18505208,211.23323953054597
5,10327988,51.58128964422274
5,17294108,69.67642261546492
5,12164222,186.17566574488927
5,18026578,83.64319232048682
5,11643295,80.78608009296616
5,16540389,190.26000937187624
5,13645476,96.5112660072165
5,15801438,228.9926272777309
5,12317872,98.57707293388512
5,11343832,107.01385711660011
5,18488046,179.99272247349995
5,14919629,56.61364305768547
5,16163810,11.287255435765772
5,17585763,107.89827299311295
5,18493316,83.46438137090192
5,11255341,176.55470023105352
5,10100197,144.42136288396784
5,19302532,102.02652227343303
5,12313506,8.592212464542328
5,19818659,164.02810170833936
5,13289079,6.536025905096878
5,15505673,140.35160788464418
5,18535647,58.745960664595586
5,10636936,99.68291373652323
5,10998314,25.398170474998615
5,10748741,88.15597136737442
5,19407964,11.733766283678165
5,14735685,210.23241587225425
5,13212378,99.61893620772932
5,11414626,109.04247939752838
5,14897353,71.70174332806597
5,17203865,24.275764751534467
5,10776413,157.35176015053014
5,12285104,116.47923129723
5,11507240,205.68394069445282
5,13573791,11.503798441492137
5,13034356,95.68870301815889
5,10512741,91.2461696329278
5,12337569,14.845116943910355
5,14467823,100.27209489646242
5,15303201,91.2058775617776
5,13940590,91.60375470890948
5,17278209,76.63980464571478
5,15529181,113.71715725637063
5,11053374,50.24190519997758
5,10568406,66.89481067526062
5,12752735,133.72402500906657
5,16887439,68.59625019399195
5,17362737,52.86398436497047
5,11974096,72.06055447907295
5,17806735,15.84787073035261
5,12593779,107.79985822780432
5,16062868,55.23566830799691
5,10840798,141.36873614845342
5,11217409,96.12302121788639
5,10957774,21.265937404356862
5,19917566,54.759912450687935
5,17849763,138.44982148817343
5,17055708,46.83551467665188
5,15146784,179.17585617535775
5,16673158,92.16921752967494
5,15615006,64.7004762165131
5,14144094,10.880911111727826
5,18809970,129.2382252193716
5,12290506,37.08168421024164
5,12442911,48.08358539904635
5,15762401,148.70574814298047
5,16414584,97.19728090829065
5,15117490,98.83842641728242
5,12033963,163.40511623810713
5,18667101,77.45525397483404
5,16182298,54.121796980232475
5,16519988,148.6479283482596
5,18123763,35.40323459615291
5,13152641,85.4985184835999
5,17118372,19.180173856206537
5,13846186,79.22240828264334
5,17712242,52.04183168542149
5,10670189,205.81639535209874
5,14661843,50.03537718390236
5,12642027,114.73980765738158
5,17692087,246.84653922044248
5,10590331,195.41823857056647
5,13632419,151.63983393547443
5,16247462,175.09901480876903
5,11413986,133.97510996170465
5,16447213,78.39723951975898
5,14472022,102.02688138172766
5,13530273,211.27993435096
5,18534554,15.367035800689266
5,12053690,138.39202431911383
5,16077406,12.518097298744848
5,12498976,211.87813015658702
5,18640109,17.713087971409593
5,17972545,48.93282386058751
5,17767631,53.22284909517265
5,13726063,172.80107129858442
5,19927200,106.29067506756553
5,15820772,191.39056072859228
5,19295195,53.78473255265179
5,12301038,172.47500537591446
5,16810366,75.95399040832989
5,16581650,8.58715408209558
5,14860278,31.08393408874401
5,18253591,96.11390433429396
5,16465615,4.3521570440267965
5,10613982,86.977274894681
5,19741855,100.39467258469917
5,16081638,65.74932653658172
5,11611546,134.7290923096147
5,12271222,173.33989421933552
5,10692785,58.79091862188913
5,15336635,41.55421053317447
5,14486931,104.8323757928757
5,15157306,29.95971033855661
5,13092026,29.746635122678057
5,16051554,178.6054288556071
5,19241743,166.1493553452383
5,19604437,150.59163964761575
5,11418173,80.18192438154736
5,17929599,207.34242244508306
5,14863815,38.668952932343295
5,13476871,228.22711559105647
5,11952300,165.58612814088133
5,17146724,23.633636398321485
5,13114604,47.48677864284041
5,19810935,151.8628139286
5,18146889,18.977381965440742
5,16913565,112.03744427458267
5,18904436,217.38625645241194
5,14268761,74.5022590095884
5,13370126,106.66639220430997
5,15814212,79.57647386753116
5,18748015,86.11987850962831
5,16144515,71.88138621379062
5,16571569,187.8054320646528
5,11481222,204.4857129240704
5,15443567,4.873104104948752
5,12735892,144.81695940590498
5,17913781,138.43817207936468
5,19223155,30.45646500677713
5,15982368,129.42901172450283
5,15025623,33.000015225435256
5,13122689,8.30297355512306
5,15020614,189.42952138018796
5,17334990,30.626326213365168
5,11996750,34.79372100795088
5,18423089,198.53797889482598
5,19914423,146.46904332472462
5,15431625,28.224176975818196
5,12808543,72.78130199602735
5,12035050,134.91005539312738
5,19020086,83.36416255489421
5,15173138,96.87403537272259
5,13277989,41.73734462136236
5,15116033,139.5838472424726
5,13468507,127.40940450902542
5,10404148,38.87742125441968
5,13616020,167.08571873214788
5,16583666,19.569047165027044
5,10534221,49.736769929897584
5,14862392,165.41598115098125
5,13250862,24.12457997911254
5,17786931,28.189064812905862
5,19327424,10.178946850236187
5,18053386,205.19798407386406
5,17385529,6.4525269275004575
5,17420024,132.02071062929025
5,16435957,179.93281563350382
5,11125155,229.93163643957348
5,11109348,207.3580637107177
5,13835999,96.83166220544773
5,12316661,47.634603067451195
5,11264857,112.3899077576278
5,13403096,107.47998676267727
5,14437091,29.18139754461471
5,12455822,36.930153788405626
5,17527579,16.456349110080666
5,10483147,5.2921912163227915
5,12581930,109.69255656445686
5,18360308,161.0861610255563
5,14317433,12.406707862864948
5,17555415,66.9701570649522
5,16000348,78.75251904649073
5,17543772,68.94340384527811
5,11198823,157.2300398751305
5,15929957,22.07305818517773
5,10029283,169.42930295294826
5,16030389,180.00976467608945
5,10159698,54.27091706242616
5,17163975,40.623660296348234
5,15613086,127.12724669227663
5,14527870,117.54343458485204
5,13043909,131.857913159958
5,10409323,193.0236946100286
5,10483083,105.12486495091103
5,10278209,112.9412952476668
5,18427134,221.9514210562
5,14936913,75.42008723369212
5,19015061,7.4111115681326964
5,13230812,150.0288436483327
5,19649571,206.13470844146616
5,19111574,187.15359908538863
5,15944181,132.75593560475687
5,14680888,19.779216253000243
5,13098248,23.268106795269816
5,11111946,45.72789148332325
5,11271537,54.99800260875438
5,12133833,56.92896932079088
5,14810869,139.94991570408774
5,13897832,151.26942254776276
5,16851786,107.85493565517231
5,12195790,65.0944008689374
5,19800068,152.9314235777739
5,14539746,15.946147315764605
5,13794336,14.06526989322657
5,10708946,195.05083514969357
5,12607296,151.04132113488075
5,13628657,190.17154342321163
5,14367405,160.57459023473012
5,16126751,127.78762359630167
5,18136071,68.20272584988992
5,14803387,22.338077481794897
5,11050843,201.70317733058113
5,19225455,100.84866550978997
5,17876911,19.384177441974728
5,14857521,35.57436027884174
5,14185910,87.16021540200407
5,12379970,95.21557112628824
5,17146058,107.37719044782091
5,14478823,88.96525488352246
5,16727533,243.8163805415392
5,16356048,17.684701056754818
5,11020941,27.160214774072173
5,18789619,7.59045737119061
5,16450349,13.415682849664577
5,10439176,13.127904380019544
5,11896131,8.796225744577598
5,11263414,112.11693631425541
5,14510596,201.1597155888295
5,10811492,63.69120087741858
5,17091484,12.88218836263178
5,15408307,77.49007782969869
5,14435543,63.85105296323431
5,17755692,97.99683130122149
5,12576313,22.300048776976737
5,10212725,103.17071270422801
5,13439846,55.21998170819867
5,19935702,86.21778454482427
5,12514678,28.8613836842824
5,18790504,151.96763937841314
5,15065097,111.16267974702514
5,10030155,157.16041587802226
5,17091491,76.5438591728313
5,18434125,145.01252168117506
5,14126743,157.4559715852392
5,14399506,256.9660535823758
5,19802483,106.03091844523578
5,12741414,18.03163212634422
5,12316929,37.02417352360327
5,14056281,112.83845799039995
5,13227373,35.196198560608536
5,18894201,66.4420606033658
5,13370901,40.590249694533675
5,16403093,152.01085193044906
5,16926563,87.69958945296376
5,16627700,49.42834376300005
5,17781417,19.22642425155898
5,11131422,88.69976796277723
5,11886358,80.85523556430427
5,18677018,50.73011016308138
5,10044774,113.23266430960712
5,12807437,123.05730404027742
5,15998462,96.41498837626736
5,11550336,24.26457238214671
5,18629848,121.01232195477179
5,16762787,104.03157419468018
5,11437286,168.69418782688706
5,14861698,66.23974134249525
5,12856324,28.232169000011197
5,11333721,47.1770707409743
5,19498959,34.70024358825992
5,19468940,64.22167608619552
5,19427819,168.73047125526776
5,18536110,101.92818516044996
5,12766571,47.53056462522992
5,16300919,101.67717505670362
5,19790099,95.72226317075187
5,17455639,268.61517501857924
5,14243456,205.3396333815578
5,14862282,55.90480184701455
5,10849136,7.336660338672388
5,17293855,122.29556997734271
5,14313259,22.1121497760672
5,11124485,136.80657898391894
5,16998689,22.295586456561963
5,18465650,113.66849873639563
5,16539642,55.08729917283797
5,14980446,128.3469603722935
5,17179219,6.910112421901758
5,13078136,16.768168854390282
5,13443145,207.0665446368398
5,11473245,27.063575620317607
5,16363754,50.29085090353492
5,19414091,129.64061296601253
5,15993923,13.573630428077706
5,10352816,14.819946686643675
5,13276631,35.224976616447655
5,18662300,12.296521938337989
5,14643198,53.34119848971449
5,18611096,122.59161444929302
5,17430067,87.45276082142387
5,11275720,51.536856334885314
5,16183915,113.094577484246
5,17960713,43.63895731533422
5,17278224,64.83487107114001
5,11100068,173.361760650916
5,12116666,216.2590986163412
5,16208777,185.3865241174323
5,16366307,42.034415344736736
5,14446331,44.00214882681878
5,14967200,129.5808144779061
5,16581155,102.27491665177233
5,10921184,159.49942075185015
5,15546601,85.92835997805143
5,10836250,92.94679157220435
5,16959883,125.06225522392887
5,10960879,9.706147766905417
5,16187872,33.74799245387344
5,16606505,58.13805161945449
5,15537199,19.56944933215523
5,13906295,9.530481355381696
5,15035775,22.1117749918118
5,17743296,96.52732650377891
5,18696318,47.363350358144096
5,10454943,98.21172324058115
5,10551051,188.06477555326634
5,14525296,217.41233034078772
5,13363046,68.58600300501078
5,18641361,50.44492759665398
5,10518667,163.1111430963124
5,12825803,159.34203263252127
5,17071709,39.33758777330819
5,18030469,170.4917028589311
5,16690747,67.30217644864464
5,19755121,130.09691960125116
5,12051724,175.88573739048616
5,18400571,33.54677654782508
5,13126814,36.70773918258982
5,11734749,29.18901742310419
5,12366575,5.058286311843986
5,13427834,103.07958294312816
5,15323218,151.602409599598
5,14016915,147.76124827842023
5,19432608,38.003639104174916
5,18840522,109.75833741529732
5,16919031,32.64557502628155
5,15217381,145.13288687710573
5,10584576,71.28213469816767
5,18224414,42.60769909044731
5,12607460,15.831381339676867
5,15688404,48.81799315081411
5,12651581,29.803514994823445
5,18512048,120.48370342997922
5,10458941,94.97056706753516
5,11015052,28.910050292222607
5,10791124,67.79986734380634
5,18067228,16.043539497769828
5,17452059,12.783766255951477
5,13808692,133.78813540338186
5,17824478,183.59591937644385
5,10984938,190.44631911515816
5,17968072,62.78627053994683
5,12122483,45.55401378087153
5,16429622,113.81046616572786
5,16038706,168.57850346513004
5,13575146,19.31971817438017
5,19718404,110.94779352304317
5,14319968,157.98925229236886
5,15918484,68.52158708586609
5,15304818,232.0265394298666
5,14471154,123.56296720106789
5,12404748,169.11202706861883
5,16682664,217.08437309020428
5,18134764,232.84061470586988
5,16312452,132.73022597759748
5,16068699,3.812012321964133
5,11412464,48.75439314625964
5,10060820,50.77743940198025
5,11796211,131.0301162341123
5,19923545,92.23870357085116
5,17580170,147.58003907130407
5,10895081,15.90195874627139
5,17952647,176.70842001707013
5,12607594,9.082545808053908
5,12329819,132.13212709961573
5,18950208,10.676627262838394
5,14944352,158.41322580486997
5,14784146,32.13427950364691
5,17079669,158.45492225380812
5,12641918,4.300917813238186
5,18423795,25.102990306756183
5,19993026,51.129744493492716
5,11451387,116.76035395798397
5,13963518,62.71118215178439
5,19495975,73.90075423330688
5,16925643,138.44465064582735
5,16861387,70.49145945822086
5,11907199,170.01785562294447
5,13871231,17.28874915558687
5,14611928,212.41186698096
5,15813601,112.45242527251216
5,14442069,113.41252783650884
5,19448313,35.94816376562083
5,14208170,8.802987536322718
5,17352972,17.500235142514995
5,16153573,22.39603963628778
5,18731446,95.01958162967031
5,10173035,159.86973921320111
5,15073838,37.92148209406199
5,18078068,55.040541155351185
5,18395627,185.3906595854019
5,15856282,147.95373446849226
5,18469573,9.63377773447391
5,12894611,7.708142142240575
5,16206632,14.952959490298213
5,12694662,103.6727751876632
5,10054414,11.595416299687699
5,19411336,142.178909255534
5,18009903,55.508149271923436
5,11683940,140.80742407210445
5,15045095,41.70668656910416
5,10186484,28.6272530143791
5,12978154,118.83781929683879
5,19436934,163.86343775102694
5,10219385,130.592800619026
5,15655031,63.350107731472264
5,11791421,76.65481240198729
5,14087143,67.86665060286083
5,11890833,255.62003240991575
5,13655471,53.65563635315359
5,19554011,7.870923376054293
5,19119129,80.26282334801006
5,12885800,89.45750257643597
5,18446454,229.39815405906177
5,17903478,111.59692518789102
5,15493847,158.38374898592735
5,19854360,167.76108786901676
5,10599580,85.88976336280659
5,11634794,41.29629016248283
5,16368768,3.8137922287846777
5,12338829,14.102557137465126
5,16496960,169.78710768933357
5,15960735,233.79344532873031
5,14870963,153.14824348285904
5,18060808,13.852193222916085
5,14733486,120.29806532115268
5,18862690,7.481811708697236
5,15060881,66.95905356373017
5,16985982,125.45661802673764
5,12464728,36.884038728206264
5,12493640,43.75600411707084
5,12228347,175.69183552295206
5,11965928,72.02546957245525
5,13373783,115.41732991574204
5,13147502,75.09564914792062
5,16312785,155.20211668027116
5,17536268,3.6585497555317374
5,18089884,127.1858000471492
5,16149003,130.49470986486543
5,14255616,66.15339347404202
5,12221911,133.48507443263009
5,14342459,68.63238561508302
5,17855805,34.70265281445101
5,16614250,13.775477888117194
5,12484482,160.69748306439197
5,16545808,99.73990033777116
5,13843851,31.010783364831646
5,11155591,102.68048389006626
5,18940241,31.483378275175475
5,12202933,53.926830442165496
5,16642211,13.3488847210931
5,15687185,149.46708129381392
5,12446714,19.287433658079934
5,14503730,165.38326719826293
5,16574333,108.9809165819964
5,12338218,46.895455005619624
5,12751806,131.1022400623662
5,18075092,184.58503317588128
5,15142644,22.361414065372912
5,12811292,146.63662997764447
5,16859377,99.22709985279316
5,14611732,109.44708131888117
5,19382612,179.268665072848
5,14359991,176.18869370993747
5,10256991,31.55213849752934
5,15962526,201.16272361758087
5,12209289,27.678142168405643
5,17542228,143.07652930448404
5,17928110,25.31971257641264
5,10344110,67.46047433550261
5,17442379,10.101535551790889
5,13199773,147.11357606958504
5,12737789,176.68172112043737
5,19143691,143.60933926662653
5,16644341,3.366981318986589
5,14674348,20.01948682474388
5,16320744,12.681506705744795
5,18609268,145.77545752104152
5,18939429,134.96194294107835
5,13020317,134.4100302629001
5,16057645,125.69830590353757
5,10078938,27.030243577387644
5,18407550,182.15648880738468
5,16425056,39.3222984801677
5,14174816,39.6582055201201
5,13331407,52.50461484427108
5,17338250,6.478158701556907
5,17025860,115.74885029201009
5,16109501,158.4149121047016
5,18203033,91.96879706007581
5,19070128,67.14326964946996
5,16885350,55.93335019712773
5,14951529,177.10419314002763
5,18105316,145.84727174661302
5,11029659,169.26269425638856
5,12047532,148.35823227152298
5,12598637,179.9057188551834
5,15631560,47.56156339564188
5,11269335,78.13398281332537
5,10334813,91.63408416422422
5,11823837,28.180977645536395
5,13352002,19.17758142574928
5,15773206,60.12380031955361
5,17847617,52.82949098588641
5,15671040,29.84177955466047
5,13289098,22.843726900497515
5,17576098,94.25769632515252
5,18867544,190.24024169905056
5,18298527,38.76903656767107
5,10431709,19.775370073506437
5,16051076,110.74187863783048
5,11509886,37.4142113461067
5,12733586,173.24830038173772
5,18086810,197.54584413398922
5,15097199,20.013743880455664
5,17180141,103.9843025958846
5,19536630,54.34857281816046
5,15140300,11.297177284617945
5,16483325,119.98839822895806
5,11015537,99.12318131604042
5,10692173,85.67372828382423
5,17427449,18.3020097216624
5,11041219,89.85421753266134
5,15714145,139.28474365223343
5,15485728,132.22625969087704
5,19109837,9.590875295928612
5,19876392,11.83472910009435
5,17166077,166.61270276497157
5,17217533,35.378736186856784
5,18948351,69.87426925841642
5,10967150,184.3190889745051
5,16584377,36.11058852331392
5,18804479,191.71234802310738
5,19072496,146.84369553369186
5,12663057,174.11453828822988
5,11974143,90.43175691834564
5,10721146,7.890065192235994
5,11499025,205.3929394183702
5,16685853,121.79590296827178
5,14534663,136.64356109963057
5,15394963,76.76720501732103
5,19351353,48.79958857661226
5,13975523,48.1879686683652
5,15585440,170.81715394517454
5,19698350,123.34300039575801
5,19925665,132.19230420157456
5,17428309,252.79776932204018
5,10679568,88.32508656647252
5,10647318,27.68611839940842
5,13487576,118.72919717267065
5,19206652,210.71522026437714
5,16704757,93.79900975721753
5,16869419,71.40451838151623
5,10549089,144.48487382699327
5,17424080,216.46795309546002
5,14289608,60.28132251029152
5,18668213,160.49451061685363
5,15873175,94.0827627494607
5,14181557,196.12491351105592
5,15581999,206.83764542768546
5,14867603,99.01303940563166
5,18680931,158.7115387267041
5,10679148,104.4064102185169
5,12816531,214.84012952393903
5,11171031,65.46842948686563
5,18830129,13.501867664385784
5,14076910,35.928835834716395
5,10290416,124.5500616882575
5,18010312,29.51982736239907
5,18383050,169.95317650305125
5,10012801,94.0553202306864
5,19078038,126.60268327647623
5,17114930,121.40229819883811
5,12734129,137.09351639565122
5,15734602,190.26457610033157
5,19644436,8.789712759709587
5,16255880,126.34998190740075
5,12864673,56.688856461074224
5,18534280,132.53016197476765
5,18302278,89.29463721930031
5,16143118,17.82995728729948
5,10806105,13.612122263294637
5,14690844,34.87260919426615
5,13045270,83.67401982906058
5,19628507,130.5636686916074
5,13812171,56.57807016317448
5,10274403,106.69711706640457
5,18654886,229.40432732870644
5,17637168,20.52865898144647
5,19323531,26.13084330877001
5,11565892,149.46036175084262
5,19035293,175.37366882599392
5,12520261,97.16929199804501
5,12097772,59.08003833949063
5,14565579,31.569440303152952
5,13609978,101.46169793750838
5,17434752,184.4392264163009
5,15621286,38.33844127729317
5,18531491,146.86684081442644
5,15812605,186.00008307215037
5,10638410,58.298650225390446
5,13557369,9.170722958840486
5,14434854,155.2986063280054
5,14526871,258.7497486668402
5,17757241,94.54915736686134
5,13364333,136.35325153571816
5,17497515,87.2387166587571
5,18935847,50.063299993662284
5,17213390,131.55534723044866
5,12275191,41.99235341914152
5,19198864,119.75447967854089
5,12561963,13.500232252744013
5,14598018,2.991537229589298
5,11701631,59.745983193164946
5,14367729,79.58132932167798
5,10034058,62.15660395343406
5,14923092,18.01714469719846
5,16341116,99.62489839762057
5,17556356,85.94125475457658
5,16528482,74.52708483535216
5,13367422,68.88948697423902
5,18052201,15.258458752239719
5,17632939,16.257226964141694
5,15217189,29.241173019136554
5,11586446,210.81628670220982
5,15720905,28.952067489381655
5,18708916,11.129747326221477
5,14622745,54.128390176553864
5,19412126,29.348739251080424
5,12027095,87.74490802223596
5,14924291,157.761566774788
5,16306567,128.89036265711422
5,15340495,136.04532332298083
5,14783606,25.096523139809847
5,12056612,21.155308782682695
5,12990661,7.503269287952435
5,11505250,96.57255590918011
5,13390903,160.92796795990145
5,12539849,216.71322427783005
5,15850859,25.06731833768245
5,18381946,94.94726869787871
5,16840355,188.21306362744255
5,18276811,70.76200360146909
5,19312299,180.62423018115868
5,15705621,160.94850747278844
5,13586770,127.74075531869948
5,13226546,15.658202536180482
5,14749158,174.03049254232337
5,15053436,102.35755486352127
5,16423930,173.79087669548454
5,11903763,58.26976066511359
5,10266885,123.41165912402465
5,17427527,85.9733404077081
5,10678203,16.36435031944015
5,19184075,189.5081646357413
5,15797959,31.5652261185675
5,17850807,9.59303902470323
5,14754307,57.14707929334625
5,19212878,94.61621157147206
5,11163519,84.61739329329234
5,11194446,56.23268924892089
5,14641755,49.568777570905105
5,17007545,104.45745023513598
5,13145015,109.2379262622132
5,17924677,147.13510795223021
5,14222177,122.23357613726763
5,14594125,63.959606501623256
5,12578905,9.865528860611064
5,19743095,75.68215881106211
5,18251057,3.534855817722587
5,14816450,104.8532660802645
5,12488636,28.04244030130608
5,12627486,152.7648549846295
5,14794863,9.14493378650161
5,12995157,32.698693130340246
5,13165267,74.03177666047124
5,18877726,177.68438912695888
5,11497178,157.8594569132071
5,11459632,147.335148011479
5,19233602,10.581305345285742
5,12721653,26.367507054311773
5,13592901,209.04535632089414
5,16955714,28.579324227382273
5,19181116,69.03426307187993
5,15706257,8.534073730423842
5,15993245,83.52703243352146
5,11638755,76.17405726726001
5,16294317,98.14092514808127
5,16754337,107.4331802357739
5,17701747,57.419030614853796
5,17691320,99.34190535051539
5,18418162,46.70383385255941
5,18562631,50.3720545642806
5,12995619,29.789487056798293
5,19905268,146.0743240737034
5,17010521,44.97974232646705
5,16247292,98.37038179340419
5,13708720,36.501127850356006
5,17769681,169.85718028829365
5,10929819,135.91974286638555
5,13439081,73.5784397652219
5,12657969,10.780211565424082
5,18415591,254.15172101842847
5,12184919,48.83645473588754
5,15652514,47.82214224262831
5,14932277,127.59811319701046
5,13259987,5.1997713452794585
5,16033850,62.119968294287986
5,11030399,226.7472067400624
5,10856272,164.80270919928964
5,11587360,68.36077345915277
5,14821765,203.05221327729691
5,15457723,165.86324499484408
5,18199020,43.79173471352068
5,13876122,136.55172970307672
5,19007399,259.6848526181786
5,11127760,6.863677068823932
5,15701879,116.24398348474466
5,14467814,58.31597162294434
5,19597115,54.61968656645039
5,13582178,194.10742951537654
5,11424977,140.2214519275937
5,12826306,4.149077680211235
5,11500782,200.6976323508203
5,13119538,6.296960802530521
5,13917424,57.75034798470784
5,16563524,63.72714756049396
5,12276044,9.384945147705835
5,17434736,126.9012894764561
5,14194141,70.92258348977411
5,12061293,18.09995610036688
5,17567539,158.06180171584708
5,17886937,79.72835593767985
5,12175219,89.53473768302088
5,13045083,186.2230827182613
5,13900774,194.72097293294598
5,18167689,87.68956422900438
5,19363563,157.49616318773826
5,16577415,32.708630715104825
5,19157348,173.2232495767713
5,15656843,80.63537957451163
5,19668956,37.15670648960264
5,13158135,133.69828843508827
5,14211723,49.639854440141605
5,19866093,8.3422657135944
5,11516947,138.16236293693555
5,10713082,54.01151449229939
5,10578169,63.84841580500863
5,17399312,26.463274940822068
5,18712681,144.58772477748354
5,10817893,164.5705098853769
5,15552704,67.99828207110681
5,10263534,111.63728351323098
5,12117509,15.504516322489522
5,12598568,38.111640449381625
5,18950872,13.401728474863006
5,12866382,189.9233022967489
5,19267304,34.45536292893166
5,19168761,99.35127977209072
5,12025402,94.11589098478649
5,14972495,115.96711540678345
5,12594630,90.91210807699724
5,12259323,227.1843946397313
5,10554747,67.33521313401988
5,13664308,92.52363530846124
5,16187117,200.57411580947223
5,13494202,17.901269990385316
5,13787129,106.14927008763911
5,11136737,133.4997881340963
5,18551947,86.00272649744801
5,16500330,169.92443070179758
5,16290700,76.4980615013797
5,15488231,181.72577154281356
5,11132839,7.105969921483478
5,11743674,194.93482399144006
5,16013032,7.942858512127316
5,17323433,6.46263635885353
5,17844092,181.65147727081228
5,10806545,112.04583425682678
5,12245709,103.86247757357508
5,13028559,179.904212912524
5,17951742,70.50495042390712
5,19873068,192.65022585775293
5,10570131,35.57755812073987
5,11924755,40.843024833692525
5,18277145,78.49496775179077
5,10011152,27.738166241083135
5,17897028,43.43310401398508
5,19363282,48.164389612348906
5,10100604,121.61129325750062
5,18986508,114.74665603124947
5,13201153,129.14545330257585
5,13517666,97.65800359962721
5,10738453,65.34750654804736
5,14236637,133.90749903550864
5,12687046,55.472951071027744
5,19311491,8.444985008106926
5,16076553,6.890056603042595
5,14747863,93.74111205013645
5,16483138,33.817494691954984
5,19204077,95.1720880520965
5,18141931,128.78398322972552
5,18618513,73.78016135408014
5,17244789,203.03132556710182
5,18907327,49.396111201115566
5,16908484,8.018175589572863
5,16673395,7.201848140317878
5,14774225,141.6268159105584
5,19830858,154.26462907465222
5,16214244,40.04191000920618
5,11592348,71.83661600540117
5,14468018,136.19191906748367
5,15122480,44.44194751453912
5,12781381,30.948358550857087
5,18643157,63.779737411142165
5,18596658,257.7090854641416
5,17034126,116.17286087203343
5,17582299,27.123425284420826
5,12413894,199.80336136006602
5,11560557,14.830224437566017
5,15529998,38.527668601965935
5,13077162,61.68626169988053
5,13283070,114.8670295761749
5,19649913,13.930671564191456
5,16779958,112.30202163402005
5,16551300,231.61820004100446
5,19031605,55.49114748101055
5,10044742,188.49991668072474
5,17921022,176.0837838291444
5,19414695,101.19486399482516
5,12214037,123.11619277265319
5,10678968,52.00225187088369
5,18945548,103.29708118575594
5,12725801,12.797615304672519
5,10722301,99.41985329213553
5,13631848,32.887011335701715
5,16691224,91.41221400640538
5,12200442,23.933275905162787
5,18922575,22.045465115100924
5,19292845,20.228222546535818
5,13200777,40.45729471278794
5,11833531,60.13319063857124
5,11314332,64.60458300527658
5,13595349,9.449525445852757
5,17987803,108.02380185718879
5,19332445,134.22567559361553
5,19275798,80.779199745476
5,19021774,51.11378237051839
5,17034298,51.294060375097345
5,12111577,65.37655451787474
5,10216564,27.709153459755875
5,17351775,13.912267378845073
5,12161575,64.66598711109204
5,19387480,7.4812978772229854
5,17632150,23.643612668231057
5,17367800,60.144907263651916
5,13584547,98.81119172752939
5,19189565,66.21086381561373
5,10655307,125.95433023446617
5,11174359,50.6548728348396
5,10993516,27.49375594049772
5,15846563,7.449058279042262
5,11047913,123.37912418146655
5,15976671,39.283872944844106
5,14713837,20.837739196497893
5,11609353,115.37097661795174
5,11598389,12.471810698556354
5,19742183,3.90870233146741
5,17985735,159.4190173724121
5,18912823,64.53437855337884
5,15205165,137.22215673897614
5,11586141,93.7878489256672
5,16856583,87.07208645309136
5,15349518,70.82877264970047
5,16244343,111.61000840392705
5,15610653,166.84655422872834
5,15451975,95.13580290763933
5,13611443,102.79912127040012
5,11444699,58.77904849671361
5,10121927,7.919613588123937
5,17205493,35.31515672556407
5,14923037,22.168912674373573
5,19489756,32.96816799608684
5,10820174,71.71077203140396
5,15551300,166.71526220314894
5,12030953,80.28373248846324
5,10504495,95.47249794903762
5,12162019,177.942721237839
5,15761095,149.981018764462
5,18099699,78.42025875011583
5,11737355,34.70442047841859
5,19674782,51.93055097611633
5,16959962,136.38190410279265
5,10244375,166.51978200009967
5,19216736,25.97049814851244
5,16852354,149.48452248531095
5,12794499,118.59864555404491
5,17946119,32.51145317557171
5,14020766,9.90045857507495
5,17195081,157.25928732751288
5,19841917,140.2997881391192
5,14351379,40.265450695470705
5,17662178,110.93520423177908
5,13477185,77.85605478935351
5,19499991,23.11804615898579
5,10699781,14.779676289971647
5,19422296,29.586406926903436
5,11164848,198.09558238550105
5,15192349,83.35487614015096
5,17768023,121.37502079984367
5,19595594,57.23578552481022
5,15253349,96.5767456488883
5,15627503,15.712466764956986
5,19053561,3.619291852080309
5,18002893,103.16085085858752
5,13100757,29.355998823318387
5,17489844,137.25133779839285
5,10838690,64.48916191570268
5,10915031,105.4166008939798
5,11198377,32.016207815170134
5,10387410,83.4642294903097
5,15857007,26.624950074302205
5,10578173,50.47790526442429
5,10750470,76.99342417062617
5,19589677,47.085681643450016
5,17232883,97.89651183191415
5,14277328,149.19006641763954
5,10191695,182.62063322410148
5,18230784,77.33160550773127
5,19219932,112.07713006642561
5,10749242,59.33135998415602
5,15052652,127.84219751099927
5,14838024,167.93714186136845
5,16608705,88.28125700813358
5,11009245,129.2334142832323
5,18725130,56.075120431978036
5,16079391,131.1144327757491
5,19105462,165.18443681151703
5,12209671,28.70916937830509
5,17687117,37.55655385130802
5,11158106,42.047098295429514
5,14124820,151.44915306985064
5,15630986,199.79227733553228
5,15424154,122.18190052751015
5,15769995,31.977293595462008
5,17385854,91.0627476789457
5,13569052,128.07560942177463
5,17073516,22.355090855310323
5,11171425,165.67098145871296
5,10641592,49.14354007281734
5,10935124,35.777517557396315
5,11888103,41.57754800494796
5,15388958,14.526355382514978
5,13335632,171.96822217314474
5,19118511,57.74252088763646
5,18468491,7.534124357955847
5,12817999,62.52410503162565
5,14646801,45.734704914997806
5,11427185,192.77413262409135
5,13987013,11.784882905919005
5,16662232,116.40194699334033
5,13503519,112.32699510774911
5,18344237,21.53561808716657
5,16867879,17.777449585295315
5,17864453,85.71172876228995
5,16292172,103.57008627191787
5,11188547,118.13821099218609
5,12849819,166.32302664544812
5,17421142,73.49239247200266
5,13560718,66.58341596251385
5,18281524,90.41649036857827
5,19514398,25.953525709306504
5,15908181,118.31758657468302
5,19821971,60.484969806670634
5,17588263,172.8577763833706
5,11969058,38.8621031135809
5,14881898,12.3240078082722
5,10929883,24.478868325768488
5,14139296,10.939772805603937
5,14512475,118.57925113775792
5,11077743,94.65710748808901
5,15520376,139.94320921673688
5,10798827,148.37384310456684
5,15189685,43.34931516792028
5,11713594,38.095519074525235
5,10749016,132.81437921027523
5,15183212,143.76789986299408
5,15764363,45.68895900494151
5,12459349,19.650918936356703
5,17911210,89.7729663361077
5,14119028,135.9918622672671
5,19173079,107.63118114261931
5,15873077,10.648512346068173
5,17890537,80.4496490656025
5,17992573,147.52747301480989
5,13560201,128.9719287970949
5,14776860,31.958405521901774
5,16704675,36.1769559860472
5,17401412,3.9256368085989237
5,19916629,129.67599057914714
5,14344454,133.7469977932959
5,19873306,69.56132122309444
5,13228155,14.284382333173426
5,17026665,52.8378496790297
5,13796363,7.500529929902058
5,12387943,89.02548138504314
5,16369713,17.344589865128142
5,11382604,4.63005372354408
5,15482212,77.65800312200608
5,16655537,48.760552782709766
5,15099951,31.556920861810703
5,19294552,89.69989405274958
5,11278718,79.30037404766767
5,19955129,165.4023872249895
5,10574846,13.82647874453626
5,13306036,7.025600636313243
5,14346624,109.954148239766
5,17670151,26.91377653751082
5,13908888,61.862277709365486
5,11084582,89.87962252957921
5,19281731,153.1773620546909
5,18830467,53.74531526215081
5,13121532,86.38110752126018
5,16916239,159.70156183835064
5,16474431,113.36897997895387
5,14864063,52.77695055340805
5,11844188,24.52225018851503
5,18837518,44.04086754963348
5,11529290,49.542460890583904
5,10519895,60.95467735255403
5,14030207,56.888110760653454
5,10877086,170.35671960339337
5,11994271,79.70100106446924
5,13391492,15.128804385959697
5,12573938,66.06449076833249
5,14693053,22.332618499593508
5,18256224,15.283914504113739
5,12492875,149.81606004122983
5,10935309,27.783701364911586
5,12879279,177.5951400106896
5,12329594,145.13827677194888
5,12775148,93.50954076355916
5,15356825,102.84806996460087
5,15997292,10.605701651706624
5,18998025,99.79956066161807
5,10473293,185.03372977088895
5,14743686,149.21953725920392
5,11553280,24.79624502657414
5,12047880,94.56761623303362
5,10915154,152.37340179584362
5,13736809,139.11799498456264
5,13547603,21.169901671226967
5,10842365,146.06348276716824
5,10856526,66.0162378496994
5,12423844,13.914505939754832
5,13858889,20.280466290319154
5,19812639,123.37411953307415
5,11198764,79.62972608337309
5,17476818,51.718996432993976
5,12163303,113.86592052758347
5,11466118,30.042711689984976
5,18353709,49.524018657363314
5,16764469,116.68725664111076
5,13130803,12.265429991622042
5,11583518,116.29459399306204
5,16905108,61.08663698537184
5,18216103,27.305496981702838
5,16716551,109.66043875653058
5,16346057,59.53524196915306
5,10613630,37.02879880552183
5,17001581,137.15171063751527
5,11339639,164.59846310745746
5,19262661,131.07946932542586
5,10079907,95.15741350251183
5,18517438,79.36697587958629
5,10271107,170.13390281823405
5,19431944,53.867761796066254
5,16229313,40.14719149756154
5,12538092,135.63993250073992
5,14710937,20.036346931420866
5,10958351,118.00105707950839
5,10334352,72.64568321878203
5,14688063,80.84636589278857
5,16509162,31.925325958566056
5,17095611,27.51765451961149
5,12503152,64.01271905489696
5,18594088,3.4764272772176525
5,17347005,68.95793165275538
5,18283544,91.7631591445862
5,16736138,192.20462553061492
5,13128454,48.26823803572347
5,10300085,17.852458425851793
5,12027509,130.91894840971187
5,13950642,158.35007124794345
5,15143484,141.14772669800692
5,13460654,63.26091799583201
5,10691755,88.16792750407622
5,17893740,97.96928647705359
5,15647186,102.06893842251881
5,16469590,104.1702743048899
5,18537428,102.52438155924328
5,15963255,54.92718294294392
5,14924017,41.74346995683512
5,12439651,144.46960606125126
5,18214674,61.77147061356911
5,11033102,83.09438660755093
5,19119246,24.064185704037143
5,18427366,146.40144766151258
5,18732270,33.38268937099004
5,10785168,117.50338149871018
5,16239426,124.48541973064277
5,13851025,103.09343220353942
5,19961457,11.435712959463999
5,17272346,23.89640965745798
5,19105093,38.59659513002937
5,12113548,49.301237094209384
5,16299661,19.657696859757607
5,18129245,50.908393491176426
5,13742239,153.64215543299156
5,19102304,140.19338004458982
5,10863418,168.69342798362763
5,10696688,142.93662638056705
5,15950791,98.73121132234718
5,15027985,10.306083929058886
5,16971500,55.79836665311286
5,12644749,127.53496038995033
5,12465744,11.7775963912691
5,16435736,16.74776285296298
5,15266714,54.57241061893825
5,10930223,171.49422071678617
5,14457174,188.7639454785739
5,12671704,167.09706016217194
5,10351855,88.20124646915188
5,14104006,84.16144086235576
5,10976200,126.29587140897202
5,16096253,38.09661380510497
5,15145218,137.4200033433976
5,15418365,30.786676726543654
5,11597377,168.08270606333105
5,18903739,158.9594643528265
5,14791051,70.70153261572725
5,19881435,33.8851864485229
5,18857306,137.47425943498695
5,17396723,9.241677619823605
5,18411334,209.03890051907
5,17372184,11.247529803127236
5,11570095,168.18568953005436
5,18108835,154.08276350217216
5,15760787,142.28967655623717
5,10144162,14.772795733095094
5,19553206,45.3697270592577
5,16637487,53.26796709906623
5,11440528,99.79459161456381
5,19117054,53.89937734693051
5,17533132,41.88166141934771
5,19984594,13.129222848470832
5,14127126,62.83174447136877
5,10137583,171.44590289350614
5,15324233,55.39747201516718
5,14675979,102.9014363034384
5,17045391,94.28392126765836
5,12800029,120.80064425675978
5,12364237,183.0035225787439
5,14050643,113.57679542029078
5,19723108,78.79655802512411
5,13761965,32.83902676647089
5,13877263,36.5950804936881
5,12845462,24.61505415039464
5,15361484,175.7834259306581
5,11090635,79.08549138643139
5,18417736,113.41773151823874
5,10763443,17.120502616260012
5,14193376,50.87243891429391
5,17409758,19.10715599363553
5,19694360,60.826043767705464
5,13873260,32.87333430986875
5,12768402,24.449430442384795
5,13592450,42.39673980139001
5,17483493,27.200221567323297
5,16729866,87.38412437194083
5,19798030,107.17780056889855
5,15077435,59.71018001897508
5,11672096,155.0667330063804
5,19936740,27.664122785090207
5,18338594,46.457982156093664
5,10502259,196.0276291625358
5,12247019,41.56141020024566
5,15508692,111.08652889403953
5,13552226,129.24898086182918
5,12503559,67.28873684332066
5,17476817,77.35951389858921
5,13738449,93.93446448692242
5,17486297,173.18067937174482
5,17811582,112.92877612287288
5,17498795,102.05044826448933
5,13134028,19.481945854345014
5,18327253,53.28543143598274
5,13943410,26.598425513841157
5,18193204,18.928891219707396
5,14568323,24.71119294742121
5,12056752,162.2985258909833
5,12962299,103.86847664894489
5,18738505,159.1623321379933
5,19526474,63.77921868761193
5,12304455,34.51881956444316
5,13843078,151.30656614403574
5,12137980,183.69883883093235
5,15512410,7.070514616556622
5,16797205,48.30372156928507
5,15110569,107.26362317583033
5,15343257,138.90680165770112
5,16849206,145.3440696561789
5,16175343,194.50695064847196
5,19738696,7.421278760888299
5,13528412,164.2465695138397
5,17634402,41.98020358976529
5,13137444,163.06097108768435
5,11829660,102.54461037865583
5,19558300,52.20124294300387
5,17662750,16.581406631022702
5,19852884,9.453049958816337
5,15095278,128.7055706663638
5,19414696,11.507002608242814
5,18157671,71.38152872002931
5,14948683,5.352599011095961
5,16056227,18.183172548098483
5,17360501,11.763690659399813
5,10403248,64.404363037547
5,15264106,123.50860331814428
5,17302065,143.98092194841234
5,15991491,105.6832618219064
5,18293520,119.70765273726651
5,17216755,4.231334842295439
5,17755264,53.60551326511127
5,19910752,94.98556769786215
5,16834717,128.21048345902955
5,14167876,143.9966513921703
5,15716243,48.730956180256555
5,19639685,15.19949222074824
5,15402776,166.4916810438924
5,13063321,48.66440965365505
5,15819513,21.16127283103738
5,15995398,33.84369310872182
5,19708157,177.19152509702909
5,19203764,24.37874559787832
5,12325020,66.17976396197042
5,13139047,142.32988397220794
5,13302612,102.5715281126227
5,18824494,52.52873310144923
5,18276257,144.2390923343057
5,19260136,174.09732640139254
5,13191795,9.9453150386786
5,11028752,38.279470933398414
5,13635516,168.35792636789927
5,17478690,215.24528431134922
5,17382283,40.71337700107315
5,13704384,177.8082710604328
5,13138973,9.011329877155745
5,12038169,41.743003381508814
5,19015743,92.87419587218865
5,17900200,13.731271984826947
5,17008515,10.998393799878158
5,19644355,77.84790346101099
5,13096111,116.27457919991755
5,18881969,31.259738642701855
5,10015652,81.54951366162014
5,14527077,88.3328141939409
5,18002707,22.02040279987726
5,11611941,72.58183251997161
5,12388740,44.28555741063716
5,15975029,25.053029423446944
5,11513602,92.10513237671549
5,13606343,131.21787069830657
5,19570514,104.33681648826534
5,17734647,19.44959142941896
5,15156843,116.60027719574914
5,18850031,54.43567611521865
5,17894176,179.0103512538366
5,16590422,54.24450654400675
5,10052269,131.2421443662823
5,10706514,161.97796245111252
5,12878524,58.22019731383059
5,13333615,52.04343666639317
5,17870994,20.530193258447767
5,13718636,53.17080532858796
5,12917144,55.392130943248766
5,16407493,193.45729172367038
5,18097245,32.462052863849124
5,13728699,95.36735446896775
5,18868699,80.22539730184668
5,19162380,99.36589628938906
5,15884105,104.51894496404408
5,17159230,12.751350915046402
5,15643866,106.51578251461225
5,13023498,113.64256201252715
5,11127230,35.38900708369919
5,16039970,82.1984037527669
5,18148854,61.47471247222876
5,13469241,21.709191244662776
5,12651082,5.9463868036191485
5,15417553,114.44600122725151
5,15089150,139.8644481141685
5,13083167,26.489041817330843
5,19644961,139.34021693164618
5,19753808,6.200810824981815
5,13867618,18.70664365676015
5,14879846,114.40812749755884
5,12405000,13.225826643995916
5,11874273,143.7083561299907
5,13175113,181.25273053151096
5,17984882,11.359846618021521
5,14532532,159.69673001568069
5,19922693,128.85877947777846
5,17169981,13.309066075451554
5,17107172,32.09423079918362
5,10420609,50.81158669788476
5,14738987,96.08345757989977
5,10386905,147.0935801528941
5,16648415,9.340771843927044
5,14121007,7.839288517056957
5,15595236,110.95635170361832
5,10871586,15.148994985700924
5,13964681,120.0446184660528
5,12888552,57.25779999166345
5,16652577,137.5537852806459
5,12838170,30.611689546214386
5,19782827,155.56504621916133
5,19941237,16.889678474851635
5,18089588,38.306216010108216
5,11452096,59.36296280793524
6,12618012,113.09091880054878
6,19091177,118.19912048382783
6,10116277,221.54713653859318
6,11045810,62.001902498481215
6,10825501,38.54879188247909
6,19727017,105.72171726998035
6,19783354,171.2148204574142
6,15890999,10.67921964862056
6,10836299,161.17799119440565
6,10712930,9.7110552214575
6,17110501,209.74462942650263
6,12449126,236.53787712766723
6,18063957,108.18748304963096
6,16379355,185.80467792315744
6,10531383,8.772423669620409
6,16994274,9.698174451501743
6,19197815,158.88631129321232
6,17878231,100.6314197633437
6,19389535,43.24679707689458
6,15556930,6.665354337941608
6,18511325,43.35907532173065
6,19238785,15.009345771206071
6,12356410,166.9580543312439
6,16009926,62.77991881302103
6,17157156,67.0392107618811
6,17374859,80.5828758265356
6,11018598,90.25086331388432
6,12198133,11.618203619971823
6,11942073,17.812113850026464
6,16743442,107.18269613444161
6,19894490,71.31533618337956
6,13361468,52.36808582118021
6,19249358,199.2898444438104
6,17119426,206.23894266983814
6,17189450,25.20359782257698
6,12356630,109.39773542330869
6,12338147,72.85019903204538
6,15769427,133.92307458770694
6,17333762,125.98821574467723
6,12990892,130.07115628907678
6,17127278,27.20920446852773
6,13574028,18.634282736703298
6,18468299,211.0779275378592
6,15628837,71.73433288353218
6,17643401,66.43939322124808
6,16169462,17.2394104711842
6,17283720,18.050820199319517
6,10018110,0.43082339707062545
6,15744627,167.94121924029986
6,15059795,209.27796157256267
6,18430900,98.21338208994791
6,10881697,81.37900248360928
6,15360654,112.37747757223906
6,19809046,59.1497618631162
6,16646640,76.17341646104914
6,11110860,109.55887891696715
6,10539965,10.081766782524241
6,19090637,78.61784570877735
6,11989680,22.77309148156371
6,13065291,4.322031707011689
6,15798518,5.794299817913043
6,15168455,126.35991788810138
6,10244000,18.366219566248006
6,19257291,206.49355964585084
6,13441099,159.25877250469046
6,17663119,193.37461625035394
6,19669914,26.06381113670878
6,10918689,24.47993592993778
6,18230287,42.14403508082502
6,17433265,12.856327714674165
6,17960278,1.2999353471147828
6,18551283,171.15779008733577
6,16117769,197.8373263368261
6,19326172,65.48917004543985
6,13714216,107.88012959941432
6,18740257,26.93094420700389
6,10710082,126.94750596893283
6,15135191,27.012356795057514
6,14418793,41.805645164514594
6,16699098,28.648236709934416
6,11461538,72.35947479878917
6,19477257,12.514643379701027
6,18244509,188.07410846893993
6,13060955,176.6231350054565
6,17528796,9.307955456767033
6,14806687,156.60259239634195
6,14350302,100.44946888782893
6,13506287,30.41634886606795
6,11300933,96.97897306630514
6,11979612,134.62371363150223
6,10098080,167.76713543872467
6,16408479,4.338816063519374
6,13646720,114.60133368464017
6,13625777,63.35190508728276
6,13976502,12.289076928708525
6,17741084,87.69805215644944
6,13344313,152.86850620163978
6,19287036,135.78681397136393
6,18233224,13.62017485736105
6,11748435,66.76494914528658
6,13052693,173.36357126215518
6,15613656,159.83700029181432
6,17994890,46.23282476220812
6,13315538,105.33954177452418
6,16724473,43.771440460410915
6,12782916,58.68271583736815
6,16250104,56.6553891408655
6,15005212,111.51375029800101
6,18476144,121.50663965036267
6,17437832,69.81603308373654
6,16445155,22.505792166773276
6,13454914,77.70305050142996
6,12860108,83.61731034688901
6,12342367,35.28198179329186
6,14405359,71.60238690267695
6,18448095,187.57617004706788
6,16429150,206.3019038807103
6,12242593,105.40293185540783
6,17949654,73.8329344057357
6,14321936,117.54626864242687
6,15740279,136.66156546179303
6,19981365,57.566989547226996
6,19136513,147.1554827937685
6,10796536,36.01703873525366
6,10282425,32.199343150803
6,13591182,13.410960043450828
6,18051437,249.71010085253897
6,16697958,10.79034564769151
6,14314137,147.10493998650676
6,16224786,121.41072494702092
6,19387485,164.98593568031367
6,10459338,18.429667177820363
6,11152622,204.14089285611254
6,19340793,60.46863911091874
6,12036626,17.752635927849468
6,18522331,166.80017035058216
6,13450973,14.8921149400623
6,17422182,42.65679742247502
6,15768703,5.771398368835193
6,18834955,198.19284458890843
6,18450755,20.082191517660547
6,15297308,43.60248619557402
6,11275491,52.774976679899275
6,11126268,206.44740132459893
6,17499855,5.732104234359298
6,10890510,135.6433663914361
6,17551114,78.59638081235036
6,17285679,88.50877378538073
6,11907551,52.457661374691845
6,11541562,109.55473694069914
6,12823734,19.818479514516127
6,19188007,37.12018984486242
6,15581071,90.36225731860756
6,14011540,45.45155231690537
6,11264158,91.47902536108387
6,16594775,103.81345254707227
6,19866430,191.57784793088445
6,11754581,65.16587581972527
6,19917787,90.33201893637427
6,15353445,188.35704416531212
6,18710987,197.44574031649626
6,19595247,175.92281181553676
6,17552338,82.45432624023329
6,16915381,72.4900631961917
6,16819064,4.34310324875058
6,15402342,186.11323426167047
6,10024532,42.98865020290411
6,11390594,137.94062213082702
6,15126338,23.720978990442532
6,12685054,230.98175653110792
6,15284867,173.9927900068301
6,13531243,142.72652637508145
6,13952760,183.84678909899662
6,15708155,108.28702291364081
6,11955633,43.74848342788989
6,17840335,49.33078807351983
6,15325109,92.08946712762634
6,18557816,100.6368963061029
6,13717383,72.9794551450191
6,19206216,68.33180827079087
6,13275235,54.93350635272536
6,15372564,149.34266883813143
6,18703308,81.91511646232148
6,16557786,116.76959280449421
6,18057181,200.92098413921588
6,14784975,86.39434775289742
6,14693952,53.759046603722176
6,12940540,218.10214181342064
6,13993293,130.34746877284957
6,14333587,52.34548050452968
6,16711357,22.287729362499306
6,11438547,156.30243260765354
6,17621107,46.938900808208764
6,11031105,90.79660216752326
6,10748485,9.03478851129978
6,11577645,120.48163125704386
6,16182847,65.23793781685607
6,16361546,216.75428603852762
6,17933676,106.74178942177883
6,17140133,106.60847023770275
6,10773809,117.86465069138637
6,12143206,79.08703588249034
6,13059472,41.473363348803225
6,14090060,103.95244488528851
6,18567239,53.25204103475734
6,13602949,33.5957932413875
6,12664418,38.699826130625794
6,15405311,200.90424770654974
6,13920685,74.69033025047693
6,18893427,138.46512844040743
6,19171424,46.66998116415414
6,10420513,162.72988573039981
6,13056465,72.4165293623457
6,12989515,3.570802254678455
6,15839894,127.8470331328175
6,16743693,208.95187683690463
6,13599191,52.24788303133839
6,18750212,13.55133168908256
6,14565252,130.364934143619
6,19596964,73.55580669985105
6,10522660,10.782787151231318
6,14508404,119.70723492232668
6,10157722,10.382248669435626
6,18720583,190.11899611004162
6,11460469,84.47440764131991
6,10211651,100.83281899890584
6,10285749,181.25435078150565
6,11466227,124.10596539265129
6,16067519,39.987679405376845
6,10153634,208.22933861152308
6,19287759,165.54767678934775
6,12459992,50.91480352469312
6,16988763,141.961404657817
6,12028491,60.08789630276631
6,16987189,76.73856651437298
6,12793069,166.06441758571202
6,18863989,20.987825399749198
6,18731530,32.353764273779646
6,13420481,151.23441962029395
6,13340241,25.614967581856746
6,14457241,53.29839987375474
6,12941537,105.60085505422792
6,14959313,5.920720647151384
6,17993440,53.59766127105613
6,17164452,40.95125069613021
6,12757736,57.68254188811772
6,13786166,24.28361422570235
6,11434216,17.116467772934953
6,14450070,2.1709084019083775
6,13777657,166.73534283771642
6,15886505,102.91227238418404
6,11986136,84.91355307333379
6,15529015,30.819528709225033
6,10072976,176.6058115642761
6,16205704,135.0712926256142
6,10693778,18.878835081494003
6,13848826,87.15188177046969
6,13884548,56.74302114650223
6,10587584,50.38491718392936
6,16913021,155.8170774765046
6,16702354,58.041403931068665
6,15824904,107.78172230286789
6,13344050,113.63740217154619
6,15685526,218.42797431415752
6,15576113,252.69914090037818
6,19375141,155.0351093992333
6,13835087,29.152582479010043
6,10020017,62.96202563022406
6,10910225,35.5549093227816
6,13712094,40.91737773657357
6,17995892,93.23994253759288
6,17619111,12.35812025533967
6,11111864,60.80527201371973
6,17907212,54.74532453655255
6,17404107,29.415062656257142
6,10664035,40.314461024127596
6,10196902,64.51523993062676
6,16784301,137.3363079370773
6,14839368,77.90189502421354
6,18557561,118.8001189280955
6,12178337,175.20710456328035
6,19463444,170.3344289094631
6,18003086,128.98899175273505
6,18011705,85.86690634592938
6,12640980,22.266070827818908
6,19278649,50.21832993241108
6,13124716,25.394433068539584
6,17211799,80.9035428456471
6,14025178,50.02203578823105
6,10264634,49.81868497796891
6,16491591,13.286199186421214
6,11183357,206.494287197617
6,10324890,154.80530899729655
6,13674580,79.45414061451639
6,18715496,16.38981595160692
6,16614243,19.931229531422673
6,12492743,158.11753886791382
6,14106041,112.72789111805392
6,16944003,133.4299217794371
6,13076521,120.04604262778933
6,18097581,190.0348426375067
6,18663752,202.21187384806137
6,17645999,88.79143300335306
6,19805700,15.414627947663064
6,11886308,180.2741830970557
6,15676609,39.42016220160538
6,11185403,192.334748007774
6,17522821,141.71347809109
6,19776046,207.49398620931356
6,15719420,180.23922202614904
6,10408742,225.627675975446
6,13087325,7.856382807074823
6,11769903,39.59080375692323
6,10752745,5.123291587021413
6,10772399,263.4528401046353
6,12407086,11.140364418920655
6,15837100,96.61205635933075
6,16016396,110.02508259338808
6,13256736,48.008081396872555
6,11134969,157.11026962341128
6,14526073,124.57203089734236
6,10652326,154.35120486812306
6,10258535,203.29953631437954
6,10757752,51.891804604777086
6,16843490,212.4351272569503
6,14806334,70.11323674564017
6,10625848,210.56824494304067
6,10578948,106.72094852749024
6,19903249,99.60836150891744
6,19330869,14.482608529044981
6,16193075,25.638968029616194
6,12000656,67.09882235864586
6,18347183,63.741974189229836
6,15339233,3.533695469116992
6,13000045,66.41182166422661
6,14080744,71.21453329486158
6,16428584,34.98061023729382
6,18481194,161.84094498877988
6,17316651,61.23985298722023
6,10252634,23.08194185926874
6,18695655,4.774886406222095
6,18665048,4.434714675361704
6,16730124,15.513956557769319
6,16231827,135.0114766757578
6,16840126,18.620334425627163
6,13954641,19.42858782391575
6,15147321,178.1677036747162
6,15101589,13.824997470196692
6,10433921,194.0289132766241
6,19577504,10.004034847351107
6,18442309,24.248075784229115
6,13066498,154.87944883709284
6,19579809,172.22690120765077
6,10719858,184.92666091458162
6,18427928,147.51029144805352
6,13777887,177.04376722325136
6,16297888,206.79657235272634
6,15688364,158.8564395985333
6,16801836,124.80400477782104
6,18690190,118.48630260538364
6,10679574,155.81298911118716
6,13447521,248.00864191114704
6,12668017,74.81323732076496
6,15467028,176.89861487954153
6,13987318,57.21935273889423
6,12251009,135.48482673798392
6,15983344,69.03437632855504
6,17885241,13.125259726898577
6,17167096,156.92804101573597
6,16116547,65.39801277394378
6,13695538,179.08789992369236
6,17216441,32.376698135154264
6,14896158,179.7218387899012
6,18802617,169.64864964568267
6,19484612,89.4449693978118
6,10875764,130.3878124734324
6,17968647,88.73717525737523
6,15149196,91.63893476219401
6,12868053,5.032591547930849
6,12752294,188.29167923049192
6,18616446,10.250382009732022
6,12386338,149.046524532357
6,19390081,117.3360468651772
6,13532628,11.588652896589963
6,18395403,140.37708744004385
6,10335270,122.04512301387796
6,16333560,169.91585913388934
6,17695838,78.33068665919734
6,12691658,75.9330367155156
6,13614624,12.243193497495824
6,13291915,230.86466869191136
6,14325469,181.7199961629678
6,10326650,18.03561188595198
6,13698330,153.46189550360242
6,19101859,111.81194944564635
6,17453179,60.694121267948645
6,17603698,53.09532905375021
6,17473332,72.44862959779988
6,14262321,118.69683450442662
6,12927376,55.98754443366092
6,19593226,25.342882560314692
6,10697428,34.832625878045576
6,15671796,3.871571587028413
6,10488128,73.5632737524601
6,17581295,201.30723693514642
6,15521709,51.871567321741814
6,13400177,77.49532715087847
6,13919809,173.93665076678855
6,10540926,62.88341645595898
6,15443240,227.4028715886112
6,10683711,139.40241766564193
6,17388068,138.31408813555592
6,13775465,90.97019970031455
6,12671987,111.49404515116646
6,11222613,11.822067693538102
6,11184453,10.91427748579487
6,15809434,70.36119303424931
6,10651356,159.68698934652807
6,11141025,4.435652936695874
6,18218355,117.39113885508648
6,17941358,19.93043143892345
6,13370882,211.70500097452413
6,13885303,96.81020027110011
6,16246481,41.2546282107054
6,16864285,73.53273823455164
6,19149823,115.75579151209269
6,15228115,30.177633219820926
6,16823585,104.84223417955829
6,13608187,162.89972004309737
6,15449139,130.29060811135506
6,11141219,132.1867417009986
6,11983925,54.69554330142189
6,12164220,157.4543431911656
6,12030616,65.41158665406381
6,10590765,113.10860662547765
6,14414496,47.53049162190867
6,10044030,180.05459443120301
6,15562723,62.193985638584266
6,18357150,23.286634371720254
6,15595197,65.75377973441832
6,12234447,39.15968709497464
6,14330210,34.56278853974421
6,15438938,8.975185691279677
6,18256462,142.21561992003083
6,13771544,9.064072578528027
6,11401868,208.9569985043174
6,16599617,165.6892443544947
6,19902630,193.77048026968427
6,13064141,143.41172614353943
6,11055225,89.81731655504889
6,18747756,13.436878297879332
6,19923669,2.0003621208236666
6,10837793,55.45735811220877
6,14449007,12.302298826332972
6,15351170,109.63271625928044
6,15152578,5.430753752615132
6,19531492,35.085284175968276
6,14729590,25.216521350425197
6,13517596,14.372428823126299
6,12469143,34.71698686447735
6,16739169,7.1435838768176865
6,19439155,6.3690664415470195
6,16194704,117.34578561276095
6,15507728,146.55946909246984
6,17571006,4.09412069973844
6,12485114,40.493728840392386
6,15184022,31.494054489626656
6,12564633,44.76475281368627
6,14076859,97.68863534245965
6,16399901,73.7150603166107
6,11027066,26.619741747831753
6,15309367,76.1275477469809
6,19198039,9.275533085753793
6,18083162,68.73998985262565
6,17455959,28.326280947852567
6,17807291,4.265683159655552
6,13545843,3.594465198493438
6,18120896,39.38577359527937
6,14102172,38.55851795293813
6,11570653,93.80448874699887
6,13403680,18.54482585086774
6,14022979,168.8218672215799
6,19265312,80.97989028567778
6,19687447,141.93511273362805
6,10117681,260.8847064805087
6,19323323,55.20135869634191
6,16784875,110.37738293656128
6,19626904,210.7349458576258
6,11156542,63.19748778786061
6,16327817,8.18685671769417
6,15876239,175.3747635917605
6,14623263,182.22656095066333
6,16957143,91.29711603761794
6,10292822,45.516804770507804
6,15057245,196.89898273577762
6,19047835,69.81829858764836
6,10201619,75.7253346809826
6,17103446,21.915654122759676
6,14128486,214.5037082577555
6,15694837,98.75205149047989
6,19533813,86.67977630458726
6,14291799,18.49481460874314
6,10046234,139.87490797856452
6,17321957,101.30841793987105
6,11378149,153.56637863527303
6,16735987,44.2789378550207
6,15019770,58.62334469747119
6,12768149,60.46062772077562
6,13117579,47.80525333207034
6,16435400,97.01372959012889
6,13580920,72.21468222181709
6,13117699,170.69149373995393
6,11173286,22.273782048732812
6,19341462,37.65744938858181
6,15793708,62.237729653250874
6,12362756,32.97844735966166
6,19061466,102.88637414493085
6,18046883,116.37365143020278
6,13226331,49.25212381155416
6,19417282,93.92054969700925
6,15776062,123.06936881771308
6,11624077,51.12480749523819
6,13757285,99.85247222782158
6,19209733,93.42915264846127
6,13545361,108.6979951920284
6,14575693,45.29399991923389
6,11731755,203.85369363070544
6,10696486,24.957045446863333
6,15432198,164.01353287067158
6,10013882,13.625467838137652
6,17674269,22.878355507588665
6,10768653,69.18679358912809
6,14428699,60.376067207316815
6,15367321,70.84862800984982
6,17223195,64.12847812394708
6,10814160,156.4547425720624
6,11769359,10.431058500734053
6,10941600,37.586637531404556
6,11424215,168.94339603442648
6,14434013,131.44765519241815
6,12439551,168.5676437931345
6,15457623,32.90300807105646
6,14056325,225.06830842777038
6,11187151,151.0565264752065
6,19153982,195.37119536298218
6,16534110,23.429288375220537
6,17503728,76.15126551151101
6,13531444,88.4958745833328
6,13679881,13.039057979324525
6,16901819,39.85296788245313
6,15858398,71.79826286658906
6,16487643,110.3645961589986
6,11341181,2.780776167994645
6,12181996,58.953711998449165
6,19471756,28.084274903796853
6,19083881,27.612211473738597
6,12340707,103.53354420172528
6,19657260,15.20033921994056
6,15950520,8.233229939050148
6,17795018,167.21760793477088
6,12449540,226.11683364442356
6,14317396,69.17372887818586
6,19097870,12.402549946319397
6,10228565,10.479329518087312
6,19060454,103.52734753595026
6,18713617,90.52846621386134
6,18557811,129.43263116079666
6,14584962,141.1566101392089
6,18104475,11.907450574586534
6,11741166,186.31678901143633
6,15395918,172.9457852181866
6,18898091,28.93132964488278
6,14281978,18.47347661860009
6,12162135,34.10647826972954
6,14647387,151.18235997573348
6,16138522,19.418817756788457
6,10618260,11.460018603009317
6,19254310,25.251778083878236
6,11557134,124.23222611679657
6,19031096,10.442537067627626
6,10134511,76.49945775506333
6,17461500,40.53057422746649
6,10683113,49.01091241266032
6,16384794,130.79723305208006
6,17641244,120.45358024980388
6,10965339,62.90572011678553
6,15607088,156.9462285908968
6,19164799,130.9819578150968
6,18369171,131.72793359231335
6,14517446,120.42761656423937
6,16459156,97.42015594468548
6,13338039,134.97493123478606
6,15242219,200.3006606654416
6,10570155,190.64527012082078
6,13184083,238.31833597874598
6,19627063,22.50052900405923
6,13481979,116.33280091618637
6,10350432,49.83089929058982
6,13345188,175.79055670529823
6,18505208,210.58505931693622
6,10327988,51.70302318942331
6,16540389,190.3435759876083
6,13645476,97.00257038845514
6,12317872,98.31156751706408
6,11343832,106.51965922022669
6,16163810,11.714130047899232
6,12313506,8.887856968813963
6,19818659,164.6772347029125
6,13289079,6.9272041653431415
6,18535647,59.28770538284528
6,10748741,88.07255707137963
6,11414626,108.25520824528944
6,14897353,71.86016396021759
6,17203865,25.174557755535602
6,12285104,115.83964074646647
6,11507240,206.63517010680602
6,13573791,11.802331696745924
6,12337569,15.589367708650727
6,14467823,100.19565005148078
6,15303201,91.10083039334263
6,17278209,77.06349736650677
6,11053374,49.784233426694406
6,17362737,54.002466881613714
6,17806735,16.298927609802888
6,10840798,140.77538914441598
6,11217409,96.17242872556987
6,19917566,54.230205423254006
6,17849763,136.93586687683555
6,15146784,178.3869921159769
6,14144094,11.057950798439435
6,12290506,36.523505310573384
6,15117490,98.82142329811697
6,16182298,54.08846712059204
6,16519988,148.4101086022171
6,18123763,35.345405483707026
6,17118372,19.491046066320536
6,17712242,52.565315782756336
6,10670189,205.5558326507576
6,14661843,50.544495165539594
6,12642027,115.22665233816909
6,17692087,246.63883909386965
6,10590331,196.2357349296244
6,13632419,152.31220333571744
6,16247462,174.86477394529024
6,14472022,101.73176961086165
6,12498976,212.7438343690692
6,17972545,49.3012389353184
6,13726063,173.72020182581218
6,19927200,105.20892088126135
6,12301038,173.18449249500875
6,14860278,31.131486766356076
6,19741855,101.47151082817065
6,11611546,133.69339803120286
6,12271222,172.55883974493673
6,10692785,59.76258349044291
6,14486931,104.19009705506362
6,15157306,30.397703060475884
6,13092026,29.67773088920726
6,16051554,178.13835495915717
6,17929599,207.98112722751125
6,11952300,165.63962822817913
6,19810935,151.3937315482487
6,16913565,111.79936000740915
6,13370126,106.37543625303971
6,15814212,79.87686662136763
6,18748015,86.16903160773501
6,16144515,72.79900188190884
6,16571569,188.29845545949973
6,11481222,205.166203135773
6,12735892,144.59803519630225
6,17913781,138.2750064592168
6,13122689,7.986352940790425
6,19914423,146.27435599677335
6,15431625,28.147825862491928
6,12808543,73.84503465802032
6,19020086,83.21406295067817
6,13277989,41.41448271638322
6,13468507,127.34438782801917
6,16583666,19.162304027657356
6,10534221,49.70100715977071
6,17786931,28.696780277970447
6,19327424,9.719923502924516
6,18053386,204.7035491258414
6,17385529,6.100318117891305
6,16435957,181.1082044687377
6,11125155,230.3989469901041
6,12316661,48.00425537129586
6,11264857,114.10073193581425
6,13403096,107.49289119178849
6,12455822,37.6816562700431
6,10483147,5.5748114481505695
6,18360308,161.68063348608962
6,10159698,54.19581928333368
6,17163975,40.441424468357674
6,15613086,126.63221691381403
6,13043909,132.30756672667846
6,10409323,192.05939855595744
6,10483083,104.36860698928723
6,18427134,218.94905421332086
6,14936913,75.39659824251059
6,19015061,7.093839326683977
6,13230812,149.39891626946294
6,19111574,187.8942663847206
6,15944181,133.5555064015645
6,14680888,19.509160207862152
6,13098248,23.418916818409826
6,11271537,54.78104663545002
6,12133833,57.51782403567051
6,16851786,107.49154763875494
6,12607296,151.24416335977594
6,13628657,190.06181666709415
6,16126751,128.0544860960436
6,18136071,68.37496556247225
6,14803387,21.579962552980817
6,11050843,201.85248842102322
6,14857521,36.928748508069184
6,14185910,88.03158109053855
6,14478823,88.25974369757363
6,16727533,245.7588490885325
6,16450349,13.231816940648969
6,11896131,8.73972133387872
6,11263414,111.70789476406415
6,14510596,201.01099318948394
6,10811492,64.03758835879593
6,17091484,12.92119355406929
6,17755692,99.0940149285487
6,10212725,103.45418255128472
6,12514678,28.278416870627062
6,18434125,145.0479239506642
6,14126743,157.73213094260186
6,14399506,257.15970235210546
6,19802483,106.5690078055078
6,13227373,35.962540061613886
6,18894201,66.3259153862234
6,13370901,40.443015988068225
6,16403093,153.28520973305245
6,11131422,88.31784995484318
6,10044774,113.87169061066496
6,19498959,34.61201892862194
6,19427819,168.13053026533706
6,12766571,47.24183938951076
6,19790099,95.2942619299337
6,17455639,268.8933752445423
6,14862282,55.334260359323444
6,14980446,128.86651407038283
6,17179219,7.0770828204139775
6,14643198,54.11283444125095
6,18611096,122.85014374526642
6,17430067,87.80075425713777
6,11275720,51.98129664357029
6,16183915,113.11027724305518
6,17960713,44.25175153462301
6,11100068,173.012228102606
6,16208777,186.12426524245788
6,16366307,41.92232233813755
6,14967200,129.82745802278797
6,16581155,101.99791013338911
6,15546601,85.8530595419936
6,16959883,124.03758132079793
6,10960879,9.866151040177243
6,15537199,19.863290216287808
6,13906295,9.372488568966077
6,10454943,97.58908657750703
6,14525296,218.43586739128818
6,13363046,68.55479328886989
6,18641361,49.99836567880781
6,17071709,40.70855997559927
6,18030469,170.72722695317458
6,19755121,130.11328814533624
6,18400571,33.302658153455276
6,11734749,29.003250305198733
6,12366575,5.858156984670629
6,16919031,32.27777947096296
6,15217381,143.6341305101892
6,18224414,42.373215547691856
6,15688404,48.31783589912239
6,12651581,29.860325639717693
6,11015052,29.579586860883076
6,10791124,67.47005175594435
6,13808692,134.75267210901677
6,10984938,191.41861440806673
6,19718404,111.10413225359363
6,15918484,67.99604969037844
6,15304818,232.04037503621586
6,14471154,124.49082194109913
6,12404748,169.25297317913748
6,16682664,214.5724532865199
6,18134764,230.2157415530081
6,16312452,132.98978484104853
6,11412464,48.84865837144678
6,10060820,50.04365423693798
6,11796211,130.80772873035755
6,17580170,147.10001831857866
6,17952647,177.95181043889505
6,14944352,158.42983720993072
6,14784146,31.742781059400215
6,17079669,158.6925114318003
6,11451387,115.63851653671054
6,13963518,62.84336887950492
6,19495975,75.15619903753654
6,16925643,137.64134533059828
6,14611928,211.58985149860013
6,15813601,112.18624569849464
6,19448313,36.21546777052749
6,14208170,8.808125701804428
6,17352972,18.7626472296119
6,18731446,95.599035174357
6,15073838,37.98110767150029
6,15856282,148.47384572771648
6,18469573,10.40878475492778
6,16206632,14.466027451542544
6,12694662,103.19229655184716
6,19411336,142.88591414778813
6,18009903,56.2690134253717
6,10186484,27.807545948011473
6,10219385,130.91662106050217
6,11791421,77.18742579459364
6,14087143,68.22468726204859
6,11890833,255.17710206071263
6,19554011,8.290722660866166
6,18446454,230.9933267823358
6,17903478,111.00619496921269
6,15493847,158.20854024247302
6,19854360,168.35403759933064
6,10599580,85.71320735179687
6,11634794,42.35773451336516
6,16368768,3.8342635290105562
6,15960735,233.76604445971614
6,16985982,125.7012128333017
6,12464728,37.476141189734605
6,11965928,72.27007695738988
6,16312785,155.80380623124051
6,17536268,3.447766018307334
6,16149003,131.00877012067548
6,14255616,66.38036386196552
6,12221911,132.49028388130412
6,12484482,160.97815418250607
6,18940241,31.727536633456836
6,15687185,149.59300068195893
6,14503730,165.12196855716775
6,12338218,47.41746580629469
6,12811292,146.47422576619877
6,10256991,30.874503621582825
6,12209289,27.71966300006858
6,17542228,142.61427923478664
6,17928110,26.038890771589763
6,10344110,68.00661448225122
6,17442379,10.479404933995468
6,13199773,146.8084910959794
6,12737789,176.3772844674201
6,16644341,3.408032525412793
6,14674348,20.82978926750404
6,16320744,12.120785806866323
6,18939429,134.80681237498152
6,16057645,126.08266078377174
6,18407550,182.13769747358987
6,16425056,40.09920881868303
6,16109501,157.7573487752922
6,19070128,67.66541661076755
6,18105316,144.44453494547136
6,11029659,169.21134378275246
6,12598637,180.6058593272206
6,10334813,91.85835478638374
6,15671040,29.668222463218967
6,18298527,38.87827014633122
6,10431709,19.803695264628047
6,19536630,55.256244736921786
6,11015537,98.42667350030716
6,17427449,18.42712511149847
6,11041219,89.67651644396517
6,15485728,131.63898996258982
6,19876392,11.415714622586208
6,17166077,166.79148098860298
6,18948351,70.2421768792693
6,10721146,8.240141549474274
6,11499025,205.8802139463288
6,14534663,133.9587134797373
6,15394963,76.24894331269854
6,19351353,48.95210560176689
6,13975523,49.271964533046486
6,15585440,171.66183896572255
6,19925665,131.7052512635475
6,17428309,251.89935885041564
6,19206652,211.49028771357183
6,10549089,144.53268837390135
6,17424080,214.67186872869087
6,14181557,195.1348790410977
6,15581999,207.04210547397366
6,14867603,98.5918773202808
6,10679148,104.69849126029922
6,12816531,215.74232159850465
6,11171031,65.61791812692529
6,18830129,13.664752810386233
6,14076910,37.1078958584869
6,10290416,124.32034911805346
6,18383050,170.30314455017697
6,19078038,126.29597282815607
6,17114930,121.8206443082251
6,12734129,137.0481069266051
6,15734602,190.21172596152806
6,12864673,56.443409412805266
6,18302278,89.67999864398685
6,16143118,17.432333655479127
6,10806105,13.007588794745288
6,13045270,83.77982584893448
6,19628507,130.66711195203857
6,10274403,107.45970920109733
6,18654886,229.4089895367385
6,17637168,20.521027360262167
6,19323531,26.44286039377603
6,19035293,175.065128518903
6,14565579,31.369623315461737
6,13609978,101.1892414824979
6,18531491,147.56115091281973
6,14526871,258.6672682861433
6,13364333,137.07794988559718
6,17497515,86.29879278343404
6,18935847,50.217429198821996
6,12561963,13.150624032936648
6,14598018,4.262433002471241
6,11701631,59.946311077538155
6,14367729,79.1338068372956
6,10034058,62.6735320785851
6,16341116,99.54835985819169
6,13367422,68.85097073933694
6,18052201,15.588664956376846
6,11586446,210.73702288979206
6,18708916,11.477099075255936
6,19412126,29.297490664124467
6,14924291,158.20121601895195
6,16306567,129.01153389765796
6,14783606,24.98591577785929
6,11505250,96.70502585670502
6,15053436,101.3399963441179
6,10266885,123.4581241346253
6,14754307,56.85111977260964
6,11163519,84.04480619039074
6,11194446,56.499761983652434
6,17924677,147.55892381690566
6,14222177,121.98507358614367
6,12627486,153.83672084605817
6,12995157,32.95977548832235
6,13165267,74.18951953523964
6,18877726,178.0611954053882
6,19233602,11.157558374397581
6,12721653,26.29180749468493
6,15706257,9.088454731406358
6,15993245,83.3231686811814
6,17691320,99.57480044526388
6,18418162,47.12878804158756
6,12995619,29.227745563848558
6,13708720,37.142132421748265
6,17769681,169.402480756484
6,18415591,252.79220243432127
6,12184919,48.455541282102445
6,14932277,125.98910468718236
6,13259987,5.853412920922423
6,11030399,228.2869243634123
6,18199020,43.536465796776824
6,13876122,136.07509377186773
6,19007399,259.43053114833685
6,11127760,5.978864292111766
6,15701879,116.84958617814561
6,14467814,58.332225687157575
6,19597115,54.500482918441534
6,11424977,140.66636429504211
6,12826306,4.24729645175384
6,11500782,197.62385286564822
6,13119538,6.33734869799261
6,17434736,126.71630992970222
6,14194141,71.16171720075819
6,12061293,18.45889535199946
6,12175219,88.90235228133838
6,13045083,186.68947863365958
6,18167689,87.88240404882643
6,19363563,158.20330604870782
6,19668956,37.61066323858754
6,13158135,134.2596874822055
6,14211723,49.930801319960516
6,10713082,53.69968992906162
6,10578169,63.88206130779018
6,17399312,26.36485451565298
6,12866382,189.82037404100927
6,19168761,99.4776893524618
6,14972495,116.09693050484546
6,10554747,67.03062202790005
6,13664308,91.7404939753494
6,16187117,198.79412116857236
6,13494202,17.44557590860154
6,18551947,85.61712660235902
6,11132839,7.2820416086184
6,11743674,195.49280845437607
6,17323433,6.724629447900909
6,17844092,182.03722849253234
6,19873068,193.61727109765485
6,10570131,36.045794436938635
6,11924755,40.94227835472215
6,17897028,43.560373910941735
6,19363282,48.34762554751611
6,18986508,115.0521319002935
6,13201153,129.60039980570414
6,14236637,134.24723414029987
6,16076553,6.850416184779689
6,14747863,93.61032264828995
6,16483138,34.95319937384632
6,19204077,95.06608224766404
6,18141931,128.80078507058653
6,18618513,74.66796659578722
6,17244789,203.2330546458856
6,16673395,7.059521318681661
6,19830858,154.8670787070934
6,16214244,39.967279721028525
6,11592348,72.04177135462677
6,18596658,257.3540138350892
6,12413894,199.44923077130125
6,13077162,61.28632858681322
6,13283070,114.51807636079565
6,16779958,112.68275649368026
6,16551300,230.91046938091247
6,19031605,55.71390115186181
