subtaskID,datapointID,answer
1,1,Philippines
2,2,Exec-managerial
3,40343,<=50K
3,47681,<=50K
3,525,>50K
3,8509,<=50K
3,31693,>50K
3,1352,<=50K
3,6632,>50K
3,8759,<=50K
3,11489,<=50K
3,28522,<=50K
3,38547,>50K
3,39376,<=50K
3,33435,>50K
3,30361,<=50K
3,27533,<=50K
3,29074,<=50K
3,33957,>50K
3,8411,<=50K
3,33189,<=50K
3,22117,<=50K
3,18200,<=50K
3,40592,<=50K
3,45550,<=50K
3,2272,<=50K
3,20801,<=50K
3,9343,<=50K
3,3906,<=50K
3,14960,<=50K
3,8564,<=50K
3,31391,<=50K
3,14462,<=50K
3,28399,<=50K
3,22111,<=50K
3,21620,<=50K
3,40199,<=50K
3,26048,>50K
3,9864,>50K
3,35998,>50K
3,35731,<=50K
3,22659,<=50K
3,30036,>50K
3,5002,<=50K
3,1740,<=50K
3,38285,<=50K
3,44617,>50K
3,29837,>50K
3,34200,<=50K
3,41421,>50K
3,1593,>50K
3,38372,<=50K
3,17915,<=50K
3,25534,<=50K
3,17616,>50K
3,10776,<=50K
3,14792,<=50K
3,22984,<=50K
3,34672,<=50K
3,30313,<=50K
3,7542,<=50K
3,25507,<=50K
3,30945,<=50K
3,45325,<=50K
3,42513,<=50K
3,20527,<=50K
3,11389,<=50K
3,46244,<=50K
3,37798,<=50K
3,24001,<=50K
3,15125,<=50K
3,5806,<=50K
3,29069,<=50K
3,32446,>50K
3,25836,<=50K
3,34383,<=50K
3,18319,<=50K
3,21959,<=50K
3,16505,<=50K
3,36309,<=50K
3,38119,<=50K
3,38440,<=50K
3,42248,>50K
3,26573,<=50K
3,7439,<=50K
3,6019,<=50K
3,35874,<=50K
3,42246,<=50K
3,18774,<=50K
3,38145,<=50K
3,6306,<=50K
3,40210,<=50K
3,6731,<=50K
3,25844,<=50K
3,21145,>50K
3,45751,<=50K
3,27577,<=50K
3,9383,<=50K
3,46791,<=50K
3,47306,<=50K
3,3699,<=50K
3,41538,<=50K
3,785,<=50K
3,5025,>50K
3,42587,<=50K
3,18268,<=50K
3,35650,<=50K
3,35779,>50K
3,7421,<=50K
3,20656,>50K
3,6598,<=50K
3,30185,<=50K
3,29105,<=50K
3,40969,<=50K
3,2983,<=50K
3,38646,<=50K
3,23704,<=50K
3,22330,<=50K
3,30523,<=50K
3,28279,<=50K
3,47616,<=50K
3,2896,<=50K
3,31976,<=50K
3,30703,<=50K
3,7083,<=50K
3,38611,<=50K
3,27716,<=50K
3,9116,<=50K
3,10504,<=50K
3,40919,<=50K
3,3599,<=50K
3,8673,<=50K
3,20417,<=50K
3,43360,<=50K
3,45560,<=50K
3,46553,<=50K
3,8440,>50K
3,48079,<=50K
3,46633,<=50K
3,20029,<=50K
3,12375,<=50K
3,21816,<=50K
3,29519,<=50K
3,21819,>50K
3,17204,<=50K
3,39097,<=50K
3,27138,<=50K
3,28048,<=50K
3,24309,<=50K
3,14014,<=50K
3,39823,<=50K
3,17643,<=50K
3,25638,<=50K
3,187,<=50K
3,25877,<=50K
3,15985,<=50K
3,6663,<=50K
3,47838,<=50K
3,48039,<=50K
3,45549,<=50K
3,16563,>50K
3,37298,<=50K
3,18012,<=50K
3,44672,<=50K
3,4150,<=50K
3,22421,<=50K
3,13531,<=50K
3,18407,<=50K
3,15575,<=50K
3,7632,<=50K
3,32575,<=50K
3,7209,<=50K
3,45575,<=50K
3,25428,>50K
3,11208,<=50K
3,47698,<=50K
3,22608,<=50K
3,22444,<=50K
3,31263,>50K
3,27263,<=50K
3,10520,<=50K
3,17284,>50K
3,29143,<=50K
3,23473,<=50K
3,41470,<=50K
3,3652,<=50K
3,33724,<=50K
3,40522,<=50K
3,13917,<=50K
3,8591,<=50K
3,7995,<=50K
3,20897,<=50K
3,21317,<=50K
3,39478,>50K
3,31706,<=50K
3,37692,<=50K
3,32703,<=50K
3,8710,<=50K
3,2817,<=50K
3,36191,<=50K
3,28770,<=50K
3,34561,>50K
3,13349,<=50K
3,44706,<=50K
3,10428,<=50K
3,42848,<=50K
3,28456,>50K
3,45433,<=50K
3,2382,<=50K
3,21795,<=50K
3,2285,<=50K
3,48127,>50K
3,14013,>50K
3,4708,<=50K
3,43821,<=50K
3,48755,<=50K
3,21829,>50K
3,35091,>50K
3,24346,>50K
3,22270,<=50K
3,15651,<=50K
3,10439,<=50K
3,5490,<=50K
3,37722,<=50K
3,19211,<=50K
3,14385,<=50K
3,22996,>50K
3,48119,<=50K
3,4935,<=50K
3,48694,<=50K
3,36934,<=50K
3,24251,<=50K
3,15937,<=50K
3,40502,>50K
3,607,<=50K
3,7761,<=50K
3,29636,<=50K
3,17384,<=50K
3,32390,<=50K
3,11132,>50K
3,4443,<=50K
3,11751,<=50K
3,4947,<=50K
3,11443,<=50K
3,14975,<=50K
3,19791,<=50K
3,35231,<=50K
3,37903,<=50K
3,37507,<=50K
3,44385,<=50K
3,39614,<=50K
3,46844,<=50K
3,32109,<=50K
3,2457,<=50K
3,20624,<=50K
3,32899,<=50K
3,24475,>50K
3,14270,<=50K
3,20437,<=50K
3,7153,<=50K
3,45651,<=50K
3,17773,<=50K
3,33776,<=50K
3,19867,<=50K
3,15745,<=50K
3,11456,<=50K
3,42126,<=50K
3,32122,<=50K
3,7567,<=50K
3,26983,<=50K
3,21053,<=50K
3,32874,<=50K
3,7959,<=50K
3,37526,<=50K
3,16613,<=50K
3,45849,<=50K
3,26389,<=50K
3,25141,<=50K
3,27816,<=50K
3,34733,<=50K
3,42046,>50K
3,3525,<=50K
3,8913,<=50K
3,27741,<=50K
3,28268,<=50K
3,16436,<=50K
3,35703,<=50K
3,47154,<=50K
3,25155,<=50K
3,39929,<=50K
3,1133,<=50K
3,27714,<=50K
3,29672,>50K
3,11259,>50K
3,8115,<=50K
3,17826,<=50K
3,45567,>50K
3,41294,>50K
3,35636,>50K
3,10384,<=50K
3,18323,<=50K
3,31389,<=50K
3,12520,<=50K
3,15627,<=50K
3,41525,>50K
3,34232,>50K
3,19289,<=50K
3,48393,<=50K
3,46470,>50K
3,3554,<=50K
3,20055,<=50K
3,30759,>50K
3,1073,<=50K
3,37901,<=50K
3,38865,<=50K
3,16103,<=50K
3,26486,<=50K
3,35254,<=50K
3,7785,<=50K
3,12196,<=50K
3,40569,<=50K
3,35793,<=50K
3,5507,>50K
3,42063,<=50K
3,44195,<=50K
3,42354,<=50K
3,27855,<=50K
3,13300,<=50K
3,4930,<=50K
3,47989,<=50K
3,16861,<=50K
3,22497,<=50K
3,54,>50K
3,2964,<=50K
3,33535,<=50K
3,6478,>50K
3,36783,<=50K
3,24278,<=50K
3,46366,<=50K
3,14840,<=50K
3,38360,<=50K
3,29683,<=50K
3,22887,<=50K
3,538,>50K
3,4110,<=50K
3,7473,<=50K
3,6915,<=50K
3,25388,<=50K
3,7521,<=50K
3,34255,<=50K
3,22334,<=50K
3,972,>50K
3,43561,<=50K
3,47910,>50K
3,18581,<=50K
3,39435,<=50K
3,35371,<=50K
3,21810,<=50K
3,34041,<=50K
3,46575,<=50K
3,43080,<=50K
3,17454,>50K
3,7818,<=50K
3,8840,<=50K
3,22977,<=50K
3,39447,<=50K
3,33466,<=50K
3,2968,<=50K
3,38471,>50K
3,19194,<=50K
3,10075,<=50K
3,15977,<=50K
3,17799,<=50K
3,30414,<=50K
3,20879,>50K
3,48313,<=50K
3,9637,<=50K
3,22452,<=50K
3,7346,<=50K
3,17568,>50K
3,15382,<=50K
3,18827,<=50K
3,2146,<=50K
3,21066,>50K
3,3421,<=50K
3,1930,<=50K
3,21487,<=50K
3,40678,<=50K
3,26002,<=50K
3,23974,<=50K
3,1630,<=50K
3,34883,<=50K
3,2630,<=50K
3,22513,<=50K
3,31013,<=50K
3,12379,<=50K
3,2014,<=50K
3,43310,>50K
3,32471,<=50K
3,17377,<=50K
3,24584,<=50K
3,45917,>50K
3,48654,>50K
3,33539,<=50K
3,28869,<=50K
3,26739,>50K
3,37320,>50K
3,24706,<=50K
3,204,<=50K
3,6865,>50K
3,38088,<=50K
3,44203,<=50K
3,12240,<=50K
3,48200,<=50K
3,34272,<=50K
3,27585,<=50K
3,45097,<=50K
3,47202,<=50K
3,27507,<=50K
3,40834,<=50K
3,37981,<=50K
3,5889,<=50K
3,4864,>50K
3,27717,<=50K
3,42391,<=50K
3,18170,<=50K
3,34713,>50K
3,7198,<=50K
3,26966,<=50K
3,19417,<=50K
3,15236,<=50K
3,32013,>50K
3,24827,<=50K
3,11018,<=50K
3,37192,>50K
3,3206,<=50K
3,11763,<=50K
3,47983,<=50K
3,8136,<=50K
3,46938,<=50K
3,39337,>50K
3,45218,<=50K
3,32681,<=50K
3,26999,<=50K
3,4331,<=50K
3,2740,<=50K
3,6220,<=50K
3,35199,<=50K
3,43396,<=50K
3,9626,<=50K
3,43865,<=50K
3,16303,<=50K
3,24350,>50K
3,21447,<=50K
3,24929,<=50K
3,38641,<=50K
3,13603,<=50K
3,47613,>50K
3,15164,<=50K
3,13683,<=50K
3,34168,<=50K
3,22027,<=50K
3,35788,>50K
3,45420,>50K
3,8636,<=50K
3,39621,<=50K
3,39433,<=50K
3,38968,<=50K
3,2843,<=50K
3,43232,<=50K
3,3119,<=50K
3,34563,<=50K
3,13003,<=50K
3,18810,<=50K
3,28016,<=50K
3,37835,<=50K
3,24760,<=50K
3,24061,<=50K
3,10886,>50K
3,36751,<=50K
3,1361,>50K
3,25742,<=50K
3,30558,<=50K
3,26286,<=50K
3,9471,>50K
3,29080,<=50K
3,48156,<=50K
3,47750,>50K
3,45368,<=50K
3,30356,<=50K
3,2248,>50K
3,8188,>50K
3,28586,>50K
3,27572,<=50K
3,23639,<=50K
3,1085,<=50K
3,11693,<=50K
3,29323,<=50K
3,38586,<=50K
3,6106,<=50K
3,39212,<=50K
3,10054,<=50K
3,9560,<=50K
3,46457,<=50K
3,19301,<=50K
3,35880,>50K
3,34141,<=50K
3,12172,<=50K
3,5672,<=50K
3,22342,<=50K
3,29684,<=50K
3,31340,<=50K
3,40118,<=50K
3,9240,<=50K
3,37420,<=50K
3,23462,<=50K
3,15383,<=50K
3,46163,<=50K
3,16645,>50K
3,13865,<=50K
3,14570,<=50K
3,31205,<=50K
3,17158,<=50K
3,30471,<=50K
3,399,>50K
3,33515,<=50K
3,10628,<=50K
3,48306,<=50K
3,35193,<=50K
3,39372,<=50K
3,5161,>50K
3,43765,<=50K
3,38258,>50K
3,1323,<=50K
3,15969,<=50K
3,42418,<=50K
3,21262,<=50K
3,10966,<=50K
3,12411,<=50K
3,39284,>50K
3,11814,<=50K
3,26488,<=50K
3,31036,<=50K
3,23150,<=50K
3,38374,<=50K
3,15739,<=50K
3,42032,<=50K
3,30546,<=50K
3,44299,<=50K
3,32141,<=50K
3,5895,<=50K
3,33726,<=50K
3,26643,<=50K
3,4370,<=50K
3,29427,<=50K
3,18025,<=50K
3,10358,<=50K
3,14228,<=50K
3,33917,<=50K
3,34219,<=50K
3,21710,<=50K
3,17916,<=50K
3,33073,<=50K
3,10789,<=50K
3,34932,<=50K
3,39099,<=50K
3,32094,>50K
3,34881,<=50K
3,44713,<=50K
3,1869,>50K
3,34073,<=50K
3,5743,>50K
3,9696,<=50K
3,18756,<=50K
3,8883,<=50K
3,30213,<=50K
3,10449,<=50K
3,5213,<=50K
3,1818,>50K
3,18256,<=50K
3,17846,<=50K
3,42637,<=50K
3,42052,<=50K
3,30320,<=50K
3,39868,<=50K
3,5858,<=50K
3,6398,>50K
3,27438,<=50K
3,9724,<=50K
3,19739,<=50K
3,41696,>50K
3,8629,<=50K
3,10543,<=50K
3,46146,<=50K
3,34617,<=50K
3,5412,>50K
3,33922,<=50K
3,2537,<=50K
3,44111,<=50K
3,33017,<=50K
3,18261,<=50K
3,6816,>50K
3,22647,>50K
3,30910,<=50K
3,35963,>50K
3,4895,<=50K
3,38973,>50K
3,27783,>50K
3,40939,<=50K
3,34789,<=50K
3,10459,<=50K
3,26145,<=50K
3,40567,>50K
3,29791,>50K
3,3147,<=50K
3,32725,<=50K
3,20807,<=50K
3,31950,>50K
3,36042,<=50K
3,13786,<=50K
3,37273,<=50K
3,40526,<=50K
3,1312,<=50K
3,20868,<=50K
3,12980,<=50K
3,4656,<=50K
3,2701,<=50K
3,48016,<=50K
3,31639,<=50K
3,24395,>50K
3,35562,>50K
3,21846,>50K
3,23288,>50K
3,26165,<=50K
3,1351,<=50K
3,20203,<=50K
3,37488,>50K
3,1545,<=50K
3,41025,<=50K
3,38197,<=50K
3,36674,<=50K
3,25025,>50K
3,37838,<=50K
3,6920,<=50K
3,39752,<=50K
3,42028,<=50K
3,46957,<=50K
3,11357,<=50K
3,39475,<=50K
3,27609,>50K
3,37023,<=50K
3,36116,<=50K
3,40738,<=50K
3,4422,>50K
3,11671,<=50K
3,35743,<=50K
3,40196,<=50K
3,48766,<=50K
3,44773,<=50K
3,5158,>50K
3,28379,<=50K
3,8717,>50K
3,47824,<=50K
3,15562,>50K
3,6154,<=50K
3,21591,>50K
3,15541,<=50K
3,46089,<=50K
3,47418,>50K
3,6847,<=50K
3,24459,>50K
3,38005,>50K
3,26192,<=50K
3,28386,<=50K
3,48621,<=50K
3,19294,>50K
3,22903,>50K
3,26436,<=50K
3,23099,<=50K
3,25993,<=50K
3,47196,<=50K
3,31522,<=50K
3,39302,<=50K
3,7310,<=50K
3,41039,<=50K
3,31555,<=50K
3,25730,<=50K
3,38207,<=50K
3,42762,<=50K
3,1532,<=50K
3,34153,>50K
3,29846,<=50K
3,36614,<=50K
3,14117,<=50K
3,11103,<=50K
3,22295,<=50K
3,10884,<=50K
3,20488,<=50K
3,5414,<=50K
3,36336,<=50K
3,37230,<=50K
3,1355,<=50K
3,36417,>50K
3,31385,<=50K
3,24987,<=50K
3,36754,<=50K
3,20068,>50K
3,15866,<=50K
3,29328,<=50K
3,46619,<=50K
3,13512,<=50K
3,13380,<=50K
3,5055,>50K
3,33100,>50K
3,31594,<=50K
3,4225,<=50K
3,32332,>50K
3,23438,<=50K
3,39483,<=50K
3,34885,<=50K
3,22572,<=50K
3,38676,<=50K
3,746,<=50K
3,21160,>50K
3,11207,<=50K
3,4861,<=50K
3,14302,<=50K
3,29547,<=50K
3,7712,>50K
3,37429,>50K
3,7020,<=50K
3,21582,<=50K
3,38659,<=50K
3,25452,<=50K
3,10901,<=50K
3,40972,<=50K
3,32596,<=50K
3,35567,<=50K
3,28316,<=50K
3,27119,<=50K
3,16305,<=50K
3,43671,<=50K
3,17707,<=50K
3,26157,<=50K
3,17248,>50K
3,13602,<=50K
3,7073,<=50K
3,1771,>50K
3,30220,<=50K
3,19202,<=50K
3,14079,<=50K
3,37957,<=50K
3,48092,<=50K
3,19901,<=50K
3,31369,>50K
3,42805,<=50K
3,17697,<=50K
3,38473,<=50K
3,45256,<=50K
3,31988,<=50K
3,10816,<=50K
3,28529,<=50K
3,11255,>50K
3,31289,<=50K
3,12757,<=50K
3,46493,<=50K
3,11429,<=50K
3,10519,>50K
3,42341,<=50K
3,24936,<=50K
3,26917,>50K
3,39022,<=50K
3,6413,<=50K
3,32080,<=50K
3,28591,<=50K
3,37617,<=50K
3,7300,<=50K
3,35942,<=50K
3,24079,<=50K
3,16805,>50K
3,31804,<=50K
3,43814,>50K
3,5258,<=50K
3,43719,>50K
3,2292,>50K
3,21377,<=50K
3,27684,<=50K
3,672,<=50K
3,48028,<=50K
3,234,<=50K
3,26388,<=50K
3,3502,<=50K
3,43816,<=50K
3,27082,<=50K
3,9012,<=50K
3,38581,<=50K
3,9573,>50K
3,15435,<=50K
3,38965,<=50K
3,33076,<=50K
3,37635,<=50K
3,16059,<=50K
3,10556,<=50K
3,3194,<=50K
3,32459,>50K
3,35184,<=50K
3,39274,<=50K
3,2215,<=50K
3,28087,<=50K
3,30870,<=50K
3,929,<=50K
3,22256,<=50K
3,37547,<=50K
3,32218,<=50K
3,13572,<=50K
3,2341,<=50K
3,27123,<=50K
3,42334,<=50K
3,28225,>50K
3,39616,<=50K
3,24165,<=50K
3,18523,<=50K
3,30367,<=50K
3,14277,<=50K
3,9002,<=50K
3,12386,>50K
3,22060,<=50K
3,17190,<=50K
3,38743,<=50K
3,22120,<=50K
3,34285,<=50K
3,41325,<=50K
3,22915,>50K
3,30126,<=50K
3,15934,<=50K
3,487,<=50K
3,1139,<=50K
3,48524,<=50K
3,30387,<=50K
3,10987,<=50K
3,38287,<=50K
3,12614,<=50K
3,36620,<=50K
3,7289,<=50K
3,32258,<=50K
3,37201,<=50K
3,28213,>50K
3,5059,>50K
3,48797,<=50K
3,11373,>50K
3,48081,>50K
3,5256,<=50K
3,40342,>50K
3,153,<=50K
3,10380,<=50K
3,5365,<=50K
3,1146,<=50K
3,16472,<=50K
3,29402,>50K
3,43089,<=50K
3,36885,<=50K
3,25689,<=50K
3,39256,<=50K
3,8305,<=50K
3,4102,<=50K
3,18913,>50K
3,23223,>50K
3,39515,>50K
3,46743,<=50K
3,36083,<=50K
3,43336,<=50K
3,4259,<=50K
3,37865,<=50K
3,12200,<=50K
3,36245,<=50K
3,33611,<=50K
3,35487,<=50K
3,3625,<=50K
3,2662,<=50K
3,43705,<=50K
3,14629,<=50K
3,4138,<=50K
3,9109,<=50K
3,35605,>50K
3,37443,>50K
3,25673,<=50K
3,27693,<=50K
3,31538,<=50K
3,11462,<=50K
3,29817,>50K
3,3657,>50K
3,9616,>50K
3,39657,<=50K
3,33486,<=50K
3,22946,>50K
3,48432,>50K
3,4578,<=50K
3,638,<=50K
3,4694,<=50K
3,11510,<=50K
3,22800,<=50K
3,9493,<=50K
3,18398,<=50K
3,42254,<=50K
3,12962,<=50K
3,48123,<=50K
3,38915,<=50K
3,25700,>50K
3,34948,<=50K
3,40879,>50K
3,28375,>50K
3,9557,<=50K
3,33891,>50K
3,3682,<=50K
3,8375,<=50K
3,2026,<=50K
3,3735,>50K
3,19341,<=50K
3,39557,<=50K
3,32413,<=50K
3,33483,<=50K
3,14992,<=50K
3,14232,<=50K
3,37440,<=50K
3,8441,<=50K
3,3640,<=50K
3,32305,<=50K
3,45624,<=50K
3,9527,<=50K
3,35090,<=50K
3,22652,<=50K
3,12144,>50K
3,40155,>50K
3,42656,<=50K
3,26820,<=50K
3,26703,>50K
3,43390,<=50K
3,11141,<=50K
3,8839,<=50K
3,6479,>50K
3,24489,<=50K
3,13947,<=50K
3,18403,<=50K
3,19744,<=50K
3,426,<=50K
3,48822,<=50K
3,2549,<=50K
3,14923,<=50K
3,16324,<=50K
3,20120,<=50K
3,4688,<=50K
3,34537,>50K
3,14820,<=50K
3,10498,<=50K
3,6484,<=50K
3,5660,>50K
3,9757,<=50K
3,666,<=50K
3,35510,<=50K
3,5469,<=50K
3,17780,<=50K
3,524,<=50K
3,4993,<=50K
3,23711,<=50K
3,44010,<=50K
3,42425,<=50K
3,36938,<=50K
3,8017,<=50K
3,33274,<=50K
3,23871,<=50K
3,9225,>50K
3,38011,>50K
3,18177,<=50K
3,33954,>50K
3,42410,>50K
3,24012,<=50K
3,42566,<=50K
3,807,<=50K
3,13730,<=50K
3,2518,>50K
3,28677,<=50K
3,11163,<=50K
3,2838,<=50K
3,45323,<=50K
3,9700,<=50K
3,28102,<=50K
3,9706,<=50K
3,48481,<=50K
3,4512,<=50K
3,42307,<=50K
3,48152,<=50K
3,12891,<=50K
3,21758,<=50K
3,27474,>50K
3,4955,<=50K
3,36062,<=50K
3,30775,<=50K
3,42585,<=50K
3,25027,<=50K
3,32464,<=50K
3,37503,<=50K
3,6162,>50K
3,14007,<=50K
3,35904,<=50K
3,472,<=50K
3,47795,>50K
3,14194,>50K
3,14734,<=50K
3,2627,>50K
3,7497,<=50K
3,4129,>50K
3,1028,<=50K
3,7259,<=50K
3,35815,<=50K
3,14989,<=50K
3,35971,<=50K
3,4339,<=50K
3,43275,<=50K
3,24057,<=50K
3,30288,<=50K
3,15055,<=50K
3,4130,<=50K
3,41833,<=50K
3,44397,<=50K
3,43334,<=50K
3,46795,<=50K
3,7448,<=50K
3,33002,<=50K
3,38213,<=50K
3,48380,>50K
3,12764,<=50K
3,7255,>50K
3,33748,<=50K
3,12091,<=50K
3,22846,<=50K
3,46086,<=50K
3,9738,>50K
3,48828,<=50K
3,12778,<=50K
3,30474,>50K
3,43244,<=50K
3,17175,>50K
3,32163,<=50K
3,34974,<=50K
3,43514,>50K
3,5721,<=50K
3,41073,<=50K
3,39609,<=50K
3,258,<=50K
3,21572,<=50K
3,7809,<=50K
3,13430,<=50K
3,19656,<=50K
3,8815,<=50K
3,6543,<=50K
3,46487,>50K
3,48069,<=50K
3,48385,<=50K
3,10451,<=50K
3,10464,<=50K
3,15330,<=50K
3,28686,<=50K
3,31938,<=50K
3,13449,<=50K
3,26602,<=50K
3,27363,>50K
3,17793,>50K
3,43227,<=50K
3,1969,<=50K
3,31262,<=50K
3,31421,<=50K
3,20051,<=50K
3,32908,>50K
3,41117,>50K
3,28703,<=50K
3,29612,<=50K
3,18663,<=50K
3,9611,<=50K
3,23053,<=50K
3,5108,<=50K
3,33908,<=50K
3,25393,<=50K
3,28097,<=50K
3,46708,>50K
3,15994,<=50K
3,13073,<=50K
3,48684,>50K
3,28742,<=50K
3,16182,<=50K
3,19561,<=50K
3,10284,<=50K
3,25434,<=50K
3,30165,<=50K
3,4087,<=50K
3,3786,<=50K
3,14538,<=50K
3,31755,<=50K
3,4043,<=50K
3,35317,<=50K
3,965,>50K
3,16348,<=50K
3,877,<=50K
3,10876,<=50K
3,34251,>50K
3,15032,<=50K
3,26069,<=50K
3,11664,>50K
3,39533,<=50K
3,37566,<=50K
3,31980,<=50K
3,2640,<=50K
3,6610,<=50K
3,45153,<=50K
3,25028,>50K
3,47743,<=50K
3,10989,<=50K
3,23131,>50K
3,28413,<=50K
3,24277,<=50K
3,46559,>50K
3,39746,>50K
3,3601,<=50K
3,31430,<=50K
3,16072,<=50K
3,15653,<=50K
3,22203,<=50K
3,14511,>50K
3,29274,<=50K
3,23648,<=50K
3,42168,<=50K
3,34309,<=50K
3,47395,<=50K
3,9266,<=50K
3,41229,<=50K
3,16908,>50K
3,558,>50K
3,24402,>50K
3,42281,<=50K
3,41561,<=50K
3,14381,<=50K
3,22046,>50K
3,31925,<=50K
3,43252,<=50K
3,44471,<=50K
3,2135,>50K
3,33060,<=50K
3,44292,<=50K
3,4141,<=50K
3,23589,<=50K
3,26580,<=50K
3,36558,>50K
3,24502,>50K
3,11861,<=50K
3,14481,<=50K
3,48496,<=50K
3,44739,<=50K
3,34933,>50K
3,39477,<=50K
3,27001,>50K
3,41046,<=50K
3,4159,<=50K
3,7285,<=50K
3,17012,<=50K
3,22153,<=50K
3,43495,>50K
3,19065,<=50K
3,26752,<=50K
3,42399,<=50K
3,248,<=50K
3,9201,>50K
3,30672,>50K
3,21998,<=50K
3,2988,>50K
3,38246,<=50K
3,44522,<=50K
3,4487,<=50K
3,12110,>50K
3,4778,<=50K
3,45222,>50K
3,12319,<=50K
3,40336,<=50K
3,16270,<=50K
3,8429,<=50K
3,39773,>50K
3,17458,<=50K
3,18708,>50K
3,27766,<=50K
3,47722,<=50K
3,8340,<=50K
3,27442,<=50K
3,22206,<=50K
3,9468,<=50K
3,23297,<=50K
3,3471,<=50K
3,41970,>50K
3,44952,<=50K
3,10900,<=50K
3,24182,<=50K
3,3670,<=50K
3,27109,<=50K
3,28750,>50K
3,28969,<=50K
3,48160,<=50K
3,24889,<=50K
3,17891,<=50K
3,22482,>50K
3,7303,<=50K
3,43749,<=50K
3,4354,<=50K
3,29493,<=50K
3,21236,<=50K
3,33098,<=50K
3,35813,>50K
3,19342,<=50K
3,24189,<=50K
3,27299,>50K
3,20789,<=50K
3,12458,>50K
3,31670,<=50K
3,31410,<=50K
3,25029,<=50K
3,48171,<=50K
3,22162,<=50K
3,9287,<=50K
3,42234,<=50K
3,15360,<=50K
3,42433,>50K
3,44330,<=50K
3,22043,<=50K
3,41469,<=50K
3,43830,<=50K
3,12330,<=50K
3,17453,<=50K
3,14295,<=50K
3,7180,<=50K
3,20179,<=50K
3,43036,<=50K
3,37612,<=50K
3,13343,<=50K
3,15205,<=50K
3,27460,<=50K
3,38986,<=50K
3,21486,<=50K
3,44510,<=50K
3,12099,<=50K
3,39257,<=50K
3,6173,<=50K
3,3415,<=50K
3,5289,<=50K
3,25293,<=50K
3,14072,<=50K
3,5216,<=50K
3,46085,>50K
3,40445,<=50K
3,19107,>50K
3,28450,<=50K
3,2678,<=50K
3,22703,<=50K
3,14598,<=50K
3,18495,<=50K
3,6855,>50K
3,30284,<=50K
3,46175,<=50K
3,22722,<=50K
3,26661,>50K
3,40337,<=50K
3,16801,>50K
3,31422,<=50K
3,9910,>50K
3,39711,>50K
3,18151,>50K
3,37825,<=50K
3,162,<=50K
3,30112,>50K
3,8841,>50K
3,25223,<=50K
3,15726,>50K
3,24090,>50K
3,22101,<=50K
3,17333,>50K
3,43418,<=50K
3,45582,<=50K
3,24437,<=50K
3,41608,<=50K
3,11182,<=50K
3,28292,<=50K
3,36949,<=50K
3,3189,<=50K
3,44793,>50K
3,5931,<=50K
3,1111,>50K
3,38752,<=50K
3,23463,<=50K
3,30929,<=50K
3,2978,<=50K
3,17540,>50K
3,36725,<=50K
3,13187,>50K
3,27675,<=50K
3,44556,<=50K
3,7307,<=50K
3,25734,<=50K
3,10019,<=50K
3,36919,<=50K
3,37243,<=50K
3,18949,<=50K
3,34020,<=50K
3,23141,<=50K
3,43950,<=50K
3,37551,<=50K
3,8702,<=50K
3,17289,<=50K
3,10286,<=50K
3,1194,<=50K
3,16201,<=50K
3,33502,<=50K
3,42943,<=50K
3,9356,<=50K
3,23831,<=50K
3,47798,>50K
3,14654,<=50K
3,7501,<=50K
3,9673,<=50K
3,6231,<=50K
3,40740,<=50K
3,25116,<=50K
3,28502,<=50K
3,4844,<=50K
3,19594,<=50K
3,3485,<=50K
3,21875,<=50K
3,16839,<=50K
3,38637,<=50K
3,36994,<=50K
3,18274,<=50K
3,37234,<=50K
3,250,>50K
3,25187,<=50K
3,20358,<=50K
3,23941,<=50K
3,11299,<=50K
3,14049,>50K
3,5198,<=50K
3,4769,<=50K
3,12745,<=50K
3,28414,<=50K
3,44741,>50K
3,24713,<=50K
3,41188,>50K
3,12783,<=50K
3,45242,<=50K
3,34162,<=50K
3,10890,<=50K
3,41949,<=50K
3,24086,<=50K
3,19950,<=50K
3,7557,<=50K
3,5633,<=50K
3,40209,<=50K
3,44594,<=50K
3,48449,<=50K
3,10871,<=50K
3,29653,<=50K
3,43214,<=50K
3,42351,>50K
3,37848,>50K
3,35306,<=50K
3,6716,<=50K
3,8751,<=50K
3,10262,<=50K
3,20796,<=50K
3,24191,<=50K
3,48110,>50K
3,1090,>50K
3,1262,<=50K
3,19897,<=50K
3,15012,<=50K
3,15175,<=50K
3,31161,<=50K
3,20557,<=50K
3,15666,<=50K
3,25757,<=50K
3,14191,<=50K
3,46462,<=50K
3,16826,<=50K
3,46123,<=50K
3,24878,<=50K
3,40519,<=50K
3,48536,<=50K
3,22657,<=50K
3,44834,<=50K
3,1151,<=50K
3,5120,<=50K
3,8124,<=50K
3,5323,>50K
3,1140,<=50K
3,16299,<=50K
3,34021,<=50K
3,17382,<=50K
3,9376,>50K
3,13202,<=50K
3,47539,<=50K
3,17111,<=50K
3,10562,<=50K
3,10152,<=50K
3,5441,<=50K
3,18657,<=50K
3,46311,<=50K
3,29397,<=50K
3,47050,>50K
3,44314,<=50K
3,16584,<=50K
3,7429,>50K
3,44797,<=50K
3,22952,<=50K
3,36575,<=50K
3,43083,>50K
3,29499,<=50K
3,341,<=50K
3,48510,>50K
3,15771,>50K
3,30591,<=50K
3,7576,<=50K
3,18334,<=50K
3,38560,<=50K
3,7653,<=50K
3,28050,<=50K
3,12875,<=50K
3,3721,<=50K
3,23514,<=50K
3,37701,<=50K
3,16257,<=50K
3,40961,>50K
3,43505,<=50K
3,3953,<=50K
3,15913,<=50K
3,10069,<=50K
3,12858,<=50K
3,16933,<=50K
3,23902,<=50K
3,10329,<=50K
3,39749,>50K
3,36677,<=50K
3,14116,<=50K
3,35602,<=50K
3,13198,<=50K
3,41625,<=50K
3,40635,<=50K
3,41385,<=50K
3,19120,<=50K
3,11758,<=50K
3,2286,>50K
3,37758,>50K
3,48708,<=50K
3,14412,>50K
3,1772,<=50K
3,15160,<=50K
3,2613,<=50K
3,10191,<=50K
3,5270,<=50K
3,23707,<=50K
3,27642,<=50K
3,24093,>50K
3,20596,<=50K
3,34663,>50K
3,30379,<=50K
3,10705,<=50K
3,15126,<=50K
3,25592,>50K
3,32247,<=50K
3,3849,>50K
3,40443,<=50K
3,34852,<=50K
3,28930,<=50K
3,48703,<=50K
3,355,>50K
3,21746,<=50K
3,20804,<=50K
3,20186,<=50K
3,43132,<=50K
3,18035,<=50K
3,46293,>50K
3,4176,<=50K
3,45760,<=50K
3,9001,<=50K
3,43166,<=50K
3,8027,<=50K
3,34941,<=50K
3,37760,<=50K
3,35026,<=50K
3,37919,<=50K
3,9605,<=50K
3,21954,<=50K
3,5609,<=50K
3,27748,>50K
3,48447,<=50K
3,35863,<=50K
3,37829,<=50K
3,15275,<=50K
3,7882,>50K
3,14796,<=50K
3,23279,<=50K
3,38592,<=50K
3,27666,>50K
3,45825,<=50K
3,31940,<=50K
3,4962,<=50K
3,2865,<=50K
3,14185,>50K
3,39001,<=50K
3,43243,<=50K
3,3304,<=50K
3,20630,<=50K
3,33288,<=50K
3,35208,<=50K
3,28722,>50K
3,25589,<=50K
3,29217,<=50K
3,28923,<=50K
3,40747,>50K
3,4203,>50K
3,33119,<=50K
3,48686,<=50K
3,34241,<=50K
3,35471,<=50K
3,3731,<=50K
3,37366,<=50K
3,28059,>50K
3,7276,<=50K
3,6071,>50K
3,7168,<=50K
3,23936,<=50K
3,26098,<=50K
3,40287,<=50K
3,47701,<=50K
3,33334,>50K
3,34711,<=50K
3,14095,<=50K
3,7308,<=50K
3,34569,<=50K
3,34930,<=50K
3,35859,>50K
3,44168,<=50K
3,42342,>50K
3,26741,>50K
3,11090,<=50K
3,28638,<=50K
3,14101,<=50K
3,1946,>50K
3,36884,>50K
3,12006,>50K
3,6944,<=50K
3,25197,<=50K
3,11842,<=50K
3,5480,<=50K
3,43245,>50K
3,19913,<=50K
3,47931,<=50K
3,26238,<=50K
3,29445,>50K
3,39785,<=50K
3,14568,<=50K
3,20407,<=50K
3,15491,<=50K
3,17578,<=50K
3,38618,<=50K
3,30328,<=50K
3,1236,<=50K
3,48224,<=50K
3,26937,<=50K
3,31933,>50K
3,18653,<=50K
3,35676,<=50K
3,32814,<=50K
3,21821,<=50K
3,13079,<=50K
3,10731,<=50K
3,27985,>50K
3,1956,<=50K
3,25918,<=50K
3,35816,<=50K
3,2485,<=50K
3,42212,<=50K
3,38754,<=50K
3,34084,<=50K
3,8625,>50K
3,40765,>50K
3,44258,>50K
3,29844,<=50K
3,27065,<=50K
3,36535,<=50K
3,42123,>50K
3,38999,<=50K
3,4224,<=50K
3,46926,<=50K
3,14461,<=50K
3,23534,<=50K
3,37266,>50K
3,16373,<=50K
3,9186,>50K
3,46689,<=50K
3,17664,<=50K
3,24588,<=50K
3,14123,<=50K
3,16148,<=50K
3,21893,<=50K
3,45165,<=50K
3,12377,<=50K
3,22974,<=50K
3,22667,<=50K
3,20462,<=50K
3,38340,<=50K
3,42140,<=50K
3,37377,<=50K
3,33151,<=50K
3,46783,<=50K
3,25134,<=50K
3,44326,<=50K
3,20998,<=50K
3,22408,<=50K
3,33735,<=50K
3,21590,<=50K
3,20835,<=50K
3,24076,<=50K
3,40565,<=50K
3,364,<=50K
3,46936,<=50K
3,25203,<=50K
3,23060,<=50K
3,42558,>50K
3,427,<=50K
3,19756,<=50K
3,5988,<=50K
3,39605,<=50K
3,24370,<=50K
3,30616,<=50K
3,1893,>50K
3,36284,<=50K
3,32283,<=50K
3,20634,<=50K
3,47996,<=50K
3,25911,>50K
3,24969,<=50K
3,4717,>50K
3,11609,<=50K
3,38401,<=50K
3,16901,>50K
3,2208,<=50K
3,38144,>50K
3,7976,<=50K
3,45284,>50K
3,1024,<=50K
3,2486,<=50K
3,13725,<=50K
3,47610,<=50K
3,24838,<=50K
3,12753,<=50K
3,26132,<=50K
3,30399,>50K
3,7213,<=50K
3,8235,<=50K
3,44881,<=50K
3,31892,<=50K
3,37452,<=50K
3,7889,>50K
3,22223,<=50K
3,36345,<=50K
3,2529,<=50K
3,29566,<=50K
3,43345,<=50K
3,37422,<=50K
3,13144,<=50K
3,33956,<=50K
3,47298,<=50K
3,29460,>50K
3,34748,<=50K
3,941,<=50K
3,19080,<=50K
3,17312,<=50K
3,30298,>50K
3,27869,>50K
3,7114,<=50K
3,36246,<=50K
3,24397,<=50K
3,35652,>50K
3,46679,<=50K
3,30508,>50K
3,25364,<=50K
3,37856,<=50K
3,34252,<=50K
3,18706,<=50K
3,24329,>50K
3,12416,<=50K
3,13128,<=50K
3,34151,<=50K
3,37045,<=50K
3,17543,<=50K
3,22001,<=50K
3,35067,<=50K
3,23635,>50K
3,4267,<=50K
3,25072,<=50K
3,12897,<=50K
3,16074,>50K
3,18853,<=50K
3,27071,<=50K
3,33377,<=50K
3,996,<=50K
3,27676,>50K
3,33911,<=50K
3,29301,<=50K
3,5470,<=50K
3,23899,<=50K
3,6685,<=50K
3,46357,<=50K
3,39461,<=50K
3,23688,<=50K
3,10137,<=50K
3,47157,<=50K
3,45128,<=50K
3,19737,<=50K
3,44278,<=50K
3,38686,<=50K
3,16830,<=50K
3,12870,<=50K
3,15545,<=50K
3,14933,<=50K
3,22743,<=50K
3,2756,<=50K
3,4745,<=50K
3,23982,<=50K
3,1684,<=50K
3,46876,<=50K
3,13687,>50K
3,44512,<=50K
3,25923,<=50K
3,21263,<=50K
3,8447,<=50K
3,42798,<=50K
3,46317,<=50K
3,42631,<=50K
3,17653,<=50K
3,7494,>50K
3,29191,>50K
3,34370,<=50K
3,22696,>50K
3,2335,>50K
3,10260,>50K
3,23937,>50K
3,4982,<=50K
3,39405,<=50K
3,6251,<=50K
3,44532,<=50K
3,33962,<=50K
3,20607,<=50K
3,6469,>50K
3,27049,>50K
3,814,<=50K
3,2331,>50K
3,32919,>50K
3,3125,<=50K
3,7827,<=50K
3,13988,<=50K
3,16848,<=50K
3,43129,<=50K
3,12517,<=50K
3,30285,>50K
3,8409,<=50K
3,5425,<=50K
3,12833,>50K
3,43569,<=50K
3,3207,<=50K
3,15436,<=50K
3,28297,>50K
3,22268,<=50K
3,21255,<=50K
3,36198,<=50K
3,17716,<=50K
3,21694,<=50K
3,47568,>50K
3,12932,<=50K
3,10907,>50K
3,34539,<=50K
3,45046,<=50K
3,21612,<=50K
3,47201,<=50K
3,14676,<=50K
3,33947,>50K
3,27261,>50K
3,45481,<=50K
3,43835,<=50K
3,41056,<=50K
3,20817,<=50K
3,27339,<=50K
3,45192,>50K
3,25885,<=50K
3,36745,<=50K
3,26397,<=50K
3,29298,<=50K
3,41098,<=50K
3,3655,<=50K
3,1431,<=50K
3,26087,>50K
3,5967,<=50K
3,3980,<=50K
3,28319,<=50K
3,44261,>50K
3,33906,<=50K
3,20726,<=50K
3,33005,<=50K
3,2,<=50K
3,20713,<=50K
3,36777,<=50K
3,21001,<=50K
3,27727,<=50K
3,25758,<=50K
3,8134,>50K
3,31880,<=50K
3,48275,<=50K
3,2138,<=50K
3,48118,<=50K
3,47516,<=50K
3,42625,>50K
3,2027,<=50K
3,45479,<=50K
3,5197,<=50K
3,4045,<=50K
3,2323,<=50K
3,216,<=50K
3,867,>50K
3,45073,<=50K
3,7641,<=50K
3,43625,<=50K
3,21721,<=50K
3,3229,<=50K
3,12042,<=50K
3,14968,<=50K
3,41839,<=50K
3,15870,<=50K
3,2327,<=50K
3,11728,>50K
3,12529,>50K
3,40316,>50K
3,10273,<=50K
3,27916,<=50K
3,44322,<=50K
3,2204,<=50K
3,38615,<=50K
3,17884,<=50K
3,24527,<=50K
3,27648,<=50K
3,18946,>50K
3,29747,<=50K
3,48301,<=50K
3,31982,<=50K
3,16540,<=50K
3,6203,<=50K
3,2883,<=50K
3,21012,<=50K
3,4274,<=50K
3,40656,<=50K
3,48578,<=50K
3,12769,<=50K
3,18414,<=50K
3,1906,<=50K
3,42744,<=50K
3,1832,<=50K
3,14284,<=50K
3,22737,>50K
3,12308,<=50K
3,44812,<=50K
3,17070,<=50K
3,10548,<=50K
3,45892,<=50K
3,14885,<=50K
3,45940,<=50K
3,12483,<=50K
3,22942,>50K
3,21163,<=50K
3,36144,<=50K
3,41788,<=50K
3,15910,>50K
3,845,<=50K
3,44683,<=50K
3,180,>50K
3,29648,>50K
3,8650,<=50K
3,16904,<=50K
3,25,<=50K
3,38715,<=50K
3,2209,<=50K
3,1877,<=50K
3,12466,<=50K
3,42565,<=50K
3,22809,<=50K
3,30667,<=50K
3,46770,<=50K
3,23427,<=50K
3,410,>50K
3,36339,<=50K
3,10632,>50K
3,27117,>50K
3,340,<=50K
3,5807,<=50K
3,16600,<=50K
3,30247,>50K
3,25248,>50K
3,38740,<=50K
3,3265,>50K
3,9539,<=50K
3,46621,>50K
3,14040,<=50K
3,30843,<=50K
3,27902,>50K
3,17003,<=50K
3,5218,<=50K
3,30968,<=50K
3,8006,<=50K
3,27683,<=50K
3,39450,<=50K
3,19866,<=50K
3,33291,<=50K
3,32110,<=50K
3,40951,<=50K
3,15294,<=50K
3,40681,<=50K
3,6201,<=50K
3,32442,<=50K
3,41885,<=50K
3,35288,>50K
3,26948,<=50K
3,9414,<=50K
3,23412,<=50K
3,37631,<=50K
3,7332,<=50K
3,19116,<=50K
3,17611,<=50K
3,9243,<=50K
3,25518,<=50K
3,26915,>50K
3,13164,<=50K
3,39913,<=50K
3,47779,<=50K
3,18252,<=50K
3,12431,<=50K
3,5087,<=50K
3,2503,<=50K
3,35516,<=50K
3,15304,<=50K
3,26225,<=50K
3,7411,<=50K
3,8304,<=50K
3,771,<=50K
3,38413,<=50K
3,28644,<=50K
3,31662,<=50K
3,5741,<=50K
3,2064,>50K
3,2074,<=50K
3,18496,<=50K
3,12292,>50K
3,1841,>50K
3,36913,<=50K
3,30222,<=50K
3,22438,<=50K
3,33759,<=50K
3,39095,<=50K
3,32414,<=50K
3,15951,<=50K
3,48059,<=50K
3,45308,<=50K
3,45029,>50K
3,29419,<=50K
3,17354,<=50K
3,4155,<=50K
3,41544,>50K
3,4818,<=50K
3,7101,<=50K
3,13903,<=50K
3,14715,<=50K
3,20911,>50K
3,34262,<=50K
3,41155,<=50K
3,47262,>50K
3,2498,<=50K
3,15300,<=50K
3,32619,<=50K
3,4832,>50K
3,32866,<=50K
3,25687,<=50K
3,8425,>50K
3,15186,>50K
3,2861,<=50K
3,16308,<=50K
3,136,<=50K
3,12111,<=50K
3,717,<=50K
3,19163,<=50K
3,27183,<=50K
3,47475,<=50K
3,42056,<=50K
3,47239,>50K
3,40503,<=50K
3,3828,>50K
3,32397,<=50K
3,38951,<=50K
3,9459,<=50K
3,40936,<=50K
3,32983,<=50K
3,449,<=50K
3,5390,<=50K
3,15860,<=50K
3,36123,<=50K
3,10975,>50K
3,24304,<=50K
3,44262,>50K
3,29367,<=50K
3,30505,<=50K
3,46892,<=50K
3,18951,<=50K
3,5797,>50K
3,32243,>50K
3,7897,<=50K
3,5637,<=50K
3,20188,<=50K
3,47095,<=50K
3,19584,<=50K
3,38515,<=50K
3,4967,<=50K
3,36449,<=50K
3,19833,<=50K
3,43290,<=50K
3,47110,<=50K
3,4544,>50K
3,11482,<=50K
3,12865,>50K
3,41125,<=50K
3,48450,<=50K
3,10299,<=50K
3,48214,<=50K
3,11610,<=50K
3,39670,>50K
3,15256,>50K
3,48388,<=50K
3,13765,>50K
3,27547,<=50K
3,29784,<=50K
3,33480,<=50K
3,40068,<=50K
3,45785,<=50K
3,35292,<=50K
3,34289,<=50K
3,26672,<=50K
3,3066,<=50K
3,3402,>50K
3,1850,<=50K
3,9941,>50K
3,36770,<=50K
3,33750,<=50K
3,21516,<=50K
3,31679,>50K
3,39629,<=50K
3,45496,<=50K
3,11726,<=50K
3,10081,<=50K
3,41665,<=50K
3,5759,<=50K
3,31762,<=50K
3,24038,<=50K
3,18873,<=50K
3,39272,<=50K
3,23127,<=50K
3,31193,<=50K
3,11266,>50K
3,37577,<=50K
3,17378,<=50K
3,3531,<=50K
3,31420,<=50K
3,17527,<=50K
3,45797,<=50K
3,22131,<=50K
3,1031,<=50K
3,6294,<=50K
3,13121,<=50K
3,16362,<=50K
3,13690,<=50K
3,1033,<=50K
3,28498,>50K
3,20971,<=50K
3,23384,<=50K
3,39063,<=50K
3,32308,<=50K
3,20155,<=50K
3,1149,<=50K
3,23672,<=50K
3,33720,>50K
3,16341,<=50K
3,19632,<=50K
3,42320,>50K
3,12414,<=50K
3,35426,<=50K
3,28897,<=50K
3,37908,<=50K
3,40207,<=50K
3,45157,<=50K
3,43798,<=50K
3,43607,<=50K
3,2274,<=50K
3,3823,<=50K
3,35232,<=50K
3,43518,<=50K
3,39205,<=50K
3,17522,<=50K
3,12613,<=50K
3,22976,<=50K
3,33272,<=50K
3,356,>50K
3,31975,<=50K
3,47321,<=50K
3,13206,<=50K
3,37117,<=50K
3,44679,<=50K
3,26541,<=50K
3,18155,<=50K
3,12016,<=50K
3,41978,<=50K
3,19524,<=50K
3,35925,>50K
3,34059,<=50K
3,16141,<=50K
3,29006,<=50K
3,31101,<=50K
3,10999,<=50K
3,36253,>50K
3,38160,<=50K
3,4415,<=50K
3,29245,<=50K
3,42540,<=50K
3,41720,>50K
3,22512,<=50K
3,6489,<=50K
3,39050,<=50K
3,22014,<=50K
3,18824,<=50K
3,10269,<=50K
3,36916,<=50K
3,32617,<=50K
3,25343,<=50K
3,31146,<=50K
3,17449,<=50K
3,883,>50K
3,26914,<=50K
3,12487,>50K
3,22443,<=50K
3,14475,<=50K
3,37740,<=50K
3,39217,<=50K
3,32192,<=50K
3,3679,<=50K
3,44595,<=50K
3,41791,<=50K
3,39479,<=50K
3,2510,>50K
3,20663,<=50K
3,32288,<=50K
3,37337,<=50K
3,19035,>50K
3,31732,>50K
3,25216,<=50K
3,6960,<=50K
3,14997,<=50K
3,1153,<=50K
3,45914,<=50K
3,4591,<=50K
3,921,>50K
3,46193,<=50K
3,46573,<=50K
3,47691,>50K
3,21088,>50K
3,8052,>50K
3,35006,<=50K
3,13976,<=50K
3,16776,<=50K
3,6710,<=50K
3,14506,<=50K
3,18488,<=50K
3,21847,<=50K
3,42438,<=50K
3,47054,<=50K
3,19986,<=50K
3,40957,<=50K
3,14263,<=50K
3,15329,<=50K
3,39498,<=50K
3,39503,<=50K
3,23420,<=50K
3,42873,>50K
3,15013,<=50K
3,36373,<=50K
3,2958,<=50K
3,28931,<=50K
3,16175,>50K
3,8360,<=50K
3,14515,<=50K
3,31806,<=50K
3,36510,<=50K
3,8662,<=50K
3,14656,<=50K
3,14826,<=50K
3,2472,<=50K
3,29772,<=50K
3,26971,<=50K
3,6470,<=50K
3,45622,<=50K
3,44410,<=50K
3,2862,<=50K
3,35136,<=50K
3,11923,<=50K
3,32458,>50K
3,25723,<=50K
3,37185,<=50K
3,9070,<=50K
3,7370,<=50K
3,34334,<=50K
3,38751,<=50K
3,19183,>50K
3,287,<=50K
3,34821,<=50K
3,19232,<=50K
3,32563,>50K
3,47013,>50K
3,40958,>50K
3,17678,<=50K
3,41370,>50K
3,20194,<=50K
3,10843,<=50K
3,10148,<=50K
3,2614,<=50K
3,15902,<=50K
3,13485,<=50K
3,13910,<=50K
3,30540,<=50K
3,38162,<=50K
3,889,<=50K
3,3981,<=50K
3,46541,>50K
3,6098,<=50K
3,15553,<=50K
3,39637,<=50K
3,46538,<=50K
3,22855,>50K
3,4684,<=50K
3,45494,<=50K
3,189,<=50K
3,47195,>50K
3,8452,<=50K
3,46914,>50K
3,327,<=50K
3,18442,>50K
3,41644,<=50K
3,4164,>50K
3,9640,<=50K
3,26794,<=50K
3,34659,>50K
3,37689,<=50K
3,11765,>50K
3,34178,<=50K
3,3788,<=50K
3,15639,<=50K
3,26356,<=50K
3,31539,>50K
3,22692,<=50K
3,45082,<=50K
3,40606,<=50K
3,25785,>50K
3,15714,<=50K
3,292,<=50K
3,38620,>50K
3,38274,>50K
3,33338,<=50K
3,36689,>50K
3,35100,<=50K
3,42344,<=50K
3,27542,>50K
3,1238,<=50K
3,22251,<=50K
3,26122,<=50K
3,17936,<=50K
3,15029,<=50K
3,41882,<=50K
3,13538,<=50K
3,3237,<=50K
3,18482,>50K
3,34490,<=50K
3,207,<=50K
3,33673,<=50K
3,37166,<=50K
3,36467,<=50K
3,16222,<=50K
3,40621,>50K
3,26747,>50K
3,19865,>50K
3,42980,<=50K
3,37708,<=50K
3,36772,>50K
3,13916,<=50K
3,36844,<=50K
3,27647,<=50K
3,37583,>50K
3,38035,<=50K
3,37836,<=50K
3,25397,<=50K
3,32955,<=50K
3,4325,<=50K
3,5188,>50K
3,25412,>50K
3,27936,<=50K
3,46291,<=50K
3,42250,<=50K
3,46016,<=50K
3,1811,<=50K
3,27888,>50K
3,7436,<=50K
3,44046,<=50K
3,23248,<=50K
3,19957,<=50K
3,47383,<=50K
3,23930,<=50K
3,24578,<=50K
3,709,<=50K
3,36049,<=50K
3,22872,<=50K
3,36026,<=50K
3,28913,<=50K
3,20230,>50K
3,29308,<=50K
3,48603,>50K
3,7538,<=50K
3,31179,>50K
3,37810,<=50K
3,28283,<=50K
3,17725,<=50K
3,37354,<=50K
3,12094,>50K
3,4485,<=50K
3,27192,>50K
3,22499,>50K
3,39561,<=50K
3,29788,>50K
3,22985,<=50K
3,8724,<=50K
3,995,>50K
3,6192,<=50K
3,28786,<=50K
3,38356,<=50K
3,41006,<=50K
3,29346,>50K
3,39756,>50K
3,23481,<=50K
3,37128,<=50K
3,40630,<=50K
3,3386,<=50K
3,5432,<=50K
3,5815,>50K
3,3493,<=50K
3,42564,<=50K
3,6637,<=50K
3,31139,<=50K
3,36528,<=50K
3,37071,<=50K
3,24934,<=50K
3,9500,>50K
3,13591,<=50K
3,42763,<=50K
3,37778,<=50K
3,11911,<=50K
3,3390,>50K
3,19213,<=50K
3,16639,<=50K
3,5875,<=50K
3,6843,<=50K
3,48300,<=50K
3,24419,<=50K
3,30241,<=50K
3,47435,<=50K
3,20421,<=50K
3,1575,<=50K
3,30725,<=50K
3,7166,<=50K
3,19930,<=50K
3,41110,<=50K
3,22089,<=50K
3,24871,<=50K
3,5542,<=50K
3,34763,>50K
3,33446,<=50K
3,16198,<=50K
3,27373,>50K
3,44334,<=50K
3,33995,<=50K
3,23482,<=50K
3,21277,<=50K
3,30388,<=50K
3,3149,>50K
3,43936,<=50K
3,28153,<=50K
3,10955,<=50K
3,41940,<=50K
3,14687,<=50K
3,28113,<=50K
3,18381,<=50K
3,8593,<=50K
3,15132,<=50K
3,17394,<=50K
3,43155,>50K
3,32062,>50K
3,21028,>50K
3,24672,<=50K
3,4773,>50K
3,36845,<=50K
3,10673,>50K
3,43388,<=50K
3,47492,<=50K
3,10313,<=50K
3,44999,<=50K
3,4751,<=50K
3,2299,>50K
3,24472,<=50K
3,21102,<=50K
3,19527,>50K
3,19509,<=50K
3,13672,<=50K
3,981,<=50K
3,4291,<=50K
3,47535,<=50K
3,37003,<=50K
3,19758,<=50K
3,5226,>50K
3,14861,<=50K
3,3392,>50K
3,16340,<=50K
3,20750,<=50K
3,3426,<=50K
3,22649,<=50K
3,29327,<=50K
3,19097,<=50K
3,35179,<=50K
3,34964,<=50K
3,2093,<=50K
3,6818,<=50K
3,17077,<=50K
3,6472,>50K
3,28160,>50K
3,7792,<=50K
3,29959,<=50K
3,36786,<=50K
3,38364,<=50K
3,8570,<=50K
3,29506,<=50K
3,26615,<=50K
3,47897,>50K
3,4878,<=50K
3,29456,<=50K
3,20350,<=50K
3,31817,<=50K
3,5358,<=50K
3,36118,<=50K
3,22278,<=50K
3,32819,<=50K
3,7927,<=50K
3,46286,<=50K
3,2738,<=50K
3,46116,>50K
3,14367,<=50K
3,36439,<=50K
3,29669,<=50K
3,17237,<=50K
3,4403,<=50K
3,14055,<=50K
3,650,<=50K
3,1835,<=50K
3,12671,<=50K
3,26184,<=50K
3,13359,>50K
3,1937,<=50K
3,24616,<=50K
3,34986,<=50K
3,28237,>50K
3,24330,>50K
3,16935,<=50K
3,5244,<=50K
3,11778,>50K
3,16588,<=50K
3,29426,<=50K
3,47926,<=50K
3,30902,<=50K
3,14340,<=50K
3,38214,<=50K
3,17604,<=50K
3,17815,<=50K
3,40994,<=50K
3,28217,<=50K
3,15426,<=50K
3,36326,<=50K
3,37615,>50K
3,47064,<=50K
3,14202,>50K
3,13265,<=50K
3,43128,>50K
3,11978,>50K
3,34778,<=50K
3,31850,<=50K
3,17308,<=50K
3,6507,<=50K
3,13525,<=50K
3,7495,<=50K
3,14088,<=50K
3,10541,<=50K
3,35497,<=50K
3,29199,<=50K
3,14044,<=50K
3,44700,<=50K
3,3641,<=50K
3,32999,<=50K
3,46011,<=50K
3,22263,<=50K
3,25869,<=50K
3,12343,<=50K
3,30234,<=50K
3,33215,<=50K
3,23882,<=50K
3,4941,<=50K
3,28439,>50K
3,6491,<=50K
3,38694,<=50K
3,23057,<=50K
3,28101,<=50K
3,22902,<=50K
3,18285,<=50K
3,1129,<=50K
3,41354,>50K
3,26814,<=50K
3,29219,>50K
3,19168,>50K
3,25640,<=50K
3,43195,<=50K
3,8298,<=50K
3,33862,<=50K
3,12194,<=50K
3,27449,<=50K
3,14266,<=50K
3,18806,<=50K
3,44469,<=50K
3,19863,<=50K
3,24985,<=50K
3,25058,>50K
3,7803,<=50K
3,13913,>50K
3,19587,<=50K
3,42336,<=50K
3,44658,<=50K
3,32826,<=50K
3,42360,<=50K
3,35817,<=50K
3,32714,<=50K
3,22509,>50K
3,6171,<=50K
3,34602,>50K
3,5570,>50K
3,39859,<=50K
3,6065,<=50K
3,7154,<=50K
3,2875,<=50K
3,22730,<=50K
3,1379,>50K
3,48047,<=50K
3,8341,<=50K
3,33627,<=50K
3,23593,<=50K
3,14951,>50K
3,35720,>50K
3,22325,<=50K
3,34976,<=50K
3,2959,<=50K
3,17784,<=50K
3,3798,<=50K
3,42512,<=50K
3,6110,<=50K
3,43612,<=50K
3,11292,>50K
3,31518,<=50K
3,33562,<=50K
3,15392,>50K
3,35045,>50K
3,15694,<=50K
3,3433,<=50K
3,8569,<=50K
3,16822,>50K
3,47751,<=50K
3,20513,<=50K
3,25159,<=50K
3,9349,<=50K
3,38604,<=50K
3,31919,>50K
3,33287,<=50K
3,7689,>50K
3,3987,<=50K
3,19398,>50K
3,21368,<=50K
3,34116,>50K
3,43547,<=50K
3,36505,<=50K
3,37355,<=50K
3,36403,<=50K
3,42005,<=50K
3,9409,<=50K
3,21096,<=50K
3,16163,>50K
3,21719,>50K
3,35407,<=50K
3,35367,>50K
3,30078,<=50K
3,46060,<=50K
3,3131,<=50K
3,37517,<=50K
3,41195,<=50K
3,40059,<=50K
3,16407,>50K
3,1997,<=50K
3,5631,<=50K
3,2892,<=50K
3,44950,<=50K
3,35217,>50K
3,35359,<=50K
3,45497,<=50K
3,28932,<=50K
3,29430,>50K
3,5250,<=50K
3,39026,<=50K
3,21681,<=50K
3,423,<=50K
3,19164,>50K
3,32730,<=50K
3,20144,>50K
3,17690,<=50K
3,18283,<=50K
3,9689,<=50K
3,11309,<=50K
3,19751,>50K
3,31048,<=50K
3,20140,<=50K
3,5706,>50K
3,8367,>50K
3,16121,>50K
3,6001,<=50K
3,45188,<=50K
3,11070,<=50K
3,30810,<=50K
3,35404,<=50K
3,25933,>50K
3,23739,<=50K
3,44863,<=50K
3,39289,<=50K
3,2698,>50K
3,48778,<=50K
3,17726,>50K
3,31384,<=50K
3,32682,<=50K
3,30597,<=50K
3,11752,<=50K
3,43378,<=50K
3,25416,<=50K
3,28197,>50K
3,31231,>50K
3,5782,>50K
3,21957,<=50K
3,42078,>50K
3,48700,<=50K
3,21677,<=50K
3,31523,<=50K
3,37495,>50K
3,28868,<=50K
3,28782,<=50K
3,12681,<=50K
3,18255,<=50K
3,35293,<=50K
3,41546,<=50K
3,3009,<=50K
3,3364,>50K
3,9571,>50K
3,25610,<=50K
3,48623,>50K
3,1014,<=50K
3,43552,<=50K
3,856,<=50K
3,28719,<=50K
3,18749,<=50K
3,26431,<=50K
3,33660,<=50K
3,33452,<=50K
3,44664,<=50K
3,2668,>50K
3,48097,>50K
3,47183,>50K
3,39999,<=50K
3,37813,<=50K
3,2141,>50K
3,15674,<=50K
3,8445,<=50K
3,1329,>50K
3,46773,<=50K
3,11350,<=50K
3,29995,<=50K
3,34030,<=50K
3,527,>50K
3,46028,<=50K
3,17672,<=50K
3,27201,>50K
3,41964,<=50K
3,4182,<=50K
3,40868,<=50K
3,13035,>50K
3,47981,<=50K
3,12084,<=50K
3,9892,<=50K
3,19256,<=50K
3,14540,<=50K
3,20402,<=50K
3,22053,>50K
3,47025,<=50K
3,9799,<=50K
3,32781,<=50K
3,6406,<=50K
3,22496,<=50K
3,23415,<=50K
3,31124,>50K
3,20152,<=50K
3,3270,>50K
3,47436,<=50K
3,31113,<=50K
3,20930,<=50K
3,23950,<=50K
3,41814,<=50K
3,7767,<=50K
3,17214,<=50K
3,25243,<=50K
3,184,>50K
3,2839,<=50K
3,39803,<=50K
3,27321,>50K
3,39769,<=50K
3,15486,<=50K
3,23293,<=50K
3,38572,<=50K
3,23657,<=50K
3,33404,>50K
3,29694,<=50K
3,47005,<=50K
3,30120,<=50K
3,14882,<=50K
3,14661,<=50K
3,15155,>50K
3,17531,<=50K
3,36303,<=50K
3,18074,<=50K
3,45376,<=50K
3,29549,<=50K
3,44354,>50K
3,20242,<=50K
3,41999,<=50K
3,24166,<=50K
3,42811,<=50K
3,8282,<=50K
3,28517,<=50K
3,30057,<=50K
3,1892,<=50K
3,13323,<=50K
3,16515,<=50K
3,30018,<=50K
3,31328,<=50K
3,3305,<=50K
3,41900,>50K
3,48564,<=50K
3,43976,<=50K
3,28829,>50K
3,2734,<=50K
3,45816,<=50K
3,40305,<=50K
3,38409,<=50K
3,11661,<=50K
3,20898,<=50K
3,33942,<=50K
3,47777,<=50K
3,17191,>50K
3,20755,<=50K
3,13348,<=50K
3,38103,<=50K
3,36096,<=50K
3,39140,<=50K
3,18510,>50K
3,28065,<=50K
3,14433,<=50K
3,45581,<=50K
3,35259,<=50K
3,33817,<=50K
3,2545,<=50K
3,892,<=50K
3,29796,>50K
3,44302,<=50K
3,8523,<=50K
3,2735,<=50K
3,39035,<=50K
3,4397,<=50K
3,32704,>50K
3,45261,>50K
3,31388,<=50K
3,32296,<=50K
3,11894,<=50K
3,44936,<=50K
3,10455,<=50K
3,6893,<=50K
3,9455,<=50K
3,2788,>50K
3,24114,<=50K
3,47843,>50K
3,35763,<=50K
3,19862,<=50K
3,34771,<=50K
3,46459,<=50K
3,21437,>50K
3,18113,<=50K
3,29110,<=50K
3,40476,<=50K
3,30424,>50K
3,25304,>50K
3,44723,<=50K
3,37983,<=50K
3,2317,>50K
3,3393,<=50K
3,42176,>50K
3,46562,<=50K
3,10619,>50K
3,34102,<=50K
3,35334,<=50K
3,6594,<=50K
3,33454,>50K
3,31226,<=50K
3,41767,<=50K
3,44004,>50K
3,47929,<=50K
3,15735,<=50K
3,16172,<=50K
3,33844,<=50K
3,25827,<=50K
3,25547,<=50K
3,20113,>50K
3,27349,<=50K
3,1168,<=50K
3,44475,<=50K
3,34384,<=50K
3,9742,<=50K
3,4142,<=50K
3,48665,<=50K
3,17970,<=50K
3,18237,<=50K
3,16898,<=50K
3,9089,<=50K
3,21219,<=50K
3,38045,<=50K
3,37057,<=50K
3,1509,<=50K
3,47984,<=50K
3,36223,<=50K
3,45597,<=50K
3,23958,>50K
3,48078,<=50K
3,5718,>50K
3,12408,<=50K
3,14245,<=50K
3,35674,<=50K
3,20519,<=50K
3,5803,>50K
3,1063,<=50K
3,23506,<=50K
3,19553,>50K
3,30335,<=50K
3,39177,<=50K
3,14405,<=50K
3,20299,<=50K
3,10788,<=50K
3,10622,>50K
3,11903,<=50K
3,38149,<=50K
3,10719,>50K
3,23947,<=50K
3,28333,<=50K
3,15136,>50K
3,15673,<=50K
3,4243,<=50K
3,24326,<=50K
3,47605,<=50K
3,20925,<=50K
3,41785,>50K
3,9965,>50K
3,41134,<=50K
3,40273,<=50K
3,14169,<=50K
3,17031,>50K
3,8366,<=50K
3,36287,>50K
3,28925,<=50K
3,32752,<=50K
3,44316,<=50K
3,8788,<=50K
3,30767,<=50K
3,39469,<=50K
3,4757,<=50K
3,19453,<=50K
3,31526,>50K
3,6963,<=50K
3,307,<=50K
3,33349,<=50K
3,13849,<=50K
3,38780,<=50K
3,37705,<=50K
3,32664,<=50K
3,39145,<=50K
3,2526,>50K
3,17247,<=50K
3,7734,<=50K
3,7316,<=50K
3,44751,>50K
3,7821,<=50K
3,47243,>50K
3,40304,<=50K
3,43617,<=50K
3,29392,<=50K
3,4910,<=50K
3,46528,>50K
3,36093,<=50K
3,27059,<=50K
3,27701,>50K
3,15719,<=50K
3,40638,>50K
3,44969,<=50K
3,4044,<=50K
3,2854,<=50K
3,23767,>50K
3,11523,<=50K
3,48463,>50K
3,38410,>50K
3,23737,<=50K
3,47302,>50K
3,12791,<=50K
3,27476,<=50K
3,42071,>50K
3,35956,<=50K
3,40920,>50K
3,27146,<=50K
3,912,<=50K
3,23182,>50K
3,33866,<=50K
3,35559,<=50K
3,40658,>50K
3,42357,<=50K
3,23792,<=50K
3,35270,<=50K
3,38490,<=50K
3,21530,<=50K
3,6786,<=50K
3,31157,<=50K
3,43930,<=50K
3,31556,<=50K
3,27606,<=50K
3,24568,<=50K
3,45435,<=50K
3,17018,<=50K
3,46563,<=50K
3,14549,<=50K
3,14955,<=50K
3,4733,<=50K
3,23496,<=50K
3,15258,<=50K
3,24390,<=50K
3,8036,<=50K
3,6528,<=50K
3,5848,<=50K
3,18216,<=50K
3,2261,>50K
3,6361,<=50K
3,15697,<=50K
3,34691,>50K
3,5734,>50K
3,193,<=50K
3,40107,<=50K
3,26666,<=50K
3,27764,<=50K
3,3644,<=50K
3,22335,<=50K
3,14135,<=50K
3,35375,<=50K
3,507,<=50K
3,47847,>50K
3,20195,>50K
3,26271,<=50K
3,44148,<=50K
3,23630,<=50K
3,20130,<=50K
3,647,<=50K
3,40158,<=50K
3,34623,>50K
3,28812,<=50K
3,11501,<=50K
3,8976,<=50K
3,31252,<=50K
3,29671,<=50K
3,26077,<=50K
3,29275,<=50K
3,21162,<=50K
3,21496,<=50K
3,34231,<=50K
3,24216,<=50K
3,5792,>50K
3,47462,<=50K
3,26963,<=50K
3,12829,<=50K
3,30122,>50K
3,46409,>50K
3,8439,>50K
3,45396,<=50K
3,45407,<=50K
3,969,<=50K
3,8180,<=50K
3,6425,>50K
3,26996,<=50K
3,41296,<=50K
3,46382,<=50K
3,31472,<=50K
3,39844,>50K
3,36101,<=50K
3,7287,<=50K
3,1382,<=50K
3,38582,<=50K
3,7048,>50K
3,38863,<=50K
3,28959,>50K
3,3819,<=50K
3,47083,<=50K
3,1718,<=50K
3,18576,<=50K
3,45012,<=50K
3,23549,<=50K
3,3791,<=50K
3,27944,<=50K
3,39867,>50K
3,45195,>50K
3,11604,<=50K
3,44661,>50K
3,26038,<=50K
3,40265,>50K
3,33318,<=50K
3,35132,<=50K
3,45172,>50K
3,32907,<=50K
3,3127,<=50K
3,33827,<=50K
3,30687,<=50K
3,38436,<=50K
3,44060,<=50K
3,8413,>50K
3,9135,<=50K
3,39374,<=50K
3,24180,<=50K
3,47304,<=50K
3,22792,<=50K
3,8318,<=50K
3,11558,<=50K
3,40814,<=50K
3,7007,<=50K
3,1506,>50K
3,18712,>50K
3,22022,<=50K
3,38855,>50K
3,13666,>50K
3,11476,<=50K
3,28927,<=50K
3,45930,<=50K
3,9677,>50K
3,23054,<=50K
3,30469,<=50K
3,2320,<=50K
3,7067,<=50K
3,24881,<=50K
3,2244,>50K
3,4430,<=50K
3,44068,<=50K
3,19861,<=50K
3,38426,<=50K
3,27828,<=50K
3,15296,<=50K
3,20849,<=50K
3,15217,<=50K
3,38278,<=50K
3,371,<=50K
3,33880,<=50K
3,1859,<=50K
3,48314,>50K
3,33336,>50K
3,40285,<=50K
3,5595,<=50K
3,42213,<=50K
3,29908,<=50K
3,44895,>50K
3,44045,<=50K
3,32862,<=50K
3,28799,<=50K
3,3776,<=50K
3,10199,<=50K
3,46709,<=50K
3,26338,<=50K
3,33102,<=50K
3,37296,>50K
3,47710,<=50K
3,2112,<=50K
3,31826,<=50K
3,16578,<=50K
3,10005,<=50K
3,29420,<=50K
3,29587,<=50K
3,29635,<=50K
3,39500,<=50K
3,15693,>50K
3,39025,<=50K
3,3567,<=50K
3,13023,<=50K
3,32847,<=50K
3,22031,<=50K
3,3456,<=50K
3,22074,>50K
3,26249,<=50K
3,25347,<=50K
3,18434,<=50K
3,10266,<=50K
3,2414,<=50K
3,12079,<=50K
3,46273,<=50K
3,48824,<=50K
3,42131,<=50K
3,40093,<=50K
3,9285,<=50K
3,4347,<=50K
3,36574,>50K
3,6066,<=50K
3,21835,<=50K
3,41137,<=50K
3,17570,<=50K
3,34148,<=50K
3,41845,<=50K
3,8671,<=50K
3,28560,<=50K
3,38054,>50K
3,29659,<=50K
3,46281,<=50K
3,25798,>50K
3,9062,<=50K
3,25429,<=50K
3,8490,>50K
3,23246,>50K
3,23743,<=50K
3,37351,<=50K
3,14275,>50K
3,42597,<=50K
3,21657,<=50K
3,16250,<=50K
3,22262,>50K
3,19049,>50K
3,17293,<=50K
3,20187,<=50K
3,34616,<=50K
3,8794,>50K
3,27191,>50K
3,6911,<=50K
3,24436,<=50K
3,5841,<=50K
3,6695,<=50K
3,40203,<=50K
3,7377,<=50K
3,34952,<=50K
3,45799,<=50K
3,34122,<=50K
3,8899,<=50K
3,40925,>50K
3,43851,<=50K
3,40328,<=50K
3,12714,>50K
3,47496,<=50K
3,33028,<=50K
3,19734,<=50K
3,38486,>50K
3,23120,<=50K
3,30847,<=50K
3,21929,<=50K
3,25760,<=50K
3,8664,<=50K
3,20689,>50K
3,34060,>50K
3,25817,<=50K
3,35609,<=50K
3,40406,<=50K
3,4404,<=50K
3,682,<=50K
3,33601,<=50K
3,5926,<=50K
3,28728,>50K
3,4912,<=50K
3,24439,>50K
3,7796,<=50K
3,3665,<=50K
3,5568,<=50K
3,41783,>50K
3,20234,<=50K
3,37086,>50K
3,5451,<=50K
3,13459,<=50K
3,5009,<=50K
3,27110,<=50K
3,34550,<=50K
3,46692,<=50K
3,33109,<=50K
3,33589,<=50K
3,48754,<=50K
3,31563,<=50K
3,12046,<=50K
3,43145,<=50K
3,15078,<=50K
3,10352,<=50K
3,41062,>50K
3,42591,<=50K
3,23703,<=50K
3,46978,<=50K
3,41413,<=50K
3,27367,<=50K
3,14300,>50K
3,47625,<=50K
3,15180,<=50K
3,18644,>50K
3,45443,>50K
3,46473,<=50K
3,6087,<=50K
3,36412,<=50K
3,508,>50K
3,15159,<=50K
3,35787,<=50K
3,36028,<=50K
3,22900,<=50K
3,6585,>50K
3,6018,<=50K
3,14696,<=50K
3,27067,<=50K
3,21858,<=50K
3,1656,<=50K
3,26093,>50K
3,31882,<=50K
3,10800,>50K
3,46113,<=50K
3,9960,<=50K
3,1219,>50K
3,680,>50K
3,14631,>50K
3,34373,<=50K
3,5193,<=50K
3,34936,>50K
3,31332,<=50K
3,23319,<=50K
3,14434,>50K
3,17302,<=50K
3,45697,>50K
3,36100,<=50K
3,32903,<=50K
3,39675,<=50K
3,29126,<=50K
3,47689,<=50K
3,28856,<=50K
3,17160,<=50K
3,1554,<=50K
3,479,<=50K
3,31920,>50K
3,14898,<=50K
3,957,<=50K
3,27143,<=50K
3,16353,<=50K
3,41177,>50K
3,7784,<=50K
3,10908,>50K
3,17356,<=50K
3,403,<=50K
3,30587,<=50K
3,45241,<=50K
3,42624,<=50K
3,12362,<=50K
3,29680,<=50K
3,39078,<=50K
3,9124,<=50K
3,40095,<=50K
3,15573,<=50K
3,27002,<=50K
3,44037,<=50K
3,45588,>50K
3,35204,<=50K
3,46266,<=50K
3,28121,>50K
3,40673,<=50K
3,36658,>50K
3,20280,<=50K
3,34136,>50K
3,14834,<=50K
3,44820,<=50K
3,11562,<=50K
3,48116,<=50K
3,966,<=50K
3,28177,<=50K
3,36422,<=50K
3,31012,<=50K
3,19811,<=50K
3,35951,<=50K
3,247,<=50K
3,10768,<=50K
3,48292,<=50K
3,8797,<=50K
3,38474,<=50K
3,10461,<=50K
3,24608,<=50K
3,43715,<=50K
3,33316,<=50K
3,19568,<=50K
3,15600,<=50K
3,8660,<=50K
3,6235,<=50K
3,26283,<=50K
3,38384,<=50K
3,35011,>50K
3,5440,<=50K
3,31533,<=50K
3,12511,<=50K
3,2516,<=50K
3,36455,<=50K
3,45418,>50K
3,44848,<=50K
3,34213,<=50K
3,48007,<=50K
3,9154,<=50K
3,24420,<=50K
3,10278,>50K
3,22885,>50K
3,40576,<=50K
3,16297,<=50K
3,38154,<=50K
3,46927,>50K
3,20851,<=50K
3,38034,>50K
3,41443,<=50K
3,46551,<=50K
3,34811,<=50K
3,47232,<=50K
3,37476,<=50K
3,15554,<=50K
3,10448,<=50K
3,42572,<=50K
3,14328,<=50K
3,45389,<=50K
3,13651,<=50K
3,29783,>50K
3,9699,>50K
3,45428,<=50K
3,24049,>50K
3,46862,<=50K
3,48298,<=50K
3,21994,<=50K
3,33237,<=50K
3,14833,>50K
3,31464,<=50K
3,23689,<=50K
3,44673,<=50K
3,31580,<=50K
3,13544,<=50K
3,19560,<=50K
3,43900,<=50K
3,4571,<=50K
3,6200,<=50K
3,23183,>50K
3,29771,<=50K
3,22847,<=50K
3,3228,<=50K
3,4414,<=50K
3,12884,<=50K
3,28369,<=50K
3,27787,<=50K
3,15343,<=50K
3,4435,<=50K
3,36427,<=50K
3,13385,>50K
3,33635,<=50K
3,26911,<=50K
3,30149,<=50K
3,46095,<=50K
3,9244,<=50K
3,4428,<=50K
3,14574,<=50K
3,14579,<=50K
3,20553,>50K
3,10242,<=50K
3,14883,<=50K
3,6722,>50K
3,27679,<=50K
3,42205,<=50K
3,8956,<=50K
3,38343,<=50K
3,12488,>50K
3,21041,<=50K
3,19331,>50K
3,9369,<=50K
3,26430,<=50K
3,35807,<=50K
3,48133,>50K
3,12535,>50K
3,43848,>50K
3,23073,<=50K
3,5355,<=50K
3,27923,<=50K
3,2795,<=50K
3,23989,<=50K
3,48286,<=50K
3,18723,<=50K
3,8028,<=50K
3,28352,<=50K
3,30613,<=50K
3,14698,<=50K
3,21352,<=50K
3,36469,<=50K
3,10707,<=50K
3,31643,<=50K
3,6986,>50K
3,39495,<=50K
3,24719,>50K
3,18553,<=50K
3,38099,<=50K
3,44237,<=50K
3,22856,>50K
3,42626,<=50K
3,39158,<=50K
3,23864,<=50K
3,20014,>50K
3,32063,<=50K
3,42120,<=50K
3,10566,<=50K
3,42445,<=50K
3,23117,<=50K
3,4434,<=50K
3,12653,>50K
3,18600,>50K
3,48682,>50K
3,20641,>50K
3,27508,>50K
3,25207,<=50K
3,31829,<=50K
3,26787,<=50K
3,42461,<=50K
3,28879,>50K
3,43690,<=50K
3,24312,<=50K
3,12946,<=50K
3,4905,<=50K
3,6311,<=50K
3,46665,>50K
3,9511,>50K
3,25193,<=50K
3,48181,<=50K
3,14209,<=50K
3,17677,<=50K
3,8960,>50K
3,34365,<=50K
3,16238,>50K
3,14092,<=50K
3,48690,<=50K
3,21298,<=50K
3,26549,<=50K
3,23678,<=50K
3,30490,<=50K
3,31170,>50K
3,35736,<=50K
3,28412,<=50K
3,5712,<=50K
3,9972,>50K
3,15344,<=50K
3,12393,<=50K
3,12157,<=50K
3,35353,<=50K
3,44841,<=50K
3,21645,<=50K
3,31847,>50K
3,38117,<=50K
3,27121,<=50K
3,11972,<=50K
3,1653,<=50K
3,8315,<=50K
3,27365,>50K
3,11403,<=50K
3,14004,<=50K
3,26809,<=50K
3,42272,<=50K
3,27876,<=50K
3,45663,<=50K
3,17342,<=50K
3,28688,<=50K
3,800,<=50K
3,38342,<=50K
3,8796,<=50K
3,5385,<=50K
3,451,<=50K
3,1467,<=50K
3,8170,<=50K
3,33929,<=50K
3,37643,<=50K
3,36824,<=50K
3,39939,<=50K
3,41905,>50K
3,36397,<=50K
3,35379,<=50K
3,35895,<=50K
3,4767,>50K
3,8942,>50K
3,36514,<=50K
3,5481,<=50K
3,28303,>50K
3,9661,<=50K
3,28317,<=50K
3,20942,<=50K
3,32586,<=50K
3,15906,>50K
3,8003,>50K
3,32584,<=50K
3,4051,<=50K
3,12225,>50K
3,7406,<=50K
3,38589,<=50K
3,35339,<=50K
3,24971,<=50K
3,1939,<=50K
3,42977,<=50K
3,34328,<=50K
3,13001,>50K
3,44463,>50K
3,15206,<=50K
3,48839,<=50K
3,6901,<=50K
3,43966,<=50K
3,32788,<=50K
3,45102,<=50K
3,22093,>50K
3,33448,<=50K
3,42166,<=50K
3,47178,<=50K
3,37977,<=50K
3,22751,<=50K
3,1118,<=50K
3,22233,<=50K
3,22796,<=50K
3,1197,<=50K
3,2718,<=50K
3,9451,<=50K
3,43259,>50K
3,32160,>50K
3,19810,<=50K
3,6135,<=50K
3,11031,<=50K
3,12738,<=50K
3,30611,>50K
3,8261,<=50K
3,35881,<=50K
3,18599,<=50K
3,35470,<=50K
3,12078,<=50K
3,21502,>50K
3,24652,<=50K
3,16981,<=50K
3,730,<=50K
3,11121,>50K
3,6698,<=50K
3,47702,>50K
3,29502,>50K
3,28155,>50K
3,30895,<=50K
3,34633,<=50K
3,42600,<=50K
3,7611,<=50K
3,2311,>50K
3,3439,<=50K
3,45105,<=50K
3,6226,<=50K
3,5456,<=50K
3,34248,>50K
3,30737,<=50K
3,11640,<=50K
3,44442,>50K
3,37124,<=50K
3,5366,<=50K
3,14813,<=50K
3,40877,<=50K
3,24544,>50K
3,10672,<=50K
3,10173,<=50K
3,3618,<=50K
3,20362,<=50K
3,8080,<=50K
3,17921,>50K
3,35836,<=50K
3,9621,>50K
3,34808,<=50K
3,21868,<=50K
3,27265,<=50K
3,18753,<=50K
3,31781,<=50K
3,27589,>50K
3,16467,<=50K
3,46608,<=50K
3,47131,<=50K
3,32569,>50K
3,33865,<=50K
3,19093,<=50K
3,31497,<=50K
3,23338,<=50K
3,42271,>50K
3,33774,<=50K
3,20249,<=50K
3,23851,<=50K
3,47542,<=50K
3,12106,<=50K
3,35010,<=50K
3,13787,<=50K
3,33346,<=50K
3,823,<=50K
3,42966,<=50K
3,3358,<=50K
3,48521,<=50K
3,32470,>50K
3,42567,<=50K
3,19017,<=50K
3,44580,<=50K
3,35366,>50K
3,33330,>50K
3,38330,<=50K
3,40708,>50K
3,30246,<=50K
3,18464,<=50K
3,46228,<=50K
3,7460,<=50K
3,13439,<=50K
3,2025,<=50K
3,37719,<=50K
3,46547,<=50K
3,16672,<=50K
3,45319,<=50K
3,28740,<=50K
3,23751,<=50K
3,29448,>50K
3,9159,>50K
3,48151,>50K
3,20267,<=50K
3,40808,>50K
3,41151,<=50K
3,43068,<=50K
3,32451,<=50K
3,9095,<=50K
3,30290,>50K
3,39048,<=50K
3,32242,<=50K
3,25282,<=50K
3,6779,>50K
3,377,>50K
3,34579,<=50K
3,29998,<=50K
3,35449,<=50K
3,9329,<=50K
3,5559,<=50K
3,10708,>50K
3,17532,>50K
3,24768,<=50K
3,4731,>50K
3,3188,<=50K
3,6363,<=50K
3,22691,<=50K
3,15238,<=50K
3,31550,<=50K
3,37316,<=50K
3,30159,<=50K
3,14842,>50K
3,4863,<=50K
3,37009,<=50K
3,6930,<=50K
3,8353,<=50K
3,16325,<=50K
3,41105,>50K
3,27492,<=50K
3,10822,<=50K
3,46094,<=50K
3,23808,<=50K
3,43084,<=50K
3,26810,>50K
3,47765,>50K
3,9143,<=50K
3,25904,<=50K
3,22584,<=50K
3,11293,<=50K
3,36171,<=50K
3,23543,>50K
3,5107,<=50K
3,15110,<=50K
3,19494,>50K
3,15151,<=50K
3,33170,>50K
3,45429,>50K
3,24843,<=50K
3,40271,<=50K
3,39934,<=50K
3,24353,<=50K
3,5436,>50K
3,40570,<=50K
3,2700,<=50K
3,5156,<=50K
3,1502,<=50K
3,23488,<=50K
3,38668,<=50K
3,6474,<=50K
3,34446,<=50K
3,34226,<=50K
3,22187,<=50K
3,39031,>50K
3,11855,>50K
3,31467,<=50K
3,12034,<=50K
3,42892,>50K
3,37025,<=50K
3,1801,>50K
3,36130,<=50K
3,3272,>50K
3,6694,<=50K
3,29008,<=50K
3,1606,<=50K
3,40796,>50K
3,29673,<=50K
3,19459,<=50K
3,31615,<=50K
3,9000,>50K
3,13427,>50K
3,19076,<=50K
3,35170,>50K
3,9023,<=50K
3,23173,<=50K
3,17645,<=50K
3,37162,<=50K
3,26210,<=50K
3,4049,>50K
3,14200,<=50K
3,7764,>50K
3,2222,<=50K
3,28635,<=50K
3,16566,<=50K
3,24635,<=50K
3,31078,<=50K
3,17647,<=50K
3,38417,<=50K
3,10956,<=50K
3,6048,<=50K
3,6689,<=50K
3,39740,<=50K
3,663,<=50K
3,26995,<=50K
3,5869,<=50K
3,407,<=50K
3,33244,>50K
3,26753,<=50K
3,8050,>50K
3,23456,<=50K
3,24010,<=50K
3,9531,<=50K
3,24295,>50K
3,66,<=50K
3,17813,<=50K
3,45907,<=50K
3,22181,<=50K
3,15446,<=50K
3,48328,>50K
3,42150,<=50K
3,37568,<=50K
3,43316,<=50K
3,44524,<=50K
3,20373,<=50K
3,1035,<=50K
3,24801,<=50K
3,4320,<=50K
3,27560,<=50K
3,17044,<=50K
3,13221,>50K
3,34352,<=50K
3,16583,<=50K
3,5553,<=50K
3,41572,>50K
3,32277,<=50K
3,22269,<=50K
3,33296,>50K
3,36750,<=50K
3,31194,<=50K
3,17986,<=50K
3,30249,<=50K
3,17892,<=50K
3,12898,>50K
3,28755,<=50K
3,11038,<=50K
3,12440,<=50K
3,4072,<=50K
3,2632,<=50K
3,43291,<=50K
3,23749,>50K
3,38775,<=50K
3,9918,>50K
3,7400,<=50K
3,6067,<=50K
3,45749,>50K
3,13014,>50K
3,22622,<=50K
3,14149,<=50K
3,35962,<=50K
3,37300,<=50K
3,26270,>50K
3,12544,<=50K
3,35748,>50K
3,45730,<=50K
3,865,<=50K
3,2750,<=50K
3,30427,>50K
3,38511,<=50K
3,29099,>50K
3,40594,<=50K
3,35635,>50K
3,1474,<=50K
3,22317,>50K
3,7191,<=50K
3,1121,<=50K
3,47794,<=50K
3,45774,<=50K
3,46694,<=50K
3,5831,>50K
3,46540,>50K
3,9652,<=50K
3,9386,>50K
3,9896,>50K
3,18533,<=50K
3,48204,<=50K
3,41547,<=50K
3,19311,>50K
3,41108,<=50K
3,19059,<=50K
3,43179,<=50K
3,35301,<=50K
3,25667,<=50K
3,47678,<=50K
3,39786,<=50K
3,20442,<=50K
3,25359,<=50K
3,30190,<=50K
3,36199,<=50K
3,36506,>50K
3,5191,>50K
3,10491,>50K
3,24530,<=50K
3,15228,>50K
3,202,>50K
3,28501,<=50K
3,22097,<=50K
3,47667,<=50K
3,30784,<=50K
3,36935,<=50K
3,11825,<=50K
3,15967,<=50K
3,42002,<=50K
3,468,<=50K
3,38597,>50K
3,29848,<=50K
3,5604,<=50K
3,9458,<=50K
3,44340,>50K
3,18066,<=50K
3,17460,<=50K
3,21763,<=50K
3,3874,<=50K
3,40241,<=50K
3,44708,<=50K
3,20219,<=50K
3,11288,<=50K
3,1834,<=50K
3,16501,<=50K
3,18265,>50K
3,16647,<=50K
3,45996,<=50K
3,35369,<=50K
3,26694,<=50K
3,5586,<=50K
3,14514,>50K
3,7550,<=50K
3,25623,<=50K
3,27013,<=50K
3,10610,<=50K
3,29106,<=50K
3,45448,<=50K
3,12509,>50K
3,21533,>50K
3,36891,<=50K
3,46513,>50K
3,32868,<=50K
3,10893,<=50K
3,30773,<=50K
3,44511,>50K
3,34109,<=50K
3,28371,<=50K
3,8363,<=50K
3,17551,<=50K
3,2128,<=50K
3,34973,<=50K
3,22350,<=50K
3,6570,<=50K
3,10296,<=50K
3,36797,<=50K
3,20831,>50K
3,42879,<=50K
3,6384,<=50K
3,15806,<=50K
3,36932,<=50K
3,6546,<=50K
3,45424,<=50K
3,15102,>50K
3,36821,<=50K
3,20940,<=50K
3,41996,<=50K
3,18555,<=50K
3,13341,<=50K
3,47123,<=50K
3,19140,<=50K
3,16490,>50K
3,13927,<=50K
3,47614,<=50K
3,17050,<=50K
3,18550,>50K
3,20688,<=50K
3,42516,<=50K
3,24666,<=50K
3,28377,<=50K
3,42659,<=50K
3,38153,<=50K
3,13156,<=50K
3,33596,<=50K
3,10870,<=50K
3,23509,<=50K
3,16658,<=50K
3,32724,<=50K
3,43135,<=50K
3,5032,<=50K
3,45925,<=50K
3,44612,<=50K
3,1216,<=50K
3,4253,<=50K
3,32794,<=50K
3,30617,<=50K
3,36719,<=50K
3,40180,<=50K
3,48233,<=50K
3,17223,<=50K
3,10499,<=50K
3,23365,>50K
3,24393,<=50K
3,19709,>50K
3,13192,>50K
3,35175,>50K
3,1706,>50K
3,28415,<=50K
3,22345,<=50K
3,14651,<=50K
3,46172,<=50K
3,13358,<=50K
3,14315,<=50K
3,18076,<=50K
3,27739,<=50K
3,36944,>50K
3,17546,<=50K
3,2162,<=50K
3,8567,<=50K
3,27306,<=50K
3,18983,<=50K
3,40128,<=50K
3,17978,>50K
3,39750,<=50K
3,22944,<=50K
3,35065,<=50K
3,30489,>50K
3,1728,<=50K
3,41703,<=50K
3,35854,<=50K
3,23954,>50K
3,34263,>50K
3,35588,<=50K
3,32001,<=50K
3,12139,<=50K
3,5083,>50K
3,10544,>50K
3,38353,<=50K
3,39104,<=50K
3,36958,<=50K
3,40662,>50K
3,6050,<=50K
3,30338,<=50K
3,32762,<=50K
3,1454,<=50K
3,18167,<=50K
3,33356,<=50K
3,30594,<=50K
3,25756,<=50K
3,23286,<=50K
3,24176,<=50K
3,42885,>50K
3,37466,<=50K
3,19237,>50K
3,120,<=50K
3,45551,<=50K
3,4005,>50K
3,10487,<=50K
3,29194,<=50K
3,36568,<=50K
3,24136,<=50K
3,44212,<=50K
3,47085,<=50K
3,28681,<=50K
3,1517,>50K
3,30822,<=50K
3,21680,<=50K
3,42003,<=50K
3,47733,>50K
3,36465,<=50K
3,10874,>50K
3,8365,<=50K
3,44974,<=50K
3,46581,<=50K
3,8313,<=50K
3,5464,>50K
3,45465,<=50K
3,33526,<=50K
3,6120,<=50K
3,43782,<=50K
3,696,<=50K
3,31132,<=50K
3,33521,<=50K
3,39805,>50K
3,32074,>50K
3,25946,<=50K
3,19847,<=50K
3,6317,<=50K
3,10157,<=50K
3,45137,<=50K
3,23993,<=50K
3,45919,<=50K
3,46508,<=50K
3,35467,<=50K
3,16281,>50K
3,26395,<=50K
3,37370,<=50K
3,13028,<=50K
3,3690,<=50K
3,36423,<=50K
3,1822,>50K
3,5572,<=50K
3,27411,<=50K
3,7589,<=50K
3,6811,<=50K
3,4860,<=50K
3,32241,<=50K
3,16315,<=50K
3,13076,>50K
3,28443,<=50K
3,22539,<=50K
3,42647,<=50K
3,28514,>50K
3,1317,<=50K
3,24963,<=50K
3,2352,>50K
3,19566,<=50K
3,18989,>50K
3,33753,<=50K
3,386,<=50K
3,37049,<=50K
3,20719,<=50K
3,9388,<=50K
3,8001,<=50K
3,8503,<=50K
3,26805,<=50K
3,17387,<=50K
3,2042,<=50K
3,7616,<=50K
3,12063,<=50K
3,30746,>50K
3,23249,<=50K
3,45553,<=50K
3,26913,<=50K
3,40631,<=50K
3,5110,<=50K
3,27793,<=50K
3,33581,<=50K
3,43301,<=50K
3,46768,<=50K
3,7457,<=50K
3,28496,<=50K
3,30665,<=50K
3,29705,<=50K
3,1839,<=50K
3,26153,<=50K
3,45725,<=50K
3,17366,<=50K
3,36016,<=50K
3,22015,<=50K
3,43721,>50K
3,22562,<=50K
3,8186,<=50K
3,6339,>50K
3,15802,<=50K
3,17251,<=50K
3,28659,<=50K
3,11736,<=50K
3,3221,<=50K
3,16424,<=50K
3,39845,>50K
3,28629,<=50K
3,47469,<=50K
3,268,<=50K
3,12317,<=50K
3,33246,>50K
3,48439,<=50K
3,25653,<=50K
3,10091,>50K
3,26208,<=50K
3,1289,<=50K
3,18886,<=50K
3,41258,<=50K
3,26291,>50K
3,2395,<=50K
3,12585,<=50K
3,40628,<=50K
3,39399,<=50K
3,31465,<=50K
3,18883,<=50K
3,47623,<=50K
3,37917,<=50K
3,1234,>50K
3,28356,>50K
3,35758,>50K
3,30467,<=50K
3,48612,<=50K
3,35853,<=50K
3,45030,>50K
3,26903,>50K
3,39833,<=50K
3,11253,<=50K
3,17311,<=50K
3,13571,<=50K
3,24711,<=50K
3,30824,<=50K
3,40697,<=50K
3,40195,<=50K
3,26919,>50K
3,2301,<=50K
3,21556,<=50K
3,18794,>50K
3,46136,>50K
3,16457,<=50K
3,9433,<=50K
3,37686,<=50K
3,5180,<=50K
3,5500,>50K
3,38461,<=50K
3,10119,>50K
3,2594,<=50K
3,14310,>50K
3,13724,<=50K
3,33878,<=50K
3,39129,>50K
3,9983,<=50K
3,34577,<=50K
3,44597,<=50K
3,44633,<=50K
3,5997,<=50K
3,27475,>50K
3,2238,<=50K
3,31606,<=50K
3,45571,>50K
3,7107,<=50K
3,36350,<=50K
3,29543,<=50K
3,30583,<=50K
3,24413,<=50K
3,36671,<=50K
3,33159,<=50K
3,11926,<=50K
3,19691,<=50K
3,30572,<=50K
3,4083,<=50K
3,22948,<=50K
3,37662,<=50K
3,6846,<=50K
3,2226,<=50K
3,10402,<=50K
3,23693,<=50K
3,35383,<=50K
3,44676,<=50K
3,24284,>50K
3,34306,<=50K
3,14741,<=50K
3,36710,<=50K
3,30181,>50K
3,773,<=50K
3,28717,>50K
3,44660,<=50K
3,7224,<=50K
3,32360,<=50K
3,2606,<=50K
3,19007,<=50K
3,10745,<=50K
3,13255,>50K
3,25245,<=50K
3,21342,<=50K
3,31243,>50K
3,5982,<=50K
3,42365,>50K
3,48499,<=50K
3,5659,<=50K
3,7135,<=50K
3,26811,>50K
3,26637,>50K
3,34029,>50K
3,34750,>50K
3,1242,>50K
3,27270,<=50K
3,20756,>50K
3,9719,<=50K
3,24056,<=50K
3,7475,<=50K
3,920,<=50K
3,30909,<=50K
3,21511,<=50K
3,13578,>50K
3,19688,<=50K
3,5163,<=50K
3,14477,<=50K
3,30532,>50K
3,3385,<=50K
3,34635,<=50K
3,5276,<=50K
3,2615,<=50K
3,23968,<=50K
3,46026,>50K
3,18755,>50K
3,40619,<=50K
3,11043,<=50K
3,21916,>50K
3,14884,<=50K
3,15391,<=50K
3,38313,<=50K
3,2034,<=50K
3,6183,>50K
3,24228,<=50K
3,11177,<=50K
3,47596,<=50K
3,47378,>50K
3,20648,>50K
3,19738,<=50K
3,14491,<=50K
3,37496,<=50K
3,45642,<=50K
3,36394,<=50K
3,18948,<=50K
3,7482,<=50K
3,16157,>50K
3,7251,<=50K
3,30340,<=50K
3,46518,<=50K
3,12556,<=50K
3,24516,>50K
3,25614,<=50K
3,14571,<=50K
3,38664,<=50K
3,17751,>50K
3,46702,>50K
3,39195,>50K
3,10376,<=50K
3,35633,<=50K
3,19992,<=50K
3,18624,<=50K
3,34995,<=50K
3,48321,<=50K
3,47624,<=50K
3,13831,<=50K
3,7675,<=50K
3,27826,<=50K
3,10589,<=50K
3,22495,>50K
3,9815,<=50K
3,42112,<=50K
3,15368,<=50K
3,23333,>50K
3,37129,<=50K
3,17004,<=50K
3,28012,>50K
3,15171,<=50K
3,40413,>50K
3,47709,<=50K
3,31952,<=50K
3,36546,<=50K
3,14106,<=50K
3,4308,<=50K
3,41540,<=50K
3,34533,>50K
3,31784,<=50K
3,4228,<=50K
3,21849,<=50K
3,34673,<=50K
3,19912,<=50K
3,3327,<=50K
3,2921,<=50K
3,25174,<=50K
3,24923,<=50K
3,30186,<=50K
3,25719,<=50K
3,17539,<=50K
3,16282,<=50K
3,1695,<=50K
3,27463,<=50K
3,11975,<=50K
3,38243,<=50K
3,24722,<=50K
3,6649,<=50K
3,19571,<=50K
3,44757,>50K
3,43951,<=50K
3,13931,>50K
3,16777,<=50K
3,9180,<=50K
3,37830,>50K
3,24026,<=50K
3,16039,<=50K
3,24798,<=50K
3,41986,<=50K
3,38362,<=50K
3,11144,>50K
3,729,<=50K
3,4621,<=50K
3,8589,<=50K
3,22787,<=50K
3,13799,>50K
3,31092,<=50K
3,2179,<=50K
3,26127,<=50K
3,409,<=50K
3,37257,<=50K
3,43867,>50K
3,4056,<=50K
3,46277,<=50K
3,14871,<=50K
3,8595,<=50K
3,29880,<=50K
3,44300,<=50K
3,30529,<=50K
3,36678,<=50K
3,6084,<=50K
3,37222,<=50K
3,2761,<=50K
3,36516,<=50K
3,39125,<=50K
3,9206,>50K
3,22312,<=50K
3,15765,<=50K
3,12903,<=50K
3,13584,>50K
3,37447,>50K
3,6775,>50K
3,9728,>50K
3,28511,<=50K
3,28525,<=50K
3,510,<=50K
3,37776,<=50K
3,41877,>50K
3,11033,<=50K
3,39357,<=50K
3,26970,<=50K
3,18178,>50K
3,22704,<=50K
3,8819,<=50K
3,45348,<=50K
3,8908,<=50K
3,8320,<=50K
3,28440,<=50K
3,16707,<=50K
3,18100,<=50K
3,40649,<=50K
3,11210,<=50K
3,12309,<=50K
3,16993,<=50K
3,29160,<=50K
3,41584,>50K
3,18869,>50K
3,25697,<=50K
3,11335,<=50K
3,6049,<=50K
3,33594,<=50K
3,11119,<=50K
3,29196,>50K
3,42991,<=50K
3,1079,>50K
3,31042,>50K
3,21836,<=50K
3,31303,<=50K
3,8688,<=50K
3,48614,<=50K
3,19955,>50K
3,12012,<=50K
3,17410,<=50K
3,41286,<=50K
3,46787,<=50K
3,20919,<=50K
3,15863,<=50K
3,32810,<=50K
3,31564,<=50K
3,43318,<=50K
3,8317,>50K
3,47944,<=50K
3,6248,>50K
3,12223,>50K
3,14216,<=50K
3,27421,<=50K
3,36111,>50K
3,45356,<=50K
3,33153,<=50K
3,41922,<=50K
3,22085,<=50K
3,6020,>50K
3,8661,>50K
3,20523,<=50K
3,12496,<=50K
3,2790,<=50K
3,33721,<=50K
3,22292,>50K
3,2581,<=50K
3,10978,>50K
3,44815,<=50K
3,21169,<=50K
3,29359,<=50K
3,26198,<=50K
3,7680,<=50K
3,39149,>50K
3,29295,<=50K
3,47193,<=50K
3,37850,<=50K
3,25107,<=50K
3,12647,<=50K
3,40013,<=50K
3,7701,<=50K
3,26032,<=50K
3,35990,<=50K
3,22709,<=50K
3,37253,<=50K
3,44109,<=50K
3,38318,<=50K
3,25636,<=50K
3,16279,>50K
3,24554,<=50K
3,23103,<=50K
3,33355,<=50K
3,13443,>50K
3,32207,<=50K
3,41085,<=50K
3,28541,<=50K
3,17842,<=50K
3,46740,<=50K
3,39691,<=50K
3,1722,<=50K
3,34435,>50K
3,39343,>50K
3,2932,<=50K
3,39828,>50K
3,25538,<=50K
3,36680,<=50K
3,1795,<=50K
3,45747,<=50K
3,37249,<=50K
3,40505,>50K
3,1548,<=50K
3,8772,<=50K
3,24621,<=50K
3,13293,<=50K
3,9058,<=50K
3,40991,>50K
3,48423,<=50K
3,24269,<=50K
3,45211,>50K
3,26370,<=50K
3,14994,<=50K
3,47453,<=50K
3,15342,<=50K
3,10317,<=50K
3,44611,<=50K
3,30198,<=50K
3,4055,<=50K
3,11282,<=50K
3,17545,<=50K
3,34001,<=50K
3,19003,<=50K
3,24529,<=50K
3,14556,<=50K
3,11997,<=50K
3,31534,<=50K
3,27199,>50K
3,28099,<=50K
3,32222,<=50K
3,3010,<=50K
3,45039,<=50K
3,9174,<=50K
3,2768,<=50K
3,25535,<=50K
3,14453,<=50K
3,18028,<=50K
3,11158,<=50K
3,19375,>50K
3,28030,<=50K
3,43486,<=50K
3,26674,<=50K
3,3465,<=50K
3,48267,<=50K
3,21619,<=50K
3,29869,<=50K
3,26881,<=50K
3,36831,<=50K
3,762,<=50K
3,16035,<=50K
3,11359,<=50K
3,22775,<=50K
3,9059,<=50K
3,37614,<=50K
3,44363,<=50K
3,31107,<=50K
3,34662,>50K
3,14322,>50K
3,39854,<=50K
3,21931,>50K
3,13207,<=50K
3,12796,<=50K
3,6331,<=50K
3,36368,<=50K
3,32646,<=50K
3,1385,<=50K
3,42021,>50K
3,46176,<=50K
3,28771,<=50K
3,41234,<=50K
3,16847,<=50K
3,29334,<=50K
3,26737,>50K
3,447,<=50K
3,3199,<=50K
3,27446,<=50K
3,30947,>50K
3,39159,<=50K
3,33912,<=50K
3,1912,<=50K
3,11670,<=50K
3,40485,>50K
3,38443,<=50K
3,42413,>50K
3,11694,>50K
3,8101,<=50K
3,42686,<=50K
3,36771,<=50K
3,19412,<=50K
3,3245,>50K
3,16547,>50K
3,28842,>50K
3,30753,<=50K
3,23052,<=50K
3,18742,>50K
3,18671,>50K
3,37604,<=50K
3,16310,<=50K
3,20708,<=50K
3,46671,<=50K
3,19481,<=50K
3,37256,<=50K
3,14797,<=50K
3,11434,<=50K
3,41,>50K
3,30115,<=50K
3,37353,<=50K
3,33241,<=50K
3,41156,<=50K
3,18746,<=50K
3,28784,<=50K
3,42627,<=50K
3,6325,>50K
3,31192,<=50K
3,23867,<=50K
3,11422,>50K
3,24013,<=50K
3,48367,>50K
3,13557,<=50K
3,43656,>50K
3,4252,<=50K
3,46846,>50K
3,13374,<=50K
3,16399,<=50K
3,19577,<=50K
3,41248,<=50K
3,45763,<=50K
3,42476,<=50K
3,5892,<=50K
3,4837,<=50K
3,41372,<=50K
3,29399,<=50K
3,46827,>50K
3,18348,>50K
3,587,<=50K
3,45591,<=50K
3,39704,>50K
3,41475,<=50K
3,4645,<=50K
3,2404,<=50K
3,26200,<=50K
3,17047,<=50K
3,3045,<=50K
3,31609,<=50K
3,14793,<=50K
3,28028,<=50K
3,20836,<=50K
3,20391,<=50K
3,35552,>50K
3,31548,<=50K
3,47225,<=50K
3,6439,<=50K
3,21665,<=50K
3,45103,<=50K
3,12215,<=50K
3,40861,<=50K
3,45168,<=50K
3,16952,<=50K
3,6835,>50K
3,1106,<=50K
3,15661,<=50K
3,2140,<=50K
3,42548,<=50K
3,10809,>50K
3,48459,<=50K
3,1313,<=50K
3,42854,<=50K
3,23096,>50K
3,16711,>50K
3,18894,<=50K
3,21306,<=50K
3,44152,<=50K
3,30358,<=50K
3,9080,<=50K
3,14,<=50K
3,31034,<=50K
3,2378,<=50K
3,7420,>50K
3,36425,<=50K
3,40571,<=50K
3,40669,<=50K
3,15455,>50K
3,40591,>50K
3,20847,>50K
3,17918,<=50K
3,8022,<=50K
3,8092,<=50K
3,16051,<=50K
3,40701,<=50K
3,23209,<=50K
3,13926,<=50K
3,45679,>50K
3,47943,<=50K
3,27351,>50K
3,14085,<=50K
3,36663,<=50K
3,21748,<=50K
3,315,<=50K
3,37150,<=50K
3,29019,<=50K
3,13061,<=50K
3,34514,<=50K
3,41838,<=50K
3,10920,<=50K
3,47124,<=50K
3,8860,>50K
3,2699,<=50K
3,19672,>50K
3,17445,>50K
3,21930,<=50K
3,35209,<=50K
3,45521,<=50K
3,40467,<=50K
3,40518,<=50K
3,37959,<=50K
3,29841,<=50K
3,19966,<=50K
3,34448,<=50K
3,41620,<=50K
3,1678,<=50K
3,43394,<=50K
3,43877,>50K
3,20006,>50K
3,15411,<=50K
3,368,>50K
3,28752,<=50K
3,14354,<=50K
3,41066,<=50K
3,16224,<=50K
3,44840,<=50K
3,25698,>50K
3,44029,<=50K
3,263,<=50K
3,1226,<=50K
3,30020,<=50K
3,2233,>50K
3,25218,<=50K
3,33091,>50K
3,22264,<=50K
3,42317,<=50K
3,904,<=50K
3,23111,<=50K
3,32201,<=50K
3,13622,<=50K
3,21797,<=50K
3,12109,<=50K
3,3368,<=50K
3,26039,<=50K
3,45573,<=50K
3,8999,<=50K
3,33110,<=50K
3,46855,<=50K
3,33894,>50K
3,34340,<=50K
3,42455,>50K
3,43402,>50K
3,34994,<=50K
3,42430,<=50K
3,28937,>50K
3,19176,>50K
3,2857,<=50K
3,20366,<=50K
3,29326,<=50K
3,12612,<=50K
3,29312,<=50K
3,35624,<=50K
3,40818,>50K
3,48084,>50K
3,21067,<=50K
3,13726,<=50K
3,43182,<=50K
3,4763,<=50K
3,14233,<=50K
3,17580,<=50K
3,21888,<=50K
3,24830,<=50K
3,42760,<=50K
3,45945,>50K
3,19010,<=50K
3,16114,<=50K
3,35474,<=50K
3,18462,>50K
3,13376,>50K
3,42787,>50K
3,29830,<=50K
3,47018,>50K
3,13989,>50K
3,29168,<=50K
3,20822,>50K
3,29731,<=50K
3,595,>50K
3,13461,<=50K
3,5353,<=50K
3,1521,<=50K
3,26068,<=50K
3,20735,<=50K
3,1364,>50K
3,15948,<=50K
3,10817,<=50K
3,11385,<=50K
3,34857,>50K
3,16595,<=50K
3,1812,<=50K
3,39603,<=50K
3,13893,<=50K
3,28789,<=50K
3,38479,<=50K
3,31859,>50K
3,26947,<=50K
3,11625,<=50K
3,1175,<=50K
3,7738,<=50K
3,3779,<=50K
3,19743,<=50K
3,39293,>50K
3,30946,<=50K
3,7402,<=50K
3,44588,<=50K
3,30676,>50K
3,36234,<=50K
3,7975,<=50K
3,1245,<=50K
3,2645,<=50K
3,34475,>50K
3,31623,>50K
3,27615,<=50K
3,17506,>50K
3,27047,<=50K
3,10168,>50K
3,4641,<=50K
3,15644,<=50K
3,952,<=50K
3,43421,<=50K
3,26232,<=50K
3,1568,<=50K
3,31292,<=50K
3,45783,>50K
3,3075,<=50K
3,34101,<=50K
3,41166,<=50K
3,27622,<=50K
3,39308,<=50K
3,26709,<=50K
3,24875,<=50K
3,13363,<=50K
3,8871,<=50K
3,43033,<=50K
3,8069,<=50K
3,34542,<=50K
3,23090,<=50K
3,40264,<=50K
3,4970,<=50K
3,28899,>50K
3,35975,<=50K
3,14384,>50K
3,44390,<=50K
3,1512,<=50K
3,8549,<=50K
3,12114,<=50K
3,15339,<=50K
3,3049,>50K
3,18695,<=50K
3,8850,<=50K
3,27927,<=50K
3,45355,>50K
3,39928,<=50K
3,39465,<=50K
3,1252,<=50K
3,31248,<=50K
3,25802,>50K
3,22947,>50K
3,46234,>50K
3,21187,<=50K
3,38273,<=50K
3,35623,>50K
3,13464,<=50K
3,35725,<=50K
3,44962,>50K
3,15041,<=50K
3,9415,<=50K
3,20654,<=50K
3,43982,<=50K
3,1019,<=50K
3,29453,<=50K
3,44030,<=50K
3,23445,>50K
3,45756,<=50K
3,26899,<=50K
3,17490,<=50K
3,1411,<=50K
3,23392,<=50K
3,34479,<=50K
3,21531,<=50K
3,27266,<=50K
3,1987,<=50K
3,2394,<=50K
3,32061,<=50K
3,365,<=50K
3,24646,<=50K
3,28023,>50K
3,45391,<=50K
3,2592,<=50K
3,932,>50K
3,2830,<=50K
3,7871,<=50K
3,35156,<=50K
3,33687,<=50K
3,14479,>50K
3,24406,<=50K
3,42965,>50K
3,5790,<=50K
3,46985,<=50K
3,2596,<=50K
3,11436,>50K
3,350,<=50K
3,39935,<=50K
3,24545,>50K
3,44344,>50K
3,42507,<=50K
3,47340,<=50K
3,26885,<=50K
3,720,>50K
3,24899,>50K
3,38890,<=50K
3,29766,<=50K
3,3646,>50K
3,1814,<=50K
3,20815,>50K
3,34786,<=50K
3,39042,<=50K
3,7540,<=50K
3,23896,<=50K
3,2359,<=50K
3,43433,<=50K
3,4642,<=50K
3,38750,<=50K
3,41213,>50K
3,9784,<=50K
3,14913,<=50K
3,29803,>50K
3,20871,<=50K
3,38614,<=50K
3,45018,<=50K
3,46129,>50K
3,15849,<=50K
3,27080,>50K
3,14378,<=50K
3,45950,<=50K
3,40457,<=50K
3,159,<=50K
3,25593,>50K
3,33472,<=50K
3,24548,>50K
3,40847,>50K
3,22898,<=50K
3,35967,<=50K
3,15230,<=50K
3,17560,<=50K
3,37126,>50K
3,48067,<=50K
3,6057,<=50K
3,45843,<=50K
3,26989,<=50K
3,37993,<=50K
3,15039,<=50K
3,35302,<=50K
3,39457,<=50K
3,26330,<=50K
3,16779,<=50K
3,4327,<=50K
3,14006,<=50K
3,18347,<=50K
3,378,<=50K
3,37688,<=50K
3,43051,<=50K
3,21519,<=50K
3,1440,>50K
3,9753,<=50K
3,17318,<=50K
3,25206,<=50K
3,19898,<=50K
3,23364,<=50K
3,47411,<=50K
3,1459,<=50K
3,32355,<=50K
3,21373,<=50K
3,44289,<=50K
3,39307,<=50K
3,31409,>50K
3,9695,<=50K
3,2772,<=50K
3,48676,<=50K
3,9705,>50K
3,26204,<=50K
3,9303,<=50K
3,37134,<=50K
3,5810,<=50K
3,2580,<=50K
3,3723,<=50K
3,15529,>50K
3,17090,>50K
3,41428,<=50K
3,45392,<=50K
3,35769,>50K
3,4593,<=50K
3,34005,<=50K
3,27818,<=50K
3,23261,>50K
3,18837,<=50K
3,5346,<=50K
3,35890,<=50K
3,20597,<=50K
3,4918,<=50K
3,2924,<=50K
3,39224,<=50K
3,1602,<=50K
3,32491,<=50K
3,38959,<=50K
3,31315,<=50K
3,36561,<=50K
3,24941,<=50K
3,47585,<=50K
3,37317,<=50K
3,11563,<=50K
3,11015,<=50K
3,23233,<=50K
3,45386,<=50K
3,24628,<=50K
3,21402,>50K
3,24501,>50K
3,10219,<=50K
3,7978,<=50K
3,12399,<=50K
3,35576,<=50K
3,18823,<=50K
3,29989,<=50K
3,40758,>50K
3,1075,>50K
3,31222,<=50K
3,28370,<=50K
3,28566,<=50K
3,17420,<=50K
3,33168,<=50K
3,36072,>50K
3,4501,<=50K
3,3939,<=50K
3,2001,<=50K
3,28615,<=50K
3,25578,<=50K
3,42315,>50K
3,26990,<=50K
3,13607,<=50K
3,46229,<=50K
3,25210,>50K
3,46235,<=50K
3,2783,<=50K
3,12350,<=50K
3,18258,<=50K
3,14669,<=50K
3,30551,<=50K
3,36741,>50K
3,4133,<=50K
3,5054,<=50K
3,25179,<=50K
3,45547,<=50K
3,42469,<=50K
3,40612,>50K
3,30935,<=50K
3,9204,<=50K
3,44142,<=50K
3,6160,<=50K
3,12149,<=50K
3,37647,<=50K
3,14922,<=50K
3,8958,>50K
3,1588,<=50K
3,26381,<=50K
3,9870,<=50K
3,25135,<=50K
3,32130,<=50K
3,37529,<=50K
3,12387,<=50K
3,15542,<=50K
3,30071,<=50K
3,25907,<=50K
3,9536,<=50K
3,46829,<=50K
3,23931,>50K
3,31011,<=50K
3,31304,<=50K
3,46590,<=50K
3,22909,<=50K
3,13752,<=50K
3,12103,<=50K
3,24331,<=50K
3,13675,<=50K
3,6956,<=50K
3,40819,<=50K
3,19962,>50K
3,29113,<=50K
3,5979,>50K
3,4128,<=50K
3,4737,>50K
3,45011,>50K
3,1522,<=50K
3,7515,>50K
3,3885,>50K
3,20163,<=50K
3,17964,>50K
3,41084,<=50K
3,21705,<=50K
3,22596,<=50K
3,17430,>50K
3,7161,<=50K
3,12603,<=50K
3,28406,<=50K
3,42751,<=50K
3,3264,<=50K
3,8156,<=50K
3,25912,<=50K
3,4853,>50K
3,39229,>50K
3,2000,<=50K
3,38874,>50K
3,28579,<=50K
3,32590,<=50K
3,18044,<=50K
3,30398,<=50K
3,32615,>50K
3,22126,<=50K
3,32985,<=50K
3,25212,<=50K
3,32700,>50K
3,22786,<=50K
3,40415,<=50K
3,21860,<=50K
3,40709,<=50K
3,34756,<=50K
3,8297,<=50K
3,39506,>50K
3,42026,<=50K
3,799,<=50K
3,45009,<=50K
3,46036,<=50K
3,15796,<=50K
3,30520,>50K
3,7940,<=50K
3,39486,<=50K
3,23037,<=50K
3,6156,>50K
3,24099,<=50K
3,10209,>50K
3,8154,<=50K
3,31862,<=50K
3,41497,>50K
3,47205,<=50K
3,7766,<=50K
3,39058,<=50K
3,5805,<=50K
3,6333,<=50K
3,13183,<=50K
3,40735,>50K
3,46990,<=50K
3,20326,<=50K
3,12987,<=50K
3,33247,>50K
3,18184,<=50K
3,3241,<=50K
3,12449,<=50K
3,48434,<=50K
3,26563,<=50K
3,33796,<=50K
3,46040,<=50K
3,41766,<=50K
3,30890,<=50K
3,19451,<=50K
3,43308,<=50K
3,25894,<=50K
3,12788,<=50K
3,17701,<=50K
3,35496,>50K
3,25777,>50K
3,28499,<=50K
3,18748,<=50K
3,42765,<=50K
3,27239,<=50K
3,34968,<=50K
3,27971,<=50K
3,37945,>50K
3,47860,>50K
3,37698,<=50K
3,711,<=50K
3,26428,<=50K
3,31333,<=50K
3,11279,<=50K
3,34293,<=50K
3,36881,>50K
3,18342,<=50K
3,22765,>50K
3,17101,<=50K
3,13017,<=50K
3,45166,<=50K
3,19005,<=50K
3,18554,<=50K
3,13681,>50K
3,17834,<=50K
3,42697,>50K
3,22578,<=50K
3,27426,>50K
3,47708,<=50K
3,34738,<=50K
3,42866,>50K
3,15494,<=50K
3,9734,<=50K
3,11914,<=50K
3,43634,<=50K
3,35260,<=50K
3,47589,<=50K
3,46808,<=50K
3,2914,<=50K
3,22935,<=50K
3,33569,<=50K
3,10109,<=50K
3,38665,<=50K
3,44265,<=50K
3,12531,<=50K
3,6013,>50K
3,33450,<=50K
3,14050,<=50K
3,18836,<=50K
3,28816,<=50K
3,3169,<=50K
3,25146,<=50K
3,35852,<=50K
3,1224,<=50K
3,45269,>50K
3,16926,<=50K
3,7190,<=50K
3,29120,<=50K
3,3638,<=50K
3,20064,<=50K
3,31094,<=50K
3,46908,>50K
3,3403,<=50K
3,48043,<=50K
3,17321,<=50K
3,44498,<=50K
3,5144,<=50K
3,14124,<=50K
3,25060,<=50K
3,2938,<=50K
3,8299,<=50K
3,41433,>50K
3,30415,<=50K
3,29930,<=50K
3,29583,>50K
3,45505,<=50K
3,28988,<=50K
3,26456,<=50K
3,7627,<=50K
3,30684,<=50K
3,13268,>50K
3,4851,<=50K
3,14995,<=50K
3,36524,<=50K
3,27469,<=50K
3,35201,<=50K
3,6096,<=50K
3,43641,<=50K
3,38118,<=50K
3,41875,<=50K
3,31001,<=50K
3,17963,<=50K
3,21243,<=50K
3,42922,<=50K
3,44876,>50K
3,42011,<=50K
3,45584,<=50K
3,46468,<=50K
3,3181,<=50K
3,11106,<=50K
3,19274,<=50K
3,15266,<=50K
3,34844,<=50K
3,46491,<=50K
3,41116,<=50K
3,32191,>50K
3,463,>50K
3,1800,<=50K
3,18016,<=50K
3,22217,<=50K
3,21023,<=50K
3,18220,>50K
3,15657,<=50K
3,35544,<=50K
3,9209,>50K
3,44355,<=50K
3,29390,<=50K
3,6411,>50K
3,18476,>50K
3,45641,<=50K
3,8035,<=50K
3,46434,>50K
3,19042,<=50K
3,15019,>50K
3,39316,<=50K
3,210,<=50K
3,2676,<=50K
3,44234,<=50K
3,31703,<=50K
3,24315,<=50K
3,44604,<=50K
3,26311,<=50K
3,12902,>50K
3,8330,<=50K
3,8853,<=50K
3,33820,>50K
3,46310,<=50K
3,42440,<=50K
3,15025,<=50K
3,41851,<=50K
3,7201,<=50K
3,46435,<=50K
3,27400,<=50K
3,2250,<=50K
3,36360,<=50K
3,5683,<=50K
3,31342,<=50K
3,23904,<=50K
3,23574,>50K
3,30326,>50K
3,48131,<=50K
3,46297,<=50K
3,6011,<=50K
3,36492,>50K
3,46929,<=50K
3,2539,<=50K
3,19557,<=50K
3,24440,<=50K
3,35698,<=50K
3,47365,<=50K
3,34654,<=50K
3,35399,<=50K
3,7708,<=50K
3,33901,<=50K
3,12907,<=50K
3,12390,<=50K
3,7903,<=50K
3,27372,>50K
3,18135,<=50K
3,659,<=50K
3,25508,<=50K
3,18585,<=50K
3,4127,<=50K
3,10124,<=50K
3,9229,<=50K
3,30973,<=50K
3,2513,<=50K
3,47251,<=50K
3,44431,<=50K
3,31530,>50K
3,39338,<=50K
3,19079,<=50K
3,2649,<=50K
3,17622,<=50K
3,16273,<=50K
3,26574,<=50K
3,26409,<=50K
3,17995,>50K
3,4983,<=50K
3,28334,<=50K
3,28,<=50K
3,32527,<=50K
3,3424,<=50K
3,3753,<=50K
3,40033,<=50K
3,12949,<=50K
3,2612,<=50K
3,12679,<=50K
3,40712,<=50K
3,6435,<=50K
3,20314,<=50K
3,5853,<=50K
3,16488,>50K
3,32489,<=50K
3,43673,<=50K
3,21257,<=50K
3,9722,>50K
3,34816,<=50K
3,25091,>50K
3,46630,>50K
3,5317,<=50K
3,28345,<=50K
3,13307,<=50K
3,16988,<=50K
3,38483,<=50K
3,18803,<=50K
3,4094,<=50K
3,43990,<=50K
3,42742,<=50K
3,41460,>50K
3,35717,<=50K
3,8396,<=50K
3,22941,<=50K
3,23130,<=50K
3,32604,<=50K
3,5345,<=50K
3,22064,<=50K
3,35033,<=50K
3,27084,>50K
3,23942,<=50K
3,44746,<=50K
3,26623,<=50K
3,29066,<=50K
3,13524,<=50K
3,6792,<=50K
3,40704,<=50K
3,28464,<=50K
3,47333,<=50K
3,29431,<=50K
3,16689,<=50K
3,40390,<=50K
3,31592,<=50K
3,637,<=50K
3,41049,<=50K
3,44932,>50K
3,29834,<=50K
3,8862,>50K
3,36963,<=50K
3,45638,>50K
3,16558,>50K
3,23122,<=50K
3,32300,<=50K
3,40435,<=50K
3,37771,>50K
3,32202,<=50K
3,26358,<=50K
3,36278,<=50K
3,154,<=50K
3,11865,>50K
3,37644,<=50K
3,31462,<=50K
3,40473,<=50K
3,22227,<=50K
3,19530,>50K
3,24302,<=50K
3,32925,<=50K
3,38940,<=50K
3,25180,>50K
3,21595,<=50K
3,2090,>50K
3,40412,<=50K
3,35740,>50K
3,38760,<=50K
3,24925,<=50K
3,34056,<=50K
3,1494,<=50K
3,42159,<=50K
3,9790,<=50K
3,16656,<=50K
3,3093,<=50K
3,48796,<=50K
3,41613,<=50K
3,29269,<=50K
3,30481,<=50K
3,10460,<=50K
3,5675,>50K
3,33669,>50K
3,43175,<=50K
3,21416,<=50K
3,20826,<=50K
3,7512,<=50K
3,6733,>50K
3,18621,>50K
3,32455,<=50K
3,37209,<=50K
3,27487,>50K
3,44159,<=50K
3,548,<=50K
3,5037,<=50K
3,44674,<=50K
3,4374,<=50K
3,35770,<=50K
3,36903,<=50K
3,3411,<=50K
3,44727,<=50K
3,30418,<=50K
3,41939,>50K
3,35478,<=50K
3,41307,<=50K
3,22882,>50K
3,36202,>50K
3,11901,<=50K
3,18339,<=50K
3,22724,<=50K
3,30656,<=50K
3,34643,<=50K
3,26821,<=50K
3,400,>50K
3,17020,<=50K
3,29040,>50K
3,33503,<=50K
3,28166,<=50K
3,6931,<=50K
3,9537,<=50K
3,11051,>50K
3,43746,>50K
3,3515,<=50K
3,26517,<=50K
3,34319,<=50K
3,18454,<=50K
3,34014,>50K
3,26101,>50K
3,9635,<=50K
3,3046,>50K
3,45752,<=50K
3,34497,>50K
3,35683,<=50K
3,33702,<=50K
3,938,>50K
3,25484,<=50K
3,43972,<=50K
3,2217,>50K
3,48784,<=50K
3,17440,<=50K
3,41879,<=50K
3,24533,>50K
3,11961,<=50K
3,32362,<=50K
3,24140,<=50K
3,20227,>50K
3,45061,<=50K
3,38399,<=50K
3,26105,<=50K
3,16692,<=50K
3,39511,<=50K
3,9144,<=50K
3,34233,<=50K
3,17972,<=50K
3,39329,<=50K
3,45771,>50K
3,3861,>50K
3,26253,<=50K
3,8551,>50K
3,28928,<=50K
3,27630,<=50K
3,34675,<=50K
3,38333,<=50K
3,27309,>50K
3,20985,<=50K
3,25378,<=50K
3,23196,<=50K
3,36625,>50K
3,42108,<=50K
3,480,<=50K
3,3997,<=50K
3,37943,<=50K
3,42803,<=50K
3,28306,<=50K
3,6424,>50K
3,322,>50K
3,38966,>50K
3,14703,<=50K
3,1921,<=50K
3,13769,>50K
3,43696,<=50K
3,13379,<=50K
3,38133,<=50K
3,23810,<=50K
3,20764,<=50K
3,3761,<=50K
3,38209,<=50K
3,36555,<=50K
3,44733,<=50K
3,43508,>50K
3,6495,<=50K
3,10363,<=50K
3,45146,<=50K
3,11242,<=50K
3,41143,<=50K
3,23536,<=50K
3,11160,<=50K
3,48087,<=50K
3,6803,<=50K
3,32581,<=50K
3,37044,<=50K
3,30300,<=50K
3,37967,<=50K
3,21442,>50K
3,2584,>50K
3,31884,<=50K
3,48473,<=50K
3,7032,<=50K
3,17169,<=50K
3,15702,<=50K
3,5004,>50K
3,30913,<=50K
3,27883,<=50K
3,33871,<=50K
3,42769,<=50K
3,5114,<=50K
3,21656,>50K
3,11734,<=50K
3,10829,<=50K
3,46242,<=50K
3,16482,<=50K
3,39251,>50K
3,42070,<=50K
3,42203,<=50K
3,18677,<=50K
3,43926,>50K
3,47337,<=50K
3,47425,<=50K
3,4648,<=50K
3,43904,>50K
3,6877,<=50K
3,30380,<=50K
3,9245,<=50K
3,33266,<=50K
3,28875,<=50K
3,36446,>50K
3,28250,<=50K
3,32125,<=50K
3,6624,<=50K
3,21776,>50K
3,7060,<=50K
3,47062,<=50K
3,7152,<=50K
3,21220,<=50K
3,11394,<=50K
3,29886,<=50K
3,11343,<=50K
3,9448,<=50K
3,22293,>50K
3,34228,<=50K
3,10895,<=50K
3,30218,<=50K
3,30632,<=50K
3,37790,<=50K
3,41809,<=50K
3,19951,<=50K
3,26789,<=50K
3,14036,>50K
3,39508,<=50K
3,13148,<=50K
3,24417,<=50K
3,19784,>50K
3,6947,<=50K
3,35355,<=50K
3,11915,<=50K
3,13075,>50K
3,34346,>50K
3,27016,<=50K
3,27236,<=50K
3,12717,<=50K
3,29720,<=50K
3,44703,<=50K
3,6313,>50K
3,42535,>50K
3,18294,<=50K
3,38418,<=50K
3,46780,<=50K
3,7088,>50K
3,32054,<=50K
3,17754,<=50K
3,45971,<=50K
3,33158,<=50K
3,42815,<=50K
3,1357,<=50K
3,15504,>50K
3,18466,>50K
3,500,<=50K
3,16140,<=50K
3,25624,<=50K
3,13381,<=50K
3,33973,<=50K
3,16570,<=50K
3,1498,>50K
3,20932,<=50K
3,45083,>50K
3,4191,<=50K
3,146,<=50K
3,19121,<=50K
3,18918,<=50K
3,18009,<=50K
3,29595,<=50K
3,22767,<=50K
3,28243,<=50K
3,26222,<=50K
3,1344,>50K
3,32055,<=50K
3,29033,>50K
3,23059,<=50K
3,5564,<=50K
3,44560,<=50K
3,41529,<=50K
3,16886,<=50K
3,24817,<=50K
3,47602,<=50K
3,18544,<=50K
3,29929,>50K
3,16912,<=50K
3,541,<=50K
3,2524,<=50K
3,42553,<=50K
3,21938,<=50K
3,36726,>50K
3,46937,<=50K
3,42157,<=50K
3,45985,<=50K
3,34622,<=50K
3,7963,<=50K
3,26060,<=50K
3,36959,<=50K
3,9134,<=50K
3,15201,<=50K
3,8472,<=50K
3,8046,<=50K
3,9669,>50K
3,348,>50K
3,14017,<=50K
3,17362,<=50K
3,27549,<=50K
3,35277,<=50K
3,15506,<=50K
3,36749,>50K
3,22565,<=50K
3,38395,<=50K
3,17071,<=50K
3,31838,>50K
3,19245,<=50K
3,4734,<=50K
3,20100,>50K
3,32965,<=50K
3,47490,<=50K
3,3737,>50K
3,32047,<=50K
3,5571,<=50K
3,42173,<=50K
3,21686,<=50K
3,26603,<=50K
3,46271,<=50K
3,2007,>50K
3,20492,<=50K
3,4514,>50K
3,19519,<=50K
3,40135,<=50K
3,8542,<=50K
3,46533,<=50K
3,40074,>50K
3,35109,>50K
3,44927,>50K
3,38113,>50K
3,38022,<=50K
3,9634,<=50K
3,31241,<=50K
3,17450,<=50K
3,8386,<=50K
3,35309,>50K
3,13987,<=50K
3,21233,<=50K
3,7554,<=50K
3,20584,<=50K
3,27118,<=50K
3,6430,<=50K
3,2377,<=50K
3,11491,>50K
3,39556,>50K
3,38082,<=50K
3,37707,<=50K
3,9418,<=50K
3,8924,>50K
3,23072,<=50K
3,23265,<=50K
3,38906,<=50K
3,18969,>50K
3,29378,>50K
3,47865,<=50K
3,32885,<=50K
3,44102,<=50K
3,44100,<=50K
3,30061,>50K
3,8302,<=50K
3,22459,>50K
3,6602,>50K
3,1123,>50K
3,1425,<=50K
3,37305,<=50K
3,29248,<=50K
3,8844,<=50K
3,45442,<=50K
3,23217,>50K
3,31039,>50K
3,46451,<=50K
3,45885,<=50K
3,4455,<=50K
3,43097,<=50K
3,22838,>50K
3,14740,>50K
3,45282,<=50K
3,23903,>50K
3,206,<=50K
3,19492,<=50K
3,24492,<=50K
3,11145,<=50K
3,38225,<=50K
3,18717,<=50K
3,7106,<=50K
3,46534,<=50K
3,43349,<=50K
3,42404,<=50K
3,38759,<=50K
3,12864,<=50K
3,31851,<=50K
3,33758,<=50K
3,330,>50K
3,21083,<=50K
3,43106,<=50K
3,25013,<=50K
3,43664,<=50K
3,10435,<=50K
3,5299,<=50K
3,21597,<=50K
3,34918,<=50K
3,44346,<=50K
3,28245,<=50K
3,43954,<=50K
3,3096,<=50K
3,8406,<=50K
3,6905,>50K
3,16997,<=50K
3,42716,<=50K
3,38200,<=50K
3,30538,<=50K
3,40889,<=50K
3,3763,>50K
3,37015,<=50K
3,8880,<=50K
3,13768,>50K
3,32159,>50K
3,14865,>50K
3,29372,<=50K
3,45630,<=50K
3,491,<=50K
3,26059,<=50K
3,44120,<=50K
3,7235,>50K
3,41854,<=50K
3,46013,<=50K
3,36413,<=50K
3,33235,>50K
3,21917,<=50K
3,38702,<=50K
3,35069,<=50K
3,45371,<=50K
3,9155,<=50K
3,44157,<=50K
3,23432,<=50K
3,6034,<=50K
3,3446,<=50K
3,28026,>50K
3,22369,<=50K
3,40845,<=50K
3,19235,<=50K
3,37346,<=50K
3,1856,<=50K
3,39037,<=50K
3,5813,>50K
3,38131,<=50K
3,41852,<=50K
3,42394,<=50K
3,8805,<=50K
3,24867,<=50K
3,7359,<=50K
3,32180,<=50K
3,21207,<=50K
3,20136,<=50K
3,17418,>50K
3,19531,>50K
3,12202,<=50K
3,27041,>50K
3,35080,<=50K
3,15837,>50K
3,11957,<=50K
3,9822,<=50K
3,31434,>50K
3,34072,>50K
3,15480,<=50K
3,34915,>50K
3,26872,<=50K
3,27897,>50K
3,21371,>50K
3,24599,<=50K
3,34139,<=50K
3,813,<=50K
3,48183,<=50K
3,29469,<=50K
3,2848,<=50K
3,2682,<=50K
3,29485,<=50K
3,38563,<=50K
3,18651,<=50K
3,16116,<=50K
3,34167,<=50K
3,2117,<=50K
3,22740,<=50K
3,7109,<=50K
3,43533,<=50K
3,43850,<=50K
3,30941,<=50K
3,16618,<=50K
3,22655,>50K
3,22185,<=50K
3,13509,<=50K
3,36381,<=50K
3,19999,<=50K
3,18900,<=50K
3,33495,<=50K
3,28449,<=50K
3,10606,<=50K
3,21275,<=50K
3,47369,<=50K
3,13919,<=50K
3,22168,<=50K
3,11355,<=50K
3,17940,<=50K
3,44031,<=50K
3,16480,>50K
3,42586,<=50K
3,5733,<=50K
3,16073,>50K
3,21482,<=50K
3,41393,<=50K
3,29723,<=50K
3,22520,<=50K
3,3559,<=50K
3,10738,>50K
3,280,<=50K
3,4398,<=50K
3,1462,<=50K
3,19989,>50K
3,34356,<=50K
3,35180,>50K
3,29964,<=50K
3,437,>50K
3,30778,<=50K
3,36660,<=50K
3,36957,<=50K
3,22316,<=50K
3,12650,<=50K
3,13661,<=50K
3,31109,>50K
3,20729,<=50K
3,25712,<=50K
3,23155,<=50K
3,37085,>50K
3,39950,>50K
3,32709,<=50K
3,25596,<=50K
3,28841,<=50K
3,30789,<=50K
3,7334,<=50K
3,45535,<=50K
3,16473,<=50K
3,44496,>50K
3,40854,<=50K
3,6400,<=50K
3,29838,<=50K
3,44856,<=50K
3,8870,<=50K
3,32556,<=50K
3,15197,<=50K
3,39932,>50K
3,26274,<=50K
3,46755,<=50K
3,43180,<=50K
3,8528,<=50K
3,34803,>50K
3,27152,<=50K
3,16531,<=50K
3,15501,<=50K
3,38105,<=50K
3,26083,>50K
3,38438,>50K
3,25655,>50K
3,26476,<=50K
3,26964,<=50K
3,28344,>50K
3,26049,<=50K
3,27865,<=50K
3,27401,<=50K
3,37154,<=50K
3,1560,<=50K
3,34511,<=50K
3,28438,<=50K
3,44221,<=50K
3,36157,<=50K
3,1953,<=50K
3,46549,<=50K
3,18813,<=50K
3,25944,<=50K
3,7843,<=50K
3,13480,<=50K
3,28434,>50K
3,2037,<=50K
3,38111,<=50K
3,44105,<=50K
3,19343,<=50K
3,33628,>50K
3,35794,<=50K
3,43935,<=50K
3,47396,<=50K
3,31665,<=50K
3,9665,<=50K
3,10274,>50K
3,24832,>50K
3,36073,<=50K
3,2358,<=50K
3,36610,<=50K
3,3012,<=50K
3,42356,>50K
3,34790,<=50K
3,5990,<=50K
3,27478,<=50K
3,17401,>50K
3,6537,<=50K
3,11349,<=50K
3,24996,<=50K
3,9744,<=50K
3,1170,<=50K
3,4958,<=50K
3,21119,<=50K
3,26309,<=50K
3,5809,<=50K
3,11405,<=50K
3,11862,<=50K
3,24019,<=50K
3,29564,<=50K
3,7440,<=50K
3,11696,>50K
3,14925,<=50K
3,229,<=50K
3,15015,<=50K
3,12005,>50K
3,7241,<=50K
3,2018,<=50K
3,10201,<=50K
3,14895,<=50K
3,43012,<=50K
3,44248,<=50K
3,26781,>50K
3,32120,<=50K
3,21593,<=50K
3,46156,>50K
3,47590,<=50K
3,16004,<=50K
3,6408,<=50K
3,12195,<=50K
3,19324,<=50K
3,31480,<=50K
3,20941,>50K
3,7869,<=50K
3,17913,<=50K
3,18031,<=50K
3,48096,<=50K
3,35030,<=50K
3,3142,<=50K
3,44986,<=50K
3,25249,>50K
3,2307,<=50K
3,46647,<=50K
3,18546,<=50K
3,5578,<=50K
3,28285,<=50K
3,24262,<=50K
3,42409,<=50K
3,35117,>50K
3,33224,<=50K
3,42481,>50K
3,7273,<=50K
3,25637,<=50K
3,27360,>50K
3,37953,<=50K
3,37137,<=50K
3,22791,<=50K
3,11585,<=50K
3,18481,<=50K
3,8672,<=50K
3,33481,<=50K
3,14086,<=50K
3,46875,<=50K
3,39751,<=50K
3,23781,>50K
3,34011,>50K
3,10357,<=50K
3,23634,<=50K
3,34152,<=50K
3,25130,<=50K
3,8778,>50K
3,24784,<=50K
3,33074,<=50K
3,40231,<=50K
3,25064,<=50K
3,25306,<=50K
3,3113,<=50K
3,15341,<=50K
3,31990,>50K
3,21004,<=50K
3,5415,<=50K
3,20594,>50K
3,7240,<=50K
3,41800,<=50K
3,31959,>50K
3,28044,<=50K
3,7950,<=50K
3,21351,<=50K
3,41494,>50K
3,12018,<=50K
3,11426,<=50K
3,3326,>50K
3,39178,<=50K
3,19629,<=50K
3,13529,<=50K
3,37330,<=50K
3,47972,>50K
3,44324,<=50K
3,7442,<=50K
3,3678,<=50K
3,2521,<=50K
3,30566,<=50K
3,24118,<=50K
3,32161,<=50K
3,27479,<=50K
3,2798,<=50K
3,33179,>50K
3,39247,<=50K
3,7383,>50K
3,22735,>50K
3,44257,<=50K
3,31088,<=50K
3,36340,<=50K
3,9083,<=50K
3,15792,>50K
3,25959,<=50K
3,6088,<=50K
3,4081,<=50K
3,21027,<=50K
3,35528,<=50K
3,21574,<=50K
3,44975,<=50K
3,22869,<=50K
3,45401,<=50K
3,46390,<=50K
3,18909,<=50K
3,13760,<=50K
3,46325,<=50K
3,31573,<=50K
3,5598,<=50K
3,14653,>50K
3,42607,<=50K
3,18739,<=50K
3,40280,>50K
3,14431,<=50K
3,10258,<=50K
3,48237,<=50K
3,5315,<=50K
3,6454,<=50K
3,9970,<=50K
3,36608,<=50K
3,35543,<=50K
3,39684,<=50K
3,3710,<=50K
3,32336,<=50K
3,4799,<=50K
3,32789,<=50K
3,31443,>50K
3,36081,<=50K
3,18402,<=50K
3,32410,<=50K
3,47871,<=50K
3,37026,<=50K
3,33357,<=50K
3,3719,>50K
3,257,<=50K
3,47283,<=50K
3,20811,<=50K
3,10810,<=50K
3,37900,<=50K
3,43967,<=50K
3,20009,<=50K
3,43709,>50K
3,1536,<=50K
3,25997,>50K
3,15715,<=50K
3,27088,<=50K
3,34558,<=50K
3,39064,<=50K
3,21089,>50K
3,41462,<=50K
3,16857,>50K
3,27129,<=50K
3,13345,<=50K
3,33144,<=50K
3,4196,<=50K
3,24434,>50K
3,4117,<=50K
3,26180,<=50K
3,10614,<=50K
3,5550,<=50K
3,45716,>50K
3,10453,<=50K
3,19404,<=50K
3,43224,<=50K
3,18727,<=50K
3,39187,>50K
3,9112,<=50K
3,30147,<=50K
3,20573,<=50K
3,17136,>50K
3,21743,<=50K
3,15842,<=50K
3,41793,<=50K
3,29703,<=50K
3,47434,<=50K
3,9029,>50K
3,11165,<=50K
3,35672,<=50K
3,44643,<=50K
3,7311,<=50K
3,36400,<=50K
3,26611,<=50K
3,44991,<=50K
3,41455,<=50K
3,9769,<=50K
3,4838,<=50K
3,9382,<=50K
3,46886,<=50K
3,26701,<=50K
3,18826,<=50K
3,30046,<=50K
3,30267,<=50K
3,24096,<=50K
3,35572,<=50K
3,45867,>50K
3,24461,<=50K
3,27092,<=50K
3,15979,<=50K
3,9951,>50K
3,3840,<=50K
3,28887,>50K
3,48372,>50K
3,2679,<=50K
3,27680,<=50K
3,2030,<=50K
3,7418,<=50K
3,3705,>50K
3,39544,>50K
3,40289,>50K
3,5897,<=50K
3,43531,<=50K
3,29779,>50K
3,10959,<=50K
3,45955,<=50K
3,15384,<=50K
3,26080,>50K
3,13608,<=50K
3,43455,<=50K
3,17687,<=50K
3,12559,<=50K
3,12981,<=50K
3,6175,<=50K
3,24016,<=50K
3,43045,<=50K
3,6672,<=50K
3,45684,<=50K
3,11526,<=50K
3,25472,<=50K
3,7629,<=50K
3,8501,<=50K
3,14034,<=50K
3,27745,<=50K
3,38141,>50K
3,43579,>50K
3,12573,<=50K
3,33798,<=50K
3,30553,<=50K
3,48278,<=50K
3,39367,<=50K
3,22463,>50K
3,87,<=50K
3,383,>50K
3,17741,>50K
3,20501,<=50K
3,18471,<=50K
3,13455,>50K
3,31873,>50K
3,21494,<=50K
3,236,<=50K
3,42274,<=50K
3,16104,>50K
3,40272,<=50K
3,20086,<=50K
3,20978,<=50K
3,47072,<=50K
3,4601,>50K
3,7797,<=50K
3,27641,>50K
3,34489,<=50K
3,3851,<=50K
3,37480,>50K
3,20581,<=50K
3,33474,<=50K
3,31718,>50K
3,15586,>50K
3,40742,<=50K
3,10210,<=50K
3,19305,<=50K
3,1621,>50K
3,41953,<=50K
3,35542,<=50K
3,1903,>50K
3,15945,<=50K
3,37669,<=50K
3,26317,<=50K
3,14338,>50K
3,21253,<=50K
3,5378,>50K
3,8928,<=50K
3,6912,<=50K
3,36964,<=50K
3,20261,<=50K
3,38517,<=50K
3,14428,>50K
3,32135,<=50K
3,45034,<=50K
3,13727,<=50K
3,80,<=50K
3,36877,<=50K
3,27245,<=50K
3,1883,>50K
3,23401,<=50K
3,33267,<=50K
3,38454,<=50K
3,47032,<=50K
3,24840,<=50K
3,29412,>50K
3,13826,<=50K
3,21313,<=50K
3,17078,<=50K
3,47537,<=50K
3,4491,<=50K
3,40410,>50K
3,46047,<=50K
3,46611,<=50K
3,40535,<=50K
3,41640,>50K
3,35710,<=50K
3,44668,<=50K
3,5214,<=50K
3,38895,<=50K
3,33222,<=50K
3,47295,>50K
3,13391,<=50K
3,14048,<=50K
3,36267,<=50K
3,23313,>50K
3,2663,>50K
3,5220,<=50K
3,36889,<=50K
3,10954,<=50K
3,22700,<=50K
3,21055,<=50K
3,32358,<=50K
3,31923,<=50K
3,21872,<=50K
3,28619,>50K
3,45187,<=50K
3,10083,<=50K
3,24115,<=50K
3,16331,<=50K
3,41088,<=50K
3,20107,<=50K
3,1332,>50K
3,31963,<=50K
3,40436,>50K
3,29104,<=50K
3,9884,<=50K
3,4284,<=50K
3,5653,<=50K
3,14158,>50K
3,48234,>50K
3,4685,<=50K
3,753,<=50K
3,20829,<=50K
3,107,>50K
3,31901,>50K
3,15284,<=50K
3,25652,<=50K
3,26138,<=50K
3,47166,>50K
3,26387,<=50K
3,28810,<=50K
3,26359,<=50K
3,47263,<=50K
3,7144,<=50K
3,25544,<=50K
3,8051,<=50K
3,25053,<=50K
3,14940,<=50K
3,8766,<=50K
3,36787,<=50K
3,33426,<=50K
3,43545,<=50K
3,48165,<=50K
3,21571,<=50K
3,39009,<=50K
3,9289,<=50K
3,20456,<=50K
3,45100,<=50K
3,10670,<=50K
3,18678,>50K
3,37976,<=50K
3,27132,<=50K
3,6099,<=50K
3,40081,<=50K
3,10532,<=50K
3,45818,<=50K
3,10379,<=50K
3,10997,>50K
3,27845,<=50K
3,20148,>50K
3,1556,<=50K
3,9218,<=50K
3,14301,>50K
3,3854,<=50K
3,4577,<=50K
3,7492,<=50K
3,629,<=50K
3,35052,<=50K
3,20251,<=50K
3,16762,<=50K
3,8012,<=50K
3,17117,<=50K
3,30093,>50K
3,39353,<=50K
3,28860,<=50K
3,34281,>50K
3,48483,<=50K
3,16127,<=50K
3,22875,<=50K
3,4901,<=50K
3,9582,<=50K
3,46561,<=50K
3,32613,<=50K
3,17153,<=50K
3,3562,>50K
3,20171,<=50K
3,22282,<=50K
3,7207,<=50K
3,6548,<=50K
3,26327,<=50K
3,7596,<=50K
3,6262,<=50K
3,35299,<=50K
3,11866,<=50K
3,2465,>50K
3,16837,<=50K
3,31590,<=50K
3,3230,<=50K
3,19563,<=50K
3,41821,<=50K
3,1849,<=50K
3,36147,<=50K
3,39439,<=50K
3,12997,<=50K
3,5131,>50K
3,21366,<=50K
3,14136,>50K
3,39526,<=50K
3,37921,<=50K
3,42247,<=50K
3,7777,<=50K
3,30240,<=50K
3,9846,<=50K
3,24028,<=50K
3,25115,>50K
3,38198,<=50K
3,6004,<=50K
3,745,<=50K
3,36187,<=50K
3,35840,<=50K
3,34155,<=50K
3,44792,<=50K
3,22437,<=50K
3,36581,<=50K
3,38412,<=50K
3,32494,<=50K
3,27658,<=50K
3,2578,<=50K
3,32032,<=50K
3,26287,>50K
3,37622,<=50K
3,31185,<=50K
3,39687,<=50K
3,28762,<=50K
3,41933,<=50K
3,38741,<=50K
3,32229,<=50K
3,24187,<=50K
3,30967,<=50K
3,27575,<=50K
3,46664,<=50K
3,16351,<=50K
3,16089,>50K
3,28513,>50K
3,47572,<=50K
3,21838,<=50K
3,5890,<=50K
3,37118,>50K
3,43303,<=50K
3,5700,<=50K
3,43447,<=50K
3,14376,<=50K
3,5532,<=50K
3,13567,<=50K
3,2270,<=50K
3,38052,<=50K
3,35281,<=50K
3,39599,>50K
3,3774,<=50K
3,13733,<=50K
3,17841,<=50K
3,1727,>50K
3,45562,<=50K
3,8582,<=50K
3,29360,<=50K
3,40750,<=50K
3,40029,<=50K
3,13801,<=50K
3,27304,<=50K
3,18291,<=50K
3,31790,<=50K
3,46117,<=50K
3,24636,<=50K
3,45358,<=50K
3,8544,<=50K
3,19296,<=50K
3,20319,<=50K
3,19177,<=50K
3,20798,<=50K
3,47467,>50K
3,24000,>50K
3,38195,<=50K
3,39102,<=50K
3,298,<=50K
3,21711,>50K
3,24385,<=50K
3,32849,<=50K
3,47171,<=50K
3,14029,<=50K
3,17055,>50K
3,40770,<=50K
3,40952,<=50K
3,33560,<=50K
3,509,<=50K
3,46973,<=50K
3,43979,<=50K
3,48045,>50K
3,40179,>50K
3,25988,<=50K
3,43353,>50K
3,27371,>50K
3,42602,<=50K
3,20885,>50K
3,5139,<=50K
3,1739,<=50K
3,35124,<=50K
3,11136,<=50K
3,13775,<=50K
3,37123,<=50K
3,21330,<=50K
3,31505,<=50K
3,42534,<=50K
3,41751,>50K
3,32275,<=50K
3,14163,<=50K
3,9690,>50K
3,45532,<=50K
3,19104,<=50K
3,17489,>50K
3,38707,<=50K
3,36572,>50K
3,28115,<=50K
3,5471,<=50K
3,3092,<=50K
3,34017,<=50K
3,40637,<=50K
3,4437,<=50K
3,17788,>50K
3,27269,<=50K
3,18171,<=50K
3,42265,<=50K
3,19906,<=50K
3,16016,<=50K
3,40786,>50K
3,28470,<=50K
3,29604,<=50K
3,31874,>50K
3,14098,<=50K
3,129,<=50K
3,39128,>50K
3,17089,>50K
3,32904,<=50K
3,5430,>50K
3,14054,<=50K
3,35078,<=50K
3,18397,<=50K
3,2693,<=50K
3,45331,<=50K
3,26252,<=50K
3,39081,<=50K
3,25098,>50K
3,11803,<=50K
3,806,<=50K
3,15829,<=50K
3,31074,<=50K
3,9076,<=50K
3,35761,>50K
3,8450,>50K
3,45272,<=50K
3,24172,<=50K
3,48709,<=50K
3,7077,<=50K
3,11573,<=50K
3,22899,<=50K
3,47382,<=50K
3,48276,<=50K
3,44963,<=50K
3,40141,<=50K
3,21241,<=50K
3,9100,>50K
3,21675,<=50K
3,11898,<=50K
3,4348,<=50K
3,9096,<=50K
3,20246,>50K
3,6273,<=50K
3,26136,<=50K
3,25966,<=50K
3,2971,<=50K
3,19113,>50K
3,8921,<=50K
3,41975,<=50K
3,45354,<=50K
3,14567,<=50K
3,5410,<=50K
3,48788,<=50K
3,17584,>50K
3,6025,<=50K
3,16593,>50K
3,32905,>50K
3,42428,<=50K
3,8810,<=50K
3,31842,<=50K
3,8972,<=50K
3,9331,>50K
3,26605,<=50K
3,8220,<=50K
3,36207,>50K
3,20127,>50K
3,24759,<=50K
3,2087,<=50K
3,24276,<=50K
3,14056,>50K
3,30880,<=50K
3,1273,<=50K
3,23702,<=50K
3,32028,>50K
3,20361,<=50K
3,16338,<=50K
3,17949,<=50K
3,34461,<=50K
3,17529,<=50K
3,11368,<=50K
3,870,<=50K
3,30720,>50K
3,3539,>50K
3,14370,<=50K
3,3935,<=50K
3,7281,>50K
3,29863,<=50K
3,18884,<=50K
3,13250,>50K
3,18973,<=50K
3,37693,<=50K
3,12135,<=50K
3,15002,>50K
3,23632,<=50K
3,32698,<=50K
3,22214,<=50K
3,24908,<=50K
3,5379,<=50K
3,17928,<=50K
3,6193,<=50K
3,2230,<=50K
3,34310,>50K
3,36509,<=50K
3,24837,<=50K
3,42103,<=50K
3,16788,<=50K
3,954,<=50K
3,41951,<=50K
3,17634,<=50K
3,47903,<=50K
3,5898,<=50K
3,30522,<=50K
3,25432,<=50K
3,4144,>50K
3,14208,<=50K
3,31238,<=50K
3,40588,>50K
3,36109,<=50K
3,9745,<=50K
3,27338,<=50K
3,20193,<=50K
3,37791,<=50K
3,18372,<=50K
3,25125,<=50K
3,36085,<=50K
3,29577,<=50K
3,13053,<=50K
3,3877,<=50K
3,35468,<=50K
3,20980,<=50K
3,11143,<=50K
3,38977,<=50K
3,13234,<=50K
3,4738,<=50K
3,22348,>50K
3,10638,<=50K
3,21747,>50K
3,20701,<=50K
3,41016,>50K
3,4681,<=50K
3,4373,<=50K
3,29464,<=50K
3,29586,>50K
3,1794,<=50K
3,32568,<=50K
3,44072,<=50K
3,3040,<=50K
3,34954,<=50K
3,33423,<=50K
3,8770,<=50K
3,4334,<=50K
3,42691,>50K
3,22987,<=50K
3,41140,>50K
3,43757,<=50K
3,8034,<=50K
3,31188,>50K
3,17088,<=50K
3,13780,<=50K
3,12537,<=50K
3,21095,<=50K
3,26500,<=50K
3,7838,<=50K
3,40027,<=50K
3,23381,>50K
3,75,<=50K
3,28729,<=50K
3,19322,>50K
3,8948,<=50K
3,36902,<=50K
3,41165,<=50K
3,35308,<=50K
3,6255,<=50K
3,21527,<=50K
3,7599,<=50K
3,43055,<=50K
3,18713,<=50K
3,31360,<=50K
3,15549,<=50K
3,43740,>50K
3,24806,>50K
3,20981,<=50K
3,3035,<=50K
3,35039,<=50K
3,8219,<=50K
3,16947,>50K
3,10760,<=50K
3,12877,<=50K
3,29361,<=50K
3,33152,>50K
3,21006,<=50K
3,4617,<=50K
3,29732,<=50K
3,26502,<=50K
3,22645,<=50K
3,26304,<=50K
3,14016,<=50K
3,48548,>50K
3,36799,<=50K
3,99,<=50K
3,46596,>50K
3,3417,<=50K
3,32978,>50K
3,18637,<=50K
3,41353,<=50K
3,33835,<=50K
3,44468,<=50K
3,31953,<=50K
3,21355,>50K
3,22315,>50K
3,38808,>50K
3,10528,<=50K
3,44176,<=50K
3,14037,>50K
3,14311,<=50K
3,16990,<=50K
3,8756,>50K
3,17456,<=50K
3,19741,<=50K
3,13645,>50K
3,33664,<=50K
3,29894,<=50K
3,4270,>50K
3,10004,<=50K
3,15225,<=50K
3,41594,>50K
3,38386,<=50K
3,43019,<=50K
3,33604,>50K
3,27879,>50K
3,27775,<=50K
3,39737,<=50K
3,43407,<=50K
3,30927,<=50K
3,23460,<=50K
3,22351,<=50K
3,30876,>50K
3,36650,>50K
3,4237,<=50K
3,38518,<=50K
3,26570,>50K
3,41316,<=50K
3,38189,<=50K
3,48014,>50K
3,6242,>50K
3,33262,<=50K
3,30013,<=50K
3,3998,<=50K
3,22989,<=50K
3,7237,<=50K
3,18095,<=50K
3,13286,<=50K
3,22457,<=50K
3,33364,<=50K
3,21327,<=50K
3,18353,<=50K
3,24486,<=50K
3,17931,<=50K
3,2153,<=50K
3,46728,<=50K
3,42970,<=50K
3,31370,<=50K
3,523,<=50K
3,25573,<=50K
3,28588,<=50K
3,1583,<=50K
3,45458,>50K
3,42010,<=50K
3,9212,<=50K
3,36362,>50K
3,17890,<=50K
3,21955,>50K
3,40257,<=50K
3,12218,<=50K
3,11844,<=50K
3,17320,<=50K
3,46968,<=50K
3,44245,<=50K
3,21304,<=50K
3,12847,<=50K
3,4657,>50K
3,32138,<=50K
3,27294,<=50K
3,38468,<=50K
3,46189,>50K
3,31085,<=50K
3,29418,<=50K
3,46454,<=50K
3,45527,<=50K
3,18328,<=50K
3,34257,<=50K
3,10050,<=50K
3,31822,<=50K
3,32642,<=50K
3,20794,<=50K
3,42111,<=50K
3,26133,<=50K
3,25049,<=50K
3,25077,<=50K
3,29539,>50K
3,43436,<=50K
3,25718,<=50K
3,47890,>50K
3,13642,<=50K
3,11374,<=50K
3,41474,<=50K
3,23010,<=50K
3,16651,<=50K
3,178,<=50K
3,18443,<=50K
3,21551,<=50K
3,6291,<=50K
3,24156,<=50K
3,25014,<=50K
3,5134,>50K
3,29406,<=50K
3,11056,<=50K
3,35575,<=50K
3,26519,<=50K
3,41001,<=50K
3,20121,<=50K
3,44067,<=50K
3,33647,<=50K
3,10412,<=50K
3,32750,<=50K
3,20959,<=50K
3,11793,>50K
3,42938,<=50K
3,40456,<=50K
3,43487,<=50K
3,9404,<=50K
3,32717,<=50K
3,2685,<=50K
3,27614,<=50K
3,40634,<=50K
3,5961,>50K
3,6851,<=50K
3,10476,>50K
3,20167,<=50K
3,33418,<=50K
3,11019,<=50K
3,5998,<=50K
3,8838,<=50K
3,8438,<=50K
3,34922,<=50K
3,12087,<=50K
3,6047,<=50K
3,36138,>50K
3,19919,<=50K
3,34288,>50K
3,7484,>50K
3,4099,>50K
3,14065,<=50K
3,22475,<=50K
3,40671,<=50K
3,46696,>50K
3,13066,<=50K
3,18710,<=50K
3,15440,>50K
3,38452,<=50K
3,15030,<=50K
3,12024,<=50K
3,24444,<=50K
3,21279,<=50K
3,32500,<=50K
3,33889,<=50K
3,23766,<=50K
3,17794,>50K
3,47889,<=50K
3,32666,<=50K
3,27303,>50K
3,11194,<=50K
3,40651,<=50K
3,41489,<=50K
3,15552,<=50K
3,20149,<=50K
3,21459,<=50K
3,41614,>50K
3,44436,<=50K
3,30792,<=50K
3,7387,<=50K
3,24949,>50K
3,39979,<=50K
3,12841,<=50K
3,45656,<=50K
3,19036,<=50K
3,6278,<=50K
3,4794,<=50K
3,20860,<=50K
3,15961,<=50K
3,19985,<=50K
3,43853,<=50K
3,34770,<=50K
3,25983,>50K
3,37155,>50K
3,31285,<=50K
3,10650,<=50K
3,34764,<=50K
3,45529,<=50K
3,24823,>50K
3,17285,<=50K
3,43723,<=50K
3,35570,<=50K
3,11401,<=50K
3,41844,<=50K
3,33437,<=50K
3,33320,<=50K
3,18057,<=50K
3,43868,<=50K
3,17043,>50K
3,34799,<=50K
3,42370,<=50K
3,46841,>50K
3,48769,>50K
3,17514,<=50K
3,14652,<=50K
3,29404,<=50K
3,27758,>50K
3,23789,<=50K
3,18359,<=50K
3,47212,<=50K
3,25688,<=50K
3,21320,>50K
3,40600,<=50K
3,31305,<=50K
3,14077,>50K
3,27631,<=50K
3,44627,<=50K
3,23544,<=50K
3,24591,<=50K
3,47142,<=50K
3,34484,<=50K
3,3408,<=50K
3,46539,<=50K
3,8246,<=50K
3,8748,<=50K
3,35101,<=50K
3,10677,<=50K
3,30939,<=50K
3,3901,<=50K
3,2174,<=50K
3,47410,>50K
3,40668,>50K
3,30255,<=50K
3,16255,>50K
3,25529,>50K
3,43347,<=50K
3,26070,<=50K
3,38513,<=50K
3,13814,<=50K
3,9047,>50K
3,47898,<=50K
3,26050,<=50K
3,39585,>50K
3,28954,<=50K
3,43741,<=50K
3,39153,<=50K
3,37274,<=50K
3,15324,<=50K
3,12609,>50K
3,18700,<=50K
3,28902,>50K
3,8955,<=50K
3,23487,>50K
3,6776,<=50K
3,30903,<=50K
3,13703,<=50K
3,29408,<=50K
3,32941,<=50K
3,19977,<=50K
3,16133,<=50K
3,42951,<=50K
3,16601,<=50K
3,4903,<=50K
3,6715,<=50K
3,35415,>50K
3,5173,<=50K
3,17109,<=50K
3,10474,<=50K
3,43703,<=50K
3,12259,<=50K
3,18229,<=50K
3,28429,<=50K
3,7585,<=50K
3,33531,<=50K
3,32152,>50K
3,41870,<=50K
3,35517,<=50K
3,29108,<=50K
3,24341,<=50K
3,46634,>50K
3,12712,<=50K
3,5487,<=50K
3,18707,<=50K
3,10485,<=50K
3,19157,<=50K
3,17338,<=50K
3,39170,<=50K
3,29734,<=50K
3,39303,<=50K
3,42091,>50K
3,23977,<=50K
3,42237,<=50K
3,26110,<=50K
3,25427,>50K
3,47173,<=50K
3,30547,>50K
3,47215,<=50K
3,24029,<=50K
3,8081,<=50K
3,10248,<=50K
3,14892,>50K
3,20438,<=50K
3,37724,<=50K
3,14623,<=50K
3,33374,>50K
3,16113,<=50K
3,12080,>50K
3,46447,<=50K
3,41480,<=50K
3,10053,<=50K
3,44181,<=50K
3,36301,>50K
3,46903,<=50K
3,17322,<=50K
3,38025,<=50K
3,39917,<=50K
3,29331,<=50K
3,24978,<=50K
3,25070,<=50K
3,20777,>50K
3,11054,<=50K
3,8229,<=50K
3,25238,<=50K
3,10686,<=50K
3,35671,<=50K
3,23281,<=50K
3,46365,<=50K
3,19882,<=50K
3,18180,<=50K
3,35691,<=50K
3,40734,>50K
3,20670,<=50K
3,32797,<=50K
3,10573,<=50K
3,6580,>50K
3,44922,<=50K
3,29182,>50K
3,27706,<=50K
3,45130,<=50K
3,5121,<=50K
3,11423,>50K
3,5524,>50K
3,9819,>50K
3,13943,<=50K
3,11178,<=50K
3,33638,<=50K
3,5614,<=50K
3,33382,<=50K
3,9618,<=50K
3,19190,<=50K
3,41987,<=50K
3,9736,<=50K
3,3773,<=50K
3,44750,<=50K
3,47204,>50K
3,31295,<=50K
3,15766,<=50K
3,36969,<=50K
3,1453,<=50K
3,23226,<=50K
3,23811,<=50K
3,29489,>50K
3,35839,>50K
3,33950,<=50K
3,23809,<=50K
3,8463,<=50K
3,31099,<=50K
3,38087,>50K
3,19725,<=50K
3,18891,>50K
3,39209,<=50K
3,35036,<=50K
3,26848,>50K
3,12680,<=50K
3,7189,<=50K
3,2715,<=50K
3,7123,<=50K
3,10387,<=50K
3,10287,<=50K
3,40159,>50K
3,21842,<=50K
3,7330,<=50K
3,1909,<=50K
3,33130,<=50K
3,23098,<=50K
3,23945,<=50K
3,37649,>50K
3,41712,<=50K
3,26976,<=50K
3,19152,<=50K
3,15942,<=50K
3,47706,<=50K
3,11646,<=50K
3,23129,<=50K
3,39528,<=50K
3,3551,<=50K
3,28272,<=50K
3,18571,<=50K
3,12095,<=50K
3,16023,<=50K
3,24416,<=50K
3,7294,<=50K
3,25853,<=50K
3,14023,<=50K
3,43137,<=50K
3,26346,<=50K
3,1288,<=50K
3,11860,<=50K
3,40039,<=50K
3,1551,<=50K
3,19054,<=50K
3,42114,<=50K
3,20757,>50K
3,26029,<=50K
3,21043,>50K
3,13601,<=50K
3,37030,<=50K
3,40561,>50K
3,8251,<=50K
3,23938,<=50K
3,13515,<=50K
3,17874,<=50K
3,30675,<=50K
3,44689,<=50K
3,13940,>50K
3,1490,<=50K
3,34165,<=50K
3,32662,<=50K
3,6613,>50K
3,28721,>50K
3,48567,<=50K
3,35902,<=50K
3,32399,<=50K
3,13091,<=50K
3,37223,<=50K
3,28358,<=50K
3,19993,<=50K
3,24418,<=50K
3,36849,<=50K
3,1348,<=50K
3,43813,<=50K
3,40422,<=50K
3,32157,<=50K
3,15774,<=50K
3,6603,>50K
3,37855,>50K
3,23394,>50K
3,27407,<=50K
3,32600,<=50K
3,31171,<=50K
3,37854,<=50K
3,24583,>50K
3,20012,<=50K
3,19106,<=50K
3,6880,<=50K
3,35386,<=50K
3,29387,>50K
3,18280,>50K
3,7829,>50K
3,29868,<=50K
3,40582,<=50K
3,27792,<=50K
3,44380,>50K
3,8687,<=50K
3,4866,<=50K
3,11040,<=50K
3,18152,<=50K
3,45101,>50K
3,1819,<=50K
3,14348,<=50K
3,23092,<=50K
3,13832,>50K
3,27756,<=50K
3,35150,<=50K
3,5596,>50K
3,42421,<=50K
3,46992,<=50K
3,39667,<=50K
3,31040,<=50K
3,16567,>50K
3,1192,<=50K
3,3812,<=50K
3,1349,<=50K
3,14456,<=50K
3,30625,<=50K
3,44090,<=50K
3,18416,<=50K
3,41749,<=50K
3,47827,<=50K
3,35732,>50K
3,9601,<=50K
3,17989,<=50K
3,38375,<=50K
3,4975,<=50K
3,37608,<=50K
3,48666,>50K
3,24945,<=50K
3,47146,>50K
3,43713,<=50K
3,13259,<=50K
3,4097,>50K
3,10017,<=50K
3,32561,<=50K
3,28863,<=50K
3,30403,<=50K
3,28507,<=50K
3,13855,<=50K
3,31858,>50K
3,34476,<=50K
3,45200,<=50K
3,30482,<=50K
3,34981,<=50K
3,14084,>50K
3,37670,<=50K
3,37920,<=50K
3,40666,>50K
3,43650,>50K
3,40064,<=50K
3,24446,<=50K
3,39768,<=50K
3,25185,>50K
3,32835,<=50K
3,39023,<=50K
3,5953,<=50K
3,47900,>50K
3,26797,<=50K
3,20103,<=50K
3,7879,<=50K
3,3339,<=50K
3,24884,<=50K
3,40778,<=50K
3,10811,<=50K
3,34342,>50K
3,22400,<=50K
3,32742,>50K
3,41995,<=50K
3,35485,<=50K
3,31687,>50K
3,7254,<=50K
3,5865,<=50K
3,43202,<=50K
3,37081,<=50K
3,38629,<=50K
3,25860,<=50K
3,10105,>50K
3,46339,<=50K
3,30823,<=50K
3,26984,<=50K
3,30228,<=50K
3,48773,<=50K
3,26151,<=50K
3,27882,>50K
3,5795,<=50K
3,28433,<=50K
3,12364,<=50K
3,12418,>50K
3,36036,>50K
3,6196,<=50K
3,14937,<=50K
3,36906,<=50K
3,640,<=50K
3,21822,<=50K
3,32746,<=50K
3,30953,<=50K
3,3847,<=50K
3,47935,<=50K
3,16622,<=50K
3,40706,>50K
3,12819,<=50K
3,48229,<=50K
3,10995,>50K
3,18266,>50K
3,43069,<=50K
3,43050,<=50K
3,24813,<=50K
3,10413,<=50K
3,29744,<=50K
3,7342,<=50K
3,31848,<=50K
3,4372,>50K
3,33183,<=50K
3,14160,>50K
3,19091,<=50K
3,14615,>50K
3,18219,<=50K
3,27328,<=50K
3,42270,<=50K
3,42436,<=50K
3,27733,<=50K
3,4361,>50K
3,28741,<=50K
3,47376,<=50K
3,24567,<=50K
3,18253,<=50K
3,46203,<=50K
3,13693,<=50K
3,25309,<=50K
3,13136,<=50K
3,16575,<=50K
3,11775,<=50K
3,37536,<=50K
3,14971,<=50K
3,10675,<=50K
3,44929,>50K
3,23434,<=50K
3,48599,<=50K
3,30671,>50K
3,4644,<=50K
3,8072,<=50K
3,32155,<=50K
3,10994,<=50K
3,26759,<=50K
3,40001,<=50K
3,8701,<=50K
3,9721,<=50K
3,31217,<=50K
3,4631,>50K
3,11168,<=50K
3,23640,<=50K
3,18781,<=50K
3,3862,<=50K
3,26599,>50K
3,32472,<=50K
3,11980,<=50K
3,47632,<=50K
3,5681,>50K
3,9360,<=50K
3,26635,<=50K
3,33945,<=50K
3,43858,<=50K
3,14025,<=50K
3,21878,>50K
3,9638,<=50K
3,36000,<=50K
3,10565,<=50K
3,12425,<=50K
3,40112,<=50K
3,42509,<=50K
3,27603,<=50K
3,21909,<=50K
3,29319,<=50K
3,33896,<=50K
3,29962,>50K
3,15615,<=50K
3,47960,<=50K
3,24580,<=50K
3,28025,<=50K
3,18679,<=50K
3,11376,<=50K
3,44406,<=50K
3,39878,<=50K
3,43071,<=50K
3,5416,<=50K
3,7529,>50K
3,39771,<=50K
3,30659,<=50K
3,40895,<=50K
3,28188,<=50K
3,25424,<=50K
3,2757,<=50K
3,13837,<=50K
3,25998,<=50K
3,18990,<=50K
3,25451,>50K
3,11021,<=50K
3,7261,<=50K
3,17395,<=50K
3,25892,>50K
3,47973,<=50K
3,8784,<=50K
3,10153,>50K
3,48570,<=50K
3,20949,<=50K
3,10171,<=50K
3,32791,<=50K
3,25292,<=50K
3,36533,<=50K
3,25171,<=50K
3,25650,<=50K
3,37788,<=50K
3,45748,<=50K
3,26765,<=50K
3,5066,<=50K
3,33689,<=50K
3,47286,<=50K
3,38348,<=50K
3,43528,<=50K
3,14750,<=50K
3,41740,<=50K
3,40352,<=50K
3,37361,>50K
3,47326,<=50K
3,38152,<=50K
3,19760,<=50K
3,34739,<=50K
3,32722,<=50K
3,48475,<=50K
3,14282,<=50K
3,19389,>50K
3,37221,<=50K
3,45246,<=50K
3,19238,>50K
3,32627,<=50K
3,3373,<=50K
3,43049,<=50K
3,36592,<=50K
3,38431,<=50K
3,37419,<=50K
3,35958,>50K
3,17203,<=50K
3,39654,<=50K
3,30073,<=50K
3,30488,<=50K
3,16363,<=50K
3,6356,<=50K
3,14565,<=50K
3,11488,<=50K
3,34499,<=50K
3,13998,<=50K
3,38812,<=50K
3,18859,<=50K
3,11878,>50K
3,18292,<=50K
3,2041,>50K
3,2312,<=50K
3,11097,>50K
3,4362,<=50K
3,46187,<=50K
3,31093,>50K
3,7290,<=50K
3,1417,<=50K
3,22455,>50K
3,27376,<=50K
3,46380,<=50K
3,37142,<=50K
3,42733,>50K
3,7840,<=50K
3,22102,<=50K
3,13371,<=50K
3,8952,<=50K
3,36385,<=50K
3,18401,<=50K
3,29400,<=50K
3,41810,<=50K
3,37392,<=50K
3,6934,<=50K
3,10778,<=50K
3,45072,>50K
3,22215,>50K
3,36305,<=50K
3,35688,<=50K
3,16208,<=50K
3,38248,<=50K
3,22152,<=50K
3,39253,<=50K
3,18652,<=50K
3,27696,<=50K
3,22308,<=50K
3,16187,<=50K
3,25354,>50K
3,10183,<=50K
3,8929,<=50K
3,37975,>50K
3,34860,>50K
3,40790,<=50K
3,21419,<=50K
3,16520,>50K
3,47279,<=50K
3,14827,>50K
3,36409,>50K
3,706,<=50K
3,10644,<=50K
3,30978,<=50K
3,35988,<=50K
3,4463,>50K
3,8579,<=50K
3,41773,>50K
3,9434,<=50K
3,48399,<=50K
3,31302,<=50K
3,44076,<=50K
3,43553,<=50K
3,8309,<=50K
3,35943,<=50K
3,17703,<=50K
3,28593,>50K
3,1437,<=50K
3,33402,>50K
3,41471,<=50K
3,534,<=50K
3,7615,<=50K
3,3529,<=50K
3,24507,<=50K
3,40492,<=50K
3,45320,<=50K
3,14889,<=50K
3,22877,>50K
3,15654,<=50K
3,20737,<=50K
3,23414,<=50K
3,46376,<=50K
3,15941,<=50K
3,33477,<=50K
3,9600,<=50K
3,29434,<=50K
3,17877,<=50K
3,4006,<=50K
3,14736,>50K
3,12036,<=50K
3,30699,<=50K
3,7939,<=50K
3,32198,<=50K
3,6601,<=50K
3,4147,<=50K
3,48414,<=50K
3,7393,<=50K
3,47058,<=50K
3,38981,<=50K
3,751,>50K
3,684,<=50K
3,19215,>50K
3,6209,>50K
3,38735,<=50K
3,26227,>50K
3,6452,<=50K
3,6688,<=50K
3,47835,<=50K
3,30985,<=50K
3,2150,<=50K
3,34042,>50K
3,18330,>50K
3,10419,<=50K
3,3760,>50K
3,24552,>50K
3,22018,<=50K
3,12883,<=50K
3,26403,>50K
3,23372,>50K
3,8903,<=50K
3,3909,<=50K
3,19295,>50K
3,44541,<=50K
3,15561,>50K
3,33032,<=50K
3,30590,<=50K
3,27514,>50K
3,8536,<=50K
3,124,<=50K
3,30770,<=50K
3,14229,>50K
3,18569,>50K
3,252,<=50K
3,41915,>50K
3,9110,<=50K
3,36664,<=50K
3,33704,>50K
3,1629,<=50K
3,35332,<=50K
3,16907,<=50K
3,15314,<=50K
3,12776,<=50K
3,46191,>50K
3,46674,<=50K
3,28209,<=50K
3,38884,<=50K
3,41982,<=50K
3,40396,<=50K
3,1890,<=50K
3,29665,>50K
3,27990,<=50K
3,10748,<=50K
3,29468,>50K
3,37052,<=50K
3,13146,<=50K
3,24668,<=50K
3,14825,<=50K
3,41632,<=50K
3,22201,<=50K
3,34947,>50K
3,7507,<=50K
3,31354,>50K
3,45813,<=50K
3,34268,>50K
3,17923,>50K
3,36723,>50K
3,14164,<=50K
3,20854,<=50K
3,25275,<=50K
3,14684,<=50K
3,40005,<=50K
3,3681,>50K
3,32254,<=50K
3,25102,<=50K
3,2132,<=50K
3,5879,<=50K
3,16844,<=50K
3,9818,<=50K
3,39652,>50K
3,6093,<=50K
3,7958,<=50K
3,39076,<=50K
3,21394,<=50K
3,18436,<=50K
3,26345,>50K
3,740,<=50K
3,21109,<=50K
3,45822,<=50K
3,26773,<=50K
3,20991,>50K
3,46260,<=50K
3,47080,<=50K
3,41457,>50K
3,8654,>50K
3,19559,<=50K
3,24463,<=50K
3,12826,<=50K
3,29423,<=50K
3,7836,<=50K
3,25701,<=50K
3,34517,>50K
3,38446,<=50K
3,34788,<=50K
3,33681,<=50K
3,15189,<=50K
3,9179,<=50K
3,4168,<=50K
3,13546,>50K
3,5241,<=50K
3,16657,<=50K
3,29591,<=50K
3,48099,<=50K
3,46327,<=50K
3,8779,<=50K
3,3355,<=50K
3,3595,<=50K
3,44327,<=50K
3,38509,>50K
3,10395,<=50K
3,22818,<=50K
3,16126,<=50K
3,33406,>50K
3,42925,>50K
3,47622,<=50K
3,18627,>50K
3,9603,<=50K
3,16366,>50K
3,9121,>50K
3,19332,>50K
3,5974,>50K
3,45317,<=50K
3,42298,<=50K
3,22581,>50K
3,38423,<=50K
3,25685,<=50K
3,3714,>50K
3,7296,<=50K
3,5972,<=50K
3,6233,<=50K
3,30074,<=50K
3,31291,<=50K
3,12296,<=50K
3,34693,<=50K
3,23179,>50K
3,3709,<=50K
3,1515,<=50K
3,45334,<=50K
3,39906,<=50K
3,21921,>50K
3,36806,<=50K
3,19346,<=50K
3,16824,<=50K
3,17602,<=50K
3,34091,>50K
3,15475,<=50K
3,3486,<=50K
3,281,<=50K
3,33784,<=50K
3,1690,>50K
3,34368,<=50K
3,24445,<=50K
3,47672,<=50K
3,14607,<=50K
3,22180,<=50K
3,35626,<=50K
3,17097,<=50K
3,20265,>50K
3,44642,<=50K
3,44064,<=50K
3,47715,<=50K
3,33420,<=50K
3,21139,>50K
3,34332,<=50K
3,16421,<=50K
3,44387,<=50K
3,33520,<=50K
3,8535,<=50K
3,39339,<=50K
3,3757,<=50K
3,47489,>50K
3,24994,<=50K
3,26495,<=50K
3,7267,<=50K
3,32137,<=50K
3,12664,<=50K
3,1217,<=50K
3,40253,<=50K
3,4914,<=50K
3,32594,<=50K
3,5262,<=50K
3,23238,<=50K
3,36266,<=50K
3,38847,<=50K
3,20493,<=50K
3,14436,<=50K
3,17709,<=50K
3,2475,>50K
3,48427,<=50K
3,685,<=50K
3,13303,<=50K
3,19567,<=50K
3,33574,<=50K
3,28159,<=50K
3,4121,>50K
3,18276,<=50K
3,28609,>50K
3,23933,<=50K
3,13766,>50K
3,43974,>50K
3,24862,<=50K
3,36387,<=50K
3,45467,<=50K
3,48246,<=50K
3,17777,<=50K
3,4636,<=50K
3,3548,<=50K
3,27167,<=50K
3,45341,<=50K
3,28108,>50K
3,24758,>50K
3,43864,<=50K
3,14592,<=50K
3,10202,<=50K
3,17168,<=50K
3,11964,<=50K
3,312,<=50K
3,10377,<=50K
3,26425,<=50K
3,32560,<=50K
3,14762,<=50K
3,11859,<=50K
3,42886,<=50K
3,2443,<=50K
3,45287,>50K
3,41409,<=50K
3,47341,<=50K
3,23919,<=50K
3,44193,<=50K
3,11883,<=50K
3,14548,<=50K
3,47288,>50K
3,5128,<=50K
3,16892,<=50K
3,20837,>50K
3,19938,<=50K
3,30813,<=50K
3,44040,>50K
3,1507,>50K
3,43833,<=50K
3,43520,<=50K
3,33414,<=50K
3,45421,<=50K
3,22793,<=50K
3,23307,<=50K
3,20710,<=50K
3,29698,<=50K
3,23557,<=50K
3,12494,<=50K
3,18958,<=50K
3,25733,<=50K
3,41670,<=50K
3,25119,<=50K
3,13729,>50K
3,1824,<=50K
3,46456,<=50K
3,31689,<=50K
3,35614,<=50K
3,46239,<=50K
3,36121,<=50K
3,35070,<=50K
3,8734,<=50K
3,36573,<=50K
3,27490,<=50K
3,28417,<=50K
3,37638,<=50K
3,102,<=50K
3,8236,<=50K
3,17886,<=50K
3,46774,<=50K
3,43615,<=50K
3,37646,<=50K
3,15580,>50K
3,25702,<=50K
3,33415,<=50K
3,11022,<=50K
3,44869,<=50K
3,10798,<=50K
3,28372,<=50K
3,9528,<=50K
3,26417,<=50K
3,19610,>50K
3,28215,<=50K
3,19686,<=50K
3,33938,>50K
3,30531,<=50K
3,38325,<=50K
3,16701,<=50K
3,39334,>50K
3,18271,<=50K
3,7695,<=50K
3,18378,<=50K
3,26438,<=50K
3,10737,<=50K
3,2171,<=50K
3,36153,<=50K
3,23447,<=50K
3,39182,<=50K
3,17938,<=50K
3,25276,<=50K
3,13522,<=50K
3,44315,<=50K
3,41790,<=50K
3,36442,>50K
3,13952,<=50K
3,43031,<=50K
3,38543,<=50K
3,10399,<=50K
3,33284,>50K
3,48232,>50K
3,13610,<=50K
3,44470,<=50K
3,40417,<=50K
3,9804,<=50K
3,25796,<=50K
3,14094,>50K
3,21431,<=50K
3,10244,>50K
3,36051,<=50K
3,48526,<=50K
3,911,<=50K
3,22339,<=50K
3,22566,<=50K
3,35665,<=50K
3,17421,<=50K
3,4495,<=50K
3,47130,<=50K
3,16178,<=50K
3,37080,<=50K
3,10949,<=50K
3,26566,<=50K
3,25327,<=50K
3,23783,<=50K
3,18011,<=50K
3,45345,<=50K
3,8854,<=50K
3,7128,<=50K
3,21354,<=50K
3,32989,<=50K
3,2062,<=50K
3,41713,<=50K
3,43855,<=50K
3,36453,<=50K
3,15613,>50K
3,48407,>50K
3,12685,<=50K
3,40899,<=50K
3,10692,<=50K
3,30827,<=50K
3,44347,<=50K
3,23020,<=50K
3,18864,<=50K
3,7238,<=50K
3,12188,<=50K
3,45507,<=50K
3,48470,<=50K
3,12857,<=50K
3,9281,<=50K
3,25955,>50K
3,6238,<=50K
3,17195,<=50K
3,20307,<=50K
3,46194,<=50K
3,18389,<=50K
3,15880,<=50K
3,47049,<=50K
3,46856,<=50K
3,30661,<=50K
3,9146,<=50K
3,1594,<=50K
3,6410,<=50K
3,16220,<=50K
3,20504,<=50K
3,19073,<=50K
3,36496,<=50K
3,19849,<=50K
3,10034,<=50K
3,18704,<=50K
3,8561,<=50K
3,36014,<=50K
3,33208,<=50K
3,24282,>50K
3,21005,<=50K
3,39062,<=50K
3,34629,<=50K
3,12992,<=50K
3,14901,<=50K
3,18640,<=50K
3,21732,<=50K
3,5049,<=50K
3,11118,<=50K
3,35480,>50K
3,12164,<=50K
3,35713,<=50K
3,18586,>50K
3,23280,<=50K
3,39689,<=50K
3,4394,>50K
3,26044,<=50K
3,20498,<=50K
3,38317,<=50K
3,29633,>50K
3,42788,<=50K
3,9300,>50K
3,28419,<=50K
3,16983,<=50K
3,35479,<=50K
3,29688,>50K
3,40537,<=50K
3,3707,<=50K
3,5873,<=50K
3,25517,>50K
3,45632,<=50K
3,40004,<=50K
3,32684,<=50K
3,40912,>50K
3,6366,<=50K
3,27593,<=50K
3,32940,<=50K
3,23786,<=50K
3,1102,<=50K
3,41408,<=50K
3,26662,<=50K
3,37870,>50K
3,18716,<=50K
3,1664,<=50K
3,18150,<=50K
3,36838,>50K
3,1591,>50K
3,34312,<=50K
3,16502,<=50K
3,48209,<=50K
3,29954,<=50K
3,32368,<=50K
3,30062,<=50K
3,34023,>50K
3,39030,>50K
3,12722,<=50K
3,34107,<=50K
3,33257,<=50K
3,46170,<=50K
3,22806,>50K
3,42726,<=50K
3,38935,<=50K
3,28382,<=50K
3,7837,<=50K
3,25903,<=50K
3,14498,<=50K
3,28276,<=50K
3,6952,<=50K
3,25356,<=50K
3,27291,<=50K
3,42230,<=50K
3,10878,<=50K
3,36687,<=50K
3,41242,<=50K
3,1338,<=50K
3,4978,<=50K
3,44893,<=50K
3,89,<=50K
3,11001,<=50K
3,1675,<=50K
3,40731,<=50K
3,40820,<=50K
3,4113,<=50K
3,21146,<=50K
3,6289,<=50K
3,35810,<=50K
3,42319,<=50K
3,41746,<=50K
3,40759,>50K
3,3843,>50K
3,10558,<=50K
3,23341,<=50K
3,39784,<=50K
3,15418,>50K
3,39299,>50K
3,45131,<=50K
3,26647,<=50K
3,39701,>50K
3,48042,<=50K
3,6446,<=50K
3,19895,<=50K
3,22396,<=50K
3,47464,<=50K
3,38241,<=50K
3,33703,>50K
3,5793,<=50K
3,35926,<=50K
3,27060,<=50K
3,18605,<=50K
3,12989,<=50K
3,27690,>50K
3,14345,<=50K
3,25782,<=50K
3,45790,<=50K
3,20334,<=50K
3,41765,<=50K
3,15935,<=50K
3,39730,<=50K
3,10174,<=50K
3,41245,<=50K
3,4783,>50K
3,20374,<=50K
3,14583,<=50K
3,16229,<=50K
3,13595,<=50K
3,10138,>50K
3,32230,>50K
3,7603,<=50K
3,14770,<=50K
3,13684,<=50K
3,45037,<=50K
3,41200,<=50K
3,43517,>50K
3,42622,<=50K
3,4341,>50K
3,10902,<=50K
3,14683,<=50K
3,41492,<=50K
3,26967,<=50K
3,24765,<=50K
3,12752,<=50K
3,47040,>50K
3,4472,<=50K
3,6091,<=50K
3,27710,>50K
3,45802,<=50K
3,38904,<=50K
3,32649,<=50K
3,17009,<=50K
3,26650,<=50K
3,31766,<=50K
3,38605,<=50K
3,9092,<=50K
3,20093,<=50K
3,45502,<=50K
3,18293,<=50K
3,15169,<=50K
3,1750,<=50K
3,22537,<=50K
3,11989,<=50K
3,14146,<=50K
3,24683,<=50K
3,25902,<=50K
3,42786,<=50K
3,2158,<=50K
3,10087,<=50K
3,22313,<=50K
3,2078,>50K
3,14743,<=50K
3,1607,<=50K
3,36330,<=50K
3,22134,<=50K
3,8739,>50K
3,34955,>50K
3,37968,<=50K
3,10218,<=50K
3,8488,<=50K
3,16713,<=50K
3,3329,<=50K
3,14212,<=50K
3,34386,<=50K
3,21837,>50K
3,2477,<=50K
3,35811,<=50K
3,35053,<=50K
3,7573,<=50K
3,10600,<=50K
3,4402,<=50K
3,37463,<=50K
3,37108,<=50K
3,27417,<=50K
3,30266,<=50K
3,11420,<=50K
3,18420,<=50K
3,6567,<=50K
3,9535,<=50K
3,6752,<=50K
3,14816,>50K
3,9217,>50K
3,33984,>50K
3,46021,<=50K
3,6467,>50K
3,42038,<=50K
3,47277,<=50K
3,29941,<=50K
3,2907,>50K
3,5937,<=50K
3,4040,<=50K
3,32546,>50K
3,26625,<=50K
3,34323,>50K
3,10922,<=50K
3,28493,<=50K
3,42346,<=50K
3,48105,>50K
3,36099,>50K
3,838,<=50K
3,37620,<=50K
3,25977,<=50K
3,35233,<=50K
3,14154,<=50K
3,2793,<=50K
3,1225,<=50K
3,14466,<=50K
3,42552,<=50K
3,14666,<=50K
3,46703,<=50K
3,15011,<=50K
3,12031,<=50K
3,47107,<=50K
3,35320,<=50K
3,12232,<=50K
3,31152,<=50K
3,19263,<=50K
3,33484,<=50K
3,23500,<=50K
3,44997,<=50K
3,30871,<=50K
3,8665,<=50K
3,21231,>50K
3,38444,<=50K
3,43971,<=50K
3,43279,<=50K
3,9848,>50K
3,44254,>50K
3,10255,<=50K
3,13474,<=50K
3,22008,<=50K
3,43668,<=50K
3,36862,<=50K
3,8705,>50K
3,14184,<=50K
3,42505,<=50K
3,31978,<=50K
3,45895,<=50K
3,25739,<=50K
3,44622,<=50K
3,16835,<=50K
3,8635,<=50K
3,7022,<=50K
3,45618,<=50K
3,9216,<=50K
3,18040,<=50K
3,44656,<=50K
3,27799,<=50K
3,15129,<=50K
3,6042,<=50K
3,2095,<=50K
3,17017,<=50K
3,12304,<=50K
3,19514,<=50K
3,35422,>50K
3,888,>50K
3,16304,<=50K
3,25562,<=50K
3,41531,>50K
3,47549,>50K
3,32392,<=50K
3,28042,>50K
3,37314,<=50K
3,43944,>50K
3,30501,<=50K
3,32346,<=50K
3,11711,<=50K
3,18390,<=50K
3,15237,>50K
3,13548,<=50K
3,26858,>50K
3,46474,>50K
3,16683,<=50K
3,16037,<=50K
3,18062,>50K
3,42172,>50K
3,17374,<=50K
3,15723,<=50K
3,23029,<=50K
3,24589,<=50K
3,34938,<=50K
3,11248,<=50K
3,47102,>50K
3,29740,<=50K
3,33522,>50K
3,30368,<=50K
3,27010,<=50K
3,36632,<=50K
3,46979,<=50K
3,20841,>50K
3,27768,<=50K
3,2275,>50K
3,6441,<=50K
3,28018,<=50K
3,33815,<=50K
3,20066,<=50K
3,37411,<=50K
3,41660,>50K
3,12096,<=50K
3,39241,<=50K
3,19694,<=50K
3,7698,<=50K
3,8643,>50K
3,23561,<=50K
3,28064,>50K
3,11942,<=50K
3,46871,<=50K
3,6949,<=50K
3,27078,<=50K
3,25728,<=50K
3,22044,>50K
3,17137,<=50K
3,31402,<=50K
3,6795,<=50K
3,5705,<=50K
3,23708,<=50K
3,21560,<=50K
3,27439,>50K
3,33797,<=50K
3,19900,<=50K
3,3837,<=50K
3,3586,<=50K
3,35921,<=50K
3,28918,<=50K
3,21512,<=50K
3,4896,<=50K
3,20564,<=50K
3,14426,<=50K
3,12477,<=50K
3,33014,<=50K
3,16845,<=50K
3,26654,<=50K
3,26896,<=50K
3,29655,<=50K
3,30493,<=50K
3,39420,<=50K
3,43596,>50K
3,37589,>50K
3,10423,<=50K
3,32692,<=50K
3,10580,<=50K
3,20038,<=50K
3,1414,<=50K
3,42295,<=50K
3,19064,<=50K
3,25265,<=50K
3,3988,<=50K
3,9226,<=50K
3,39962,<=50K
3,26245,<=50K
3,30392,>50K
3,44197,<=50K
3,3374,<=50K
3,31168,<=50K
3,1555,<=50K
3,19813,<=50K
3,12354,<=50K
3,18945,<=50K
3,30588,<=50K
3,46572,>50K
3,1307,<=50K
3,21491,<=50K
3,16414,>50K
3,4534,<=50K
3,35057,<=50K
3,4744,<=50K
3,4104,<=50K
3,32971,<=50K
3,43780,<=50K
3,42125,<=50K
3,27982,<=50K
3,8984,<=50K
3,23641,>50K
3,25709,<=50K
3,37240,<=50K
3,1979,>50K
3,4887,<=50K
3,25413,<=50K
3,27217,>50K
3,45635,<=50K
3,11427,<=50K
3,36059,>50K
3,11569,>50K
3,14591,>50K
3,34959,<=50K
3,20843,<=50K
3,1402,<=50K
3,15625,<=50K
3,14873,<=50K
3,42086,<=50K
3,12528,>50K
3,26723,<=50K
3,35896,<=50K
3,33116,<=50K
3,27422,<=50K
3,18926,<=50K
3,11795,<=50K
3,37281,<=50K
3,27297,<=50K
3,1350,<=50K
3,48458,<=50K
3,43235,<=50K
3,5935,<=50K
3,22664,>50K
3,45710,>50K
3,5190,<=50K
3,38143,>50K
3,16033,>50K
3,39066,<=50K
3,36661,<=50K
3,31214,>50K
3,24160,>50K
3,30987,<=50K
3,15415,<=50K
3,34193,<=50K
3,20697,<=50K
3,23309,<=50K
3,47597,<=50K
3,31769,>50K
3,31290,<=50K
3,25147,<=50K
3,2055,<=50K
3,9794,<=50K
3,3904,<=50K
3,20787,<=50K
3,48539,<=50K
3,14956,<=50K
3,48727,<=50K
3,42132,>50K
3,13632,>50K
3,46204,<=50K
3,15916,<=50K
3,20480,<=50K
3,31063,>50K
3,10285,<=50K
3,28559,<=50K
3,3195,>50K
3,23308,<=50K
3,45161,<=50K
3,13523,<=50K
3,33127,<=50K
3,5945,>50K
3,12828,<=50K
3,8944,>50K
3,9900,<=50K
3,17601,>50K
3,16382,>50K
3,14138,<=50K
3,42389,<=50K
3,33311,<=50K
3,10703,<=50K
3,12914,<=50K
3,25120,<=50K
3,24601,<=50K
3,18556,<=50K
3,9658,<=50K
3,19967,<=50K
3,45850,<=50K
3,24585,>50K
3,2544,<=50K
3,8269,<=50K
3,2461,>50K
3,215,<=50K
3,25065,<=50K
3,44487,<=50K
3,25679,<=50K
3,13500,<=50K
3,27617,>50K
3,11133,<=50K
3,39320,<=50K
3,25253,<=50K
3,478,<=50K
3,28562,<=50K
3,12591,<=50K
3,5279,<=50K
3,38672,>50K
3,26755,<=50K
3,15249,<=50K
3,40874,<=50K
3,26526,<=50K
3,27785,<=50K
3,42523,<=50K
3,21199,<=50K
3,41895,<=50K
3,36221,<=50K
3,9325,<=50K
3,31527,<=50K
3,6052,>50K
3,15990,>50K
3,43727,>50K
3,23139,<=50K
3,18896,>50K
3,43091,<=50K
3,1792,<=50K
3,24747,<=50K
3,23358,<=50K
3,8398,<=50K
3,16142,<=50K
3,9031,<=50K
3,45788,>50K
3,36640,<=50K
3,27703,<=50K
3,8116,<=50K
3,32356,<=50K
3,14649,<=50K
3,41834,<=50K
3,12389,<=50K
3,44885,<=50K
3,14641,>50K
3,23264,<=50K
3,21444,<=50K
3,23206,>50K
3,3376,<=50K
3,42518,<=50K
3,26939,>50K
3,7174,<=50K
3,28820,<=50K
3,23310,<=50K
3,48480,>50K
3,38001,<=50K
3,33441,<=50K
3,40482,>50K
3,20183,<=50K
3,21047,<=50K
3,42381,<=50K
3,40310,>50K
3,22381,<=50K
3,41218,>50K
3,47109,<=50K
3,13143,>50K
3,26847,<=50K
3,30024,<=50K
3,42482,<=50K
3,42136,<=50K
3,6822,<=50K
3,22220,<=50K
3,24647,<=50K
3,12838,<=50K
3,37,>50K
3,28804,>50K
3,42638,>50K
3,300,<=50K
3,48600,<=50K
3,40376,<=50K
3,12227,<=50K
3,36737,<=50K
3,38398,<=50K
3,45441,<=50K
3,29089,<=50K
3,22983,<=50K
3,30900,<=50K
3,6240,<=50K
3,23725,<=50K
3,4559,<=50K
3,10391,<=50K
3,41224,<=50K
3,21510,<=50K
3,26604,<=50K
3,31431,<=50K
3,42200,<=50K
3,44427,<=50K
3,35461,<=50K
3,9831,<=50K
3,3933,<=50K
3,17750,<=50K
3,43873,<=50K
3,16065,<=50K
3,20419,>50K
3,21475,<=50K
3,28744,<=50K
3,45680,<=50K
3,11968,<=50K
3,23624,>50K
3,14396,<=50K
3,26477,<=50K
3,37793,<=50K
3,5905,<=50K
3,45196,<=50K
3,28985,<=50K
3,36548,<=50K
3,26503,<=50K
3,17686,<=50K
3,38701,<=50K
3,40147,<=50K
3,46758,>50K
3,27627,<=50K
3,47630,<=50K
3,6501,<=50K
3,37204,<=50K
3,24763,<=50K
3,34916,<=50K
3,5313,<=50K
3,22857,<=50K
3,48129,<=50K
3,5965,<=50K
3,17086,<=50K
3,6618,<=50K
3,42753,<=50K
3,213,<=50K
3,3938,>50K
3,36628,>50K
3,28463,<=50K
3,37127,<=50K
3,32503,<=50K
3,45911,<=50K
3,13036,<=50K
3,22890,>50K
3,10332,<=50K
3,217,<=50K
3,18190,<=50K
3,9339,<=50K
3,4257,>50K
3,1823,<=50K
3,36140,<=50K
3,3463,>50K
3,22404,<=50K
3,28223,>50K
3,27209,<=50K
3,24816,<=50K
3,2450,<=50K
3,19795,<=50K
3,46437,<=50K
3,30492,>50K
3,3560,<=50K
3,16780,<=50K
3,10799,<=50K
3,31189,<=50K
3,6386,<=50K
3,9482,<=50K
3,41776,<=50K
3,7547,<=50K
3,38223,<=50K
3,12697,<=50K
3,11665,<=50K
3,39365,<=50K
3,16944,<=50K
3,7374,>50K
3,14672,<=50K
3,18760,<=50K
3,31426,<=50K
3,5367,>50K
3,9405,<=50K
3,35824,<=50K
3,37727,<=50K
3,22170,<=50K
3,28323,<=50K
3,13244,<=50K
3,27612,>50K
3,10805,>50K
3,6259,<=50K
3,7030,>50K
3,7706,<=50K
3,25489,<=50K
3,38015,<=50K
3,13971,<=50K
3,41060,<=50K
3,2796,<=50K
3,43280,<=50K
3,30979,<=50K
3,33030,<=50K
3,9462,>50K
3,20282,>50K
3,18520,<=50K
3,26487,<=50K
3,39993,<=50K
3,31677,<=50K
3,10190,<=50K
3,41642,>50K
3,41157,<=50K
3,30830,<=50K
3,30251,<=50K
3,22907,>50K
3,15914,<=50K
3,22605,<=50K
3,8226,>50K
3,21229,<=50K
3,26264,>50K
3,20595,<=50K
3,5663,<=50K
3,32751,<=50K
3,23237,<=50K
3,8290,<=50K
3,3183,<=50K
3,36406,<=50K
3,11185,<=50K
3,15336,<=50K
3,13282,<=50K
3,1034,<=50K
3,23337,<=50K
3,44637,<=50K
3,32312,<=50K
3,21019,<=50K
3,5717,<=50K
3,9505,<=50K
3,21933,>50K
3,39183,<=50K
3,45132,>50K
3,40437,<=50K
3,20990,<=50K
3,7642,<=50K
3,15149,>50K
3,5417,<=50K
3,17888,<=50K
3,25166,<=50K
3,38990,>50K
3,6429,<=50K
3,4915,<=50K
3,40739,<=50K
3,10611,<=50K
3,14140,<=50K
3,13996,<=50K
3,24623,<=50K
3,8566,<=50K
3,5976,>50K
3,40049,<=50K
3,4672,>50K
3,18461,>50K
3,43288,<=50K
3,30585,<=50K
3,33476,<=50K
3,20091,<=50K
3,20115,>50K
3,36743,<=50K
3,38106,>50K
3,37944,<=50K
3,12178,<=50K
3,40462,>50K
3,29752,<=50K
3,42674,<=50K
3,37182,<=50K
3,35915,<=50K
3,3841,<=50K
3,34043,<=50K
3,8338,<=50K
3,48332,<=50K
3,10120,<=50K
3,46685,<=50K
3,35851,<=50K
3,25447,<=50K
3,35762,>50K
3,45425,<=50K
3,37988,>50K
3,3820,>50K
3,39418,<=50K
3,23983,>50K
3,24232,<=50K
3,2774,<=50K
3,12021,<=50K
3,21311,<=50K
3,35043,<=50K
3,44131,<=50K
3,11114,<=50K
3,18788,<=50K
3,4342,<=50K
3,28626,<=50K
3,4892,>50K
3,30663,<=50K
3,4724,<=50K
3,33999,<=50K
3,11261,<=50K
3,7396,<=50K
3,19998,>50K
3,14070,<=50K
3,19496,<=50K
3,36440,<=50K
3,23999,<=50K
3,44080,<=50K
3,16767,<=50K
3,44343,>50K
3,18419,<=50K
3,30836,<=50K
3,21550,<=50K
3,6422,>50K
3,28578,<=50K
3,16671,<=50K
3,32562,<=50K
3,6056,<=50K
3,9043,<=50K
3,30662,<=50K
3,45160,<=50K
3,26894,>50K
3,40881,<=50K
3,36997,<=50K
3,6462,<=50K
3,11477,<=50K
3,21598,<=50K
3,1134,<=50K
3,36922,<=50K
3,12421,<=50K
3,19016,<=50K
3,30408,<=50K
3,15117,<=50K
3,45359,>50K
3,11402,<=50K
3,1181,<=50K
3,16017,<=50K
3,27322,>50K
3,4976,<=50K
3,45180,>50K
3,22632,<=50K
3,39167,<=50K
3,30648,>50K
3,21659,<=50K
3,15288,<=50K
3,14394,<=50K
3,43015,<=50K
3,20889,<=50K
3,6282,<=50K
3,6540,<=50K
3,41616,<=50K
3,31209,>50K
3,43522,>50K
3,42393,<=50K
3,36491,<=50K
3,28436,<=50K
3,8009,<=50K
3,25750,>50K
3,24503,<=50K
3,28823,<=50K
3,13984,<=50K
3,21462,<=50K
3,11639,<=50K
3,7715,<=50K
3,20979,<=50K
3,3915,<=50K
3,10165,<=50K
3,33407,<=50K
3,17756,<=50K
3,42178,<=50K
3,40498,<=50K
3,29980,<=50K
3,39079,<=50K
3,639,<=50K
3,2775,<=50K
3,36119,<=50K
3,22490,>50K
3,37729,<=50K
3,13846,<=50K
3,30874,<=50K
3,42082,>50K
3,37293,<=50K
3,12885,>50K
3,27941,<=50K
3,48471,<=50K
3,21691,<=50K
3,41053,<=50K
3,20635,<=50K
3,25123,>50K
3,41252,<=50K
3,18728,<=50K
3,26374,<=50K
3,26074,<=50K
3,22273,<=50K
3,9833,<=50K
3,993,>50K
3,3256,<=50K
3,28608,<=50K
3,44813,<=50K
3,46959,<=50K
3,38949,>50K
3,24874,<=50K
3,39804,<=50K
3,251,<=50K
3,39143,<=50K
3,24954,<=50K
3,1258,>50K
3,13815,<=50K
3,23723,>50K
3,35814,<=50K
3,1050,<=50K
3,48668,<=50K
3,34863,<=50K
3,32618,>50K
3,14778,<=50K
3,11041,<=50K
3,30076,<=50K
3,17945,<=50K
3,12843,<=50K
3,1162,<=50K
3,2617,<=50K
3,3528,<=50K
3,37078,<=50K
3,43829,>50K
3,24839,<=50K
3,9888,<=50K
3,3058,<=50K
3,5271,<=50K
3,19396,<=50K
3,36812,<=50K
3,23994,<=50K
3,28606,<=50K
3,45152,<=50K
3,40084,<=50K
3,40804,>50K
3,33079,>50K
3,33245,<=50K
3,43040,<=50K
3,41968,<=50K
3,40383,>50K
3,33727,<=50K
3,11395,<=50K
3,26015,<=50K
3,34348,>50K
3,40136,>50K
3,34395,<=50K
3,26045,<=50K
3,12347,<=50K
3,29670,<=50K
3,36622,<=50K
3,2805,<=50K
3,3362,<=50K
3,4849,>50K
3,44273,<=50K
3,20311,<=50K
3,30119,<=50K
3,42616,<=50K
3,19454,<=50K
3,14745,<=50K
3,48148,<=50K
3,6130,<=50K
3,9309,<=50K
3,13613,>50K
3,13619,<=50K
3,12656,<=50K
3,18590,>50K
3,18441,<=50K
3,26226,<=50K
3,34751,<=50K
3,876,<=50K
3,27913,<=50K
3,33136,<=50K
3,38464,<=50K
3,46304,<=50K
3,41142,<=50K
3,10392,<=50K
3,35919,<=50K
3,14279,>50K
3,33475,<=50K
3,5072,<=50K
3,48167,<=50K
3,11053,<=50K
3,39759,<=50K
3,30428,<=50K
3,33273,>50K
3,14536,<=50K
3,22146,<=50K
3,27831,<=50K
3,10041,<=50K
3,13416,>50K
3,21698,<=50K
3,39911,<=50K
3,27085,<=50K
3,13551,>50K
3,31089,<=50K
3,16044,<=50K
3,17612,<=50K
3,35849,>50K
3,9945,<=50K
3,15737,>50K
3,23967,<=50K
3,6768,>50K
3,15788,<=50K
3,5756,<=50K
3,28204,<=50K
3,14108,<=50K
3,9147,<=50K
3,34031,<=50K
3,1103,<=50K
3,17389,<=50K
3,1640,<=50K
3,15921,<=50K
3,16155,>50K
3,35708,<=50K
3,33828,<=50K
3,8011,<=50K
3,41991,<=50K
3,6629,<=50K
3,27331,>50K
3,43670,<=50K
3,41609,<=50K
3,22253,<=50K
3,10616,<=50K
3,45812,<=50K
3,18154,>50K
3,36438,<=50K
3,43879,<=50K
3,46079,<=50K
3,18065,>50K
3,14879,<=50K
3,43809,<=50K
3,959,>50K
3,4408,<=50K
3,8835,<=50K
3,15432,<=50K
3,15457,<=50K
3,5657,<=50K
3,37242,<=50K
3,46442,<=50K
3,7724,>50K
3,19085,<=50K
3,1158,>50K
3,44247,<=50K
3,5708,<=50K
3,6954,<=50K
3,15900,<=50K
3,19891,<=50K
3,36154,<=50K
3,12629,>50K
3,32952,>50K
3,45866,<=50K
3,27343,<=50K
3,5454,<=50K
3,8876,<=50K
3,22413,<=50K
3,39346,<=50K
3,48537,<=50K
3,4842,>50K
3,38987,<=50K
3,45626,<=50K
3,2043,<=50K
3,9650,<=50K
3,30128,<=50K
3,10554,<=50K
3,38916,>50K
3,11873,<=50K
3,17779,<=50K
3,45984,<=50K
3,13247,<=50K
3,8576,<=50K
3,16092,<=50K
3,46208,<=50K
3,25283,<=50K
3,38139,<=50K
3,37027,<=50K
3,9862,<=50K
3,44573,<=50K
3,21488,<=50K
3,39379,<=50K
3,29117,<=50K
3,26727,<=50K
3,14210,>50K
3,25128,<=50K
3,28796,<=50K
3,38135,<=50K
3,12325,>50K
3,26023,<=50K
3,7132,<=50K
3,14754,>50K
3,1749,<=50K
3,26626,<=50K
3,36103,<=50K
3,16586,<=50K
3,35503,<=50K
3,25071,<=50K
3,26827,>50K
3,7376,<=50K
3,37873,<=50K
3,2445,<=50K
3,20197,<=50K
3,39976,<=50K
3,45342,>50K
3,14582,>50K
3,13932,<=50K
3,42273,>50K
3,44411,>50K
3,1163,<=50K
3,17125,<=50K
3,37658,<=50K
3,35368,<=50K
3,36242,<=50K
3,5731,<=50K
3,30416,<=50K
3,34203,>50K
3,231,<=50K
3,20285,<=50K
3,11858,>50K
3,34438,<=50K
3,23684,<=50K
3,11464,<=50K
3,24689,<=50K
3,47593,>50K
3,43729,<=50K
3,10514,<=50K
3,3845,<=50K
3,4850,>50K
3,17674,<=50K
3,5962,>50K
3,871,<=50K
3,42263,<=50K
3,3569,<=50K
3,19358,>50K
3,43208,>50K
3,17902,<=50K
3,30183,>50K
3,18882,<=50K
3,33434,<=50K
3,13674,<=50K
3,13712,<=50K
3,642,<=50K
3,17352,<=50K
3,7225,<=50K
3,32462,<=50K
3,43296,>50K
3,5159,<=50K
3,37938,<=50K
3,32012,<=50K
3,14900,>50K
3,13445,>50K
3,44795,<=50K
3,45789,<=50K
3,30196,<=50K
3,2690,<=50K
3,44960,<=50K
3,36636,<=50K
3,23646,<=50K
3,9044,<=50K
3,33684,<=50K
3,31232,<=50K
3,32030,<=50K
3,21898,<=50K
3,48282,<=50K
3,19612,<=50K
3,6648,>50K
3,28974,<=50K
3,32974,<=50K
3,40849,<=50K
3,8121,<=50K
3,43116,<=50K
3,34037,>50K
3,35401,<=50K
3,32715,<=50K
3,21392,<=50K
3,7185,<=50K
3,26862,<=50K
3,17542,<=50K
3,34376,<=50K
3,19533,<=50K
3,3464,<=50K
3,683,<=50K
3,12935,<=50K
3,17173,<=50K
3,11991,<=50K
3,6868,<=50K
3,14725,<=50K
3,6984,>50K
3,14398,>50K
3,1508,<=50K
3,41420,<=50K
3,47594,<=50K
3,44134,<=50K
3,42142,<=50K
3,20372,<=50K
3,47139,<=50K
3,30712,<=50K
3,3816,>50K
3,1666,<=50K
3,4302,<=50K
3,30211,<=50K
3,9208,<=50K
3,11946,<=50K
3,17789,<=50K
3,24536,<=50K
3,40131,>50K
3,1886,<=50K
3,42358,>50K
3,28331,>50K
3,7664,<=50K
3,41347,>50K
3,33309,<=50K
3,37540,>50K
3,14432,<=50K
3,35165,<=50K
3,15066,>50K
3,25346,<=50K
3,22714,<=50K
3,36898,<=50K
3,163,<=50K
3,15680,<=50K
3,14639,<=50K
3,21024,>50K
3,18529,<=50K
3,11083,<=50K
3,712,>50K
3,47567,<=50K
3,17536,<=50K
3,30780,<=50K
3,4774,>50K
3,41962,>50K
3,915,<=50K
3,1984,<=50K
3,35515,<=50K
3,48572,<=50K
3,2193,<=50K
3,14843,<=50K
3,42310,<=50K
3,31846,<=50K
3,14022,<=50K
3,47855,<=50K
3,42874,>50K
3,14112,<=50K
3,3242,<=50K
3,37796,>50K
3,6471,<=50K
3,41952,<=50K
3,47657,<=50K
3,2871,<=50K
3,33012,<=50K
3,208,<=50K
3,7560,<=50K
3,40566,<=50K
3,9541,>50K
3,42118,<=50K
3,43052,<=50K
3,24328,>50K
3,37804,<=50K
3,19593,>50K
3,12654,<=50K
3,10787,<=50K
3,44183,<=50K
3,14626,<=50K
3,16252,<=50K
3,45620,<=50K
3,9670,<=50K
3,39470,<=50K
3,41261,<=50K
3,19308,<=50K
3,30385,<=50K
3,2169,>50K
3,23108,<=50K
3,34840,<=50K
3,6460,<=50K
3,17549,<=50K
3,42614,>50K
3,33793,<=50K
3,28249,<=50K
3,47676,<=50K
3,24686,<=50K
3,5932,<=50K
3,1572,<=50K
3,48281,<=50K
3,30043,<=50K
3,47688,>50K
3,26530,>50K
3,7563,>50K
3,30881,<=50K
3,9435,<=50K
3,43687,<=50K
3,875,<=50K
3,7271,<=50K
3,37884,>50K
3,26401,>50K
3,44635,<=50K
3,45500,<=50K
3,43017,<=50K
3,16456,<=50K
3,31080,<=50K
3,9632,<=50K
3,18819,<=50K
3,46243,<=50K
3,39363,<=50K
3,28350,<=50K
3,14204,<=50K
3,33137,<=50K
3,40607,<=50K
3,34559,<=50K
3,26369,<=50K
3,41185,>50K
3,37013,>50K
3,39436,<=50K
3,9714,>50K
3,21728,<=50K
3,32852,<=50K
3,48315,<=50K
3,32415,<=50K
3,41558,<=50K
3,1443,<=50K
3,6401,<=50K
3,14950,<=50K
3,2652,<=50K
3,33200,>50K
3,25425,<=50K
3,8436,<=50K
3,39518,>50K
3,8448,<=50K
3,8943,<=50K
3,21194,<=50K
3,23163,<=50K
3,9441,<=50K
3,26652,>50K
3,1598,<=50K
3,13289,<=50K
3,3311,<=50K
3,14286,<=50K
3,2900,<=50K
3,8207,<=50K
3,31937,<=50K
3,24307,<=50K
3,13468,<=50K
3,19837,<=50K
3,30453,<=50K
3,15508,<=50K
3,45715,<=50K
3,12947,<=50K
3,47310,>50K
3,24361,>50K
3,9477,<=50K
3,21191,<=50K
3,7284,<=50K
3,27909,<=50K
3,28032,<=50K
3,35348,<=50K
3,18137,<=50K
3,45422,<=50K
3,37952,<=50K
3,11854,<=50K
3,13463,>50K
3,19416,>50K
3,10747,<=50K
3,9149,<=50K
3,18711,<=50K
3,2514,<=50K
3,17583,<=50K
3,15134,<=50K
3,13583,<=50K
3,24491,>50K
3,13314,<=50K
3,16492,<=50K
3,48836,>50K
3,5394,<=50K
3,21197,<=50K
3,31571,>50K
3,44444,<=50K
3,40885,>50K
3,38983,<=50K
3,34575,<=50K
3,38183,<=50K
3,29737,>50K
3,7618,<=50K
3,22291,<=50K
3,16223,<=50K
3,46227,<=50K
3,22347,<=50K
3,29911,<=50K
3,24892,<=50K
3,20202,<=50K
3,33971,>50K
3,26772,<=50K
3,30893,<=50K
3,38419,<=50K
3,19186,<=50K
3,30527,<=50K
3,32532,<=50K
3,24645,>50K
3,25594,<=50K
3,4358,<=50K
3,11932,>50K
3,29560,<=50K
3,10058,<=50K
3,29957,>50K
3,48541,<=50K
3,38245,<=50K
3,11340,<=50K
3,13096,<=50K
3,9776,<=50K
3,2504,<=50K
3,42997,<=50K
3,21980,<=50K
3,29881,>50K
3,10534,<=50K
3,34382,<=50K
3,21887,<=50K
3,28725,<=50K
3,44313,<=50K
3,1438,>50K
3,17224,>50K
3,5094,>50K
3,5851,<=50K
3,40034,>50K
3,34595,<=50K
3,13421,>50K
3,47526,<=50K
3,19801,<=50K
3,20614,>50K
3,7338,<=50K
3,22827,<=50K
3,4650,>50K
3,14172,<=50K
3,3414,<=50K
3,20881,>50K
3,9795,<=50K
3,28658,>50K
3,48620,<=50K
3,46779,<=50K
3,22679,>50K
3,28597,<=50K
3,26373,<=50K
3,48374,>50K
3,12598,<=50K
3,17861,<=50K
3,28935,<=50K
3,29916,<=50K
3,30049,<=50K
3,41411,<=50K
3,39606,>50K
3,17015,<=50K
3,34381,<=50K
3,43107,>50K
3,48588,<=50K
3,16611,<=50K
3,9694,<=50K
3,45525,>50K
3,13254,<=50K
3,47644,<=50K
3,39098,<=50K
3,6997,<=50K
3,17924,>50K
3,23152,<=50K
3,31469,>50K
3,8209,<=50K
3,37696,>50K
3,23181,<=50K
3,33722,<=50K
3,32181,<=50K
3,31250,<=50K
3,32232,<=50K
3,8289,<=50K
3,3277,<=50K
3,25039,<=50K
3,21026,<=50K
3,3210,<=50K
3,48525,<=50K
3,43802,<=50K
3,30787,<=50K
3,5919,>50K
3,22551,>50K
3,6652,<=50K
3,22627,<=50K
3,38666,>50K
3,36107,<=50K
3,41179,<=50K
3,29741,<=50K
3,30885,<=50K
3,43219,<=50K
3,22852,<=50K
3,28537,>50K
3,18075,<=50K
3,21010,<=50K
3,7856,<=50K
3,23426,<=50K
3,34773,<=50K
3,36681,<=50K
3,8814,<=50K
3,22997,<=50K
3,29955,<=50K
3,17218,<=50K
3,30476,>50K
3,23690,<=50K
3,10593,<=50K
3,14364,>50K
3,37061,<=50K
3,1253,<=50K
3,40233,<=50K
3,16821,<=50K
3,3101,<=50K
3,21123,<=50K
3,43921,>50K
3,26144,<=50K
3,2723,<=50K
3,11459,<=50K
3,27187,<=50K
3,31242,>50K
3,47721,<=50K
3,28761,>50K
3,22390,<=50K
3,27682,<=50K
3,25250,<=50K
3,32148,<=50K
3,15947,<=50K
3,47001,<=50K
3,27011,>50K
3,6575,<=50K
3,15917,<=50K
3,28035,>50K
3,6619,<=50K
3,10186,>50K
3,21812,>50K
3,39421,<=50K
3,40309,<=50K
3,4046,<=50K
3,48378,<=50K
3,11240,<=50K
3,1673,<=50K
3,22957,>50K
3,26801,<=50K
3,2072,<=50K
3,14730,<=50K
3,4782,>50K
3,11212,<=50K
3,4280,>50K
3,11979,<=50K
3,22850,<=50K
3,15638,<=50K
3,18102,<=50K
3,29904,<=50K
3,33051,<=50K
3,3344,<=50K
3,43767,<=50K
3,40318,>50K
3,15167,<=50K
3,7085,<=50K
3,26248,>50K
3,27425,<=50K
3,31513,<=50K
3,34819,<=50K
3,12124,<=50K
3,44712,<=50K
3,44768,<=50K
3,40102,<=50K
3,11439,<=50K
3,14494,<=50K
3,36401,<=50K
3,18140,<=50K
3,46646,<=50K
3,25167,>50K
3,36371,<=50K
3,46764,>50K
3,46,<=50K
3,19693,<=50K
3,22755,<=50K
3,8492,<=50K
3,47570,>50K
3,41936,<=50K
3,43298,>50K
3,17592,>50K
3,21107,>50K
3,5364,<=50K
3,43948,<=50K
3,7929,>50K
3,37965,<=50K
3,21987,>50K
3,46786,<=50K
3,2867,<=50K
3,28900,<=50K
3,5991,<=50K
3,37425,<=50K
3,34299,<=50K
3,6448,<=50K
3,28244,>50K
3,31951,>50K
3,8557,<=50K
3,38261,<=50K
3,21536,<=50K
3,5893,<=50K
3,47872,<=50K
3,13902,<=50K
3,39502,<=50K
3,15786,>50K
3,26676,<=50K
3,25149,<=50K
3,3782,<=50K
3,47078,<=50K
3,8773,<=50K
3,1552,<=50K
3,46688,<=50K
3,24506,>50K
3,46801,<=50K
3,47059,<=50K
3,29001,<=50K
3,41336,<=50K
3,20135,<=50K
3,47541,<=50K
3,26282,<=50K
3,36716,<=50K
3,20447,>50K
3,41611,<=50K
3,37074,<=50K
3,5486,>50K
3,48674,<=50K
3,299,>50K
3,20859,>50K
3,44918,>50K
3,25819,<=50K
3,16998,<=50K
3,11890,<=50K
3,42169,<=50K
3,17002,<=50K
3,2408,>50K
3,15108,<=50K
3,32938,>50K
3,31400,>50K
3,1264,<=50K
3,37306,<=50K
3,46453,<=50K
3,47386,>50K
3,2631,>50K
3,1250,<=50K
3,40140,<=50K
3,47348,<=50K
3,28201,>50K
3,30796,<=50K
3,5405,<=50K
3,44179,<=50K
3,6112,<=50K
3,31631,>50K
3,43808,<=50K
3,25018,<=50K
3,28273,>50K
3,7751,<=50K
3,4355,<=50K
3,15340,>50K
3,46144,<=50K
3,17281,>50K
3,43300,<=50K
3,15053,<=50K
3,9352,<=50K
3,47851,<=50K
3,27174,<=50K
3,22354,<=50K
3,404,<=50K
3,37073,<=50K
3,43564,>50K
3,3698,<=50K
3,27515,>50K
3,31257,<=50K
3,36624,<=50K
3,28122,<=50K
3,43226,<=50K
3,34066,<=50K
3,29512,<=50K
3,21733,<=50K
3,26808,<=50K
3,267,<=50K
3,44034,<=50K
3,11820,<=50K
3,31815,<=50K
3,33035,<=50K
3,47901,<=50K
3,5243,>50K
3,31856,<=50K
3,35898,<=50K
3,11777,<=50K
3,38887,<=50K
3,7133,<=50K
3,29436,<=50K
3,42645,>50K
3,47961,<=50K
3,15699,<=50K
3,44770,<=50K
3,29251,<=50K
3,37893,<=50K
3,12004,<=50K
3,910,<=50K
3,16686,<=50K
3,17100,<=50K
3,22175,<=50K
3,44418,>50K
3,47426,>50K
3,45245,>50K
3,3134,<=50K
3,41319,>50K
3,16685,<=50K
3,42216,<=50K
3,15220,>50K
3,8834,<=50K
3,19642,>50K
3,3369,<=50K
3,21624,<=50K
3,30377,<=50K
3,5223,<=50K
3,11219,<=50K
3,36220,>50K
3,43689,<=50K
3,10752,<=50K
3,1270,<=50K
3,33690,<=50K
3,14924,>50K
3,2819,>50K
3,21676,>50K
3,15972,<=50K
3,6337,<=50K
3,32918,<=50K
3,31864,<=50K
3,25565,<=50K
3,20026,<=50K
3,8208,<=50K
3,46230,<=50K
3,33417,>50K
3,22297,<=50K
3,26551,>50K
3,32433,<=50K
3,12994,<=50K
3,43585,<=50K
3,34865,<=50K
3,43181,>50K
3,29122,<=50K
3,19466,<=50K
3,31362,<=50K
3,4891,<=50K
3,47533,<=50K
3,30917,<=50K
3,40215,<=50K
3,46257,<=50K
3,40603,>50K
3,48512,>50K
3,38584,<=50K
3,35869,<=50K
3,11388,<=50K
3,34980,<=50K
3,23208,<=50K
3,18156,<=50K
3,25370,<=50K
3,44535,<=50K
3,26757,<=50K
3,17484,<=50K
3,1372,<=50K
3,28096,<=50K
3,23695,>50K
3,20330,<=50K
3,9609,<=50K
3,36124,>50K
3,20558,<=50K
3,21942,<=50K
3,27510,<=50K
3,48787,<=50K
3,11688,<=50K
3,34665,<=50K
3,46134,>50K
3,20385,<=50K
3,28001,<=50K
3,22164,>50K
3,24734,<=50K
3,47830,>50K
4,40343,0
4,47681,2
4,525,2
4,8509,1
4,31693,2
4,1352,3
4,6632,3
4,8759,1
4,11489,1
4,28522,2
4,38547,3
4,39376,0
4,33435,0
4,30361,0
4,27533,1
4,29074,1
4,33957,3
4,8411,2
4,33189,0
4,22117,3
4,18200,2
4,40592,3
4,45550,2
4,2272,0
4,20801,0
4,9343,0
4,3906,0
4,14960,3
4,8564,0
4,31391,1
4,14462,1
4,28399,2
4,22111,0
4,21620,0
4,40199,1
4,26048,3
4,9864,3
4,35998,3
4,35731,3
4,22659,1
4,30036,3
4,5002,0
4,1740,3
4,38285,3
4,44617,3
4,29837,3
4,34200,2
4,41421,3
4,1593,3
4,38372,1
4,17915,1
4,25534,0
4,17616,0
4,10776,1
4,14792,0
4,22984,3
4,34672,1
4,30313,1
4,7542,3
4,25507,2
4,30945,1
4,45325,0
4,42513,3
4,20527,2
4,11389,1
4,46244,1
4,37798,0
4,24001,0
4,15125,2
4,5806,3
4,29069,2
4,32446,3
4,25836,2
4,34383,0
4,18319,1
4,21959,0
4,16505,0
4,36309,3
4,38119,3
4,38440,1
4,42248,3
4,26573,1
4,7439,1
4,6019,1
4,35874,2
4,42246,3
4,18774,1
4,38145,1
4,6306,0
4,40210,1
4,6731,0
4,25844,3
4,21145,2
4,45751,1
4,27577,1
4,9383,0
4,46791,1
4,47306,1
4,3699,0
4,41538,3
4,785,0
4,5025,3
4,42587,3
4,18268,3
4,35650,1
4,35779,3
4,7421,1
4,20656,3
4,6598,3
4,30185,0
4,29105,3
4,40969,0
4,2983,0
4,38646,1
4,23704,0
4,22330,0
4,30523,1
4,28279,3
4,47616,3
4,2896,3
4,31976,0
4,30703,3
4,7083,2
4,38611,2
4,27716,1
4,9116,0
4,10504,3
4,40919,3
4,3599,3
4,8673,1
4,20417,0
4,43360,1
4,45560,0
4,46553,2
4,8440,3
4,48079,1
4,46633,1
4,20029,0
4,12375,1
4,21816,0
4,29519,0
4,21819,2
4,17204,1
4,39097,1
4,27138,0
4,28048,1
4,24309,3
4,14014,1
4,39823,2
4,17643,1
4,25638,1
4,187,1
4,25877,2
4,15985,3
4,6663,3
4,47838,3
4,48039,0
4,45549,1
4,16563,2
4,37298,0
4,18012,3
4,44672,1
4,4150,1
4,22421,1
4,13531,0
4,18407,3
4,15575,1
4,7632,2
4,32575,0
4,7209,2
4,45575,1
4,25428,3
4,11208,3
4,47698,0
4,22608,0
4,22444,3
4,31263,3
4,27263,0
4,10520,1
4,17284,2
4,29143,0
4,23473,3
4,41470,2
4,3652,2
4,33724,3
4,40522,3
4,13917,2
4,8591,0
4,7995,1
4,20897,1
4,21317,0
4,39478,3
4,31706,0
4,37692,0
4,32703,2
4,8710,3
4,2817,0
4,36191,1
4,28770,1
4,34561,3
4,13349,0
4,44706,0
4,10428,0
4,42848,0
4,28456,2
4,45433,2
4,2382,1
4,21795,3
4,2285,3
4,48127,1
4,14013,3
4,4708,3
4,43821,0
4,48755,2
4,21829,3
4,35091,3
4,24346,2
4,22270,1
4,15651,3
4,10439,2
4,5490,2
4,37722,3
4,19211,1
4,14385,1
4,22996,3
4,48119,0
4,4935,0
4,48694,0
4,36934,2
4,24251,0
4,15937,0
4,40502,3
4,607,0
4,7761,2
4,29636,0
4,17384,3
4,32390,1
4,11132,3
4,4443,0
4,11751,1
4,4947,0
4,11443,0
4,14975,1
4,19791,3
4,35231,0
4,37903,1
4,37507,0
4,44385,3
4,39614,1
4,46844,3
4,32109,1
4,2457,3
4,20624,3
4,32899,2
4,24475,0
4,14270,3
4,20437,0
4,7153,0
4,45651,0
4,17773,3
4,33776,1
4,19867,0
4,15745,0
4,11456,3
4,42126,1
4,32122,1
4,7567,0
4,26983,3
4,21053,2
4,32874,1
4,7959,1
4,37526,2
4,16613,0
4,45849,1
4,26389,0
4,25141,1
4,27816,3
4,34733,1
4,42046,3
4,3525,3
4,8913,2
4,27741,1
4,28268,0
4,16436,0
4,35703,1
4,47154,3
4,25155,0
4,39929,2
4,1133,1
4,27714,3
4,29672,3
4,11259,3
4,8115,0
4,17826,0
4,45567,3
4,41294,3
4,35636,3
4,10384,0
4,18323,0
4,31389,2
4,12520,3
4,15627,1
4,41525,3
4,34232,3
4,19289,3
4,48393,1
4,46470,2
4,3554,2
4,20055,0
4,30759,2
4,1073,1
4,37901,1
4,38865,1
4,16103,3
4,26486,0
4,35254,1
4,7785,0
4,12196,0
4,40569,1
4,35793,1
4,5507,3
4,42063,0
4,44195,0
4,42354,3
4,27855,0
4,13300,3
4,4930,3
4,47989,1
4,16861,1
4,22497,3
4,54,0
4,2964,1
4,33535,1
4,6478,3
4,36783,0
4,24278,1
4,46366,3
4,14840,3
4,38360,3
4,29683,1
4,22887,2
4,538,1
4,4110,1
4,7473,2
4,6915,1
4,25388,0
4,7521,1
4,34255,3
4,22334,2
4,972,3
4,43561,0
4,47910,2
4,18581,0
4,39435,0
4,35371,2
4,21810,2
4,34041,2
4,46575,2
4,43080,1
4,17454,1
4,7818,3
4,8840,0
4,22977,0
4,39447,1
4,33466,3
4,2968,1
4,38471,2
4,19194,0
4,10075,1
4,15977,0
4,17799,0
4,30414,1
4,20879,3
4,48313,3
4,9637,0
4,22452,3
4,7346,0
4,17568,3
4,15382,3
4,18827,3
4,2146,3
4,21066,3
4,3421,1
4,1930,0
4,21487,3
4,40678,0
4,26002,2
4,23974,2
4,1630,2
4,34883,1
4,2630,0
4,22513,0
4,31013,2
4,12379,3
4,2014,0
4,43310,1
4,32471,0
4,17377,3
4,24584,0
4,45917,3
4,48654,3
4,33539,1
4,28869,3
4,26739,3
4,37320,1
4,24706,2
4,204,2
4,6865,3
4,38088,2
4,44203,0
4,12240,3
4,48200,1
4,34272,0
4,27585,1
4,45097,2
4,47202,0
4,27507,3
4,40834,2
4,37981,0
4,5889,0
4,4864,3
4,27717,2
4,42391,1
4,18170,0
4,34713,3
4,7198,0
4,26966,0
4,19417,1
4,15236,0
4,32013,3
4,24827,3
4,11018,0
4,37192,3
4,3206,3
4,11763,0
4,47983,1
4,8136,0
4,46938,0
4,39337,3
4,45218,1
4,32681,0
4,26999,3
4,4331,0
4,2740,2
4,6220,0
4,35199,1
4,43396,0
4,9626,0
4,43865,1
4,16303,0
4,24350,0
4,21447,0
4,24929,3
4,38641,3
4,13603,1
4,47613,2
4,15164,1
4,13683,3
4,34168,3
4,22027,1
4,35788,3
4,45420,3
4,8636,0
4,39621,2
4,39433,1
4,38968,3
4,2843,1
4,43232,2
4,3119,3
4,34563,1
4,13003,3
4,18810,3
4,28016,0
4,37835,3
4,24760,2
4,24061,0
4,10886,1
4,36751,0
4,1361,3
4,25742,2
4,30558,0
4,26286,0
4,9471,3
4,29080,2
4,48156,1
4,47750,3
4,45368,3
4,30356,0
4,2248,3
4,8188,3
4,28586,1
4,27572,1
4,23639,1
4,1085,0
4,11693,1
4,29323,0
4,38586,0
4,6106,1
4,39212,1
4,10054,1
4,9560,3
4,46457,0
4,19301,3
4,35880,0
4,34141,1
4,12172,1
4,5672,3
4,22342,0
4,29684,0
4,31340,1
4,40118,1
4,9240,0
4,37420,1
4,23462,3
4,15383,0
4,46163,0
4,16645,3
4,13865,3
4,14570,2
4,31205,0
4,17158,1
4,30471,0
4,399,3
4,33515,0
4,10628,3
4,48306,3
4,35193,3
4,39372,2
4,5161,1
4,43765,0
4,38258,3
4,1323,0
4,15969,2
4,42418,3
4,21262,0
4,10966,0
4,12411,0
4,39284,3
4,11814,3
4,26488,0
4,31036,0
4,23150,0
4,38374,2
4,15739,3
4,42032,3
4,30546,1
4,44299,3
4,32141,0
4,5895,0
4,33726,3
4,26643,0
4,4370,3
4,29427,3
4,18025,0
4,10358,1
4,14228,0
4,33917,0
4,34219,1
4,21710,1
4,17916,1
4,33073,2
4,10789,0
4,34932,2
4,39099,3
4,32094,3
4,34881,0
4,44713,2
4,1869,3
4,34073,0
4,5743,3
4,9696,3
4,18756,1
4,8883,3
4,30213,3
4,10449,0
4,5213,2
4,1818,3
4,18256,3
4,17846,2
4,42637,2
4,42052,3
4,30320,2
4,39868,0
4,5858,1
4,6398,3
4,27438,3
4,9724,0
4,19739,0
4,41696,3
4,8629,1
4,10543,3
4,46146,0
4,34617,1
4,5412,1
4,33922,0
4,2537,0
4,44111,2
4,33017,0
4,18261,2
4,6816,3
4,22647,2
4,30910,2
4,35963,1
4,4895,0
4,38973,1
4,27783,0
4,40939,1
4,34789,2
4,10459,3
4,26145,2
4,40567,3
4,29791,3
4,3147,1
4,32725,2
4,20807,3
4,31950,2
4,36042,0
4,13786,0
4,37273,0
4,40526,0
4,1312,0
4,20868,0
4,12980,0
4,4656,1
4,2701,1
4,48016,1
4,31639,1
4,24395,0
4,35562,3
4,21846,3
4,23288,1
4,26165,2
4,1351,1
4,20203,1
4,37488,3
4,1545,1
4,41025,1
4,38197,1
4,36674,3
4,25025,2
4,37838,3
4,6920,1
4,39752,0
4,42028,3
4,46957,0
4,11357,3
4,39475,3
4,27609,2
4,37023,1
4,36116,2
4,40738,3
4,4422,2
4,11671,1
4,35743,0
4,40196,0
4,48766,3
4,44773,1
4,5158,3
4,28379,0
4,8717,2
4,47824,1
4,15562,3
4,6154,0
4,21591,1
4,15541,1
4,46089,0
4,47418,2
4,6847,2
4,24459,1
4,38005,3
4,26192,0
4,28386,0
4,48621,1
4,19294,3
4,22903,3
4,26436,0
4,23099,1
4,25993,0
4,47196,0
4,31522,1
4,39302,1
4,7310,1
4,41039,3
4,31555,1
4,25730,2
4,38207,1
4,42762,1
4,1532,3
4,34153,3
4,29846,1
4,36614,1
4,14117,2
4,11103,1
4,22295,3
4,10884,0
4,20488,1
4,5414,3
4,36336,3
4,37230,1
4,1355,3
4,36417,0
4,31385,1
4,24987,2
4,36754,2
4,20068,3
4,15866,3
4,29328,3
4,46619,1
4,13512,2
4,13380,0
4,5055,3
4,33100,2
4,31594,0
4,4225,3
4,32332,3
4,23438,3
4,39483,3
4,34885,0
4,22572,3
4,38676,1
4,746,1
4,21160,3
4,11207,3
4,4861,1
4,14302,1
4,29547,1
4,7712,3
4,37429,1
4,7020,1
4,21582,1
4,38659,1
4,25452,0
4,10901,0
4,40972,1
4,32596,2
4,35567,2
4,28316,3
4,27119,0
4,16305,1
4,43671,2
4,17707,1
4,26157,2
4,17248,3
4,13602,3
4,7073,1
4,1771,3
4,30220,1
4,19202,1
4,14079,1
4,37957,1
4,48092,0
4,19901,3
4,31369,3
4,42805,0
4,17697,2
4,38473,3
4,45256,2
4,31988,3
4,10816,3
4,28529,1
4,11255,3
4,31289,3
4,12757,1
4,46493,3
4,11429,3
4,10519,3
4,42341,1
4,24936,2
4,26917,2
4,39022,3
4,6413,2
4,32080,1
4,28591,3
4,37617,1
4,7300,1
4,35942,1
4,24079,3
4,16805,2
4,31804,1
4,43814,3
4,5258,1
4,43719,3
4,2292,3
4,21377,2
4,27684,3
4,672,0
4,48028,1
4,234,3
4,26388,0
4,3502,0
4,43816,1
4,27082,2
4,9012,3
4,38581,2
4,9573,0
4,15435,3
4,38965,1
4,33076,0
4,37635,0
4,16059,1
4,10556,3
4,3194,3
4,32459,3
4,35184,3
4,39274,1
4,2215,0
4,28087,1
4,30870,2
4,929,1
4,22256,1
4,37547,0
4,32218,0
4,13572,2
4,2341,3
4,27123,1
4,42334,1
4,28225,2
4,39616,2
4,24165,1
4,18523,1
4,30367,1
4,14277,1
4,9002,1
4,12386,3
4,22060,0
4,17190,1
4,38743,0
4,22120,0
4,34285,2
4,41325,1
4,22915,3
4,30126,1
4,15934,3
4,487,1
4,1139,1
4,48524,1
4,30387,1
4,10987,1
4,38287,3
4,12614,3
4,36620,2
4,7289,1
4,32258,1
4,37201,1
4,28213,1
4,5059,3
4,48797,2
4,11373,3
4,48081,3
4,5256,1
4,40342,3
4,153,1
4,10380,3
4,5365,0
4,1146,0
4,16472,1
4,29402,3
4,43089,1
4,36885,1
4,25689,1
4,39256,1
4,8305,2
4,4102,0
4,18913,3
4,23223,2
4,39515,1
4,46743,0
4,36083,0
4,43336,1
4,4259,1
4,37865,3
4,12200,1
4,36245,3
4,33611,3
4,35487,1
4,3625,3
4,2662,1
4,43705,2
4,14629,0
4,4138,3
4,9109,2
4,35605,3
4,37443,3
4,25673,1
4,27693,1
4,31538,0
4,11462,2
4,29817,1
4,3657,2
4,9616,3
4,39657,0
4,33486,0
4,22946,2
4,48432,2
4,4578,2
4,638,0
4,4694,1
4,11510,1
4,22800,1
4,9493,1
4,18398,1
4,42254,3
4,12962,0
4,48123,1
4,38915,0
4,25700,3
4,34948,2
4,40879,2
4,28375,0
4,9557,3
4,33891,3
4,3682,2
4,8375,1
4,2026,1
4,3735,3
4,19341,1
4,39557,1
4,32413,0
4,33483,2
4,14992,3
4,14232,2
4,37440,0
4,8441,3
4,3640,1
4,32305,0
4,45624,0
4,9527,3
4,35090,0
4,22652,0
4,12144,3
4,40155,3
4,42656,0
4,26820,3
4,26703,0
4,43390,3
4,11141,0
4,8839,3
4,6479,0
4,24489,3
4,13947,0
4,18403,1
4,19744,1
4,426,0
4,48822,2
4,2549,2
4,14923,2
4,16324,3
4,20120,3
4,4688,0
4,34537,3
4,14820,1
4,10498,3
4,6484,1
4,5660,3
4,9757,3
4,666,0
4,35510,0
4,5469,3
4,17780,3
4,524,1
4,4993,0
4,23711,3
4,44010,1
4,42425,0
4,36938,0
4,8017,2
4,33274,1
4,23871,2
4,9225,0
4,38011,3
4,18177,2
4,33954,3
4,42410,2
4,24012,0
4,42566,0
4,807,1
4,13730,3
4,2518,0
4,28677,3
4,11163,1
4,2838,2
4,45323,1
4,9700,1
4,28102,2
4,9706,1
4,48481,1
4,4512,1
4,42307,1
4,48152,1
4,12891,3
4,21758,0
4,27474,0
4,4955,0
4,36062,0
4,30775,3
4,42585,0
4,25027,2
4,32464,1
4,37503,0
4,6162,1
4,14007,1
4,35904,1
4,472,2
4,47795,3
4,14194,3
4,14734,3
4,2627,3
4,7497,2
4,4129,3
4,1028,0
4,7259,0
4,35815,3
4,14989,1
4,35971,1
4,4339,3
4,43275,1
4,24057,1
4,30288,0
4,15055,1
4,4130,3
4,41833,1
4,44397,2
4,43334,1
4,46795,0
4,7448,2
4,33002,1
4,38213,1
4,48380,1
4,12764,3
4,7255,1
4,33748,0
4,12091,3
4,22846,0
4,46086,1
4,9738,1
4,48828,3
4,12778,0
4,30474,2
4,43244,3
4,17175,3
4,32163,0
4,34974,1
4,43514,3
4,5721,3
4,41073,0
4,39609,2
4,258,0
4,21572,0
4,7809,1
4,13430,2
4,19656,1
4,8815,1
4,6543,2
4,46487,3
4,48069,3
4,48385,0
4,10451,2
4,10464,1
4,15330,1
4,28686,1
4,31938,3
4,13449,3
4,26602,1
4,27363,1
4,17793,0
4,43227,1
4,1969,1
4,31262,0
4,31421,0
4,20051,0
4,32908,1
4,41117,3
4,28703,0
4,29612,0
4,18663,1
4,9611,3
4,23053,1
4,5108,1
4,33908,3
4,25393,2
4,28097,3
4,46708,3
4,15994,3
4,13073,2
4,48684,1
4,28742,1
4,16182,3
4,19561,3
4,10284,1
4,25434,2
4,30165,3
4,4087,0
4,3786,3
4,14538,0
4,31755,1
4,4043,1
4,35317,3
4,965,3
4,16348,0
4,877,3
4,10876,3
4,34251,3
4,15032,2
4,26069,0
4,11664,2
4,39533,3
4,37566,1
4,31980,3
4,2640,1
4,6610,1
4,45153,1
4,25028,3
4,47743,1
4,10989,0
4,23131,2
4,28413,1
4,24277,3
4,46559,0
4,39746,3
4,3601,3
4,31430,0
4,16072,0
4,15653,1
4,22203,0
4,14511,3
4,29274,0
4,23648,1
4,42168,1
4,34309,3
4,47395,0
4,9266,3
4,41229,0
4,16908,3
4,558,3
4,24402,1
4,42281,1
4,41561,0
4,14381,0
4,22046,3
4,31925,0
4,43252,0
4,44471,3
4,2135,2
4,33060,3
4,44292,0
4,4141,0
4,23589,1
4,26580,2
4,36558,2
4,24502,0
4,11861,1
4,14481,0
4,48496,2
4,44739,2
4,34933,0
4,39477,2
4,27001,3
4,41046,0
4,4159,0
4,7285,2
4,17012,0
4,22153,2
4,43495,3
4,19065,2
4,26752,3
4,42399,0
4,248,3
4,9201,1
4,30672,0
4,21998,0
4,2988,3
4,38246,0
4,44522,1
4,4487,0
4,12110,2
4,4778,0
4,45222,3
4,12319,0
4,40336,0
4,16270,1
4,8429,2
4,39773,3
4,17458,0
4,18708,3
4,27766,0
4,47722,1
4,8340,3
4,27442,1
4,22206,3
4,9468,1
4,23297,1
4,3471,1
4,41970,3
4,44952,0
4,10900,0
4,24182,0
4,3670,0
4,27109,1
4,28750,3
4,28969,3
4,48160,3
4,24889,0
4,17891,0
4,22482,3
4,7303,0
4,43749,3
4,4354,2
4,29493,0
4,21236,3
4,33098,2
4,35813,3
4,19342,0
4,24189,3
4,27299,1
4,20789,1
4,12458,3
4,31670,3
4,31410,0
4,25029,0
4,48171,1
4,22162,1
4,9287,0
4,42234,3
4,15360,3
4,42433,2
4,44330,1
4,22043,3
4,41469,2
4,43830,1
4,12330,1
4,17453,0
4,14295,3
4,7180,1
4,20179,0
4,43036,1
4,37612,0
4,13343,1
4,15205,3
4,27460,0
4,38986,0
4,21486,1
4,44510,2
4,12099,1
4,39257,1
4,6173,3
4,3415,1
4,5289,2
4,25293,1
4,14072,1
4,5216,0
4,46085,3
4,40445,3
4,19107,3
4,28450,2
4,2678,1
4,22703,3
4,14598,1
4,18495,0
4,6855,3
4,30284,0
4,46175,1
4,22722,1
4,26661,2
4,40337,1
4,16801,3
4,31422,1
4,9910,3
4,39711,0
4,18151,3
4,37825,2
4,162,3
4,30112,3
4,8841,1
4,25223,3
4,15726,3
4,24090,3
4,22101,0
4,17333,3
4,43418,1
4,45582,3
4,24437,0
4,41608,0
4,11182,2
4,28292,2
4,36949,3
4,3189,1
4,44793,3
4,5931,1
4,1111,3
4,38752,3
4,23463,0
4,30929,1
4,2978,2
4,17540,2
4,36725,0
4,13187,2
4,27675,2
4,44556,3
4,7307,1
4,25734,0
4,10019,3
4,36919,3
4,37243,1
4,18949,0
4,34020,3
4,23141,3
4,43950,3
4,37551,3
4,8702,1
4,17289,3
4,10286,0
4,1194,1
4,16201,1
4,33502,1
4,42943,3
4,9356,1
4,23831,2
4,47798,2
4,14654,3
4,7501,0
4,9673,0
4,6231,0
4,40740,1
4,25116,2
4,28502,2
4,4844,0
4,19594,1
4,3485,1
4,21875,3
4,16839,0
4,38637,2
4,36994,3
4,18274,3
4,37234,2
4,250,2
4,25187,0
4,20358,1
4,23941,3
4,11299,2
4,14049,3
4,5198,2
4,4769,0
4,12745,0
4,28414,0
4,44741,3
4,24713,1
4,41188,3
4,12783,1
4,45242,3
4,34162,2
4,10890,3
4,41949,1
4,24086,3
4,19950,1
4,7557,0
4,5633,3
4,40209,1
4,44594,1
4,48449,3
4,10871,3
4,29653,1
4,43214,3
4,42351,3
4,37848,2
4,35306,1
4,6716,3
4,8751,1
4,10262,0
4,20796,2
4,24191,1
4,48110,3
4,1090,0
4,1262,1
4,19897,3
4,15012,1
4,15175,0
4,31161,2
4,20557,1
4,15666,0
4,25757,3
4,14191,0
4,46462,1
4,16826,3
4,46123,3
4,24878,3
4,40519,0
4,48536,0
4,22657,1
4,44834,1
4,1151,0
4,5120,0
4,8124,1
4,5323,2
4,1140,3
4,16299,1
4,34021,1
4,17382,0
4,9376,3
4,13202,0
4,47539,0
4,17111,3
4,10562,3
4,10152,0
4,5441,0
4,18657,3
4,46311,1
4,29397,3
4,47050,3
4,44314,1
4,16584,1
4,7429,3
4,44797,1
4,22952,1
4,36575,1
4,43083,0
4,29499,3
4,341,1
4,48510,3
4,15771,3
4,30591,1
4,7576,0
4,18334,0
4,38560,0
4,7653,3
4,28050,0
4,12875,0
4,3721,2
4,23514,3
4,37701,1
4,16257,1
4,40961,3
4,43505,2
4,3953,1
4,15913,0
4,10069,3
4,12858,0
4,16933,3
4,23902,1
4,10329,3
4,39749,3
4,36677,1
4,14116,1
4,35602,0
4,13198,1
4,41625,1
4,40635,3
4,41385,2
4,19120,3
4,11758,0
4,2286,3
4,37758,3
4,48708,0
4,14412,0
4,1772,0
4,15160,2
4,2613,0
4,10191,3
4,5270,0
4,23707,0
4,27642,0
4,24093,3
4,20596,3
4,34663,2
4,30379,1
4,10705,0
4,15126,2
4,25592,3
4,32247,3
4,3849,3
4,40443,3
4,34852,3
4,28930,1
4,48703,0
4,355,1
4,21746,3
4,20804,0
4,20186,0
4,43132,1
4,18035,1
4,46293,3
4,4176,1
4,45760,0
4,9001,2
4,43166,1
4,8027,3
4,34941,2
4,37760,0
4,35026,2
4,37919,3
4,9605,1
4,21954,3
4,5609,0
4,27748,3
4,48447,3
4,35863,2
4,37829,1
4,15275,2
4,7882,3
4,14796,1
4,23279,0
4,38592,3
4,27666,3
4,45825,0
4,31940,2
4,4962,0
4,2865,3
4,14185,2
4,39001,3
4,43243,0
4,3304,1
4,20630,1
4,33288,3
4,35208,0
4,28722,3
4,25589,1
4,29217,2
4,28923,3
4,40747,3
4,4203,3
4,33119,3
4,48686,0
4,34241,0
4,35471,1
4,3731,0
4,37366,2
4,28059,2
4,7276,3
4,6071,0
4,7168,0
4,23936,2
4,26098,0
4,40287,1
4,47701,3
4,33334,3
4,34711,0
4,14095,3
4,7308,0
4,34569,3
4,34930,0
4,35859,2
4,44168,0
4,42342,2
4,26741,3
4,11090,3
4,28638,3
4,14101,1
4,1946,3
4,36884,0
4,12006,3
4,6944,1
4,25197,0
4,11842,0
4,5480,2
4,43245,0
4,19913,0
4,47931,1
4,26238,0
4,29445,2
4,39785,1
4,14568,1
4,20407,2
4,15491,2
4,17578,0
4,38618,0
4,30328,2
4,1236,0
4,48224,2
4,26937,0
4,31933,1
4,18653,2
4,35676,2
4,32814,0
4,21821,3
4,13079,3
4,10731,1
4,27985,3
4,1956,0
4,25918,1
4,35816,0
4,2485,0
4,42212,0
4,38754,3
4,34084,1
4,8625,1
4,40765,3
4,44258,1
4,29844,1
4,27065,0
4,36535,0
4,42123,3
4,38999,2
4,4224,3
4,46926,0
4,14461,3
4,23534,3
4,37266,3
4,16373,1
4,9186,3
4,46689,3
4,17664,2
4,24588,3
4,14123,0
4,16148,1
4,21893,3
4,45165,2
4,12377,3
4,22974,0
4,22667,3
4,20462,1
4,38340,0
4,42140,1
4,37377,1
4,33151,0
4,46783,0
4,25134,3
4,44326,1
4,20998,2
4,22408,0
4,33735,1
4,21590,0
4,20835,0
4,24076,0
4,40565,0
4,364,2
4,46936,1
4,25203,0
4,23060,3
4,42558,3
4,427,0
4,19756,2
4,5988,3
4,39605,2
4,24370,0
4,30616,0
4,1893,2
4,36284,3
4,32283,3
4,20634,1
4,47996,3
4,25911,3
4,24969,1
4,4717,2
4,11609,3
4,38401,2
4,16901,3
4,2208,0
4,38144,2
4,7976,3
4,45284,3
4,1024,2
4,2486,1
4,13725,0
4,47610,0
4,24838,1
4,12753,1
4,26132,3
4,30399,3
4,7213,1
4,8235,0
4,44881,3
4,31892,0
4,37452,1
4,7889,3
4,22223,0
4,36345,3
4,2529,1
4,29566,3
4,43345,0
4,37422,1
4,13144,1
4,33956,2
4,47298,3
4,29460,0
4,34748,0
4,941,1
4,19080,0
4,17312,0
4,30298,2
4,27869,1
4,7114,3
4,36246,3
4,24397,0
4,35652,1
4,46679,0
4,30508,3
4,25364,2
4,37856,3
4,34252,3
4,18706,1
4,24329,3
4,12416,0
4,13128,3
4,34151,0
4,37045,1
4,17543,1
4,22001,1
4,35067,3
4,23635,3
4,4267,0
4,25072,0
4,12897,1
4,16074,3
4,18853,0
4,27071,1
4,33377,2
4,996,3
4,27676,1
4,33911,3
4,29301,2
4,5470,1
4,23899,3
4,6685,0
4,46357,1
4,39461,1
4,23688,0
4,10137,2
4,47157,3
4,45128,1
4,19737,1
4,44278,3
4,38686,1
4,16830,1
4,12870,0
4,15545,1
4,14933,3
4,22743,2
4,2756,3
4,4745,0
4,23982,1
4,1684,0
4,46876,1
4,13687,2
4,44512,1
4,25923,3
4,21263,0
4,8447,1
4,42798,0
4,46317,0
4,42631,3
4,17653,0
4,7494,3
4,29191,0
4,34370,0
4,22696,3
4,2335,3
4,10260,1
4,23937,0
4,4982,0
4,39405,0
4,6251,0
4,44532,0
4,33962,0
4,20607,1
4,6469,2
4,27049,3
4,814,1
4,2331,3
4,32919,2
4,3125,3
4,7827,1
4,13988,0
4,16848,3
4,43129,1
4,12517,1
4,30285,2
4,8409,0
4,5425,1
4,12833,3
4,43569,3
4,3207,0
4,15436,1
4,28297,3
4,22268,0
4,21255,1
4,36198,0
4,17716,2
4,21694,0
4,47568,1
4,12932,3
4,10907,2
4,34539,0
4,45046,1
4,21612,0
4,47201,1
4,14676,2
4,33947,3
4,27261,2
4,45481,3
4,43835,3
4,41056,0
4,20817,3
4,27339,1
4,45192,2
4,25885,1
4,36745,3
4,26397,0
4,29298,2
4,41098,3
4,3655,0
4,1431,3
4,26087,3
4,5967,0
4,3980,2
4,28319,2
4,44261,3
4,33906,3
4,20726,1
4,33005,2
4,2,1
4,20713,0
4,36777,3
4,21001,3
4,27727,1
4,25758,3
4,8134,3
4,31880,0
4,48275,0
4,2138,3
4,48118,0
4,47516,2
4,42625,3
4,2027,3
4,45479,1
4,5197,3
4,4045,3
4,2323,3
4,216,1
4,867,2
4,45073,2
4,7641,0
4,43625,0
4,21721,0
4,3229,0
4,12042,3
4,14968,1
4,41839,3
4,15870,3
4,2327,3
4,11728,1
4,12529,3
4,40316,3
4,10273,0
4,27916,0
4,44322,0
4,2204,1
4,38615,1
4,17884,2
4,24527,1
4,27648,2
4,18946,3
4,29747,1
4,48301,3
4,31982,0
4,16540,3
4,6203,0
4,2883,0
4,21012,2
4,4274,3
4,40656,0
4,48578,1
4,12769,1
4,18414,0
4,1906,2
4,42744,3
4,1832,1
4,14284,1
4,22737,3
4,12308,0
4,44812,2
4,17070,0
4,10548,2
4,45892,0
4,14885,1
4,45940,2
4,12483,3
4,22942,3
4,21163,1
4,36144,1
4,41788,3
4,15910,0
4,845,3
4,44683,1
4,180,1
4,29648,3
4,8650,3
4,16904,0
4,25,3
4,38715,1
4,2209,3
4,1877,1
4,12466,3
4,42565,1
4,22809,1
4,30667,1
4,46770,2
4,23427,1
4,410,3
4,36339,2
4,10632,3
4,27117,0
4,340,3
4,5807,1
4,16600,3
4,30247,3
4,25248,3
4,38740,0
4,3265,2
4,9539,2
4,46621,3
4,14040,1
4,30843,1
4,27902,3
4,17003,1
4,5218,3
4,30968,3
4,8006,0
4,27683,3
4,39450,3
4,19866,3
4,33291,0
4,32110,1
4,40951,1
4,15294,3
4,40681,3
4,6201,1
4,32442,2
4,41885,0
4,35288,3
4,26948,2
4,9414,1
4,23412,3
4,37631,0
4,7332,0
4,19116,0
4,17611,0
4,9243,1
4,25518,1
4,26915,1
4,13164,0
4,39913,0
4,47779,1
4,18252,3
4,12431,1
4,5087,3
4,2503,0
4,35516,0
4,15304,1
4,26225,1
4,7411,2
4,8304,0
4,771,0
4,38413,3
4,28644,2
4,31662,1
4,5741,0
4,2064,3
4,2074,3
4,18496,0
4,12292,3
4,1841,3
4,36913,0
4,30222,2
4,22438,0
4,33759,0
4,39095,2
4,32414,1
4,15951,0
4,48059,3
4,45308,0
4,45029,2
4,29419,2
4,17354,1
4,4155,1
4,41544,1
4,4818,0
4,7101,0
4,13903,3
4,14715,1
4,20911,0
4,34262,1
4,41155,1
4,47262,2
4,2498,0
4,15300,0
4,32619,0
4,4832,3
4,32866,0
4,25687,2
4,8425,2
4,15186,3
4,2861,1
4,16308,1
4,136,0
4,12111,3
4,717,1
4,19163,0
4,27183,1
4,47475,0
4,42056,3
4,47239,1
4,40503,1
4,3828,3
4,32397,1
4,38951,0
4,9459,3
4,40936,1
4,32983,1
4,449,0
4,5390,1
4,15860,3
4,36123,0
4,10975,3
4,24304,0
4,44262,3
4,29367,2
4,30505,1
4,46892,3
4,18951,3
4,5797,3
4,32243,2
4,7897,0
4,5637,3
4,20188,2
4,47095,2
4,19584,0
4,38515,3
4,4967,1
4,36449,1
4,19833,3
4,43290,2
4,47110,2
4,4544,2
4,11482,1
4,12865,3
4,41125,1
4,48450,0
4,10299,1
4,48214,1
4,11610,3
4,39670,0
4,15256,3
4,48388,1
4,13765,3
4,27547,1
4,29784,0
4,33480,1
4,40068,1
4,45785,3
4,35292,2
4,34289,1
4,26672,2
4,3066,3
4,3402,3
4,1850,1
4,9941,0
4,36770,3
4,33750,0
4,21516,0
4,31679,3
4,39629,3
4,45496,1
4,11726,1
4,10081,1
4,41665,2
4,5759,3
4,31762,0
4,24038,1
4,18873,1
4,39272,3
4,23127,0
4,31193,0
4,11266,0
4,37577,3
4,17378,1
4,3531,1
4,31420,1
4,17527,0
4,45797,1
4,22131,0
4,1031,0
4,6294,1
4,13121,0
4,16362,3
4,13690,1
4,1033,0
4,28498,2
4,20971,1
4,23384,0
4,39063,3
4,32308,1
4,20155,3
4,1149,3
4,23672,1
4,33720,2
4,16341,1
4,19632,1
4,42320,3
4,12414,3
4,35426,3
4,28897,1
4,37908,0
4,40207,3
4,45157,3
4,43798,0
4,43607,2
4,2274,0
4,3823,3
4,35232,3
4,43518,3
4,39205,3
4,17522,3
4,12613,3
4,22976,1
4,33272,1
4,356,3
4,31975,1
4,47321,0
4,13206,0
4,37117,0
4,44679,1
4,26541,1
4,18155,2
4,12016,0
4,41978,0
4,19524,1
4,35925,3
4,34059,1
4,16141,1
4,29006,1
4,31101,1
4,10999,1
4,36253,3
4,38160,1
4,4415,2
4,29245,0
4,42540,3
4,41720,3
4,22512,1
4,6489,0
4,39050,2
4,22014,0
4,18824,3
4,10269,2
4,36916,3
4,32617,3
4,25343,0
4,31146,3
4,17449,0
4,883,3
4,26914,2
4,12487,3
4,22443,3
4,14475,2
4,37740,3
4,39217,1
4,32192,0
4,3679,1
4,44595,3
4,41791,0
4,39479,0
4,2510,3
4,20663,3
4,32288,0
4,37337,0
4,19035,3
4,31732,3
4,25216,1
4,6960,1
4,14997,3
4,1153,1
4,45914,0
4,4591,0
4,921,1
4,46193,3
4,46573,0
4,47691,1
4,21088,1
4,8052,3
4,35006,0
4,13976,1
4,16776,1
4,6710,3
4,14506,1
4,18488,1
4,21847,0
4,42438,1
4,47054,3
4,19986,2
4,40957,3
4,14263,1
4,15329,3
4,39498,1
4,39503,3
4,23420,0
4,42873,3
4,15013,1
4,36373,2
4,2958,0
4,28931,1
4,16175,2
4,8360,0
4,14515,0
4,31806,3
4,36510,0
4,8662,0
4,14656,1
4,14826,3
4,2472,0
4,29772,0
4,26971,1
4,6470,3
4,45622,0
4,44410,0
4,2862,3
4,35136,0
4,11923,0
4,32458,3
4,25723,0
4,37185,1
4,9070,0
4,7370,0
4,34334,1
4,38751,2
4,19183,3
4,287,1
4,34821,3
4,19232,3
4,32563,3
4,47013,3
4,40958,2
4,17678,1
4,41370,2
4,20194,3
4,10843,0
4,10148,0
4,2614,0
4,15902,3
4,13485,1
4,13910,1
4,30540,1
4,38162,0
4,889,2
4,3981,1
4,46541,2
4,6098,3
4,15553,0
4,39637,1
4,46538,3
4,22855,3
4,4684,1
4,45494,1
4,189,2
4,47195,3
4,8452,1
4,46914,3
4,327,2
4,18442,3
4,41644,1
4,4164,3
4,9640,0
4,26794,1
4,34659,2
4,37689,0
4,11765,3
4,34178,3
4,3788,3
4,15639,0
4,26356,1
4,31539,3
4,22692,0
4,45082,1
4,40606,2
4,25785,3
4,15714,1
4,292,1
4,38620,3
4,38274,3
4,33338,0
4,36689,3
4,35100,3
4,42344,0
4,27542,3
4,1238,1
4,22251,1
4,26122,0
4,17936,1
4,15029,1
4,41882,2
4,13538,0
4,3237,1
4,18482,1
4,34490,1
4,207,1
4,33673,0
4,37166,2
4,36467,2
4,16222,1
4,40621,3
4,26747,2
4,19865,2
4,42980,0
4,37708,2
4,36772,2
4,13916,1
4,36844,3
4,27647,0
4,37583,3
4,38035,0
4,37836,3
4,25397,3
4,32955,1
4,4325,1
4,5188,1
4,25412,3
4,27936,0
4,46291,3
4,42250,1
4,46016,3
4,1811,0
4,27888,0
4,7436,0
4,44046,1
4,23248,1
4,19957,1
4,47383,0
4,23930,1
4,24578,1
4,709,2
4,36049,2
4,22872,0
4,36026,3
4,28913,3
4,20230,3
4,29308,0
4,48603,2
4,7538,0
4,31179,1
4,37810,0
4,28283,1
4,17725,1
4,37354,2
4,12094,2
4,4485,0
4,27192,3
4,22499,3
4,39561,3
4,29788,3
4,22985,2
4,8724,1
4,995,0
4,6192,1
4,28786,0
4,38356,1
4,41006,0
4,29346,1
4,39756,2
4,23481,0
4,37128,3
4,40630,1
4,3386,3
4,5432,0
4,5815,0
4,3493,0
4,42564,0
4,6637,1
4,31139,1
4,36528,1
4,37071,1
4,24934,0
4,9500,0
4,13591,2
4,42763,1
4,37778,2
4,11911,3
4,3390,3
4,19213,1
4,16639,3
4,5875,3
4,6843,1
4,48300,0
4,24419,1
4,30241,0
4,47435,1
4,20421,0
4,1575,0
4,30725,2
4,7166,3
4,19930,2
4,41110,0
4,22089,0
4,24871,3
4,5542,1
4,34763,1
4,33446,1
4,16198,3
4,27373,0
4,44334,0
4,33995,3
4,23482,3
4,21277,1
4,30388,3
4,3149,1
4,43936,3
4,28153,1
4,10955,1
4,41940,0
4,14687,1
4,28113,3
4,18381,1
4,8593,3
4,15132,0
4,17394,2
4,43155,0
4,32062,2
4,21028,3
4,24672,2
4,4773,3
4,36845,0
4,10673,2
4,43388,1
4,47492,1
4,10313,1
4,44999,1
4,4751,3
4,2299,1
4,24472,1
4,21102,1
4,19527,3
4,19509,3
4,13672,0
4,981,3
4,4291,0
4,47535,0
4,37003,0
4,19758,3
4,5226,3
4,14861,0
4,3392,1
4,16340,0
4,20750,1
4,3426,0
4,22649,0
4,29327,1
4,19097,1
4,35179,2
4,34964,1
4,2093,0
4,6818,3
4,17077,0
4,6472,3
4,28160,3
4,7792,3
4,29959,3
4,36786,1
4,38364,1
4,8570,0
4,29506,3
4,26615,2
4,47897,2
4,4878,1
4,29456,3
4,20350,3
4,31817,0
4,5358,0
4,36118,1
4,22278,1
4,32819,0
4,7927,0
4,46286,0
4,2738,0
4,46116,3
4,14367,2
4,36439,0
4,29669,2
4,17237,1
4,4403,1
4,14055,1
4,650,2
4,1835,0
4,12671,2
4,26184,3
4,13359,3
4,1937,3
4,24616,0
4,34986,3
4,28237,3
4,24330,3
4,16935,2
4,5244,1
4,11778,3
4,16588,3
4,29426,1
4,47926,0
4,30902,1
4,14340,3
4,38214,1
4,17604,3
4,17815,1
4,40994,3
4,28217,2
4,15426,2
4,36326,3
4,37615,3
4,47064,2
4,14202,3
4,13265,2
4,43128,3
4,11978,3
4,34778,0
4,31850,1
4,17308,3
4,6507,0
4,13525,3
4,7495,3
4,14088,1
4,10541,1
4,35497,1
4,29199,0
4,14044,3
4,44700,2
4,3641,1
4,32999,0
4,46011,1
4,22263,2
4,25869,0
4,12343,0
4,30234,0
4,33215,0
4,23882,1
4,4941,0
4,28439,3
4,6491,0
4,38694,1
4,23057,3
4,28101,0
4,22902,1
4,18285,3
4,1129,0
4,41354,2
4,26814,3
4,29219,3
4,19168,1
4,25640,0
4,43195,2
4,8298,3
4,33862,1
4,12194,0
4,27449,1
4,14266,3
4,18806,1
4,44469,0
4,19863,1
4,24985,0
4,25058,3
4,7803,1
4,13913,1
4,19587,3
4,42336,3
4,44658,0
4,32826,3
4,42360,3
4,35817,1
4,32714,3
4,22509,3
4,6171,2
4,34602,3
4,5570,3
4,39859,0
4,6065,0
4,7154,1
4,2875,2
4,22730,0
4,1379,3
4,48047,0
4,8341,1
4,33627,0
4,23593,1
4,14951,3
4,35720,0
4,22325,0
4,34976,0
4,2959,1
4,17784,0
4,3798,3
4,42512,3
4,6110,3
4,43612,0
4,11292,1
4,31518,1
4,33562,3
4,15392,3
4,35045,2
4,15694,2
4,3433,1
4,8569,0
4,16822,1
4,47751,1
4,20513,3
4,25159,0
4,9349,3
4,38604,1
4,31919,1
4,33287,1
4,7689,3
4,3987,0
4,19398,3
4,21368,1
4,34116,1
4,43547,0
4,36505,1
4,37355,0
4,36403,2
4,42005,3
4,9409,1
4,21096,0
4,16163,3
4,21719,2
4,35407,3
4,35367,3
4,30078,2
4,46060,1
4,3131,0
4,37517,0
4,41195,0
4,40059,3
4,16407,3
4,1997,0
4,5631,1
4,2892,3
4,44950,0
4,35217,3
4,35359,2
4,45497,2
4,28932,1
4,29430,3
4,5250,0
4,39026,1
4,21681,0
4,423,3
4,19164,3
4,32730,3
4,20144,3
4,17690,1
4,18283,3
4,9689,3
4,11309,3
4,19751,3
4,31048,3
4,20140,3
4,5706,3
4,8367,1
4,16121,3
4,6001,1
4,45188,1
4,11070,1
4,30810,3
4,35404,2
4,25933,3
4,23739,0
4,44863,0
4,39289,2
4,2698,3
4,48778,0
4,17726,0
4,31384,2
4,32682,2
4,30597,1
4,11752,3
4,43378,3
4,25416,2
4,28197,3
4,31231,3
4,5782,2
4,21957,2
4,42078,3
4,48700,3
4,21677,0
4,31523,1
4,37495,3
4,28868,2
4,28782,1
4,12681,3
4,18255,0
4,35293,1
4,41546,0
4,3009,3
4,3364,3
4,9571,0
4,25610,0
4,48623,1
4,1014,0
4,43552,1
4,856,2
4,28719,1
4,18749,3
4,26431,3
4,33660,0
4,33452,3
4,44664,0
4,2668,3
4,48097,3
4,47183,3
4,39999,2
4,37813,0
4,2141,1
4,15674,0
4,8445,3
4,1329,2
4,46773,0
4,11350,3
4,29995,0
4,34030,1
4,527,3
4,46028,1
4,17672,3
4,27201,2
4,41964,0
4,4182,1
4,40868,3
4,13035,3
4,47981,1
4,12084,3
4,9892,0
4,19256,1
4,14540,3
4,20402,0
4,22053,3
4,47025,0
4,9799,0
4,32781,3
4,6406,3
4,22496,1
4,23415,1
4,31124,3
4,20152,1
4,3270,3
4,47436,0
4,31113,0
4,20930,3
4,23950,1
4,41814,0
4,7767,3
4,17214,2
4,25243,1
4,184,3
4,2839,1
4,39803,1
4,27321,0
4,39769,1
4,15486,0
4,23293,0
4,38572,2
4,23657,2
4,33404,2
4,29694,1
4,47005,0
4,30120,2
4,14882,0
4,14661,3
4,15155,3
4,17531,1
4,36303,3
4,18074,0
4,45376,0
4,29549,3
4,44354,2
4,20242,0
4,41999,1
4,24166,1
4,42811,1
4,8282,1
4,28517,0
4,30057,3
4,1892,3
4,13323,0
4,16515,1
4,30018,1
4,31328,1
4,3305,0
4,41900,2
4,48564,0
4,43976,3
4,28829,2
4,2734,0
4,45816,2
4,40305,1
4,38409,1
4,11661,1
4,20898,0
4,33942,1
4,47777,3
4,17191,3
4,20755,1
4,13348,0
4,38103,1
4,36096,0
4,39140,2
4,18510,0
4,28065,1
4,14433,1
4,45581,1
4,35259,1
4,33817,0
4,2545,2
4,892,3
4,29796,3
4,44302,0
4,8523,1
4,2735,0
4,39035,3
4,4397,1
4,32704,3
4,45261,3
4,31388,1
4,32296,3
4,11894,3
4,44936,1
4,10455,1
4,6893,0
4,9455,2
4,2788,3
4,24114,3
4,47843,3
4,35763,3
4,19862,1
4,34771,3
4,46459,3
4,21437,1
4,18113,3
4,29110,3
4,40476,0
4,30424,2
4,25304,3
4,44723,3
4,37983,0
4,2317,3
4,3393,3
4,42176,3
4,46562,1
4,10619,2
4,34102,1
4,35334,1
4,6594,3
4,33454,3
4,31226,1
4,41767,0
4,44004,3
4,47929,0
4,15735,2
4,16172,3
4,33844,3
4,25827,0
4,25547,3
4,20113,3
4,27349,2
4,1168,0
4,44475,3
4,34384,3
4,9742,0
4,4142,3
4,48665,2
4,17970,0
4,18237,1
4,16898,1
4,9089,3
4,21219,0
4,38045,2
4,37057,0
4,1509,1
4,47984,1
4,36223,0
4,45597,3
4,23958,1
4,48078,0
4,5718,3
4,12408,0
4,14245,3
4,35674,0
4,20519,1
4,5803,0
4,1063,3
4,23506,1
4,19553,2
4,30335,0
4,39177,0
4,14405,1
4,20299,0
4,10788,0
4,10622,3
4,11903,3
4,38149,3
4,10719,3
4,23947,0
4,28333,1
4,15136,3
4,15673,1
4,4243,0
4,24326,0
4,47605,3
4,20925,0
4,41785,3
4,9965,3
4,41134,2
4,40273,0
4,14169,1
4,17031,2
4,8366,1
4,36287,0
4,28925,1
4,32752,2
4,44316,0
4,8788,1
4,30767,2
4,39469,0
4,4757,3
4,19453,3
4,31526,3
4,6963,0
4,307,0
4,33349,0
4,13849,1
4,38780,2
4,37705,3
4,32664,0
4,39145,2
4,2526,0
4,17247,0
4,7734,3
4,7316,3
4,44751,1
4,7821,3
4,47243,1
4,40304,3
4,43617,1
4,29392,0
4,4910,0
4,46528,2
4,36093,0
4,27059,1
4,27701,2
4,15719,1
4,40638,3
4,44969,1
4,4044,0
4,2854,1
4,23767,3
4,11523,0
4,48463,2
4,38410,3
4,23737,0
4,47302,1
4,12791,3
4,27476,3
4,42071,1
4,35956,3
4,40920,3
4,27146,0
4,912,3
4,23182,3
4,33866,3
4,35559,0
4,40658,3
4,42357,1
4,23792,0
4,35270,2
4,38490,1
4,21530,1
4,6786,1
4,31157,2
4,43930,1
4,31556,0
4,27606,3
4,24568,3
4,45435,3
4,17018,3
4,46563,3
4,14549,1
4,14955,0
4,4733,3
4,23496,2
4,15258,1
4,24390,1
4,8036,0
4,6528,0
4,5848,3
4,18216,3
4,2261,2
4,6361,2
4,15697,1
4,34691,0
4,5734,3
4,193,0
4,40107,0
4,26666,0
4,27764,0
4,3644,3
4,22335,0
4,14135,0
4,35375,2
4,507,0
4,47847,3
4,20195,3
4,26271,1
4,44148,1
4,23630,2
4,20130,3
4,647,0
4,40158,2
4,34623,3
4,28812,0
4,11501,1
4,8976,0
4,31252,3
4,29671,1
4,26077,2
4,29275,0
4,21162,1
4,21496,0
4,34231,2
4,24216,0
4,5792,3
4,47462,3
4,26963,0
4,12829,1
4,30122,3
4,46409,3
4,8439,3
4,45396,2
4,45407,1
4,969,0
4,8180,3
4,6425,0
4,26996,0
4,41296,3
4,46382,1
4,31472,0
4,39844,3
4,36101,0
4,7287,0
4,1382,1
4,38582,0
4,7048,3
4,38863,1
4,28959,3
4,3819,3
4,47083,2
4,1718,1
4,18576,1
4,45012,1
4,23549,3
4,3791,1
4,27944,2
4,39867,3
4,45195,1
4,11604,3
4,44661,3
4,26038,0
4,40265,1
4,33318,3
4,35132,0
4,45172,3
4,32907,1
4,3127,2
4,33827,0
4,30687,0
4,38436,0
4,44060,1
4,8413,3
4,9135,3
4,39374,0
4,24180,0
4,47304,0
4,22792,0
4,8318,1
4,11558,3
4,40814,0
4,7007,0
4,1506,2
4,18712,1
4,22022,0
4,38855,2
4,13666,3
4,11476,3
4,28927,0
4,45930,1
4,9677,0
4,23054,0
4,30469,0
4,2320,0
4,7067,0
4,24881,2
4,2244,0
4,4430,0
4,44068,1
4,19861,0
4,38426,2
4,27828,1
4,15296,1
4,20849,2
4,15217,0
4,38278,1
4,371,3
4,33880,3
4,1859,2
4,48314,2
4,33336,3
4,40285,0
4,5595,0
4,42213,0
4,29908,0
4,44895,1
4,44045,1
4,32862,1
4,28799,3
4,3776,1
4,10199,1
4,46709,3
4,26338,0
4,33102,0
4,37296,2
4,47710,0
4,2112,1
4,31826,3
4,16578,3
4,10005,3
4,29420,2
4,29587,1
4,29635,2
4,39500,0
4,15693,3
4,39025,2
4,3567,3
4,13023,0
4,32847,1
4,22031,1
4,3456,1
4,22074,3
4,26249,3
4,25347,1
4,18434,0
4,10266,0
4,2414,1
4,12079,0
4,46273,1
4,48824,0
4,42131,2
4,40093,2
4,9285,0
4,4347,1
4,36574,0
4,6066,2
4,21835,3
4,41137,1
4,17570,3
4,34148,0
4,41845,0
4,8671,3
4,28560,1
4,38054,3
4,29659,3
4,46281,3
4,25798,3
4,9062,1
4,25429,0
4,8490,0
4,23246,3
4,23743,2
4,37351,1
4,14275,2
4,42597,1
4,21657,2
4,16250,1
4,22262,3
4,19049,1
4,17293,1
4,20187,1
4,34616,2
4,8794,2
4,27191,1
4,6911,3
4,24436,3
4,5841,1
4,6695,0
4,40203,1
4,7377,1
4,34952,2
4,45799,2
4,34122,1
4,8899,2
4,40925,1
4,43851,0
4,40328,1
4,12714,3
4,47496,3
4,33028,1
4,19734,2
4,38486,1
4,23120,0
4,30847,1
4,21929,0
4,25760,1
4,8664,3
4,20689,3
4,34060,3
4,25817,2
4,35609,1
4,40406,0
4,4404,1
4,682,1
4,33601,3
4,5926,0
4,28728,3
4,4912,3
4,24439,3
4,7796,0
4,3665,0
4,5568,3
4,41783,2
4,20234,3
4,37086,3
4,5451,1
4,13459,0
4,5009,3
4,27110,0
4,34550,3
4,46692,1
4,33109,0
4,33589,1
4,48754,3
4,31563,1
4,12046,0
4,43145,3
4,15078,2
4,10352,1
4,41062,0
4,42591,1
4,23703,2
4,46978,1
4,41413,0
4,27367,0
4,14300,1
4,47625,3
4,15180,3
4,18644,1
4,45443,3
4,46473,1
4,6087,2
4,36412,2
4,508,3
4,15159,3
4,35787,0
4,36028,1
4,22900,1
4,6585,2
4,6018,3
4,14696,1
4,27067,3
4,21858,1
4,1656,3
4,26093,3
4,31882,0
4,10800,3
4,46113,2
4,9960,3
4,1219,3
4,680,2
4,14631,0
4,34373,2
4,5193,0
4,34936,3
4,31332,2
4,23319,0
4,14434,3
4,17302,1
4,45697,0
4,36100,1
4,32903,2
4,39675,2
4,29126,1
4,47689,3
4,28856,3
4,17160,1
4,1554,1
4,479,3
4,31920,3
4,14898,3
4,957,2
4,27143,0
4,16353,3
4,41177,2
4,7784,2
4,10908,3
4,17356,0
4,403,3
4,30587,0
4,45241,1
4,42624,1
4,12362,0
4,29680,1
4,39078,0
4,9124,0
4,40095,2
4,15573,0
4,27002,1
4,44037,0
4,45588,1
4,35204,2
4,46266,2
4,28121,0
4,40673,0
4,36658,3
4,20280,1
4,34136,3
4,14834,3
4,44820,3
4,11562,0
4,48116,0
4,966,0
4,28177,0
4,36422,0
4,31012,3
4,19811,1
4,35951,1
4,247,1
4,10768,0
4,48292,1
4,8797,0
4,38474,1
4,10461,0
4,24608,0
4,43715,3
4,33316,1
4,19568,0
4,15600,0
4,8660,2
4,6235,1
4,26283,3
4,38384,2
4,35011,3
4,5440,1
4,31533,0
4,12511,0
4,2516,1
4,36455,2
4,45418,2
4,44848,1
4,34213,0
4,48007,0
4,9154,1
4,24420,3
4,10278,3
4,22885,3
4,40576,2
4,16297,1
4,38154,1
4,46927,3
4,20851,0
4,38034,1
4,41443,3
4,46551,1
4,34811,1
4,47232,2
4,37476,3
4,15554,1
4,10448,3
4,42572,3
4,14328,0
4,45389,3
4,13651,0
4,29783,3
4,9699,2
4,45428,3
4,24049,3
4,46862,1
4,48298,0
4,21994,2
4,33237,0
4,14833,3
4,31464,1
4,23689,1
4,44673,3
4,31580,1
4,13544,2
4,19560,2
4,43900,3
4,4571,1
4,6200,0
4,23183,3
4,29771,2
4,22847,0
4,3228,0
4,4414,2
4,12884,0
4,28369,1
4,27787,3
4,15343,0
4,4435,2
4,36427,3
4,13385,2
4,33635,1
4,26911,2
4,30149,0
4,46095,2
4,9244,3
4,4428,1
4,14574,0
4,14579,0
4,20553,3
4,10242,0
4,14883,0
4,6722,3
4,27679,1
4,42205,3
4,8956,3
4,38343,0
4,12488,3
4,21041,3
4,19331,3
4,9369,1
4,26430,1
4,35807,1
4,48133,3
4,12535,3
4,43848,3
4,23073,3
4,5355,2
4,27923,0
4,2795,1
4,23989,1
4,48286,3
4,18723,1
4,8028,0
4,28352,0
4,30613,3
4,14698,1
4,21352,0
4,36469,0
4,10707,1
4,31643,1
4,6986,0
4,39495,1
4,24719,3
4,18553,1
4,38099,0
4,44237,1
4,22856,3
4,42626,3
4,39158,0
4,23864,3
4,20014,1
4,32063,1
4,42120,0
4,10566,3
4,42445,0
4,23117,2
4,4434,3
4,12653,3
4,18600,2
4,48682,2
4,20641,3
4,27508,2
4,25207,1
4,31829,0
4,26787,3
4,42461,0
4,28879,3
4,43690,0
4,24312,3
4,12946,3
4,4905,3
4,6311,1
4,46665,3
4,9511,3
4,25193,1
4,48181,2
4,14209,0
4,17677,1
4,8960,0
4,34365,0
4,16238,3
4,14092,1
4,48690,3
4,21298,2
4,26549,1
4,23678,1
4,30490,2
4,31170,2
4,35736,3
4,28412,0
4,5712,3
4,9972,3
4,15344,2
4,12393,1
4,12157,1
4,35353,0
4,44841,3
4,21645,1
4,31847,3
4,38117,3
4,27121,3
4,11972,1
4,1653,1
4,8315,0
4,27365,2
4,11403,2
4,14004,1
4,26809,2
4,42272,0
4,27876,0
4,45663,0
4,17342,3
4,28688,1
4,800,2
4,38342,0
4,8796,1
4,5385,3
4,451,2
4,1467,2
4,8170,1
4,33929,1
4,37643,0
4,36824,0
4,39939,3
4,41905,3
4,36397,1
4,35379,2
4,35895,0
4,4767,3
4,8942,1
4,36514,0
4,5481,3
4,28303,3
4,9661,1
4,28317,1
4,20942,0
4,32586,1
4,15906,0
4,8003,3
4,32584,3
4,4051,0
4,12225,3
4,7406,1
4,38589,3
4,35339,1
4,24971,1
4,1939,0
4,42977,3
4,34328,1
4,13001,3
4,44463,3
4,15206,3
4,48839,1
4,6901,0
4,43966,1
4,32788,0
4,45102,1
4,22093,3
4,33448,1
4,42166,2
4,47178,1
4,37977,3
4,22751,2
4,1118,3
4,22233,3
4,22796,1
4,1197,0
4,2718,2
4,9451,0
4,43259,0
4,32160,3
4,19810,0
4,6135,0
4,11031,1
4,12738,3
4,30611,3
4,8261,1
4,35881,1
4,18599,3
4,35470,1
4,12078,0
4,21502,3
4,24652,1
4,16981,3
4,730,3
4,11121,3
4,6698,0
4,47702,3
4,29502,3
4,28155,3
4,30895,2
4,34633,0
4,42600,0
4,7611,0
4,2311,3
4,3439,2
4,45105,1
4,6226,3
4,5456,3
4,34248,3
4,30737,3
4,11640,0
4,44442,2
4,37124,3
4,5366,1
4,14813,0
4,40877,0
4,24544,3
4,10672,3
4,10173,1
4,3618,0
4,20362,0
4,8080,0
4,17921,1
4,35836,3
4,9621,3
4,34808,3
4,21868,0
4,27265,3
4,18753,3
4,31781,0
4,27589,1
4,16467,0
4,46608,2
4,47131,2
4,32569,1
4,33865,0
4,19093,0
4,31497,3
4,23338,0
4,42271,3
4,33774,0
4,20249,1
4,23851,0
4,47542,3
4,12106,0
4,35010,2
4,13787,0
4,33346,3
4,823,1
4,42966,2
4,3358,3
4,48521,0
4,32470,3
4,42567,0
4,19017,0
4,44580,1
4,35366,0
4,33330,2
4,38330,1
4,40708,0
4,30246,1
4,18464,3
4,46228,3
4,7460,0
4,13439,0
4,2025,1
4,37719,0
4,46547,1
4,16672,0
4,45319,1
4,28740,1
4,23751,0
4,29448,2
4,9159,3
4,48151,3
4,20267,0
4,40808,3
4,41151,1
4,43068,3
4,32451,1
4,9095,2
4,30290,3
4,39048,1
4,32242,0
4,25282,1
4,6779,3
4,377,3
4,34579,1
4,29998,2
4,35449,2
4,9329,3
4,5559,0
4,10708,2
4,17532,3
4,24768,1
4,4731,3
4,3188,1
4,6363,3
4,22691,3
4,15238,0
4,31550,2
4,37316,1
4,30159,0
4,14842,3
4,4863,1
4,37009,3
4,6930,1
4,8353,2
4,16325,0
4,41105,2
4,27492,3
4,10822,0
4,46094,3
4,23808,1
4,43084,1
4,26810,3
4,47765,1
4,9143,3
4,25904,2
4,22584,1
4,11293,2
4,36171,0
4,23543,3
4,5107,0
4,15110,2
4,19494,3
4,15151,3
4,33170,3
4,45429,3
4,24843,2
4,40271,2
4,39934,1
4,24353,1
4,5436,3
4,40570,1
4,2700,2
4,5156,1
4,1502,0
4,23488,3
4,38668,1
4,6474,1
4,34446,0
4,34226,2
4,22187,1
4,39031,3
4,11855,3
4,31467,3
4,12034,0
4,42892,2
4,37025,3
4,1801,1
4,36130,3
4,3272,3
4,6694,1
4,29008,3
4,1606,1
4,40796,3
4,29673,1
4,19459,1
4,31615,0
4,9000,0
4,13427,0
4,19076,3
4,35170,2
4,9023,3
4,23173,0
4,17645,3
4,37162,0
4,26210,0
4,4049,3
4,14200,1
4,7764,2
4,2222,2
4,28635,3
4,16566,1
4,24635,1
4,31078,1
4,17647,3
4,38417,1
4,10956,3
4,6048,3
4,6689,3
4,39740,0
4,663,0
4,26995,3
4,5869,3
4,407,0
4,33244,3
4,26753,0
4,8050,3
4,23456,3
4,24010,3
4,9531,3
4,24295,3
4,66,0
4,17813,1
4,45907,0
4,22181,1
4,15446,2
4,48328,3
4,42150,1
4,37568,3
4,43316,1
4,44524,1
4,20373,1
4,1035,0
4,24801,1
4,4320,0
4,27560,1
4,17044,2
4,13221,3
4,34352,3
4,16583,0
4,5553,2
4,41572,3
4,32277,1
4,22269,1
4,33296,2
4,36750,1
4,31194,0
4,17986,0
4,30249,1
4,17892,3
4,12898,3
4,28755,1
4,11038,0
4,12440,0
4,4072,3
4,2632,1
4,43291,0
4,23749,3
4,38775,0
4,9918,3
4,7400,1
4,6067,0
4,45749,3
4,13014,3
4,22622,3
4,14149,2
4,35962,1
4,37300,0
4,26270,3
4,12544,0
4,35748,2
4,45730,1
4,865,3
4,2750,1
4,30427,3
4,38511,1
4,29099,2
4,40594,2
4,35635,3
4,1474,1
4,22317,3
4,7191,1
4,1121,0
4,47794,0
4,45774,3
4,46694,0
4,5831,2
4,46540,3
4,9652,3
4,9386,2
4,9896,2
4,18533,2
4,48204,0
4,41547,0
4,19311,2
4,41108,2
4,19059,1
4,43179,0
4,35301,3
4,25667,0
4,47678,3
4,39786,2
4,20442,1
4,25359,0
4,30190,1
4,36199,1
4,36506,3
4,5191,3
4,10491,3
4,24530,0
4,15228,3
4,202,3
4,28501,0
4,22097,3
4,47667,1
4,30784,0
4,36935,0
4,11825,3
4,15967,0
4,42002,0
4,468,1
4,38597,3
4,29848,1
4,5604,2
4,9458,1
4,44340,3
4,18066,0
4,17460,0
4,21763,0
4,3874,1
4,40241,0
4,44708,0
4,20219,0
4,11288,1
4,1834,2
4,16501,1
4,18265,1
4,16647,1
4,45996,0
4,35369,1
4,26694,0
4,5586,3
4,14514,3
4,7550,3
4,25623,0
4,27013,2
4,10610,1
4,29106,3
4,45448,3
4,12509,3
4,21533,2
4,36891,1
4,46513,2
4,32868,1
4,10893,0
4,30773,2
4,44511,0
4,34109,3
4,28371,2
4,8363,3
4,17551,2
4,2128,3
4,34973,2
4,22350,3
4,6570,3
4,10296,1
4,36797,1
4,20831,3
4,42879,3
4,6384,0
4,15806,0
4,36932,1
4,6546,0
4,45424,0
4,15102,3
4,36821,0
4,20940,0
4,41996,0
4,18555,3
4,13341,0
4,47123,1
4,19140,0
4,16490,3
4,13927,1
4,47614,1
4,17050,3
4,18550,1
4,20688,0
4,42516,1
4,24666,3
4,28377,1
4,42659,2
4,38153,1
4,13156,0
4,33596,0
4,10870,1
4,23509,1
4,16658,1
4,32724,1
4,43135,1
4,5032,1
4,45925,1
4,44612,2
4,1216,2
4,4253,1
4,32794,3
4,30617,0
4,36719,3
4,40180,0
4,48233,1
4,17223,1
4,10499,1
4,23365,2
4,24393,3
4,19709,3
4,13192,3
4,35175,2
4,1706,3
4,28415,1
4,22345,2
4,14651,3
4,46172,1
4,13358,0
4,14315,0
4,18076,1
4,27739,2
4,36944,3
4,17546,1
4,2162,0
4,8567,0
4,27306,1
4,18983,0
4,40128,1
4,17978,3
4,39750,3
4,22944,0
4,35065,3
4,30489,3
4,1728,2
4,41703,1
4,35854,3
4,23954,3
4,34263,1
4,35588,3
4,32001,0
4,12139,2
4,5083,3
4,10544,2
4,38353,3
4,39104,0
4,36958,2
4,40662,3
4,6050,1
4,30338,0
4,32762,1
4,1454,0
4,18167,0
4,33356,1
4,30594,0
4,25756,1
4,23286,0
4,24176,1
4,42885,1
4,37466,2
4,19237,0
4,120,3
4,45551,2
4,4005,2
4,10487,3
4,29194,1
4,36568,1
4,24136,1
4,44212,1
4,47085,1
4,28681,1
4,1517,1
4,30822,0
4,21680,1
4,42003,1
4,47733,3
4,36465,2
4,10874,3
4,8365,1
4,44974,2
4,46581,1
4,8313,1
4,5464,3
4,45465,3
4,33526,2
4,6120,3
4,43782,0
4,696,0
4,31132,0
4,33521,3
4,39805,0
4,32074,3
4,25946,1
4,19847,0
4,6317,1
4,10157,0
4,45137,0
4,23993,0
4,45919,3
4,46508,1
4,35467,3
4,16281,3
4,26395,1
4,37370,1
4,13028,2
4,3690,0
4,36423,1
4,1822,3
4,5572,3
4,27411,1
4,7589,2
4,6811,3
4,4860,3
4,32241,0
4,16315,2
4,13076,3
4,28443,0
4,22539,0
4,42647,3
4,28514,3
4,1317,0
4,24963,1
4,2352,3
4,19566,0
4,18989,3
4,33753,0
4,386,0
4,37049,3
4,20719,0
4,9388,3
4,8001,0
4,8503,1
4,26805,1
4,17387,2
4,2042,0
4,7616,3
4,12063,1
4,30746,2
4,23249,0
4,45553,1
4,26913,0
4,40631,1
4,5110,0
4,27793,1
4,33581,0
4,43301,0
4,46768,3
4,7457,0
4,28496,0
4,30665,3
4,29705,2
4,1839,3
4,26153,2
4,45725,1
4,17366,0
4,36016,0
4,22015,3
4,43721,3
4,22562,1
4,8186,1
4,6339,1
4,15802,1
4,17251,0
4,28659,0
4,11736,3
4,3221,1
4,16424,0
4,39845,3
4,28629,3
4,47469,1
4,268,1
4,12317,0
4,33246,2
4,48439,3
4,25653,1
4,10091,0
4,26208,0
4,1289,1
4,18886,1
4,41258,3
4,26291,3
4,2395,3
4,12585,1
4,40628,3
4,39399,2
4,31465,3
4,18883,2
4,47623,0
4,37917,1
4,1234,2
4,28356,3
4,35758,3
4,30467,1
4,48612,1
4,35853,1
4,45030,3
4,26903,1
4,39833,0
4,11253,0
4,17311,3
4,13571,1
4,24711,0
4,30824,2
4,40697,2
4,40195,1
4,26919,3
4,2301,0
4,21556,2
4,18794,0
4,46136,0
4,16457,3
4,9433,2
4,37686,0
4,5180,0
4,5500,3
4,38461,0
4,10119,0
4,2594,0
4,14310,3
4,13724,0
4,33878,3
4,39129,3
4,9983,0
4,34577,0
4,44597,1
4,44633,0
4,5997,1
4,27475,1
4,2238,2
4,31606,3
4,45571,1
4,7107,1
4,36350,0
4,29543,1
4,30583,0
4,24413,0
4,36671,0
4,33159,2
4,11926,1
4,19691,1
4,30572,3
4,4083,1
4,22948,0
4,37662,1
4,6846,3
4,2226,1
4,10402,1
4,23693,3
4,35383,0
4,44676,0
4,24284,0
4,34306,1
4,14741,0
4,36710,1
4,30181,0
4,773,1
4,28717,2
4,44660,3
4,7224,0
4,32360,3
4,2606,1
4,19007,3
4,10745,0
4,13255,3
4,25245,0
4,21342,1
4,31243,3
4,5982,0
4,42365,3
4,48499,3
4,5659,0
4,7135,3
4,26811,3
4,26637,2
4,34029,3
4,34750,0
4,1242,0
4,27270,1
4,20756,3
4,9719,1
4,24056,1
4,7475,3
4,920,2
4,30909,1
4,21511,1
4,13578,0
4,19688,1
4,5163,1
4,14477,1
4,30532,3
4,3385,0
4,34635,0
4,5276,0
4,2615,1
4,23968,2
4,46026,2
4,18755,3
4,40619,2
4,11043,0
4,21916,3
4,14884,0
4,15391,3
4,38313,2
4,2034,1
4,6183,3
4,24228,1
4,11177,1
4,47596,0
4,47378,2
4,20648,3
4,19738,0
4,14491,0
4,37496,2
4,45642,0
4,36394,3
4,18948,1
4,7482,3
4,16157,0
4,7251,1
4,30340,3
4,46518,2
4,12556,1
4,24516,3
4,25614,1
4,14571,1
4,38664,1
4,17751,0
4,46702,3
4,39195,3
4,10376,3
4,35633,3
4,19992,0
4,18624,1
4,34995,0
4,48321,0
4,47624,3
4,13831,1
4,7675,3
4,27826,0
4,10589,0
4,22495,1
4,9815,0
4,42112,1
4,15368,1
4,23333,0
4,37129,0
4,17004,3
4,28012,3
4,15171,0
4,40413,3
4,47709,0
4,31952,1
4,36546,0
4,14106,1
4,4308,0
4,41540,3
4,34533,2
4,31784,2
4,4228,0
4,21849,1
4,34673,1
4,19912,2
4,3327,1
4,2921,0
4,25174,2
4,24923,2
4,30186,3
4,25719,1
4,17539,3
4,16282,2
4,1695,0
4,27463,3
4,11975,0
4,38243,1
4,24722,1
4,6649,0
4,19571,1
4,44757,3
4,43951,1
4,13931,3
4,16777,0
4,9180,3
4,37830,1
4,24026,0
4,16039,0
4,24798,3
4,41986,0
4,38362,0
4,11144,3
4,729,0
4,4621,1
4,8589,1
4,22787,0
4,13799,3
4,31092,2
4,2179,1
4,26127,3
4,409,3
4,37257,2
4,43867,3
4,4056,0
4,46277,3
4,14871,2
4,8595,0
4,29880,1
4,44300,0
4,30529,2
4,36678,0
4,6084,1
4,37222,1
4,2761,0
4,36516,0
4,39125,0
4,9206,3
4,22312,3
4,15765,1
4,12903,0
4,13584,1
4,37447,3
4,6775,3
4,9728,3
4,28511,1
4,28525,1
4,510,1
4,37776,1
4,41877,3
4,11033,0
4,39357,0
4,26970,3
4,18178,3
4,22704,0
4,8819,1
4,45348,0
4,8908,0
4,8320,3
4,28440,0
4,16707,1
4,18100,1
4,40649,2
4,11210,1
4,12309,0
4,16993,0
4,29160,3
4,41584,1
4,18869,3
4,25697,3
4,11335,2
4,6049,0
4,33594,1
4,11119,2
4,29196,3
4,42991,0
4,1079,1
4,31042,3
4,21836,1
4,31303,2
4,8688,3
4,48614,1
4,19955,1
4,12012,1
4,17410,0
4,41286,1
4,46787,0
4,20919,1
4,15863,0
4,32810,0
4,31564,1
4,43318,0
4,8317,3
4,47944,0
4,6248,3
4,12223,3
4,14216,1
4,27421,0
4,36111,3
4,45356,0
4,33153,1
4,41922,2
4,22085,0
4,6020,3
4,8661,0
4,20523,0
4,12496,3
4,2790,2
4,33721,0
4,22292,3
4,2581,1
4,10978,3
4,44815,3
4,21169,2
4,29359,3
4,26198,1
4,7680,1
4,39149,2
4,29295,3
4,47193,3
4,37850,0
4,25107,3
4,12647,2
4,40013,1
4,7701,1
4,26032,3
4,35990,0
4,22709,0
4,37253,0
4,44109,0
4,38318,3
4,25636,3
4,16279,3
4,24554,3
4,23103,3
4,33355,2
4,13443,1
4,32207,1
4,41085,0
4,28541,1
4,17842,1
4,46740,1
4,39691,0
4,1722,1
4,34435,3
4,39343,3
4,2932,2
4,39828,3
4,25538,1
4,36680,3
4,1795,2
4,45747,0
4,37249,0
4,40505,2
4,1548,0
4,8772,1
4,24621,0
4,13293,3
4,9058,3
4,40991,1
4,48423,0
4,24269,1
4,45211,2
4,26370,0
4,14994,0
4,47453,3
4,15342,1
4,10317,0
4,44611,2
4,30198,2
4,4055,1
4,11282,1
4,17545,0
4,34001,1
4,19003,3
4,24529,2
4,14556,0
4,11997,3
4,31534,2
4,27199,3
4,28099,0
4,32222,2
4,3010,0
4,45039,0
4,9174,1
4,2768,0
4,25535,0
4,14453,3
4,18028,3
4,11158,3
4,19375,3
4,28030,1
4,43486,1
4,26674,1
4,3465,0
4,48267,3
4,21619,3
4,29869,2
4,26881,0
4,36831,1
4,762,2
4,16035,0
4,11359,1
4,22775,3
4,9059,0
4,37614,0
4,44363,1
4,31107,3
4,34662,3
4,14322,2
4,39854,0
4,21931,3
4,13207,2
4,12796,1
4,6331,1
4,36368,0
4,32646,0
4,1385,1
4,42021,3
4,46176,3
4,28771,0
4,41234,1
4,16847,1
4,29334,3
4,26737,3
4,447,3
4,3199,1
4,27446,0
4,30947,0
4,39159,3
4,33912,1
4,1912,3
4,11670,0
4,40485,3
4,38443,0
4,42413,3
4,11694,3
4,8101,0
4,42686,3
4,36771,1
4,19412,0
4,3245,2
4,16547,3
4,28842,3
4,30753,1
4,23052,0
4,18742,1
4,18671,2
4,37604,3
4,16310,3
4,20708,1
4,46671,1
4,19481,3
4,37256,1
4,14797,1
4,11434,2
4,41,3
4,30115,0
4,37353,2
4,33241,1
4,41156,3
4,18746,0
4,28784,2
4,42627,1
4,6325,2
4,31192,0
4,23867,0
4,11422,2
4,24013,1
4,48367,0
4,13557,1
4,43656,2
4,4252,1
4,46846,0
4,13374,0
4,16399,2
4,19577,3
4,41248,3
4,45763,0
4,42476,2
4,5892,0
4,4837,3
4,41372,3
4,29399,0
4,46827,3
4,18348,3
4,587,3
4,45591,2
4,39704,3
4,41475,1
4,4645,1
4,2404,2
4,26200,1
4,17047,0
4,3045,1
4,31609,3
4,14793,0
4,28028,3
4,20836,0
4,20391,0
4,35552,3
4,31548,0
4,47225,3
4,6439,3
4,21665,0
4,45103,1
4,12215,1
4,40861,0
4,45168,2
4,16952,2
4,6835,3
4,1106,1
4,15661,3
4,2140,1
4,42548,3
4,10809,0
4,48459,1
4,1313,1
4,42854,1
4,23096,3
4,16711,2
4,18894,2
4,21306,2
4,44152,1
4,30358,2
4,9080,0
4,14,0
4,31034,0
4,2378,1
4,7420,3
4,36425,3
4,40571,2
4,40669,1
4,15455,2
4,40591,3
4,20847,1
4,17918,0
4,8022,3
4,8092,1
4,16051,3
4,40701,1
4,23209,0
4,13926,1
4,45679,0
4,47943,0
4,27351,3
4,14085,1
4,36663,0
4,21748,1
4,315,0
4,37150,0
4,29019,1
4,13061,3
4,34514,0
4,41838,2
4,10920,1
4,47124,2
4,8860,3
4,2699,1
4,19672,3
4,17445,3
4,21930,2
4,35209,0
4,45521,1
4,40467,1
4,40518,3
4,37959,0
4,29841,0
4,19966,3
4,34448,2
4,41620,0
4,1678,1
4,43394,1
4,43877,0
4,20006,3
4,15411,3
4,368,3
4,28752,2
4,14354,1
4,41066,3
4,16224,0
4,44840,0
4,25698,2
4,44029,0
4,263,0
4,1226,3
4,30020,3
4,2233,3
4,25218,1
4,33091,1
4,22264,1
4,42317,3
4,904,1
4,23111,1
4,32201,3
4,13622,1
4,21797,2
4,12109,1
4,3368,3
4,26039,0
4,45573,1
4,8999,3
4,33110,0
4,46855,1
4,33894,3
4,34340,1
4,42455,2
4,43402,3
4,34994,3
4,42430,2
4,28937,3
4,19176,3
4,2857,3
4,20366,1
4,29326,3
4,12612,0
4,29312,0
4,35624,3
4,40818,3
4,48084,3
4,21067,1
4,13726,0
4,43182,1
4,4763,1
4,14233,1
4,17580,2
4,21888,3
4,24830,1
4,42760,1
4,45945,3
4,19010,0
4,16114,0
4,35474,3
4,18462,3
4,13376,3
4,42787,3
4,29830,0
4,47018,3
4,13989,3
4,29168,1
4,20822,0
4,29731,2
4,595,3
4,13461,2
4,5353,0
4,1521,3
4,26068,0
4,20735,0
4,1364,2
4,15948,0
4,10817,2
4,11385,1
4,34857,3
4,16595,3
4,1812,0
4,39603,3
4,13893,1
4,28789,0
4,38479,3
4,31859,2
4,26947,2
4,11625,0
4,1175,2
4,7738,2
4,3779,3
4,19743,0
4,39293,0
4,30946,1
4,7402,1
4,44588,0
4,30676,2
4,36234,3
4,7975,3
4,1245,1
4,2645,1
4,34475,3
4,31623,3
4,27615,2
4,17506,1
4,27047,0
4,10168,3
4,4641,0
4,15644,3
4,952,1
4,43421,1
4,26232,0
4,1568,2
4,31292,3
4,45783,3
4,3075,0
4,34101,3
4,41166,2
4,27622,0
4,39308,0
4,26709,1
4,24875,2
4,13363,3
4,8871,1
4,43033,1
4,8069,0
4,34542,3
4,23090,2
4,40264,3
4,4970,0
4,28899,3
4,35975,0
4,14384,3
4,44390,0
4,1512,3
4,8549,0
4,12114,1
4,15339,2
4,3049,2
4,18695,1
4,8850,1
4,27927,3
4,45355,3
4,39928,0
4,39465,2
4,1252,0
4,31248,1
4,25802,1
4,22947,2
4,46234,3
4,21187,3
4,38273,1
4,35623,0
4,13464,3
4,35725,2
4,44962,3
4,15041,1
4,9415,1
4,20654,3
4,43982,0
4,1019,0
4,29453,3
4,44030,0
4,23445,3
4,45756,3
4,26899,1
4,17490,0
4,1411,1
4,23392,2
4,34479,2
4,21531,3
4,27266,0
4,1987,1
4,2394,1
4,32061,2
4,365,1
4,24646,0
4,28023,3
4,45391,2
4,2592,3
4,932,3
4,2830,3
4,7871,1
4,35156,1
4,33687,0
4,14479,3
4,24406,3
4,42965,3
4,5790,1
4,46985,1
4,2596,1
4,11436,3
4,350,1
4,39935,1
4,24545,1
4,44344,3
4,42507,0
4,47340,0
4,26885,1
4,720,3
4,24899,2
4,38890,0
4,29766,0
4,3646,2
4,1814,0
4,20815,1
4,34786,2
4,39042,1
4,7540,0
4,23896,1
4,2359,0
4,43433,2
4,4642,0
4,38750,3
4,41213,1
4,9784,3
4,14913,3
4,29803,3
4,20871,1
4,38614,1
4,45018,0
4,46129,3
4,15849,1
4,27080,2
4,14378,0
4,45950,3
4,40457,1
4,159,1
4,25593,3
4,33472,0
4,24548,3
4,40847,2
4,22898,1
4,35967,1
4,15230,1
4,17560,1
4,37126,3
4,48067,1
4,6057,3
4,45843,1
4,26989,1
4,37993,1
4,15039,1
4,35302,1
4,39457,1
4,26330,2
4,16779,0
4,4327,1
4,14006,2
4,18347,0
4,378,3
4,37688,1
4,43051,1
4,21519,3
4,1440,2
4,9753,0
4,17318,3
4,25206,1
4,19898,3
4,23364,3
4,47411,0
4,1459,0
4,32355,1
4,21373,3
4,44289,1
4,39307,0
4,31409,3
4,9695,1
4,2772,1
4,48676,0
4,9705,3
4,26204,3
4,9303,0
4,37134,3
4,5810,1
4,2580,0
4,3723,0
4,15529,0
4,17090,3
4,41428,1
4,45392,3
4,35769,1
4,4593,1
4,34005,0
4,27818,1
4,23261,1
4,18837,1
4,5346,3
4,35890,3
4,20597,0
4,4918,1
4,2924,0
4,39224,1
4,1602,1
4,32491,0
4,38959,1
4,31315,0
4,36561,0
4,24941,1
4,47585,1
4,37317,1
4,11563,0
4,11015,3
4,23233,3
4,45386,0
4,24628,1
4,21402,3
4,24501,1
4,10219,0
4,7978,3
4,12399,0
4,35576,1
4,18823,0
4,29989,2
4,40758,3
4,1075,3
4,31222,1
4,28370,1
4,28566,1
4,17420,1
4,33168,0
4,36072,1
4,4501,3
4,3939,0
4,2001,1
4,28615,3
4,25578,1
4,42315,3
4,26990,2
4,13607,2
4,46229,1
4,25210,3
4,46235,0
4,2783,2
4,12350,3
4,18258,3
4,14669,3
4,30551,3
4,36741,2
4,4133,1
4,5054,0
4,25179,0
4,45547,1
4,42469,1
4,40612,3
4,30935,3
4,9204,3
4,44142,0
4,6160,2
4,12149,1
4,37647,1
4,14922,1
4,8958,2
4,1588,0
4,26381,1
4,9870,1
4,25135,0
4,32130,2
4,37529,3
4,12387,1
4,15542,1
4,30071,1
4,25907,2
4,9536,1
4,46829,0
4,23931,3
4,31011,2
4,31304,0
4,46590,0
4,22909,1
4,13752,0
4,12103,1
4,24331,3
4,13675,1
4,6956,3
4,40819,3
4,19962,2
4,29113,3
4,5979,3
4,4128,3
4,4737,2
4,45011,3
4,1522,1
4,7515,1
4,3885,2
4,20163,0
4,17964,3
4,41084,1
4,21705,2
4,22596,0
4,17430,3
4,7161,2
4,12603,3
4,28406,0
4,42751,0
4,3264,1
4,8156,1
4,25912,2
4,4853,1
4,39229,1
4,2000,0
4,38874,3
4,28579,0
4,32590,0
4,18044,0
4,30398,0
4,32615,3
4,22126,1
4,32985,1
4,25212,1
4,32700,3
4,22786,1
4,40415,0
4,21860,0
4,40709,2
4,34756,0
4,8297,1
4,39506,0
4,42026,0
4,799,0
4,45009,1
4,46036,0
4,15796,3
4,30520,3
4,7940,3
4,39486,0
4,23037,1
4,6156,3
4,24099,0
4,10209,3
4,8154,0
4,31862,0
4,41497,3
4,47205,1
4,7766,1
4,39058,0
4,5805,2
4,6333,2
4,13183,1
4,40735,3
4,46990,1
4,20326,3
4,12987,1
4,33247,1
4,18184,1
4,3241,2
4,12449,1
4,48434,3
4,26563,1
4,33796,3
4,46040,3
4,41766,2
4,30890,1
4,19451,1
4,43308,3
4,25894,0
4,12788,1
4,17701,0
4,35496,3
4,25777,1
4,28499,0
4,18748,1
4,42765,0
4,27239,3
4,34968,3
4,27971,1
4,37945,1
4,47860,2
4,37698,2
4,711,0
4,26428,1
4,31333,3
4,11279,1
4,34293,2
4,36881,3
4,18342,0
4,22765,3
4,17101,1
4,13017,3
4,45166,3
4,19005,3
4,18554,3
4,13681,3
4,17834,1
4,42697,0
4,22578,0
4,27426,3
4,47708,1
4,34738,0
4,42866,2
4,15494,1
4,9734,2
4,11914,0
4,43634,0
4,35260,0
4,47589,0
4,46808,1
4,2914,3
4,22935,1
4,33569,1
4,10109,1
4,38665,1
4,44265,1
4,12531,0
4,6013,3
4,33450,0
4,14050,1
4,18836,3
4,28816,2
4,3169,1
4,25146,1
4,35852,0
4,1224,3
4,45269,0
4,16926,1
4,7190,1
4,29120,0
4,3638,1
4,20064,1
4,31094,1
4,46908,3
4,3403,0
4,48043,1
4,17321,0
4,44498,2
4,5144,3
4,14124,3
4,25060,3
4,2938,0
4,8299,3
4,41433,0
4,30415,0
4,29930,1
4,29583,0
4,45505,1
4,28988,1
4,26456,1
4,7627,1
4,30684,1
4,13268,3
4,4851,1
4,14995,2
4,36524,1
4,27469,0
4,35201,2
4,6096,0
4,43641,0
4,38118,3
4,41875,2
4,31001,2
4,17963,1
4,21243,3
4,42922,3
4,44876,3
4,42011,0
4,45584,2
4,46468,0
4,3181,3
4,11106,3
4,19274,3
4,15266,0
4,34844,1
4,46491,0
4,41116,0
4,32191,3
4,463,3
4,1800,0
4,18016,3
4,22217,0
4,21023,3
4,18220,2
4,15657,3
4,35544,3
4,9209,3
4,44355,0
4,29390,2
4,6411,3
4,18476,3
4,45641,0
4,8035,1
4,46434,3
4,19042,0
4,15019,2
4,39316,2
4,210,3
4,2676,0
4,44234,0
4,31703,3
4,24315,0
4,44604,3
4,26311,1
4,12902,3
4,8330,3
4,8853,1
4,33820,2
4,46310,0
4,42440,1
4,15025,3
4,41851,0
4,7201,1
4,46435,0
4,27400,0
4,2250,3
4,36360,1
4,5683,0
4,31342,3
4,23904,0
4,23574,3
4,30326,3
4,48131,1
4,46297,1
4,6011,1
4,36492,2
4,46929,3
4,2539,2
4,19557,0
4,24440,2
4,35698,0
4,47365,0
4,34654,1
4,35399,0
4,7708,3
4,33901,0
4,12907,0
4,12390,1
4,7903,2
4,27372,3
4,18135,1
4,659,1
4,25508,3
4,18585,0
4,4127,2
4,10124,0
4,9229,1
4,30973,0
4,2513,1
4,47251,1
4,44431,1
4,31530,3
4,39338,2
4,19079,0
4,2649,1
4,17622,2
4,16273,1
4,26574,0
4,26409,3
4,17995,3
4,4983,2
4,28334,2
4,28,1
4,32527,3
4,3424,0
4,3753,0
4,40033,1
4,12949,2
4,2612,2
4,12679,1
4,40712,3
4,6435,2
4,20314,1
4,5853,1
4,16488,0
4,32489,1
4,43673,1
4,21257,0
4,9722,1
4,34816,0
4,25091,3
4,46630,1
4,5317,3
4,28345,1
4,13307,0
4,16988,0
4,38483,1
4,18803,0
4,4094,2
4,43990,1
4,42742,0
4,41460,3
4,35717,1
4,8396,0
4,22941,3
4,23130,1
4,32604,3
4,5345,1
4,22064,3
4,35033,0
4,27084,3
4,23942,3
4,44746,2
4,26623,0
4,29066,0
4,13524,1
4,6792,2
4,40704,1
4,28464,1
4,47333,3
4,29431,3
4,16689,1
4,40390,3
4,31592,0
4,637,1
4,41049,0
4,44932,1
4,29834,0
4,8862,2
4,36963,0
4,45638,3
4,16558,1
4,23122,0
4,32300,1
4,40435,1
4,37771,3
4,32202,3
4,26358,0
4,36278,0
4,154,1
4,11865,3
4,37644,0
4,31462,0
4,40473,1
4,22227,3
4,19530,3
4,24302,0
4,32925,1
4,38940,0
4,25180,3
4,21595,0
4,2090,2
4,40412,0
4,35740,3
4,38760,1
4,24925,0
4,34056,0
4,1494,1
4,42159,0
4,9790,1
4,16656,1
4,3093,3
4,48796,1
4,41613,1
4,29269,3
4,30481,1
4,10460,0
4,5675,3
4,33669,3
4,43175,3
4,21416,0
4,20826,1
4,7512,0
4,6733,3
4,18621,3
4,32455,0
4,37209,1
4,27487,0
4,44159,1
4,548,0
4,5037,1
4,44674,2
4,4374,0
4,35770,3
4,36903,1
4,3411,2
4,44727,1
4,30418,1
4,41939,2
4,35478,3
4,41307,1
4,22882,3
4,36202,2
4,11901,1
4,18339,1
4,22724,3
4,30656,1
4,34643,3
4,26821,0
4,400,3
4,17020,0
4,29040,0
4,33503,3
4,28166,0
4,6931,2
4,9537,1
4,11051,2
4,43746,3
4,3515,0
4,26517,3
4,34319,3
4,18454,1
4,34014,3
4,26101,3
4,9635,3
4,3046,2
4,45752,0
4,34497,2
4,35683,1
4,33702,0
4,938,3
4,25484,0
4,43972,0
4,2217,3
4,48784,2
4,17440,1
4,41879,3
4,24533,2
4,11961,1
4,32362,3
4,24140,1
4,20227,3
4,45061,3
4,38399,3
4,26105,2
4,16692,2
4,39511,1
4,9144,0
4,34233,2
4,17972,0
4,39329,1
4,45771,3
4,3861,2
4,26253,1
4,8551,1
4,28928,1
4,27630,1
4,34675,0
4,38333,0
4,27309,0
4,20985,1
4,25378,1
4,23196,0
4,36625,3
4,42108,0
4,480,3
4,3997,3
4,37943,3
4,42803,3
4,28306,0
4,6424,2
4,322,3
4,38966,3
4,14703,3
4,1921,1
4,13769,0
4,43696,0
4,13379,1
4,38133,0
4,23810,0
4,20764,3
4,3761,1
4,38209,0
4,36555,1
4,44733,1
4,43508,3
4,6495,0
4,10363,1
4,45146,0
4,11242,1
4,41143,0
4,23536,1
4,11160,2
4,48087,0
4,6803,3
4,32581,3
4,37044,2
4,30300,0
4,37967,1
4,21442,2
4,2584,1
4,31884,3
4,48473,2
4,7032,1
4,17169,1
4,15702,1
4,5004,1
4,30913,0
4,27883,1
4,33871,2
4,42769,1
4,5114,1
4,21656,2
4,11734,1
4,10829,1
4,46242,3
4,16482,3
4,39251,2
4,42070,0
4,42203,1
4,18677,1
4,43926,2
4,47337,3
4,47425,2
4,4648,1
4,43904,3
4,6877,1
4,30380,0
4,9245,2
4,33266,0
4,28875,1
4,36446,3
4,28250,0
4,32125,1
4,6624,0
4,21776,3
4,7060,1
4,47062,3
4,7152,3
4,21220,0
4,11394,3
4,29886,1
4,11343,2
4,9448,1
4,22293,3
4,34228,0
4,10895,3
4,30218,1
4,30632,3
4,37790,0
4,41809,1
4,19951,1
4,26789,1
4,14036,1
4,39508,3
4,13148,1
4,24417,3
4,19784,1
4,6947,1
4,35355,0
4,11915,3
4,13075,3
4,34346,3
4,27016,1
4,27236,2
4,12717,1
4,29720,3
4,44703,3
4,6313,2
4,42535,3
4,18294,0
4,38418,3
4,46780,0
4,7088,0
4,32054,1
4,17754,2
4,45971,0
4,33158,1
4,42815,2
4,1357,3
4,15504,3
4,18466,3
4,500,2
4,16140,3
4,25624,0
4,13381,3
4,33973,1
4,16570,3
4,1498,2
4,20932,3
4,45083,3
4,4191,1
4,146,3
4,19121,1
4,18918,2
4,18009,3
4,29595,1
4,22767,3
4,28243,3
4,26222,3
4,1344,3
4,32055,0
4,29033,3
4,23059,2
4,5564,1
4,44560,1
4,41529,3
4,16886,1
4,24817,0
4,47602,3
4,18544,0
4,29929,3
4,16912,0
4,541,1
4,2524,1
4,42553,0
4,21938,0
4,36726,3
4,46937,1
4,42157,1
4,45985,1
4,34622,0
4,7963,1
4,26060,0
4,36959,0
4,9134,1
4,15201,0
4,8472,3
4,8046,1
4,9669,3
4,348,1
4,14017,1
4,17362,3
4,27549,3
4,35277,3
4,15506,3
4,36749,1
4,22565,3
4,38395,0
4,17071,0
4,31838,3
4,19245,1
4,4734,3
4,20100,1
4,32965,1
4,47490,0
4,3737,3
4,32047,0
4,5571,1
4,42173,1
4,21686,1
4,26603,0
4,46271,2
4,2007,3
4,20492,0
4,4514,3
4,19519,0
4,40135,0
4,8542,1
4,46533,1
4,40074,2
4,35109,3
4,44927,3
4,38113,3
4,38022,1
4,9634,1
4,31241,3
4,17450,3
4,8386,0
4,35309,2
4,13987,1
4,21233,3
4,7554,0
4,20584,0
4,27118,0
4,6430,2
4,2377,1
4,11491,2
4,39556,1
4,38082,2
4,37707,1
4,9418,0
4,8924,3
4,23072,0
4,23265,1
4,38906,3
4,18969,2
4,29378,2
4,47865,1
4,32885,0
4,44102,0
4,44100,1
4,30061,3
4,8302,1
4,22459,3
4,6602,3
4,1123,3
4,1425,2
4,37305,2
4,29248,0
4,8844,0
4,45442,1
4,23217,0
4,31039,2
4,46451,1
4,45885,1
4,4455,1
4,43097,1
4,22838,3
4,14740,1
4,45282,0
4,23903,3
4,206,3
4,19492,1
4,24492,0
4,11145,1
4,38225,0
4,18717,2
4,7106,0
4,46534,1
4,43349,3
4,42404,1
4,38759,1
4,12864,1
4,31851,3
4,33758,1
4,330,3
4,21083,0
4,43106,3
4,25013,3
4,43664,0
4,10435,3
4,5299,1
4,21597,1
4,34918,0
4,44346,2
4,28245,1
4,43954,1
4,3096,1
4,8406,1
4,6905,1
4,16997,0
4,42716,1
4,38200,1
4,30538,1
4,40889,0
4,3763,1
4,37015,0
4,8880,1
4,13768,2
4,32159,3
4,14865,3
4,29372,0
4,45630,1
4,491,1
4,26059,3
4,44120,0
4,7235,3
4,41854,2
4,46013,0
4,36413,0
4,33235,3
4,21917,2
4,38702,3
4,35069,1
4,45371,1
4,9155,1
4,44157,0
4,23432,1
4,6034,3
4,3446,2
4,28026,2
4,22369,2
4,40845,3
4,19235,2
4,37346,1
4,1856,2
4,39037,2
4,5813,3
4,38131,1
4,41852,1
4,42394,0
4,8805,3
4,24867,0
4,7359,1
4,32180,1
4,21207,0
4,20136,1
4,17418,3
4,19531,3
4,12202,0
4,27041,3
4,35080,0
4,15837,0
4,11957,1
4,9822,1
4,31434,3
4,34072,0
4,15480,0
4,34915,3
4,26872,3
4,27897,3
4,21371,3
4,24599,3
4,34139,0
4,813,2
4,48183,3
4,29469,2
4,2848,1
4,2682,1
4,29485,0
4,38563,0
4,18651,1
4,16116,1
4,34167,0
4,2117,0
4,22740,3
4,7109,3
4,43533,3
4,43850,3
4,30941,1
4,16618,1
4,22655,1
4,22185,1
4,13509,0
4,36381,0
4,19999,3
4,18900,3
4,33495,3
4,28449,0
4,10606,3
4,21275,3
4,47369,1
4,13919,3
4,22168,1
4,11355,2
4,17940,3
4,44031,3
4,16480,3
4,42586,3
4,5733,0
4,16073,1
4,21482,2
4,41393,0
4,29723,1
4,22520,1
4,3559,0
4,10738,3
4,280,2
4,4398,2
4,1462,3
4,19989,1
4,34356,2
4,35180,1
4,29964,3
4,437,1
4,30778,1
4,36660,1
4,36957,1
4,22316,2
4,12650,1
4,13661,1
4,31109,3
4,20729,3
4,25712,1
4,23155,1
4,37085,0
4,39950,2
4,32709,1
4,25596,0
4,28841,0
4,30789,0
4,7334,1
4,45535,1
4,16473,1
4,44496,3
4,40854,0
4,6400,0
4,29838,0
4,44856,2
4,8870,0
4,32556,1
4,15197,0
4,39932,3
4,26274,1
4,46755,1
4,43180,3
4,8528,0
4,34803,3
4,27152,1
4,16531,0
4,15501,2
4,38105,1
4,26083,3
4,38438,2
4,25655,3
4,26476,1
4,26964,2
4,28344,3
4,26049,3
4,27865,0
4,27401,0
4,37154,2
4,1560,3
4,34511,1
4,28438,2
4,44221,3
4,36157,3
4,1953,1
4,46549,0
4,18813,0
4,25944,3
4,7843,3
4,13480,3
4,28434,3
4,2037,1
4,38111,0
4,44105,2
4,19343,0
4,33628,3
4,35794,0
4,43935,0
4,47396,1
4,31665,1
4,9665,0
4,10274,1
4,24832,3
4,36073,2
4,2358,3
4,36610,3
4,3012,2
4,42356,3
4,34790,0
4,5990,1
4,27478,1
4,17401,3
4,6537,1
4,11349,2
4,24996,3
4,9744,1
4,1170,0
4,4958,3
4,21119,0
4,26309,3
4,5809,1
4,11405,1
4,11862,2
4,24019,1
4,29564,3
4,7440,1
4,11696,0
4,14925,1
4,229,0
4,15015,1
4,12005,3
4,7241,3
4,2018,3
4,10201,3
4,14895,3
4,43012,1
4,44248,2
4,26781,3
4,32120,3
4,21593,3
4,46156,2
4,47590,0
4,16004,1
4,6408,3
4,12195,0
4,19324,0
4,31480,1
4,20941,1
4,7869,1
4,17913,2
4,18031,0
4,48096,1
4,35030,3
4,3142,3
4,44986,3
4,25249,2
4,2307,1
4,46647,1
4,18546,3
4,5578,2
4,28285,3
4,24262,2
4,42409,0
4,35117,3
4,33224,1
4,42481,2
4,7273,1
4,25637,1
4,27360,3
4,37953,1
4,37137,1
4,22791,1
4,11585,1
4,18481,1
4,8672,3
4,33481,0
4,14086,0
4,46875,1
4,39751,0
4,23781,0
4,34011,3
4,10357,2
4,23634,0
4,34152,3
4,25130,1
4,8778,1
4,24784,1
4,33074,3
4,40231,3
4,25064,0
4,25306,3
4,3113,0
4,15341,3
4,31990,3
4,21004,3
4,5415,3
4,20594,3
4,7240,1
4,41800,0
4,31959,3
4,28044,1
4,7950,1
4,21351,3
4,41494,2
4,12018,0
4,11426,0
4,3326,1
4,39178,0
4,19629,1
4,13529,0
4,37330,0
4,47972,2
4,44324,2
4,7442,1
4,3678,1
4,2521,2
4,30566,0
4,24118,0
4,32161,1
4,27479,1
4,2798,0
4,33179,3
4,39247,1
4,7383,2
4,22735,2
4,44257,1
4,31088,1
4,36340,3
4,9083,0
4,15792,3
4,25959,1
4,6088,3
4,4081,0
4,21027,0
4,35528,3
4,21574,3
4,44975,1
4,22869,0
4,45401,0
4,46390,3
4,18909,1
4,13760,0
4,46325,3
4,31573,1
4,5598,0
4,14653,0
4,42607,1
4,18739,1
4,40280,2
4,14431,0
4,10258,1
4,48237,2
4,5315,0
4,6454,3
4,9970,2
4,36608,1
4,35543,1
4,39684,1
4,3710,1
4,32336,2
4,4799,2
4,32789,1
4,31443,3
4,36081,3
4,18402,0
4,32410,1
4,47871,2
4,37026,1
4,33357,1
4,3719,2
4,257,2
4,47283,0
4,20811,0
4,10810,0
4,37900,1
4,43967,0
4,20009,0
4,43709,1
4,1536,0
4,25997,3
4,15715,3
4,27088,1
4,34558,3
4,39064,1
4,21089,2
4,41462,0
4,16857,3
4,27129,3
4,13345,0
4,33144,3
4,4196,2
4,24434,3
4,4117,3
4,26180,1
4,10614,1
4,5550,1
4,45716,3
4,10453,3
4,19404,0
4,43224,2
4,18727,0
4,39187,3
4,9112,0
4,30147,0
4,20573,1
4,17136,2
4,21743,3
4,15842,1
4,41793,0
4,29703,1
4,47434,1
4,9029,3
4,11165,1
4,35672,1
4,44643,3
4,7311,0
4,36400,1
4,26611,0
4,44991,3
4,41455,0
4,9769,3
4,4838,0
4,9382,0
4,46886,3
4,26701,3
4,18826,0
4,30046,0
4,30267,0
4,24096,3
4,35572,1
4,45867,2
4,24461,0
4,27092,0
4,15979,1
4,9951,1
4,3840,1
4,28887,3
4,48372,3
4,2679,3
4,27680,1
4,2030,1
4,7418,3
4,3705,3
4,39544,3
4,40289,0
4,5897,0
4,43531,3
4,29779,3
4,10959,2
4,45955,0
4,15384,0
4,26080,3
4,13608,1
4,43455,3
4,17687,0
4,12559,0
4,12981,1
4,6175,1
4,24016,0
4,43045,0
4,6672,1
4,45684,3
4,11526,1
4,25472,0
4,7629,1
4,8501,3
4,14034,0
4,27745,1
4,38141,1
4,43579,3
4,12573,1
4,33798,0
4,30553,0
4,48278,1
4,39367,3
4,22463,3
4,87,2
4,383,3
4,17741,3
4,20501,3
4,18471,2
4,13455,3
4,31873,2
4,21494,1
4,236,3
4,42274,3
4,16104,3
4,40272,0
4,20086,0
4,20978,3
4,47072,0
4,4601,1
4,7797,2
4,27641,3
4,34489,3
4,3851,1
4,37480,3
4,20581,0
4,33474,0
4,31718,3
4,15586,3
4,40742,2
4,10210,0
4,19305,1
4,1621,3
4,41953,1
4,35542,1
4,1903,0
4,15945,2
4,37669,3
4,26317,0
4,14338,3
4,21253,2
4,5378,0
4,8928,1
4,6912,0
4,36964,3
4,20261,3
4,38517,3
4,14428,2
4,32135,0
4,45034,0
4,13727,1
4,80,0
4,36877,0
4,27245,2
4,1883,3
4,23401,3
4,33267,1
4,38454,0
4,47032,1
4,24840,1
4,29412,2
4,13826,0
4,21313,3
4,17078,1
4,47537,3
4,4491,1
4,40410,3
4,46047,1
4,46611,1
4,40535,3
4,41640,3
4,35710,0
4,44668,2
4,5214,3
4,38895,3
4,33222,0
4,47295,3
4,13391,1
4,14048,0
4,36267,3
4,23313,3
4,2663,2
4,5220,1
4,36889,1
4,10954,2
4,22700,1
4,21055,1
4,32358,1
4,31923,1
4,21872,0
4,28619,3
4,45187,1
4,10083,0
4,24115,3
4,16331,0
4,41088,1
4,20107,1
4,1332,1
4,31963,1
4,40436,3
4,29104,1
4,9884,1
4,4284,1
4,5653,1
4,14158,3
4,48234,3
4,4685,2
4,753,3
4,20829,1
4,107,2
4,31901,3
4,15284,3
4,25652,1
4,26138,2
4,47166,2
4,26387,1
4,28810,0
4,26359,1
4,47263,3
4,7144,1
4,25544,1
4,8051,3
4,25053,0
4,14940,2
4,8766,0
4,36787,1
4,33426,1
4,43545,0
4,48165,0
4,21571,1
4,39009,3
4,9289,3
4,20456,0
4,45100,0
4,10670,3
4,18678,3
4,37976,3
4,27132,0
4,6099,2
4,40081,3
4,10532,3
4,45818,1
4,10379,1
4,10997,1
4,27845,3
4,20148,1
4,1556,0
4,9218,1
4,14301,3
4,3854,0
4,4577,2
4,7492,3
4,629,1
4,35052,0
4,20251,0
4,16762,1
4,8012,0
4,17117,1
4,30093,2
4,39353,1
4,28860,3
4,34281,3
4,48483,0
4,16127,0
4,22875,3
4,4901,1
4,9582,2
4,46561,3
4,32613,2
4,17153,1
4,3562,2
4,20171,1
4,22282,2
4,7207,0
4,6548,2
4,26327,0
4,7596,0
4,6262,1
4,35299,3
4,11866,0
4,2465,2
4,16837,1
4,31590,0
4,3230,3
4,19563,2
4,41821,3
4,1849,2
4,36147,3
4,39439,2
4,12997,3
4,5131,3
4,21366,3
4,14136,2
4,39526,1
4,37921,0
4,42247,1
4,7777,1
4,30240,0
4,9846,1
4,24028,0
4,25115,3
4,38198,2
4,6004,0
4,745,3
4,36187,0
4,35840,1
4,34155,1
4,44792,0
4,22437,1
4,36581,0
4,38412,0
4,32494,0
4,27658,2
4,2578,2
4,32032,1
4,26287,3
4,37622,1
4,31185,3
4,39687,1
4,28762,0
4,41933,0
4,38741,1
4,32229,2
4,24187,0
4,30967,3
4,27575,0
4,46664,1
4,16351,0
4,16089,3
4,28513,3
4,47572,3
4,21838,3
4,5890,3
4,37118,0
4,43303,1
4,5700,0
4,43447,2
4,14376,3
4,5532,0
4,13567,2
4,2270,1
4,38052,2
4,35281,3
4,39599,3
4,3774,3
4,13733,1
4,17841,0
4,1727,3
4,45562,0
4,8582,2
4,29360,1
4,40750,0
4,40029,0
4,13801,3
4,27304,0
4,18291,0
4,31790,3
4,46117,0
4,24636,1
4,45358,0
4,8544,1
4,19296,1
4,20319,0
4,19177,0
4,20798,0
4,47467,3
4,24000,3
4,38195,1
4,39102,0
4,298,3
4,21711,3
4,24385,2
4,32849,1
4,47171,0
4,14029,3
4,17055,3
4,40770,3
4,40952,0
4,33560,0
4,509,2
4,46973,1
4,43979,1
4,48045,3
4,40179,2
4,25988,2
4,43353,3
4,27371,0
4,42602,0
4,20885,1
4,5139,0
4,1739,0
4,35124,1
4,11136,1
4,13775,1
4,37123,3
4,21330,1
4,31505,3
4,42534,3
4,41751,3
4,32275,2
4,14163,0
4,9690,3
4,45532,1
4,19104,1
4,17489,3
4,38707,0
4,36572,1
4,28115,3
4,5471,0
4,3092,0
4,34017,0
4,40637,0
4,4437,0
4,17788,2
4,27269,0
4,18171,3
4,42265,0
4,19906,0
4,16016,3
4,40786,2
4,28470,1
4,29604,0
4,31874,3
4,14098,3
4,129,1
4,39128,3
4,17089,3
4,32904,2
4,5430,1
4,14054,2
4,35078,0
4,18397,2
4,2693,3
4,45331,1
4,26252,0
4,39081,0
4,25098,3
4,11803,0
4,806,3
4,15829,0
4,31074,0
4,9076,0
4,35761,3
4,8450,2
4,45272,3
4,24172,1
4,48709,0
4,7077,0
4,11573,1
4,22899,3
4,47382,1
4,48276,1
4,44963,2
4,40141,3
4,21241,0
4,9100,2
4,21675,2
4,11898,0
4,4348,1
4,9096,3
4,20246,3
4,6273,0
4,26136,1
4,25966,2
4,2971,0
4,19113,3
4,8921,0
4,41975,0
4,45354,0
4,14567,2
4,5410,0
4,48788,1
4,17584,1
4,6025,0
4,16593,3
4,32905,3
4,42428,0
4,8810,0
4,31842,1
4,8972,1
4,9331,2
4,26605,1
4,8220,1
4,36207,3
4,20127,2
4,24759,0
4,2087,0
4,24276,1
4,14056,2
4,30880,0
4,1273,0
4,23702,0
4,32028,3
4,20361,3
4,16338,1
4,17949,3
4,34461,3
4,17529,0
4,11368,2
4,870,1
4,30720,1
4,3539,1
4,14370,1
4,3935,1
4,7281,3
4,29863,0
4,18884,2
4,13250,3
4,18973,0
4,37693,1
4,12135,3
4,15002,3
4,23632,2
4,32698,1
4,22214,2
4,24908,2
4,5379,1
4,17928,1
4,6193,0
4,2230,1
4,34310,3
4,36509,0
4,24837,0
4,42103,0
4,16788,2
4,954,2
4,41951,0
4,17634,3
4,47903,0
4,5898,1
4,30522,2
4,25432,2
4,4144,1
4,14208,1
4,31238,3
4,40588,3
4,36109,0
4,9745,1
4,27338,0
4,20193,1
4,37791,0
4,18372,3
4,25125,0
4,36085,1
4,29577,0
4,13053,1
4,3877,0
4,35468,1
4,20980,1
4,11143,3
4,38977,0
4,13234,1
4,4738,3
4,22348,2
4,10638,3
4,21747,3
4,20701,0
4,41016,3
4,4681,0
4,4373,0
4,29464,0
4,29586,3
4,1794,1
4,32568,1
4,44072,3
4,3040,3
4,34954,0
4,33423,0
4,8770,2
4,4334,1
4,42691,3
4,22987,3
4,41140,1
4,43757,0
4,8034,2
4,31188,2
4,17088,0
4,13780,0
4,12537,1
4,21095,1
4,26500,1
4,7838,1
4,40027,1
4,23381,3
4,75,1
4,28729,0
4,19322,2
4,8948,2
4,36902,0
4,41165,1
4,35308,0
4,6255,0
4,21527,2
4,7599,1
4,43055,1
4,18713,1
4,31360,3
4,15549,0
4,43740,2
4,24806,3
4,20981,1
4,3035,1
4,35039,0
4,8219,1
4,16947,0
4,10760,0
4,12877,1
4,29361,1
4,33152,3
4,21006,3
4,4617,2
4,29732,1
4,26502,1
4,22645,2
4,26304,3
4,14016,3
4,48548,2
4,36799,1
4,99,1
4,46596,1
4,3417,1
4,32978,2
4,18637,3
4,41353,0
4,33835,1
4,44468,1
4,31953,1
4,21355,3
4,22315,0
4,38808,0
4,10528,1
4,44176,1
4,14037,3
4,14311,3
4,16990,1
4,8756,2
4,17456,0
4,19741,0
4,13645,3
4,33664,1
4,29894,1
4,4270,1
4,10004,0
4,15225,1
4,41594,3
4,38386,3
4,43019,3
4,33604,3
4,27879,2
4,27775,1
4,39737,1
4,43407,3
4,30927,0
4,23460,0
4,22351,1
4,30876,3
4,36650,2
4,4237,2
4,38518,3
4,26570,3
4,41316,0
4,38189,1
4,48014,2
4,6242,2
4,33262,1
4,30013,3
4,3998,0
4,22989,2
4,7237,3
4,18095,3
4,13286,1
4,22457,1
4,33364,0
4,21327,0
4,18353,1
4,24486,0
4,17931,0
4,2153,3
4,46728,1
4,42970,0
4,31370,3
4,523,1
4,25573,0
4,28588,1
4,1583,1
4,45458,1
4,42010,0
4,9212,0
4,36362,1
4,17890,1
4,21955,0
4,40257,3
4,12218,2
4,11844,1
4,17320,0
4,46968,0
4,44245,3
4,21304,1
4,12847,0
4,4657,3
4,32138,3
4,27294,3
4,38468,1
4,46189,3
4,31085,0
4,29418,2
4,46454,0
4,45527,2
4,18328,0
4,34257,1
4,10050,3
4,31822,1
4,32642,3
4,20794,1
4,42111,1
4,26133,0
4,25049,3
4,25077,0
4,29539,3
4,43436,2
4,25718,1
4,47890,3
4,13642,0
4,11374,1
4,41474,3
4,23010,1
4,16651,3
4,178,1
4,18443,0
4,21551,1
4,6291,3
4,24156,1
4,25014,0
4,5134,2
4,29406,0
4,11056,3
4,35575,0
4,26519,3
4,41001,1
4,20121,2
4,44067,0
4,33647,0
4,10412,1
4,32750,3
4,20959,1
4,11793,2
4,42938,1
4,40456,1
4,43487,2
4,9404,2
4,32717,0
4,2685,1
4,27614,0
4,40634,0
4,5961,1
4,6851,1
4,10476,3
4,20167,3
4,33418,2
4,11019,0
4,5998,1
4,8838,0
4,8438,1
4,34922,0
4,12087,1
4,6047,0
4,36138,0
4,19919,0
4,34288,3
4,7484,3
4,4099,3
4,14065,3
4,22475,2
4,40671,0
4,46696,3
4,13066,1
4,18710,3
4,15440,2
4,38452,2
4,15030,1
4,12024,0
4,24444,0
4,21279,1
4,32500,1
4,33889,0
4,23766,0
4,17794,3
4,47889,3
4,32666,0
4,27303,3
4,11194,2
4,40651,1
4,41489,0
4,15552,3
4,20149,1
4,21459,0
4,41614,3
4,44436,1
4,30792,0
4,7387,0
4,24949,3
4,39979,0
4,12841,1
4,45656,0
4,19036,1
4,6278,2
4,4794,3
4,20860,0
4,15961,1
4,19985,0
4,43853,1
4,34770,1
4,25983,1
4,37155,3
4,31285,3
4,10650,2
4,34764,2
4,45529,3
4,24823,2
4,17285,2
4,43723,0
4,35570,3
4,11401,2
4,41844,3
4,33437,3
4,33320,0
4,18057,1
4,43868,1
4,17043,2
4,34799,1
4,42370,1
4,46841,1
4,48769,3
4,17514,0
4,14652,3
4,29404,3
4,27758,3
4,23789,1
4,18359,1
4,47212,0
4,25688,3
4,21320,1
4,40600,0
4,31305,3
4,14077,3
4,27631,0
4,44627,0
4,23544,3
4,24591,3
4,47142,1
4,34484,1
4,3408,0
4,46539,1
4,8246,0
4,8748,3
4,35101,1
4,10677,3
4,30939,3
4,3901,1
4,2174,0
4,47410,2
4,40668,0
4,30255,1
4,16255,3
4,25529,2
4,43347,1
4,26070,1
4,38513,3
4,13814,1
4,9047,3
4,47898,0
4,26050,1
4,39585,3
4,28954,0
4,43741,1
4,39153,2
4,37274,1
4,15324,0
4,12609,0
4,18700,3
4,28902,2
4,8955,2
4,23487,1
4,6776,1
4,30903,0
4,13703,3
4,29408,0
4,32941,0
4,19977,3
4,16133,1
4,42951,1
4,16601,0
4,4903,0
4,6715,0
4,35415,0
4,5173,1
4,17109,1
4,10474,1
4,43703,1
4,12259,1
4,18229,2
4,28429,0
4,7585,3
4,33531,0
4,32152,3
4,41870,0
4,35517,3
4,29108,3
4,24341,1
4,46634,3
4,12712,3
4,5487,0
4,18707,1
4,10485,1
4,19157,2
4,17338,1
4,39170,0
4,29734,0
4,39303,3
4,42091,1
4,23977,3
4,42237,0
4,26110,2
4,25427,2
4,47173,3
4,30547,1
4,47215,3
4,24029,1
4,8081,2
4,10248,3
4,14892,3
4,20438,0
4,37724,1
4,14623,2
4,33374,3
4,16113,3
4,12080,3
4,46447,1
4,41480,2
4,10053,0
4,44181,2
4,36301,0
4,46903,2
4,17322,0
4,38025,0
4,39917,1
4,29331,1
4,24978,3
4,25070,0
4,20777,2
4,11054,3
4,8229,0
4,25238,1
4,10686,1
4,35671,1
4,23281,0
4,46365,0
4,19882,0
4,18180,1
4,35691,1
4,40734,3
4,20670,1
4,32797,0
4,10573,1
4,6580,2
4,44922,1
4,29182,3
4,27706,1
4,45130,3
4,5121,0
4,11423,3
4,5524,2
4,9819,3
4,13943,1
4,11178,1
4,33638,2
4,5614,1
4,33382,1
4,9618,0
4,19190,0
4,41987,3
4,9736,0
4,3773,1
4,44750,1
4,47204,3
4,31295,1
4,15766,0
4,36969,2
4,1453,1
4,23226,0
4,23811,3
4,29489,3
4,35839,2
4,33950,2
4,23809,1
4,8463,1
4,31099,0
4,38087,0
4,19725,0
4,18891,2
4,39209,3
4,35036,1
4,26848,3
4,12680,0
4,7189,0
4,2715,1
4,7123,2
4,10387,2
4,10287,1
4,40159,2
4,21842,0
4,7330,3
4,1909,0
4,33130,3
4,23098,2
4,23945,0
4,37649,2
4,41712,0
4,26976,2
4,19152,1
4,15942,3
4,47706,3
4,11646,1
4,23129,0
4,39528,3
4,3551,0
4,28272,1
4,18571,1
4,12095,3
4,16023,3
4,24416,0
4,7294,1
4,25853,2
4,14023,1
4,43137,3
4,26346,0
4,1288,0
4,11860,0
4,40039,1
4,1551,0
4,19054,0
4,42114,0
4,20757,2
4,26029,3
4,21043,2
4,13601,1
4,37030,2
4,40561,2
4,8251,0
4,23938,3
4,13515,0
4,17874,0
4,30675,0
4,44689,0
4,13940,3
4,1490,1
4,34165,2
4,32662,3
4,6613,3
4,28721,3
4,48567,3
4,35902,0
4,32399,0
4,13091,0
4,37223,0
4,28358,1
4,19993,1
4,24418,1
4,36849,2
4,1348,3
4,43813,1
4,40422,3
4,32157,0
4,15774,0
4,6603,3
4,37855,3
4,23394,3
4,27407,3
4,32600,0
4,31171,1
4,37854,3
4,24583,3
4,20012,0
4,19106,3
4,6880,1
4,35386,0
4,29387,3
4,18280,3
4,7829,0
4,29868,0
4,40582,2
4,27792,2
4,44380,0
4,8687,3
4,4866,0
4,11040,0
4,18152,1
4,45101,1
4,1819,2
4,14348,1
4,23092,0
4,13832,3
4,27756,0
4,35150,1
4,5596,3
4,42421,1
4,46992,0
4,39667,2
4,31040,1
4,16567,2
4,1192,0
4,3812,1
4,1349,3
4,14456,0
4,30625,3
4,44090,0
4,18416,1
4,41749,1
4,47827,2
4,35732,3
4,9601,3
4,17989,0
4,38375,1
4,4975,3
4,37608,0
4,48666,1
4,24945,2
4,47146,2
4,43713,0
4,13259,1
4,4097,2
4,10017,2
4,32561,1
4,28863,1
4,30403,0
4,28507,0
4,13855,0
4,31858,3
4,34476,0
4,45200,0
4,30482,1
4,34981,3
4,14084,1
4,37670,1
4,37920,3
4,40666,1
4,43650,3
4,40064,1
4,24446,1
4,39768,3
4,25185,3
4,32835,1
4,39023,0
4,5953,0
4,47900,1
4,26797,2
4,20103,0
4,7879,2
4,3339,1
4,24884,0
4,40778,1
4,10811,3
4,34342,2
4,22400,1
4,32742,3
4,41995,1
4,35485,1
4,31687,2
4,7254,3
4,5865,0
4,43202,2
4,37081,0
4,38629,3
4,25860,1
4,10105,3
4,46339,1
4,30823,0
4,26984,3
4,30228,0
4,48773,0
4,26151,1
4,27882,3
4,5795,1
4,28433,1
4,12364,3
4,12418,3
4,36036,3
4,6196,1
4,14937,1
4,36906,3
4,640,1
4,21822,1
4,32746,2
4,30953,0
4,3847,1
4,47935,3
4,16622,3
4,40706,3
4,12819,0
4,48229,3
4,10995,3
4,18266,3
4,43069,2
4,43050,0
4,24813,1
4,10413,0
4,29744,3
4,7342,3
4,31848,2
4,4372,3
4,33183,3
4,14160,3
4,19091,0
4,14615,0
4,18219,3
4,27328,0
4,42270,3
4,42436,1
4,27733,1
4,4361,3
4,28741,1
4,47376,0
4,24567,3
4,18253,0
4,46203,2
4,13693,0
4,25309,1
4,13136,0
4,16575,3
4,11775,3
4,37536,1
4,14971,1
4,10675,1
4,44929,1
4,23434,1
4,48599,0
4,30671,3
4,4644,3
4,8072,1
4,32155,1
4,10994,3
4,26759,1
4,40001,1
4,8701,2
4,9721,0
4,31217,2
4,4631,2
4,11168,2
4,23640,0
4,18781,2
4,3862,1
4,26599,3
4,32472,3
4,11980,0
4,47632,3
4,5681,3
4,9360,3
4,26635,0
4,33945,3
4,43858,3
4,14025,0
4,21878,3
4,9638,1
4,36000,1
4,10565,1
4,12425,0
4,40112,0
4,42509,1
4,27603,1
4,21909,2
4,29319,1
4,33896,1
4,29962,1
4,15615,1
4,47960,2
4,24580,1
4,28025,1
4,18679,0
4,11376,1
4,44406,1
4,39878,2
4,43071,1
4,5416,1
4,7529,2
4,39771,1
4,30659,0
4,40895,2
4,28188,2
4,25424,1
4,2757,0
4,13837,3
4,25998,1
4,18990,3
4,25451,1
4,11021,0
4,7261,3
4,17395,3
4,25892,3
4,47973,0
4,8784,3
4,10153,3
4,48570,1
4,20949,1
4,10171,0
4,32791,0
4,25292,0
4,36533,1
4,25171,0
4,25650,1
4,37788,1
4,45748,1
4,26765,3
4,5066,0
4,33689,0
4,47286,1
4,38348,1
4,43528,3
4,14750,2
4,41740,0
4,40352,0
4,37361,2
4,47326,0
4,38152,1
4,19760,3
4,34739,3
4,32722,3
4,48475,1
4,14282,0
4,19389,2
4,37221,3
4,45246,1
4,19238,3
4,32627,3
4,3373,1
4,43049,1
4,36592,1
4,38431,1
4,37419,1
4,35958,1
4,17203,1
4,39654,3
4,30073,0
4,30488,2
4,16363,0
4,6356,3
4,14565,1
4,11488,0
4,34499,0
4,13998,0
4,38812,0
4,18859,0
4,11878,3
4,18292,3
4,2041,0
4,2312,1
4,11097,3
4,4362,0
4,46187,0
4,31093,0
4,7290,1
4,1417,0
4,22455,3
4,27376,3
4,46380,0
4,37142,1
4,42733,1
4,7840,2
4,22102,3
4,13371,2
4,8952,2
4,36385,0
4,18401,1
4,29400,0
4,41810,3
4,37392,0
4,6934,1
4,10778,0
4,45072,3
4,22215,1
4,36305,0
4,35688,1
4,16208,0
4,38248,0
4,22152,1
4,39253,0
4,18652,2
4,27696,1
4,22308,1
4,16187,1
4,25354,3
4,10183,3
4,8929,3
4,37975,3
4,34860,3
4,40790,1
4,21419,0
4,16520,2
4,47279,0
4,14827,3
4,36409,3
4,706,0
4,10644,0
4,30978,1
4,35988,0
4,4463,3
4,8579,2
4,41773,2
4,9434,1
4,48399,1
4,31302,1
4,44076,1
4,43553,3
4,8309,1
4,35943,1
4,17703,1
4,28593,3
4,1437,0
4,33402,1
4,41471,3
4,534,0
4,7615,3
4,3529,3
4,24507,3
4,40492,1
4,45320,2
4,14889,3
4,22877,3
4,15654,0
4,20737,1
4,23414,0
4,46376,3
4,15941,0
4,33477,0
4,9600,3
4,29434,0
4,17877,0
4,4006,0
4,14736,2
4,12036,0
4,30699,3
4,7939,2
4,32198,0
4,6601,1
4,4147,1
4,48414,1
4,7393,1
4,47058,0
4,38981,1
4,751,2
4,684,1
4,19215,3
4,6209,0
4,38735,0
4,26227,3
4,6452,0
4,6688,1
4,47835,2
4,30985,0
4,2150,1
4,34042,3
4,18330,1
4,10419,1
4,3760,3
4,24552,3
4,22018,1
4,12883,1
4,26403,3
4,23372,3
4,8903,3
4,3909,0
4,19295,2
4,44541,1
4,15561,2
4,33032,0
4,30590,1
4,27514,1
4,8536,0
4,124,3
4,30770,0
4,14229,2
4,18569,2
4,252,1
4,41915,3
4,9110,1
4,36664,0
4,33704,3
4,1629,1
4,35332,3
4,16907,1
4,15314,0
4,12776,2
4,46191,3
4,46674,2
4,28209,2
4,38884,3
4,41982,3
4,40396,1
4,1890,3
4,29665,3
4,27990,0
4,10748,3
4,29468,3
4,37052,3
4,13146,3
4,24668,0
4,14825,1
4,41632,3
4,22201,1
4,34947,3
4,7507,1
4,31354,3
4,45813,3
4,34268,3
4,17923,3
4,36723,3
4,14164,0
4,20854,1
4,25275,0
4,14684,1
4,40005,3
4,3681,3
4,32254,3
4,25102,3
4,2132,0
4,5879,3
4,16844,0
4,9818,3
4,39652,3
4,6093,1
4,7958,1
4,39076,3
4,21394,1
4,18436,0
4,26345,3
4,740,2
4,21109,1
4,45822,1
4,26773,0
4,20991,3
4,46260,2
4,47080,1
4,41457,3
4,8654,3
4,19559,1
4,24463,0
4,12826,2
4,29423,1
4,7836,1
4,25701,3
4,34517,1
4,38446,3
4,34788,1
4,33681,1
4,15189,0
4,9179,0
4,4168,1
4,13546,3
4,5241,3
4,16657,2
4,29591,0
4,48099,1
4,46327,1
4,8779,0
4,3355,1
4,3595,3
4,44327,0
4,38509,2
4,10395,1
4,22818,0
4,16126,3
4,33406,3
4,42925,2
4,47622,3
4,18627,3
4,9603,0
4,16366,1
4,9121,2
4,19332,1
4,5974,3
4,45317,1
4,42298,2
4,22581,3
4,38423,3
4,25685,1
4,3714,1
4,7296,1
4,5972,3
4,6233,0
4,30074,1
4,31291,3
4,12296,1
4,34693,1
4,23179,0
4,3709,0
4,1515,1
4,45334,3
4,39906,3
4,21921,3
4,36806,2
4,19346,0
4,16824,1
4,17602,2
4,34091,3
4,15475,3
4,3486,0
4,281,2
4,33784,3
4,1690,2
4,34368,1
4,24445,1
4,47672,0
4,14607,2
4,22180,2
4,35626,3
4,17097,0
4,20265,2
4,44642,2
4,44064,3
4,47715,1
4,33420,1
4,21139,3
4,34332,0
4,16421,1
4,44387,1
4,33520,1
4,8535,3
4,39339,0
4,3757,3
4,47489,3
4,24994,3
4,26495,0
4,7267,0
4,32137,0
4,12664,3
4,1217,0
4,40253,0
4,4914,3
4,32594,0
4,5262,1
4,23238,1
4,36266,1
4,38847,0
4,20493,1
4,14436,1
4,17709,0
4,2475,3
4,48427,1
4,685,1
4,13303,3
4,19567,0
4,33574,0
4,28159,1
4,4121,1
4,18276,3
4,28609,3
4,23933,2
4,13766,2
4,43974,2
4,24862,0
4,36387,0
4,45467,1
4,48246,1
4,17777,1
4,4636,0
4,3548,2
4,27167,3
4,45341,1
4,28108,2
4,24758,0
4,43864,1
4,14592,3
4,10202,3
4,17168,3
4,11964,3
4,312,1
4,10377,0
4,26425,0
4,32560,3
4,14762,0
4,11859,1
4,42886,1
4,2443,3
4,45287,3
4,41409,1
4,47341,1
4,23919,2
4,44193,0
4,11883,1
4,14548,0
4,47288,1
4,5128,1
4,16892,3
4,20837,1
4,19938,1
4,30813,0
4,44040,3
4,1507,2
4,43833,1
4,43520,3
4,33414,0
4,45421,1
4,22793,0
4,23307,0
4,20710,0
4,29698,1
4,23557,2
4,12494,0
4,18958,0
4,25733,1
4,41670,1
4,25119,2
4,13729,3
4,1824,0
4,46456,3
4,31689,0
4,35614,1
4,46239,1
4,36121,2
4,35070,1
4,8734,1
4,36573,0
4,27490,1
4,28417,3
4,37638,0
4,102,0
4,8236,0
4,17886,2
4,46774,3
4,43615,1
4,37646,3
4,15580,3
4,25702,3
4,33415,0
4,11022,2
4,44869,1
4,10798,3
4,28372,1
4,9528,1
4,26417,3
4,19610,3
4,28215,2
4,19686,0
4,33938,3
4,30531,1
4,38325,0
4,16701,2
4,39334,3
4,18271,3
4,7695,0
4,18378,3
4,26438,1
4,10737,1
4,2171,3
4,36153,1
4,23447,2
4,39182,1
4,17938,0
4,25276,1
4,13522,0
4,44315,1
4,41790,1
4,36442,3
4,13952,0
4,43031,3
4,38543,1
4,10399,3
4,33284,0
4,48232,3
4,13610,0
4,44470,1
4,40417,1
4,9804,1
4,25796,2
4,14094,2
4,21431,1
4,10244,2
4,36051,0
4,48526,1
4,911,1
4,22339,1
4,22566,0
4,35665,1
4,17421,1
4,4495,3
4,47130,1
4,16178,0
4,37080,2
4,10949,1
4,26566,2
4,25327,2
4,23783,3
4,18011,0
4,45345,1
4,8854,3
4,7128,0
4,21354,3
4,32989,2
4,2062,0
4,41713,0
4,43855,2
4,36453,0
4,15613,3
4,48407,3
4,12685,3
4,40899,2
4,10692,1
4,30827,2
4,44347,3
4,23020,1
4,18864,1
4,7238,1
4,12188,1
4,45507,3
4,48470,3
4,12857,0
4,9281,2
4,25955,3
4,6238,0
4,17195,1
4,20307,1
4,46194,0
4,18389,1
4,15880,0
4,47049,3
4,46856,2
4,30661,3
4,9146,0
4,1594,0
4,6410,1
4,16220,1
4,20504,1
4,19073,0
4,36496,0
4,19849,1
4,10034,1
4,18704,1
4,8561,2
4,36014,0
4,33208,0
4,24282,3
4,21005,1
4,39062,1
4,34629,2
4,12992,0
4,14901,1
4,18640,0
4,21732,3
4,5049,1
4,11118,1
4,35480,3
4,12164,3
4,35713,0
4,18586,3
4,23280,0
4,39689,1
4,4394,2
4,26044,3
4,20498,3
4,38317,1
4,29633,1
4,42788,2
4,9300,2
4,28419,0
4,16983,3
4,35479,1
4,29688,3
4,40537,2
4,3707,2
4,5873,3
4,25517,2
4,45632,2
4,40004,1
4,32684,1
4,40912,2
4,6366,0
4,27593,0
4,32940,3
4,23786,1
4,1102,1
4,41408,0
4,26662,3
4,37870,3
4,18716,3
4,1664,1
4,18150,0
4,36838,0
4,1591,0
4,34312,1
4,16502,1
4,48209,1
4,29954,0
4,32368,0
4,30062,3
4,34023,1
4,39030,3
4,12722,1
4,34107,1
4,33257,0
4,46170,3
4,22806,3
4,42726,0
4,38935,0
4,28382,1
4,7837,2
4,25903,0
4,14498,0
4,28276,0
4,6952,2
4,25356,1
4,27291,0
4,42230,0
4,10878,0
4,36687,1
4,41242,1
4,1338,1
4,4978,2
4,44893,1
4,89,2
4,11001,3
4,1675,0
4,40731,3
4,40820,2
4,4113,3
4,21146,1
4,6289,0
4,35810,3
4,42319,0
4,41746,1
4,40759,1
4,3843,3
4,10558,2
4,23341,0
4,39784,0
4,15418,3
4,39299,3
4,45131,0
4,26647,3
4,39701,3
4,48042,1
4,6446,3
4,19895,2
4,22396,0
4,47464,1
4,38241,0
4,33703,3
4,5793,0
4,35926,1
4,27060,1
4,18605,0
4,12989,1
4,27690,3
4,14345,1
4,25782,0
4,45790,0
4,20334,1
4,41765,1
4,15935,0
4,39730,1
4,10174,3
4,41245,0
4,4783,2
4,20374,2
4,14583,0
4,16229,2
4,13595,3
4,10138,3
4,32230,2
4,7603,3
4,14770,2
4,13684,1
4,45037,3
4,41200,2
4,43517,3
4,42622,1
4,4341,3
4,10902,3
4,14683,1
4,41492,3
4,26967,3
4,24765,0
4,12752,0
4,47040,3
4,4472,3
4,6091,1
4,27710,2
4,45802,3
4,38904,0
4,32649,1
4,17009,0
4,26650,3
4,31766,0
4,38605,3
4,9092,0
4,20093,3
4,45502,1
4,18293,0
4,15169,3
4,1750,1
4,22537,1
4,11989,0
4,14146,1
4,24683,1
4,25902,0
4,42786,0
4,2158,3
4,10087,3
4,22313,3
4,2078,3
4,14743,1
4,1607,0
4,36330,3
4,22134,1
4,8739,3
4,34955,0
4,37968,0
4,10218,2
4,8488,1
4,16713,0
4,3329,2
4,14212,1
4,34386,0
4,21837,3
4,2477,1
4,35811,1
4,35053,1
4,7573,3
4,10600,3
4,4402,0
4,37463,3
4,37108,0
4,27417,2
4,30266,0
4,11420,1
4,18420,0
4,6567,0
4,9535,0
4,6752,0
4,14816,0
4,9217,3
4,33984,3
4,46021,2
4,6467,3
4,42038,3
4,47277,3
4,29941,2
4,2907,2
4,5937,0
4,4040,1
4,32546,3
4,26625,1
4,34323,1
4,10922,0
4,28493,0
4,42346,3
4,48105,2
4,36099,3
4,838,1
4,37620,2
4,25977,3
4,35233,1
4,14154,1
4,2793,0
4,1225,0
4,14466,3
4,42552,3
4,14666,0
4,46703,1
4,15011,0
4,12031,1
4,47107,1
4,35320,1
4,12232,0
4,31152,0
4,19263,1
4,33484,3
4,23500,1
4,44997,0
4,30871,1
4,8665,1
4,21231,3
4,38444,1
4,43971,0
4,43279,0
4,9848,3
4,44254,1
4,10255,3
4,13474,0
4,22008,1
4,43668,1
4,36862,2
4,8705,2
4,14184,0
4,42505,1
4,31978,0
4,45895,3
4,25739,0
4,44622,0
4,16835,1
4,8635,0
4,7022,1
4,45618,2
4,9216,1
4,18040,0
4,44656,0
4,27799,3
4,15129,3
4,6042,0
4,2095,1
4,17017,1
4,12304,1
4,19514,3
4,35422,1
4,888,3
4,16304,2
4,25562,1
4,41531,3
4,47549,3
4,32392,0
4,28042,3
4,37314,3
4,43944,3
4,30501,3
4,32346,3
4,11711,0
4,18390,2
4,15237,3
4,13548,2
4,26858,2
4,46474,3
4,16683,0
4,16037,0
4,18062,3
4,42172,3
4,17374,3
4,15723,1
4,23029,0
4,24589,3
4,34938,0
4,11248,0
4,47102,2
4,29740,1
4,33522,3
4,30368,3
4,27010,1
4,36632,0
4,46979,1
4,20841,3
4,27768,1
4,2275,1
4,6441,1
4,28018,3
4,33815,2
4,20066,1
4,37411,0
4,41660,3
4,12096,1
4,39241,1
4,19694,1
4,7698,1
4,8643,2
4,23561,3
4,28064,2
4,11942,3
4,46871,1
4,6949,0
4,27078,1
4,25728,1
4,22044,3
4,17137,1
4,31402,2
4,6795,3
4,5705,0
4,23708,1
4,21560,1
4,27439,3
4,33797,1
4,19900,0
4,3837,0
4,3586,2
4,35921,2
4,28918,0
4,21512,2
4,4896,3
4,20564,3
4,14426,1
4,12477,0
4,33014,3
4,16845,1
4,26654,1
4,26896,2
4,29655,2
4,30493,0
4,39420,0
4,43596,3
4,37589,2
4,10423,2
4,32692,0
4,10580,1
4,20038,0
4,1414,2
4,42295,1
4,19064,3
4,25265,1
4,3988,3
4,9226,0
4,39962,2
4,26245,0
4,30392,1
4,44197,0
4,3374,2
4,31168,3
4,1555,0
4,19813,0
4,12354,1
4,18945,2
4,30588,0
4,46572,3
4,1307,0
4,21491,0
4,16414,1
4,4534,2
4,35057,0
4,4744,1
4,4104,3
4,32971,2
4,43780,0
4,42125,1
4,27982,3
4,8984,3
4,23641,2
4,25709,1
4,37240,0
4,1979,3
4,4887,0
4,25413,3
4,27217,3
4,45635,1
4,11427,0
4,36059,3
4,11569,3
4,14591,2
4,34959,3
4,20843,2
4,1402,1
4,15625,0
4,14873,1
4,42086,1
4,12528,3
4,26723,0
4,35896,3
4,33116,3
4,27422,1
4,18926,0
4,11795,0
4,37281,1
4,27297,1
4,1350,1
4,48458,2
4,43235,1
4,5935,2
4,22664,3
4,45710,3
4,5190,2
4,38143,0
4,16033,0
4,39066,0
4,36661,0
4,31214,3
4,24160,2
4,30987,3
4,15415,1
4,34193,1
4,20697,1
4,23309,0
4,47597,0
4,31769,3
4,31290,1
4,25147,1
4,2055,0
4,9794,1
4,3904,0
4,20787,1
4,48539,0
4,14956,3
4,48727,1
4,42132,2
4,13632,3
4,46204,3
4,15916,1
4,20480,1
4,31063,3
4,10285,0
4,28559,3
4,3195,3
4,23308,0
4,45161,3
4,13523,0
4,33127,1
4,5945,3
4,12828,3
4,8944,2
4,9900,0
4,17601,1
4,16382,3
4,14138,0
4,42389,1
4,33311,2
4,10703,0
4,12914,1
4,25120,1
4,24601,1
4,18556,1
4,9658,2
4,19967,1
4,45850,3
4,24585,0
4,2544,2
4,8269,2
4,2461,2
4,215,3
4,25065,1
4,44487,1
4,25679,3
4,13500,1
4,27617,3
4,11133,0
4,39320,1
4,25253,1
4,478,1
4,28562,0
4,12591,1
4,5279,1
4,38672,1
4,26755,1
4,15249,0
4,40874,3
4,26526,3
4,27785,1
4,42523,0
4,21199,0
4,41895,3
4,36221,1
4,9325,3
4,31527,0
4,6052,2
4,15990,2
4,43727,3
4,23139,3
4,18896,3
4,43091,2
4,1792,0
4,24747,2
4,23358,0
4,8398,2
4,16142,2
4,9031,0
4,45788,3
4,36640,1
4,27703,0
4,8116,0
4,32356,3
4,14649,0
4,41834,3
4,12389,3
4,44885,0
4,14641,2
4,23264,3
4,21444,2
4,23206,3
4,3376,0
4,42518,3
4,26939,2
4,7174,1
4,28820,3
4,23310,3
4,48480,3
4,38001,0
4,33441,0
4,40482,3
4,20183,0
4,21047,1
4,42381,0
4,40310,0
4,22381,1
4,41218,0
4,47109,0
4,13143,2
4,26847,1
4,30024,3
4,42482,1
4,42136,3
4,6822,1
4,22220,1
4,24647,0
4,12838,2
4,37,2
4,28804,3
4,42638,3
4,300,1
4,48600,1
4,40376,0
4,12227,1
4,36737,1
4,38398,3
4,45441,1
4,29089,0
4,22983,1
4,30900,0
4,6240,1
4,23725,3
4,4559,3
4,10391,0
4,41224,0
4,21510,0
4,26604,0
4,31431,2
4,42200,3
4,44427,0
4,35461,0
4,9831,3
4,3933,2
4,17750,2
4,43873,0
4,16065,3
4,20419,1
4,21475,0
4,28744,3
4,45680,3
4,11968,1
4,23624,1
4,14396,1
4,26477,1
4,37793,3
4,5905,0
4,45196,1
4,28985,0
4,36548,0
4,26503,3
4,17686,0
4,38701,1
4,40147,0
4,46758,3
4,27627,3
4,47630,3
4,6501,1
4,37204,1
4,24763,0
4,34916,0
4,5313,1
4,22857,1
4,48129,0
4,5965,2
4,17086,3
4,6618,1
4,42753,1
4,213,2
4,3938,1
4,36628,0
4,28463,1
4,37127,1
4,32503,0
4,45911,3
4,13036,1
4,22890,3
4,10332,3
4,217,2
4,18190,1
4,9339,3
4,4257,3
4,1823,0
4,36140,0
4,3463,1
4,22404,3
4,28223,3
4,27209,3
4,24816,1
4,2450,2
4,19795,3
4,46437,1
4,30492,3
4,3560,1
4,16780,0
4,10799,1
4,31189,3
4,6386,0
4,9482,0
4,41776,0
4,7547,0
4,38223,0
4,12697,1
4,11665,1
4,39365,1
4,16944,0
4,7374,3
4,14672,2
4,18760,1
4,31426,0
4,5367,3
4,9405,3
4,35824,1
4,37727,0
4,22170,2
4,28323,0
4,13244,2
4,27612,3
4,10805,3
4,6259,1
4,7030,3
4,7706,0
4,25489,1
4,38015,3
4,13971,1
4,41060,3
4,2796,1
4,43280,0
4,30979,3
4,33030,0
4,9462,1
4,20282,3
4,18520,3
4,26487,1
4,39993,0
4,31677,1
4,10190,2
4,41642,2
4,41157,0
4,30830,0
4,30251,0
4,22907,3
4,15914,1
4,22605,3
4,8226,3
4,21229,1
4,26264,3
4,20595,1
4,5663,3
4,32751,3
4,23237,3
4,8290,0
4,3183,1
4,36406,3
4,11185,0
4,15336,3
4,13282,3
4,1034,3
4,23337,0
4,44637,3
4,32312,1
4,21019,1
4,5717,0
4,9505,0
4,21933,1
4,39183,1
4,45132,1
4,40437,0
4,20990,0
4,7642,1
4,15149,3
4,5417,0
4,17888,0
4,25166,0
4,38990,2
4,6429,3
4,4915,1
4,40739,1
4,10611,3
4,14140,1
4,13996,0
4,24623,0
4,8566,1
4,5976,3
4,40049,3
4,4672,3
4,18461,3
4,43288,0
4,30585,3
4,33476,1
4,20091,3
4,20115,0
4,36743,3
4,38106,2
4,37944,0
4,12178,1
4,40462,3
4,29752,1
4,42674,3
4,37182,0
4,35915,0
4,3841,1
4,34043,0
4,8338,0
4,48332,3
4,10120,1
4,46685,3
4,35851,0
4,25447,0
4,35762,2
4,45425,0
4,37988,1
4,3820,1
4,39418,0
4,23983,3
4,24232,1
4,2774,1
4,12021,3
4,21311,3
4,35043,1
4,44131,0
4,11114,0
4,18788,0
4,4342,3
4,28626,1
4,4892,3
4,30663,0
4,4724,1
4,33999,0
4,11261,3
4,7396,3
4,19998,3
4,14070,1
4,19496,0
4,36440,1
4,23999,0
4,44080,1
4,16767,0
4,44343,3
4,18419,2
4,30836,3
4,21550,2
4,6422,3
4,28578,1
4,16671,0
4,32562,1
4,6056,1
4,9043,2
4,30662,3
4,45160,1
4,26894,2
4,40881,1
4,36997,1
4,6462,1
4,11477,3
4,21598,0
4,1134,1
4,36922,0
4,12421,0
4,19016,1
4,30408,2
4,15117,0
4,45359,3
4,11402,1
4,1181,2
4,16017,2
4,27322,3
4,4976,0
4,45180,3
4,22632,0
4,39167,0
4,30648,3
4,21659,3
4,15288,0
4,14394,3
4,43015,2
4,20889,0
4,6282,1
4,6540,3
4,41616,0
4,31209,3
4,43522,3
4,42393,1
4,36491,2
4,28436,0
4,8009,0
4,25750,2
4,24503,0
4,28823,3
4,13984,0
4,21462,3
4,11639,0
4,7715,0
4,20979,0
4,3915,3
4,10165,3
4,33407,3
4,17756,1
4,42178,1
4,40498,2
4,29980,1
4,39079,0
4,639,2
4,2775,0
4,36119,0
4,22490,2
4,37729,2
4,13846,1
4,30874,3
4,42082,3
4,37293,1
4,12885,3
4,27941,1
4,48471,0
4,21691,3
4,41053,1
4,20635,0
4,25123,2
4,41252,1
4,18728,1
4,26374,2
4,26074,3
4,22273,0
4,9833,3
4,993,3
4,3256,0
4,28608,0
4,44813,1
4,46959,0
4,38949,3
4,24874,0
4,39804,0
4,251,3
4,39143,1
4,24954,3
4,1258,1
4,13815,1
4,23723,1
4,35814,3
4,1050,2
4,48668,2
4,34863,0
4,32618,3
4,14778,1
4,11041,0
4,30076,2
4,17945,2
4,12843,2
4,1162,0
4,2617,1
4,3528,3
4,37078,1
4,43829,1
4,24839,1
4,9888,0
4,3058,3
4,5271,3
4,19396,0
4,36812,0
4,23994,3
4,28606,3
4,45152,1
4,40084,0
4,40804,3
4,33079,3
4,33245,1
4,43040,1
4,41968,1
4,40383,3
4,33727,2
4,11395,0
4,26015,0
4,34348,1
4,40136,1
4,34395,0
4,26045,1
4,12347,1
4,29670,2
4,36622,3
4,2805,0
4,3362,3
4,4849,3
4,44273,3
4,20311,3
4,30119,2
4,42616,1
4,19454,2
4,14745,1
4,48148,1
4,6130,0
4,9309,0
4,13613,3
4,13619,2
4,12656,1
4,18590,3
4,18441,3
4,26226,3
4,34751,0
4,876,3
4,27913,3
4,33136,1
4,38464,3
4,46304,3
4,41142,1
4,10392,3
4,35919,1
4,14279,0
4,33475,0
4,5072,2
4,48167,0
4,11053,3
4,39759,0
4,30428,1
4,33273,2
4,14536,1
4,22146,1
4,27831,0
4,10041,0
4,13416,3
4,21698,0
4,39911,2
4,27085,0
4,13551,3
4,31089,2
4,16044,2
4,17612,1
4,35849,0
4,9945,1
4,15737,3
4,23967,1
4,6768,3
4,15788,0
4,5756,1
4,28204,1
4,14108,0
4,9147,1
4,34031,1
4,1103,1
4,17389,1
4,1640,2
4,15921,1
4,16155,0
4,35708,0
4,33828,1
4,8011,1
4,41991,3
4,6629,2
4,27331,1
4,43670,0
4,41609,1
4,22253,1
4,10616,1
4,45812,1
4,18154,3
4,36438,1
4,43879,2
4,46079,2
4,18065,3
4,14879,2
4,43809,1
4,959,0
4,4408,2
4,8835,2
4,15432,0
4,15457,0
4,5657,0
4,37242,1
4,46442,2
4,7724,0
4,19085,3
4,1158,3
4,44247,0
4,5708,0
4,6954,1
4,15900,1
4,19891,0
4,36154,0
4,12629,1
4,32952,3
4,45866,2
4,27343,3
4,5454,1
4,8876,0
4,22413,0
4,39346,0
4,48537,0
4,4842,1
4,38987,1
4,45626,0
4,2043,0
4,9650,0
4,30128,3
4,10554,3
4,38916,3
4,11873,2
4,17779,3
4,45984,3
4,13247,1
4,8576,1
4,16092,3
4,46208,1
4,25283,3
4,38139,0
4,37027,2
4,9862,2
4,44573,1
4,21488,0
4,39379,1
4,29117,2
4,26727,2
4,14210,3
4,25128,0
4,28796,0
4,38135,1
4,12325,3
4,26023,1
4,7132,3
4,14754,3
4,1749,2
4,26626,1
4,36103,3
4,16586,0
4,35503,2
4,25071,0
4,26827,1
4,7376,0
4,37873,1
4,2445,1
4,20197,1
4,39976,1
4,45342,1
4,14582,3
4,13932,1
4,42273,3
4,44411,2
4,1163,3
4,17125,2
4,37658,3
4,35368,1
4,36242,0
4,5731,0
4,30416,1
4,34203,3
4,231,0
4,20285,0
4,11858,3
4,34438,2
4,23684,3
4,11464,2
4,24689,3
4,47593,2
4,43729,3
4,10514,0
4,3845,0
4,4850,3
4,17674,3
4,5962,3
4,871,0
4,42263,0
4,3569,1
4,19358,3
4,43208,3
4,17902,3
4,30183,3
4,18882,0
4,33434,1
4,13674,1
4,13712,0
4,642,0
4,17352,2
4,7225,3
4,32462,1
4,43296,2
4,5159,0
4,37938,1
4,32012,2
4,14900,3
4,13445,3
4,44795,3
4,45789,2
4,30196,3
4,2690,3
4,44960,1
4,36636,2
4,23646,0
4,9044,3
4,33684,0
4,31232,1
4,32030,0
4,21898,0
4,48282,0
4,19612,0
4,6648,2
4,28974,2
4,32974,1
4,40849,3
4,8121,2
4,43116,1
4,34037,3
4,35401,2
4,32715,1
4,21392,1
4,7185,0
4,26862,3
4,17542,1
4,34376,0
4,19533,3
4,3464,2
4,683,1
4,12935,1
4,17173,3
4,11991,1
4,6868,3
4,14725,3
4,6984,3
4,14398,2
4,1508,1
4,41420,3
4,47594,1
4,44134,1
4,42142,3
4,20372,0
4,47139,1
4,30712,0
4,3816,2
4,1666,0
4,4302,0
4,30211,3
4,9208,1
4,11946,0
4,17789,3
4,24536,0
4,40131,3
4,1886,3
4,42358,3
4,28331,2
4,7664,3
4,41347,0
4,33309,3
4,37540,1
4,14432,0
4,35165,1
4,15066,1
4,25346,3
4,22714,0
4,36898,1
4,163,1
4,15680,0
4,14639,3
4,21024,2
4,18529,2
4,11083,1
4,712,3
4,47567,1
4,17536,1
4,30780,1
4,4774,3
4,41962,2
4,915,3
4,1984,2
4,35515,0
4,48572,0
4,2193,2
4,14843,1
4,42310,0
4,31846,0
4,14022,1
4,47855,1
4,42874,2
4,14112,1
4,3242,3
4,37796,3
4,6471,0
4,41952,1
4,47657,3
4,2871,1
4,33012,3
4,208,2
4,7560,0
4,40566,3
4,9541,3
4,42118,1
4,43052,0
4,24328,3
4,37804,1
4,19593,3
4,12654,1
4,10787,0
4,44183,3
4,14626,2
4,16252,0
4,45620,1
4,9670,2
4,39470,0
4,41261,3
4,19308,1
4,30385,0
4,2169,3
4,23108,1
4,34840,3
4,6460,0
4,17549,1
4,42614,3
4,33793,1
4,28249,0
4,47676,1
4,24686,0
4,5932,0
4,1572,3
4,48281,3
4,30043,3
4,47688,3
4,26530,3
4,7563,3
4,30881,1
4,9435,3
4,43687,1
4,875,1
4,7271,0
4,37884,3
4,26401,2
4,44635,0
4,45500,1
4,43017,0
4,16456,2
4,31080,1
4,9632,3
4,18819,3
4,46243,0
4,39363,0
4,28350,0
4,14204,0
4,33137,1
4,40607,0
4,34559,3
4,26369,3
4,41185,3
4,37013,3
4,39436,0
4,9714,3
4,21728,0
4,32852,0
4,48315,3
4,32415,2
4,41558,1
4,1443,3
4,6401,0
4,14950,3
4,2652,0
4,33200,3
4,25425,1
4,8436,3
4,39518,1
4,8448,1
4,8943,1
4,21194,0
4,23163,2
4,9441,1
4,26652,3
4,1598,1
4,13289,1
4,3311,3
4,14286,0
4,2900,1
4,8207,0
4,31937,3
4,24307,1
4,13468,0
4,19837,0
4,30453,2
4,15508,1
4,45715,0
4,12947,2
4,47310,3
4,24361,3
4,9477,0
4,21191,2
4,7284,0
4,27909,1
4,28032,3
4,35348,2
4,18137,2
4,45422,3
4,37952,0
4,11854,1
4,13463,3
4,19416,2
4,10747,1
4,9149,1
4,18711,1
4,2514,0
4,17583,0
4,15134,1
4,13583,1
4,24491,3
4,13314,1
4,16492,2
4,48836,3
4,5394,1
4,21197,3
4,31571,3
4,44444,1
4,40885,3
4,38983,2
4,34575,1
4,38183,3
4,29737,3
4,7618,3
4,22291,1
4,16223,0
4,46227,2
4,22347,3
4,29911,0
4,24892,1
4,20202,2
4,33971,1
4,26772,0
4,30893,2
4,38419,3
4,19186,0
4,30527,1
4,32532,1
4,24645,3
4,25594,1
4,4358,2
4,11932,3
4,29560,3
4,10058,1
4,29957,3
4,48541,0
4,38245,1
4,11340,0
4,13096,3
4,9776,0
4,2504,0
4,42997,3
4,21980,1
4,29881,3
4,10534,1
4,34382,1
4,21887,2
4,28725,1
4,44313,1
4,1438,2
4,17224,3
4,5094,3
4,5851,3
4,40034,2
4,34595,1
4,13421,3
4,47526,3
4,19801,0
4,20614,3
4,7338,1
4,22827,0
4,4650,3
4,14172,2
4,3414,0
4,20881,1
4,9795,3
4,28658,3
4,48620,2
4,46779,0
4,22679,3
4,28597,3
4,26373,2
4,48374,3
4,12598,2
4,17861,0
4,28935,1
4,29916,0
4,30049,1
4,41411,1
4,39606,3
4,17015,0
4,34381,2
4,43107,3
4,48588,1
4,16611,1
4,9694,2
4,45525,3
4,13254,2
4,47644,3
4,39098,0
4,6997,3
4,17924,3
4,23152,3
4,31469,3
4,8209,0
4,37696,3
4,23181,1
4,33722,3
4,32181,0
4,31250,1
4,32232,3
4,8289,0
4,3277,1
4,25039,0
4,21026,3
4,3210,2
4,48525,1
4,43802,1
4,30787,3
4,5919,1
4,22551,3
4,6652,1
4,22627,1
4,38666,3
4,36107,0
4,41179,3
4,29741,3
4,30885,3
4,43219,3
4,22852,3
4,28537,2
4,18075,0
4,21010,2
4,7856,3
4,23426,1
4,34773,0
4,36681,0
4,8814,0
4,22997,1
4,29955,0
4,17218,3
4,30476,3
4,23690,3
4,10593,0
4,14364,3
4,37061,0
4,1253,1
4,40233,1
4,16821,0
4,3101,1
4,21123,2
4,43921,3
4,26144,2
4,2723,1
4,11459,1
4,27187,1
4,31242,2
4,47721,1
4,28761,2
4,22390,1
4,27682,1
4,25250,3
4,32148,2
4,15947,1
4,47001,1
4,27011,2
4,6575,1
4,15917,0
4,28035,3
4,6619,1
4,10186,1
4,21812,2
4,39421,0
4,40309,0
4,4046,1
4,48378,1
4,11240,1
4,1673,1
4,22957,3
4,26801,0
4,2072,2
4,14730,0
4,4782,0
4,11212,1
4,4280,3
4,11979,1
4,22850,1
4,15638,0
4,18102,1
4,29904,1
4,33051,2
4,3344,3
4,43767,1
4,40318,1
4,15167,0
4,7085,1
4,26248,3
4,27425,0
4,31513,2
4,34819,1
4,12124,0
4,44712,2
4,44768,1
4,40102,0
4,11439,1
4,14494,3
4,36401,2
4,18140,0
4,46646,2
4,25167,2
4,36371,2
4,46764,3
4,46,0
4,19693,1
4,22755,3
4,8492,1
4,47570,3
4,41936,0
4,43298,3
4,17592,2
4,21107,0
4,5364,1
4,43948,3
4,7929,0
4,37965,1
4,21987,3
4,46786,1
4,2867,0
4,28900,0
4,5991,0
4,37425,3
4,34299,1
4,6448,3
4,28244,2
4,31951,3
4,8557,1
4,38261,3
4,21536,1
4,5893,1
4,47872,0
4,13902,2
4,39502,0
4,15786,3
4,26676,3
4,25149,1
4,3782,3
4,47078,2
4,8773,0
4,1552,0
4,46688,0
4,24506,2
4,46801,2
4,47059,0
4,29001,3
4,41336,1
4,20135,0
4,47541,0
4,26282,0
4,36716,0
4,20447,3
4,41611,1
4,37074,3
4,5486,3
4,48674,0
4,299,1
4,20859,2
4,44918,2
4,25819,0
4,16998,1
4,11890,3
4,42169,0
4,17002,0
4,2408,2
4,15108,0
4,32938,1
4,31400,3
4,1264,0
4,37306,3
4,46453,0
4,47386,2
4,2631,0
4,1250,3
4,40140,3
4,47348,2
4,28201,3
4,30796,1
4,5405,3
4,44179,2
4,6112,0
4,31631,2
4,43808,3
4,25018,1
4,28273,3
4,7751,1
4,4355,0
4,15340,3
4,46144,2
4,17281,3
4,43300,0
4,15053,2
4,9352,2
4,47851,3
4,27174,3
4,22354,0
4,404,0
4,37073,1
4,43564,3
4,3698,3
4,27515,1
4,31257,2
4,36624,0
4,28122,0
4,43226,2
4,34066,0
4,29512,3
4,21733,1
4,26808,2
4,267,0
4,44034,0
4,11820,3
4,31815,1
4,33035,1
4,47901,1
4,5243,3
4,31856,1
4,35898,0
4,11777,2
4,38887,2
4,7133,3
4,29436,1
4,42645,0
4,47961,1
4,15699,1
4,44770,1
4,29251,2
4,37893,0
4,12004,0
4,910,1
4,16686,1
4,17100,1
4,22175,0
4,44418,3
4,47426,3
4,45245,0
4,3134,2
4,41319,3
4,16685,3
4,42216,0
4,15220,2
4,8834,1
4,19642,3
4,3369,1
4,21624,1
4,30377,1
4,5223,3
4,11219,1
4,36220,3
4,43689,3
4,10752,1
4,1270,3
4,33690,2
4,14924,3
4,2819,3
4,21676,2
4,15972,3
4,6337,3
4,32918,3
4,31864,0
4,25565,1
4,20026,0
4,8208,3
4,46230,2
4,33417,0
4,22297,0
4,26551,3
4,32433,0
4,12994,0
4,43585,1
4,34865,0
4,43181,3
4,29122,1
4,19466,2
4,31362,0
4,4891,3
4,47533,2
4,30917,2
4,40215,0
4,46257,1
4,40603,1
4,48512,3
4,38584,0
4,35869,0
4,11388,0
4,34980,1
4,23208,3
4,18156,0
4,25370,0
4,44535,1
4,26757,0
4,17484,1
4,1372,1
4,28096,1
4,23695,3
4,20330,1
4,9609,0
4,36124,0
4,20558,3
4,21942,1
4,27510,0
4,48787,0
4,11688,2
4,34665,1
4,46134,3
4,20385,1
4,28001,3
4,22164,3
4,24734,0
4,47830,1
