robot_id,arena_type,weather,difficulty,laps,avg_speed_mps,distance_m,battery_used_pct,collisions,unique_cells,items_collected,pause_count,turn_rate,scan_accuracy,return_time_s,efficiency_score,coverage_ratio,scan_turn_sync,pickup_efficiency,detour_index,safety_margin,patrol_consistency,speed_burst,risk_index,strategy_label
TR_0000,urban,clear,2,3,1.5612220398492924,2999.6307188399874,72.2529728423483,7,247.53075004881495,5,1,0.681408470559329,0.9174386958316233,482.7443677046322,13.290300173935849,6.719937361101781,33.0926632690616,4.839689337749849,-10.0,10.98381811082263,-0.1761477840323019,9.821879129955578,7.9425702294525635,explorer
TR_0001,urban,clear,1,5,1.4425254558391594,3154.0685726042016,64.67653458088208,6,334.13027386344106,0,2,0.7765979703735328,0.7990592214330002,432.6032400575832,26.398660152266018,5.192223870125867,30.43615316725751,1.0952351439459616,-10.0,9.600871237490168,3.270004256428073,9.37264098472277,3.101063103419286,explorer
TR_0002,forest,fog,3,2,1.7222794103484427,3065.31898558514,80.26538024031044,12,259.15991837486547,2,2,0.4275265395328499,0.6369842228529046,490.35413950320674,10.0,3.7628099137135704,18.799661487891537,0.9866974761842646,-5.754698947166877,0.0,-8.351089204493219,14.195603293109496,13.897242697020554,sprinter
TR_0003,forest,fog,4,4,1.6037089174458943,3237.298211721748,76.13104749681241,11,247.68619628515788,3,1,0.48779171763969337,0.7306382208255447,556.2487923638041,10.0,2.9746471861772408,21.146474377108195,1.1978469375164909,-8.65830310484657,4.695741745013525,-0.8605117756922664,13.064054205546793,9.994055389913571,sprinter
TR_0004,urban,clear,2,4,1.8061281597465308,3730.0351624001632,72.06167292744871,4,279.86009143376,7,1,0.6876985579973657,0.8924392282329351,376.4246385480451,33.829584755052736,6.206864355022418,32.4087991077285,4.54414726385876,-7.942540222250421,11.964464414656684,4.821595762769099,9.304336412844165,1.6496278060546166,explorer
TR_0005,urban,clear,2,3,1.6854355128115404,3267.7385229726033,61.71038676705047,5,298.15462130038026,5,3,0.5642839948770502,0.8164224640584373,434.1491615957208,63.84948406631126,4.742067443839815,26.71497982635468,1.569310149816451,-9.427107071323649,8.946063152882763,5.128178233748303,12.690045845989914,7.976821697185548,explorer
TR_0006,desert,fog,4,3,1.6375075558631178,3164.141637640638,58.41441890115431,8,220.5637373515932,6,1,0.4811231842198387,0.6845139420929623,496.24214212702066,18.23956177283574,3.9925154279417434,23.937589969176344,6.2289226333276115,-6.208682828412601,5.401436828262009,0.8520834194782304,10.957561352895592,8.661113955935098,explorer
TR_0007,forest,clear,4,5,1.759447756719389,3827.280655631801,90.68710488141183,5,257.2956635819018,4,1,0.6365187756203456,0.7727794987099149,474.57962803834107,41.86310344945859,6.578107722961354,29.04669750721363,0.2190711925573976,-8.451674526783183,7.601898719670485,6.982407371534205,12.84391916470755,4.2089657851480595,explorer
TR_0008,urban,windy,3,6,1.4541018120168143,3208.2074669599297,76.65663188886742,6,224.44464369961807,9,3,0.5597440667333967,0.7991911090855428,494.53187781741207,68.7697613104196,5.193999506422103,26.222942344129187,7.114625498580525,-4.349793090825062,9.911673348340894,11.1127378135185,6.23437767888108,8.397920961427907,collector
TR_0009,desert,clear,5,2,1.5509648222775332,2859.250034010148,58.59508400395282,3,221.12572341992623,3,2,0.6097488397658607,0.9089537374526817,500.326928465243,48.99436744524827,5.366237848804625,31.371167100988774,3.50225298658858,-2.5443685839207526,10.911473974418142,-2.174861606086683,10.473982352586658,3.796136222515724,explorer
TR_0010,ice,clear,4,3,2.322935158752069,4397.079378777867,69.09753031704813,6,241.04718624993882,1,2,0.615425037906701,0.7174576500362999,358.3164035438332,10.0,3.0559682014676297,27.682135855106804,0.0,-2.8019394692802635,7.37308001633342,3.435583851512937,18.28404142501435,8.221536179606591,sprinter
TR_0011,forest,fog,2,4,2.461220056850671,4956.88513392095,79.3157528489659,4,256.4848744890848,3,3,0.3655725423392075,0.7466774875425606,306.22438537584054,43.44644873850032,3.7963656139026494,19.319959576079455,0.3304916404504066,-4.710925619734614,9.6712259083543,3.350536480623032,15.632162439258115,6.419240831580042,sprinter
TR_0012,forest,clear,1,6,1.8093388223282676,3971.175637649567,52.61247306429867,9,132.44802077712495,1,0,0.5007324942648261,0.8379866996024745,390.6800973933771,10.0,2.769545695127097,25.21845951658873,0.0,-4.22715893530527,8.157043256570592,9.979090560178989,9.392602579443405,9.65099457322365,sprinter
TR_0013,desert,windy,3,3,1.4609871284221245,2804.185646125657,79.95526237499226,8,263.92673302536275,11,5,0.6025573889879668,0.8055638175571254,538.061592711028,87.79642001848708,5.6299890184724894,23.708029519373508,9.755687473060728,-7.140352231446554,7.693086920350545,1.8181365002508303,9.505279877099285,8.758990578639892,collector
TR_0014,urban,clear,5,4,1.6567132595138028,3329.6211293816814,69.4692954904839,6,254.12436913808418,4,2,0.7746995039715265,0.8293154663628831,492.2282205845385,76.70123516644236,4.6840988502461025,33.84073712124532,5.487665685264958,-2.558204364637155,10.836827244719357,5.528987472783118,11.301678126377682,6.512743884688564,collector
TR_0015,ice,clear,2,5,1.9170456829083373,4066.4571268081727,70.51381514532827,9,201.19479454275563,3,1,0.5999124207663191,0.8297153860323373,413.7973327196399,10.0,6.056256471222028,26.857286808793127,1.9413684217686658,-6.5451835431290855,6.18707607186863,4.681608762469442,18.296575730207344,10.8908662617089,sprinter
TR_0016,urban,windy,2,5,1.6511320538656384,3470.2357250065998,68.59179797054564,11,197.8119248440069,3,5,0.6461223501559011,0.8235215551852587,467.66130215952296,10.0,5.16735264854195,29.714000308629057,0.0,-5.291690901823121,6.258042602427603,5.055845642845002,11.510938906628127,10.795366861880693,explorer
TR_0017,desert,fog,3,5,1.5259295347259492,3309.3428115919487,74.93116437571837,2,218.4273941221136,10,4,0.7167813766311588,0.754922765187834,495.7863188793103,101.90221179379755,4.730636801630399,31.574786924549908,7.20585615302724,0.7950582875643701,11.541389273781997,12.065038995508559,5.909153972019812,2.646415908718593,collector
TR_0018,urban,clear,3,4,1.4805423428414455,3036.4744893607467,80.62978176959035,5,204.5985806464415,10,4,0.6716881465568355,0.8073917194134912,471.18394947716513,52.53041607765046,5.09059061746795,27.50591928121885,7.258632512481798,1.6436681734633352,9.297364724840863,7.321093415977197,9.024217276501389,6.404456672023067,collector
TR_0019,forest,windy,1,4,1.849512664419258,3724.4521540189444,63.451866418863915,11,253.2700434519469,4,0,0.5836122153777415,0.8236684416976522,385.4777741009127,10.0,4.4667575696776245,24.4493208147758,2.779044612081228,-9.568272731899446,7.057040489502301,-1.4158487617553281,12.646924218641615,15.895422677663436,sprinter
TR_0020,desert,clear,1,2,1.2867921039863097,2382.537492975255,68.56594147532788,2,183.54382357285354,3,7,0.4788271170479624,0.8459399990555507,529.8660780984845,34.70628972610575,4.707389060359002,27.48816846433233,0.4062797645292424,-3.2210808730984106,14.934014592108866,8.201859174616486,6.219492437321686,4.2179419364582404,guardian
TR_0021,desert,clear,2,3,1.0873227799855445,2058.3313235695114,77.16432675562572,5,230.43448846726963,11,2,0.5198209493961905,0.8017046212729622,574.618190353701,75.05174979132023,4.195008228548864,25.49440378230902,8.91101148203195,-5.880733332289097,11.769766546830574,5.344639439491296,8.15550354619836,7.132344712105548,collector
TR_0022,urban,clear,4,4,1.378189296674866,2853.2704819844357,76.77521664436537,12,222.1008669390147,5,3,0.6019861204936399,0.9163018256676999,598.2270155167,14.377058473288653,4.833226489676118,31.466283628728597,4.209315967615224,-3.2532975051764756,5.4143304966622905,3.681026512212739,11.899851874828226,15.100281806215463,explorer
TR_0023,ice,clear,4,3,1.8249248102124391,3553.3506350167595,65.20249912265352,4,259.13008403494035,4,1,0.7112675882923553,0.8197524047909911,370.01202236116046,68.91763754000873,5.401698966866446,31.396898394083376,2.124142009857434,-6.49036647550254,9.104892408489562,0.9138984049566721,9.077652680987251,5.120529970617533,explorer
TR_0024,desert,windy,1,4,1.3205085477237186,2708.5199974771494,60.871372834376174,6,178.53474344762088,2,2,0.497505121606759,0.7105012749923486,498.35511552536525,10.0,3.714830599602478,23.6002446035637,2.6213806611845243,-4.955231087626901,9.525547080767662,7.238710339300395,7.0012759010591274,6.589698080401472,sprinter
TR_0025,forest,fog,2,3,1.2681153905519285,2482.7924512550367,56.21337099763199,2,199.05570944755505,4,4,0.517787134969977,0.8628772508271011,540.7617372823631,67.78858568466043,4.947391633593586,23.007781868279316,3.219767026724033,-5.0928278087758185,14.573259059662467,9.443541263405667,7.9777803339100615,3.255213683231613,guardian
TR_0026,urban,clear,1,6,1.2841955562648093,2947.0966752673735,65.92376020922478,3,239.9688339352874,3,7,0.6002141416216841,0.9102837075523031,514.1642678462501,31.23763697221912,6.294991645723277,31.926644151513777,0.0,-5.477425872794095,14.872585707763552,18.689618194472356,6.164553499207948,1.6715165985978673,guardian
TR_0027,urban,clear,2,2,1.6646499102949315,3091.4714372883104,62.38507505596783,3,288.87585838576393,4,4,0.5205358353908703,0.8203472370944737,417.1856132995584,72.89818103740127,5.33283216259077,23.926539168912075,3.7162462896648076,-10.0,11.562042165133082,1.004203904456014,9.33033989222851,3.53161517305121,explorer
TR_0028,forest,clear,1,4,1.1442930190500469,2315.154873209157,59.6465727810493,6,209.21861860361176,4,6,0.48144869455015527,0.9347616232425481,573.8133155888103,10.0,5.962512318044285,24.330767227512286,0.8611521643877014,-3.1845552428833814,13.011398044512804,11.337089801416386,7.371031369955423,7.498109230204534,guardian
TR_0029,forest,windy,1,4,1.1794549485424084,2423.7956478128,53.93616440169893,3,190.06851453895496,2,5,0.5985560210704234,0.8595392873199156,566.7022826112157,44.94906211730792,4.714932045905949,28.169458587662447,2.176653314156963,-3.8998433150163248,12.430289841362747,11.076246865896646,5.506604197435743,-1.4470874742981277,guardian
TR_0030,ice,clear,3,2,0.9969987811517317,1869.4421496694933,60.94211437786425,5,216.13755637605306,0,4,0.47571912015067025,0.8797440589535135,687.4576625190755,16.156589616451207,4.009762445386813,25.004244561925656,0.0,-2.3349326309066223,10.159916476764643,7.2501464051688504,5.396883739775884,4.582893770283915,guardian
TR_0031,urban,clear,4,5,1.58981940802091,3498.9275768902708,75.71023663248499,7,307.181548486956,7,2,0.5827679336799985,0.903847182472633,513.0050247999313,78.6285714375819,5.135160579396336,29.05287228154269,5.276681584873253,-10.0,8.888400346432118,3.8118287030668965,11.922794838906114,6.801222360314073,explorer
TR_0032,urban,windy,3,5,1.490779547396906,3168.0047656112015,77.29967110149138,3,183.02145897166153,9,11,0.5915430702154031,0.7486556267594766,589.081688953884,92.0113455151523,3.7837057180162903,26.158287711283396,5.702772039792066,3.3427429848134014,10.429741045319588,14.063179059907764,6.454349540355011,5.8181951613979965,collector
TR_0033,urban,clear,5,4,1.377029187630043,2821.6118683314835,59.83797568784193,6,207.68335290691323,0,3,0.48763234188923876,0.8977820917639299,560.5395842219847,10.0,2.798599992091387,26.776601649251358,0.0,-4.452104314735217,10.701839777943208,8.600770472604253,10.45422369633501,9.88199774212931,guardian
TR_0034,urban,clear,4,4,1.2398961423572457,2551.053189153424,67.76011094916575,5,194.48208177825413,12,3,0.5997028819741173,0.7982076868513057,563.4308326551768,72.48934243873494,4.193956411998432,27.872186771767222,9.996799560798063,0.4918136664383719,9.202021508485762,8.034622015088173,8.950368951541455,5.895532531878631,collector
TR_0035,desert,fog,4,5,1.1157735966801163,2402.073640259584,63.19589545320867,2,200.36114766925803,12,4,0.5160978985078317,0.8597121674937394,667.0889487371476,117.65596261236037,3.6933236901306685,25.45576440985281,9.434471434786467,-3.550090439188641,10.899888321439775,12.877625084558469,5.71951793621514,3.697122118761058,collector
TR_0036,forest,clear,1,4,1.153414353460807,2304.134551782213,73.27039702710032,1,192.4247389526141,6,9,0.6248054856864672,0.8708534692628755,610.9279479302791,58.443064520558146,4.321429821490214,28.648062633782544,6.375062996428972,2.1810328281812,14.07234269631165,13.864707851550984,8.094445778487708,1.0356232899454645,collector
TR_0037,urban,clear,1,4,0.9095613513579003,1910.2388598146051,69.80273192096858,3,237.03766461590732,9,4,0.481799023631638,0.7352540396254117,693.2253373773491,106.62667702347471,5.730781904564772,24.072987567152353,3.8350613362274952,-6.101272791717811,7.680436799652234,6.061369322712153,7.609043980116846,4.522820518672247,collector
TR_0038,ice,clear,1,6,1.4996729932515194,3341.447756494755,72.61737642835097,4,186.75700161234272,2,4,0.6228804283529688,0.8434195813105435,467.03692302851914,15.582055346013018,3.8320148602702035,29.654548273764245,0.5533687269557435,-3.720767103309036,10.100687360854245,10.821617707544105,8.783814772756214,3.339836077792106,explorer
TR_0039,forest,clear,4,6,1.2294983408604423,2846.290937900339,73.48778371483249,4,276.20839947140877,5,2,0.6800921238670092,0.8373067665911115,535.0071912887637,48.43133999978271,3.784263633102138,30.36371726533548,4.714625926460624,-6.529792301643427,13.197749206485819,8.454872423343964,6.512732139606022,2.8303462278362406,collector
TR_0040,ice,fog,3,5,2.199600789456387,4658.682501657897,49.86469355401275,8,186.91193197626995,4,2,0.46126412060104044,0.7666610224583871,357.2527348478344,10.0,2.5632673652279214,19.082810508391084,3.4824455084355375,-1.9601461852724718,7.6160377659847995,7.530004037417232,16.444022981816936,11.81135928688379,sprinter
TR_0041,forest,windy,3,2,1.7135577825371857,3156.2510108274982,53.42516048655604,4,308.2695557043623,4,1,0.5911071504325631,0.8611132278805511,423.7358925163401,68.27926405888498,4.159731464280113,28.066289839872553,1.6687184139135927,-7.717664285295054,8.960647324696856,-3.0345222410984176,13.202655844262374,3.197002727979771,explorer
TR_0042,forest,clear,4,4,1.698974033914087,3447.582422038685,62.59452104216872,5,240.67779533565817,4,1,0.42116346710957014,0.751566687895087,462.2787848907617,39.53712419448927,3.3352272671067373,23.272463890138386,3.7737740015414842,-6.418396195805672,11.811192658321797,3.2914997552397436,15.681501548887457,8.29964208744705,sprinter
TR_0043,desert,clear,1,5,1.802698912479363,3847.7686345128377,60.8396568501649,4,187.58516735275458,3,1,0.390589698018602,0.6296054855074389,392.67434790177947,50.052101014803085,3.5676883467016256,22.00797108208585,1.6209832493783358,-6.7431461608651775,6.838321936018352,10.677474497094284,12.958988320154003,5.427428546350991,sprinter
TR_0044,forest,fog,2,4,1.6240739729055873,3320.7843975991027,62.449557784519584,6,259.3571767959936,5,4,0.645556333005799,0.7116206723423095,504.1341613039485,39.12438488642417,7.0801262223963395,27.815939211840668,5.171956437515176,-9.264010239068798,6.078380517683771,5.3056607866665155,9.245173167797002,7.354474058363648,explorer
TR_0045,urban,clear,3,6,2.026212299026223,4571.131039667387,69.26730711607613,3,196.3528237852755,3,2,0.640466852062824,0.7402767864070825,376.1399929937908,38.00112602768613,5.626623382647445,29.652588071830397,3.86957186606107,2.2777537900081,10.295923345740137,13.626797057826304,11.809293754850104,6.3765019989612615,explorer
TR_0046,forest,windy,3,6,1.79854929577095,4033.136904357179,72.00295636871871,7,304.4172981766287,4,0,0.5948315888526912,0.7852607543050659,378.97360502152816,44.54895011050396,6.940691432120893,25.475939911880563,0.40395034770751037,-10.0,11.055528835126863,5.890875891591756,13.097552578897995,4.759434708807265,explorer
TR_0047,urban,fog,1,4,1.4651126004085977,3013.82221358171,68.14207616993288,5,241.44996103978568,11,9,0.495939219186466,0.7023967747831652,526.1743111830261,78.83674870402147,2.994902077065722,21.550011014252377,8.102714956017845,-3.640577838279662,7.9788197212140854,9.369190243904049,7.089554530534612,9.883610744574124,collector
TR_0048,forest,windy,2,5,1.3218565741798467,2851.4757142230583,72.99552912152241,6,221.8190086323255,13,3,0.5580155202256301,0.7194806812886887,511.8521425906254,84.87171635264029,3.558183618860026,25.863898261477203,9.926122798135005,-5.40753666395744,10.462753841268526,7.989016156512287,6.429007036992551,8.420862989340629,collector
TR_0049,urban,clear,1,3,1.4727125682334048,2849.3742698879896,70.03077690777948,5,222.1115909662401,4,1,0.5511067439832457,0.825950796418449,451.3647610760012,59.441049686633065,5.922863349996723,29.00054058731728,4.041119676850069,-6.2413063733824945,9.085879617336168,-0.31787349314459745,9.4966758290818,7.333444457395789,explorer
TR_0050,urban,clear,2,2,1.7033503120845996,3103.0646889187383,72.34681522112768,8,205.21790122449,7,0,0.6827150138734259,0.8760654786146361,438.896574559607,14.272458797034036,6.165240619457131,28.74363119867161,3.518352736688345,-6.803838812226307,9.382261369595868,-1.4512453505086191,9.879379996037589,7.378952545308974,explorer
TR_0051,desert,clear,4,2,1.5945995607117947,2920.300424755317,64.12959756484284,8,229.56868487535644,1,2,0.5371146689108032,0.7977488026122512,489.2537193408596,10.0,3.4510784539295276,22.3367000961141,0.0,-5.9957286822420155,6.9702911636932985,-2.565174832534808,13.604370834477791,11.917675998342894,sprinter
TR_0052,desert,clear,3,4,1.4038960940530336,2863.7568970195302,66.55425957500682,2,197.12956746428264,3,7,0.5093370446753078,0.9043830795607762,565.6707184939312,66.46316221753858,3.4492663306740443,28.326690808443402,3.157552016895748,-0.27089433342557245,15.550873377737812,12.352634303494824,7.010695510023109,2.9598995954672547,guardian
TR_0053,forest,clear,5,4,1.3828082736311589,2865.210169552812,80.2889534581536,3,211.40253796819005,12,1,0.6102281724052966,0.9020081802058542,550.653432588996,115.84765850525082,3.925974117991407,28.442354589337988,10.401858087789158,-5.692667874418613,13.668094813976799,8.859462333695442,9.677554828096046,2.157712616705273,collector
TR_0054,forest,clear,4,5,1.0195908250695787,2263.3933837145933,72.7563395041714,2,196.71995304576916,6,3,0.6275714243061158,0.9030220883662612,664.8936269760273,84.48136208750564,5.250729173956787,33.25148264945917,2.1722119917721483,-6.244388493781314,16.96789089380898,14.467530553729512,5.54592399397156,2.5327266506134385,guardian
TR_0055,desert,clear,2,4,1.7362560890248777,3540.3643222722726,67.25245983908236,3,211.20126296126892,1,0,0.3951302209381512,0.5985453378475254,354.0786625497905,10.0,3.050291044242895,18.09013044891866,2.2174276602017335,-5.613048632322809,8.19962389941437,4.701379764575885,12.690247488934368,4.60979432035516,sprinter
TR_0056,desert,clear,2,5,1.2608482879762282,2640.2900717792827,58.53358906334736,2,137.60674654899444,2,6,0.5221796251143063,0.8513718366806033,550.5275092927575,15.834186793708966,4.292482263348648,25.220511815497538,1.6425587068495724,1.7108530051699935,16.658434255525467,15.140184796547572,5.867485431533339,3.812660406551187,guardian
TR_0057,forest,clear,2,3,1.6100476029466964,3129.428632169511,56.76713938987812,2,230.8977727762664,4,1,0.5814439221669283,0.8147717531854877,414.16742247780496,91.88182826657709,3.2505884267175293,28.03062846188341,1.7202778129642944,-7.353865496062502,11.577750902223412,1.399723764450858,11.227767112148259,4.169669029981321,sprinter
TR_0058,desert,clear,2,6,1.6322088682272555,3596.1570510197535,78.50970743906079,3,138.28930122899976,17,6,0.5947364217779504,0.9139311096490444,482.098092359757,132.48634496650666,2.2165965268876713,27.603703342982335,13.65932550443736,2.174818777896699,13.788976742947632,19.11453131732551,10.21835322408973,3.076179272057342,collector
TR_0059,urban,fog,3,4,1.079229124136135,2314.152269363471,61.478439713451515,3,309.6545341003562,4,2,0.5918682183813294,0.7634784394633299,629.7583405505103,86.83861531334951,5.335406414658505,29.95114495132689,0.895634454085005,-10.0,10.455864343146084,9.01113001063679,6.412896632580873,1.7925024183053506,explorer
TR_0060,urban,fog,1,3,1.5771500022348472,3043.1980136212073,59.75560734423054,0,196.6049704091056,7,7,0.5150670026791914,0.8465738529897348,437.94733944581054,87.67786736142956,2.964901969147932,29.320152515280792,3.922739757668974,-4.338785360561552,14.78039025461895,9.844100650789693,9.68762860721017,1.3110974502635662,guardian
TR_0061,desert,clear,2,4,1.2473305323446109,2600.3093072543843,78.14081814567609,5,282.0531315700408,9,3,0.5974700944786135,0.8661650257603658,553.1817535439153,98.62910926906429,6.6588199842337765,30.43955661742013,5.471610004507977,-10.0,9.505305590867897,4.67952961691095,8.91655067451431,5.365734229097792,explorer
TR_0062,desert,clear,1,2,1.7883436834332067,3218.941821498794,73.18390506195159,4,222.06064893691678,5,1,0.4913971372030857,0.8268470996838965,343.2093200267132,54.635444630947234,5.4600268893001935,29.27788041344265,3.6408894549046664,-6.248507953000231,8.563412933203212,-1.2295683683690524,12.659313048338609,3.1715587880392473,explorer
TR_0063,urban,clear,2,4,1.6032136357602358,3328.00465806762,51.91545195747328,8,271.35966690278383,4,0,0.6657641907673209,0.8702826071937734,432.801509959087,34.242054270712956,6.570019974191443,29.667880443331455,0.21829440710141235,-10.0,9.053703079123272,3.080615737167963,9.794692294922017,6.974466416010466,explorer
TR_0064,urban,clear,3,2,1.718048464604249,3098.0144830397467,74.00473788053871,3,214.59627430463595,10,2,0.5992652043038468,0.7303874145452247,385.11419848846884,65.88306891390762,4.722203422938354,25.639490275509868,10.97200364791425,-1.1554503245313774,9.019283834075553,0.668223406916652,9.759468999786014,-0.5503582567216148,collector
TR_0065,urban,clear,2,3,2.0492695045045317,3943.657555720659,51.96688360936906,2,266.86095160317427,6,0,0.4819368837490766,0.8040272401883634,368.20313807770475,90.04324056819559,5.23034729923122,26.957527113607934,6.594687488808644,-8.568839550151145,12.391405805010763,5.334687586199722,10.312810503911946,1.1601137069136882,explorer
TR_0066,forest,windy,2,3,1.5077762433171418,2846.7439000784752,54.973946124254695,7,169.21432004861947,5,1,0.557085199317471,0.6987074066753695,443.38824547749584,10.0,3.5570838167612564,23.090295542459522,4.535771073541187,-1.8669142729114168,3.225581835065189,4.79434691066785,12.595496126548557,11.698280125235987,sprinter
TR_0067,forest,clear,3,6,2.109900675125862,4642.116847249218,68.75437812880371,9,178.71077749072538,2,1,0.38932984990643377,0.6995195256534474,349.4926322284563,10.0,2.5300058867666513,22.04107580578423,1.610157688138297,-1.0032685202741647,4.991175324956199,7.239054700668769,12.441447842816041,11.178835554750641,sprinter
TR_0068,forest,clear,3,4,1.4540297351869114,2994.0762329066843,65.56791812794658,6,239.5823873568642,0,3,0.4524491141988185,0.7906892158086859,530.0587703304416,19.3250666640729,3.1919480522638874,23.50679671510412,0.0,-7.416942407036499,10.803287703361818,4.472064924430202,9.404533480219522,5.55637471855186,sprinter
TR_0069,urban,windy,2,3,1.5259434339356863,2991.20946692011,68.09844893915859,6,261.2146753210159,0,3,0.5755099015942157,0.7797697984425345,476.922562394017,22.093107875001447,5.802102401424462,26.464344278453726,0.09422632323748303,-7.50595086531818,6.749559392840585,-0.21679339028646183,10.033991178855736,5.790768006839133,explorer
TR_0070,desert,fog,2,4,1.8505602578609759,3728.042270982018,55.539131944570855,6,228.6941375168681,2,1,0.481913733843881,0.6481476204141515,396.55218318008554,31.18492769477165,3.0886466813443834,20.512507026830317,1.4736170209599644,-7.901672358998693,6.8049244259975,3.2696849753338335,11.718037761253521,7.159355571054262,sprinter
TR_0071,urban,clear,5,6,1.3991566755699225,3234.194810012692,73.64748958603622,5,228.46123281465077,9,2,0.5495845117292009,0.8864508694910189,542.0863365693328,56.384314068385024,6.432595589763652,25.570267062908535,7.022487496430858,-4.213796962864423,12.290084609362529,12.800967159759097,10.829975000954944,5.247210246810688,collector
TR_0072,forest,clear,2,5,1.5660659929390106,3396.1139265001702,67.42767881351013,9,266.9190998462513,7,3,0.5076758948791101,0.7787402383201464,493.07367719301493,42.421934177833066,6.930090773413,24.5081962473796,5.14143766589395,-8.512591950305675,4.429411783931684,4.914969290556122,11.150791121426844,11.501798935892694,explorer
TR_0073,ice,windy,2,5,1.868538521638308,4005.9136004171683,71.40459724798777,6,208.09092088741434,3,0,0.5467627119668925,0.6852510574793597,391.81589095451153,13.65300532353881,4.794138604454483,23.945860733857494,0.20918297457553736,-3.480179075504034,9.095377471589213,4.88794094081164,16.070716383114792,9.128270528326823,sprinter
TR_0074,desert,clear,4,2,1.7571580414649905,3221.3728438672483,59.23263736307992,1,195.2855502368912,2,1,0.4847678252113686,0.6286531965531142,411.804824049171,47.884951713792034,4.296556994523355,18.13116653478933,2.9391472649041175,-2.670631530010879,5.327949424354379,2.7995477307645387,12.446278527045065,2.1450792070720497,sprinter
TR_0075,forest,clear,5,5,1.0144537454520355,2103.0658632790173,67.79857129678292,6,171.5707351147198,2,5,0.5538084521163998,0.8351330023407812,725.3888268174574,10.0,1.5770366727545735,23.12620898071919,1.0953824994693495,-1.2837852851358282,11.153791103428135,16.4128877779121,7.970815759889655,9.712176900848153,guardian
TR_0076,ice,clear,1,5,1.9083210771514707,4090.846664213486,91.91411968594059,5,215.2716541638167,11,1,0.5665241550333509,0.8161804717111075,339.98473265317244,80.81286232508504,4.4694624213756855,27.410142622890323,11.303632762373045,-6.47158967673221,7.768392111416947,6.274419946399965,11.730018947862055,6.705116379981357,collector
TR_0077,forest,clear,2,2,1.6866616093978848,3054.8060127537424,51.604924813289,6,268.3941005067836,4,5,0.7069466051823828,0.9330433054977092,447.66719242463256,53.31530023154188,5.869691827236884,34.17140640981896,5.6734772132414095,-8.099264980868337,9.617470887107432,-2.17796645260535,11.358589468635296,4.526364326420727,explorer
TR_0078,desert,clear,4,4,1.5131795242188264,3069.905864466135,55.3344580750211,8,287.2231615217466,5,0,0.5954622386790377,0.7944928249072142,500.69926583930925,21.66896924444351,5.65375487443836,27.176748683661607,4.345800294507079,-10.0,6.327625402583819,1.3242825934485336,9.81005507506855,8.718964997664385,explorer
TR_0079,urban,clear,2,2,1.6098716667277362,2911.956409596581,73.40162924333137,8,239.44572850454716,7,0,0.4450533101121286,0.7879363152380677,451.7843397807637,66.56559870597032,4.506190547880829,23.003329441660213,6.346485890852043,-10.0,6.317152370901635,-4.759338152445069,15.036933473728782,11.712505146937307,sprinter
TR_0080,urban,fog,2,4,1.3093255602534217,2659.7380250861797,64.92979814263357,8,210.3243939820153,6,3,0.4460970669086418,0.644430634981222,560.8722255486582,20.06215303881835,4.577020059454725,17.221320292641657,6.106320259776217,-10.0,5.484899453383804,5.633214123644153,9.717143014054509,9.62678269388291,sprinter
TR_0081,desert,fog,4,6,1.311379577692734,3011.277608212081,63.16769852053623,2,197.5026721102945,2,4,0.6405777054798927,0.8802464265224037,541.19924446172,40.49117173508836,4.096101947308573,31.082330374780685,3.17759042504837,-7.71966213627872,15.38855675823988,17.10564147493907,8.596837283931537,3.610600238372057,guardian
TR_0082,urban,clear,2,4,1.215366337928392,2477.008638685322,81.4468576441674,4,216.5652697229686,16,3,0.5938317189678328,0.7595183848755989,569.5410654722771,111.68492626757578,3.181463951484324,23.59794717387167,13.17762143347973,-5.357781425312315,9.523816654253986,2.1578813898054436,6.386352036065873,2.8760018916856365,collector
TR_0083,desert,clear,3,2,1.2984202196477186,2311.0307258698726,54.28793493425864,0,182.80355827320372,4,1,0.5219098987808283,0.8507664545447652,528.9426181658306,59.09256857307453,3.0021499256967115,26.00438900772022,2.731412502583461,-7.4918246212054775,17.72356237346792,5.883357658043299,11.653185890732406,-1.405831453866741,guardian
TR_0084,desert,windy,3,4,1.738611817110745,3570.8471114582608,77.51021100189082,3,221.1191563511646,4,5,0.5684192748202626,0.7130636460391631,469.8564674579564,35.64357716929715,3.757252330392277,28.451168735216573,3.602741334893448,-2.006137936802993,9.614679185771992,11.079386194458234,11.0762732237555,5.821165931012526,collector
TR_0085,forest,clear,4,4,1.7061406080546944,3480.487757439508,74.70403614208543,7,168.12647549212755,4,1,0.5406961674963572,0.6997568936080157,528.1704554843177,13.159895436295892,0.977871538976824,21.85294374353299,5.1775299399228265,0.12341390849968209,4.598374026199333,3.2619539523116554,12.811345670632683,11.923638465541902,sprinter
TR_0086,forest,clear,1,6,1.9088628345054874,4237.664561562937,56.82140967361448,3,200.29144058044392,2,2,0.5224027820689131,0.7919454491144721,343.1716269191579,49.62151392938677,5.394374930899351,26.3769843396638,2.0967214320781435,-2.702116548411471,9.992826380917045,13.019738021416051,13.401124338803305,4.335320332195254,sprinter
TR_0087,urban,clear,3,3,1.5850632281549457,3104.3569344637067,84.08712375252972,4,290.8044960936144,5,7,0.5026985165771621,0.8444930030989551,494.64095977369385,60.673967705058104,3.303615931652236,23.17010273924236,3.9679063250160964,-3.2134521370790585,10.698556403410967,2.799326625508746,11.092155741148952,4.818401168779075,collector
TR_0088,forest,clear,3,3,1.1460642746081473,2283.3752771978084,71.94544612036755,6,254.99098770665447,2,2,0.5464363709394034,0.8747890141090842,623.2736974008953,14.733007793430986,6.690240592738601,32.62865951158962,1.099633622827775,-6.761165779782205,8.039690738233933,6.062697487926723,8.931714291876796,8.339613660013072,explorer
TR_0089,ice,windy,2,3,1.6284013060157188,3151.9572369973253,72.13118109932962,6,284.4780836719646,9,1,0.535118912789911,0.7990727044017542,442.17267877736316,101.77687091545329,5.112971969862574,28.267677353706624,6.973474485201322,-10.0,10.81872442382879,-0.22065407051013064,9.744236984467406,4.813565575828831,explorer
TR_0090,urban,fog,5,4,1.265304204361268,2566.548205150569,72.93975446592188,4,240.0173921766126,12,10,0.5088261280120546,0.7719589857483562,624.1559165926086,106.68902903465714,5.073518679188633,25.153525285380482,10.040368672982162,0.33895787218896856,9.222829893367582,9.886325750581623,9.827035739531038,3.9758450584292495,collector
TR_0091,urban,fog,4,6,1.6440229780199493,3725.363162296388,60.459135641512574,5,232.8715514357251,4,3,0.48968925673047015,0.7281931658241839,461.5491759428122,40.9795710586768,4.177712641214423,24.62770530033707,1.47355331633519,-5.974075218323968,9.075423005396171,12.092058878515964,14.378611590864338,6.599311340473941,sprinter
TR_0092,forest,clear,3,4,1.6928475377385481,3414.695567428586,52.54998317350423,6,201.9627933846857,6,0,0.5771584160512868,0.8560036021572365,416.8740473920434,49.83273836160393,2.9269824277983663,26.86801392953248,5.058284863732155,-6.401643062245154,9.651523758715644,3.6151846738229474,14.872173114782095,6.839507417701846,sprinter
TR_0093,urban,clear,5,6,1.5124924386273997,3353.069265178367,59.19044266137637,2,164.5291019305663,5,6,0.6132850700881378,0.8973666115340068,541.5776944026039,58.41197015103811,2.7125774846307236,31.130341028628653,0.3113417851011602,4.429953007851314,14.653343465739077,19.00515719045764,10.640353874615224,3.0522324979850177,guardian
TR_0094,ice,clear,3,2,1.688322788398277,3074.1357967970766,79.52155519803037,5,194.92987333754212,14,7,0.567987187248706,0.7673684445748714,447.39411625794907,75.65729547943917,2.605686860712484,25.855220774491947,12.01931758374647,-0.49960387172015297,8.949625112192145,5.611590088593601,12.463914106555636,7.546045593623468,collector
TR_0095,urban,clear,4,3,1.2282840934211274,2347.423443089279,69.93109772343698,6,132.95400702534423,3,1,0.4704291505562823,0.8807055031773224,565.8584360515526,10.0,3.5711145875748427,23.98630197067391,2.8616936448193475,-3.8896837114261116,9.601353241305791,7.338041144945151,9.084569871748007,1.5015528941113727,guardian
TR_0096,forest,windy,3,4,1.4970190604339078,3031.7397401354024,72.86369053813617,6,207.43626919054822,1,1,0.5267613143189258,0.7227379533260324,489.28310299034194,10.0,3.989939688774466,22.402855393137568,0.33493982002395933,-8.034312098728519,8.534631283817685,4.342696055066263,11.857117638936868,9.850030126837574,sprinter
TR_0097,forest,windy,1,4,1.2362301471463208,2569.4333187820494,65.59975126623297,0,221.38221377189925,2,8,0.5769482309283558,0.8722210762484912,525.9961288011681,54.67439721948483,4.45475703536878,27.425055074949874,1.0117796293516141,-2.0564436362225997,17.899477037836217,14.615665617977125,5.487885356776711,1.0844710347715545,guardian
TR_0098,forest,windy,5,3,1.2203391982323406,2443.012201390719,82.1487654352872,8,230.5302729626866,13,3,0.5693251408638843,0.7418724897379708,632.5827289904885,66.92396674630822,3.08146809647473,23.57409210226555,12.243802642472902,-6.186911928666897,10.307521969957595,2.629064864060558,9.714109353021882,9.994687050450286,collector
TR_0099,ice,fog,4,6,1.762139768929785,3988.446122075888,71.10950058940013,7,245.63649212164336,5,2,0.7627697463725864,0.7500148393562023,469.17582889234103,37.36403463740551,5.006368459241725,30.798366347722208,1.3388669045480688,-5.503710156433446,6.587832479108937,11.122768731944047,12.513423147834802,6.563740628880318,explorer
TR_0100,urban,clear,1,3,1.1887884274461769,2354.2224182952414,74.01326109313077,7,219.61685821888548,3,4,0.35491967893933857,0.8732992263615968,583.5922134234177,10.0,7.767473495689654,27.729366616879947,1.3593918356317445,-5.831090716010221,10.65936251218234,1.0273987231665775,6.631134617587982,8.307990763569357,explorer
TR_0101,ice,clear,3,4,1.6135673847726635,3319.8365015306,67.67127381241646,6,229.44361230831737,2,0,0.6443136198254843,0.8838426254107392,494.87507569406955,21.94848804854363,7.295737365976148,33.24329534147489,3.6141232195488344,-6.170611189391142,10.62189231339993,8.313449929124554,10.402027974820165,4.3853890580667905,explorer
TR_0102,desert,fog,1,2,1.2302377907182085,2277.4327873536504,62.22605738904723,2,219.71075679461063,4,4,0.5974492893252055,0.8113325746381225,550.8370048710601,88.81644304011427,4.70550214663418,26.426878050615738,2.5342117973739313,-5.542582546875855,12.666225413446497,5.945010873280874,5.811058493712606,5.2039504837459365,guardian
TR_0103,urban,fog,2,3,1.508382126714993,2882.959882232037,44.17591479135145,3,197.4928615334775,4,11,0.5537049707590498,0.8140060893002584,525.9968476103486,25.118302399902223,4.914931210418786,30.25920320945445,1.0946069574564439,-2.5965513406676393,10.588804805238034,12.052921815909086,6.547839908680315,6.244580420445142,guardian
TR_0104,urban,clear,1,5,1.0446171794315653,2256.3250525150547,52.58003554731011,2,199.50013196471429,6,7,0.5039222655744433,0.8016236827165218,656.6363914203798,72.63723895690744,5.132281923980224,20.538687678343734,3.0687946041019343,-1.5438691830050102,13.176611332886903,17.157470648662343,5.850447892819855,1.214409994991497,guardian
TR_0105,forest,clear,4,5,1.6845292963386926,3630.9677493705444,79.69334583692441,6,188.08194447597253,0,1,0.3734513614347334,0.8543867492594743,452.23993090692215,10.0,5.64894625615393,22.50577660666261,0.0,-1.7044044452471456,9.416627190709468,9.146219548139289,12.971077908043746,6.054978791776891,sprinter
TR_0106,desert,fog,3,3,1.520208910101825,2950.238442859414,75.59188154835667,2,226.27524989480884,7,4,0.4572755642176137,0.7468934943400366,502.07607278681735,72.46848170318184,4.075415218295346,22.35678066504151,4.75717248515246,-0.21056258235823577,9.859703399243301,10.969002856801918,8.61136257762401,0.8594349783347803,collector
TR_0107,forest,windy,3,3,1.297813816512106,2587.65234437411,81.52051868762479,6,257.29238024342163,3,5,0.5212163852509114,0.8347805098697042,565.7777488459866,41.25869701755114,3.9494477741687977,25.428621051368403,3.7175624002364116,-3.672858241449597,8.558274108237024,0.5097061657525432,8.058469114487476,8.292951021245429,collector
TR_0108,ice,windy,5,4,1.1693920554012003,2431.299792993314,63.64769399335088,4,205.7467377495761,2,9,0.4598158776031561,0.9341278683851124,647.1515390640625,29.5420275506538,2.9202704009682474,29.164454609031537,3.094921378418687,4.308780520965039,12.438287973002291,13.516171028117519,5.050754522171902,3.514464117208748,guardian
TR_0109,ice,clear,1,3,1.8469517194532694,3454.2918581491317,59.05594273793554,10,204.74590823767758,3,2,0.5139325697833363,0.7913610763863906,402.60985865277485,10.0,6.272595098797181,22.48328580272608,0.0,-8.110688050942304,3.106582544267594,2.0772090688031017,14.168299976900796,9.599812829456154,sprinter
TR_0110,desert,clear,3,5,1.7751033284014581,3828.30448698264,65.58714822683548,4,265.8814092272781,3,2,0.6318035478378887,0.8476738625306376,434.67502475528624,45.25486300222591,6.642777569758557,32.25110598379919,4.267595454112341,-7.7886868853114795,13.183146697063597,9.691680766242861,13.11233492679442,5.796085884061588,explorer
TR_0111,ice,clear,4,2,2.0015294854535863,3634.6354457732214,58.364314993076064,5,250.0301992610908,2,1,0.3094013574302991,0.7417742583008669,364.0410117526408,32.96252713943166,3.573288065347547,18.996034344689914,0.9106661483087668,-10.0,7.527588022687583,-1.9606394500652684,15.903891330882235,4.836925666371259,sprinter
TR_0112,urban,clear,5,5,1.3974316639155029,3043.7234721718223,63.53067702980557,0,215.03231968384966,1,10,0.48429255797461634,0.9399910275600094,613.1401411339826,34.81887272391303,3.3900771806726606,28.469466895094072,0.42555821797863,3.233223636407509,16.388755949179167,18.64672406964002,6.728563161918568,3.043070247695551,guardian
TR_0113,ice,clear,3,5,1.2845248081427711,2830.6827213515558,69.43301776434527,4,263.00414040948453,9,2,0.665642851663,0.9379480600712073,527.5401142746214,116.52777267611046,6.342104962116641,33.45112692394513,9.528191675822614,-8.027223390556875,11.86071609754513,6.861991603358421,10.154364239206648,1.3596998840901975,explorer
TR_0114,ice,windy,4,5,1.5461086983461407,3307.887628443601,82.90699006041974,5,219.47631811146684,12,4,0.48752930326696314,0.7870736905043463,499.67284635424215,84.37656924362219,2.807352708453803,23.4608290703852,9.238471837442658,-5.8665920234763975,11.737162134346061,13.045129949982524,8.815136216912212,5.0659759095488734,collector
TR_0115,forest,clear,2,5,1.9629226182912436,4183.255364224806,64.79380546448498,9,196.50922719698298,4,3,0.4236500796842622,0.7996594628052098,431.22259900021083,10.0,5.462245026289962,22.890893830920234,6.64064410696586,1.1764526221075797,7.384316767699167,7.840571232473805,14.078528251371893,10.059433620966193,sprinter
TR_0116,forest,clear,1,4,1.8030730972758033,3690.400254431828,62.15579454615548,5,180.80843758959574,2,0,0.4594451436479989,0.685352126271819,396.2935979911162,10.0,4.270557052322455,21.831628017249827,2.321284506886899,-6.196606055130066,5.9229319029575525,5.892822197222536,12.55288930198158,7.668793098798153,sprinter
TR_0117,forest,clear,4,2,1.5081030615604794,2779.6673111505784,52.75818476160843,5,236.55774360389768,5,4,0.5803141790744613,0.8951887158698397,510.18989247168867,52.790271486512935,2.5874659023603543,28.92577860931771,4.555265509526197,-4.381791237487123,13.539225724606691,5.656612884279894,10.046627556398102,6.560257811245217,guardian
TR_0118,forest,clear,1,5,1.3855901200214635,3062.3314316948704,63.4793366421218,3,227.89078663849898,4,8,0.5162066464471156,0.9135566467293388,559.852859517734,30.016197562267017,5.442770397061076,26.881975662259386,3.526518442025961,-1.3566395364139483,14.629313676010868,13.95627788990475,7.743471117548373,3.278519483786556,guardian
TR_0119,ice,clear,2,6,2.0134313405812274,4479.416017492459,79.12237010961995,5,188.37020563917014,2,1,0.5310833563668836,0.7642733980798176,335.2788865297555,10.0,4.250160119717465,24.389710740297904,2.0413549384536607,-3.8614146185513833,8.90062004704802,10.217982799089942,15.432274909412834,6.099920042615748,sprinter
TR_0120,desert,clear,1,3,2.0504338008686016,3917.8432882214765,75.44789746771283,5,190.77044972223015,3,0,0.42340855086517815,0.7610814764219778,329.0605951647397,25.352235631037093,2.875156290741036,22.27061489063147,1.9281147883525214,-4.613298562622038,7.287287822591954,3.2561721883413686,14.00567739718137,6.171593026294591,sprinter
TR_0121,forest,clear,2,4,1.4176970247475424,2928.1185538206837,56.328958908436725,3,220.95401316341932,3,6,0.3833653418569771,0.914455950939155,521.4032509134101,38.931402854241554,6.3924612521409205,22.344169902208797,2.946017391558553,-3.8350913049679876,11.611215861704736,12.399434041408059,8.043849217219703,2.0484612760960745,guardian
TR_0122,urban,clear,1,5,1.7236131822225047,3678.868901902235,66.81470779041801,4,222.1313991592074,8,3,0.7478817063353955,0.7911986353599844,397.39023282530025,103.17018559527321,4.663057676518404,33.19124838581549,4.961741070555217,-6.37674823636054,10.698773130785172,12.187521303244832,8.353590620901274,4.669916064194411,explorer
TR_0123,desert,clear,4,4,1.5682367824709627,3241.7976486018365,70.9860417117339,4,304.0873323912255,3,2,0.4836976058971391,0.7649898362171342,517.5382961679893,62.14765316055886,4.054435212178181,26.55274298662514,2.0802955911695977,-9.230786088570138,11.77660217170785,4.326869810691458,9.720845745034019,3.564072302708289,explorer
TR_0124,urban,clear,4,3,1.6629063375939892,3214.1626267545303,60.7625953532205,4,268.197256734484,6,0,0.5585685854723946,0.7851209912668087,435.02077019206575,77.48223220601767,4.054761154409352,27.94755126432752,4.90886212197941,-10.0,11.47789556968478,1.033661851748978,12.250965408223873,3.3128659371597085,explorer
TR_0125,forest,clear,4,4,1.1263506609438318,2327.5660046439684,57.51067298769513,5,188.96642224683973,4,5,0.5208828384454434,0.8842334226039571,651.8967494975001,33.2395893892183,4.642860004068893,26.001252699059727,3.8468975219280805,-0.4166436074367028,12.627826077072582,6.354785876409888,5.670549781115654,6.845369327596348,guardian
TR_0126,forest,clear,5,5,1.301639051931461,2834.3210629798145,75.90373409723297,7,265.8682336987353,11,1,0.5693188652932266,0.8352013219861497,581.8341781745878,71.30289943681112,6.602929596090785,27.58398239379276,6.316195215381751,-8.266324513994372,6.57315996324164,4.812684129583275,11.353062554554818,10.464824184825723,explorer
TR_0127,ice,clear,4,4,1.3715451849716078,2823.051944467522,65.18920445107578,11,192.30373694154446,4,1,0.7061069166520139,0.7910647112379172,555.0905976989367,10.0,4.39321734859539,30.150249782079342,2.302732451178811,-3.006740094023251,4.526458940331825,3.72843036993841,10.71493008518316,12.912537499276267,explorer
TR_0128,forest,clear,3,5,2.170276203368721,4585.622589331046,56.355822305096545,9,173.50431319010136,3,1,0.5105759280924524,0.7031149063181401,361.49340195434115,10.0,2.7261071125410137,21.49309169104888,1.3697546047048093,-0.5180016043914493,5.4499157966792104,9.331365318718314,16.84183529018687,14.854504105987825,sprinter
TR_0129,forest,windy,1,5,1.6035774838176762,3427.7633683549475,78.37753717722745,4,284.1691316358593,8,1,0.6845838757672819,0.8445392417673363,383.24337206933785,96.68695516859972,6.643560064081627,30.88898858041786,5.482953801924483,-6.9433063517014055,11.061998087431915,8.437453821348395,11.09166400737293,0.8939891988404209,explorer
TR_0130,forest,fog,4,3,1.268662020782685,2454.091414666255,75.22069226652226,3,163.2536743602167,5,3,0.5667007602666335,0.8009976602470517,584.5143535197009,47.77883149872944,2.789107551531092,24.740836062850292,4.423639983269472,0.07020071394933192,13.209608702903026,10.503933577412619,7.406997558097438,2.0714317196841714,guardian
TR_0131,urban,clear,5,5,1.2113880369435286,2637.605644210409,72.30972522942865,1,167.8345860260897,4,7,0.5937211373686829,0.9604566969516811,639.0664814066573,32.68106484529675,3.908448506400358,30.188982437462748,3.80428596362726,-2.9679820360285705,16.285237436330206,18.589049622712476,7.738414638051615,2.545542598728911,guardian
TR_0132,ice,fog,4,5,1.2823293364102428,2809.2491895396215,60.91467072434349,5,201.00430183711413,5,8,0.4406973405515932,0.7835802874357893,646.6864659680966,23.945498712219603,3.2345352936480736,22.30382372188756,2.2855193272953676,0.49519015796796495,12.313381204669028,18.422791546135223,7.35008385078669,9.169520924008335,guardian
TR_0133,ice,fog,4,5,2.4231776792101285,5142.880988417717,63.13369462002219,12,197.4619673152222,4,4,0.4845258807843364,0.7695760441452961,419.55481654338735,10.0,5.578501239578568,22.673867897953993,1.9900670102231848,-0.19102356860591607,5.303193833710443,4.407367035310678,18.68871509826844,15.486539667089877,sprinter
TR_0134,urban,fog,5,5,1.6336396326491038,3538.8986795033256,72.10593903050815,7,271.1809456497928,12,6,0.5385050422153752,0.8312162817013541,559.2642810239233,63.3715587608022,4.876891220188615,26.18884348872734,11.185660478874453,-2.875604739896663,8.79198959758261,6.645471202803036,10.655705319023689,8.471875793601422,collector
TR_0135,urban,fog,2,3,1.7071873076052775,3287.9629397999474,58.72308690638307,7,194.0935372737672,4,2,0.4400886247377546,0.7244022864687918,453.63763164532105,22.86812850847198,3.8770894791887747,22.351892151209093,1.3441470967772635,-5.594722152824012,5.805224584013634,0.284774506609458,12.825830080129249,11.356937458156345,sprinter
TR_0136,forest,windy,4,6,1.0809424442915112,2497.411553409623,58.46320568803335,1,222.79254278709993,5,8,0.6113622669244755,0.9580638615314417,651.7686164248922,52.89117170078603,4.791129561509194,31.68246739414633,2.4443769374275464,-2.2231765588729924,17.043268752198838,22.181885065512102,4.186917959836381,0.9490954168067305,guardian
TR_0137,desert,fog,5,3,1.7681235980881491,3367.3359339748204,67.23202991921157,8,188.39780929921423,2,1,0.45475474996422843,0.6830664370675315,493.13731019697434,10.0,4.407699934511266,19.22590320984393,0.5627115937488332,-1.178111755477842,3.984557079614709,-0.17280804315031983,14.230685802111909,12.679070993215813,sprinter
TR_0138,desert,windy,5,3,1.5327327121801715,2985.5645353433683,86.98261619323878,5,204.487765325673,16,3,0.5579424443624017,0.8030423552416157,533.849416077421,112.26564443545642,5.253850272892915,25.712836447561244,11.483201104434542,-3.8329738337297146,6.55643379884026,4.440282520283401,10.404064901922435,6.714785564793797,collector
TR_0139,desert,clear,4,4,1.1994862907814856,2562.2030600991116,68.11189827668287,5,284.72352654546773,9,0,0.6848206813658335,0.8642049284029514,591.5158159248175,79.08354761556646,5.269899789279646,31.249730702850133,7.556046284339166,-10.0,12.481652568249132,2.8502787798794817,10.344447545032379,6.832708369146647,explorer
TR_0140,forest,clear,1,6,0.9619648733362547,2253.3609074924025,62.45740504221946,3,174.76135848839414,1,8,0.6129757133271557,0.8789893235247633,753.4596004978,22.10736391188005,7.985623238315185,29.52641953481977,0.0,-0.7166158113507065,15.833985521740738,16.623287516423936,2.7526908042384703,1.7439329587668988,guardian
TR_0141,urban,clear,1,5,1.501128732514958,3205.894499251261,49.67931340769032,3,159.65969716457195,5,4,0.598985238687905,0.8996885622064044,431.3210406336304,32.68068339676091,1.9772067728256748,28.737736915694114,2.7599797317365686,-0.9254077448040566,15.933986080142388,13.754215461115134,8.681286726764288,1.8736289253903602,guardian
TR_0142,urban,windy,4,3,0.8416815193887298,1741.7039743523214,68.79148989513709,7,302.3333033091584,7,1,0.6490996540421753,0.9032690412206408,769.2093822302576,60.11144421679112,7.4331972414319605,29.580388253718443,7.318948232983634,-10.0,10.435012798388367,2.076998839945701,4.639515246895549,5.68888383303571,explorer
TR_0143,forest,clear,4,4,1.3249773607389068,2735.94848389399,84.31087082145363,4,267.1939307084656,8,8,0.40332209189594825,0.8022710114659025,632.9945915288505,50.226583501446626,6.491604996520574,22.81909531130451,7.146746873813097,-2.8473705089293047,9.989334818663327,8.659034677438585,10.652278508108932,3.999776151487554,collector
TR_0144,forest,clear,3,2,1.6865459981114181,3067.9415264553454,66.09852667879726,4,285.3990791099577,8,5,0.5769483691091267,0.8019481295276649,467.6710544940049,84.87378306704748,3.7252045936000022,26.976648693182703,6.75525873449986,-6.291819216773262,11.702051324763008,0.42269511519141223,11.601637198375848,5.132265766012456,collector
TR_0145,desert,clear,1,4,1.28849906565324,2640.2658027481802,60.861025036943566,1,183.51247091039244,2,6,0.5452051521083817,0.8961189614298044,498.38119207101266,39.409013592079894,3.8542129624630004,26.139556818381134,1.8237042281922153,-3.755534227319818,14.780312400812077,14.291886570302646,4.672513184309067,-0.43228236723051294,guardian
TR_0146,ice,clear,2,4,1.7346692404969086,3518.2804555919874,47.30435832476484,3,208.7842916909595,6,2,0.6275492738628037,0.8730323979436189,406.2177877673868,60.80771106959666,4.463967794234913,33.19590301342272,5.211420383168841,-3.58806844933911,15.422506502643808,12.458022095388332,12.445391631410784,1.469170319097593,guardian
TR_0147,forest,clear,2,2,1.213353486531416,2279.779526293093,64.44956256951028,2,197.8385044705986,1,4,0.5922129541641022,0.9440374132362167,577.4757707137014,25.554066401771713,3.2828224913851276,26.263626199634103,0.5042156431989753,-4.41784309298094,15.655366028030915,5.071344835850349,8.510382227805367,2.4843778238293432,guardian
TR_0148,forest,clear,2,3,1.3277021328650052,2595.0412930846082,65.4865840008413,6,251.9239784219667,10,2,0.4400264959141304,0.8154672034704594,529.1542010035458,80.3123272930629,4.915140683163201,23.14340082428965,8.28960328834704,-8.502868151498552,7.765380626682523,1.899040882824707,10.372006386269566,10.515013898875207,collector
TR_0149,forest,clear,5,5,1.4681323336356413,3128.1541676736997,53.040671243000745,11,218.9064912625936,4,1,0.6440682099610036,0.8020074221697749,583.8374514274813,25.505069218833412,5.186655950678704,28.20153290527974,2.3980924231207434,-6.00738143020423,2.447438665562369,0.7872752066810058,12.128002916793994,11.806581169636631,explorer
TR_0150,urban,windy,2,3,1.6292492256291387,3115.690599245209,58.0029531206795,9,247.05823712568795,0,1,0.653221639686465,0.783484032396858,437.1482943222628,10.0,3.9934017252927068,28.676583591097142,0.0,-10.0,9.727849004207066,0.5203380345873639,13.88540424158106,11.146820221542097,explorer
TR_0151,urban,fog,3,6,1.6760921126960442,3749.3530065439227,74.46969252218797,4,222.08053527568654,15,2,0.47619421383629557,0.7537353228140785,414.840825750685,126.98796151934701,2.5761589160991383,22.222311751159417,13.77284483198152,-2.1212818726929,11.114146622287956,10.366088837179317,7.2605966874349654,1.6014201885118053,collector
TR_0152,ice,clear,3,4,1.473782720687617,2935.433615747657,63.706105621649016,5,146.24093223468373,1,3,0.47575661314397416,0.9313973784608096,476.4567644137825,10.0,5.454293588588692,26.476981500947375,0.0,1.3642944119330815,13.069427257461092,11.857704758033384,10.238490952203078,7.517496318164586,guardian
TR_0153,forest,fog,5,2,1.54709610958501,2750.864148341136,51.15916657787966,7,172.91446953170606,2,9,0.5597250253131447,0.7929671969751566,633.8622674230069,10.0,2.565057099292493,29.81994671535572,0.0,-0.047153687969533564,6.347709076177246,3.424229551601135,10.618688205464187,12.031174818121178,guardian
TR_0154,urban,clear,4,5,1.6443380764539328,3561.4027283914406,86.4242980804239,5,251.15357534137638,9,6,0.5608834957619339,0.8019718669859771,491.1311420210897,58.46747216499441,5.452255307934375,24.968167984651366,8.578039389051717,-2.525911216029634,11.170872992853303,12.095644666062995,7.934151705091315,4.030959897793232,collector
TR_0155,forest,clear,5,6,1.5841107235447267,3561.3690805350725,70.12358031844107,12,251.39931911113513,7,2,0.6047074157408375,0.8339288133713144,548.5673285082624,10.0,5.445619637159021,32.08318629858465,4.840264748118763,-7.289235155848189,8.394811818007721,6.651063541285303,11.495361069315472,11.486385667200146,explorer
TR_0156,desert,clear,3,5,1.4725867088908577,3151.65421885097,66.45743777305057,2,186.75785691525957,9,2,0.6412865557209063,0.8348635267801482,514.7114817641319,74.42262292765594,5.500344542622651,30.829290896209766,6.263102669054151,-5.754324594948391,9.552166769871542,8.461056248853573,8.670865023639463,0.7025910740599655,explorer
TR_0157,urban,clear,5,3,1.439257100813292,2833.729245687962,73.50517299597426,9,254.54163519856596,7,1,0.7344375848520579,0.8321964314382484,556.6358527776962,50.30678882350972,5.396826102907839,29.33378741635101,5.734950684637543,-7.413296884999804,6.997967528879596,1.130203563160888,9.861006750295946,8.30041878465113,explorer
TR_0158,forest,clear,1,2,1.55334534727715,2810.0707027891303,62.00180463486628,1,151.359473613956,3,4,0.4976917254213986,0.9274166393210459,447.7986651452741,79.46812725751101,5.183565555236049,23.62754177275876,0.24454523359735436,-1.7381385248064312,16.196099558003795,6.870852688834487,8.561307470976404,2.422232984089892,guardian
TR_0159,desert,clear,4,4,1.6480366969446183,3365.112644609982,74.82924720073059,6,298.9953226405821,5,3,0.5948645501729546,0.8192817265104243,442.8017400188152,80.39764813314753,5.832836566107225,26.50509529980004,2.7091134686022604,-8.004331467246319,9.657736512601486,3.2472059556084307,9.915572973980378,8.166506705029454,explorer
TR_0160,desert,clear,5,3,1.5421119556417173,2998.9953928713853,56.24122253257973,5,240.84736213338218,1,0,0.4312049938069072,0.778905644022893,458.97739647573724,30.7654407961573,2.9562401255192077,20.446573941783985,0.24459368789790975,-6.131621299429569,8.693251646041087,0.14814704700732273,14.305793738783393,10.880628843432227,sprinter
TR_0161,ice,clear,1,4,1.2551611484275051,2564.668574043141,76.7491718984534,6,250.85262782208065,8,1,0.6182904473072144,0.8614660829380293,500.31826572108844,100.52032138891379,4.935245949291016,30.604038066827293,8.596050476897242,-6.515723879591135,11.469795858841847,3.345378318118886,8.738311266935053,8.502382832495933,collector
TR_0162,forest,clear,3,2,1.5689433663199948,2889.2581851764267,79.47358951847208,2,235.9020491641381,8,1,0.5901497623122692,0.7449560445335204,453.127136161157,90.26384401945829,4.035280355065884,24.763154949900464,5.583965193429581,-8.54956229937575,9.419926129669165,-2.0599739280983758,8.949664548924241,3.960676650449236,collector
TR_0163,desert,clear,4,3,1.2153005253739613,2296.3781488811733,69.75565493526493,5,212.4343796937179,1,1,0.5498110846595905,0.8527543959621009,601.6307367436888,24.52971705576644,3.335149634009086,26.337991289085686,2.1737933050964657,-9.538657065781347,11.92079256575157,5.438919769605814,7.6667447666045,6.292954916262626,guardian
TR_0164,desert,windy,1,2,1.7446795172714369,3153.4000612505524,70.2389435057492,2,229.7401180913843,9,2,0.6249393099595008,0.8886940671914746,363.83562477828895,73.43964135708762,5.739890502835975,27.027503448682314,7.899730601750045,-5.311297809137621,13.450523235739382,-1.0053723478073022,9.109385428985808,1.3501532671540377,collector
TR_0165,urban,windy,4,3,1.6853237936217718,3217.5944636768318,73.49125825904648,6,214.4795755575583,1,1,0.26570663431955605,0.8558174672227306,460.9369112847994,10.0,5.379631739193582,17.527862175951963,0.0,-6.873060432990693,8.363355849323504,0.19186866973249206,11.93307989163372,9.145947845767385,sprinter
TR_0166,urban,clear,3,3,1.4858945879339793,2923.656038766703,67.30304692265855,7,262.8653443238944,3,1,0.6394364735518344,0.9080245205052492,500.1224334283031,10.0,5.972343699939403,28.02243278750476,1.1635000779599087,-5.99899048445141,9.776896992173066,-1.050690523501013,12.192048399312833,6.471195604829829,explorer
TR_0167,urban,clear,2,3,1.5105771140796138,2958.96503155946,68.75793714922709,4,275.12779780921477,3,0,0.7127462628634313,0.7875025686626054,450.1853524793693,53.341407513931,5.543529532803481,28.06253328782956,0.6783169706526935,-8.344483405584477,7.314877175129457,-2.0001271271345926,10.12592123016188,1.3874989039586247,explorer
TR_0168,urban,clear,1,3,1.6057364395016855,3114.3434511765136,80.41767337330876,1,252.99540837116274,9,4,0.5480544732108902,0.7886428965585546,440.22103483267284,102.20196889716718,5.419742064231561,28.587918352229796,7.6336436113341435,-7.391859788831593,12.169365075713106,2.117343900570633,7.694730285052876,1.3720599660887154,collector
TR_0169,forest,clear,4,5,1.9780097949130366,4230.374250113643,70.31376495493862,6,235.03269725226735,7,2,0.5098204174397086,0.785174883962111,426.3338382251526,68.78849444753016,2.9238929071998117,22.604386430146896,0.7262592098657112,-3.632537602677238,6.032866146590999,4.803602373592046,14.690274882627428,7.4786907041619575,sprinter
TR_0170,desert,fog,5,2,1.63519484668471,3015.65254303204,66.72439314046828,2,257.80345007364787,1,2,0.43123168859051386,0.6702173214384742,524.4122897463908,46.569014704196064,2.6034012487254765,21.90402669723757,1.464635568975447,-6.437260323641528,10.887064317555055,1.277700306233914,13.4913987685012,3.288308857822172,sprinter
TR_0171,ice,clear,5,4,1.3500481721005597,2820.835930726261,63.70593019182127,2,215.9074140514547,2,3,0.573602170590724,0.8892045675040242,585.317692636586,40.66005087288617,4.138897652944287,26.455139070317706,0.0,-6.26958104830254,13.961822827117475,9.131887876666042,10.124475277523374,5.123959014432672,guardian
TR_0172,urban,clear,3,5,1.538214942790171,3375.8742057969393,78.2281397152047,3,251.08064916145523,14,3,0.5699455425428673,0.7975479424821887,444.2731870399947,141.36742615603623,5.302063724161604,24.094837755986802,12.465047819206845,-7.346902246096307,14.366269320057237,8.061130956358523,11.043337889320266,3.073132404603845,collector
TR_0173,forest,clear,2,3,1.1145493806181852,2283.2810105900535,87.52095765642886,4,285.2033300583021,10,5,0.6047173277871406,0.7378194573031215,577.1644321311286,115.17967234692063,5.43614506653314,27.53722717731657,6.46094248307031,-9.365543987522289,9.556606170675998,2.9342740787685315,4.985107881656483,3.6278533011003757,collector
TR_0174,desert,clear,3,6,1.441100367372912,3288.4462580910126,68.6381467033915,4,206.70046826615223,2,1,0.3646561455411807,0.8461674255887374,507.90805110748556,22.932533024188118,5.041243528887049,25.73700546277677,0.34485545524311645,-3.8611896529853227,13.68419296024707,14.997039473866915,9.523831872075231,4.358207470814258,sprinter
TR_0175,desert,fog,5,4,1.3311537429329223,2679.76344668463,66.15770502730919,7,167.90877219777073,4,8,0.6135613864753825,0.7595795234391309,670.3296055026779,10.0,3.4593844837685066,25.396926332775816,3.0800210690860887,4.649058584741617,5.357559289691596,10.73041473951617,8.193587537142736,7.404962969583258,collector
TR_0176,forest,windy,4,6,1.4543607703207333,3350.8429827466534,61.02338726517122,3,278.6835650617416,3,0,0.6077891456118549,0.812953757777147,470.2525261801732,39.59462365893663,3.564579899301661,28.51311039403739,3.4362118428825674,-10.0,13.272567156451812,13.351247098901009,9.670292488087043,4.472641997255248,guardian
TR_0177,forest,clear,3,2,1.315955993203941,2429.4017180585947,75.9209436811429,4,251.30857051767774,16,4,0.5239058536543155,0.8440279011487695,550.8714787363929,145.46985339062945,4.065459917756835,26.78187715573431,11.898251315564934,-5.7166691530997555,11.973955582243308,2.522659322369889,5.84308341518744,3.0273018181729485,collector
TR_0178,forest,clear,4,4,1.3440334590007013,2718.6035772800374,59.62191920147987,6,218.45608808452815,6,0,0.34466717932834123,0.6906115263763761,532.8612772257469,40.383536004768004,3.4690829717660714,18.75619821504206,0.870077543366564,-7.956513414516704,9.353105667530421,3.8308243229296766,10.44406802811384,7.8973529622307606,sprinter
TR_0179,desert,clear,2,3,1.749036554036928,3322.963357318152,82.32068509770514,2,191.73470228411264,11,8,0.6340284169175605,0.7946596671742736,481.67358477657183,60.218583698453045,5.4110931351403435,29.503808617632373,7.095869881506908,1.093307438149893,9.136781598205504,6.981056641917166,12.773587762104196,1.2862134246941035,collector
TR_0180,urban,clear,3,2,1.3811053473310206,2566.145664403748,58.34972583407958,5,234.56318377318476,1,2,0.5315972490335643,0.8154000868304018,499.06901056438284,26.410110989091965,4.914073591630131,25.010906000106278,0.0,-6.624888646737263,7.437773394128058,2.0538440666964597,9.961677114608227,6.561247161011822,explorer
TR_0181,forest,clear,2,2,1.3023255475961242,2393.438104361373,80.02817273897095,3,182.10896068495776,8,4,0.6625344023149824,0.9250865941828998,488.6933876920464,67.12931595055228,4.162530645430861,28.8727837454529,7.079844498526987,-3.7836079964309626,11.76562822806107,4.693181778065773,5.9293190054882325,4.451257418852202,collector
TR_0182,urban,windy,4,4,1.4903555349494413,2981.59807287308,54.50630086713609,1,203.38414256713347,3,6,0.4818357381109682,0.8873241460936879,557.5393749960489,35.226026658086276,3.559540204319668,27.43878956784912,1.0405531484886672,2.1960092236238475,14.85065879856755,16.54740068012814,2.8918742659011025,-2.0353962207314735,guardian
TR_0183,desert,fog,4,6,1.6053403503508759,3636.759421777608,66.61665302542995,6,276.6271125888677,1,3,0.5828341518552509,0.8105480968557328,494.2273822593059,27.439121224534386,4.966335423377079,26.871861159606752,1.2508669290848464,-6.658978327627252,7.3786427875358696,8.310231087352971,12.2504989265347,10.220533337855732,explorer
TR_0184,urban,clear,4,6,1.5222399751780349,3395.5400305684543,61.39652313098913,4,244.64913010957397,13,6,0.5633973890821282,0.815347685739702,522.7962920203996,128.97197513909586,4.418510143560563,25.058549175534196,9.260782188676558,-3.1281947001620285,9.824434283325639,13.268927616166417,12.417065303943394,3.9016625346827154,collector
TR_0185,forest,clear,3,3,1.577239941517396,3114.76511940913,70.0517182130727,5,246.2901289661531,13,3,0.6502098538847798,0.8840558297672616,499.6987262347485,107.7394747430794,3.2820551950050354,27.31616773438728,14.08514768334251,-5.3338789491713205,11.345174016374713,0.5296577191286445,11.824398612125758,5.913197230205916,collector
TR_0186,urban,windy,3,4,1.680968756575463,3460.68791131473,71.37463441053268,8,259.24228915244794,1,0,0.450797040750643,0.7184385242052288,480.8820453244948,10.0,5.142367658731572,23.314800335042523,2.8492436636049736,-7.159765090580342,5.998496677329708,0.9840032913341261,13.552217476454953,12.411821422708035,sprinter
TR_0187,forest,clear,4,4,1.7594819421396735,3488.5111131017225,68.60007041950554,8,182.76032120074996,2,1,0.5104408259341103,0.8541835165093823,499.270016492294,10.0,4.815655009234412,22.415599044855966,0.0,-0.9709364021374378,11.069278080771282,1.7397513509667917,14.830873335902158,12.949418388922222,sprinter
TR_0188,forest,clear,4,3,1.086249936868518,2125.7490455222164,59.53080088842184,0,208.1822098762634,1,3,0.6904914197073392,0.8242203912556451,634.9913840144093,49.49976419064916,1.6006667996037542,32.87853695732841,0.15375518029926483,-2.493516428111366,14.492415967815877,9.76771924916713,8.335808594858126,-1.14861952592014,guardian
TR_0189,desert,windy,1,3,1.1609559694466416,2352.383230737423,65.22696250329997,1,272.1291434743604,4,2,0.6216234781678425,0.8276080295055231,543.0569702042311,46.19338247375668,6.7885844076618636,30.41435336563461,0.8841673472008464,-9.246349241217368,11.794742453052198,2.149950758361996,7.231825073642663,2.2377639133569627,explorer
TR_0190,ice,clear,1,6,1.8388037658487377,4153.828551211556,68.29116896019099,6,249.58048620001873,2,2,0.6920626172092416,0.8570403613332895,348.0064037986045,23.137995474298318,4.595539944145357,30.997333334808207,0.0,-8.118042011313193,10.70050391721777,12.755726296890142,13.68415252136385,3.947041142821567,explorer
TR_0191,ice,clear,5,3,2.1739731937304416,4132.914476372928,71.7716245456848,10,221.34636764271127,3,1,0.4523685634071461,0.9040751626424569,377.82550070043806,10.0,1.797586670636798,26.842437200573936,0.0,-2.5779593089641084,7.809510201291527,1.94650193043215,19.52608299501253,14.69661006587973,sprinter
TR_0192,urban,clear,2,5,1.575866219332979,3427.5028221203634,65.82810129254565,3,263.5167470111839,8,4,0.44188075535386134,0.7950243759163201,473.379213036288,107.46406752688137,5.248629472962025,25.904435670299737,6.8148649784341195,-5.574415448612541,13.048858350268743,7.927153632894753,9.966946789728045,4.347156407703143,explorer
TR_0193,forest,clear,2,2,1.6693366769336058,3040.823580949446,64.0437501807964,2,225.72124614373567,7,2,0.5510875221168972,0.8332071603939589,379.1300665196867,102.27758910128611,6.373595911675931,26.528904615116474,4.101100884729513,-4.90135687477604,12.557860443762278,2.3047665009423337,10.2706995566261,0.7384247036821896,explorer
TR_0194,urban,clear,5,2,1.6326408692910173,2955.4457308042656,66.10587510506873,9,223.3382220566436,10,4,0.6348659553974082,0.7798900691684132,507.6171447323449,58.34134153529726,2.807364923902343,24.3724155801797,8.145799177657182,-3.7526204370888836,3.9233697554445053,-1.2113639430707368,13.368908102023742,9.356848323309226,collector
TR_0195,forest,clear,5,2,1.552350473342289,2841.2124209333756,81.56433825629726,9,234.74689138337536,6,0,0.534676790374486,0.8220099988624318,506.6232324565722,10.0,5.216670349564146,23.147110535911843,2.4304456641757968,-6.048513151447729,9.619695857802565,-1.3134640060680254,14.583385561705757,9.508020534130313,explorer
TR_0196,urban,clear,1,4,1.5201881740164156,3108.0345210134833,64.06497078647837,6,255.29774326991335,4,2,0.3637111369217309,0.7375563350636438,420.2859047891192,41.11893358017826,3.38743295365987,19.00051815176852,3.381839194217933,-10.0,11.488698908290182,2.916714336902369,10.777954747642099,7.997002177546947,sprinter
TR_0197,forest,clear,4,4,1.7890053358038183,3607.5675491890865,64.6162344308105,6,212.46376325199682,3,0,0.4390718299060304,0.7618383351969402,437.18338379935176,11.070908377223988,3.151312002990823,22.363985997476046,3.0609986489323173,-5.673464448677586,8.095579472630188,4.8907239136662275,13.534912560346221,9.056371835639391,sprinter
TR_0198,desert,clear,4,3,2.0038714484091105,3797.3081490875948,81.20015985024577,4,241.62950840524712,3,2,0.435030136681968,0.6989901618827055,401.9692889002718,40.21122946125454,2.577403249963173,21.552963308894757,1.7168299393237194,-8.009482349635176,7.0073658033847686,0.17103712464647902,14.015270802972736,7.130809337553417,sprinter
TR_0199,ice,windy,2,6,1.9148856989667318,4331.759020986791,55.55466600678889,3,281.32739705282137,3,1,0.629852430270638,0.8491247944303009,308.3243931314865,85.59644936359628,5.950597332095513,30.75015017349199,3.160048774225027,-7.483251707991189,7.921005483261112,11.204604429992596,9.331930690119822,3.3912729610608348,explorer
TR_0200,urban,clear,2,6,1.1989302217765438,2736.489692976215,68.53544774309162,2,222.45528517981174,11,8,0.45802405505567745,0.7175235557657567,608.3878946222471,107.59692529486007,3.0891956314674114,22.630626152141634,9.970066895265468,0.07669075717850893,10.779871799811541,15.647199454713617,4.70742179036994,2.83657005531865,collector
TR_0201,desert,clear,4,3,1.7339701644172205,3368.022864463589,75.77762905750927,5,266.9326783566733,6,1,0.5055427586313165,0.7345985447966857,468.5490281029029,62.848676678419736,4.1843207561397895,24.490898826938835,2.2927089201058335,-9.427863282177448,8.020733119808895,4.740148124832863,13.437180200418636,10.422431746203038,sprinter
TR_0202,forest,fog,1,4,1.3753488886178824,2804.656663265446,67.53655777200873,3,185.07122744440179,11,2,0.6516571451724983,0.7915615561847907,468.5945191451966,91.3270899354902,4.4035694596438235,31.036997922368307,8.590712281663608,-2.6052034024320436,13.03532297145129,6.319985917767709,9.168105463396932,1.3090349940563226,collector
TR_0203,forest,clear,1,2,1.8167081817026942,3299.1106479643936,51.21605727386441,1,209.1206208024996,7,2,0.6520206082746942,0.9150160911567072,355.81685674619854,101.44612462499242,5.123651083803182,31.16145300272799,6.035646719776476,-4.999393095882946,14.366793204806863,0.326266236336366,10.44130528727183,2.2989593789805336,explorer
TR_0204,forest,windy,2,2,1.4920689555198356,2719.4280183905285,76.78972665296638,4,249.58975394253383,7,2,0.6359750483757075,0.8191662821262595,418.2948605886828,75.2355564306696,3.927876344359084,28.4697295585175,5.417321840404856,-8.410628388110496,12.911478213868563,-2.0497134454409998,7.052764265205644,5.355564735638849,explorer
TR_0205,urban,fog,4,4,1.4042017749321676,2795.9788845970056,63.647685676115266,3,151.15694903812332,1,8,0.5135826352130556,0.8490330295539167,540.2993472813934,10.0,3.9278403442527634,27.50674689327665,0.0,3.0884142892239206,16.01682013395201,13.10972652439923,6.593954119672829,6.090050957625767,guardian
TR_0206,urban,clear,4,4,1.7180031019744268,3513.1361877695717,70.14421439756055,5,241.6781094214846,3,1,0.6074279501282981,0.8664735516095204,486.5611848054908,31.828134351818292,4.3418353398778615,28.427566334371225,2.5767142385661495,-5.128619702395753,9.320193466437814,5.527434457400683,9.343757528300003,8.220432342778942,explorer
TR_0207,ice,windy,1,3,1.4684446372508808,2866.8022455797395,74.87985927703834,3,225.84035061989277,10,9,0.46093456225823254,0.7937450612548995,512.6753465413634,104.62613456099379,4.63656510467349,24.45715002883732,8.483422016189506,-0.6437456860611992,12.70038835664344,8.407351034428018,6.1467924588291005,4.651859808308072,collector
TR_0208,desert,clear,3,2,1.6271762874919102,3059.78857958322,53.49806676064968,8,285.70069649691385,3,6,0.6516687271634825,0.7475991329979343,496.4974786864793,11.16681348793508,5.728901569774347,25.093026130060007,0.6496011535330981,-6.328879143877276,6.235463967315163,3.221987433078459,9.305315385877368,9.65683721286049,explorer
TR_0209,urban,windy,2,3,1.3412729939072163,2677.5685512762752,66.39724917524386,4,285.4716030994017,0,3,0.6993482045492551,0.742577616630292,474.37151175686483,65.98954307991211,6.671099627547469,31.980759374651598,0.39625646619458876,-10.0,7.685098547623342,5.063292643866756,9.061455753630618,5.133080604479749,explorer
TR_0210,urban,clear,1,5,1.3336196369320137,2801.041389580948,80.48578399941081,3,151.90703589280227,11,4,0.6034603212711809,0.8345948619628608,484.19267197064215,100.69275496799477,3.996987167728947,29.162801174602333,8.108697315084676,1.7225455058385577,12.23465077357222,10.338849829733714,10.010843443986591,-1.420443441989272,collector
TR_0211,desert,clear,4,4,1.4432790165539364,3027.818424933054,78.88048602678177,4,246.68500527854192,12,7,0.6134689019138079,0.8688160728633111,531.752492580153,107.70135394901968,3.95761489434914,28.94460265171653,9.279501981617154,-2.339882422181132,10.856210084870492,10.61916475967789,8.918744195173248,4.839404939815803,collector
TR_0212,desert,windy,5,6,1.45172935722833,3299.8396346259706,61.193604033924366,1,174.82457943332204,2,0,0.5309151650993832,0.8146355247176749,529.154602012586,60.60008219963922,3.4883138899981425,26.25458835863313,1.120667470656511,-0.45431798131251755,16.127402031693006,15.137339206253953,9.343733768763656,-0.558829937702015,guardian
TR_0213,urban,clear,1,4,1.2396971148092966,2575.2536333740118,64.24778837402,3,293.20491120849675,6,0,0.6399154176598564,0.818741097603637,479.9841595976814,73.4713868010444,5.422634665127683,32.658679591537066,3.3509801903581953,-10.0,11.5792575092007,4.297330382204799,8.150958372702007,1.326216268941361,explorer
TR_0214,forest,clear,3,6,1.4646852464959068,3331.3530956299956,71.11677566262006,5,265.7806650744686,7,3,0.5429502085738249,0.7867495374856498,501.72917732495335,70.45110564536279,5.4534175069392985,29.562140579776077,5.751519158748181,-9.728674876374185,9.915180279038712,8.643512256813255,12.0148830621016,4.40036764375753,explorer
TR_0215,ice,clear,1,3,1.8819980399171892,3647.143335531674,68.06288620631756,6,304.4722551604394,9,4,0.6757484785487452,0.8646441844534696,363.91946143935473,64.99951536117118,3.6463547056406975,30.3372548661494,7.298703435807665,-9.193148379542597,6.713698861171888,0.37050673304570436,12.710655191228392,7.650562210871447,collector
TR_0216,urban,clear,1,2,1.5088366051121416,2796.7010330476373,58.75015661480445,4,244.0717219964382,2,0,0.6565275534696369,0.7951093573121223,420.8533309477426,51.57697419134746,5.215125280941242,27.442100250750478,0.0,-9.976089574356786,7.472054453471978,-2.0850271494594668,7.121007029237928,3.002425029683203,explorer
TR_0217,forest,clear,5,5,1.7116545947174406,3710.4369981987747,66.40404847397596,7,241.36053301756272,6,3,0.6068795876585517,0.8092231701357606,591.6847038607312,36.657677494383634,5.11991930502501,30.143132302839135,2.7944276413060773,-5.685059733159084,6.575709260478643,9.43460748087748,10.289077939834828,8.139751285655509,explorer
TR_0218,urban,clear,3,4,1.438527540366081,2894.9261624059686,78.89171880304278,6,172.3836098524813,4,0,0.3463477410463395,0.7694850864325565,521.0349159960632,26.07596432404797,4.588058442595616,21.155394879704,3.7241403471053993,-2.0158971553304594,6.331136962014732,5.3570633729686605,11.870503147277436,8.4711763928492,sprinter
TR_0219,urban,windy,3,3,1.4272789839152304,2753.825584909721,68.53043204855926,1,180.5397935560789,4,3,0.5812586913147635,0.7525452394247962,506.3213903533897,40.96794530368603,4.292410444028235,27.920984688605174,6.041363605318438,-4.537600342070679,10.303458204007407,6.75895144366396,12.59515402425585,-0.41258892544126113,explorer
TR_0220,desert,clear,2,2,1.7656762493692275,3185.078660066152,57.05527556318697,4,276.56562935752015,6,1,0.4803557242684794,0.7944489798314649,384.7962238889904,66.84256058525524,5.431927132462858,26.078406141165733,2.220781318889315,-10.0,8.330352218732646,-1.4293774024874013,12.526220518379356,5.3364070132325745,explorer
TR_0221,forest,clear,1,3,1.938916767919445,3741.856122616369,67.67023006588153,5,242.18965239498067,3,2,0.49555157309566994,0.7980407448581512,360.21446071244526,35.69369676129048,4.407672312705036,24.031287321233354,2.828454467290035,-9.623636970013084,7.370414224727017,3.85453772316628,12.318555671320576,8.088126129356516,sprinter
TR_0222,forest,clear,5,6,1.579030025050352,3561.0557956667826,73.99502574326206,11,204.74510549679536,15,3,0.5743413914802545,0.8450663196743393,517.4844602421482,38.00467757221988,3.7187835855420115,26.828484569193368,13.02201601591914,-0.3664164864728341,4.442282136383972,9.929653400644854,10.061004554408376,13.149563904434576,collector
TR_0223,ice,windy,1,5,1.9722560129635016,4214.019443803389,68.76722396897256,9,278.44642425523637,2,1,0.7231810987685172,0.8295549395190358,389.5703896549711,10.0,7.44105558836106,31.24071843009877,2.5116460840250383,-8.394677177255504,5.75947318514433,8.327574215013888,13.988492648886767,6.906590988945521,explorer
TR_0224,forest,clear,2,3,1.4248731832117623,2798.9628303443533,78.97535233531553,2,259.4857028614395,12,4,0.6352316938930087,0.7401353965532317,435.5435970109736,127.8863235161771,5.811711715746243,28.788107125596365,6.829691570397063,-5.94267144624761,11.561223848520562,6.335585394399812,9.269814698121476,3.7798746484648493,collector
TR_0225,ice,clear,3,5,1.8083211355944044,3853.0077935666222,56.79490339546702,10,193.74016954358154,1,1,0.49347311212153766,0.6996710538936313,469.0309171032021,10.0,3.872692239173532,23.085861547336513,0.0,-0.9603470310465279,3.9287478993168627,5.594956625307495,15.74923813154549,11.271509673213888,sprinter
TR_0226,urban,fog,4,3,1.7559066937401056,3334.5959026223063,68.17036892038611,9,179.03547965526138,3,2,0.46517498159621323,0.6233136427661707,474.1286932299424,10.0,1.8095726306916504,16.740276574612537,0.12029506512756294,-4.4694817660103725,2.403042796162546,4.932064399244431,16.512488815889572,11.541156836354256,sprinter
TR_0227,urban,windy,3,6,1.8179282926861189,4086.5727520021314,80.20055210157122,5,236.0149436486454,2,1,0.5287044926734896,0.74869634942881,418.7804147902658,27.92035115938132,5.014175018797124,25.796284892589224,0.8469089881117781,-6.4519898155985995,6.9233929222105495,8.53968001230244,15.613164272980026,7.911910339118265,sprinter
TR_0228,desert,windy,3,6,1.4273622917375284,3236.273277746338,79.79509514828509,6,206.48830779184541,19,4,0.6372165390799553,0.8187069495437499,484.0768418982214,141.5331217516344,3.7821547350727234,30.01666491541383,13.754065395497715,0.18493255212090598,10.183164825824015,14.366225771730495,7.6653616330114165,5.957648120169056,collector
TR_0229,forest,clear,5,3,1.1531906692565927,2227.844068909709,56.78829042696521,4,180.18458398774354,3,4,0.4236411106261283,0.898786039577598,664.1383795505704,29.242842790877805,4.03566819791238,23.119522993016528,0.0,-5.827402794491432,14.588694208265668,8.588465802155117,8.552487314486463,4.375983125294562,guardian
TR_0230,desert,windy,4,5,1.545615354152452,3389.850499522751,63.14034379013338,5,250.53144493785393,3,5,0.5474675356785957,0.8892339824105798,519.5994751826104,61.389083995742084,4.222346629780115,32.258273957931976,2.3112442796357673,-3.8552594898008534,10.805250859294302,7.4178891727228375,10.298897219055482,9.371226228162811,explorer
TR_0231,forest,windy,3,4,1.2306068947643505,2570.4557792812,55.54757205956728,1,280.55672119986974,8,1,0.55496809207535,0.7690331509192325,485.4387794417733,126.55767029038249,5.132838772886312,26.938761178094133,6.613321953480077,-10.0,12.38097783516722,6.556527259595516,9.437252617131808,2.5460075853324105,explorer
TR_0232,desert,clear,2,2,1.2497244843792323,2267.790334257922,84.12329486065141,4,208.3360600688989,14,1,0.4524568976545834,0.8241642129016379,551.3097355687485,89.79934093048878,3.027079896455624,25.4784406701831,12.61385745679603,-6.578921917365092,9.250584329944381,-0.9287695122842473,9.188680597746416,4.608378176281377,collector
TR_0233,forest,clear,4,5,1.3168511760084016,2864.773207267192,58.32240087781058,4,193.54233758325083,6,3,0.5601261319525529,0.8844252972534686,555.7391816682673,65.4079341738845,4.489880144359848,28.893505987755116,6.1605941095067545,-1.1860889099459881,15.684293777894698,13.557872132364926,8.471817519321487,3.1540352519733204,guardian
TR_0234,urban,fog,4,5,1.5844276668519455,3392.4263425704166,68.09167052204248,4,190.5709937602629,6,7,0.7025909076425726,0.8542268474956066,538.353726314102,63.368394872154035,5.544848757876975,35.017456113390175,4.793798893327549,-3.2622089891334554,13.289961239640746,9.345247379769747,10.730056398274305,7.497527062359543,explorer
TR_0235,forest,clear,5,3,1.2671263926464926,2496.405392364588,74.38095074627536,10,286.0774970702122,9,1,0.6794271364537152,0.8402224234327184,649.2910573777306,50.97528698557609,5.418840172779884,30.57114053797428,5.862344337347901,-7.664827066506273,4.801833233916612,-0.1393764715973409,9.887443730018655,8.673928424720472,explorer
TR_0236,forest,fog,1,4,1.1149861020049892,2329.2799840338735,78.38533730268608,3,280.115694929086,6,2,0.6387150274681445,0.8120074449588706,500.7875005143452,55.971605932388215,4.707610849273072,31.621703286211822,3.2175817602126537,-10.0,12.43206989940354,1.8404809673335185,6.406751641484445,2.012849364500208,explorer
TR_0237,urban,fog,5,4,1.4446089569079668,2881.464183227541,61.77984014603707,3,200.52315303847737,1,7,0.4888980759473186,0.8154759411394226,582.816764576623,17.19392833667636,2.750985266921944,25.519029647547274,1.3784850248913425,-0.48852921817367323,14.717927147857319,15.404406128387524,11.062427291849914,5.129230023523552,guardian
TR_0238,forest,fog,4,3,1.47191893621931,2833.249249650886,73.26022727398731,5,208.23016638297713,9,6,0.5789944117239205,0.7438136418000039,588.262499105618,71.65205698606377,4.45167574143864,27.854781864631825,3.700700539024921,-3.352336129372288,7.888365799416494,3.1615958317264576,10.392723852760883,5.6108799228419155,collector
TR_0239,forest,windy,1,5,1.6325713713242216,3408.466738153395,59.54954425424064,5,159.98591557162456,1,2,0.45533052337599245,0.8533218640782825,418.38343801644686,10.0,4.866468848830972,22.755134413566903,2.1304158125186925,-4.220150595406432,11.39895250678485,9.661871641371476,11.031933643997634,8.931460648112528,sprinter
TR_0240,forest,clear,2,5,1.4570892038980805,3134.664058284985,61.581010083370955,6,258.2419247645655,10,6,0.47856800877754496,0.7880143707162559,510.46519801268204,71.50859990519297,3.0414431474506745,25.527630455223683,9.991608230341317,-0.2070924754367327,11.344091181379566,10.146405584735714,8.33927222600506,6.216421927531497,collector
TR_0241,urban,clear,2,4,1.8076532396981586,3639.218439698788,69.79677508120153,8,226.49073692558986,4,0,0.46250624639013005,0.7074512557240166,356.7092757625701,10.0,5.332846021775114,20.55936383561901,2.3254929668079964,-6.098198500781377,4.997473050701961,3.7941761919451666,16.414157130249443,11.417259946853665,sprinter
TR_0242,desert,windy,3,6,1.3676889725879255,3086.6642139802325,82.75053875867034,7,198.08911956268676,9,1,0.4722881567121605,0.7217944436356715,533.0275264369816,19.121966907071542,1.992849335697639,22.518153870031988,8.119791703560301,-5.749401990822937,5.064403428344761,9.532990620718797,8.41023246424985,8.89090714583378,collector
TR_0243,desert,clear,1,3,1.4755847214760613,2897.725153125671,60.61273761085919,4,222.11839907586432,4,1,0.6511604355519297,0.9072488606105168,391.58158795274045,73.06281251663498,5.560901265675556,34.06921507673946,4.266958918372358,-8.362777953638965,12.11414123013133,4.963083469622603,8.86313937762162,2.4995876449867347,explorer
TR_0244,forest,clear,3,2,1.40668504617323,2602.974518710547,68.21768384828131,3,262.40198076590525,4,1,0.5662239391976391,0.8725670332138604,523.6179253134767,44.81552911267951,5.540689635128411,29.70470458211699,5.79622671872762,-10.0,11.120107506459153,0.5792983143322563,11.20183538738534,4.454561357302132,explorer
TR_0245,forest,clear,2,2,1.163819214955924,2160.9807693915745,61.52278381092473,4,242.95268058516885,8,10,0.5898610019896403,0.8759718396029817,651.4110401522387,59.4778535613023,4.485584128975259,28.309298754426223,3.282604686014494,-2.656724984770566,13.082826685823958,3.4241415550160434,6.627495063210972,2.503547720091738,guardian
TR_0246,urban,clear,1,4,1.5176181140684437,3071.454203563324,67.90437687546806,5,194.65094952235197,6,2,0.7135810206994992,0.7824845601271124,415.9991591562754,37.033007055797185,6.69197062958207,33.143261510669774,3.4212066202706657,-3.9080314027498497,8.30231849445829,2.8453266283698815,9.977691992315963,9.631453691412442,explorer
TR_0247,urban,clear,4,4,1.5435775723546383,3143.3658659936896,58.24428384932427,5,246.19372368755262,2,0,0.6542745622527685,0.8557382252850547,457.3272538502863,36.67928479329925,5.845595731995191,32.87219470568948,0.5238394646926721,-7.2418679186299695,11.110153389973943,7.226785411274948,10.194572128025236,7.541064390574503,explorer
TR_0248,desert,clear,3,3,1.1010443572105062,2225.0478108884163,63.75932787397167,2,222.43566539778715,1,4,0.5527632810548655,0.9396337141155395,576.574663123526,60.9482671163921,2.9488720561163717,25.794103829448055,0.3667491413738462,-8.492177844863795,17.276724627309758,7.564560940911205,4.787317576582379,3.4785408123369086,guardian
TR_0249,urban,clear,2,6,1.4891131521889263,3386.8609174186913,66.77804679725323,6,240.0558392636911,7,1,0.6454215201566808,0.8736397004745399,468.4317790646179,57.28273272955282,4.473808153712193,34.302924199541266,3.5438837172067874,-7.534506337881982,10.798678978439964,7.6138925063931735,9.857989857084148,6.745990918110408,explorer
TR_0250,ice,clear,1,3,1.4198708961187054,2767.403037924533,49.589547549003754,9,253.7381070755237,9,7,0.7187253540240328,0.8861561793540572,513.3907307358352,49.94995325901783,6.977912888178807,29.848403941261182,6.628508549489428,-5.272431187690192,8.47079133380508,5.423065913631515,10.150234253873466,8.177389543315833,explorer
TR_0251,ice,clear,2,3,1.4611507639209567,2845.9031655022545,64.02733035493314,4,161.47904153879176,5,8,0.5885287730385509,0.8972258642940077,558.1507098860889,37.668644672881655,4.2760351017657,28.225174288368038,4.017838150258427,1.147505074951506,13.081088661673563,9.188706089294158,7.300220765416401,1.4005741157735518,guardian
TR_0252,urban,clear,2,2,1.7243400472611672,3115.518110643332,72.69967310804314,10,252.76846175554672,4,0,0.47188776539539734,0.7336183545840539,371.67046765066664,19.14136846516194,4.559308407879838,23.074371971943975,2.1764903061233496,-10.0,3.382152428367033,-8.660917937704578,10.985076255596567,11.862051683802857,sprinter
TR_0253,forest,windy,2,4,1.6355738016611285,3300.361531513598,60.72173688054142,4,226.69598790442248,4,1,0.6159777140888906,0.7009924684266023,414.5685542662455,72.08333378825036,3.428738217187386,27.069001586042834,2.2064232587894415,-9.83591797717418,8.831283754354237,2.5948406364564534,10.761670067232812,7.008061652813014,sprinter
TR_0254,forest,windy,1,6,1.8166454759192978,4112.51983572772,71.27578372683068,1,263.6961112261518,4,1,0.5440609082592959,0.8181577554524105,331.8370345495484,97.73376013772942,3.415336252292918,26.477002857913988,3.673095576043364,-8.786800643598443,13.48063515000548,13.199661885005487,9.356698218861526,1.0379328329982689,explorer
TR_0255,urban,clear,1,3,1.444211700755379,2804.5325912267967,79.36486134092877,2,200.29356279332868,13,2,0.6532650361146122,0.8000854406132559,464.8783515363828,131.96074736977,3.5866637280159566,29.027695555558314,8.919669900816043,-2.240412813112049,10.019434035798646,3.3011652123818527,9.46740345499432,-0.14887314800448825,collector
TR_0256,urban,fog,2,3,2.1876398475388306,4228.202011774966,58.04198443487483,4,255.67052508476576,2,1,0.5097476236480631,0.7125625574029475,323.8261751923364,50.6260490650384,3.486479146280849,21.691362448154933,2.935919278075438,-9.722919108174553,8.494526185900124,3.278407928745339,15.833645701875383,6.733603743902288,sprinter
TR_0257,desert,clear,3,4,1.5460082654553926,3216.897773700265,75.54715642703084,4,277.2855690343549,5,2,0.636739827263702,0.8064649270415827,456.3287897351962,48.78212621008511,4.513401889674735,30.29016185011475,4.1685982660769385,-10.0,10.291004505337757,1.444444169758838,11.04355266280564,7.852283149393152,explorer
TR_0258,ice,clear,1,5,1.4051580315718022,3150.3548200007785,61.26003415018652,1,245.43164712134282,4,1,0.6742695951569766,0.8012381343246544,422.188023680279,62.39749409013183,5.255142832458807,32.21623759928482,4.381300447116021,-7.536531399345703,13.258466907657898,7.796517264992993,7.2904457824645945,1.6065296894228536,explorer
TR_0259,urban,windy,3,2,1.3573113309125149,2541.9602831952757,84.4237234591948,2,293.08411129245843,10,2,0.53883001949295,0.8352451830474587,461.23475166673677,105.72631263113318,4.869539730957516,24.831057606093065,7.998019823275514,-9.583820700452396,12.063731969545804,2.875705630703128,10.454172006901413,4.032316888279267,collector
TR_0260,urban,clear,5,6,1.2265500810888887,2834.907086713837,63.312371721791166,4,210.09828264781666,7,4,0.4787539288515478,0.8026648733239059,580.4801356388203,66.03592036086424,4.462809944929483,25.530676189086616,7.4333739667074665,0.5952960461536305,11.734866737037194,14.072282763086363,9.328556646174285,4.727642135558996,collector
TR_0261,desert,clear,2,3,1.511129847680868,2932.7958508490624,83.47790804507868,10,262.6336739945908,6,4,0.5988591831547659,0.8063906765001522,520.1176188162488,10.0,5.100099468100044,28.037512074812735,6.0976572575105195,-10.0,3.565017046913915,1.684819096872066,9.289066629717428,8.372812129936067,explorer
TR_0262,forest,clear,1,3,1.8167603934480443,3461.2046789913584,61.239614639275835,6,264.6121905216479,7,1,0.4773635215510145,0.8916407136005237,379.49914009347475,92.84835420978897,4.692686256401728,22.4065098057238,4.430630262605053,-10.0,8.823306000312698,1.322318658717287,12.063505343477846,10.470558512320755,sprinter
TR_0263,desert,windy,1,6,1.3600136665577782,3073.0475311760665,67.96129110787885,2,226.13808694481557,2,4,0.3726519641255298,0.8841038947732919,419.8132582883834,70.87399253126776,5.817193334365477,21.988365490449716,0.31494903442235345,-3.9417843007810056,11.861875254945202,13.989029809232157,7.759857471248062,1.4229568317271446,guardian
TR_0264,urban,clear,3,5,1.255439109440336,2727.2005504338385,52.94807485300051,6,217.81685967033445,2,7,0.5215763049081116,0.8930699391128393,590.3401807985811,21.58698730684292,4.62784319462544,25.166453114266755,1.242888483839109,-1.1356697644774993,13.549457100047047,15.197421991354442,8.22486975136712,6.0137255734302455,guardian
TR_0265,forest,clear,4,2,1.6449385364651117,2969.0165621709166,54.241886272098824,3,174.1514195575572,3,0,0.4553674956327988,0.8367741478154279,446.3327120621859,39.03381763817704,2.910298106437016,26.738064106620328,3.095204028890819,-4.144110172081766,11.004488522279567,-0.3466242647154121,14.447772836229852,2.542499354430934,sprinter
TR_0266,ice,clear,2,4,1.3382887401168981,2748.005925110737,55.206458044278705,4,208.62665339953622,1,7,0.5994971419524369,0.8623107600835344,535.0338796312075,18.281475380821266,4.764787990844319,27.14315723107381,3.3734057992203605,-3.640342597811191,14.246462662256816,12.468588008132608,7.103078588518069,4.172262515037062,guardian
TR_0267,forest,clear,4,2,1.1973774698904218,2289.6636274099324,63.73501742924763,0,285.4365741908057,3,10,0.4837859980067162,0.8399008373234867,680.9811508326098,69.91511701849724,4.604238231148903,27.08320433155972,1.908237815713305,-2.001181522527663,16.957160483752975,7.118760612788357,4.1335131294455625,2.061101345057984,guardian
TR_0268,forest,fog,2,5,1.590379478414941,3406.131046577673,60.134866274120434,6,213.60430460186654,4,4,0.6324948042604713,0.7518644675152575,455.9260267645492,21.588342872350413,4.402164641117018,27.721976404698356,1.576848370862606,-2.2336207343410197,9.326858312271384,8.190326764216982,11.11427364991047,8.254947716592437,explorer
TR_0269,ice,clear,1,4,1.546538369079158,3072.5049621370845,64.76746864792993,7,211.0117490180122,6,1,0.7748644377929822,0.7984424636154528,400.3383305210688,51.21409005962141,4.66637704133342,31.192086115981155,2.611375732030445,-5.0682028009022915,6.502995912179663,7.56827447619151,7.923578385357865,7.893693098760308,explorer
TR_0270,forest,windy,3,4,1.4424380689885585,2992.8386715548186,62.941427678258904,2,189.14178519858046,17,5,0.5468476852610166,0.8329932510649599,524.9415453955123,151.2413083307987,4.040080631187187,26.606527923358552,9.880006508843842,1.4183739886227849,13.206138457188565,10.58423705918557,7.964712223115206,3.8894647076358027,collector
TR_0271,urban,clear,1,3,1.8419521155229994,3599.8557359148253,60.161536319461455,4,330.3004618278141,5,0,0.48204199696188443,0.7968965251559476,318.54463395610657,106.69664291910871,5.723272656510967,24.78232303422229,2.624720292879522,-10.0,11.600337181234131,-0.8222755259431227,9.429383489092128,3.596158879825097,explorer
TR_0272,desert,clear,2,5,1.662796698921423,3504.331484808502,65.47752109549403,7,247.625230090254,1,2,0.416096956980162,0.7235947897895788,418.4513807945027,10.0,5.481519616714145,22.409604651697386,0.0,-4.88057727674148,3.187557978702295,7.849887866499068,12.731749487705354,11.590686450590738,sprinter
TR_0273,forest,clear,3,2,1.337235696696865,2453.7067157909046,73.86727596501672,7,212.55496017973138,12,1,0.4903159947146379,0.8455744109325795,525.2844519795676,79.21405015689805,2.46499882070364,23.661216414818075,10.600300306252404,-7.211200840434263,9.604843031942652,-3.9970150905177197,10.265589343503981,7.922251744972233,collector
TR_0274,forest,clear,3,2,1.8681059853418134,3407.85254007093,60.18596288545549,11,223.18454942872827,3,0,0.5571574922098037,0.792775652423421,383.25287544141037,10.0,4.716195490441776,22.982395983555428,1.9405676720441782,-5.317884071967922,5.963120672215317,-7.960759298253482,14.340802246885078,12.864956652065667,sprinter
TR_0275,forest,fog,1,3,1.5786730125526118,3097.624791782703,73.90308679443812,7,290.50411155349775,7,3,0.7114742956340784,0.7726659053621565,452.87785212458397,36.72986058354484,6.362630707914573,28.157198746377595,4.740031655124797,-10.0,6.814110672785018,0.7941394081946651,11.229032468270518,10.598732618096262,explorer
TR_0276,forest,windy,4,4,1.6761167899548541,3416.0226481887275,64.21984535677818,8,221.39209966115362,4,1,0.4828433779694734,0.7468858967087333,496.218474505837,30.13996723229332,3.28006059511739,20.805958034413468,2.3819425018222415,-3.6628058107993438,8.014791479100152,4.178231059372808,13.943847398966582,9.615409584215438,sprinter
TR_0277,desert,windy,3,4,1.8681187639413328,3639.8652519738575,51.14371834135618,4,100.96740387284503,1,0,0.4652856296844865,0.7292372834555244,397.3501994153245,10.0,2.100135259247748,25.65621272999819,0.0,-0.6701319014236387,5.960358013013363,4.447339194752092,13.672763250900118,7.642554439847551,sprinter
TR_0278,ice,clear,3,2,2.204855656590323,3969.6079764447604,62.74447783009774,7,203.05358276454,4,1,0.4345890660428757,0.7291603063913239,330.0529814082707,10.0,3.4693067806463005,19.3519661155425,0.06127014534560482,-6.389815666739673,6.05435392422419,-2.2477197751849234,16.193193821427695,9.74854513148991,sprinter
TR_0279,urban,clear,4,4,1.3170180800036533,2704.633042056659,54.613816844116094,5,216.8710477647145,3,3,0.5370661116534616,0.8833211487432876,531.1812477538389,25.216546428218912,3.89306738534599,24.023985019575488,2.2777100042785325,-5.181699209602301,10.851162229010098,9.843305636818553,8.45417913024615,6.89385427430001,guardian
TR_0280,forest,clear,2,2,1.5187191490783336,2826.661316399375,70.43292471765822,3,210.36829980503794,4,3,0.7177699733387926,0.8429007879493404,435.9558001651227,54.1802446499417,5.570003989075423,31.833860476458803,1.3768450281888904,-8.29391159222933,12.259677961335813,1.259192556609377,8.152633992409793,3.7111841295259724,explorer
TR_0281,desert,clear,4,4,1.3585949410710192,2852.1136440352147,78.43584272766671,4,224.76581044111938,3,1,0.44873793086865243,0.6476849071565866,535.0570554600633,37.09299213935779,3.8546443884901067,21.54330619533672,4.398692980731017,-3.7143856397261077,6.960579894241737,6.010916034242907,11.113771907677089,7.687789598452216,sprinter
TR_0282,urban,clear,4,3,1.7640480343946008,3438.274579593102,62.951571054595384,2,252.81361314469098,3,1,0.4728861018315429,0.8090737741875486,401.8524112820947,81.83212023522093,3.9176920379260842,27.249199971482696,2.0168073614348363,-9.106890608752046,9.718595717992,5.303936511563938,11.248237395032453,-0.5574465315815291,explorer
TR_0283,urban,windy,5,4,1.460816179287953,3007.8522385018687,54.0961087385524,6,241.32019731218807,1,6,0.4772364250759974,0.7348286499329106,544.4973273868885,24.383744075681733,2.917832249957801,20.69602372538662,1.066141489703118,-2.417387778135235,5.834985632065775,13.013345720003652,8.147841755915058,2.8261154416745473,guardian
TR_0284,forest,clear,4,5,1.9456904330141191,4094.767758542292,60.06472553536635,5,261.5517579457294,4,1,0.6200234554131971,0.8955192571121882,382.53498305831414,48.897152793100986,4.758217031690106,31.18176725176226,3.091791943768028,-6.461556708221775,10.820855907895304,10.684042720027335,11.342617799556743,3.4845146471481008,explorer
TR_0285,urban,fog,2,2,1.2414754586414978,2286.7563245109372,54.824949592661206,1,249.23734119722866,1,5,0.43742876386849977,0.8232720095102113,598.3349942831003,70.19747921178387,4.292594496469293,22.657222982376645,2.8376224467463205,-4.931957799121868,14.791087371174774,3.7923384487072163,7.505622656642089,-1.6801616792708667,guardian
TR_0286,forest,windy,2,2,1.8986656221286544,3409.038030831526,66.24450174055595,7,241.89511755963764,1,2,0.4690673495843938,0.7388799403975679,387.83497353663876,10.0,5.1031856543708685,19.752398611904514,0.0,-5.543004283188393,5.74733135916593,-0.11760690457834477,14.91211723481251,10.094932506350755,sprinter
TR_0287,urban,clear,3,3,1.176108548720357,2329.6903217614995,66.25877917324573,3,281.6693707680217,4,4,0.6120496762194689,0.7932677022068503,596.788999077786,61.15059524119903,3.7274441838463277,31.335435708540402,1.961202157924923,-7.528426428633427,9.330077488594467,5.611991755648933,7.080515078263532,2.736603167310197,explorer
TR_0288,urban,clear,5,3,1.2311414699875385,2413.674810962381,45.93965281747415,7,217.77702932587349,2,9,0.6996842421125984,0.7975984638351703,690.50023540274,10.0,3.795468127264596,28.22786139967806,0.0,-5.202553118751675,10.811116317962089,9.206418407227124,9.63000823088095,7.305337899600876,guardian
TR_0289,urban,windy,3,2,1.5715414665671361,2859.0778013612576,58.81997606299387,5,188.62556331405887,2,7,0.6187980566093016,0.9042094305489318,540.691122401269,10.0,5.378577987410611,29.139257545816847,1.6672210533322036,0.454228604979797,13.412595671281055,9.541367959842702,10.183986062862932,2.1919298816668804,guardian
TR_0290,desert,clear,2,2,1.5311756143210504,2843.192353071744,75.06028622755827,4,300.54657665506454,2,3,0.5869953801361889,0.8669573519423809,472.76560365517514,70.64012475017931,3.6776552839873067,27.151025737796274,0.7380061247094095,-9.373998219686452,10.83417668218245,0.8165840260580272,8.683405689804456,3.140222383830998,explorer
TR_0291,forest,clear,4,4,1.9804976547198239,3950.3261635360736,77.74165179206865,2,164.82420369893993,8,6,0.5884965683221273,0.8945978805953435,401.8327557821479,56.052548289161685,3.8990970654957193,27.926927653803432,7.757097294833395,4.502499694989849,12.692381611419584,11.137468280500439,10.555348738879308,3.6496798208710017,collector
TR_0292,desert,clear,5,3,1.367019667144271,2604.725553566421,56.0573539493061,3,170.00079298033796,1,4,0.43697937878082116,0.9001877764647451,556.1722421371106,10.0,3.9687084791242286,26.5145337009439,3.598108354915241,-4.151409790479303,13.106955614017336,12.184103045417988,9.185504409114865,4.030028840692727,guardian
TR_0293,forest,clear,5,3,1.3422063322164899,2581.794345577688,76.91765454569814,2,203.25912093374353,8,1,0.6970809605676609,0.8636829285023879,544.3845504870789,64.91795683602703,4.026843246950874,30.39406533157928,8.705476670067092,-6.013961410355928,11.157104655324172,3.050108719639767,7.619249443965202,1.6001384307486775,collector
TR_0294,ice,fog,1,2,1.2685576046450902,2379.768510501285,67.0245373899183,4,275.8268277413996,16,4,0.6205113447368354,0.737253143872912,563.8218962878723,152.67182956815515,4.739069396007743,23.8604498496853,13.119983395365665,-1.6889194554833236,6.8273503317740225,-0.5850244624883203,5.724341467231916,3.875119565983524,collector
TR_0295,urban,windy,4,4,1.6930286459301191,3467.491260246801,67.22389483678762,4,216.67384305441576,11,4,0.6073742446211768,0.792594003941472,507.71378293174325,76.13940885589321,1.7562888424226706,28.325259512705372,11.091374294316802,-2.5746440177613987,12.45090061058407,7.189428726270449,12.901707322892738,7.066621013598011,collector
TR_0296,forest,clear,2,5,1.4709089237369395,3170.4953570715975,63.49281748856756,7,296.18141040431107,6,2,0.6823684584122963,0.7771641942964265,479.37765959814,55.290472153018335,6.441525436970881,29.733235767464237,4.594776816221867,-9.963234121646598,10.413996368754873,7.327924080397695,13.138789519234486,8.41522010741637,explorer
TR_0297,forest,clear,2,5,1.5520670964794325,3300.84972034648,71.0345871285672,4,190.11532789349033,10,3,0.7510467062510231,0.8696061242411837,463.2471338310564,65.21708694728743,4.645533117346184,30.84891046919472,7.4189975629196665,-1.7164819290381106,10.584338645693897,10.279588668149355,8.978891055012934,3.945511389370765,collector
TR_0298,urban,fog,3,5,2.641200394995685,5200.0,64.52790958640261,9,223.20006244722086,4,1,0.5017707036145643,0.7596470103126668,348.6744210912252,10.0,2.474617821257711,23.71332776676536,2.0110476067960574,-2.215602013919082,5.276949279250348,8.045675699557187,17.604638838727716,8.928647818230068,sprinter
TR_0299,urban,clear,2,6,1.2785144746708,2916.2702703911586,57.107242545110395,4,236.36136870219164,6,2,0.6140732643950192,0.9051845643217091,505.3704856714831,47.38375096478717,6.736791273311188,31.193934528624798,3.1261173622279985,-5.45953201130863,10.49796600209909,13.835973068462584,6.838101531857088,5.80860347586281,explorer
TR_0300,urban,fog,1,5,1.3150730958139119,2867.1737875055073,61.86028614507339,3,238.75893787090678,1,3,0.5415164077541721,0.6734024784494177,476.65603723204674,47.67328901050842,3.8264269951640717,25.866446788792825,1.8245177394681134,-7.812493614285836,10.575150969672173,8.753736423860468,8.301100152454133,-1.343405401803957,explorer
TR_0301,forest,windy,1,4,1.1999629442408786,2487.2210233775486,55.333017126937214,3,251.0403674337015,5,5,0.5455925642365873,0.8074875910786758,587.6668716178538,71.90423591452347,5.102630270713373,25.967310386240115,1.7921327845649062,-9.164424453765113,16.507474007926128,8.953214484126846,6.410535539001102,2.0308834197386996,guardian
TR_0302,forest,windy,5,6,1.6637228652527372,3750.7004788555905,56.81377566252108,7,162.50051158714209,4,1,0.37705792722965253,0.7732325982212793,488.5593721508921,19.68460664689001,2.8033824546591135,21.539354748320843,5.4182820941656304,-1.019313791290556,6.111669856464633,13.261432725400551,16.516939194068858,10.86673494225791,sprinter
TR_0303,desert,fog,1,2,1.7203112939566432,3118.946284367165,56.530576023274236,8,200.1662102794261,2,6,0.616082369180445,0.7333212354138527,448.9812110755981,10.0,4.198719017235874,24.447382824932046,0.3992794169478696,-4.589064953376721,5.166760651841217,-0.9706553688865165,11.815373845848246,9.653170608546557,sprinter
TR_0304,urban,fog,3,4,1.5955743724644282,3262.2898575342683,77.40261563802765,6,245.63489189282845,7,4,0.6160856232706102,0.7811681627408891,496.9827074170892,44.619255921501676,4.840192717644269,29.463040769931602,6.401801235457084,-2.217695170273633,6.948215832813305,6.735591208032207,8.986611230024632,8.129795861875879,collector
TR_0305,ice,clear,1,6,1.2714805247233512,2860.859068734781,68.5781428578786,1,118.98339520668301,4,10,0.4775570766845858,0.95350395212627,526.833139405456,17.45968308905482,4.852715312541384,29.44547905029593,0.21611754210005873,3.14079628975935,17.50989725868796,23.932765857243396,7.016445162691862,1.1623901787453832,guardian
TR_0306,desert,clear,3,3,1.2924411412037697,2566.5862168286335,78.87844386596014,3,215.97065784225967,7,4,0.5938383310173082,0.8352993912653082,530.622682353034,67.91696846982458,5.431718636019906,30.763298358961872,5.263823309254293,-5.769087900981292,13.074242206364632,5.607327819066869,7.032685612218959,2.7737919271911027,explorer
TR_0307,forest,fog,3,6,1.122955641693825,2578.17430877525,50.03006506853064,5,210.37110870833015,1,5,0.5828085946156141,0.8949024187846055,629.1599065033453,10.0,4.769284128236674,28.084318909816727,1.2991498892552509,0.8934825632956103,12.836177506325267,17.643524305491113,7.46346316216585,3.958841020533216,guardian
TR_0308,urban,clear,3,3,1.5650914477808764,3027.7172977985138,68.81284770804298,6,170.39703281118818,5,2,0.5453671566840164,0.6885639348989029,475.0355995774576,10.0,3.768022478974554,25.34381878664345,3.552912364865017,-3.461818395542368,6.943261609775217,3.4747363165524408,12.121019910482007,12.18879995170119,sprinter
TR_0309,forest,fog,3,4,1.7740945041726386,3611.8365940773315,56.23122810144136,5,198.77242224839526,6,2,0.47699899166523585,0.7398959388871161,461.71784695170595,68.32755600686394,5.243817684628017,19.557955568578492,3.71118767555204,-5.1310666295407374,7.138731398966676,5.434393178712533,14.006864744305243,7.907617595019189,sprinter
TR_0310,urban,fog,4,3,2.0924858629924414,3958.813057761697,55.564847210845926,11,240.6246018261345,6,3,0.5501872417943271,0.7033723924567027,458.49900010432503,10.0,4.354028217027393,21.614951830681424,3.983333314067678,-5.4551581441506185,3.2832114839086683,1.1795643945149918,16.166535181028138,14.864959089399735,sprinter
TR_0311,desert,windy,4,2,0.9918623218985367,1905.6871453792537,69.38506371102594,1,238.9475683271936,3,1,0.5442695903914697,0.9196402523566357,672.5731945234777,62.17204828341781,3.179528081502507,28.222693421189607,3.1700209080354047,-10.0,15.950005877376377,1.7839869286978467,4.634093650651057,-2.179976862326426,guardian
TR_0312,desert,clear,2,3,1.2757277677324006,2506.7687930585844,82.62657540913119,1,219.3381478543072,22,4,0.6810907847653149,0.7455867453544432,539.6827961993945,170.8618829351471,4.673661745283296,28.6940867640744,18.190326003861014,-3.403684751558401,10.361905059648215,6.181757838070878,7.795757620984121,3.3701328621669076,collector
TR_0313,desert,clear,4,2,1.706688144501804,3166.7924591669507,77.74005607380106,6,311.36374664583093,4,2,0.6042600065743853,0.7614239333642869,449.5140547603483,51.45354052176472,5.1662931334494075,29.40654755689,1.8548717611583885,-10.0,7.09924337837071,-4.241334441438092,9.165538468818728,5.810435032589011,explorer
TR_0314,urban,clear,4,4,1.775301542774684,3566.0679866195924,72.47891816363794,2,215.39224546632397,16,2,0.6091153286094886,0.7790417378852079,429.8595012529706,146.92203887078534,3.586894805045058,31.177644785377247,11.119860450314587,-5.837297611067202,9.572782926392815,10.237762644407326,9.19851365838697,1.4485460884764196,collector
TR_0315,desert,windy,4,4,1.6706302254985053,3451.1791724888126,72.63563597522426,4,222.5666691130785,10,6,0.4819634604079634,0.7801680860798103,463.8767396450239,51.165830391911996,2.9006654418675133,28.399063200413746,9.690000602459463,-2.8198985914611683,11.139180096956109,8.096240891984396,8.884036081789228,1.6137754088525327,collector
TR_0316,urban,clear,3,2,1.301647807304228,2475.7691630184963,57.23428741627006,2,223.96804252790992,4,4,0.5683552566567185,0.9501279153479105,555.4443578176204,68.1695199870229,3.4478710675937925,31.51184473860259,2.3375682249478262,-3.2079356165525112,17.266071965244148,2.170547491596438,7.250086138706572,2.235061508921854,guardian
TR_0317,forest,clear,1,3,1.1492839593171604,2318.100361482664,77.73696981356474,4,261.45035163885063,9,1,0.5979461169756346,0.7837541667891869,521.06183361506,107.81985605496811,5.059675053467772,27.172763806097638,6.557560159031932,-10.0,11.896300828827604,1.65338769781681,6.165399318553476,3.4018800099453177,collector
TR_0318,urban,clear,4,4,1.2082185408136776,2445.3823873291794,64.5237254853287,8,212.91106367241187,16,4,0.6182235623631558,0.8086763875864431,572.1599989080526,77.9520702926721,4.252811403905964,26.933588609214,10.64165357688954,0.986412373553559,8.736651285233766,6.447066877254084,8.159716641755294,8.671357814395558,collector
TR_0319,urban,windy,2,6,1.6573099693377715,3768.399412788458,85.70385768026068,2,199.62656665964195,4,1,0.6329577409263479,0.8393511135932858,425.55912896438156,57.187737238208285,6.667422944527865,31.55184324645164,1.514594587757309,-4.322249372060287,12.476330629356383,11.871226062004038,7.764729451489231,3.8405917585867204,explorer
TR_0320,forest,fog,4,4,2.2669783166486748,4612.0329475038825,47.05130036021026,8,212.31462809112398,2,1,0.5075177056546156,0.6548164527708962,393.4563534882392,10.0,3.1974340657225504,23.17661293093632,0.05706911340630694,-2.561306776264079,2.7438362140600887,-0.04567566385098809,16.56118789030174,14.487115790335814,sprinter
TR_0321,forest,clear,5,2,1.2642086123330105,2297.137058800185,72.61306871804928,1,183.11420084923748,5,3,0.6769341275736782,0.7889474615439112,622.7589305487779,73.02431769968612,4.256880439979761,30.448766724646664,3.778756782925432,-1.969224637141337,8.739772714336361,5.127218390377723,9.03534625156672,0.6205720775393151,collector
TR_0322,ice,clear,2,2,1.9005420642907682,3495.1503068317793,59.69510533847221,4,272.23888435739804,2,2,0.6126696037324523,0.7483000122237204,404.6285088466016,35.80782713035385,5.600184478410196,26.255894548972577,0.7947272513129846,-10.0,6.794241419278606,-1.54395314285349,10.722072475895956,4.436331342790271,explorer
TR_0323,desert,clear,2,6,1.8824956337592549,4226.771686258891,52.70250538845726,1,245.53473066290005,0,0,0.6203535073673144,0.684004043626602,292.1897959127368,59.96425352480859,4.1183772285821165,28.541709256476896,0.0,-9.530928203597677,11.571386808867093,11.098848397780237,13.008778915904319,5.853608569213774,sprinter
TR_0324,desert,fog,5,5,0.8643932369186988,1886.4950415061735,61.59933477279653,2,208.83510423608027,3,4,0.5553887362009144,0.7938903585962366,812.8188828997143,40.46678715456027,4.587105537625797,28.011727723966068,2.2154181297833446,0.7152459027994844,15.082052581151222,14.712211648943752,4.6861276562814185,1.3793340507966456,guardian
TR_0325,urban,clear,2,5,1.5091925984061472,3295.908591739557,81.0941052756985,9,222.92572757263525,7,0,0.6577858712224742,0.8103637880636017,450.85723284950456,32.85007853441252,4.850394040955573,32.8072192074054,3.962707049504443,-6.430585291180721,7.431691786074932,3.5793627175711875,12.698108369945768,8.762648270559385,explorer
TR_0326,desert,clear,3,5,1.624386081246542,3516.017596218923,72.3431863013222,6,198.08947461103233,7,2,0.7442715246425462,0.7560096145417622,427.98889394832827,67.34269640624458,4.177234448211359,32.6535793380958,7.786490875402935,-5.18803072209951,9.962885324345004,8.450971563798953,12.484518194749546,7.771814759060279,explorer
TR_0327,urban,fog,1,5,1.342815475282813,2863.372146422946,70.75058354466908,4,206.89453051289004,5,3,0.6089088520157011,0.7904797652509511,462.4137069974602,26.511926740932026,5.654770032913938,26.38947667174102,1.122451330995685,-3.8546214559966625,7.58178126853953,8.615886163736018,8.040492338986722,2.95457927449337,explorer
TR_0328,urban,clear,3,6,1.801188039842136,4063.026870238015,54.086122423172725,7,197.6167120968708,3,0,0.47625785180074887,0.7315027997232478,401.2025711112935,10.0,3.8886024948448132,25.03526351667487,1.8078145206618985,-5.101411799656488,8.426378319994853,6.57300816458765,13.990601363906386,8.21514241476505,sprinter
TR_0329,forest,clear,4,3,1.212385352525112,2330.9140741363135,63.03259885869474,2,195.69628430206163,3,7,0.5143229297765918,0.8555204678410161,587.6680902807336,71.19318248097395,3.5237286533940666,28.90478373793837,3.2096111190032452,0.6204500410163238,11.863828769581277,9.42983935964416,7.596155120004247,2.946382737620207,guardian
TR_0330,urban,windy,5,4,1.5736937752065752,3270.7729262102703,87.12201515901498,3,207.31953321716233,5,1,0.6318277879994506,0.8084238719011639,504.0943525667208,50.66053014413209,3.510018094043155,30.647441105197235,4.077854617400965,-7.94547783242836,9.336632636237818,3.972609714339495,11.880090429653716,3.286321675533439,explorer
TR_0331,desert,windy,3,5,1.1087174730417455,2394.937666824768,75.42702126362974,4,273.00870411491354,8,3,0.787366069485609,0.8893847125759796,642.6300852699329,103.5313452181952,6.946948971885253,31.751645336694512,5.235723663717134,-9.446516399046207,11.878661531579457,9.165437689506481,7.302693941537785,6.224932984269689,explorer
TR_0332,urban,clear,3,2,1.2069091961938585,2275.1457661603727,58.088805266267585,2,245.75590440351664,3,5,0.6077671292434031,0.8584844435990137,585.9154735461825,64.08622825092328,5.475065171532622,24.029190157396254,1.652245829659716,-4.436436722373209,15.573912578382231,5.508388593393229,8.54340065879751,4.779796991047819,guardian
TR_0333,forest,windy,1,5,1.4594455065650278,3184.851682111912,70.84972279328304,8,297.622224654294,15,4,0.5231368849192206,0.8643771634634607,487.6026253509063,88.37098328204637,6.64398441853637,22.375025638300936,13.019332063982693,-4.842821052212813,8.283028829643687,8.415499683941588,6.93876746087969,7.646537289627666,collector
TR_0334,urban,windy,2,3,1.2477125969715226,2420.092884258198,56.76364857874525,4,169.30352337779027,1,4,0.48963299868982946,0.8943620850687478,569.4929569520061,18.15587916527184,4.725599927097474,26.604777299196783,0.15485073656964482,-3.1576914238223774,10.922762641001643,8.937140642995335,6.736026215825905,2.361783836472231,guardian
TR_0335,ice,clear,3,2,1.4807873692038422,2717.972811218344,59.95809096311927,6,236.07739344916226,4,3,0.7862155963147252,0.8383995382468766,466.94893078570834,33.78072726916689,4.357859371373443,30.90730222509721,3.6457649644462107,-8.146430545253367,10.621488193793452,0.6798487222233881,7.429330611010469,4.5122902847797794,explorer
TR_0336,ice,clear,2,5,1.9887106526049092,4316.291866955655,71.62889300679808,5,252.10410253604124,10,3,0.44255288137631843,0.8582802560360875,379.22034059120693,95.57361393057167,6.779130071011133,24.657062147191482,9.829687755882192,0.6994385015290507,7.928872820112051,6.276631443604875,15.439776586656757,5.263885750096373,collector
TR_0337,urban,clear,2,2,1.853753424523724,3335.30325415719,59.80933110985775,5,238.36207439662232,3,0,0.4586615109486907,0.6965311658574265,327.97737638301163,40.880291336495276,3.9006481861603746,21.35992227323294,0.00785034565927134,-9.140912821986518,7.828521728278152,-4.323368649904012,14.35343095361981,7.917980363363505,sprinter
TR_0338,forest,clear,4,2,1.8574210103266926,3403.8394075535816,71.1586958849792,9,202.59885511672644,0,3,0.5191208324133685,0.7619583428959101,455.2018597417894,10.0,3.99630727378502,23.931957781069386,0.0,-2.71710439913337,3.662973204182253,2.0044196551565756,12.744875929778903,12.85640231249952,sprinter
TR_0339,desert,clear,5,5,1.1793486081117002,2550.1360259413714,91.22992053716858,8,197.0554634957239,8,3,0.7328755865542576,0.8477780230420859,663.8020625201332,20.97091841277145,5.242269469185971,32.71152905443827,4.911622364472976,-1.719001462573349,9.395030809548617,5.946759411632352,11.207198020692754,7.069520170486632,explorer
TR_0340,forest,clear,4,4,1.6257123182721278,3271.1064204095114,58.69379036019125,1,155.9474150619049,2,8,0.6843938158599171,0.9190374418370946,495.14264917368814,27.370724217247883,2.7228538738868857,30.1096736306364,0.886335422900119,4.587059055530892,18.325699208812672,13.838618977028844,7.612795260402343,0.22648427143439687,guardian
TR_0341,forest,fog,3,4,1.7696007685197785,3597.2558162926953,71.55188000606769,7,244.41159260861102,10,6,0.6899397147754427,0.6856797432539244,490.2744442105117,59.16464859622738,3.9187006563957376,25.75133361300564,6.501446437776849,-1.3393712491860326,6.3532474139216015,5.970768388623272,11.107269331866627,8.515913319481747,collector
TR_0342,forest,fog,2,2,1.549215924805237,2879.5537739021893,64.22951634656494,6,258.30674548427567,1,3,0.7823909785829477,0.7953605557401039,441.10997657742166,33.693571982601576,4.554692992296662,33.021622002001564,0.26247407020493674,-9.032047757641173,9.399352270567071,-0.3428350003707177,8.010657005124864,7.804452330393444,explorer
TR_0343,desert,clear,2,3,1.698040604572237,3226.9541366916055,77.58585809601414,7,230.84154955806775,6,4,0.6322684448012758,0.7665503708729063,448.81382834477455,35.07435678868588,5.422678692398151,25.909570166811317,3.1335343169098433,-5.216382842543396,4.8040910030424495,3.3196501408477292,10.010342938991927,6.383825843327109,explorer
TR_0344,forest,fog,2,4,1.1503843444655066,2365.420795761811,63.1917048358148,7,246.72333184537592,4,4,0.5439800156301218,0.7167876449467323,564.1368404697198,38.75888097360552,5.659084737206143,28.392475607228622,3.0554461482272095,-7.6743232236757715,9.1571423308698,5.25796595371965,6.85430177532599,6.328834233174935,explorer
TR_0345,urban,fog,2,6,1.3403061038103221,3007.4528276078636,58.144284553339205,5,208.28075809274407,9,4,0.5891072634986542,0.7552819816253175,520.4428845134432,91.6728736057356,5.355597179528462,29.014750675257957,4.806100531983152,-3.1314632217201908,9.162713005983605,11.770466410020132,7.526276932594853,5.1990779432967145,explorer
TR_0346,forest,clear,1,3,1.431552137522505,2831.723880425435,62.142350875005036,2,219.00056512413312,1,8,0.5722051817707474,0.9301777600596763,516.5758808236966,26.102415669136356,4.626906335613421,25.694562128755692,1.0622114341643747,-4.922024970863592,16.13199231833356,8.402975615969062,5.313896216198794,-0.20734768509671664,guardian
TR_0347,desert,clear,2,3,1.6805294775712272,3171.090020320454,53.72172699143506,6,166.9822646434387,5,2,0.4261171918505155,0.6986769286824054,448.4792423267884,38.99333754983064,2.36276324791793,19.755500136480226,1.5531872782076983,-4.516946836905012,6.463850982453406,3.5471909358338234,15.106045151527098,12.315439769827968,sprinter
TR_0348,urban,windy,2,3,1.3462356687133643,2611.6794497111982,68.03013846168993,10,212.5936767129904,6,4,0.7468676355346482,0.8123330278741132,550.765980755133,10.0,5.738065435188001,31.77098704594209,3.325040443455209,-5.420045948400849,6.09093331503005,4.4691937446963985,9.447597105108409,11.214874414656535,explorer
TR_0349,forest,windy,2,5,1.2355756496780108,2724.6950690406516,77.52346380280518,2,231.73489387673703,10,5,0.5397349370522502,0.7942940428723753,570.141180747483,98.29782811521117,2.337359408924614,27.142582201506634,7.791322832497225,-4.709137789615957,12.364801844054972,14.503919000620662,9.011386416916237,1.270539881257867,collector
TR_0350,desert,windy,4,6,1.0560955611428335,2391.614281936464,63.31244952846148,2,141.0417188853467,4,4,0.5034031672721617,0.8445515399770747,686.6021476918919,46.785900002849985,4.325415962108979,27.1083960904825,3.578137412889455,1.239745490080499,15.792252336141852,18.437529284225484,7.518223565262382,2.482234986136264,guardian
TR_0351,urban,windy,4,3,1.2002298782452845,2374.689988225434,79.9560529433656,2,262.7391659950489,10,7,0.6103480105058189,0.8351142830428002,625.5322469424564,98.37565866396537,5.786093301958577,27.16239105321111,5.40998049526272,-2.8511392619840255,13.058354075146026,2.760003521956728,6.602451962048545,-0.3712869902311895,collector
TR_0352,forest,windy,4,5,1.3094888396430133,2793.244576753743,61.50979571014173,3,201.92940730212354,4,4,0.5846394158956906,0.9057262143778294,554.951094664039,48.76044052163036,6.155503879395464,30.594005768347955,3.3668891982910076,-5.542493908254658,13.152046415705664,13.353547216618903,5.685039146585055,5.576805785849382,guardian
TR_0353,forest,clear,2,2,1.51063851277683,2779.661483022366,80.99441662159839,1,225.00839780401336,17,5,0.5430330787301649,0.8022621335238933,517.3294047129358,153.22697756906794,5.441474794680341,24.651794852132394,16.861217592206483,-5.857283790590865,11.77921230150395,4.028117493563893,7.73776079576605,1.738389622288736,collector
TR_0354,desert,clear,5,4,1.4549555951770563,2993.9773364059774,78.01614795282975,5,246.97250504005757,10,4,0.5257179254797384,0.7782577928241793,563.390064905959,83.90820156047094,4.619515605493743,22.26137160578065,6.984455634755347,-3.359768925086499,8.320350098472712,6.203570111704347,11.638370882779498,5.875700816339384,collector
TR_0355,urban,clear,4,3,1.3696616299084368,2693.9477669688517,73.92216289820496,10,262.2152308319343,3,3,0.5794114567249437,0.787205200928631,586.7546188723138,19.705028886694706,4.67505157768633,26.457865960988592,0.0,-5.3677412228971395,6.063605717673396,-2.881990219036285,11.945731723582796,10.349325383950921,explorer
TR_0356,urban,fog,4,2,1.724163509109815,3166.7895981863203,77.93579884112744,5,215.78864635760291,3,3,0.5696474488909532,0.7239760132772736,475.9234817344899,13.883776637921406,2.7474973996457597,26.304191873984003,0.09246927770871172,-3.8215673256224623,6.474140696140935,0.9835780442285552,11.234956280961985,4.642760846635694,explorer
TR_0357,ice,clear,3,6,1.425677332376691,3204.562612312446,74.78117782299078,6,161.49921935933568,9,1,0.6656823110671464,0.8997916584457201,483.1481686862891,53.584488349098066,3.079040915724873,32.725180809559205,8.89674481345257,-4.019078812595497,7.838737040545126,12.41724388182458,9.351416235895043,7.503878556077284,collector
TR_0358,desert,windy,3,5,1.2966120643453978,2881.5091629223302,71.76646566351776,5,266.4751709006547,4,6,0.6017561066343828,0.8811019774441873,566.3470864525082,31.45748835052688,5.533786076327278,30.45856643838773,1.6245197313022017,-4.590283395237991,10.446932333060309,9.526796949477065,6.951575571842369,5.825504676266797,explorer
TR_0359,forest,clear,2,2,1.4069143168514675,2634.7350463093126,80.06310413047107,7,297.0815445176803,9,2,0.6057861232100472,0.8135864101515458,501.400935307965,60.45338983481382,3.6993237368862624,25.17687481997569,7.4498834407756185,-9.415765773412922,6.408458819682092,-6.490942683652323,7.804651654850758,5.2329109339091815,collector
TR_0360,forest,windy,4,3,2.0619820777347027,3909.037320148432,80.08003572042641,3,225.95899581524694,3,1,0.45617290060112425,0.7481339892227361,341.2204560270043,47.56476606511966,4.004887482607326,22.970817496249165,2.7340694091760724,-8.368794818643856,11.651239536713902,1.8735451382890496,13.147446750004164,5.03692884956137,explorer
TR_0361,forest,fog,1,5,1.0994285624417655,2467.992980543701,61.31533181727014,1,228.7790909993786,2,5,0.48051860800680946,0.8342561000743433,571.1279585806054,60.93155228656995,4.154874213060984,26.194640555462584,1.3292969333096516,-3.5865898348930614,12.520963449617803,11.709622713863078,3.4671589174618553,-3.382705311342489,guardian
TR_0362,urban,clear,1,2,1.9202513565710584,3427.0048432466883,55.12224776670635,4,215.0948657582434,5,0,0.45019011904511447,0.8106167784046943,323.5382628351606,43.49796862690414,5.331098104078946,24.569538341378646,4.445472939055308,-5.304811122279196,9.363060862608227,2.0733411532593875,15.171776151414088,6.171312740244227,sprinter
TR_0363,forest,clear,5,3,1.583405697280725,3051.9582021657,51.928112546569814,7,248.35520085838579,5,2,0.6047913092266584,0.6364300108613445,500.60663059318307,41.643666038603065,3.89590410258603,25.27639920347893,1.44072715527017,-6.711466809120738,4.625168111404611,1.7721031841236192,13.29320995949169,11.5350752210265,explorer
TR_0364,forest,clear,1,4,1.484753009795819,3039.8677226477907,63.94988179279182,4,293.5686111988949,5,4,0.5996357210476218,0.8490740891216607,478.64216004503714,67.75710266252705,6.9908538041397295,29.055774101871535,5.395553594763222,-7.465253344186655,12.088136424921371,5.6433512058811965,10.384382420202833,5.869159005040971,explorer
TR_0365,urban,clear,2,3,1.5174190894836457,2912.643425050955,77.7989380881349,2,217.758058842114,5,0,0.661186272452246,0.8558345661568618,428.32515105782466,93.13469450209487,4.282389813652178,30.550721642128018,2.5503044821804757,-7.105556772697404,13.324048473823341,3.6108104636088636,9.909133717680664,-0.8547913725076051,explorer
TR_0366,urban,fog,3,5,1.4547140762560156,3143.419413299423,76.03722696557027,5,236.81170856341632,11,7,0.4938352605203545,0.6908395828838346,532.2851367253369,83.62573419216471,3.171175014433484,24.559995844638436,6.742111147666023,-0.4804746703041056,8.193101638660302,10.39647464425738,9.934220741104685,5.174392983316849,collector
TR_0367,ice,clear,2,3,1.627530306829319,3114.279224472382,75.71019991281722,4,202.79182541433357,6,1,0.5058890432145761,0.7787240702633556,434.17840887044383,32.650122331361274,5.148934023100221,24.811370171928825,6.001783770952217,-8.34101934846723,8.924238997468574,3.8255727262999,13.345610019520016,4.513638344397115,sprinter
TR_0368,forest,clear,4,3,1.6854138078986662,3265.311888412617,77.24933617498914,2,168.59326504018222,16,3,0.588261687116291,0.8210877565604457,463.7507777399913,133.6488722944151,3.205292606140165,25.101980086287423,12.012297370774446,0.17180790382894728,13.987561320535143,5.865719417921368,7.841646059141386,5.266323246931623,collector
TR_0369,desert,clear,1,6,1.4402076693120076,3240.1457545215612,66.72176349798015,2,220.82868043346787,2,2,0.6566775774528587,0.891919002630939,398.93225592076766,46.01605638552665,5.676619403330434,29.828630167123578,2.278218556102005,-6.594729868286811,13.975001609794026,12.836180204445126,9.095367592621523,0.04651394906309814,guardian
TR_0370,forest,clear,1,4,1.3275696554242626,2683.996035822138,78.873478584053,1,153.72123798524177,8,4,0.5657868108785199,0.8382982940652611,475.94306240833544,84.25179628042557,4.951315995272076,28.678130899989444,5.531619322098744,-0.7633930794971515,12.715153760258037,8.1581813772423,7.204306758194098,-3.76749996227157,collector
TR_0371,desert,clear,3,3,1.5346291844171476,2972.553997237681,74.43838059881372,9,228.0407145918636,9,3,0.5506671014927286,0.9126895490080279,542.2205642021812,50.33324660424631,4.393514257194355,29.20992714829102,6.424175364032637,-7.0995955907385575,7.424818509477075,3.280587134364242,5.987033267182937,10.926877141916444,explorer
TR_0372,desert,clear,2,2,1.6724919316470948,3065.381602262572,70.20246526280204,2,243.99236685153906,13,2,0.4030492475159738,0.8259128281683198,400.8450512373914,114.46890674178712,3.060335756948043,26.60631725086121,8.724471303292024,-7.870684348527636,11.674720956711031,2.239390617860998,11.525746278947624,3.9910296237789,collector
TR_0373,forest,clear,1,4,1.487799784766814,3103.141816366041,66.88532099322782,5,267.28718827286264,4,3,0.5039419933162392,0.947935722867854,466.9825886450276,49.55912695758302,5.365442552363065,28.081510985433226,5.118878887725517,-10.0,10.321373041163366,5.175556656568488,11.732336499359441,1.8253347804483613,explorer
TR_0374,ice,clear,1,5,1.6214841278678043,3555.0319561331003,75.67927147051572,2,243.4533597554449,13,2,0.4980627498983848,0.7323450649320448,380.03722019345696,139.51009234812375,3.8548717602988507,24.134716904152505,11.279118614831912,-5.027524899159209,14.37525608852604,8.307416634953428,7.96961905577208,2.9242774720133418,collector
TR_0375,urban,clear,4,6,1.6562949778820915,3757.809319261537,66.30214063000649,3,216.45086290193197,10,4,0.5234672404371611,0.8624504918531503,421.505307847504,113.24531571182791,3.257078767176156,28.082937693993742,7.428388277891647,-1.6182128380839786,10.693295907009182,12.477535724812553,9.279501312590147,3.8259523742201904,collector
TR_0376,desert,clear,5,5,1.4652599671830862,3153.7045017127425,67.59880553820088,6,207.60601405797365,4,1,0.7396015605084788,0.7999425700790391,480.02561356317074,10.0,5.075093359465133,32.111673125743735,1.328333400253794,-7.800703647664262,8.807633000212954,9.622776421018841,9.029720927936136,5.913722106555266,explorer
TR_0377,forest,windy,1,3,1.4858344591184431,2917.560587289168,75.87797593470965,4,244.02445686112702,13,4,0.6921480983321943,0.7501053393768874,464.7181920069931,116.59299360202188,5.120979789215123,30.353938901198646,7.334676002255865,-9.263871836639975,8.503222395899222,2.0779590985313257,8.556697512424298,2.8744425308405424,collector
TR_0378,desert,clear,4,3,2.0661863428808895,3946.816692595691,67.14363464063678,4,218.97146116985112,5,0,0.38313463028712447,0.8454979830965862,416.1632965370224,76.70118906276164,3.0393624849168357,25.36572754641578,1.6967499940322126,-6.022846334216605,10.908652180486737,1.0237486358984051,13.306575546569558,6.185049475822726,sprinter
TR_0379,forest,clear,5,5,1.1801964185325713,2530.5168824833677,55.4311827868554,3,191.9187662284897,2,7,0.4096046656691233,0.8542080421978482,640.4887598902008,10.0,3.551083396315552,24.58182104470603,1.7983021990093255,-0.08450539279149402,11.93659277015935,15.499462715051274,6.323225170621884,3.135979073398036,guardian
TR_0380,urban,clear,3,6,1.8046386635936884,4039.9317537723414,54.456128733333024,5,197.67796467818923,2,1,0.49658188945797843,0.7114032673702821,393.31195489092283,11.13925935811787,3.0270890285370515,22.440415559612447,2.656234429359011,-4.527139725374899,10.816898745615031,11.065700936932709,14.341020863070899,9.779951954295285,sprinter
TR_0381,forest,clear,3,3,1.4671769074622845,2838.4708546271886,52.874414993628854,4,236.35572658563314,3,4,0.6221377742736101,0.9228813388432067,482.949390453886,32.68830260629209,3.7657351296714605,32.38410102750276,1.2316818263204965,-4.061322022558562,11.596057385727295,5.717223589625102,10.383148982727613,7.282824968065922,guardian
TR_0382,ice,clear,1,5,0.9796254076480113,2129.3438954871503,59.23155831880231,3,192.28482457910437,3,5,0.5810451761962898,0.8446027759594055,660.3961135374358,38.259172373478705,3.9951072086273034,27.14691565470022,2.68092970701517,-3.188228013415607,11.939275657788448,13.366410183184097,6.086388654337804,2.2482396815752472,guardian
TR_0383,desert,clear,3,5,1.4006499067792806,3003.2055778924055,76.67769977457836,7,248.66877203200337,3,4,0.588904810794681,0.7731406721289286,530.7616721001781,10.0,4.747361914471541,27.543975048946567,1.100931350069911,-3.52418618153517,8.273189587401728,9.963528524864675,7.01365551775671,6.785599318492407,explorer
TR_0384,urban,fog,2,3,1.7448132133648653,3401.532318818212,58.034824970203864,4,252.8696184899906,6,4,0.6450369497678102,0.7666173479634206,389.013497515605,69.85860277212493,5.008291946197649,27.141386969832322,4.040984456329508,-4.34664711297403,11.515097078765676,0.8322273163531184,9.219961732088416,5.148384088494115,explorer
TR_0385,urban,clear,4,2,1.5184694559783214,2756.998028330345,75.3729571076784,5,189.46999731631126,11,3,0.6909352567433587,0.8281501776975092,468.165406229071,76.04876148736331,2.5008299291515117,29.603463540972278,11.162032373828762,0.10175460767719158,8.163046394684864,4.882556453669501,6.975336846430696,4.908085057118214,collector
TR_0386,forest,windy,3,4,1.3392604159010655,2802.8570077065833,73.02002278524836,3,243.40090669107443,9,2,0.7822758908428092,0.834315510160095,537.7263793784595,100.67334730497323,4.916915323493842,32.674227417313304,7.138454583896979,-7.7025215176223325,12.802105996556376,8.422158828466872,9.299145757610692,5.396138992776282,explorer
TR_0387,forest,fog,1,3,1.5194958717975053,2961.406359652421,62.046597168134454,9,320.6599898741718,6,3,0.6267286411102456,0.8501196586919558,439.7478281691203,49.878353186381084,6.806596598688566,28.05548025746193,5.536720196887248,-7.7994550866522925,7.873168162979735,-3.7409284963641705,7.857350828257314,10.138469482345268,explorer
TR_0388,desert,clear,2,5,1.1703497642578875,2587.8816796141527,69.45440896582329,5,243.7720168343275,6,2,0.6137875017337487,0.8842731539443569,557.825007747098,55.41796020389816,5.56993934099436,28.189115670719968,3.3175295092745953,-6.242339480701038,12.209108661537066,9.132778721041637,6.375761983720646,5.9031263932367946,explorer
TR_0389,desert,clear,1,5,1.0441249998569297,2350.306847435357,72.0980517519943,4,314.4598037675548,3,2,0.6013021289370168,0.8682872164029686,601.6651613680056,74.62392016965754,7.804069548576235,31.531980711048057,2.7405079117248525,-10.0,13.138384569731077,7.4859192311687295,7.179857621693569,2.574682263292972,explorer
TR_0390,forest,fog,1,2,1.684034297478172,3055.1241407094653,66.96777861383988,2,261.2758739309237,5,1,0.5525140802663931,0.8153147423102488,425.4829948503639,84.05446829077371,4.738985035995138,29.608792652796964,2.7026063271935605,-10.0,12.16538439920181,-1.1422311005041672,8.602058091684865,2.0600143196617693,explorer
TR_0391,urban,windy,2,3,1.648138862338244,3160.0162230959513,90.74284857945074,1,177.35366715111235,13,1,0.6033583171276489,0.811980224536255,411.82619251570077,111.20870017886088,4.019710789741072,28.563673140198407,12.443442010925642,-4.506454932045187,8.978836264911019,5.68056203940744,11.251717407961783,0.12161822948544276,collector
TR_0392,forest,clear,5,4,1.4634989891317187,2958.3784645806595,68.47755956100634,7,208.36258446654668,8,2,0.5824055111705496,0.845507662778209,524.3668960717181,19.42592886679293,4.400042316575808,25.619206148637723,6.074418425229079,-3.0366822062460948,9.425691445369509,7.12066915247912,10.432754273568758,6.895041377635332,explorer
TR_0393,desert,clear,3,4,1.4525211086374323,2990.8436884124167,58.16675706047983,4,233.889587493333,6,1,0.5898806938100472,0.7958028935934552,493.37917136020053,90.19866921117293,5.836223389178353,28.159223602569458,4.350842840464933,-5.63250534735414,9.017837061204114,4.682526844286456,10.367928873980112,7.11274277707242,explorer
TR_0394,urban,fog,3,4,1.4685548793737975,2916.1334595534704,62.31827671501942,5,237.24564911984882,2,3,0.5063224120364691,0.7608385341563433,517.6935081320256,29.634788490139613,6.25314284515942,25.602946652725528,1.511311052909309,-5.560441031235961,8.425381194557055,7.720001319737383,11.193396377117399,4.866927274994204,sprinter
TR_0395,forest,fog,3,4,1.3662003098635906,2880.145808489601,51.712824776311756,5,256.1082108860585,3,8,0.558997382903975,0.8018838259617762,553.9719275536489,34.09278420169703,3.8588214701823005,27.596229380516636,0.0,-7.7117320610706015,8.536749728051781,13.00371583872693,10.478035498395792,6.023463758455591,guardian
TR_0396,forest,clear,4,2,1.4857485167629245,2749.799430086259,77.58827758054518,4,173.45418021679444,13,3,0.5496074472351505,0.8194804099589115,530.4702213644655,85.07979986140296,2.963173801835144,25.777178254627145,12.219233998415513,-0.7096998591649148,7.846602715277425,3.9354302479337937,7.426531613505727,7.8860780196179885,collector
TR_0397,ice,fog,4,4,1.6585870386510426,3384.519221479841,59.39315520003429,7,227.3254433703675,2,1,0.5151621861247155,0.6942386224900665,496.5839806509041,10.0,3.3432455115208075,23.74622263401085,0.0,-6.744367445326273,4.558231399735941,3.960048261874175,11.91025190429497,11.853458900540344,sprinter
TR_0398,forest,clear,3,4,1.6839566802777288,3450.21856572966,78.46456445098258,3,236.7968171443069,4,1,0.46392764032439476,0.6850794493163301,425.26100116654817,10.133582522585954,4.0283010422058005,22.59583897373092,0.0,-7.177955660461342,7.7623353929369445,7.665050140333461,9.326048823037578,6.773919347628198,sprinter
TR_0399,ice,clear,2,4,1.5227846128725995,3140.733519450252,46.49845671790814,3,238.9391856872156,1,7,0.4819455406518744,0.8776245848573674,462.97039314906925,46.85531938504938,3.7965832838882183,27.066282632204782,0.0,-1.117105141635618,15.010860092211427,11.877160637836797,7.361333421807946,3.559442178990077,guardian
TR_0400,forest,windy,3,5,1.31072681774228,2853.920467060835,91.93147586803431,2,229.7527557239925,13,2,0.583593953426087,0.8865174050498135,536.3566579693671,118.5961974796144,3.917990759769961,28.292054238364724,12.408790388712688,-6.509362864972872,14.123045578587579,5.053374581099191,7.565411530017396,1.7751658290476142,collector
TR_0401,desert,clear,3,4,1.8762514984609189,3761.2503904682744,83.69065926014122,4,198.24586180428358,4,1,0.6064474735605326,0.7557426409989009,375.8684146758111,53.406509449950974,3.6598622299798733,26.032603280838316,2.728334819553016,-4.267580664054638,6.797616554948153,7.70510657627623,13.678564326059842,5.316198440236686,sprinter
TR_0402,forest,clear,4,4,1.2462078869825697,2579.0075243155397,70.2321267632367,8,195.6830840836514,13,10,0.49941009273332926,0.7875826262332112,642.362549830944,76.68540824465622,2.806100988598345,24.903117388770493,9.41233892249839,3.0546826514479677,7.875990729491667,10.715016323376226,9.044808680929428,7.920803663630146,collector
TR_0403,desert,windy,2,4,2.0015098039859756,4057.7013194357505,65.17349402989234,3,221.40881875167503,6,1,0.3938359975294889,0.6916163771865097,327.973335561779,84.80480101023099,4.405226154397587,20.12254607120981,3.0760968789232335,-0.5924772195271497,6.460482855829422,7.014666524277599,14.926130955045284,6.21091946144751,sprinter
TR_0404,desert,clear,2,4,1.297501366851915,2593.3107292500454,59.95016167961163,1,196.43873641249112,2,2,0.5266702122061557,0.8008948532077013,567.9788533844145,46.91800393066877,4.281261944891481,29.11854711271843,0.5005530598979385,-7.2410108157445645,15.643065924287445,8.939568289481032,9.434086384089671,2.641544934332408,guardian
TR_0405,urban,clear,4,3,1.707225211373336,3287.9003077823963,65.37272025820101,10,246.0898239523861,8,1,0.4324992909051324,0.803489572098265,480.28296980236587,34.06422902318305,4.3778840692739305,23.15954849521075,3.5928461422356204,-5.726701791296378,5.523759596747103,-0.40450088511558935,17.476510903492898,16.901977098117253,sprinter
TR_0406,urban,clear,3,4,1.69875758426096,3499.914648995742,71.2554855695508,4,269.5406342690163,4,2,0.6151367992143073,0.8810851148547642,427.10323780201935,76.90987542533722,5.5256521281890665,29.41714283163431,2.8792933571679797,-10.0,12.280307503069196,9.099597182790632,10.446907739821654,4.936121880188986,explorer
TR_0407,urban,clear,3,6,1.7929717283708022,4034.595659778258,80.00457148072005,5,176.51766936330338,7,2,0.6481295754943592,0.8032705970712768,384.99197600144043,53.86036048459202,3.1709773811425714,30.25368916380781,6.485244805905509,-3.838385296411679,12.514881092081769,10.313960164939122,11.49298399257414,4.747266528034639,collector
TR_0408,forest,windy,3,2,1.508674516489012,2766.906783804502,74.2411179965344,6,254.49354674447034,4,3,0.6646929479906646,0.8166525053230366,529.9892461537727,41.92986134700643,5.879346619045853,28.245248985859387,5.268029215670152,-5.83415700910439,5.9899447784990905,1.0681447012688892,11.186084469824253,3.8339005472854875,collector
TR_0409,desert,clear,1,3,1.4476782903687284,2857.967157637098,74.82009866312548,5,251.80171350274932,2,1,0.6059788542457302,0.8889190372404223,450.2668573338868,35.40324925223912,4.576591857221583,33.49480562244701,2.4326080180026954,-10.0,11.96906843779235,0.42541295036320625,11.762941616251169,2.0985862345195927,explorer
TR_0410,urban,windy,3,3,2.1111963625383487,4015.513847429961,62.76610887688003,8,236.32701069724357,2,1,0.3808545149484423,0.8348480483201951,381.5223356301731,10.0,5.50133626062382,19.472247944143966,1.2923275851149658,-3.385989553559706,6.131073584138463,-2.611572629268012,15.982753568913306,9.279756535586765,sprinter
TR_0411,urban,windy,5,6,1.8115500139902463,4083.241884425599,75.64784183931752,8,186.6472772189824,0,0,0.44113270253770326,0.7115869494318178,527.3122545702859,10.0,3.9454251918546874,21.631575507605742,0.93063832905555,-2.3159061379349417,4.612059514061184,7.240111669043517,14.791343936938828,9.591394806125228,sprinter
TR_0412,desert,windy,3,3,1.4267608762971689,2777.524407781503,65.84960430641996,4,245.59832596294322,6,3,0.7300278082757248,0.725477350106465,490.21714550354017,54.856065754347654,4.94510992002639,32.15619544134916,5.373467727094408,-7.365376300880267,7.804459024656605,5.82738797128694,10.066040075591328,6.602547191951992,explorer
TR_0413,desert,clear,4,3,1.8467206736416781,3477.676227759951,72.40217808745435,5,177.99930869625018,0,1,0.5721597326671723,0.7722156458468552,429.9555903740424,10.0,3.0911947206980117,24.878240518681032,0.0,-2.900650004791589,7.554409267332805,4.589224660993265,13.030918646222977,8.533699623543637,sprinter
TR_0414,desert,clear,1,3,1.350561761928505,2555.6967663200967,62.61049150536337,1,179.60588325693294,4,2,0.663856524834456,0.8991322193028962,489.145679928473,45.08981020493454,2.6400819853206485,30.36030180645477,1.547793346278538,-0.7087522134677418,15.620236854332674,7.645857988207883,6.997447988318358,-0.2819816561309899,guardian
TR_0415,forest,windy,1,3,1.760374955237062,3338.408381038503,65.0188095585925,0,237.0426607948486,1,4,0.5396859797606924,0.8197583508730079,398.1775247727058,71.44394890968886,3.536070387178831,26.70303816233857,0.0,-7.395964164210639,13.718389758280408,8.313876636359982,8.727230246778126,0.6751747975096382,guardian
TR_0416,ice,clear,3,2,1.3048224440824805,2424.3812764552963,57.046275356704705,1,195.96514447651742,2,2,0.5333585883289124,0.9565123638522325,503.02586218108047,35.788227547216145,5.523855213658447,28.225877867113702,0.0,-2.9877211146885814,14.335829602848701,4.355174324839092,6.531132482530044,0.7835216257662316,guardian
TR_0417,forest,clear,1,4,1.54014376107307,3156.4823322888524,65.5211497753132,3,238.63866140619228,7,3,0.5666759547555136,0.8731233295047409,416.187146786814,92.7831973369177,4.648878919819711,23.461551074004525,7.187031640044807,-4.917632927668743,10.216711257474039,4.985176319169472,7.061491055401839,2.7461026972936295,collector
TR_0418,forest,clear,2,2,1.4232857935171561,2640.742533525966,84.46119836362536,5,231.64241800973076,11,5,0.6166203565307826,0.8564075869894908,479.415851886952,73.02449873830876,4.6755537638660805,29.476762845685897,11.092839064295006,-1.6825605304231483,10.045860180434065,2.880667996417344,11.614704892552213,6.672801122461422,collector
TR_0419,urban,clear,3,3,1.3451702380899706,2579.414097690928,75.4741596448717,5,249.44897841184238,11,4,0.6351445795790669,0.8615322395714295,530.5059653562981,121.70895754916185,3.1155930128556744,30.497226179530884,9.213205633192866,-4.94492578074045,13.201275551244995,3.277704441707823,7.773904288410451,6.588421749895727,collector
TR_0420,urban,clear,2,2,1.2021969369517842,2280.203292098537,71.55045165100826,2,218.07411738766828,10,3,0.5386831947254177,0.8330685022630389,556.1331717639544,83.78211250324551,5.073787407335848,27.102276131595698,8.98815797712024,-1.1709801243231706,10.147615896128793,2.0773959262956643,7.25378742198656,0.2980379757016569,collector
TR_0421,forest,clear,5,3,1.4451392439336046,2807.811577680878,54.234959077621625,4,210.0519586035252,11,4,0.6511733876416126,0.9109287180511297,581.1898014961386,100.20603446419975,3.510812220016782,28.082306075826867,11.593405761917374,1.1498270165344482,12.89378558921652,7.15738133349383,11.149754783529662,5.890991136130252,collector
TR_0422,forest,clear,1,4,1.152107985467647,2456.1456041644174,40.46489833628942,4,296.89997362228337,1,1,0.5272160062440439,0.9600946591325815,546.9848684581614,65.22125994959083,6.061061947695601,28.05104356193262,0.0,-10.0,13.949615832263458,6.6128115872855435,6.174189101222508,4.6909471933856315,guardian
TR_0423,urban,clear,2,4,1.491619956426372,3005.638060937399,60.52269483692136,2,193.89068905088422,3,2,0.5024452208183349,0.7347855732787348,449.2008665078476,50.82242333738408,3.753667595063492,27.834032536623702,0.03444566104251168,-1.647333913929156,10.578041742139883,8.978972186560098,11.537177284541348,7.022621064546819,sprinter
TR_0424,ice,windy,2,5,1.5738496115990301,3422.6714456962245,64.41315946320381,3,274.31911108741195,12,3,0.6681633398549289,0.7781975356579129,426.8657776349617,130.02464138624512,5.259564212632325,27.942157979246648,11.676746431739188,-2.857173061586674,8.735788150406727,8.581345563510771,10.572612463652904,3.058197083674497,collector
TR_0425,forest,clear,5,4,1.8011068481987496,3631.4827117445543,74.39536812432706,5,240.36302081171695,0,1,0.5304480720379459,0.7099676803693513,431.698683908652,10.0,3.1926455658958246,24.819474953563372,0.2881504306750877,-6.505116732650094,8.997580166719995,2.977008414871079,16.035823373913505,10.449837910954326,sprinter
TR_0426,ice,fog,3,4,1.246521608789404,2576.649997998486,57.77357957748224,5,203.67417621797023,4,8,0.5873377772915264,0.783892181059816,599.1758249742853,32.572747304242625,4.088348110097049,26.139944404276463,3.1782452176869915,-4.061365222555582,10.911457589590135,12.056281400694449,8.523962840434342,5.633142995848805,guardian
TR_0427,forest,fog,1,5,1.6143559871404638,3473.4792674328314,76.19975755128127,10,218.84636380058177,14,5,0.730948121121177,0.7140144669567906,496.7084867535441,65.45835070313446,5.664154183034752,26.58747550788875,12.399933475995606,-3.116913848289866,1.7471681958050973,6.6149554707009965,7.3278098014641335,11.012870771514548,collector
TR_0428,desert,clear,4,5,1.5911569713794997,3414.3594214488876,61.903691800469716,3,218.12564923858972,7,1,0.5953388375841029,0.8406209707942224,441.3942419769041,95.58354313299331,4.018814790393919,31.789015780906098,5.318151378072469,-7.7072998731449305,12.432604187332087,6.730222496795637,11.629435650775052,6.960813043645396,explorer
TR_0429,ice,clear,4,4,1.7720090677879827,3581.6739456777955,76.3950486328478,11,193.8058501838473,1,3,0.37883429439102784,0.7819150203667087,464.3365208969229,10.0,2.8531996460889837,16.483853008810947,1.134134130490088,-1.9870250222604862,3.868782405956222,3.4795349343839814,13.594547817471348,15.637731291866384,sprinter
TR_0430,ice,windy,4,5,1.6697716698432468,3570.114750709244,73.01646953454757,8,244.7057326577436,3,0,0.7939214800450076,0.8718348179672293,468.5617160533752,10.0,3.692307226650973,33.35153152127459,0.0,-8.142714537753644,8.514439791196619,5.9945496159726215,10.995760056244203,9.319457122199577,explorer
TR_0431,urban,clear,2,4,1.810873002004094,3599.207976088773,65.97255533061369,5,176.57958675465645,4,0,0.4367894568316227,0.74313618048189,352.3857292492885,34.80904974516095,4.649123162736814,22.100893469856103,2.0999750326969933,-3.7016087732470058,7.720993920203875,5.408344066094799,14.091513851528848,8.979566478688767,sprinter
TR_0432,ice,clear,1,3,1.5309160355930094,2968.3250054810146,63.38544894347069,6,174.80068364224488,16,4,0.6120312201367444,0.8212267396953439,443.55238733902434,99.38974315057729,5.691813878897435,25.928297911862728,11.740289592893024,-2.77305119099426,10.589882414425407,1.7445902099704944,11.506488656912762,7.700245357782006,collector
TR_0433,forest,clear,1,4,1.9706034870512847,3956.6863622877386,65.86371674147101,9,211.5859185628802,2,2,0.4200645860299369,0.6894089441400215,346.66024640231643,10.0,2.926084766320517,18.340149634778747,0.0,-2.5712574148297214,2.6072375731426787,2.2435891030762107,14.665148634139342,9.594931780572878,sprinter
TR_0434,ice,windy,3,6,1.766798119428948,4000.929396821054,77.75408250121468,10,255.85759149611036,5,3,0.5559529447504252,0.8729443516952365,442.02594908922083,10.0,6.203274972136722,28.379470324672287,2.2022673386904086,-5.592153879243313,6.086459281588468,8.032566597772512,13.833429399749853,13.946171664537006,explorer
TR_0435,urban,fog,3,2,1.2686014120029883,2337.899109539404,59.284815562168625,0,192.46327248980526,4,7,0.6089677784464627,0.8488625512273644,597.2220207931626,51.11992277926908,3.7799350470389785,28.16484346203468,0.0,-1.7421400730458299,15.98304151157293,7.1099438174496425,4.322196965382796,-1.076609322620273,guardian
TR_0436,forest,clear,3,4,1.1797575984654916,2436.3155683206787,63.01421289360775,1,217.6768537503252,3,6,0.38461253722708905,0.7987931013882668,591.5213219412839,60.582441649288626,6.254831170158651,23.682603415510464,2.157569592092915,-6.717415382386386,14.58794744216107,9.988340628344174,7.612773824360146,1.9551221898706161,guardian
TR_0437,urban,clear,1,3,1.5603347321712087,3030.1032909259848,72.98652203652668,4,262.5945035813278,4,1,0.5638601728438394,0.8063786784724327,412.48597032942473,49.66286079004086,5.125893322399033,26.628252421333613,1.3852821259271593,-10.0,9.0058534694245,0.013456213904136538,8.516027267194154,4.940089057174036,explorer
TR_0438,ice,clear,2,4,1.8572215545924295,3762.5949018026386,82.05680712892747,6,188.52670850697874,7,2,0.5700449272499236,0.8221854975520807,417.88505041584136,34.54876116605715,4.424815239268607,27.711230618791326,8.034411103021615,-3.4837730830909175,8.666259668905033,3.0029666656979583,14.199272929763794,3.8456447198526678,collector
TR_0439,desert,clear,3,2,1.7050107615306678,3151.2342141272593,73.85712222204062,7,320.38001611547105,5,1,0.6610766870057286,0.859238802803931,430.2209890061094,49.40523568562427,6.1953607069281675,25.17431016326896,4.34758405247432,-10.0,8.125078404701988,-5.868386392562244,12.892495805302687,6.154420719865766,explorer
TR_0440,urban,clear,1,2,1.9135033373268358,3462.5188204473197,51.84747853137085,3,192.1873309983524,1,2,0.5182334916517332,0.7255732435665027,325.44943260580675,15.136105070735656,4.688879076397807,22.930113880202335,0.265286860814236,-7.866906434885834,10.357223144253101,3.5265426119405,14.472187902675714,5.629143296890294,sprinter
TR_0441,desert,clear,3,3,1.4769195322833806,2853.9425294435955,58.099067835075644,5,138.68570959279964,5,0,0.6171692758408698,0.869777798625273,479.44392030525495,30.227171667285962,3.756510991896455,27.547295669278842,3.0492746698781508,-1.6669973951800576,9.66625702031252,4.688078082514297,9.234721821115242,3.3612512287134937,explorer
TR_0442,forest,clear,2,3,1.8120065186386447,3547.0801030025905,74.75813223644153,5,303.6635830199706,4,2,0.6108354422867265,0.8379242377335653,412.1955232869116,63.570410084873245,5.380446681173012,28.194775363348867,3.9502499579081345,-10.0,8.812025647721404,3.7480276917424056,12.647639110840588,5.407312780552426,explorer
TR_0443,forest,fog,1,4,1.2034107158476295,2536.580104604079,68.60145670782131,2,203.34347383846796,0,3,0.6230142762620458,0.8519641668631442,494.19317160720897,37.24322122012636,4.72641573018652,27.726278601635144,0.42975702980712344,-9.499386923604426,14.431265088630004,7.573740223835554,6.445739579219356,2.066494098424215,guardian
TR_0444,forest,clear,3,5,2.0463624343027504,4419.987195521928,74.03205558856257,3,305.7043030247344,6,1,0.5238276260090513,0.8507018682802191,396.7385284640919,96.40045106649265,5.891573822107133,27.57878286002213,7.304016361933192,-8.81453357203871,11.776752262825173,9.11110427064245,12.502079564920031,4.482797067643202,explorer
TR_0445,urban,clear,5,4,1.7771955757978037,3649.9298376719203,66.39090286824742,7,268.99786513823426,7,0,0.773933761245725,0.8101378718442672,448.38275280057775,44.31091428919346,6.056671048787712,32.017848024394226,3.85836317955377,-7.512779597745739,8.522623812048979,1.8564052783220968,15.785223669006289,8.42816417078671,explorer
TR_0446,forest,windy,3,6,1.5182983419062894,3401.447374147117,57.73754517526185,5,284.24863447966874,3,0,0.7678864482903446,0.8470974702855416,424.9876070271789,75.18076955301392,5.879526911615815,37.222172285509345,2.0732970079025628,-10.0,12.112601148190212,10.537503173864998,8.214628362512883,4.527828532219476,explorer
TR_0447,urban,clear,3,3,1.2537412628944464,2499.4200230580545,56.34510766145657,1,216.42528827169525,3,4,0.5783867954978367,0.8895764044286003,553.0455234864969,63.71499665064607,4.589645493426927,29.26736922478513,0.0,-1.6078721134273284,14.047909313051411,8.506161473014009,7.296101027063708,3.414870578314395,guardian
TR_0448,urban,windy,1,4,1.5348245535743053,3098.3733987078126,77.39089170329808,5,244.03783918565526,8,2,0.5954478684566396,0.7747439241043915,432.58296686243034,59.82527109816919,3.5021547679863616,28.97479120252038,4.541972862656557,-10.0,11.492946805002441,1.6541589001335506,8.115563169600133,4.237610796992975,explorer
TR_0449,forest,fog,2,3,1.6580854323096295,3171.7663387207112,71.53173055220827,9,313.65264981115223,9,3,0.7723020009856643,0.7635821942107711,476.60278420471985,59.974041598319204,5.810273319862465,29.682796668180465,4.4684572235347195,-10.0,4.147246589421903,2.7193982192962585,10.486430011144481,7.058917883483616,explorer
TR_0450,forest,clear,1,4,1.8265595228051505,3768.665977006624,66.37138200172275,2,335.5231137796418,3,1,0.6615330443440898,0.8670826961572746,343.4317462818756,115.42428489869215,6.672172424071137,30.553696890782334,0.0,-10.0,12.046208158705014,0.8748428155278165,13.562880616607316,3.7358976872447194,explorer
TR_0451,urban,fog,3,4,1.5709183454981663,3199.0592675238395,65.64439240971495,5,226.22855722289046,12,4,0.5794973062808113,0.7556805084596228,495.448873972375,90.54586165937764,3.4209242840028837,25.464051390926926,11.453530270023638,-0.901303698613841,11.985283653423856,7.0790481109611925,8.529494684950356,5.425639390512576,collector
TR_0452,forest,fog,1,5,1.2609183651738758,2717.946658333698,64.82975177803198,3,201.12677494961,0,6,0.5481849599595436,0.8389913582159017,518.5538566423586,10.0,3.187875427451835,27.703580209396296,0.0,0.010425639290068123,15.127613444209807,14.429413272149118,8.323637720835935,5.126982982746994,guardian
TR_0453,ice,clear,4,5,1.7107528408086394,3627.297754471921,79.1125816792262,11,191.33904622497937,4,1,0.518158373948319,0.7786046294607688,468.7764172956714,10.0,3.5408538360228015,20.801266186362945,2.7476694427317474,-0.8818340231312061,3.5293690840767518,5.110610235205657,14.798624043805962,13.662454088992918,sprinter
TR_0454,forest,clear,3,3,1.5066834499656792,2918.0218509275323,69.52389391523877,5,245.35826020729382,5,1,0.7618178206928524,0.858369245648246,486.56855853061666,47.13429086102506,4.1067200384691045,32.45098921130317,2.225285786108911,-8.691575219064218,10.131816480820834,1.7449258864323687,10.260582697587525,4.898347798906966,explorer
TR_0455,forest,fog,1,5,1.9167622252336514,4093.1675343319257,52.81140054935511,6,200.3413666241562,7,3,0.33546544134644585,0.7176817033559285,421.3197239174632,34.77944932147683,4.735130449995271,18.9365440205346,5.355558935094514,-4.975618485183434,10.084851371074294,9.506887249214582,13.56153570576219,9.669907562126104,sprinter
TR_0456,forest,clear,1,3,1.6787467455814966,3212.0698088703216,67.85521607582231,8,186.80689147523435,0,2,0.3589693965372752,0.7700319508666444,427.69340436181744,10.0,3.6221821759386965,20.697989109830818,0.5480533376109618,-4.507977331273223,10.547406733773803,1.4572504473500107,10.750451826630483,9.96842693808819,sprinter
TR_0457,urban,windy,2,3,1.5829329065140076,3179.2802224319903,74.81807799002044,4,307.674510820956,5,0,0.6474149203415098,0.7721065768316181,389.0284296918337,78.76039644939507,5.022757761803752,30.223859288739188,4.121538743539929,-10.0,10.350865744424175,-1.4460450650459884,12.604403955796561,6.488671206163914,explorer
TR_0458,desert,clear,5,2,1.2309750891629971,2276.669358092204,47.5108975787041,4,180.10117370691742,0,3,0.6006057699686851,0.8200873174055776,581.2222206314503,16.211924830046136,1.8663070936055204,26.943017955416508,0.0,-0.9486762609901798,12.83450575313029,4.752159930088722,8.30384366684031,4.596959095161378,guardian
TR_0459,forest,windy,4,4,1.3899196113101562,2877.5674493138204,74.15809509837072,4,271.7605380208664,8,4,0.500401856963705,0.7430881987892908,546.2808543339634,77.3065196888209,4.472004535085707,22.995507968279995,6.6524156408335235,-5.506345952580744,9.306092557130608,2.777254180686442,8.674815326518315,4.155301675202673,collector
TR_0460,urban,clear,2,6,1.5468924313909962,3521.3011613513595,52.11007659766187,3,273.5371307252232,4,7,0.5482299564220807,0.8263655065269024,446.2635388295131,79.10587780119579,5.355180130436214,27.110418152835038,2.376641370719878,-3.7868384678978275,12.114099843153802,18.624526368341538,6.499300702307691,1.6418367718568267,guardian
TR_0461,forest,clear,3,4,1.0836259758355613,2248.5807171635292,60.67252906373011,2,216.52676782790485,3,4,0.4829056088764019,0.9430409684889558,600.417966000058,64.34902191510642,5.960587670435583,28.55353716672141,2.7594138946666527,-9.680478628426322,16.226721446324518,13.649297685066418,5.213569011005068,3.577709190235403,guardian
TR_0462,desert,windy,3,4,1.505683738877765,3163.6344130356674,63.278720439619185,3,217.41036858349614,3,0,0.519437437064067,0.7472051769857725,434.22379572377383,74.37548885460313,4.447903709325849,24.038809021408714,0.0,-6.037638897908226,7.701130122914245,3.547135369200876,12.185909989183955,5.326218041701927,sprinter
TR_0463,forest,fog,1,2,1.6770260088809603,3080.368482877093,62.585076558686836,6,197.1402855853327,10,8,0.551202802901009,0.6955568818357597,446.83867668785894,85.35223871408908,3.2852641812156125,23.72210187152976,7.099308082938243,-0.9158086357142514,6.759463623689145,3.6455849082065837,11.048360690869794,7.309033805857761,collector
TR_0464,urban,windy,1,2,1.3350237348822716,2451.224558880844,70.54963866776056,5,282.56613604874207,15,5,0.6224887397009002,0.7941370126647342,509.0826062596778,153.14573209933764,4.149138097982844,24.62832452551406,13.95626565590943,-8.477008901546988,8.011157279548984,0.5420379049116214,6.955024111785791,3.448120435173699,collector
TR_0465,urban,clear,4,5,1.3806786076012736,2935.777460873018,54.62019479587761,5,191.88886236865207,5,2,0.5283018427788788,0.9364024162896494,539.8467629223877,51.474604268563446,4.874746611085512,29.602345631295034,2.6188518568847075,-3.5205777860649645,13.966682260172135,12.34135514485099,10.746997843765019,7.052602206881225,guardian
TR_0466,forest,clear,3,3,1.247911861155385,2532.5899617701652,62.58556814554837,1,204.3019273190904,5,5,0.45741264647132,0.8525586028260796,550.4794414271723,96.46300803816507,4.831487596040665,22.28750293150431,4.366456903956051,-5.61459003496249,13.61326677810289,11.049404152207972,7.241804427425967,0.06346200155313131,guardian
TR_0467,ice,clear,3,2,1.3791863333529268,2517.28566962704,63.094289143764406,6,256.4889217013284,5,5,0.7732490706639303,0.8655268987603544,538.1273582359722,37.326357744372004,4.514522041070373,33.937066766600005,2.530223509931569,-6.5098963562738215,10.604074479524874,0.4138336857463478,9.202919249893178,8.655641743341386,explorer
TR_0468,desert,windy,2,6,1.4049305347886536,3179.685475511204,54.341189689722775,4,216.27379424478403,3,6,0.3905613523576778,0.9552565095895866,468.5387064936151,52.6732800768515,3.9983413722892505,30.75453058332249,0.964553611010503,-4.735999728437863,11.972451949470322,17.23088630151881,7.873412084019144,0.07439685192365353,guardian
TR_0469,urban,clear,4,4,1.9279150537567473,3947.0757868351698,73.71009863644812,3,216.2226783767243,9,7,0.4977301647916873,0.9396886541929511,502.27628448438685,90.47145562534277,5.135071417184322,28.25751136240506,6.231489513910147,1.3816493054873558,12.64229991450823,9.834304283365368,7.961332837737299,4.508513937599232,collector
TR_0470,desert,windy,2,5,1.4571571491148967,3122.825367933391,82.9071396819329,6,217.07693322192523,11,5,0.4951681629819043,0.7670431789266207,542.5796676806578,28.85837331760385,4.310675173766449,23.31216155799882,7.518247685072836,-2.1543584568929206,8.274272817189752,10.33167138264938,10.043722979006334,7.5402874223656715,collector
TR_0471,forest,clear,5,3,1.3425335998442207,2570.3832441047202,78.86316185633194,4,174.7844436297414,8,4,0.5910142488560267,0.7612068115809535,608.9751536803992,62.7770365399691,2.818913851156486,28.236612297241397,3.371009949732947,-0.8423984957621684,10.107596747737883,7.724743065891975,10.79682506233273,4.0314703891295505,collector
TR_0472,ice,fog,4,4,1.3546271188710906,2751.342713634336,58.54238377990072,2,136.02002313633275,4,6,0.6412782307245325,0.8130275566326864,557.7500220175948,20.739336487145724,3.1157735051199813,26.61528695807694,3.086618894475123,4.36018876750629,14.181883004957552,13.668757524338503,6.028868139197186,4.159464191685109,guardian
TR_0473,desert,clear,1,4,1.39884274379985,2889.582318423647,88.58799111397443,1,151.40079239394794,11,7,0.5347810935519122,0.9321628121219353,489.2905353405334,108.82349360630258,3.786803041617216,28.17299673721767,7.802344172181548,-0.11152250599344504,15.995054239281545,10.496790231093055,6.637466038775082,1.7884264702008938,collector
TR_0474,urban,windy,3,5,1.3236508368685507,2880.6132499918713,50.86448910973569,3,146.71191142388457,4,6,0.6072907515277525,0.8614207120561278,541.9507126789129,14.966166092570525,4.050750033752538,27.068126716016796,3.485244076999508,0.5093269181077962,13.21935209958615,12.511254690444634,8.278556297889965,3.1119556627523863,guardian
TR_0475,urban,clear,3,3,1.5359141831144658,2980.313087018264,72.81793075023843,5,237.49484227265114,1,2,0.4438953408879126,0.6742667872756105,466.30574909994823,38.18989420949323,2.8423916055555516,21.917950209454904,1.6813441202021482,-6.965867568133131,7.401681216845159,-1.387345722233678,11.726269170652696,10.35479822946366,sprinter
TR_0476,ice,windy,2,6,1.9293388067352297,4352.210495989108,66.92849408658073,8,214.87221418106915,5,1,0.45734885999070296,0.7295821045690836,368.30006958365175,11.914958412611629,3.3897658634103447,23.17608554337424,1.5580181532366972,-4.025969129004671,4.658835255833843,9.10746401356311,14.109593176623628,9.563504081015145,sprinter
TR_0477,urban,windy,4,4,1.4397219168240187,2945.1150638912018,68.81925886811628,4,183.29024007539107,5,0,0.7574007757402772,0.8017021001019732,492.9205154277644,64.56550241202703,4.534817880220016,29.385258743628523,4.606894378375292,-5.538222343784671,10.063957660800877,3.9775915932750476,11.709807330487383,5.401825143803563,explorer
TR_0478,forest,windy,3,3,1.7859195911367327,3318.013023678415,67.66169734359478,8,129.46982730199062,2,0,0.5290041112611977,0.8144162002688019,431.86525513236177,10.0,1.6993728035521392,25.071814031619468,0.03514124633063098,-0.44595415624063,9.45723252515616,1.103679154029713,13.46795185556512,8.350831596360058,sprinter
TR_0479,urban,fog,4,4,1.6600648078516766,3498.772874675901,65.29935914846247,6,254.65740568652376,3,2,0.645950402763638,0.8822836755518076,481.16103137967605,46.527651605308534,5.639564581177209,31.900022665698984,0.0,-4.568770003413515,11.32930548771348,4.062381857296235,12.876024044233166,7.19418867569077,explorer
TR_0480,urban,clear,3,4,2.065882889906135,4187.4260117620215,74.10845100748294,13,238.2447174621781,4,0,0.5114619954499703,0.7311949574309063,454.2992673663342,10.0,2.549727550193531,24.205188610304525,2.0702425161954485,-5.519869174859397,1.7406373730284324,-1.2001726468791203,16.41088103215215,16.070896592353062,sprinter
TR_0481,desert,clear,4,3,0.8530088705102694,1635.626377587891,62.6614208880689,2,165.16239592044002,2,7,0.5923915728064334,0.9254066768991409,823.349962168295,29.241208735893075,3.7809829555754466,29.1211812260248,0.0,4.203534447989229,13.538619346394086,15.6723287502848,2.5252320775044743,1.402047627503542,guardian
TR_0482,desert,windy,2,2,1.5432899413624919,2855.6327226335493,56.19354306875023,5,215.29596983227188,1,4,0.5327807463909631,0.7899001697124935,455.475963066088,13.281959515461306,2.2352643641891827,22.008492080881396,1.665383426161357,-1.5134035109773458,7.429697627403558,0.7689959386910148,12.094116223856904,7.722664864420297,sprinter
TR_0483,urban,windy,1,5,1.8531851336619023,3973.2754229137317,72.79198738893717,4,240.65328022991142,10,1,0.45923312186448345,0.8452049265130896,340.6707011757981,92.22708174419883,5.755763784863606,26.75272567284493,5.870682552375743,-5.119607083964063,15.036666714888728,7.921560880270699,13.280681622252512,2.776670962745337,explorer
TR_0484,ice,clear,4,6,1.9653519202039886,4351.860262366957,72.3643437678489,5,207.90873361359104,4,4,0.48691066340279004,0.754190704150314,449.3299648185298,10.0,2.3251344297433363,25.23351205123752,2.639275513897231,-2.656568467542323,9.15947429761777,9.272370511263162,16.231304105076532,7.634651611304562,sprinter
TR_0485,desert,clear,4,3,1.51457060420636,2856.418724428436,81.08736390931082,8,183.6765414518722,4,2,0.569691197260225,0.7753583487566726,526.3884870483363,27.10111937529781,4.464137451892683,26.97814244130321,3.6657977764818748,-2.9270374386694686,5.801837900609532,0.6887675189038354,8.872592554784056,10.155929281190362,explorer
TR_0486,urban,clear,4,3,2.2665625595808394,4294.881192101509,75.01610778782623,12,257.2489955086815,4,1,0.46994239060773735,0.8864479174656412,397.83867232510784,10.0,6.123915477561125,26.329629888337337,2.7056310257540663,-5.59943389602587,5.817491383835695,-1.1348662870570188,15.740918093664538,13.357175946150173,explorer
TR_0487,ice,windy,3,6,1.3497168321495832,3082.97145698801,78.004987902584,1,194.17859780582262,1,5,0.5265665235588791,0.7717048562596219,566.6733357933706,17.85698953178174,5.47524004716454,23.403235370398413,0.32727622067846174,-3.665100957256463,13.40454846909823,18.714122956396373,9.586901414666881,2.6640853211963975,guardian
TR_0488,ice,clear,4,6,1.7792461162205822,3994.5608249607717,84.38240901622608,9,215.61194809312613,8,0,0.6552043913418462,0.8554953564164851,452.45816459329075,10.0,4.649020731726776,28.407871876246787,7.313848816927498,-4.738013432629826,8.69005499012113,8.685159752475508,13.906249088102516,11.23954625153493,explorer
TR_0489,urban,clear,1,3,1.7261691982652962,3273.0438881272544,65.62226715883523,4,218.29726893088682,1,2,0.6927430137356116,0.8320425125907417,355.3779413945887,22.5240115793371,5.789363887263577,31.605278591846403,0.019276840136233903,-7.055101808357877,11.331397787351714,1.6819617462457304,10.161462183982582,3.7958816994457325,explorer
TR_0490,urban,fog,4,2,1.6556391786085338,2941.3633557760218,68.88312880202605,8,194.14578682563376,5,4,0.6244287699186948,0.716097563835595,511.8362158148558,10.0,2.4426282089541775,22.776460728659615,4.635457488193319,-5.30932220402204,3.257690155704701,0.9269396268815311,12.930334075370524,7.88110709995774,explorer
TR_0491,urban,windy,3,4,1.4706170687935425,3026.364508110558,73.80547643267643,5,241.76939511434534,4,0,0.5760687330648525,0.8952671897155087,459.0824039031044,61.81503472511677,5.33369530810934,29.08284039852928,5.120652554181028,-9.935371139745989,12.702868076279723,6.432627263727972,10.706997903666732,3.9254827854513232,explorer
TR_0492,forest,windy,1,4,1.74348498121594,3492.2108045022446,61.12775127036058,9,222.16644318684914,3,0,0.4046152593456258,0.6779885570604334,385.8737876931422,10.0,5.083177326258453,20.130436332097336,2.3907287853423718,-6.49568988636674,4.643292789558788,-0.4170459821699646,15.120771661630654,12.1683404879166,sprinter
TR_0493,forest,windy,5,4,1.5386029033087467,3216.9278829626487,76.14103815249736,4,280.1590820449065,8,3,0.5290083067988908,0.8557385601207166,502.58514859990356,95.85386903836546,5.64839036033684,27.394418982698337,7.211527513436172,-3.8884206516152062,10.797415514549131,5.852357761630345,12.458512955419167,5.461063699214044,collector
TR_0494,forest,clear,4,3,1.86395617069259,3584.739438167879,75.46538666705247,3,232.10180357705525,4,1,0.4693757294889683,0.8371587220185126,421.2118057760981,77.26095684156499,4.357187064739232,22.875744964060267,0.6046587467178681,-6.201008329564385,11.605107393166243,4.732774001262229,11.560653395916418,3.6662684085646107,sprinter
TR_0495,forest,clear,1,4,1.653433834787112,3384.709446540735,62.86849497417065,1,188.55160878664702,3,6,0.48292447766171814,0.8972361378268076,446.51225240662734,37.67292929367362,5.11467632587809,28.348128517852697,0.0,1.4026408610212007,15.964095834491623,15.9777526837246,8.215757386980831,1.2608622513296042,guardian
TR_0496,forest,clear,4,4,1.2163463904896976,2487.065886387601,85.4654137190474,7,239.93343814847543,8,5,0.5191344777433616,0.7553885835107801,634.462652468051,10.0,5.563189617531499,25.772739408163275,8.607039379944059,-5.163012214747621,8.706816363494292,8.11082184025726,5.784405355079333,7.574051665648705,explorer
TR_0497,urban,windy,1,3,2.1206294451043717,4112.602313479357,62.410414825412154,5,290.79657277328363,13,3,0.574420628139936,0.8427387973934339,305.9366566676429,137.41562143099395,3.2438278027101966,28.629190404707444,10.656376989800263,-9.127731023838585,11.382047177553595,4.121007186459153,12.829286552042301,6.7601965797127,collector
TR_0498,forest,fog,2,5,1.1991073051907843,2618.366303944155,69.03409777518957,4,250.08124683120036,14,6,0.5852734969311862,0.7623381519646198,588.9923952660117,111.75481933357197,4.617356663524455,25.69609729783146,10.351439753715491,-3.0059650710511265,9.117491285858755,12.39833848172278,9.081121513023119,6.950859971865,collector
TR_0499,desert,clear,2,3,1.903793168286584,3758.420724217608,84.18415754703017,5,250.3030977009278,2,2,0.4781397104883154,0.8239385044383611,368.6921307742797,28.89125131683134,4.2620378548507665,23.84994217744353,0.0,-8.728490738634775,8.538297636749174,-2.1121284359245736,15.564450000005824,7.541005003437054,sprinter
TR_0500,forest,clear,2,6,1.5873124778177086,3514.174013597145,63.351315739580166,5,210.47906643671513,2,1,0.4676210042821594,0.7945012864858979,436.8194873549875,40.65744975069885,5.195421515376251,28.52910238761611,4.802667025511921,-5.120979441084966,9.435802726674462,11.73289423348686,13.94101226965503,7.960229640689351,sprinter
TR_0501,urban,windy,1,6,2.0777023889273916,4625.458094546443,76.21537661565442,6,215.32675962004058,1,0,0.542471737313288,0.7308563000035759,318.9102257255128,10.0,5.40580445277057,24.04813789932606,1.2383561859610375,-6.203885265752733,8.496816378688571,8.938409944995803,15.030059978103084,6.861638416900107,sprinter
TR_0502,desert,clear,1,2,1.1072396348986122,2003.5176635616879,68.4126179019225,4,170.27191110349423,15,2,0.6351692103004074,0.8435777053757932,561.2035791927743,120.45251414907341,4.637417924599388,27.42477461567788,14.000667305714533,-0.6948782396698565,8.77408720761015,0.5067081136506917,7.0825341051504065,4.925474006930878,collector
TR_0503,forest,fog,3,3,1.3251587973082921,2537.8643476701805,62.796661009381125,1,207.36100017946902,1,8,0.5670330965996749,0.8548252198164621,539.609187352939,21.941044671647973,3.811371415318921,28.66403844745863,1.9611808971507396,2.2212072663847673,14.870924435441905,11.935819290197022,8.001419961393918,0.4368268374434312,guardian
TR_0504,forest,windy,2,4,1.4369608484706582,2896.185663994917,76.03035138844922,9,267.5668313337813,4,2,0.47022414778950494,0.6696304833207335,513.1168214414723,10.0,5.106498752198758,18.15750911801744,2.545022736481249,-5.847246064635737,3.4290518476193093,4.495049501920104,9.704848447793697,11.604860303725053,sprinter
TR_0505,forest,fog,2,5,1.434636353533919,3117.7524074503267,77.64641170379936,2,204.96808972262872,8,8,0.6580779421945836,0.7380399909155909,507.29163400638646,68.01128908726973,4.4222738875260195,27.2250638184367,5.707646641115429,4.087283511208678,11.609444435928992,16.55270947618873,9.328020812187692,4.557565193555485,collector
TR_0506,desert,clear,2,3,1.4370892715301444,2821.0415578347993,72.29358190534616,6,260.09627294510045,7,3,0.6918583449495795,0.8959776612265433,518.4710008919028,54.334799736095135,5.1010382713778695,31.398873232098023,5.990080863537279,-4.206181787558286,10.718052720597175,-1.1057387446368812,10.005821320414858,4.937737000774259,collector
TR_0507,urban,clear,4,6,1.55512620415695,3569.8917055465377,66.20007377415152,7,272.9857851554814,10,0,0.7764425720236579,0.8462671020057955,481.6537277554314,80.089918829819,5.280695232849629,31.057931774724942,7.297782271335091,-10.0,9.200073664196943,9.355466113015812,9.480051258974864,5.957851416060002,explorer
TR_0508,ice,clear,1,5,1.4801737172321354,3200.7183439911096,60.97475781398291,2,186.68935821846793,5,4,0.5317611891856294,0.9006706728003551,399.2436545076434,55.224671839829746,4.421495365409078,28.118740756165057,1.61888540845898,-6.160855319224726,15.943371518937212,15.707851446917743,11.284728133975161,2.0947774582942786,guardian
TR_0509,forest,clear,2,2,1.522277894697717,2785.094634544742,54.23805857684057,1,228.58868940329216,3,1,0.5570083749934469,0.8419620526205961,419.29709466359566,61.445131722619095,3.2605294823216906,26.80806160211413,2.346262421116029,-7.621372924053006,13.745463005440392,3.234850356464622,11.043438587648232,4.305643790283539,sprinter
TR_0510,ice,windy,2,3,2.095967098293929,4011.8929293883143,61.28292810069741,6,187.28247414904064,2,0,0.5068304614559179,0.7882709725197372,361.67806053359953,10.0,5.364989911251617,23.38305418538109,1.4629238144319348,-0.963285406646299,10.522880326062701,1.6126522373662582,14.835047474044298,8.26608003264527,sprinter
TR_0511,forest,clear,1,5,1.1258971627312488,2414.368884734761,61.436833388963564,3,186.28590596949047,2,5,0.5400234768883552,0.8425039146615363,624.6372731853402,37.54945883224118,5.866717950959781,28.135255783894447,3.5841355510928374,-6.589253102343578,11.410657841308856,13.961975281038681,6.644761145015702,0.5012060174774562,guardian
TR_0512,forest,clear,5,4,1.375440480464424,2871.2391700115345,59.443544701281674,5,230.0954720123492,4,6,0.562808010742368,0.8689916506841451,581.527324041172,23.311771209416985,4.157054702503391,27.982990237436983,3.007124709457362,-4.531052765556591,13.454397472325484,8.437477164301606,8.767663869817858,3.308856156277985,guardian
TR_0513,forest,clear,1,5,1.2106027347467674,2661.8614886007795,66.87566083616255,6,206.9796651308328,14,3,0.5057299516813547,0.7687093005726614,526.9742649016201,74.99208156064725,6.475107173206831,26.474789322005627,13.251794377389892,-1.9511430483843963,5.542618852271784,7.536152410415471,7.784761221294622,5.1847591704108265,collector
TR_0514,desert,clear,4,3,1.5880448701984045,3039.6508515229334,78.36749277646321,2,207.11935136621378,11,1,0.5185463220017394,0.768825129616758,436.64834629658515,113.81364508426041,4.141209478549203,27.09526916216336,8.151001000688552,-4.358853365849441,11.415731548143592,3.410010882396766,11.90894238503666,0.6321903344649933,collector
TR_0515,desert,clear,4,2,1.563380277201286,2917.5203042941857,63.195723130700124,4,261.4274084887815,5,1,0.6528324525027712,0.8254746615280736,512.3474861784947,53.43934750237642,4.043334442999728,31.50133667212215,4.656681737196765,-5.763181099275462,12.908842542141207,-2.188048788806621,10.295154897130853,3.1828685783621538,explorer
TR_0516,ice,windy,1,4,1.9280970951982055,3905.7029224405146,61.618999711964186,4,233.03840471618477,1,0,0.4706320571676223,0.6586505009110813,354.56483338479075,38.72481983410738,3.208233102499251,20.92808944306501,0.0,-6.83386058582643,7.372226157657034,6.38511265794401,14.025048153183242,8.054828733534467,sprinter
TR_0517,urban,clear,2,4,1.5546087103167125,3243.8122760949154,68.43962534713602,8,293.64691651398846,6,0,0.7291712353470241,0.8174638603821262,514.9802766720438,45.92109974917087,4.499748995629426,34.21126788659793,2.024376450175713,-10.0,8.20350178401516,-0.09120326467721274,11.761481330025838,10.004949557323723,explorer
TR_0518,urban,clear,3,5,1.1497831791258735,2516.369532758673,70.15182693547568,9,222.20562296792485,11,5,0.6079103464959719,0.8174880342182043,652.3059223239784,49.504856829952914,5.530265198527374,29.126805544992944,7.502006354494429,-4.650431101038363,6.475034054497381,8.622768411968234,9.288597594961407,12.7820673128203,explorer
TR_0519,desert,clear,4,3,1.4418066252712811,2829.1820375873594,82.94584223296023,4,189.36628900152903,10,4,0.6492348017317654,0.7413536811743103,524.0411600258038,69.18782486228652,4.6437727443592305,27.189204666598815,9.235689089953722,-0.7856802249130388,9.222523766601512,5.576939475923779,9.140413649985824,2.9967539660650964,collector
TR_0520,urban,windy,1,5,1.3808657729984908,2994.411969619393,55.06632140651775,1,192.55359297005592,1,3,0.5116810449826054,0.9862514151122919,434.08519683207305,59.661189362971584,4.127583609965666,28.44354836896557,2.3139590633917164,-3.7090978505012027,16.54329076054709,15.946044722065999,8.746660442302291,-0.9141714130208598,guardian
TR_0521,desert,clear,3,4,1.72778265399423,3499.8177331557745,66.20742741062352,3,183.1831721374537,2,1,0.4146772538702393,0.6550218662634506,397.2744493631016,25.72907632944357,5.660743167425169,22.38857471161449,0.6540958602077775,-5.03750486389048,9.147168372580296,9.635527574218168,14.994589627940389,2.899339247731749,sprinter
TR_0522,desert,windy,1,3,1.4116901197847902,2661.6110881509735,55.7678757463991,0,193.2095591949178,2,3,0.6111191533750019,0.8091706834210584,455.41687450761293,22.632555604982542,4.183170148979153,31.58223407385531,0.8740556703221423,-1.7579235015945929,16.841078824085038,7.932032197867381,7.296759629758637,-0.47788887459421436,guardian
TR_0523,forest,fog,3,3,1.7295673927114559,3314.5228570613035,64.3966696506348,5,235.2537141393677,2,2,0.31962387967976574,0.6578264627399132,487.43510976761087,10.179844847493396,2.59826509979659,16.42753830041313,0.0,-8.276646821114436,8.636871344844899,5.788099798252887,14.205540735188137,7.029089522869791,sprinter
TR_0524,urban,fog,3,6,1.2893357194604977,2962.7817835153696,80.5406769760696,6,232.38580944152744,11,4,0.6530667179729457,0.7431060936028318,608.2859779257006,50.30478003888513,4.542023662601107,28.95578525120744,12.274752754095303,0.911666073686856,6.726340215591128,13.394847684251744,7.981089843470852,5.447159624777318,collector
TR_0525,forest,fog,1,3,1.5207020442337864,2942.571993152173,59.444693927335784,0,204.73931880524506,3,7,0.624438544406869,0.8027006363661565,439.84446949253675,48.27938104185938,3.7860443088449003,27.77560062109643,2.0340923633359576,-0.3588474161798447,14.57795768253583,8.60244742677667,8.207989922376532,0.8877644620340873,guardian
TR_0526,urban,clear,5,2,2.002196673032086,3671.315695262047,69.40347007293461,5,307.6495135689934,10,3,0.6971101862321014,0.8812948132971076,450.777200456451,95.50603582466773,5.80843054759026,31.438360603320998,6.409117097632858,-8.079264840530929,8.477651422846872,3.0366975775494467,14.427461365840824,6.726243917573951,explorer
TR_0527,forest,fog,3,6,1.6719892281230946,3764.85542302585,62.8161836806547,2,242.93588716912316,9,1,0.7476671711081591,0.7402614067574994,403.92306233976853,101.81622617755424,5.468129678408743,33.31085282072978,6.675741603135589,-6.64385390022451,10.688981085604688,12.171204936069364,11.560490793362169,2.8760136989467378,explorer
TR_0528,desert,clear,2,3,1.0927195220887531,2156.562948954538,67.16276803948007,3,213.74404477482832,1,4,0.5611993786752832,0.8996074755261965,609.1297800480953,33.056209215856605,6.384115809017078,25.96897665942943,2.0247576018536755,-3.905563793331991,14.919866150118429,5.855562440145231,6.524736103538702,5.018823153522635,guardian
TR_0529,ice,clear,1,3,1.4601960102433804,2796.9588894963817,72.71899703561434,3,190.19628961334502,13,3,0.6069621114875215,0.763528772197756,457.6453200549474,91.34598922788055,4.0107734842185945,27.215160840633782,8.814445607907363,-0.9820873673408876,6.918009316647198,6.0539817971291745,5.7343061140044576,2.850118451266994,collector
TR_0530,desert,clear,3,5,1.4694279641942223,3148.1671249520596,65.75315673284094,3,223.96538331014958,13,4,0.6051845783759953,0.8551002084887157,512.9211049235429,92.55325507356082,5.1787573393814155,29.18554446821413,10.596049628817152,-3.680578207807178,11.975781482053291,11.758821479992097,8.373939420081639,3.6274255597972065,collector
TR_0531,forest,clear,2,6,1.8360260478067483,4134.831429991275,63.40681060781758,5,242.7751431246802,5,2,0.4602000651552407,0.84469536201124,390.67741512188223,70.34600016287557,4.941688089203599,26.415218454304913,1.1392010251633637,-5.541372507525483,8.672799378036942,13.109280122556125,10.885139043538672,6.368113098317246,explorer
TR_0532,desert,clear,5,6,2.0245620854628052,4610.171669633628,74.4838307156516,5,262.80897250593443,6,4,0.6491527842033128,0.7191738011965669,409.67965874541596,47.05999623283644,4.957000755609442,29.273036756894612,4.95353077503669,-4.072242085965654,6.089709323852517,12.62815945750975,12.49652174153199,5.276303131842464,explorer
TR_0533,forest,clear,3,4,1.2195409015945908,2520.6510063277997,65.48228346361995,5,170.7810910362827,4,2,0.44115036025220083,0.7839942414659574,569.1779446557483,10.0,3.2333147955511303,23.165284261597794,2.7233252587614905,-4.945236704994772,8.827618340542458,6.149020678988453,8.133310909664873,5.790444081870415,sprinter
TR_0534,urban,clear,3,3,1.1148551558103998,2264.0629990841453,67.75217569107546,1,265.83984095825025,7,3,0.6809660526524005,0.8804759668252067,626.2870590431777,90.58430353852896,3.6609037981008754,28.36387513288433,5.53282088020384,-9.849872122064987,13.768406997989183,8.380899440784114,6.575404487415827,3.5625126849666193,collector
TR_0535,desert,clear,4,4,1.536761006122447,3214.7710121180426,62.11477514672096,4,252.8721328797396,10,1,0.5467296901662004,0.8711470967565018,468.61658914368286,114.68412375569933,3.6258980329426977,28.55640731493108,5.692680121380802,-5.6897337858719625,13.808957749325016,3.472279537040039,8.744948214556977,7.338480884883611,explorer
TR_0536,forest,clear,2,5,1.2681815171446411,2753.4791155371017,70.54763142018898,2,204.64381640121857,2,2,0.5820988037097277,0.9182242501856187,507.2628215253859,45.0816413705879,6.089915592479599,28.17101188721396,0.0,-7.256689706671319,16.05671555776002,10.119767733714763,8.744496172989288,-0.12030217746121985,guardian
TR_0537,desert,windy,3,3,1.508867948810006,2972.4933231482287,73.83697213360723,3,240.825088019429,9,5,0.6910831779301487,0.7875339121749658,486.2282885676626,92.85924067660092,4.690805472595512,31.291300627760492,8.398193391630928,-3.173017123018505,9.647056105158825,5.022869303578729,9.579951150309364,4.997906467874337,collector
TR_0538,forest,windy,4,2,1.7371946413187696,3121.719063737011,76.02759472226855,7,233.50146009117043,0,2,0.4796659585360485,0.7819046038718955,436.57912523235365,10.0,3.076593222231185,20.642796846251876,0.07796032278370357,-5.745145371654207,8.448872873619036,-0.22710369197290436,13.296450893101412,12.421465266848017,sprinter
TR_0539,urban,clear,3,5,1.3542858953445738,2958.456598685011,71.31407884277992,1,207.36849779241493,10,1,0.4717833016476031,0.8498592575502806,484.44082743997023,80.99398009509086,3.706798717139621,26.06613246197507,9.118439369084783,-6.919594328925373,10.96426402167696,9.848002829304159,7.734237262877201,3.1925985478833985,collector
TR_0540,urban,clear,1,2,1.559691935205197,2848.206868126336,87.84113607851974,2,192.9989072605861,6,3,0.5572018670149604,0.7318847957981937,393.7748553430219,47.79414071171265,4.722728887493528,26.622864695126044,6.910749827300365,-4.392938582351918,8.4141970198437,3.953232655562909,7.992870135340269,-0.5113068378551686,collector
TR_0541,forest,windy,5,6,1.9811435205934438,4600.272173286363,63.12838838269866,5,302.3486090972462,4,2,0.710762305747031,0.8584309111906315,428.44226768009065,93.89285186011823,3.446668693143807,34.6535037993495,0.8492294816743777,-6.582372271814882,10.51000863585972,12.363879359643951,12.870140590588434,7.575341701141902,explorer
TR_0542,urban,clear,3,4,1.4965203991506915,3000.7795340522307,54.0515110281026,3,163.3269731242159,4,4,0.6003966462194223,0.9259551352599593,489.3142364160811,32.72829462220488,4.164334068572548,31.342050211269473,1.6546070332426366,-2.2091142227022713,14.629463157402748,12.55472280808366,8.833276853477084,2.99234006473775,guardian
TR_0543,forest,fog,2,5,1.628349751501835,3508.6947864543054,66.64370318367328,3,190.230452524599,7,1,0.38568955138396754,0.6985719809218004,428.8007889942535,82.27967625457723,4.689604680880445,23.460317222857697,4.641903832928392,-3.0341478599513723,7.18812604981177,10.052528433754118,10.368087962442289,5.265752635000883,sprinter
TR_0544,ice,windy,2,3,1.4860586969568093,2833.30238901419,64.84444894027561,5,196.7750379819917,7,4,0.49873199534492685,0.8437914592704508,483.6047131119222,74.2410962483309,3.4662459518264925,24.833467809217368,5.761604419011101,-3.42776482131483,12.658814958353432,4.992097593789448,7.578056218588359,4.3143156947177,guardian
TR_0545,urban,clear,1,2,1.1956890923478085,2281.15222075907,79.87953521668375,5,244.60663673236857,10,4,0.524658503164379,0.8620646811355734,533.0920950893956,65.83801520462575,5.04212871365677,24.797452626029873,9.042869898342719,-5.017424360567742,10.091821176827892,-2.346375778565543,6.997425562133399,7.45083887979788,collector
TR_0546,desert,clear,3,4,2.013783890306852,4062.6437412331575,70.55697571167266,4,196.2522884683853,5,1,0.43334615562165324,0.7681536257456212,367.24570223175874,62.21313673275468,4.837896679476801,22.04681330509082,3.5664161671477723,-6.570802525943073,8.68971408526808,7.240242238207805,16.039707760866474,4.421474984353061,sprinter
TR_0547,desert,windy,3,4,1.3903394855568998,2867.517053920831,72.73649340826887,6,253.0393787635942,3,3,0.6184501140700979,0.8065030020334399,481.3860968705941,29.340414001296278,5.883599125656328,29.189868974604295,2.2271383154069326,-5.4030967842645605,8.879595006013568,6.433608795062156,9.194490973863845,6.5695147002642384,explorer
TR_0548,forest,fog,1,4,1.7293197048617417,3511.173409330055,79.49060649649948,5,285.355549154175,13,5,0.5432793444805648,0.7019889626616709,373.79627544044865,77.62439846817294,4.213559635409492,23.295096338836363,9.844892827129588,-5.625622543243559,8.662389770140905,8.458878698022971,10.532737315683452,5.342720195506067,collector
TR_0549,forest,clear,3,2,1.4326973293561163,2574.203492538335,58.74450631047586,5,188.1329402130931,4,0,0.4988011702529403,0.7976954461308636,478.76824143414905,60.66457346223959,3.6401380355456325,23.713441802304338,2.0731580635701867,-5.012948540126079,9.149203034427567,-2.553234080117827,13.492667007274287,7.658573305774365,sprinter
TR_0550,urban,clear,2,3,1.4136581348157236,2777.2245110612366,81.29541294605488,1,223.10047715451265,7,7,0.5195921974731982,0.9008851513949546,534.4641113289022,83.39832652052019,4.534050771117226,25.640499203938752,6.26251201965967,-5.292773391199848,14.083210885681588,6.35082115790933,7.922846273185777,1.547675137244825,collector
TR_0551,urban,fog,2,4,2.013176704849221,4058.5839973146317,66.13569686719285,7,252.17587559972222,6,3,0.4665821175202513,0.7302494328883581,395.4266284533428,54.80464453045525,4.302677476254508,19.430454821069375,3.5093063104048032,-7.437823089706316,4.787069327918533,1.687289569513608,15.185290065455003,7.754571307997963,sprinter
TR_0552,forest,clear,3,4,1.7942599502080268,3632.0984287462848,62.93868062335328,10,215.06466190082276,4,4,0.6062679048256631,0.7861984099029052,430.658574945214,10.0,1.8176578073155207,24.41458941508327,1.4433352824303047,-1.0977918353075349,6.473151077465422,4.635253285727437,14.853367248589176,14.664489686756628,sprinter
TR_0553,forest,clear,2,6,1.677069363848827,3754.7143286480896,74.09720206970117,3,232.89469858617827,16,3,0.6308075189486004,0.785034374209899,405.26820069603883,147.13190575838976,4.34573806452833,29.388603130428763,13.857159243318947,-0.42086768548601605,10.301824594781676,12.111014628724023,10.615485037289716,2.980835706953184,collector
TR_0554,desert,windy,3,4,1.6363084411183912,3310.7974968830076,60.13915166124127,5,216.3965105005075,2,1,0.48279382927533376,0.7741993295906447,469.4654615448394,27.87917850157526,4.882154936712471,25.370959232525845,1.2689466851037052,-5.645416990131087,10.46163707707578,7.994982674289691,12.255969608304241,6.6754910819955775,sprinter
TR_0555,urban,windy,3,5,1.3385836788038405,2937.466872123771,64.55577175914205,2,240.19398814281706,5,5,0.5933649002926921,0.8180407062660174,560.9639870471542,82.92073235769857,4.094265474953052,27.538869698401218,3.3228636171632466,-7.218687630189639,15.848584879244271,14.803218591935863,10.655402485091976,1.160385112959329,guardian
TR_0556,ice,clear,3,6,1.6175042650920919,3677.405552989931,72.18000662111085,6,261.59536180115833,5,2,0.561128324986711,0.778939755858251,457.811053703851,57.083283324635964,5.885566361241896,29.538412349279934,3.783811151399287,-8.495517338917024,8.940717959521999,5.837396919090114,9.22646572463282,7.10864860626724,sprinter
TR_0557,desert,clear,4,4,2.1014483921797473,4211.033723180681,73.83045556426629,2,163.1197901926054,3,1,0.4829780643594823,0.834929660798405,384.3132309349787,10.0,2.935733749119348,23.58495454295207,4.079004922135226,-0.04327874767610204,11.920587244850429,5.701530104294992,15.705466181551257,4.985956548667814,sprinter
TR_0558,forest,windy,3,2,1.6003898895192705,2903.3453765528707,73.21893817674977,2,166.25317819726007,14,2,0.527228377497457,0.8284433366680918,444.9514660806724,97.67972604025574,4.027803116533108,29.027742977118336,12.369890587602548,-4.605592760817955,14.409875112092983,2.971808094349481,10.916565378367205,2.4647386725065084,collector
TR_0559,ice,windy,2,3,1.5413563742601586,2990.3831662043285,62.72440164400234,5,230.7341129855002,8,3,0.6159039821585931,0.7578355974996415,460.3467043447395,75.84129608931751,4.894486498715111,27.861560659261734,7.536435250053566,-7.374615658548965,7.90864682017885,0.8586511628727966,9.882440759463679,3.4358650610356647,explorer
TR_0560,ice,clear,5,4,1.6370750392591822,3344.4781774714593,61.51783556879581,7,194.16025109212802,4,6,0.5080302695472193,0.8276914213452056,584.0523531453645,15.531114590390345,3.662342961948485,27.781305044745334,4.315117746703477,-0.8557710098192808,7.955916786719879,9.760162178494967,10.272160391774648,11.14431567391947,explorer
TR_0561,ice,windy,2,4,2.2130412854225856,4489.423906675114,75.67727883091997,7,261.93393700335525,3,2,0.4319314600720513,0.7454409590501248,352.0213676075179,31.59056832364767,3.8040104249468922,20.55901237121557,0.7093304361887021,-9.070367455594852,7.024291291111291,3.3046407385636045,16.727621059554245,10.368965369697923,sprinter
TR_0562,forest,windy,2,6,1.6730567016008777,3722.882376936998,58.91100276223673,7,201.571653579007,2,1,0.3400350840943401,0.7467950445457393,432.03539487035704,10.0,3.585969834916665,20.749981655851226,0.7986187305742776,-3.449854652936302,5.832892779226325,10.954563091574359,11.676049745511992,5.746974137355411,sprinter
TR_0563,urban,clear,3,3,2.04820441789645,3906.5516979768804,70.48828107509514,2,271.69931755245784,6,1,0.7200137956290144,0.8228490870749302,373.3764205000595,98.89655560141634,4.815055103790374,35.71349220526413,3.124568419771076,-7.349613578864906,10.101862336508212,1.1787847059754966,12.901992372915213,1.1321090012723483,explorer
TR_0564,urban,clear,3,4,1.4840082090505082,3007.37662309057,69.94140054877475,1,170.87140708964176,6,10,0.6067377704457254,0.9044423982860741,518.3868584275674,63.83524715609971,2.69965948585671,27.760118133238407,5.005392917714841,1.1219850071538533,13.813483572273578,16.900303017395718,5.850357409535378,2.1066930379408073,guardian
TR_0565,urban,fog,1,5,1.3990178998924407,3010.2579188050386,80.41551542428235,4,216.52315480187198,11,4,0.5532064798933712,0.7816005865687544,482.1610747378786,75.29401634263127,5.592730961378211,26.98477165959349,9.705137366469426,-4.336256650423206,9.722497138557495,6.186486828493963,8.52894393648301,2.852881676550046,collector
TR_0566,urban,fog,2,4,1.853025121472803,3743.729375876837,72.53505796024582,4,206.0138301259132,4,2,0.44986292891219753,0.6624625048687647,389.97746309504066,39.06756513163343,3.7473633868401017,22.34140513386015,3.977532627444121,-0.9077926512991357,10.985364556881057,4.503557250692518,12.586863412873193,7.347733116529677,sprinter
TR_0567,urban,clear,3,2,2.0033647404496713,3685.163317939092,96.10751525202338,7,275.9493107765682,1,0,0.47518041729155525,0.7339277333311227,397.1791456166972,26.04287208655915,1.953123494206913,17.676195750321625,0.0,-8.379132436167001,8.309903682600506,-10.0,18.2488187851647,11.91820942248109,sprinter
TR_0568,desert,windy,1,3,2.0467498204258954,3869.8187319594945,70.17230446153252,7,147.76268116366472,3,0,0.3774663456260207,0.7799663722417098,375.4634921192445,10.0,1.1889385238888561,23.652056020061075,1.7031630817277243,0.7353323810517567,8.569722114417354,3.2638929320164793,15.200570404659949,10.53944992850543,sprinter
TR_0569,urban,windy,3,3,1.5505163630438543,3022.972643539109,61.83015821686829,3,262.1569714173959,6,4,0.7291126771182812,0.8195744699790922,473.0338931302647,105.4004365479193,6.153639798333563,31.223465810739636,2.723910132871437,-8.887855824885682,13.290250351176066,7.914455271791153,7.958180176607465,4.77933633941465,explorer
TR_0570,ice,clear,3,4,1.5913432326459787,3282.0470728663317,75.64302385101811,7,233.81933902291343,13,8,0.61422325198279,0.8532188971927971,537.4785464448032,77.20415175199544,4.887676248800629,29.51727071129581,11.145823820157265,-0.36682546187604803,7.983499734223561,9.899228055939389,8.268767822020518,8.738643145634738,collector
TR_0571,forest,clear,3,2,1.4246557601330572,2619.202240289827,70.75715013702991,2,251.08201904927967,3,2,0.6616952075755377,0.7732360109295012,462.0706814874558,40.85918374838273,4.525784230791906,26.602441558253595,1.9472353080038534,-9.135498838005805,11.938313136115047,1.3510233240197174,7.660365460753801,1.8742589186452463,explorer
TR_0572,forest,clear,2,5,1.307979595686105,2878.3402232465733,67.29586509076881,5,285.32777334379483,1,0,0.5828141010725875,0.7263528391843527,509.2231908685245,21.382382265419658,6.5359130510964505,25.39761296357964,0.0,-10.0,8.2058144572345,4.358774724607519,9.79352718228267,5.9540088190766784,explorer
TR_0573,forest,clear,3,3,1.4960067288700556,2908.9688435148178,54.910498281184346,7,260.47547700962355,7,2,0.675677430015113,0.7495002969138159,498.5137997030537,54.64382591797373,5.906276807968384,29.698882049925615,7.9628825378121935,-7.74064064601054,5.614157944176345,2.744620605324321,10.273001308477477,7.617722654521459,explorer
TR_0574,forest,fog,4,3,1.5124314726504815,2887.929642471719,69.87991370653988,1,205.45389856488998,2,2,0.46732715803004454,0.7449705941287392,484.1400942741202,82.74929940125847,4.666954907514462,23.182293914598027,3.4455588927605802,-2.8911509510962348,13.016908904291066,4.818140743824233,9.534130474632502,1.8628735810840413,sprinter
TR_0575,ice,clear,3,3,1.991286635116206,3818.7640489945165,60.12453774767509,7,231.11110200040866,5,1,0.4732858628629981,0.7285891556534404,406.48438782959596,10.0,1.5046958998093327,23.237188130945803,1.2908260122092912,-6.0226107712025865,3.1815670103151876,3.2278791763855206,17.274538746462778,9.65396840367696,sprinter
TR_0576,desert,clear,1,2,1.725222515494824,3127.97593690681,69.70017342724933,6,198.2943913359989,0,0,0.5581709633534695,0.8108058474777922,370.61146168315827,10.0,4.149738777111379,25.171678787994136,0.2560241240923171,-6.602107991512344,8.194130733752122,-1.2977896601361907,12.47979015502563,10.091287049813893,sprinter
TR_0577,urban,clear,3,5,2.279261046002142,4811.456830579743,51.13588273851029,8,195.475028128165,9,0,0.5494556216938354,0.7070503948008983,325.99840872284483,48.4598295619141,4.0367589982819245,22.15800538351913,4.930963327749208,-2.23931457219726,4.810637431989956,6.094823540925723,15.931877967852742,12.334682399340606,sprinter
TR_0578,forest,windy,4,5,1.4161442162986453,3092.7437053448384,72.61927753166559,3,276.2343449863694,5,1,0.5705981537424101,0.82886278458431,509.7410189198723,74.23788479401583,5.98982129066004,28.027083095597334,0.7410761574028899,-10.0,14.893877836447306,5.224694016109944,10.53523885631663,6.024905510444796,explorer
TR_0579,desert,windy,2,3,1.7759287697139747,3369.510528222483,69.55191241309004,4,222.96963410473836,1,0,0.45262925021569045,0.7263626539241966,378.6356720273494,20.444937462971907,3.368810417603536,23.435441777776703,1.0246030058206357,-6.000473437491653,7.144755737673578,0.23588907260528202,10.199996002675064,4.18646247662113,sprinter
TR_0580,ice,windy,2,2,1.698255567347357,3126.8465850913854,79.9552540560812,6,277.83141107100226,12,3,0.501301045968261,0.8416410016276636,408.816369456145,85.07860324488351,4.829786854810896,24.90128363866407,12.093435117623583,-4.501943842718924,9.703131731256207,1.1446810252382669,9.256365191772517,4.348230330118131,collector
TR_0581,ice,windy,4,6,1.4515967454778684,3345.618754412596,57.31463937370871,2,210.55334771647065,2,3,0.4353752276069738,0.8530101338825774,505.76255200373885,54.2978585430582,6.123254931552137,26.4019806683669,1.251875238732632,-3.889405875104865,14.460934321728491,16.691551922883267,9.635006986670257,3.306452910008465,guardian
TR_0582,forest,windy,5,5,1.2723592294386106,2799.5662662767672,70.47565180059586,1,248.0928298072503,14,2,0.6859468881020884,0.7637316741910458,582.6594321374799,148.71390619926413,5.454290219332812,27.19301002916152,11.092159479155702,-4.582499720526082,11.6575369400539,7.448496017187292,9.16353988160822,-1.3512040531248484,collector
TR_0583,desert,windy,1,2,1.5608805844882827,2865.5481733839138,75.46853726361631,6,218.97630272424243,0,1,0.38641624681298,0.7266814919004032,464.1373168303244,34.37991859954878,4.0589044954727065,22.53117044766638,0.0,-5.738730852166435,7.636734570265119,-0.7869572077609099,9.697895791972785,7.819963771697896,sprinter
TR_0584,urban,clear,3,4,1.1879848504958475,2486.1750569088963,60.74142263250074,8,268.11341575311934,3,0,0.7223958907846503,0.7051409875400705,607.8665168815608,10.0,4.21362950863902,28.87825811812288,0.0,-10.0,6.5162426991867255,2.405397460040767,7.311435414471392,6.344557141855014,explorer
TR_0585,urban,clear,3,3,1.6855089716530247,3304.432938943871,77.0904467562086,4,264.77939618308574,8,2,0.526023916156481,0.852662248096908,471.9791394088939,82.25282812184517,4.121099350941783,26.256293644882778,6.875564980759547,-0.4646419025215245,10.828018778823632,2.294006061397994,11.699231179739566,3.152571567683056,collector
TR_0586,forest,clear,3,3,1.0104463743128633,2027.990671179471,47.79159650783075,1,142.1142561860536,1,2,0.4727453125126359,0.8667510226722269,635.4835787516698,21.282031700470426,4.174254824749251,27.577619380484542,1.2416163616893212,-0.24882929493137373,18.03097922724097,10.399369140587236,7.897977019113379,1.6348387897283798,guardian
TR_0587,ice,fog,4,4,1.1355726798366075,2367.6186361752334,60.321290584706894,4,190.52049527372895,2,6,0.4664976006765223,0.8576751708575441,656.2833651082057,12.529003040388808,4.2884368856538,27.326766907962075,1.364487098235991,-4.898509313528743,11.30773624683891,10.848367927846756,7.895503450232662,4.13711602372749,guardian
TR_0588,forest,clear,2,6,1.3082845781058938,2985.7546568936314,52.37754779746488,3,160.30134645194678,2,5,0.38274502701072866,0.8903046430344173,523.6874094001698,43.838376247873605,3.985915642763263,24.247700880304713,0.0,-1.2358424182280547,12.508211984281644,18.865593261271766,6.551884606368228,2.070151018300825,guardian
TR_0589,urban,windy,4,2,2.1211410332786618,3807.22239036728,66.78449897076614,4,233.68599654072418,10,5,0.606441918869125,0.8232214396900226,436.9514450803716,82.04561213599086,3.0429353269255324,27.955651482940244,9.402672137502716,-1.6478637163692709,9.766340548211376,1.9641289899879941,14.814257708191308,8.341983125947474,collector
TR_0590,ice,clear,3,4,1.6496500532582277,3319.7087408496573,56.28173916327985,12,218.97246840223426,2,2,0.8190302264150883,0.8239453723595052,510.4115727917849,10.0,3.69901070550854,34.11196415160701,0.0,-6.509002313799622,4.382388046795508,0.9012718986528607,17.37615574100991,11.563964192599176,explorer
TR_0591,desert,clear,3,6,1.5075191525188834,3451.5273530065374,75.29760902103462,4,277.93389938601126,6,2,0.5809876972672616,0.6846854397490979,453.2576692359719,70.35755723277121,5.826333385444066,27.524655166892202,3.9497172186815326,-6.145573088834393,9.180530114925745,11.35922179986407,11.249453005539555,4.2860246941556985,explorer
TR_0592,ice,windy,5,5,1.2893699175780045,2783.542491420951,50.60348421424058,3,215.44809283383793,5,2,0.6343283475049589,0.8872451027814379,586.5260606666462,84.21282385398358,5.449640704808344,30.316196166169924,4.5344766270105055,-8.583489268932752,12.154266581518357,11.61704086748642,10.172040050583414,4.655921752608129,guardian
TR_0593,urban,fog,4,4,1.983631819346293,4023.2415547947253,51.45203382139981,6,270.53086807616273,0,1,0.7133971433057122,0.8250291490727014,401.4077762705701,20.80390536809206,4.536051709141205,32.172090576013076,0.46892900573065094,-8.920614671062786,8.1214942009538,1.2646932992530688,14.221393543265325,7.7340594085585685,explorer
TR_0594,desert,clear,5,5,2.044186768544042,4334.116119221301,75.0657309956953,10,168.9476325550989,4,2,0.4382356601361623,0.8165338198984388,451.55095095987645,10.0,2.924980873055383,23.560283656901056,4.646860034938832,-1.1485571734742819,7.385611214780823,9.170460205200442,12.997365097707538,10.461587184127275,sprinter
TR_0595,forest,windy,5,3,1.6861907240269502,3285.2318838664,55.53230111703954,3,241.7045875456941,3,3,0.6925875115265335,0.7831324294036615,475.8308435369986,45.132370010642475,3.186783821902625,30.515673182758633,2.009528245957919,-6.783356826691149,12.26167520198488,3.6985116712492054,11.289766428984946,0.8448418822379202,explorer
TR_0596,desert,fog,4,4,1.1683218873543477,2479.0796201536764,77.1947005255263,2,309.1852614543261,10,5,0.5716131784224711,0.8181044605382622,604.7588395585608,119.35814685463168,6.120199521095779,29.220168130018095,8.845825222488116,-3.82463052571016,11.703130802816647,7.700154496331107,7.777432737505339,1.9134960531694665,collector
TR_0597,urban,clear,1,6,1.8898503155759634,4208.696308302843,63.69952434780064,0,193.52348535361426,3,2,0.6731474590630525,0.9097401099174759,368.3168824299121,76.86243156290669,4.337345639580924,32.53544095826175,3.138604902983169,-2.921803785341261,15.317363580810886,17.44761406776318,10.137557626977129,2.076533046093933,guardian
TR_0598,forest,clear,2,2,1.6485179245375305,2976.0657799730793,70.32604392146685,4,217.1188662215139,0,1,0.4340053105853293,0.7826598414901887,371.93985223575146,12.591448922436932,3.1152548379573304,22.964380966841915,0.0,-7.195514211012395,9.149847193349704,-0.570866828822599,12.628611490936995,6.462409193849434,sprinter
TR_0599,forest,windy,2,2,1.8169992007751874,3350.02197857529,54.11480975700931,8,244.58977399011854,4,2,0.5795833345648137,0.7586789954004768,416.49787195480513,12.491252230010701,4.33450562317954,29.708037043056898,0.0,-8.194903298413303,5.709012447187815,1.1304133178214162,12.96961821118646,10.371348924386302,explorer
TR_0600,forest,clear,4,3,1.6912246587045894,3248.3038942733774,55.77385233865601,5,266.61879062249085,3,2,0.5889793118335486,0.8516263364320046,497.70964130924506,59.98389547142283,6.6909628124724065,27.495912030317264,2.9648552518726063,-7.542289995226171,10.032130814193268,1.4907247476255732,12.084671059012928,5.116454331639964,explorer
TR_0601,forest,clear,4,5,1.5920195211040509,3474.8803139836737,73.50216137185535,5,205.54347559233778,12,8,0.5323362246381413,0.7297484788548129,524.3114918724815,100.15785656494565,3.536246937460923,25.500176345333294,8.943232764088716,1.406031794740157,9.607511024714544,12.771416880754819,9.043272529823996,6.660940985079686,collector
TR_0602,desert,windy,3,5,1.6234613941376441,3442.0644291884773,80.6954419379136,7,142.71843412235475,12,6,0.6075495630678663,0.8134182031496171,495.79226204926186,36.070167736452234,3.2864192002647075,25.451090595828443,8.585505519523231,2.9505743312073993,8.23242667235159,10.733549105214017,11.504420590749936,5.319292004288121,collector
TR_0603,forest,clear,2,6,1.0668231587648767,2544.153160423651,75.8143148785533,5,192.08195905542973,14,6,0.6407234913284368,0.7898560606223902,687.9915475026154,89.32930202753474,4.267394451991683,27.290287019953677,7.43980571114692,-2.961421603131777,8.691812279652943,14.033366267433982,7.25923490178622,3.8290191414968566,collector
TR_0604,ice,clear,1,4,1.7051669810353172,3518.723232587108,58.32035978195554,4,292.08932366590653,6,2,0.6151429908193542,0.846140374812992,388.1129234875931,87.79887155745419,4.88887773892452,29.67760270074676,1.6329438859768022,-6.91245333662167,8.91920798843892,3.403500943222614,10.472224458303254,5.569015594348241,explorer
TR_0605,urban,clear,2,2,1.392237917822205,2560.8782819751877,69.89444301896059,5,279.59101608213166,3,2,0.6375093963599909,0.8063981176585042,498.04928482283276,30.116852647824892,6.505358988075994,26.739724765348683,0.8742566274034793,-10.0,11.20721797876982,0.3688734472639108,9.290071703891876,4.061795972129302,explorer
TR_0606,urban,clear,3,5,1.7390308931470884,3747.5161291964155,88.54116285115039,6,229.61302822047116,2,2,0.42015853564415184,0.8123022032231261,463.345211088677,18.03148852904951,3.0123331625276544,23.287630210291663,0.0,-4.8179291913839775,8.812414563921985,5.586384344236656,13.394099588150885,10.148342982551801,sprinter
TR_0607,ice,clear,3,4,1.0125528929373915,2097.1440195541945,71.7103231188584,7,194.19813923209696,17,3,0.6825514581969382,0.8858290064233915,726.5369727650663,111.06154796894889,3.768817300412203,29.170247964287576,13.998005318321717,-4.801041146015749,10.075104416576664,6.522217105376228,4.7857947925607185,6.340100344294335,collector
TR_0608,desert,windy,2,3,1.8682994961931525,3674.4372041250153,72.11652169731339,1,321.85530825403254,2,0,0.6906466886692773,0.7311193624914529,326.28220843869457,71.95059910506939,5.791528479170607,30.70582123957603,1.4536560873602564,-10.0,12.418795339732466,1.9781073543637633,11.46189772061634,-1.3387226587216368,explorer
TR_0609,urban,clear,1,2,1.6302674472458365,2958.572481970171,72.44528755633733,3,207.72777382314175,9,4,0.6134544322032377,0.856339863232831,369.6614311413789,78.51091576398116,3.865033255699686,26.78637286007138,7.813643357107198,-2.784350579152857,10.211949990769332,5.383474143829757,9.974882346843259,3.6183295319611504,collector
TR_0610,desert,fog,4,2,1.4410043571947222,2577.08747497615,86.47511445404305,4,133.80430507195794,11,7,0.5179259662436331,0.717551696582853,554.3498722274783,55.974732805264814,3.7742723396666937,22.496228454086015,10.435123629985773,4.063683654837432,8.36015280439493,3.908625356345979,8.922214669382605,6.2798520377134635,collector
TR_0611,desert,fog,3,5,1.299400954343377,2818.7314228314644,87.26064923944944,7,210.62072150003183,8,2,0.4838590481079615,0.7630970548267982,577.103155322132,15.72901439697793,5.612899540190409,23.565776290132717,6.131542993864251,-2.711095480538122,9.534313280332386,9.864843282170641,7.295761512468309,8.80392470778484,collector
TR_0612,urban,fog,4,3,1.6187586408759773,3175.7065226971786,76.40402735814395,3,268.67157887571096,2,3,0.588679655136996,0.7332985219956755,495.5852301331377,54.35413039637426,5.445402132096844,25.075781972233372,2.378358259593667,-8.183737269651845,11.925116424423306,2.7394891744548584,10.347932832579822,1.664167942155272,explorer
TR_0613,urban,clear,3,4,1.2468393736168417,2561.9563282747476,62.03605978447572,2,169.46864747127742,4,6,0.5938653302230099,0.8828064555094355,551.7468362235597,44.82186351675423,4.107440389756784,29.854520800631626,1.4262180781583043,2.1778587186431104,15.753446894620014,11.729100306457497,8.378772583399355,2.5430614802637352,guardian
TR_0614,forest,windy,3,2,1.9099257800594889,3512.17607695166,67.55401147857884,7,187.93380720235712,0,2,0.502867582926861,0.689472172393694,432.5416343298681,10.0,3.7542120942106654,23.262916232369935,0.5649058212419931,-4.648724485627126,5.1789571015689795,-1.3391786872418139,13.934634456314631,10.82610211671505,sprinter
TR_0615,urban,clear,3,2,2.1470766452636245,3843.765008490185,64.32222485556373,5,248.02529358163022,2,1,0.4131990632871557,0.8032981583820417,319.1911173079108,31.23419055780608,4.783490528292441,21.32710264482556,1.8163144534935556,-8.43235157140597,9.451873191311087,1.1948323355390813,16.533441379488153,5.82853914570935,sprinter
TR_0616,urban,clear,1,3,1.8535366624994287,3596.363637681696,72.15721371138373,6,298.02387202006133,3,2,0.6035248704322079,0.8523878134681453,373.1122200147268,46.64150545247223,5.031446494952161,27.742230944839758,2.0056702721041324,-9.04385258438029,10.139327012233956,3.5376669337780156,9.501425192394494,7.470710542498818,explorer
TR_0617,forest,clear,5,2,1.2650326121952336,2305.6524598499464,91.66179263420274,5,211.60468329037695,10,4,0.5520174939986094,0.8162108421157941,628.660731304705,64.62976763648467,3.6775835340514456,22.01204298003556,8.595824817548507,-4.424846554935559,10.7972505572751,3.2388719002344075,8.52737685640793,8.007247518851196,collector
TR_0618,ice,clear,2,6,1.3651706196162812,3048.308872376085,75.38883753108597,4,221.4996886507538,18,1,0.5187710315493278,0.7231518107306659,504.1398770811056,117.08943088161438,4.80036702618022,26.395645713243297,16.643570848618182,-4.492037160415109,8.69500851332375,18.287408945809844,9.030188854473934,0.562477132871555,collector
TR_0619,forest,windy,1,3,1.2246096722169397,2426.936461537861,79.35487528859998,3,260.28538069592383,6,2,0.5144003759758168,0.8089730368641653,521.2333776596666,84.93414978381446,7.037834470342406,28.040895977935055,6.453631371634863,-9.999783507539757,10.999639477288573,4.086304162722828,4.77505750668019,0.22572386742271044,explorer
TR_0620,forest,clear,2,5,1.190302529506969,2617.4460193523173,71.02710319460549,3,215.58198066485173,3,3,0.41231675950629787,0.8621352584097001,618.1751146755247,36.94115906660347,3.9535694832308867,25.206562174685917,2.2176352249271356,-6.121522680682525,14.960107189299169,13.020141838152382,2.241031529476926,5.411752462714359,guardian
TR_0621,urban,clear,4,4,1.3240374348564836,2655.930775583374,53.71679938616089,5,160.94351007358375,0,5,0.4555479866827453,0.9247168285186304,589.5637872259198,10.0,3.421086525827447,23.911827015971806,0.0,1.1382829286842404,12.555437778796266,9.458934720623835,9.4898161341406,5.371526474067117,guardian
TR_0622,forest,windy,3,3,1.7291201524434705,3361.567876692622,69.72791587232645,7,272.4357307540577,4,0,0.4705177227481893,0.7107936474128471,479.16207269016513,10.0,3.5555705653924017,21.48948407744855,0.8345836971805058,-8.449495090645721,3.721003452680018,-2.1611171982029656,15.055780287555857,12.466975844393895,sprinter
TR_0623,urban,fog,1,5,1.084598437868828,2352.798869532089,57.05731260693971,1,165.78658128806129,4,4,0.5759756812719773,0.7978337179810373,591.1313522117291,64.70415845721297,4.786790619773249,28.64528898872331,3.3466988397584534,-1.1604230060257228,13.887820763817256,13.963545893314846,6.295098253018307,0.08655027772423962,guardian
TR_0624,urban,clear,1,5,1.3645329106149953,2979.2427352435184,57.447053779135715,2,181.68356353035466,1,5,0.4604040439602792,0.9285038144285477,477.3646052875986,11.96262156785221,4.716764261700667,25.480244038967182,0.0,-6.480246527611724,16.485036921839257,13.763082473873212,7.429709900987227,4.668997026471294,guardian
TR_0625,forest,windy,1,6,1.5729728256211333,3639.5500067647235,62.05417932728112,5,262.8562382435878,4,2,0.48193167931742376,0.78807195984685,439.1498249414184,39.35743042341194,5.245797499493827,27.902157717015847,1.8042909619898069,-5.568599340843901,11.884415190651499,6.594200127919575,10.258107996252345,4.424678838577013,explorer
TR_0626,ice,clear,3,4,1.8361675134826534,3756.6536456229046,55.60986091011059,6,258.3887651679991,2,0,0.5281088373413104,0.7693207810846847,389.8677166065336,41.090991052588045,4.553297015788149,25.13248989370802,2.173514171093119,-8.539603262140504,7.067147458387636,1.1953891267272034,16.14458699260318,9.785697779725538,sprinter
TR_0627,forest,windy,4,3,1.6779433848091057,3216.0630446055898,81.7516176534674,4,243.50614170086985,12,4,0.5661650654469902,0.8248491025190057,472.9328152426572,95.65529262309259,4.629376589437342,27.634793884922217,10.958754976613145,-2.442736872910559,9.667044960816611,-0.5158582789641635,12.408314125043526,2.4877973203121555,collector
TR_0628,urban,clear,3,5,2.0457900442995083,4391.118726501914,67.87280669620917,12,184.52389799039807,4,1,0.5999758701395147,0.7625957537079825,419.15667687738534,10.0,3.9565469952999175,22.928916523525107,0.5024848768966963,-1.259910783360608,4.842317943615287,7.779680078475422,14.050392433150463,16.36546788504933,sprinter
TR_0629,ice,clear,4,3,1.6360823422467266,3139.6241901325534,65.6734187936296,2,229.40663681407253,3,0,0.6212594274654042,0.8016525367462072,439.2704111250287,46.64809168508354,5.315915827594555,27.791282758588444,3.800949254442462,-8.8970854909907,11.145446289422308,0.5493128874770035,10.267819033855334,3.7052451980625882,explorer
TR_0630,desert,clear,2,2,1.3125025040079994,2395.489647754097,76.53421003877473,3,248.7004377324853,7,3,0.6489896285140803,0.7617459295622144,525.2833167946417,76.83994605557822,5.27413650741911,22.365877764414016,5.346551525645384,-5.897129917171176,9.651926388046295,0.997814182550666,7.337376129156012,4.802757399965298,collector
TR_0631,urban,clear,3,2,1.813620772322974,3331.0450348520308,83.33724629574812,5,252.41174589467101,10,7,0.634919317878891,0.8728718709131844,451.3311594443039,118.98407710951962,5.415654927620027,28.676663778820345,9.2987217761768,-8.25826886267204,8.399215114270422,3.772541306596996,9.526708977692213,6.810289585105184,collector
TR_0632,forest,windy,4,4,1.7243648437351118,3503.7285914332947,67.05795125748529,4,189.178391286482,9,1,0.5415712665508182,0.8728133600237169,409.46502460359824,97.14277064948524,3.87307315918043,27.41607307315385,6.258182274767341,-2.6176107614450252,11.809186188226434,7.177465661194711,11.605303371738538,4.660935593504791,collector
TR_0633,urban,fog,1,6,1.4403484331058782,3326.828851216587,60.688728189834016,1,295.2674256227626,6,3,0.5292961784475932,0.8255036174228318,471.77213825344694,118.58464678401876,6.467589348494372,27.567143796378705,6.307163945340954,-10.0,12.415370359015258,9.599112117115808,7.593263488787888,-0.49619520347295465,explorer
TR_0634,urban,clear,5,4,1.4729623172876267,3071.1464568001024,72.29071636828274,6,283.13871561927624,4,0,0.6735550690435587,0.8737806569519877,518.6826700743192,40.562079529667336,5.94225108552272,31.06485788889616,2.0535590252188882,-9.102767891350798,10.754777988772497,5.300840063681061,10.063031596592287,6.745408783733684,explorer
TR_0635,forest,clear,4,3,1.833968930416858,3476.4229690328552,67.60847554474812,6,172.60859879061292,2,0,0.4804789303667739,0.8091795208915064,447.25201471144123,28.853555817696346,4.149231506122748,22.910406686292102,2.4728127417855306,-4.849827496737121,7.926458522363925,2.7965392822729247,15.222582303924327,10.638767447603911,sprinter
TR_0636,ice,windy,2,5,1.6672962248757277,3550.378881980687,57.93635658788765,4,247.53252630479327,11,2,0.7152502804658154,0.763950118602286,408.50517932027566,85.33763427975168,5.959189835924143,31.397409594311362,8.413739681029034,-6.6152746415418955,10.226002633733696,8.845783310619634,8.457583309118654,3.424847925053232,explorer
TR_0637,forest,clear,3,3,1.4481426336680967,2837.1682968894324,75.29519239132988,3,173.44177939705295,9,6,0.5781241670704964,0.9010092421650099,507.0490137505713,56.2178695263526,3.1993418159235,29.426320788788285,4.451279025962893,-0.8819892542481167,11.785368242644807,8.522978475812645,9.100973691010141,6.232769991181938,collector
TR_0638,desert,clear,3,4,1.3958010252405884,2956.9270240135056,70.56507152496717,1,311.6155022344492,22,4,0.48461203367284866,0.7476707578304371,487.3220104692678,220.0,5.423623952421572,22.8189119452372,17.498987459278258,-10.0,12.871523365093395,7.944611232506116,8.152286620354044,-0.19041731421368646,collector
TR_0639,ice,clear,3,5,1.7121458153107185,3600.415185916358,68.4003137270289,4,234.85191648817417,2,0,0.4737687378820507,0.8276822186838624,438.3577646298004,17.060835059728163,4.25264945197739,24.452477502077706,0.9398514898218313,-8.874127919268055,9.66972776190045,6.375016603694078,14.628385063289002,3.88648387605193,sprinter
TR_0640,desert,windy,5,3,1.5924749276287617,3084.615960153493,72.47330950062512,4,249.12164355548802,3,0,0.42401549182311266,0.7095774011289772,511.9495742843325,35.160785517453334,5.435759646427893,24.954783789410406,1.2907974574006482,-6.5068720796295985,6.873144285473124,1.708236401005442,11.316779739803351,7.4853928632053295,sprinter
TR_0641,urban,windy,5,5,2.1041489379366896,4519.800880068442,52.72944119587236,6,240.85847839314786,2,0,0.36895454129260163,0.6680511125910591,412.27232866761426,16.565282630731797,3.8741881005023107,19.198036815520915,1.1692817405656835,-4.782764247448252,6.388991280291935,5.2557859640688545,17.702853839356163,9.4170729190745,sprinter
TR_0642,ice,windy,3,4,1.5684044006772346,3210.2370404197063,62.83435975441439,5,196.97322413784102,8,7,0.6376824584431281,0.8571633190780602,520.0709277145494,50.46839358431376,3.846809133214313,25.717514406244575,7.7757193311717465,1.1827867980679343,10.494869041700372,13.987933322060359,9.893265708191866,7.173153928745192,guardian
TR_0643,desert,windy,4,5,1.5334477242115954,3267.3177276400534,68.4541371367027,8,210.1087024167506,4,3,0.40529826108914,0.8532953034043926,503.89077058523077,10.0,3.5538916321747847,20.816486036391325,3.130230870224268,-2.4196917332645325,6.074967670324034,6.532434937029087,14.004915220002383,9.356479544853721,sprinter
TR_0644,desert,clear,1,6,1.4294479859956943,3271.514625050111,57.73227179147739,3,233.51468798206176,5,6,0.7680268119278465,0.7734179839460109,515.1309431388316,79.2950791648895,5.019993969869688,34.47144548966954,2.3668532525037524,-2.8565837875626805,10.540328759455942,16.572620689983488,6.876744988100173,5.398218249369323,explorer
TR_0645,urban,clear,4,4,1.3212044718684597,2689.1046651796632,60.182189385517326,10,231.33471659566598,6,4,0.6177440793040936,0.7990351915399595,613.5120357192777,12.212160305620571,3.2409003501302154,30.919608545574718,5.512943885470439,-6.677202818534511,6.690682348243331,4.485548619369085,6.947820824917107,9.519702293778057,collector
TR_0646,forest,clear,3,5,1.2764259349334095,2731.699050453239,56.595797369148364,1,176.13312329721103,1,5,0.5646825621776396,0.8266091976280074,535.6121285334864,37.237752113041296,4.582339161779444,28.285028201169013,0.7191395725565641,-1.4303587062617884,14.761450540868358,13.961015508847773,6.057869441351129,-1.6686617956158263,guardian
TR_0647,forest,clear,1,3,1.1700228567532154,2215.881158142219,73.59489366733628,1,169.22936896250457,7,2,0.5411773175109349,0.7507148162246305,520.0203543062441,76.88449417804188,2.6819287213558423,25.756940641546468,8.87033508781946,-1.1531617500235931,8.953023286817555,5.367035261538141,7.798965654448285,1.1685736716213513,collector
TR_0648,ice,clear,2,3,1.7761836952615782,3419.894036309375,67.08947328864674,6,197.6829361834646,11,2,0.6390215174765579,0.7921902464907419,380.7022145443641,81.39805179837704,5.023550165444389,26.255933041906005,7.828006102809796,-4.80416930361947,7.530930930347798,1.1563626594408478,15.724585736640114,7.749780405680362,collector
TR_0649,ice,windy,2,2,1.4439483294661393,2606.727692018348,73.27835575931452,6,170.97102905487998,7,2,0.6617813168680505,0.7830509466075715,473.75402108100303,40.769408847671826,5.164800051636622,30.332050857835597,5.115640989752833,-7.317818550007869,5.467554796500302,-0.5336887816480532,8.288037792460162,2.5551766074238715,explorer
TR_0650,desert,fog,5,3,1.5613911000865544,3069.0900487071613,82.24669481574989,4,308.65643469789643,6,4,0.6407023187696272,0.6812706705630002,525.8985748299182,81.29957351480016,4.169321717424473,29.02271986325584,6.5037916907785265,-8.26095339505419,6.423192452813425,6.585649440079946,12.517880409293722,1.5425259419535444,collector
TR_0651,forest,clear,4,4,1.2062805454777676,2561.8383961290265,68.66500818266013,4,305.29781131980394,12,0,0.6094279924232542,0.7994203097513422,566.7822907635872,152.64677745678352,7.289720255279282,30.589105655528385,7.922553729804653,-10.0,11.908135766925401,3.7786327031350546,9.026984560763868,3.9846833385607328,explorer
TR_0652,desert,fog,4,2,1.071173816999049,1944.0478762191335,56.69148947191135,4,177.63337086881947,4,7,0.5634763351863912,0.7257885410502153,722.0701211373662,26.175622752415155,2.4297882754317666,23.816626074903567,3.2456287613882497,-0.2807572678921373,13.656071121336513,5.514350169489337,6.262396806489329,4.934131221586494,guardian
TR_0653,desert,clear,2,2,1.8688015912911842,3406.7063473038224,76.68968436823562,8,230.63868364071809,1,2,0.49963259452118425,0.7678855612420675,415.4187324678465,10.0,3.7513406788601937,21.000574794581652,0.0009046914040914955,-6.344519655642374,6.983343547326078,1.846286788942288,13.370511296471475,9.802902165535372,sprinter
TR_0654,ice,clear,3,4,2.359528885631521,4765.223354286148,75.53140678142955,6,245.71859496776185,2,0,0.6586661175908518,0.794901781436022,368.1039813335421,10.0,3.790744501059087,29.4465368786445,3.1565679904547816,-7.053240251506379,7.679956190949935,-0.36843951182980694,17.358745307705526,7.380151253205275,sprinter
TR_0655,forest,windy,3,4,1.4196268033402202,2975.870039362681,70.88702297436433,5,233.67290839165997,9,1,0.6102380403557779,0.6454433295816489,467.93724344529204,61.791989487812145,2.3766306184645205,26.17844586519772,7.994053714193322,-10.0,7.072400000015782,3.9473020070218947,7.289118864962078,5.864533704461262,collector
TR_0656,forest,windy,5,2,1.4113484836216073,2506.0350275475002,65.55513315493342,4,183.83661085600144,3,3,0.45309653271413886,0.9421975338783548,536.8839192039204,13.599635647798742,4.548203187880613,26.981100463791076,1.548433643894462,-2.300794254978638,12.989505403355956,2.1302789815049517,10.502088581415144,6.909969796164072,guardian
TR_0657,urban,clear,5,2,1.5805477176005098,2803.024007617854,69.73292146049579,8,158.49665186058323,11,2,0.6497080089318321,0.8276217251968001,518.7123027006182,46.66228521802283,2.2211504171492633,21.96620789320731,7.651695982779721,2.1833470267256976,6.673626140461295,-0.6042510834096341,9.704315475344233,9.442495457077507,collector
TR_0658,forest,clear,2,3,1.7524963663901818,3436.015356188062,58.59921414363775,6,277.27110984424905,3,4,0.6675659587647017,0.8351298189759769,454.5088345552613,30.951500405826437,7.037039196647973,29.903432999350102,0.0,-10.0,9.700063225975956,4.491133119049056,9.289923878028937,7.34765805533604,explorer
TR_0659,ice,clear,4,3,1.35191505515883,2605.2872378256334,69.95900296226813,4,238.65065555821772,9,3,0.7327639492025461,0.8348252236499112,526.545028095363,90.3073209706989,4.542379884801203,31.457407605914213,7.9075037109120245,-2.7763091725046163,12.273575200085268,4.562372156082665,9.713946229025455,3.9918718038483014,collector
TR_0660,urban,clear,3,4,1.4851744752132696,3038.0350702126143,76.96023589011705,4,245.54636919540528,7,1,0.5412533433339376,0.9089631661362598,469.49251195343254,64.24032127314354,5.029564305814613,27.77290536786247,6.831512853285273,-6.977688462635112,11.911414935943844,7.93512068906686,9.806963106546075,3.8667646433935414,explorer
TR_0661,urban,clear,1,5,2.04256892767565,4440.873001511758,67.66231829494946,5,284.9809119567185,3,0,0.4331361297709068,0.7356939651186375,366.1554608516014,38.20283296081531,7.170818121258244,19.832866724249303,1.7917081205821794,-10.0,5.345601167086656,6.83103145377015,16.118427553107257,5.7369426481006105,sprinter
TR_0662,desert,clear,3,3,1.1193474396204421,2187.2066662115435,64.07079748557227,5,203.470810059675,0,5,0.49089762678529786,0.7812191298129078,578.4909176604048,10.0,3.5369713435576076,28.687050396039194,0.0,-4.9191972745478,11.626502126274591,3.9775161315127843,6.612262224769621,6.117083907922841,guardian
TR_0663,urban,clear,3,5,1.5456795966471082,3339.452895437311,53.516249451011724,3,211.61789189683947,3,5,0.5306922211325084,0.9568175602869976,467.5963985515895,53.722633172868306,4.800618986624883,31.583411837960796,0.0,-2.733592429544354,16.476243503464854,19.019541301202253,7.341625685216674,1.7597034984550046,guardian
TR_0664,urban,clear,1,5,2.0191410835447474,4297.873774915655,64.16707706391168,3,190.5600073495387,2,0,0.3901288754730573,0.8027859393656913,314.98596956622873,45.4942710807849,5.6539851748020755,20.608468785445847,0.0,-3.096402649785036,13.612503905439713,8.801878130865903,13.141561864784087,5.919003682420744,sprinter
TR_0665,urban,clear,3,4,1.448425126960536,2968.5770991260706,77.18260281104548,3,165.46818874618077,10,7,0.7125511173602158,0.8069951221001044,531.1468690438679,62.31343743642425,5.389721033037017,31.195586821998013,9.27965013044787,2.297747613341428,11.49388226459875,11.538033542166046,8.692295658516658,3.7596748616710536,collector
TR_0666,forest,clear,3,3,2.082662967961847,4050.1385490633675,67.30673255871191,3,296.31646071889713,6,1,0.4773364276475667,0.7392803274248632,368.14592839667836,87.86127224726316,5.175253779746799,23.05716364761374,4.968237632921704,-9.498511021668435,8.12121379872481,-0.6290922247108379,13.673141753328387,5.7475288188967095,explorer
TR_0667,desert,windy,4,5,1.6851026442414843,3634.681894817532,55.32452005215734,5,253.00265398018024,6,4,0.7166291374619319,0.8420470168686405,487.2039498861052,65.94786010006122,3.0732670010602954,32.62487395763919,4.74185763610689,0.0495079935096614,9.345306736031054,11.37883662000834,10.755625703108635,8.529375744216702,explorer
TR_0668,urban,clear,1,5,1.4600791572509593,3134.8431906840697,49.51712914235557,0,235.806728370236,2,2,0.5075737706252555,0.9358415147917758,396.8175016115531,66.6666904981383,5.766128267770098,23.969359307675074,0.11568856467318356,-9.291733772951524,19.100529949205324,13.212549510130465,8.421824645500317,-2.871410943598064,guardian
TR_0669,forest,windy,4,2,1.5588189539538213,2878.5021864233413,66.30293967684764,5,288.84186679468786,3,0,0.648552039908979,0.8851460713868934,533.0166372881316,45.33000022865785,4.897189601885419,33.020967320546745,0.7565298775331677,-9.949752880966983,9.343164030144267,-5.323583573586662,9.983900749287208,3.829096115668015,explorer
TR_0670,urban,clear,4,5,1.3493409644364316,2882.5521732644092,59.457574181741506,6,171.19208465310874,3,5,0.6100584746418257,0.913818060751098,604.0165007249503,10.0,3.811938304910973,25.16484654407282,1.8387847574082585,0.23541626155130513,11.124682128760504,15.572062768898856,9.488357031456102,5.725014732216483,guardian
TR_0671,forest,clear,1,4,1.8044229117891175,3629.708273556785,59.99767439806541,8,215.8272958218221,3,1,0.42532456822647613,0.7023289098376667,430.548330317652,17.80926492896259,3.6058392717365613,21.006891676201008,0.0,-8.657017104813956,8.561515513917662,5.803576032400752,13.050096904462537,11.180759481553299,sprinter
TR_0672,desert,clear,1,3,1.4999402750878346,2872.1537013316884,77.59001856031166,6,242.787953135482,8,1,0.5100828785038196,0.8016883343880732,409.2995242528955,79.31372494459096,5.940012332282979,26.04587570505459,6.860334749280506,-10.0,8.70659269121797,0.3721534418907365,11.051979724380812,7.6009307330866305,explorer
TR_0673,urban,windy,1,5,1.480013574563658,3258.770713085151,70.62778257693809,3,269.08516661514153,14,1,0.5491923982385211,0.85108687902454,429.25189714214247,151.05238056789207,4.849446000221067,26.570989746479988,13.649794413448864,-7.342570023090821,10.516638861347605,6.4569778580651676,9.627213715874662,0.739881491775825,collector
TR_0674,forest,clear,4,4,1.6751488272590713,3474.8499974131346,73.19815860185987,3,230.7583393198648,11,6,0.6327584983838525,0.9087493285317005,462.96165738511615,118.55745517336901,2.719306501514787,28.373185919229694,9.194732166493138,-1.7855952886573072,12.130662124222999,9.270743029782555,11.392919325725838,2.632760428985585,collector
TR_0675,desert,clear,2,3,1.5344686793570013,2992.382518698243,84.76247726224655,6,247.88574397972823,12,3,0.5176833617129006,0.8052953598570759,473.5794709105356,88.37434639802014,4.691848423300286,26.774856380662015,11.400729945237147,-3.26105987714555,5.889084623573154,2.3174853778233357,9.793899040379735,5.466143433231416,collector
TR_0676,urban,clear,4,5,1.6924277155712042,3692.6627914593196,50.527860118242536,4,242.4160027621914,6,2,0.6169386453907939,0.8753502601017629,441.9509036972271,66.05509504079404,4.516906266947714,30.044495282743902,2.745301982082978,-7.411039033352952,12.483876768065075,9.522498743180767,11.672010759517763,1.9350750176650862,explorer
TR_0677,forest,clear,1,6,1.2260257196043578,2802.0797879011543,75.97121428098684,5,240.37964474705606,14,2,0.5963573091052603,0.8792767871093254,492.10478638107077,120.27484204682628,6.708409720220098,25.76516068321466,10.334762656911614,-5.808512206431264,10.995677575876892,8.436425336032647,8.184220969342116,3.968849161306303,collector
TR_0678,urban,fog,5,2,1.754617545319421,3289.425466437422,66.12291450751674,5,270.86684038146336,1,4,0.5235076808812326,0.7943155006419931,503.9342987941024,10.562833785025163,5.251945957758531,24.532222317898,0.6654759730957253,-4.288740004922682,7.2813983037516605,1.8500027440188072,12.212296517179146,4.422171850422237,explorer
TR_0679,forest,clear,1,4,1.6505435551163212,3411.9940395437307,64.17321708370174,3,252.12085692713936,8,2,0.7726817380842254,0.8143049083556116,367.2323404838154,79.80820437886007,4.619734934992349,32.35592943168882,5.632825697714421,-7.21640340845661,12.937461939968955,5.777204339384287,8.591441551852405,2.677767816473982,explorer
TR_0680,desert,clear,2,5,1.027598382364846,2188.8123473060773,64.78903257540046,1,162.26844357089757,1,8,0.4702203734827969,0.9121995756413285,652.0925042175328,10.0,4.413682012739948,26.475509479440014,0.0,0.4944353430781117,18.624640120068133,20.50601198875633,7.046167876450909,0.5835344879088044,guardian
TR_0681,desert,clear,1,2,1.3388106506069741,2458.4271462013476,75.28015580409043,6,222.75321815066548,8,5,0.5886551542889003,0.8075074461571696,562.1832716577379,45.85947162968303,4.204851468830197,29.673743454676643,6.523876539248464,-2.1588212803219324,9.602840556359002,-1.5868833253367012,6.573212040123425,4.805418461193509,collector
TR_0682,forest,clear,5,5,1.3376357185044903,2774.782374199724,68.17665886866669,8,213.7171402281489,8,3,0.5978837118825094,0.7187536106857755,604.2810179270679,29.912541531525463,3.7881297635004407,25.308290888626473,4.213208319015338,-2.4765068810477864,4.545849421121229,6.226449639146429,10.995256499413255,8.90542655568704,collector
TR_0683,desert,clear,1,3,1.090600138282732,2154.4423403676474,49.050166457064044,4,255.48727550355437,6,5,0.546123200307692,0.8756493478714844,603.7657902335803,87.1757230938492,5.824984801812524,30.037043811336243,2.250929781098918,-6.628202382919836,11.254659320437725,6.093662054538399,5.6342425427616964,5.995893872215962,guardian
TR_0684,desert,fog,2,6,1.5633356330098929,3554.2088994311293,65.6795452158361,3,216.64290212094858,4,5,0.5298661108464555,0.7696671393766298,495.6610248822974,56.651806069788364,5.3066453209500875,25.882742464030937,1.2979468544418025,-3.9357497065341343,11.01733856600996,12.111448466256224,8.38481282607156,3.7173355640636316,explorer
TR_0685,urban,clear,3,4,1.335865288624763,2717.2615084530344,67.63774224450802,1,181.8953291068901,5,5,0.4163841922442321,0.9317244973179951,490.924268909689,51.412036496651744,3.982333571959301,22.951301879445733,2.841435846863554,-0.8309567780950542,17.120033318085262,14.665981413553865,5.543939765908391,0.7372004427948643,guardian
TR_0686,ice,clear,3,4,2.1702421813234003,4348.937807856266,53.584396010623195,6,260.57378073296917,2,0,0.43132408626074686,0.913347274952856,373.0637947267486,22.309698138642272,4.6000793143197125,23.298062387955962,3.5337034936277307,-7.447161765269731,9.867511966464594,3.800244971374023,20.805101794808294,9.712077317830751,sprinter
TR_0687,ice,clear,2,4,1.7172969356466816,3459.5616204234093,67.6995373264288,6,208.73394484447869,9,2,0.5548446765344484,0.8037916120913623,390.3245996710684,86.87736393404253,6.326162510161666,24.435616612484758,8.27464326179767,-4.90795098072055,8.527512181867515,6.385781213933088,9.139048114077031,7.647810183369997,collector
TR_0688,forest,clear,3,4,1.4834361321730625,3046.059592259326,70.19484023810806,4,197.83660384572462,9,6,0.5172121411824896,0.9849998163360181,524.6577493446385,66.51657782840594,4.6372979924477065,26.13931275761963,5.964000616313363,0.8450721397072956,11.358672217131126,13.85598525023257,9.721253055800966,5.248233571179826,collector
TR_0689,forest,windy,3,6,1.3925334600031591,3234.6730105482497,62.15139622692301,5,263.77748485428805,7,2,0.574674003110591,0.8411160329619901,534.1436302174795,99.71185873487781,5.959575297314004,27.848622802404243,4.863316351169713,-10.0,10.050395613771341,9.656513536383738,10.622993165504163,2.2680097913433683,explorer
TR_0690,forest,clear,1,2,1.7545062093508372,3111.4819914308896,61.058584950001766,7,202.03365711610104,3,2,0.5060713087582197,0.8510225382664023,412.81267486353704,17.075408851252707,3.4785026678962496,25.105088055332526,2.984653675089041,-7.443414121649671,8.663979808251037,-1.0421603803761381,13.7784510766087,10.473214720363622,sprinter
TR_0691,desert,clear,3,6,1.0431179557254482,2418.5228854569646,71.02563701771916,5,211.5869876181261,1,5,0.5512447960788368,0.9328182092631565,665.6252112515094,10.0,3.982845199143463,26.818454559808874,0.0,-4.877195406234335,13.477950998375283,16.77072791922771,5.686122525660073,8.885518815514542,guardian
TR_0692,urban,windy,5,6,1.3336931567082806,2950.299036090463,82.1298756061471,6,186.31052976705027,17,6,0.5787044222912262,0.7624270298783262,635.1910617355633,112.37201557368056,4.834848204631775,24.253763994636742,14.41004148383861,-0.5062500512758039,7.580350959122201,14.951527990192996,9.051484298652275,5.749896252733719,collector
TR_0693,forest,clear,2,5,1.5316655862945878,3290.636168061187,76.24103517040939,4,217.66205833948553,8,4,0.43392926752399674,0.8078443203858436,440.4994825543794,64.8300246166924,5.128797481206645,25.44184326224007,6.582975542180782,-1.2823417231870382,10.964362874538173,9.253963932721469,11.142618909195704,3.8892476677981307,collector
TR_0694,forest,clear,3,3,1.2172859011007358,2340.458141086367,60.77157464479438,4,159.07604914975977,3,4,0.47840884731727285,0.85983324227046,572.2883376864665,10.0,3.770435433092059,25.94413340915979,1.2520481446977696,-1.2390598533007002,12.090420545513753,11.236720690166118,6.367776235244229,1.0447008439992733,guardian
TR_0695,urban,windy,5,2,1.2553196228097625,2250.1828832503475,56.562243960748134,5,151.51609842782065,2,5,0.5933369188350828,0.9221181592895826,585.1624158811414,10.776061267393661,5.018149790686682,28.849483268780652,0.34464216910461953,0.6477879378396248,14.758775155137304,6.407021096470036,8.412177603999176,6.089602103806629,guardian
TR_0696,forest,clear,1,4,1.4070794404254188,2891.431854463114,70.66853573463783,2,231.99369556258208,7,1,0.43661827040252443,0.7838000406533214,442.5580290653864,78.85150175197396,5.412646708274188,25.75703663112211,4.646509623814988,-7.829813970826597,13.189535563719845,5.386141582031479,11.53906261641208,4.659662287702224,sprinter
TR_0697,urban,windy,1,3,1.8697681566294118,3575.4288809481277,65.69128498966738,5,191.08626194514997,1,0,0.3882425953251417,0.6709686577670353,378.4196140320926,10.0,4.102635640986858,19.680186114429187,0.0,-4.911547338676618,7.919144125086576,2.0584826819446183,13.50827851189803,5.733861970799239,sprinter
TR_0698,urban,windy,1,2,1.8102645032323637,3277.4846967518693,68.09780480409867,5,230.16973253462072,3,0,0.4677050738519163,0.7118498958844615,396.543932114189,40.2560222749916,3.11951324156822,20.40111071514699,2.099798843414843,-7.742622521561039,7.8446033644376065,-2.069107033339858,13.674251414723077,8.819134659478866,sprinter
TR_0699,desert,fog,4,2,1.465107730386623,2701.5012861467703,88.5642208490755,3,202.68506696092854,13,5,0.5436647289084412,0.8414958491062449,544.7378697960769,116.35549197059188,2.889561407979808,24.773894570469952,8.366829481152413,-0.1894247633758892,10.945874887388413,4.407862451819758,7.340890558800271,3.441524058830114,collector
TR_0700,ice,clear,2,3,1.6094193259566658,3085.473833005635,58.78237716127494,6,222.7511897634402,2,3,0.4649462753266862,0.9239230690347242,424.1043982135701,31.993682145350405,4.0070972017341075,25.144134791822975,0.7721107612365226,-8.467994343913652,12.317693072720866,5.543730652091375,8.664946597839467,6.863201458638466,guardian
TR_0701,desert,clear,4,4,0.9783067052106249,2027.0047027709766,77.47130206937537,5,230.96797982400955,11,1,0.5105988695430147,0.7355094014637604,700.762308632161,91.99399011653165,6.547378692007213,24.038265964380578,9.961154611154173,-2.512217123125019,9.159506579353543,6.199785216042723,8.118826998553557,2.0388913569572282,collector
TR_0702,urban,clear,3,2,1.56589997894371,2911.5946141643562,47.467528700702054,3,193.07006794668249,2,1,0.4223142787039438,0.7048471314770919,484.6916548828174,56.571870032537305,3.2860544177356488,20.295435911970223,2.2425328413607395,-6.88736144524483,5.5650171849799275,1.1468245987288264,10.025933637919703,8.461114893773832,sprinter
TR_0703,desert,clear,1,4,1.4127422585911005,2880.1870205808013,73.2050008202379,5,201.7764292727864,6,5,0.598290676983753,0.8152324663490936,504.6084661727168,16.120124987620837,4.018341009009793,27.695993521636005,5.20674440165604,-1.0060392382044592,9.58048525216346,8.335855803345858,8.272460712568096,3.4239055240987213,collector
TR_0704,forest,clear,1,5,1.771529896459841,3743.7956864578946,60.033126790020475,5,187.81780357076704,5,1,0.6232097575468418,0.7742568106010359,332.55638622102185,46.833092652007124,2.3197693329592894,25.93522273515759,3.779837371103241,-3.2345439159825857,7.68732772028614,5.284850545469359,12.466388289185222,8.619190385999495,sprinter
TR_0705,forest,clear,3,6,1.9892183519377264,4440.381279442018,70.1001563159263,6,188.1732732316596,2,1,0.4479959480286893,0.7691053169516284,381.74144105867884,12.195956876754405,4.824032351583819,22.734802323595645,1.8961777612480155,-6.2148584827325335,6.580596725195973,16.469464325363173,14.44818295296903,7.190230815651914,sprinter
TR_0706,urban,clear,4,5,1.5191904375158656,3342.797574045557,68.02182822742475,5,275.3636140354361,8,4,0.4969682350423548,0.8619390592678391,497.52841235101664,92.90150858210096,5.331778691467913,27.781797862202655,4.163815849144755,-3.4163921075352737,12.125311771419039,7.548795362855162,7.349981615212222,5.914316747795058,explorer
TR_0707,urban,windy,1,5,1.4638735323078935,3145.2563670044156,57.1933597416891,6,162.77190462884957,6,5,0.4002315848469326,0.9011545950306943,485.3533633437662,16.171206397440326,5.318163543119886,20.932257969200517,3.1447717603972998,-1.2258179224037427,12.762619271934488,15.28045919313472,8.937561933443927,6.5844148500652535,guardian
TR_0708,forest,clear,4,2,1.4035893135024122,2508.384379108416,77.23902397189606,10,179.9575469013771,15,6,0.5978155406893525,0.8128884473274832,620.7243805166848,48.435368491312836,4.347898154032792,26.977151705135768,12.933827452084747,0.6114461817864654,4.541033755263981,-2.3415285792657903,9.595259916777925,15.079154778399275,collector
TR_0709,urban,clear,2,2,1.354398047015107,2560.2406609115387,65.33366886754787,4,255.51673321155835,3,4,0.48298483531518627,0.9677459070524566,540.3914048984234,66.06227415394476,4.4168083334805,26.983365858236393,0.0,-7.992901680562257,14.119440291649772,1.0788834095552586,6.707485014597668,3.1693524199365477,guardian
TR_0710,forest,clear,4,4,2.0291841343644728,4108.498499356371,52.83764792370843,6,246.94067465910402,7,1,0.7093462808134011,0.7689052776292861,396.8063754473079,63.322460471951125,5.369540553081746,29.941142025313617,5.31467211908264,-5.338963040342112,7.997943698210862,6.385638871014059,14.213683095626667,9.0885103901319,explorer
TR_0711,urban,clear,4,6,1.7279731639160794,3938.7559610343574,59.96948681908789,9,198.38144361160192,2,1,0.5189613041942858,0.8007918702664003,444.292446623455,10.0,4.793601242761912,26.57384475911781,3.6321052712649595,-5.942729590608328,3.4872886505726615,11.54996090517301,15.921511295501993,11.971176405002975,sprinter
TR_0712,urban,clear,4,6,1.2718244148148605,2833.156474420692,68.30306742912643,5,201.54380846689187,14,5,0.46708015874657793,0.8179179061951478,592.310159075147,105.44926443879478,3.189965830281367,23.83627221536768,13.371984902633878,-0.08437148851850207,11.602238848707595,15.858874053320465,8.80305647436604,5.5535162990315365,collector
TR_0713,desert,clear,4,4,1.1687326794711124,2410.446355894623,76.76909669675308,2,184.03094764021444,13,4,0.5685569114967107,0.8612104824411694,636.0814402777004,106.33235216619607,5.071753794935054,30.24284647669562,12.234220222868533,-0.333338935263811,13.219313046657998,10.010931406637658,7.878515150363286,2.4269220751740748,collector
TR_0714,ice,clear,4,4,1.498407425326963,3099.467830815023,69.1750153710183,3,226.04346982918392,6,3,0.6482836344067922,0.8521656166411414,494.94679629167877,44.46165239688932,5.17045214268601,32.23401722265207,3.739700874833929,-4.675087107579273,14.192564562075633,9.400884944300449,9.994875959547356,1.8051571942096565,explorer
TR_0715,urban,fog,3,6,1.4225469302391542,3168.2368539148024,67.73692536493168,4,146.16307657328412,2,4,0.34178466549824804,0.799747079512422,532.4548869577352,10.0,1.3876888609907594,21.933924828378768,2.444071177575209,-1.9984182958230545,10.78884858587504,15.160137354913722,8.968633616456446,6.316863542298395,guardian
TR_0716,desert,windy,2,5,1.384764960414554,3078.0508693287547,77.93797950520182,1,215.8991201076545,11,3,0.550867293219728,0.7803664374668218,459.68195619886114,118.19212983256705,4.738206053546205,24.3970810686524,8.20407242859939,-3.371705056606483,11.48862855290978,10.041429206747766,8.607855412681365,1.443930244975794,collector
TR_0717,forest,windy,3,2,1.227205585027527,2296.3448347766475,65.91754069420153,4,234.20843303985902,2,5,0.46418837070409846,0.8342445725751529,564.4015523282127,24.642347521894727,4.842454648202747,26.278360811938782,3.9914969954486152,-2.9846722814776285,8.866034146671549,2.610871210669068,8.863996197615712,8.040706475326063,collector
TR_0718,ice,clear,4,3,2.0772939552237535,3918.161454770802,75.67361250009108,5,234.45334200905125,4,6,0.6296778866815872,0.8336709479859897,404.9385040700683,35.49363114521989,4.5563927330251435,29.1881809581032,4.1955722434603695,-6.169009948458132,12.711752534358187,4.423374624286366,13.929112094057176,7.361255235535635,explorer
TR_0719,forest,clear,2,5,1.5099242829145156,3333.3412363120187,61.960259695875635,1,224.74107574908444,7,4,0.6140495281550791,0.8477776049204316,426.97566689248197,73.13206173710682,4.771591462918255,34.48671609562732,6.631361559359492,-4.919184073512915,12.345346578006048,12.203771140950337,7.24245058205387,-1.1091427100295603,explorer
TR_0720,desert,windy,2,3,1.7187695530563707,3315.3440355796056,60.46704521593824,5,223.66750989643754,4,2,0.6029911940285057,0.7442237080788476,388.6416517156846,42.67962995559159,5.219455456384624,25.649553327128288,1.2194658242528635,-4.203325710425661,3.9889308593193755,3.508150711260571,12.456908826945364,10.107750526528672,sprinter
TR_0721,forest,clear,2,4,1.1602929897933891,2418.884513450584,61.14779173760239,5,263.7407973897121,4,3,0.6164594489160667,0.9156034824511375,565.2520909793604,68.82401827699454,6.323652527195922,29.111229348513184,3.7978037059836787,-9.457274444504279,9.429829444197741,5.246988152113182,5.5801106244837815,4.645865633103375,explorer
TR_0722,forest,windy,3,5,1.5249596320502652,3245.172410396446,56.57513345540894,5,191.25925932506132,3,7,0.4843934371696275,0.8704897163288197,506.6444095791755,38.00402705364499,6.068474536352105,23.368136598497244,0.0,-1.2718958304962027,12.58197144625784,16.170052989641196,9.711115004494914,5.715344947203132,guardian
TR_0723,forest,clear,2,4,1.931829157825967,3930.7242258891642,61.46019790271481,7,256.624112590202,6,1,0.5454903742591485,0.7983828872247622,407.9385089016354,70.48986420012488,4.756694773438934,27.59115130023195,5.18796317515743,-5.188654472553409,5.8731769387498485,5.242495488384677,10.189474604137219,3.7864556449769826,explorer
TR_0724,forest,windy,4,2,1.9920795724660085,3649.0413854510102,69.6672714481327,2,247.1195468438193,0,1,0.4709484464645733,0.7481574723919024,424.6417079462303,44.84207191449274,5.994452335582859,26.558036654843242,0.0,-6.4509990000092055,11.776923645891241,0.542157886865509,13.00936570490435,3.435118920887904,sprinter
TR_0725,urban,fog,1,4,2.1997115700200744,4436.012028969606,62.522416794290564,8,253.71139700393198,2,2,0.4610716048733164,0.8063453092669437,355.52366501005963,10.0,4.906508039577263,23.232699412513767,0.409178414444462,-4.9097660683676745,6.102939839661743,1.3541114568961758,16.183734513233915,10.650843178378823,sprinter
TR_0726,forest,clear,3,3,1.4135502859049034,2788.747656936529,75.51130818572061,7,276.1556753454267,3,2,0.6200989968744274,0.9091772848438937,512.8279203834761,12.188856325254982,5.4558738406930845,29.383514340766375,0.17181751681294388,-6.914908355753097,11.297578979629224,1.546188073542706,6.84635354224209,5.689751585992653,explorer
TR_0727,forest,clear,3,6,1.5768735172490906,3564.4855669005397,64.87989881993308,6,224.74260168873144,6,0,0.4026768744046206,0.8030461176278737,472.34922007617905,60.25356393805783,2.7684871913497293,25.478028696226904,1.9896727578881253,-6.655139222087764,8.419238094322726,10.604835846496952,12.945157807346039,6.702378515845025,sprinter
TR_0728,forest,clear,3,5,1.449051624219885,3119.826906728806,53.73765944055044,5,191.89086363255797,2,7,0.6097126778875475,0.858924373774493,534.1448745423685,10.0,3.479869534834445,30.62568136230734,0.0,-0.9185642870455313,13.518011479144834,13.770438488127951,9.349991261128883,3.0996024038441337,guardian
TR_0729,ice,clear,3,5,1.8444792751982626,3922.028330983233,68.78706681225621,2,249.83487732026455,21,4,0.5949712486972318,0.9087891356167868,448.49150525330964,203.73660838089302,4.465521251551351,34.290170760957345,17.18158252400865,-4.150521766932442,14.53353829406154,12.513836997950289,11.263341923773343,2.533620961485097,collector
TR_0730,urban,clear,2,3,1.5695162991562333,2993.01732002362,55.79852681371803,0,177.89835446284877,1,6,0.5878449083427444,0.826766374739267,410.0248438987119,59.93119567380268,3.685894180676362,29.051567652422577,1.175397345744219,-2.5520575468684465,14.273289108699668,11.888679967188061,9.80246869930478,-0.6133365406537119,guardian
TR_0731,forest,windy,5,5,1.644495910027358,3565.9799068090038,78.15305877961568,1,312.90257582361653,8,2,0.7708192071701329,0.8242376007932045,489.65148790150647,122.80694171454373,4.5896701626353344,32.08694689913437,4.23237006882775,-8.455819527248359,13.086808764412064,13.38200667213124,14.384222115179831,1.2306369325470599,explorer
TR_0732,ice,clear,1,2,2.187483521042825,3926.097676527743,75.20559407282552,8,219.20603705213298,3,0,0.40676800672460633,0.759826725275313,310.37280421075246,10.0,1.9684936957927976,19.360374886779596,0.9320192985308088,-5.755560906400019,4.757987890870021,-4.875445337399685,17.328369743726032,6.178384185015755,sprinter
TR_0733,desert,fog,2,6,1.3260284749334668,3014.923211069584,59.20326974539568,4,191.509447661698,1,2,0.5297234980093615,0.6774863964217975,476.11375551069693,39.6095919389752,2.5556755386480297,24.33780632053781,0.0,-2.937173273887867,9.405991169922023,13.583326216224583,9.792840230597175,5.104373832633068,sprinter
TR_0734,urban,clear,1,6,1.6047428156072414,3645.6391681108435,62.978431508915946,6,229.79026912371026,2,0,0.580432707162675,0.9076522179987663,363.18835507742824,47.434057042228886,5.172832444135845,28.020024950935568,0.0,-7.397930597680001,9.940529530134354,6.94734816958048,13.74945772271986,4.4486791743489755,explorer
TR_0735,ice,clear,2,4,1.1501125990746335,2371.445937220253,81.48251361570479,2,242.0994686913599,11,8,0.544299111219529,0.8479781642670939,629.3619864185172,82.5381070161819,6.262825913591914,27.209089440904663,8.967670809027666,-6.024737671155373,11.647358806885391,9.931797636171716,6.441003536381972,1.0569318211377616,collector
TR_0736,urban,clear,4,2,1.4451877999158742,2641.506319216944,58.55375144957091,3,221.83654769216864,4,3,0.47982819186083053,0.9217830672049215,514.0982934414181,73.48213008085449,4.016868157325557,25.059213207922095,3.172726885311411,-7.024417054402255,15.254783889255055,4.519178565190474,8.380679705216714,3.3211729026763317,guardian
TR_0737,desert,windy,2,4,1.0861315381858119,2241.8380974509973,55.65224332480053,3,217.43932336552953,7,4,0.5682537457459064,0.8671416367646544,612.7339754215336,51.26894547372852,5.545471807294058,29.432103229430535,4.183121954774066,-2.265048877615555,15.795643237109594,12.579957704313463,3.973372906125785,1.974217122567995,guardian
TR_0738,forest,windy,3,5,1.5424242011283014,3312.2731190737195,60.3001398623469,5,223.7957318129327,5,2,0.4826275651775361,0.7207422938846086,509.035840710247,39.8845067859387,4.697830527416991,23.90509971330845,4.820136380316242,-5.2265530694120335,6.310286526342589,10.338267282672481,12.939366697725719,13.503291501422279,sprinter
TR_0739,forest,clear,2,4,1.3525868315508545,2813.9392147183635,66.8974401211284,3,223.845135008643,9,0,0.6667797271281315,0.7995944801582355,473.0055334696391,94.36428792293907,6.40237366536083,33.30956465504846,8.974755247114699,-8.760031977159084,14.971230399370182,5.579884770135068,7.127738625748379,2.6138716492370087,explorer
TR_0740,ice,clear,4,4,1.7383728597683228,3508.8768160866625,71.42102105987195,5,252.60383193789596,11,2,0.5771470307897077,0.8508814753180988,451.89792861504003,103.33732834295725,3.7048681548830924,25.67244285361889,11.10948788391323,-3.862783903318335,7.764958892424138,6.063349054020433,13.904376213445286,10.209464111368785,collector
TR_0741,forest,windy,1,4,1.573686848896208,3238.188489030868,69.39873380784925,2,236.47630638045374,2,3,0.5672245120669782,0.8190200976913706,459.2047471722701,29.024654782725293,4.388069561809353,26.486428565530005,0.9586044683791834,-5.656690099425605,11.23626128753637,7.254077404624234,10.409783961226108,0.11033895396183935,explorer
TR_0742,urban,clear,3,2,1.6887343335230245,3094.0338867222617,73.46314683339928,3,236.46298293180732,3,2,0.6562632874340236,0.8790613044777297,429.1930813749843,41.472547049437466,3.9986499899217893,31.91455796916267,2.8485037889186375,-6.903798087794101,10.116970916627253,2.647876254910458,10.901027806942276,2.725947997731105,explorer
TR_0743,forest,clear,3,2,1.4604894036594205,2699.647098260236,81.24730986292454,2,234.68155344634616,12,3,0.5110919649326134,0.8244441754494014,457.78391213441614,115.92080858388779,4.080773295766392,24.32293844594758,11.376369582854032,-6.590866797158623,9.081596241435246,3.115310233031062,9.85114791480778,0.23106716245516168,collector
TR_0744,urban,clear,4,2,1.7217824318152102,3102.947359327435,51.300558446729966,5,232.83625517786575,2,4,0.37915444131959797,0.7194947186985055,516.6231002798321,14.011318508546367,4.574944558649417,22.391158646868803,0.5593985508891872,-8.121841047159247,5.664295624981651,-0.7801057531848452,13.058740236461478,5.439086532357002,sprinter
TR_0745,forest,windy,2,4,1.46749442604863,2987.360585101365,71.45816505348698,3,232.23551145711247,15,8,0.7283320091409575,0.708350064956088,485.19199578155036,126.88899620231876,4.421838586835811,29.025886498032136,12.36628146562672,-1.853590704742966,5.590787961437755,9.734340051333964,9.8409357214877,3.8157343963186445,collector
TR_0746,urban,clear,5,2,1.3675646519434947,2456.625748946445,72.94650693123266,2,165.66779119977463,9,6,0.503131694887185,0.7874668103748659,563.7950831349831,102.01815434608281,3.2639778594202635,25.459271116665104,5.563808001270633,-2.464416906733005,12.049539284508084,10.022909021195645,8.931359691781715,3.7049721953542223,collector
TR_0747,urban,clear,3,3,1.4457235264777388,2818.208912038629,77.40097870567527,2,211.21721131455527,14,10,0.6543368405607901,0.9183937360880171,545.7879348899517,142.79367724677948,4.405171994656796,28.37607786160781,12.783203662238707,4.526308009634885,12.99063523440235,12.058084347525977,4.37310195751949,3.973807084533785,collector
TR_0748,desert,fog,4,3,1.3832106723043087,2610.49907188785,56.34275970812132,9,199.53576027989348,4,4,0.6533701923351516,0.7081528405688564,562.933786599603,10.0,4.74432061541633,26.393886470247764,5.092322869286603,-6.598347660701338,6.847651973677377,0.9419008282388752,9.069687337959003,10.773043128298006,explorer
TR_0749,forest,clear,1,3,1.3576301454858732,2630.1081031823824,62.656551352055416,2,210.15975873573223,3,3,0.541365000542064,0.8675086782161083,520.1910631772357,32.91876806855431,3.698185169570672,27.196752378355644,2.6571762838059687,-4.118052083753201,11.238527050067352,10.194939286419997,9.024844850581175,1.2898519036681475,guardian
TR_0750,urban,clear,1,4,1.4570102228066002,2942.5259373376593,66.40608043023714,4,177.52038632988007,2,4,0.46144654807931546,0.8620691294646932,445.06410278358413,18.925032911476563,4.210904336851355,24.699476824964627,0.0,-0.30704806512429883,12.02916084461296,10.111810476469408,7.53805911321024,6.029696094650081,guardian
TR_0751,urban,windy,3,5,1.3044613951861168,2842.4192503880786,52.58490215278755,2,198.77505865507445,2,3,0.49288418849189536,0.8499684752004595,525.7350300377141,49.30849625336828,3.068228920367491,25.568950965301184,0.886096277361438,-3.0388806845591176,14.735034176000186,12.760913226460453,9.852386420754668,3.539582627754908,guardian
TR_0752,urban,clear,3,2,1.7022723474210335,3161.2416917707337,64.0559409649602,7,246.73787173915736,6,0,0.5589275776595342,0.9551249318892503,460.8999344221953,47.19720624627293,6.0939236924962055,27.53679080719662,3.6968543143357744,-8.71752741919748,11.288832144366305,0.1969703708907602,12.367340299488658,6.507159013273567,explorer
TR_0753,forest,clear,2,3,1.473562988412324,2835.727663080731,65.46538814208246,5,233.2877328819872,9,2,0.5608703081275773,0.711847888539979,483.4697394183438,81.7665548403363,4.469111546707892,23.287200069395993,5.740032983732375,-4.477637582765125,7.899475483508449,3.269082617447382,5.7358941735049624,3.5331315636660277,explorer
TR_0754,desert,clear,3,3,1.7659459220458502,3350.4273380113214,61.970167301135355,11,190.26783878407366,6,2,0.4362490934774433,0.8354356069592714,451.5766367676869,10.0,4.3646845799616525,21.402958571952013,3.7127956852251134,0.04370193533960423,4.830757971076514,-0.8102158669585346,13.975268135979228,14.347804631343282,sprinter
TR_0755,ice,fog,1,4,2.006010245452152,4079.900504751962,67.88264997568676,7,204.47060742834108,2,1,0.6042668761057717,0.7494546233669751,357.6547829556019,10.0,2.271268709576524,28.674467477283358,1.6635529355613956,-6.096451320089734,4.3790224751823645,4.028851963363191,14.92137211487824,9.058109365174275,sprinter
TR_0756,urban,clear,4,3,1.4584175546466418,2808.527176310659,60.22705993849342,4,221.56585747404694,2,4,0.6255882011326386,0.8596070740209947,537.27316770277,33.81378054306404,3.0116811689026832,30.908677952469354,0.0,-5.199247801274669,14.5434156983978,6.805755774068252,10.998480001591938,7.585652843786782,guardian
TR_0757,ice,clear,5,6,2.1894351298752337,4894.054223821792,57.80674709497217,11,221.8508649530937,5,1,0.5064197369597865,0.8365220523998268,431.51149171239575,10.0,4.315289316493131,27.137798570797266,1.9896671390450658,-1.7043942789967124,6.6659669366619845,4.917039756810841,17.384522844063326,12.684522269568323,sprinter
TR_0758,desert,fog,1,2,0.9892992796035779,1885.3006147671415,58.05169478318816,1,227.70580762783325,2,8,0.6215894183165597,0.8223158558407878,707.5279346925345,51.890478207929014,3.1106427735653757,27.14523487656708,2.0846817982489294,-4.049102162493313,15.650275234204301,5.646228405237809,2.953849909499087,0.3637974656052362,guardian
TR_0759,urban,clear,2,5,1.4778322524139231,3194.8482710510684,78.16444554443368,3,261.57662243561805,10,1,0.49333835846422125,0.8326210366799487,431.0093912496409,112.66107643734045,5.345946347283701,25.090275567324706,7.7966663309282795,-10.0,12.048771686619638,9.388303627383008,11.64485835737856,1.99967424126396,collector
TR_0760,desert,fog,3,2,1.8278464043536955,3335.2025805130565,75.87243512653926,5,220.297210731819,8,4,0.6683949793515765,0.7597924558777019,472.61496465871556,66.44973388834613,2.268377777671785,27.46493816769729,7.73260166631662,-4.110263326070838,8.083418541100986,1.059900572047985,11.553777578435605,8.50213246455462,collector
TR_0761,desert,fog,1,2,1.2792601743151342,2309.2774108392605,79.14725610579983,8,179.05760103850068,9,5,0.5394031089902366,0.7095279392342414,574.793313718223,38.518594102503855,3.5562797942318025,19.22917190688468,4.433458208231076,-1.287139541589272,3.256368638619165,0.24339301894643617,9.129561941546685,4.544117325176632,collector
TR_0762,desert,clear,4,5,1.2381925157736826,2662.7056233906023,69.6388242049699,3,154.22118251856384,1,2,0.42097866080615165,0.8844170361698437,583.0084234515705,10.0,4.750516388833623,27.191968639428666,0.020168333833440855,-2.1407554829045683,18.44858037809106,15.580459399227871,6.4765655652691105,1.619455717830369,guardian
TR_0763,forest,fog,1,3,1.496086898048383,2910.0441462930594,57.26695712514187,5,237.8818077722839,4,5,0.6537055364034984,0.794463208812662,479.3724460969413,32.99938573582653,5.848964544389145,29.146345181062095,4.544836613952896,-4.095668174073288,11.391565412167125,3.849275189961104,6.380536241698061,6.065501883358439,explorer
TR_0764,urban,clear,2,6,1.7850589313503866,4020.1276213520696,74.94315979784548,4,217.27283117479215,7,0,0.5964979353327591,0.7782313897854275,369.7469572110032,74.10889626098168,3.2448806877590757,27.739705499070052,4.382254342478774,-7.700601962480699,9.581800832829904,8.626269416933482,12.374196483142281,7.439456386958867,sprinter
TR_0765,forest,windy,3,5,1.524500733841336,3244.654566135189,61.94573009126057,5,258.8617004943227,2,0,0.6164376679556289,0.9029855432626273,432.5732536868949,60.102043906064594,5.389019560280708,28.79416346760959,1.6604128075638689,-5.942632909072218,14.570266030556112,6.5448292618088075,9.124427950912592,4.071353400120985,explorer
TR_0766,urban,clear,3,3,1.9566657273308592,3676.5619296405507,67.75944628081577,8,177.27926002013618,3,0,0.47489781872855774,0.6681182806102813,380.05008815529493,10.0,3.4680921107228295,22.0864745008046,1.282286543806583,-3.2714984450576203,5.219872241499913,0.5382033538058875,15.479926307294212,9.843821941746985,sprinter
TR_0767,forest,windy,2,4,1.6616816019830132,3411.0133291523766,82.24179462674132,4,238.2550777068193,20,4,0.54701450178024,0.8257072210014343,467.6416246458765,164.44433735882546,4.033533748247951,25.655161963032537,16.078841634201883,-4.890790775445514,7.9651429841485335,7.631198901501039,10.675498358196803,4.914897261861746,collector
TR_0768,urban,clear,2,4,1.5736806366875253,3259.059106776072,75.2097086509954,2,244.2889415450445,11,1,0.5118552820581795,0.7794720058861857,388.3919386776558,129.40163618606098,6.0549576325881995,26.42365633590971,7.7469235179598455,-6.001685933203983,12.718297107624597,6.081952284218675,9.46640483454789,4.592822495879622,collector
TR_0769,forest,clear,3,5,1.1949675882619222,2613.457054345937,68.77437562626147,5,216.4525503240414,20,3,0.6004236513351481,0.8618279008327355,588.5309014444615,145.94488132336113,5.1599560451653135,28.4499744271257,18.99204791460956,-4.02358801640031,10.180441898254923,9.720672340388173,7.736350937744493,7.241208728968527,collector
TR_0770,desert,clear,2,4,1.7653288494402486,3645.0183604985314,71.30664482881912,2,292.7706821683176,7,4,0.5817899157951499,0.7779748240094623,408.8224365509519,85.56055767863131,6.392680043630284,28.35508930016836,4.213121039996749,-8.110886203229992,12.676858276694139,5.457283520570211,8.553140283430686,-0.38257591815366876,explorer
TR_0771,desert,fog,2,4,1.3136336253598702,2717.8132365264128,67.26327476493664,5,294.2616951003656,4,1,0.6480776534214413,0.7748651044831171,526.2458082023956,56.47750430678457,6.069007673045244,28.38296859197098,2.4642947899720977,-10.0,9.160242986139929,3.4935242346870456,8.840321582601035,5.401680516952016,explorer
TR_0772,desert,windy,2,2,1.3113613862809081,2434.5366220668852,54.969430838381605,0,194.36211300912709,2,2,0.6056488491867565,0.8438298589991284,510.23647923492973,86.17549539544535,3.921290794797256,28.026518485766896,0.0,-9.30388562844256,17.21164501569338,4.94319624367209,6.404124939358176,-2.645512814749662,guardian
TR_0773,urban,clear,3,3,2.0529463363633127,3880.1088169390146,61.677605054631265,5,178.75530636690763,2,1,0.3543108726275168,0.7092448240607511,399.5701768656379,40.952239265807385,4.239032819512893,22.84832552322833,3.714856264983982,-2.075555660105347,8.507942698267286,1.1704900510255665,13.511845013460327,7.106797433391094,sprinter
TR_0774,forest,windy,4,4,1.110438317766244,2314.1366865876726,60.94810402871473,3,201.52844255438598,5,5,0.5791685425106801,0.8604858692050027,668.932105075694,32.06589588253813,4.654562907160327,25.344074675615893,5.784802119212511,-4.759939551102697,12.98127726551309,12.959235759463418,5.720487629757002,3.8210403007844276,guardian
TR_0775,urban,windy,4,6,1.5400670538529568,3572.341044786399,60.17573265178057,1,226.75987262629093,5,7,0.4727698884503069,0.7455066494749848,537.4209865008979,65.77905256876699,3.5856681434744653,24.518301129900415,3.525008345172002,1.4032493867576592,15.006809833338568,17.40389672973599,8.815327689308369,2.9081755650617382,guardian
TR_0776,urban,clear,4,5,1.311746591923106,2880.4694192409083,75.44774744233769,2,262.2817418680991,7,2,0.7484785334341775,0.79709920928013,492.03987924924866,109.07447095074511,6.716344655306889,33.27944770626962,4.710945260328878,-7.111746601749707,12.332619931704265,7.75650820836262,6.751137598786254,0.5493180210239563,explorer
TR_0777,ice,clear,3,4,2.1503943391990568,4332.7963460704095,56.984708705598216,8,195.79247566493964,0,1,0.4024801738303597,0.7889120008391941,381.71346877367756,10.0,2.2883514011248316,21.490983803337024,0.0,-2.3137243653394064,5.428126790834734,3.0217634521805983,13.847576541101365,6.886711197365136,sprinter
TR_0778,forest,clear,4,3,1.2211498311542628,2445.4090197003834,63.59920828954151,5,280.1713309316861,7,0,0.604968284846367,0.7478920165497025,560.9150223069853,82.03404170971933,5.161383305380423,24.56008430258639,2.5203153001910485,-10.0,11.699772475220582,1.2123595890377474,11.112116559425768,3.096229240120762,explorer
TR_0779,urban,windy,3,5,1.7974461201327587,3828.4493335484317,66.7395554484524,10,163.8539059407514,3,0,0.5346392788908392,0.7185773706317224,437.76075603720676,10.0,3.3566237801126046,27.49558172429687,0.7284756050411401,-2.02473153714893,6.546904150673843,8.084217526992422,13.967117242447,11.675127002460256,sprinter
TR_0780,urban,windy,2,3,1.2461105469512264,2422.1168935062956,80.307437033118,2,198.5653117752985,12,7,0.6551129113730112,0.8910981189763661,574.0180445704367,83.37316916653333,3.7501186080898696,31.05332236068236,10.447670096413242,-0.40053411089689295,14.430476953921344,8.241252064331995,6.959126178556699,4.46458879624308,collector
TR_0781,forest,clear,5,6,1.2075837659862527,2796.431659559481,70.0349636711276,4,266.1765844723574,6,1,0.6698221074354329,0.9589705146168025,624.5756012953669,48.40170692124268,6.384218875155012,33.449058657846294,5.544066109788126,-8.945514100011888,17.28176047856273,8.931148747758158,8.21724021971612,2.364207345774121,explorer
TR_0782,ice,windy,3,4,1.7199689569928707,3496.7870260747663,49.535659461923345,3,230.83363252158128,4,3,0.6226869766775213,0.7959825041118321,428.78276454976367,54.54089863453637,3.8084764824233126,30.22130255075224,2.8980692123256047,-2.8252616106540023,10.239814589697488,5.740535031663893,10.5529428755863,6.96764624088469,explorer
TR_0783,ice,clear,3,4,1.688215687491198,3442.715457438385,67.83661689805999,5,188.52552938963316,3,0,0.47611007146847656,0.7404553694525277,428.3298521871944,17.015969823600514,4.73804528592025,23.513783272784043,0.9944025397261802,1.6290678736514665,9.926516151944462,4.131566928498459,12.345173349643606,5.753743171010813,sprinter
TR_0784,ice,clear,4,4,1.6334622855933036,3336.6306269633174,66.41252117788952,4,224.22131406260803,6,1,0.5017036015764644,0.9365987984637141,476.2127563669032,35.64160623795763,4.058635833023403,25.50624310010411,6.3480836280589585,-4.288642199510028,8.81931339945882,6.61700834695295,10.029145528823936,3.2246354355375786,collector
TR_0785,ice,fog,5,3,1.8344254587412598,3599.501599067847,71.47166270195527,7,263.5280869624715,1,4,0.4959568674551593,0.7763163302174945,441.0877130676365,22.41582261022075,3.304769015287994,22.470065477918848,0.0,-7.131676178357431,8.522636836423082,2.3255157130240423,12.070622999955788,12.055909862087777,sprinter
TR_0786,desert,windy,1,4,0.9576185517069891,1989.6495477731648,60.22246844152788,5,195.65045500159002,2,3,0.5561971308552995,0.9074273429983268,615.699459564621,16.337518564387832,4.1064963352527375,28.41978445541061,0.7660005602107773,-5.5824357926818475,14.152745647344299,9.312188821567103,4.084069805502121,2.139524680631319,guardian
TR_0787,urban,clear,5,3,1.2324259189470776,2434.4845323433706,55.843494532715795,7,258.07803161917957,4,1,0.5292281697256418,0.7754343420046564,616.7482195686007,24.710274365018176,4.104000492940522,28.652377458686775,1.5829495767201571,-9.09981190298491,4.569435284022766,-0.9737504831950146,10.775713833363818,7.440552886868181,explorer
TR_0788,forest,windy,2,2,1.8683623720988745,3368.04628013355,57.96272498072497,6,229.75957952095132,0,1,0.3756162184264069,0.768531773604722,325.7212234027604,21.99667599941062,2.9965797142596386,19.304135551549493,0.0,-4.969530945966501,9.315478147207166,-2.0054807559599643,13.962039138372457,11.898914389671829,sprinter
TR_0789,ice,clear,5,2,1.276423279104459,2320.8023558126847,72.60363892346703,5,242.4019251169638,3,4,0.5816450624207878,0.9268139926098226,608.8240755653375,33.30474206498797,3.907600541092476,28.198213577964346,0.0,-7.215548450855799,14.511066620549135,2.266516518637472,7.019806909429219,5.781481031059374,guardian
TR_0790,urban,windy,3,3,1.5756843259382975,3052.0729203246624,72.44880578161249,5,200.34551991819103,8,3,0.5313334954377119,0.7464983718167624,471.6490547859851,76.65315757432514,5.428743007195494,26.55320467651031,5.707912020580774,-4.929344330543393,7.3661359394464165,6.862741594949725,11.683992577555046,6.71444194150566,collector
TR_0791,forest,clear,1,2,1.3941697833317317,2535.471857957223,47.829505190710954,1,190.42502268542705,1,7,0.6120113683983388,0.8840797995705293,490.775395862928,45.33655869348552,3.8030519012657575,30.788799262080047,0.0,-2.115262290286808,13.31145361033518,9.585372397409047,7.537799421515531,0.3256751984186935,guardian
TR_0792,urban,clear,3,5,1.6125352244949929,3427.247943279061,72.93819421735127,4,201.97198981992747,3,0,0.5287526883436398,0.918961297932269,471.60327722728437,35.25329039711465,5.177912900189459,26.957561611561292,0.2623078577652662,-2.001212049331536,12.336501506400047,11.270926047901861,13.58989862310508,8.530503040693237,sprinter
TR_0793,forest,clear,2,2,1.8652084827228919,3314.2921966537824,61.365842397881494,5,240.65251345400338,4,3,0.533236747529302,0.7044398795101711,393.76125187517675,53.80823574950442,2.417490263481774,26.245325162310877,2.0942691186627616,-6.343164852141539,4.41373344750407,1.9678383538845554,9.888008955143816,6.020226836926935,explorer
TR_0794,ice,clear,1,3,1.9287459766644721,3616.3323555976285,55.79332377986278,8,170.3849439955307,2,1,0.5214391725670404,0.7849202186679748,379.55618162544977,10.0,2.6519785317687092,24.555428471658843,0.2743600475324238,-1.4275648410810893,5.147426567789928,1.2800508437603042,15.13407831983134,8.98603054073061,sprinter
TR_0795,forest,fog,5,3,1.1541090191909422,2223.562972901258,55.96353586334854,1,208.13333213236913,3,5,0.6134007049812596,0.8684318743394429,628.5301046719711,55.893007740062714,3.466408379175676,28.723187127948016,3.8117772605504574,-1.9468085779281212,16.042442311889655,8.981815082953636,4.5928689102719105,-1.244587261589173,guardian
TR_0796,forest,windy,5,4,1.290698239777391,2661.22036040332,65.73484474909394,8,263.54522851297827,2,2,0.602638126708264,0.7981820696326981,585.0499063465948,41.285191517078495,5.242160604764152,31.335337905562888,0.0,-5.972171212804724,8.864680752152157,6.539907626420568,11.173348675528429,7.479153670139494,explorer
TR_0797,forest,windy,1,3,1.9000383325893073,3612.9776574650027,54.26031690699591,1,173.92874171873433,0,2,0.30045585252943846,0.84856491873822,358.4584010899375,23.1286095298879,5.850539944746229,22.88205722386634,0.0,-1.1483549089007157,13.00749613520275,5.238159836138328,11.694447790345494,1.231441101854591,sprinter
TR_0798,ice,windy,1,2,1.730067582268599,3103.6602915603603,67.09424240427319,6,201.78870824494203,5,1,0.7640940436475299,0.8441052216215147,360.50370136479427,28.03937895311673,3.121399012250733,35.09933571386645,5.133504740283164,-5.519471802101198,9.16923591101453,2.4401958855578405,11.428327595491304,3.31360638072685,explorer
TR_0799,forest,clear,1,6,1.354081414416815,3095.496324196457,52.231277387734195,0,211.71254798811503,3,3,0.4995650833570423,0.8294141173158007,486.4086755771665,76.39155430280267,5.1464587896920335,26.636983650634704,2.1756777841374055,-5.736031996483158,14.99486233210265,20.556724915872447,8.38667852662924,-0.6378753833594322,guardian
TR_0800,desert,clear,1,3,1.0172100582627073,2059.6198648394416,64.6122522003302,0,226.77837987169528,4,4,0.6657187222064325,0.9145493973053572,641.668099204982,77.55050989924885,4.255985872768288,30.20954877188484,2.300344811599588,-10.0,15.645923454466702,7.162505726243823,7.624803973362436,1.6458480719959865,guardian
TR_0801,urban,clear,2,3,1.5364370478011558,3033.1705696275285,84.43533426737237,3,291.0881095946396,6,3,0.6490003845748364,0.8283451804790984,439.3200702650279,81.69565614482211,6.375706436709201,29.824644073179147,1.604623803558244,-9.186881892557976,8.823431723883024,4.614087088010169,8.776214416309802,2.9804527166308588,explorer
TR_0802,forest,clear,2,5,1.896750765217683,4000.976166717162,66.5830657233507,7,161.5806715307148,6,1,0.468390483509471,0.7231532933278395,385.6156284913518,10.0,4.406671671770881,23.1866262621212,3.8470613419838857,-1.3618837591647803,8.843638314403623,9.073955055634123,14.14739388674539,10.607746208322542,sprinter
TR_0803,desert,windy,4,5,1.3130370606122224,2826.4333441952826,71.4406168518134,2,236.14538055260928,1,6,0.48530343620186567,0.897026906386865,608.3766425432217,23.52024803408963,4.06685153691489,25.94864642089454,0.7389398805580281,-0.6574021734163673,15.601683485581239,14.527581710947464,8.23416273901088,2.952671446180946,guardian
TR_0804,urban,windy,1,4,1.9642001030089067,4000.691129129992,49.77376498322778,3,262.1100670144654,7,1,0.5088802487635337,0.7085287022319746,356.4958776608143,114.19986594797346,2.058161733811656,27.05351439067999,5.135017302166108,-6.2660380988827615,8.627166917714257,2.9668216430328567,12.538320735726423,5.043758909049527,sprinter
TR_0805,forest,clear,2,5,1.8348192855071315,3868.751765286251,68.25342359861861,0,210.27754938615925,3,0,0.366364789542972,0.7696486239212177,383.31443837379356,81.17802118587633,4.663487625166822,21.59799006548212,0.0,-4.003700211551461,14.850359170702713,11.46642022421083,11.593764612994617,4.22772920542066,sprinter
TR_0806,urban,windy,2,2,1.5313559599436526,2760.7430586731075,53.347888945049654,4,243.2978783622673,4,1,0.6281541784410909,0.8992839065160168,464.11392104077294,75.3916900645881,4.834283395280533,29.93436411348345,2.579288624435595,-9.635528004157432,12.455128400388695,0.17125691276564559,7.928891219272287,3.5183350360435304,explorer
TR_0807,forest,fog,5,5,1.7119564161302658,3643.5755091053747,77.37686936074036,1,179.21515921466948,4,2,0.4365020816045602,0.8298638173669218,487.12652321779353,46.98576627653541,3.358145553719377,24.222643382681373,2.061000213020682,-4.012915861024145,15.246516937255565,11.458034945763007,15.21228043480846,2.5134381079150616,sprinter
TR_0808,urban,fog,1,4,1.823899999026322,3713.534014197964,46.9077877514636,4,226.7679525396156,8,3,0.49281373128833517,0.6764384935820427,442.27625350241277,77.63206329027263,3.702528360917477,24.314036636695697,4.21212469872361,-2.7584205018722523,5.5383793919095545,10.742960361991567,13.95840338689744,6.728801790090442,sprinter
TR_0809,forest,clear,4,5,1.2002384193020303,2616.9455843081537,61.67523278745925,6,213.1143907632102,8,1,0.6301347989744588,0.9486152862911786,575.773712958077,77.1533339618123,5.758539519441002,35.689083237651246,6.485976591962901,-6.572780034325703,10.723989485777068,5.55324896668365,6.503692773767662,6.439342180139355,explorer
TR_0810,forest,windy,2,3,1.1476546112232358,2276.294884698381,76.78228527692532,3,236.66174721712855,11,4,0.6203393657983812,0.8112528172626685,559.7155491698858,106.53022140350959,5.044761286805299,28.93216451381435,12.186923096705074,-4.88919484674428,14.777158054766105,2.4080715588810087,3.626634968043547,3.1072702941975248,collector
TR_0811,forest,clear,3,4,1.1252260709953634,2283.485545458884,57.686287727317186,5,182.69911780203725,2,4,0.5965573303886889,0.8838711731085788,649.8717401530619,29.729260385831864,3.171094284401933,26.353073635808734,2.723913252120214,-1.9554676353825882,13.919925004319214,7.490363524382213,7.05214031486617,8.243216168669324,guardian
TR_0812,urban,windy,4,3,1.602527888386536,3082.5684825861395,51.44998983861102,7,241.6397340719773,8,2,0.5982599978517954,0.8019846022774878,484.13731011003557,44.16971601914594,5.3610985424204065,28.73281040518465,5.811299433352004,-6.727834649386816,8.301615317056637,0.8408270553300736,10.045870153387895,7.172757389517637,explorer
TR_0813,urban,clear,2,4,1.6229566351780034,3311.4218262425434,66.18537007337459,2,172.88453856928072,2,1,0.42655515669002575,0.6676699504294158,431.48532362409765,31.76551530695951,1.8974862437725455,23.72511295261024,0.0,-2.9286025102159634,9.961611809159187,8.141370240410037,13.018115627965207,4.461860950470785,sprinter
TR_0814,forest,windy,1,2,1.4250211739619467,2632.8580009742436,61.28575019184889,1,220.12693166138808,5,7,0.5500311954075309,0.8800292172998837,468.88858108995527,83.58501151103694,5.591426529182353,28.24237249733074,2.879360303779235,-4.046391036903514,15.57639733712082,5.638789381823994,6.19323986527709,0.16636404657919823,guardian
TR_0815,forest,clear,5,5,1.4826860826340795,3147.3211672266507,65.10788795288198,7,206.65667808225072,5,0,0.6707870335182625,0.8588224486923172,561.3212022807403,24.773298926191554,3.8260421682921715,29.57155597506054,3.0754189729001182,-3.4475782908949815,8.477474000139479,7.842797976372508,12.423879488819178,3.9689831321451265,explorer
TR_0816,urban,clear,5,5,1.3335783838139248,2865.2472043114362,57.2570388886769,3,208.0590998937222,2,5,0.5353314859758515,0.8806953252423724,563.3485949987962,45.98215160396451,5.33398417008629,27.89744342220925,0.23421611147752475,-2.5599646381853614,13.654207128745236,11.467242231917798,8.747815433876019,1.2250591139792797,guardian
TR_0817,forest,clear,3,3,1.3641813545519468,2726.9514175358863,61.08506775429546,2,250.43285975674937,2,9,0.4296784816086353,0.8932380666032103,596.5702253675757,50.31278321455162,4.676167658781648,23.248213126251784,1.1008414612928559,-5.0045091731780875,12.355219903871717,10.85491155926199,4.6077632765897025,0.800453843804843,guardian
TR_0818,urban,windy,3,5,2.148412237546299,4576.230043008838,64.06895044007437,2,217.79232579358555,2,0,0.393961038398745,0.6979786665665344,365.39017972860324,36.83083040526246,3.9048415140554846,22.011047668893003,1.3060276615596171,-7.251340297972954,8.655458920174896,6.882407127098869,16.395885401876782,6.960844981350423,sprinter
TR_0819,urban,clear,2,3,1.4108936232480298,2739.734415065717,69.22628502360106,4,228.37544723852633,2,1,0.5941673543856478,0.7386349117293212,439.5975836469051,21.179244136615463,4.854556912821668,27.91869789266977,0.30844131974599964,-10.0,11.472415046466871,3.768395621190564,12.36407980578819,6.345887159407347,sprinter
TR_0820,forest,windy,5,4,1.6756155458182533,3417.423929620236,65.78489922130927,8,218.03354627467718,4,1,0.6191808346522654,0.8745907517759548,495.2183942671491,10.813942538752212,3.622950324152159,30.74871079285034,3.389793847793795,-6.9231775926108226,7.88074919057007,2.5385111496780226,10.138435359870492,8.015606171396449,explorer
TR_0821,urban,clear,5,3,1.9637666575401513,3697.5833205395907,78.8156353741497,3,174.46092292419448,3,4,0.4804393586626328,0.6350234568203988,379.1963055096157,21.075092385256138,3.6531813960366852,25.598762228518215,0.0,1.0009663028473137,7.984122139530111,3.638236596215472,12.741318588935131,2.7290177200902805,sprinter
TR_0822,forest,clear,3,4,2.162162774232663,4384.073833764194,61.86781594062809,2,187.79356255104096,0,0,0.56593039681927,0.6722879545836912,316.33254328180936,26.57127325115299,2.664400784808323,24.699116115888867,1.0249971855552427,-5.295068343712899,6.9095674599851495,4.677007929190719,15.720316746859552,5.163246522055164,sprinter
TR_0823,urban,fog,4,6,1.7903324930345916,4066.591768642545,60.880802275545335,3,291.5686019745196,3,4,0.6862545890850327,0.7291775934301136,461.96950746457577,71.6469734559536,3.848039116131872,31.84532388625806,0.48891177707864575,-6.66382851191034,12.869801219606467,11.815339280274637,11.954945273152731,7.339567456546968,explorer
TR_0824,urban,clear,3,3,1.822382435967216,3598.1792172858322,42.508368059484376,8,230.54484880139222,2,0,0.5533425810667549,0.7398316121109333,418.70398645311656,22.01016228736699,2.9748789213822775,23.362800153154915,1.3549914908752867,-6.169587332459361,2.176278170603825,0.6369492789712757,15.263399002914323,9.241312663856652,sprinter
TR_0825,forest,clear,2,4,1.7218036463056723,3519.266267941018,76.28453813521492,4,227.6170933411955,14,4,0.560221048354078,0.8117843303903535,397.43030106191884,109.95537058380638,4.650657716595428,23.214739985903087,11.953671202458905,-4.5746635556901545,8.582401846333687,7.874948942274453,9.79297852740503,6.5564732257500875,collector
TR_0826,forest,clear,5,4,1.5385320130495714,3156.217460278016,57.713366613889065,2,266.0066821610543,3,6,0.5848259538636917,0.85700788305856,538.8866302533694,61.60303725443637,5.151636382744629,29.552772013142125,3.6280582915066057,-2.948832029963528,12.232901470696886,9.637278169256867,9.522931408068585,2.116045047698208,guardian
TR_0827,forest,fog,2,3,1.5757123501095396,3094.6425946750865,58.448180904603134,1,240.08776135661068,2,2,0.4951614160063161,0.6265942917625258,409.9378953688811,58.58755804769442,1.6811227121039591,24.395592276709785,1.7163136625537967,-8.641541183379903,8.667413982797914,-0.6376325987229947,10.514395199303085,2.319300280803243,sprinter
TR_0828,urban,clear,2,3,1.4559359863089278,2810.925609601714,78.72413853869163,4,166.0152320961994,14,1,0.6298133603624572,0.8054746952965377,474.49896309219224,80.80768254752792,4.807961245020107,28.006798568607994,11.818763296264938,-2.0896365828090566,9.242378331458056,4.986909522212291,10.870645940971457,5.950724124624559,collector
TR_0829,forest,windy,3,4,1.8272142485902845,3613.856314183972,46.58653701950577,6,235.05539929701894,2,0,0.4864692706865816,0.7543449088015426,403.5348755404199,54.13321195554791,5.024108305216003,23.337747508823544,0.6251000324332443,-3.9075761433409246,6.942472740884104,4.240439056908824,14.544596364346546,10.307162146383137,sprinter
TR_0830,urban,windy,5,2,1.1987701295551567,2155.211320915983,65.25885030856722,3,160.25005535881508,0,8,0.5165979348902869,0.8912892135671029,705.2085210669658,10.0,3.1723270816075604,28.92273560686415,0.0,3.613295024168143,13.526583704605239,8.693614840169454,4.342723725437758,6.358281787140484,guardian
TR_0831,urban,clear,5,3,1.493831650654491,2906.340437194661,61.509730703860356,3,252.75965735492886,4,0,0.6969278920938038,0.8049655778915041,498.95845581485867,80.02108642963617,3.3586184292087298,33.34703406582721,3.379427092298125,-6.654910593075446,11.934817063091558,-1.633427494674505,12.193882566491455,5.304250761260833,explorer
TR_0832,forest,clear,4,3,1.5070196306055241,2882.580226057265,73.69110497091322,5,222.36956471819275,4,2,0.6172260804310944,0.8236548489749462,448.8046229208699,48.15665885532228,5.040401818678818,27.714392674833533,2.2031326572287777,-7.971677147732835,10.042987877542666,8.326178993653524,9.305871139898004,6.140979810822261,explorer
TR_0833,urban,clear,2,4,1.847544919375735,3754.3196807716376,77.06712296191824,4,209.12425694032964,8,6,0.5407305185102225,0.9238779953117946,407.0268753826856,71.05673596440917,5.337165125616305,30.537443543370678,6.637032862060687,1.75301669319854,12.227531426094833,7.446500408453601,11.973375324028352,5.161203201902262,collector
TR_0834,forest,clear,1,5,0.92252919431982,2036.5614164004571,73.06775804428294,2,234.1011639027666,11,2,0.6388967454738647,0.8249819387684159,653.803687355432,91.82487677780927,5.742700085203083,29.86432491034009,8.883738524745947,-4.829391807765686,10.37987843188392,13.418334714891873,6.894760152349095,2.4551800603520118,collector
TR_0835,ice,clear,3,2,2.279640195203102,4109.224026589172,57.239099233868124,7,190.35030694219378,0,1,0.4393832586363122,0.7548203696571775,379.38643129010154,10.0,2.7448615469514697,21.762438231529256,0.36333060907192183,-1.6017610021859061,5.89284331995207,-0.6709306923013412,18.88021780419205,9.047005751037783,sprinter
TR_0836,forest,fog,3,5,1.0988791391260249,2437.502698382997,70.02723810209304,1,235.06804018844235,4,5,0.5682439829982687,0.7708031355390907,638.6809992071042,70.15891750425048,2.910018392456692,29.366829963712533,2.73238250775171,-2.736324188322345,14.232397893609265,16.400569624699415,6.048464369715802,1.2636215031815399,guardian
TR_0837,desert,clear,2,6,2.252280681559483,5000.8573272438125,69.59425833175267,8,199.6955549689487,2,2,0.32704776147318826,0.7566212223625675,374.8569098265002,10.0,4.378497366350313,20.01614593904519,1.023430540818951,-2.8636243633082916,4.479672014492928,11.15177627831382,16.360035948749708,12.091784418404732,sprinter
TR_0838,urban,clear,3,3,1.6779599220187253,3308.372738071944,59.2591048865612,7,273.2954663637292,3,1,0.545788423946461,0.8417356505120047,417.0413787344447,10.0,2.875906724819971,24.13755875589536,0.26401098988906124,-9.393988552973134,7.680681071921365,-0.1778556038655411,13.819402757712117,10.632176146981767,sprinter
TR_0839,desert,windy,4,3,1.7271296369926772,3426.7776450541555,74.48451007777743,1,298.8730450662377,2,1,0.6680190216547798,0.7347914191278546,434.7457980861412,90.88648640166898,6.053815695642077,32.041460584591185,2.278658062604022,-7.801476291422485,11.701224237078412,4.640747083004531,9.428416445909154,2.477780731861143,explorer
TR_0840,urban,windy,2,4,1.8274846532144482,3700.7559923486883,72.5849918763638,5,180.06952372969727,3,1,0.5787465580797525,0.7492457212112285,386.7784763305718,25.258540386144865,4.484122409191217,26.036349928262958,3.27296056527727,-7.096926506134693,7.860207627244966,4.958428744175265,13.446795222124928,7.0704313797526535,sprinter
TR_0841,desert,windy,3,4,1.8979397555800068,3904.1944866923577,62.22723200424799,10,225.16502665529413,4,1,0.5499613922397842,0.7267347060983304,438.4466679790622,10.0,2.7759670274784702,25.790812021228877,4.5499574205898625,-3.8344331483664624,4.341580464046757,1.3669567594313974,15.621514219509397,13.910314248557247,sprinter
TR_0842,forest,fog,1,6,1.5526675704578516,3491.152980014535,78.74823460650528,3,203.91628636712835,11,8,0.6124578793038112,0.8148330579269722,463.24675157631793,97.29334316431908,5.165989885982701,26.277193515552387,7.147529154285538,0.08276912236732015,9.761881060658137,16.977564897622905,10.6344156200051,1.826147591792689,collector
TR_0843,ice,clear,2,2,1.8720462209233404,3350.5908057442343,61.34984907296919,10,231.4850842739315,3,1,0.4791040949557661,0.8208154790681538,413.6594741776202,10.0,3.704713960578869,23.307215752588327,1.5250513303185427,-7.766353915887255,4.896565264686009,-7.487601455125597,14.601670438316331,14.738857257243723,sprinter
TR_0844,forest,fog,2,4,1.5752688173893925,3273.9994379609807,54.218474423495124,4,270.3272231007111,5,2,0.5936625836200582,0.7797847706022649,477.41620491541585,85.74319046507375,3.9305040707271086,28.66450181802009,3.4325749766376448,-10.0,11.839922430162899,4.587927041306492,9.587910471319695,5.159368521711222,explorer
TR_0845,urban,windy,3,5,1.193009780185749,2593.8742688655357,62.353513018273226,2,221.37435426778188,4,4,0.5827215986491231,0.8570004597196701,554.276146642185,73.16073012644117,5.837975962871564,26.13110221441822,0.7332925274402076,-4.906623691143463,12.888337474145967,13.54314392792,7.98396065542448,2.8018318027618663,guardian
TR_0846,desert,windy,1,4,1.3259278397923553,2752.7760803853903,53.003964732880235,2,233.01962691449484,2,3,0.47185359043247355,0.8374881886055248,466.5298368103479,51.03261090327483,4.070106009540671,25.057979162086614,3.737848854622395,-7.883244082221005,14.09227562922759,6.292563726618271,7.30805347272072,-0.7285334427034702,guardian
TR_0847,desert,windy,4,3,1.2894005317520143,2558.482179034769,76.15464194723613,9,236.22625326152274,14,6,0.49517205200702924,0.8495675555820099,634.28112941652,90.98362677175004,5.03085142407316,24.02656143562702,10.70295070482385,-5.144226357828784,7.103831930037772,4.439060510680298,7.4031118942483545,10.588924212825878,collector
TR_0848,ice,windy,4,2,1.900702003511876,3388.3144720784626,72.63219419780351,7,215.4318158246156,2,0,0.60824707789218,0.7562342689102048,452.3122783355802,10.0,3.9949532246494437,26.315110634697692,1.8075380831091727,-3.0042923374149124,9.42207195899952,-3.690817092379185,13.766521942986667,8.064350425866632,explorer
TR_0849,forest,fog,4,4,1.4004510194390491,2824.66850230822,53.55935829385305,5,191.5754876597707,0,1,0.6068375944345725,0.8247558622382113,498.2826159556241,13.958161074477536,4.1155909556546115,26.85662612519628,0.059640602277056365,-8.101870890694606,10.297517300029469,9.22791192892418,11.3443945243468,4.785612823634667,guardian
TR_0850,ice,clear,3,3,1.32120953396094,2622.0960774459268,82.71498548750193,6,223.3314607105386,10,4,0.6132132135597996,0.858021577054325,549.539991499526,69.38386111730632,4.072829732816742,33.56612003038737,11.602684722476313,-0.8774811286671471,8.433932132084447,4.111772435496544,9.43648788451569,7.01220998695687,collector
TR_0851,urban,clear,3,2,1.6829448788896932,3038.370812084863,58.12445720433865,8,229.94491368710936,6,0,0.6431672244769173,0.794341682832517,463.6428297259153,23.34291627342912,5.716368551457614,26.550800732472357,4.104398697841219,-5.855250658194477,3.9332111790702693,-6.310348132711596,12.760406405479937,7.804564933045605,explorer
TR_0852,desert,clear,3,2,1.8934607992982702,3415.3534363166978,63.45787194070448,7,216.19568153185352,1,0,0.4998867026487953,0.7644884607457513,383.3534064202059,10.0,3.520327654893386,23.828976912403075,0.0,-9.481158216167124,8.115233933716697,-2.3418943260128273,16.05155197578533,14.201224394675533,sprinter
TR_0853,ice,clear,5,3,1.7092196661684462,3302.0025271398144,64.18212311070545,6,261.06062137398027,3,0,0.5333634134203983,0.788517126426971,431.34940094027786,52.73011360688867,3.8889573763273733,25.9333409075745,0.0,-10.0,5.247507814881017,-2.9203364552123947,15.392697590808972,10.403576106334274,sprinter
TR_0854,urban,windy,4,2,1.363943372483899,2573.7161710271657,77.64930674584447,4,265.35665716375644,5,4,0.7028332734060116,0.71562671694184,548.7898256417568,52.749606253361634,4.9612235646289395,28.43887155089212,4.576641940715429,-10.0,7.797415488948037,-1.9891425655201915,9.633860066404235,6.289054899516648,explorer
TR_0855,desert,clear,3,3,1.6788668696356632,3239.2983557115067,76.04096093376539,4,262.80514863110824,11,2,0.5878440839219748,0.813723777438351,446.25333954038865,93.01648402931667,4.619752397192523,27.84299615587288,8.01361943753431,-6.48343673709897,9.378614969620065,0.34781915739371394,11.561670687543513,6.201776635930484,collector
TR_0856,desert,windy,3,2,1.3304436034130953,2425.4521370546286,51.323135234020114,1,189.24936211631956,2,3,0.5625762941096202,0.8269027901437723,503.4514706234814,34.05614029716148,3.8722222913355107,28.624218024410183,3.5955000992369692,-1.2023189485315733,12.493114438175535,7.153193454746628,7.6911861051132435,1.777121190868634,guardian
TR_0857,desert,clear,2,6,1.205430818244352,2727.827261352399,86.58867042304628,3,180.5949003545409,5,4,0.7343061495876966,0.6973474557621739,563.164781831466,46.99038745235689,4.842157462275657,29.159864818258136,5.351808835916005,0.5259438334781144,9.513985289707312,15.200710627454788,6.041755232053826,4.431379964705401,collector
TR_0858,desert,fog,4,2,2.066516513922147,3745.527150338462,72.2208172777137,7,200.35243091197253,2,2,0.5553415648272608,0.6041026828278657,484.3652800785633,10.0,3.297513360438889,20.167911362963967,0.0,-1.8345321379061363,4.626354061097312,-1.5761813183266298,18.236686394215663,9.627930838888354,sprinter
TR_0859,desert,clear,2,4,1.4366021599044438,2890.132791093257,65.97287892140596,5,268.6494802608801,1,1,0.45197647911192634,0.7167058197149601,467.4812198684821,25.943821200835693,3.8658097602027555,21.586482636709643,0.0,-9.851232426484072,8.207803855872767,1.7994029605849757,11.838634904188421,12.466670402300707,sprinter
TR_0860,desert,clear,3,4,1.4880413843924634,3105.3111448392087,68.02321648950952,4,187.91085457059484,15,5,0.5573442377270243,0.8321379950781695,504.04597628635224,137.76655684666844,6.037840458892562,25.403379259547204,13.060945433321772,-0.936287087936742,8.703198291764243,11.445426024352436,9.402065541094444,5.974628057005307,collector
TR_0861,forest,windy,4,5,1.79619827216805,3861.1306210491916,72.99071657785639,7,228.83516684765186,1,0,0.5519237928661104,0.7525846359731472,448.68042409775705,10.0,4.595467934567805,26.95388525681611,0.0,-8.262671801400668,5.554105200574359,5.532343566228136,14.8301634675623,10.793418916935703,sprinter
TR_0862,desert,clear,1,3,1.4533143264475623,2810.5893225333048,84.81343306790329,5,216.9394146497005,3,0,0.566377093791814,0.6845031297786287,476.4890311434802,20.995554352426335,2.2349306701928198,22.54940466724506,2.7500967938820513,-5.488770313400891,6.802266580268183,1.0223329693508303,10.071586211462947,7.586418789093058,sprinter
TR_0863,urban,clear,1,6,1.5367115361580785,3480.332177067627,67.22823434798885,5,244.34044526477084,5,3,0.5569599594884852,0.8147603416600163,463.06589466940187,56.53524357008079,5.798824448127354,25.13641079411191,3.9955021183221278,-8.056588222158688,11.001291491290303,12.706480790426449,10.749709200249105,7.927980410307702,explorer
TR_0864,forest,fog,5,6,1.4351689569463462,3269.3313974873417,60.971130766016216,6,233.83561475893472,6,1,0.6449355632986886,0.8224339632594294,535.1487705102112,57.54153386590969,5.1983977095907195,30.049748470566595,4.28554129197899,-8.570791269193185,8.830905560267212,9.011260019666791,9.125128959414088,7.489135591077059,explorer
TR_0865,urban,clear,4,3,2.355270305340466,4475.141335056679,68.96610463562506,11,242.8721449507773,1,1,0.4460362345521999,0.7043026652691307,402.0233958936287,10.0,3.7051996331757397,19.465124039356105,2.123964703090928,-6.5165816416911335,0.45065616521241636,-2.6996819754933354,17.26517119730941,13.400996195001314,sprinter
TR_0866,desert,fog,3,4,1.6299104835104918,3282.9619352495192,67.23407343490607,6,217.54130141710405,5,3,0.5022912373869688,0.7487404818723065,451.0215551830618,21.227290363320996,4.169041420800165,25.531871574421476,5.317714901095884,-3.5990645181318635,8.840187741727593,4.7632945301320335,10.947625503793041,9.669953791336097,sprinter
TR_0867,urban,clear,4,4,1.6181483430499235,3247.7520995771515,79.82383796493711,12,193.75036278134735,2,1,0.39875051626810054,0.6384980250998394,521.7119600863675,10.0,4.329219698953787,17.9148474290441,2.367241758633217,-0.13437221185350312,0.08665210863715689,4.370307748411613,13.521360623663146,16.416892414769308,sprinter
TR_0868,desert,clear,1,4,1.9614621256673952,3990.946029500426,51.84811428729983,3,212.92879965844003,3,0,0.42832675993194036,0.79849172907517,337.3514084270689,46.60882754348055,5.430240132832435,23.103066308437832,4.64002560737519,-4.8543275743440875,9.471993656512941,2.5490074695709044,15.887414435406505,4.437695659106169,sprinter
TR_0869,urban,clear,1,4,0.9977865172020188,2076.6113407080957,46.84835431207275,3,184.55456727032956,1,6,0.5766791249549043,0.8816240366248196,677.5773819241929,39.87086287473403,3.138750206628389,28.8188620307201,0.0,-2.709754417611537,15.062672500942051,12.524681460482885,6.218545250882643,2.8097358723063333,guardian
TR_0870,forest,windy,2,3,1.7653231847737825,3316.9723996914536,65.26307891332056,8,224.5645025797813,3,1,0.5049429921744052,0.7939602928365945,456.6764682503657,13.978600063988242,4.785824180562024,22.678818520750912,3.6882839196364854,-10.0,6.780066267735936,-2.1218318927207087,12.758558080200235,8.694788787724333,sprinter
TR_0871,urban,clear,3,4,1.6136456335428593,3188.808526983603,69.61931884179862,9,169.47146425753948,4,1,0.3679643224603885,0.7227225382682769,499.63598498515756,10.0,4.355311084032538,18.092118354878156,0.7684339019883735,-5.590207855655715,4.283414205301167,5.452982795190736,12.6228092662368,13.038232083266204,sprinter
TR_0872,forest,clear,2,5,1.3249184722977823,2872.17902531655,63.72717304635726,1,216.20894433555077,3,5,0.45200130797245525,0.8463144351612324,535.302736227856,78.65291443486703,4.558111228428259,26.34083215610695,0.40885232627676693,-7.811076622618218,16.62012561945766,15.930253796930726,5.437919392639093,-2.76963407250366,guardian
TR_0873,ice,clear,2,2,1.3828275684642894,2523.4666302884166,68.50317351511276,2,219.2622188527069,8,4,0.6077315437974989,0.7483036513888165,523.2609590220561,65.52798924698624,3.712108815365281,23.41657987792244,7.622891623523109,-5.749597363755672,12.540789409471056,1.3000360710561567,7.870815023102344,3.150333294265969,collector
TR_0874,desert,clear,2,5,1.855786837615854,3976.088085271409,75.36604551618909,4,231.68531187364616,3,0,0.4273083450546206,0.8304810254771443,345.126016388882,39.980849316952316,3.145139877986111,26.080204665993225,2.97854859201255,-7.633788888323478,10.031157418998983,7.941112286822483,14.322637625239238,5.334903932005441,sprinter
TR_0875,forest,fog,3,4,1.405109992673858,2938.69747187757,64.82511016483055,2,257.60539992668873,10,3,0.5488023862651236,0.7489460115154668,566.0327032898741,91.24399677088144,4.120876330808697,25.484097178038073,6.398550951421358,-4.778554922516815,9.877822316642456,5.511281764207936,10.97507902146344,1.14758798120637,collector
TR_0876,ice,clear,2,5,1.8889947220254193,4106.913992200766,70.1614249272308,7,257.94349809920885,4,0,0.5314498208263925,0.7692471995736803,366.568978393056,10.0,2.8297562511551817,24.311697292479824,3.6247276881334636,-8.344509654305874,4.406525849425853,5.154116201985082,11.448201282105815,7.835732755565995,sprinter
TR_0877,forest,clear,4,3,1.1869115825785588,2342.037332290105,77.80746862995029,6,245.17061689183365,6,4,0.5613599994150992,0.8624813512392302,591.3578598358262,56.35867432920091,4.683637499789295,26.320169548847197,5.2544577692809264,-6.886204624397669,9.68958462834699,3.281751284056846,9.052619830224288,7.3560274806641015,collector
TR_0878,forest,fog,5,6,1.3412629266631404,3020.430396032774,59.09653680712384,1,249.550925721479,7,3,0.5830785941814194,0.718987326649532,607.2189402538149,99.10436278481707,3.750049913414318,28.848747880794924,4.551129398245678,-7.799857734393635,14.82923354351547,13.070564779367631,10.232118187802334,3.3949439136230524,explorer
TR_0879,ice,fog,1,3,1.3426490536793274,2548.3735258028573,59.83825478491465,2,164.2553846937621,3,6,0.5104142564708469,0.790571048330714,492.6148815860506,25.63034440598595,3.4967793151824313,24.589414792166533,2.6789409278268144,2.392367467869156,12.660370698920259,14.007763574882008,5.660715534277597,1.3164333176160525,guardian
TR_0880,urban,windy,3,4,1.572046337775414,3221.4611611447363,57.40619319826206,3,246.32965896748027,3,1,0.5873511030205247,0.8117373538497316,436.1476563166741,71.39140907746982,4.306798583819269,28.519474373570358,4.4192215360535005,-7.621956117300728,10.904241571337781,3.908796341607482,10.383052596521615,2.5048708697365023,explorer
TR_0881,desert,fog,4,2,1.332346476544407,2456.5084176208843,66.24236851437585,10,208.17405273399598,1,1,0.5084814735657356,0.6959481174366309,591.8438088834131,10.0,2.2218368998002416,22.603527393672735,0.0,-5.092475916258851,3.408862971189287,-3.7246243527884353,14.125859677805323,12.529853915819745,sprinter
TR_0882,urban,clear,1,2,1.9842006250794773,3549.2617813058546,69.89492259412167,9,230.327089020722,2,1,0.4521765255319288,0.8438696154166248,385.5809243771208,15.148275524949725,5.087085499625089,21.605360329595598,0.0,-3.211714365334707,5.444040589955475,-4.351983514671426,13.359802787774832,13.867870430075689,sprinter
TR_0883,forest,clear,1,2,1.2686451062842112,2220.064130103389,76.39571690079823,2,163.1719727212608,7,2,0.5906856522404156,0.7832623888407181,507.44258904667225,56.983082028320055,5.4489165521515766,25.554737245115515,5.8383895751315915,-2.1665914980568077,10.064533968021115,-0.22642605370081492,6.471610452126119,1.80863735168075,collector
TR_0884,desert,windy,2,4,1.1219211055698424,2331.763579216447,56.8523269405243,2,202.70963006230303,3,4,0.4507490744737972,0.805232579857093,595.4452760887676,49.70831008319305,2.5138014753100557,21.58370476286927,3.512252394350468,-4.217523189459532,14.639300173284939,10.704150556628631,6.125304560582789,2.6776452718594452,guardian
TR_0885,desert,clear,5,4,1.741320117487326,3584.475728894772,76.6145339009985,6,225.2331501142191,3,2,0.5255134539405981,0.7275224601535863,463.95521110755953,10.0,3.1938162650518502,26.189547592366676,1.2581104870987792,-1.658795134940968,6.97330390087224,2.0516956405269973,14.96892372066215,9.71656921655525,sprinter
TR_0886,desert,windy,3,5,1.1791543816141643,2506.688702295927,69.88514986472863,9,205.23390347456356,16,1,0.6133057666964385,0.7707259710314058,615.683715170728,86.29912134091533,4.002472796656681,24.952915663979265,15.297256213863598,-2.5752528239090497,8.114284793343785,4.63879693238519,11.41778122011017,12.587209872787852,collector
TR_0887,forest,clear,4,2,1.571027321931611,2846.329901994716,74.29931200197616,5,209.40542034137107,7,5,0.4743698536773285,0.8352832530412329,525.0023008056646,34.17605694496976,2.7829342116148292,24.74264747234242,5.8973406564318385,-3.2174351641393475,7.947445487141348,3.987033179956019,9.899055357294914,6.949813093430059,collector
TR_0888,forest,windy,2,5,1.221015553458426,2661.719580730486,75.26075481121383,3,200.1838424305863,12,4,0.6112183313550024,0.7610207358997771,558.32428423013,100.72884997733809,3.9215175875195976,28.14874633092023,11.541175618937826,-2.459986561033314,6.767730994318413,11.31365960256161,7.787178724013058,5.870838128742833,collector
TR_0889,forest,clear,2,5,1.2721122138591097,2793.393810765223,73.1013167720543,3,217.13692729546003,13,4,0.47677158449724927,0.9332818075404546,504.9372165814671,110.32757490104049,4.1958598530913145,27.22928839303017,9.321363670941132,-4.451388219825409,12.404897948052074,10.836617954627538,8.477313523702406,2.5297711514141232,collector
TR_0890,desert,clear,4,3,0.9173953889617913,1857.5428808836687,87.46553305747611,7,232.06979468203784,9,0,0.5292681876847158,0.838395274234649,756.2900725199304,49.79964597777719,3.2647532942770185,26.705423064596015,7.540062201408722,-8.700067669413137,8.811442526549468,-3.0049832926072897,7.373546905275173,6.2904129766778425,collector
TR_0891,urban,fog,4,3,1.4710579473860266,2838.303464894907,57.10126332078052,2,189.0726018730588,1,8,0.4918369828896291,0.8429116968497621,594.9020881859467,56.755127463728066,3.6185394810764575,24.98702271473575,0.0,2.695200406323276,16.645125621153245,6.137713774746679,7.986726544196078,3.481730394569527,guardian
TR_0892,urban,windy,2,5,1.0741743061500677,2415.385169926789,62.05049796824677,5,265.740748714921,6,3,0.5969014703927813,0.8059400788360289,652.8945452127538,67.81396221533804,6.54248797683417,28.025128096841186,7.250604471059219,-9.552518972692184,9.686016017878842,7.861552216103433,4.5375202535444625,5.557630097973169,explorer
TR_0893,urban,clear,1,3,1.5112891775860464,2877.0038633076474,69.81511255729924,4,239.67190007899063,7,3,0.554588022908384,0.8129257271123125,433.22672566134156,75.30128338073249,4.773497026305766,25.07800332501182,5.1919595942847785,-5.062602137194864,7.7960851262656625,5.375229215025848,9.315191616093998,3.1956457417544226,collector
TR_0894,urban,windy,5,6,1.2751979712948929,2864.918696896958,61.39893299356163,2,186.20348177851682,1,4,0.5298860260055334,0.8832795266103012,649.8849067015954,44.35195489425802,4.759972474166496,30.22517151862241,1.031590043925639,-1.7849973082988349,16.315170813776803,19.02982821707147,10.35585910462154,2.5463928242330307,guardian
TR_0895,forest,clear,1,3,1.3142563013268225,2578.9489207596075,59.680187103167135,2,245.36399834488927,2,7,0.49526532616964336,0.8501888390815563,508.3950198718025,63.230346766446864,3.901102087917223,27.38108422357306,1.4696856188478002,-0.8666888545748153,12.776058978382311,9.487841603377081,9.03679907682196,2.783804581922046,guardian
TR_0896,urban,clear,4,6,1.8863497617843596,4224.043475207603,64.5454094576274,5,202.2838289791138,7,2,0.5119468869742516,0.7807524979649401,459.81061230016604,53.71016718757551,2.562043031140438,25.86180986858432,5.976880175365771,-3.3426680386644962,6.301604004123318,15.806140549782766,12.433776825529943,7.06336069667023,sprinter
TR_0897,ice,fog,1,6,1.1458441602716372,2669.8445509945836,63.35167360823458,4,193.0851205755979,3,8,0.4836527766669074,0.7610324782665494,633.3161442590307,40.88303106431458,4.817055957756996,25.677100147029815,0.8671644086626018,-3.801490376606192,14.340060627011772,17.85017460117112,7.5580258313848585,4.728811811342678,guardian
TR_0898,ice,clear,4,4,1.8180376349709004,3716.1902840102516,67.29067490716997,10,256.67978009172566,7,1,0.5775946416898226,0.8406418825154741,482.7629854645074,18.67490106758824,4.393164138295542,25.927019368187246,6.666951798372591,-8.723882758890317,5.419648614165124,2.752193996840653,14.751362221906188,16.42881906674221,sprinter
TR_0899,desert,windy,2,4,0.9562409897007434,2023.2643575739673,58.347418435002076,3,235.06368930352372,2,5,0.6615665644536106,0.8356129101837713,715.4409999625753,42.58806323041695,4.522379063332814,32.8217692030825,0.4993244031861541,-5.9237351193252294,11.147156202109946,12.484696169264646,6.8721680261636635,0.5382334771300132,guardian
TR_0900,urban,fog,5,5,1.696711002700795,3624.313522217159,69.29960804409701,7,223.7278964153766,8,3,0.7160042428991172,0.7389227930539056,527.5294082230463,54.911311796451905,2.445632805426485,29.57317149919146,6.254415356008132,-2.6879247895438336,7.757337139980581,6.900720947899369,9.73539437412873,7.761199954847753,explorer
TR_0901,urban,clear,1,4,1.9495788614378018,3984.369402114504,44.289070308266474,1,278.59278629836905,6,0,0.6174514010804228,0.8149241297950327,279.11014859048686,129.6180849837671,5.773469793245632,28.570531778280028,4.530036519717209,-10.0,10.422621685022893,6.362183477598904,12.91741186059534,1.4103121774237184,explorer
TR_0902,urban,windy,4,2,1.8507419710374127,3327.4665546144292,72.74558676445146,3,238.585752493271,3,2,0.4652667930718306,0.8101583794959027,434.64476645835293,68.19545106838572,3.9613370683816935,24.48468986521219,1.4019734170795535,-4.391152700080843,11.172926996061616,3.7116901474267308,13.935709681962045,6.2893033073340545,sprinter
TR_0903,forest,fog,3,5,1.5251089059950098,3321.337767744136,83.38543576691055,6,208.03292477796467,1,2,0.489948750370379,0.6322354645165592,487.3939736487717,10.0,3.6935243345225226,25.665926709355276,0.39853330481628385,-5.412513806455084,4.668196410465143,9.348287076417956,9.4359478418653,7.373706734293764,sprinter
TR_0904,forest,clear,2,4,1.4341585099291883,2957.7022366544716,72.17687042049036,5,274.98287944746164,6,3,0.6123594146960835,0.8427437581388413,486.3568035512215,62.233627831144,5.962569980695696,29.623217076744133,4.110066629078977,-7.607223071799492,10.859189619098698,7.834795895585317,10.499069435393974,5.157135842318692,explorer
TR_0905,forest,clear,3,4,1.002447727280623,2072.071968763846,62.425858084018216,3,191.44998815561237,8,4,0.466401340952212,0.9138868169813029,719.5685464015481,68.00573174979532,5.117764236121098,27.91440676853386,5.976219612398883,-1.7466637458826217,13.64335572228401,11.810693427857167,5.319913566300357,3.291259971346397,guardian
TR_0906,desert,clear,2,3,1.1017399802220922,2205.901514985671,67.23705087772966,3,186.55072547150394,3,0,0.4795625264396169,0.8970278826762023,563.34763529692,49.448262385199506,4.2402211417210856,26.10685726461563,4.204391422115744,-9.158360282801876,13.390268276573345,4.341572698766727,7.719302714675838,3.47114886837812,guardian
TR_0907,forest,clear,3,3,1.4921192342958338,2869.259336095083,64.60422904851612,6,180.10756679748738,4,1,0.6820414924359035,0.9143281719176091,483.795427595553,22.614018836282582,4.300115793337154,32.70361317433083,2.2133272673454116,-4.314271069683281,10.471508159245523,1.1195343407122336,7.183962102107111,5.84287728491717,explorer
TR_0908,urban,clear,1,2,1.6644567281116966,3030.8561729449757,72.18251009075206,8,301.8478056189048,8,2,0.6199946606783556,0.7361904385841499,362.66269628791235,55.1417793657345,6.331362053139534,26.67287451484399,4.694946149458355,-10.0,6.991770610285306,-0.9308191971634225,9.780347307833367,9.705893859733129,explorer
TR_0909,desert,fog,4,3,1.3119427174279643,2611.3530942286006,62.75390259471527,2,194.32895421024276,1,8,0.6480896032965283,0.8644784794859576,620.3752386047023,37.67017258732355,3.6111708180837683,30.998065706895098,0.522510145988392,0.45646260175988956,13.28941604037658,10.206535556228241,7.6603014359769634,3.8531396897459724,guardian
TR_0910,forest,fog,2,2,1.7289190179020326,3125.859047188522,60.71139586965234,8,222.1644666998135,1,4,0.4330804984211328,0.5845293078012498,464.15953878514784,10.0,3.350010338848764,18.95354769599543,1.263031320788555,-4.856665432003088,4.623493169308327,0.6310182419832514,10.358044707832141,12.279860468277455,sprinter
TR_0911,ice,clear,2,5,1.5687038978907595,3367.205380060846,67.52705762367982,6,244.08056937694192,8,1,0.5992958581196649,0.8147750629040369,448.40828416938376,93.97670708467683,5.198344272923314,28.282569144939533,5.080527463144244,-6.546677728518391,10.442295006909049,6.281435215531297,6.112085307665943,4.490271972951598,explorer
TR_0912,desert,windy,2,4,1.9342112573192551,3872.0478905107047,56.28893508017809,6,194.88827471125964,1,2,0.32187180029918305,0.8418293277217158,380.89607873385245,10.0,3.4349775087778873,20.38882801516877,0.3213173210994379,-2.7180993472704325,10.27677069818353,6.525182031407319,13.640464504152403,6.158557462853314,sprinter
TR_0913,desert,clear,1,2,1.1170703231477375,2086.433391906309,98.0,3,204.06316819975308,11,8,0.583313959274483,0.8084358962935846,606.885265464302,85.58301414650693,4.448124607582043,26.964048466067055,7.660641352376063,-0.724889898458847,12.8425677836154,5.250247923208657,3.453902937801471,3.5081012178880915,collector
TR_0914,ice,clear,1,2,1.7285972258355053,3129.074523096072,69.23929976287319,4,267.18248749402085,6,5,0.6047089345665381,0.6761234171053967,416.5467089472205,70.31431341629002,3.992579552106658,22.637228872250297,5.839207474577659,-5.845116593957862,6.335924081568423,0.360800875677765,9.178577879903283,4.82392518685131,collector
TR_0915,forest,clear,5,3,1.456359188498229,2875.5342928886844,63.555848372284544,0,225.52118015400427,4,4,0.49860791212151245,0.8502513726331579,491.55854600099366,78.76844726412455,3.941970512554227,25.660733733405404,2.47015062398828,-0.6012391201097596,13.780611626116073,12.715574051090172,7.821477206121118,-1.5535095318559682,guardian
TR_0916,desert,clear,2,5,1.4934438406068595,3224.4036954749486,61.75840318531496,3,228.30967448091596,7,4,0.5771048843616796,0.8273490009154217,426.8325226277398,49.678042661104804,6.605216366083173,27.71417548871029,4.357216161798676,-3.319807911812978,14.102092615926441,6.9508799985982535,8.213689860044887,4.936155303005499,explorer
TR_0917,desert,clear,5,3,1.3820982944173776,2664.6692414187846,62.385260971215814,4,186.21387410706848,2,4,0.5001040279273375,0.8649147829724595,562.2634328307206,41.32393364142821,2.9339707694510575,27.265220922677,1.7585004208812276,2.4722568272443435,13.012287804641568,7.710315751517896,9.886683932972367,2.2276741944106844,guardian
TR_0918,forest,clear,5,5,1.2831522224738545,2869.2760836317475,52.26527892020994,3,268.0870419718584,4,1,0.5560414944658727,0.8015148156234368,559.3520707352322,86.55638601464256,4.344839049803192,25.988042190580657,1.6373725551595557,-5.98409067615275,12.756457957868774,8.012183765474896,7.2145445299269175,4.076265553263305,explorer
TR_0919,desert,clear,2,3,1.3126537810039856,2545.6193570197306,73.77734324336467,2,247.93734993417192,5,2,0.41500674985172015,0.7812543033845836,488.9356562859718,54.4957443912683,6.032683553626817,24.865217733033703,4.162179444665307,-4.896423130660594,9.85690774276465,6.287751955019965,6.527977632743662,3.069828969908241,collector
TR_0920,forest,clear,2,5,1.9249439439953324,4204.032764378261,74.64471309729566,2,309.1780425964345,5,7,0.574046130651602,0.905791785793196,385.6883548959434,70.01711792979751,5.245529653577163,31.71346183610605,2.2384352023855167,-6.063693940205052,13.083982344873416,11.029781313688277,9.398778930823594,-1.5336278499985143,explorer
TR_0921,desert,clear,3,2,1.4830283747091133,2729.235778793002,60.47352087273258,8,217.18042286081752,6,2,0.650924811369051,0.7926059469201474,502.43177632990603,12.231468145043824,4.864522975837253,27.458424091760815,4.462936848355238,-5.856149197218048,5.768583562374386,1.3069521277517668,9.970391029848173,8.751984991302717,collector
TR_0922,urban,windy,2,5,1.1482971197815426,2495.002237988877,54.88774135390519,3,189.12688936976926,3,4,0.5037538807764823,0.8862860706515041,617.5328980863821,27.34448251141437,3.704954438807775,28.1654835046062,1.4964260316172213,-2.5629216226968836,12.601277047962101,15.359927222967839,6.565581318522434,3.9016660982220666,guardian
TR_0923,desert,clear,2,4,1.4666491071321441,2996.721292953899,91.16651980145488,3,247.03489050244872,6,3,0.5044341996817601,0.7771871504046369,378.4223167471673,85.70750625858604,4.9271034533108935,27.609968078768095,5.470913528265917,-3.45369327155159,10.643912684157591,8.409563120367606,9.103065874908678,5.131415520997376,collector
TR_0924,forest,fog,2,3,1.332536715392729,2594.1822600209107,86.33355104753082,1,237.9965814429587,7,10,0.562270230641825,0.735145878185957,575.3336387334314,88.88477639119459,3.4817163573190837,25.693070927958747,4.259816033768176,-1.9065966312938596,7.832783739375853,11.635603135824574,3.1570253441873493,-1.18470879036505,collector
TR_0925,urban,windy,1,6,1.6544458155805228,3738.55183201242,55.85863977890738,5,229.33127763982282,3,1,0.46530709487895805,0.7140517715463239,400.96517409091615,33.95622071274143,2.845461609975687,23.432023252854282,0.026289168569476606,-7.919977477845672,8.393086416474015,11.316573056105984,10.064433282254145,10.022903891456403,sprinter
TR_0926,forest,windy,2,4,1.9662398861907444,4012.538587625451,73.38250771778489,4,263.6767768740541,2,2,0.6296198461194038,0.7953367150081229,384.60789154346713,39.61623824543153,5.658659954659376,30.045025714049235,0.0,-9.43923563651413,9.099003123610744,5.220265167778875,11.327213768776268,3.5625214010738824,explorer
TR_0927,urban,clear,2,4,1.610012693990132,3251.1889108651185,66.40773881825676,4,262.24692442751,8,2,0.6415785269690585,0.820894684677717,420.89602790508604,66.65866056466146,5.694198033105961,27.643262450101872,8.360255996612468,-3.8907060180618727,12.922460546907415,7.361032274454153,9.093804492228703,4.374889227027127,collector
TR_0928,forest,clear,3,5,1.9341485378179155,4166.900908101334,66.3773479944535,4,259.5289046946921,3,0,0.6617110519669758,0.8032115939525546,340.5659866573915,48.647363953078326,5.998730782243286,31.48794264555353,4.023360109713673,-7.624535232126792,8.595136858180764,6.020316811142312,13.423291624242191,4.858755589530549,explorer
TR_0929,forest,windy,4,5,1.5256250763351162,3255.193308231962,87.00300341661229,4,268.0884946372511,15,8,0.5488606738255166,0.7700975319641286,504.95149359611315,141.393035886412,3.6360390624393566,23.59603425940221,14.444924925507427,-3.7451601553675307,10.684456058300503,13.244975099729542,10.37042242242887,3.024952763582674,collector
TR_0930,desert,clear,4,2,1.691120442155659,3106.3005798460867,67.33327144986589,8,257.8216037367446,2,1,0.4912315182203406,0.7917438821691598,510.98729868716464,10.0,5.45909200143249,24.0318299703354,0.0,-7.841290929040322,8.821581959644607,-2.987562986860955,14.36902212504975,9.124268142495026,sprinter
TR_0931,forest,windy,2,2,1.9064750409971165,3382.60052202627,70.28876786467113,5,161.65480150037968,2,3,0.40484502466806577,0.7490728534650714,423.05017412794615,10.0,4.564031625356532,23.10495880843154,2.806455902177357,-4.620935499454398,10.148597739880898,3.2261496857955203,11.387852529257783,6.325642537811257,sprinter
TR_0932,desert,windy,4,4,1.547326609852731,3167.888063036421,81.42822782172686,3,194.0610531265988,15,1,0.5841381143049563,0.885857563228832,475.599312900555,113.70501411540481,4.325206336847462,26.823504505216725,13.140790357722336,-5.852040862122928,10.985319766693003,3.416038660945991,5.710667045036974,3.8749882847373813,collector
TR_0933,urban,clear,5,3,1.2468233779469218,2387.8823020425093,65.4565407332594,3,128.84521695991512,8,3,0.467707949848935,0.8552797685710458,591.0469393288546,41.06422391000236,3.8258373870610867,24.315807802734437,7.309241472946777,-0.3117243185994252,12.369763996662522,8.989657566442057,8.352172796988889,3.360045344650843,collector
TR_0934,urban,fog,5,5,1.604755373826212,3438.0878595139475,70.04780500003362,4,253.85732517734857,10,5,0.6533638036970519,0.7368176354870428,551.8129934478375,90.1393531788755,6.4662869540087895,29.664081251187906,7.816939703083324,-1.3010853033506498,9.827734261136863,10.259852943235451,8.861871289796971,5.675598617444864,collector
TR_0935,urban,clear,3,2,1.3204040857542658,2359.3100414887376,57.26159707883212,2,149.02684980817847,1,5,0.6009285603282817,0.8455401556521974,531.1780580980784,28.279066577804834,3.861410924195115,26.7599561894343,0.757708741498351,1.7277729070770445,13.382987790942847,7.950265682220359,3.771417114572536,1.4380728456297893,guardian
TR_0936,desert,clear,3,6,1.8290590249821563,4167.678016499119,77.33478251209672,3,251.52639905299924,2,3,0.34376112464458247,0.8318169302832668,442.76429846812005,24.603252471358015,3.4476308372625057,22.08515211791198,0.15350235773355436,-2.742294231961265,11.825488354275414,12.565722231189987,10.030986756089554,7.366660330085519,sprinter
TR_0937,ice,clear,1,5,1.7031341212444209,3666.2356518090664,79.22880486351795,8,272.8997094138467,13,4,0.6520036622380916,0.8706481062866271,436.5740676695314,89.9300709280844,5.567358587271011,32.96862648924627,9.140429557609465,-4.6437080529958825,7.902972063457078,7.270139581556537,9.46393419676031,8.69100316222273,collector
TR_0938,desert,clear,1,2,1.7476020994195942,3256.8630280754614,63.605573044298175,1,291.27472299048014,5,1,0.5263410506404216,0.7653827778703179,376.6085122699978,75.27946578068074,4.901174668328855,24.332998917775694,3.8147321388297506,-10.0,11.937473552634149,-1.1675601535162055,8.773545653998525,3.7974539749815244,explorer
TR_0939,forest,clear,3,3,1.175020197841253,2340.309654560879,76.03820404895193,2,226.98065626991834,8,2,0.5322468439577709,0.8718351098050066,598.7792831303129,120.66969017323773,3.743181290446722,27.18616278691294,7.497920735613018,-4.7892548820892165,14.785096963382646,9.242010323800418,5.406936823265799,3.8526766910983454,collector
TR_0940,urban,clear,2,4,1.3678832197412956,2847.5066157458805,70.33453392361389,3,220.50586243022607,7,2,0.7278325047199947,0.8558226845907593,521.307391297042,64.61437960626918,4.176729011699063,34.82798425977791,6.4468166345376625,-8.442412638885493,13.986427862679255,4.661135792670143,6.992600721003106,3.6070189658469247,explorer
TR_0941,forest,clear,2,4,1.3596821865693158,2728.6563451010047,66.77021978639198,1,173.0992203607892,3,4,0.42547720488187935,0.9110270002329547,458.8062664826036,56.590689808990305,5.160674192638137,27.426910172267686,4.412565095635594,1.960634355211123,15.374554683561474,11.80195816771549,8.280263964531665,1.824689177941083,guardian
TR_0942,forest,windy,1,3,1.0088271758359366,1951.9978994848334,75.60025033532897,5,160.04187956316338,9,1,0.6180887433840122,0.8026268257227993,609.3700905019394,37.93326851168032,4.094965315457324,27.800141242384804,7.8484058351637245,-5.057217008394805,9.701191272028758,2.0455977728778327,5.4640973656587395,5.739541336951478,collector
TR_0943,urban,clear,2,4,1.923819961662418,3944.2257148230797,58.96165950952756,0,258.7449308857777,5,0,0.3982704559295804,0.7021560374127161,317.22016112464377,113.02705175412865,5.990315861088073,23.621036706869326,6.220098088452177,-7.051445990619972,12.045123236701066,4.524370819838863,12.617537112262056,1.4449382059253242,sprinter
TR_0944,desert,fog,1,2,1.5160607879324908,2837.370947694912,69.88124175312437,6,311.7912152027957,4,2,0.6477088880911693,0.7523434697189475,443.4777122084386,63.516975056423405,5.981666797301356,27.94444304731672,2.0766605492193353,-9.674908569761081,10.146980022331977,-3.595197365058957,10.048846150487933,6.222757465749735,explorer
TR_0945,urban,clear,2,3,1.6791756334488523,3234.6160262478015,50.77529317580559,7,259.7230076479455,2,1,0.5541574420547195,0.7023886175280244,467.048505593084,10.0,5.57605409171499,22.103190917092313,2.2690396627708136,-9.712715164909113,7.749962667096128,-0.08347609900217001,13.284606639992374,9.272360138808065,sprinter
TR_0946,forest,clear,2,3,1.3143595650392452,2574.7676523749055,71.8949944058062,0,210.47210122170068,13,2,0.677015487036833,0.8149678946063847,481.36464007483056,137.80272147844883,2.132272112651505,33.98159014475085,7.609309073433644,-9.277965902423713,14.166398463851182,4.817035478615562,8.431663046500526,1.3881335844006217,collector
TR_0947,desert,windy,1,3,1.2863765580284956,2546.1768878592957,56.87315856843338,3,268.24560255494026,3,3,0.6179254629526783,0.8044552067858746,515.6475506339808,58.23893344055107,5.769680093729738,28.400180750790447,1.0374384103524894,-10.0,12.36953514228292,9.367224340070232,7.180527913861653,2.5428356765352076,guardian
TR_0948,urban,windy,1,3,1.5208467171478157,2849.935409438017,58.38742555231491,2,194.85457609353148,2,3,0.49787986705437837,0.8817953835870771,464.3749286240744,32.74039708763563,6.441661742511453,26.577605828059365,1.492503719913653,-4.308758869858795,15.609049271645437,4.517156586195837,10.420041746627668,-0.9878062426024625,guardian
TR_0949,urban,clear,1,5,1.9386458149555081,4127.7157512835465,65.09037016559421,6,205.0450853881403,2,1,0.4686057983297234,0.7809226400047758,354.32576172076693,10.0,3.8704907131036026,23.756936272060134,0.0,-4.288355515286693,6.769963300429721,9.678748861734917,15.159472863905611,8.499893725293028,sprinter
TR_0950,urban,fog,1,5,1.961709480685562,4121.004517714282,64.95318188036818,6,183.84558787551902,2,3,0.46448482475127423,0.7286417764854429,349.24519727964906,10.0,4.064659925547885,22.18317774703289,0.0,-2.567378636098378,7.207048731994808,9.295205905380383,17.365310779631425,6.048694386222755,sprinter
TR_0951,forest,clear,1,2,1.6915189726048983,3094.683730916416,57.96036886704621,4,230.052436477434,3,4,0.48773618969974475,0.7460206619523252,454.0138888533941,35.10560735987307,4.528234730971398,22.753951920807747,1.0980624509564152,-5.28851576582036,10.822722816726852,1.321493223074912,12.202161785678394,6.17967518400551,sprinter
TR_0952,urban,clear,3,2,1.7208634248957433,3211.940123214374,69.98202273350795,4,284.011067060708,4,3,0.6815906081906203,0.8577525385135013,459.08051660204796,72.94308310548088,5.419001734791941,29.79005874138567,3.200262256947366,-9.632341019960712,10.27113928952003,-0.5207831853728715,8.607245542616816,3.774851666825874,explorer
TR_0953,forest,clear,3,3,1.2916716597185458,2546.566446566709,68.31886530571487,5,242.7979064335757,8,2,0.5638831264715913,0.8503728754666884,527.3538310395826,70.68055091198138,5.399620920119383,28.119484037488142,6.327495738048832,-6.577454824232994,10.416697468465351,5.330051182229223,9.280218277360888,5.510915300200486,explorer
TR_0954,urban,windy,3,2,2.0309414204236034,3637.2386851895685,56.4186538910261,8,225.22402082649592,2,0,0.43731062064859105,0.771123548904329,387.551533942987,10.0,2.711012550044731,23.09650261531318,1.5763884509096298,-8.185431635596055,3.69607738923889,-1.1406080319070606,15.07944908498588,8.742400117267424,sprinter
TR_0955,forest,windy,4,6,1.637323424136113,3757.776734089161,77.33175562796376,4,276.65558853182466,16,3,0.5768004127658849,0.7953962667244855,452.47291183159405,165.27412112596218,5.286192524997996,28.212207320235212,13.949345763070403,-5.401046596091806,10.930429265206739,11.223604448188272,10.1445556858656,6.247498824654919,collector
TR_0956,forest,windy,3,5,1.203465247595992,2622.485241877966,76.24515623079222,2,216.54303713198766,15,3,0.6312937799889847,0.8419603056151375,589.0067217779588,124.86108613593298,4.211696020629405,26.37893087450957,11.196506586271198,-4.754888283581576,12.343461617855429,10.564684029472112,7.632721342662405,3.3212362584539097,collector
TR_0957,forest,clear,3,4,1.6315823675640417,3362.1579620158095,61.7075810378864,5,256.7584941702819,9,2,0.5068546244223585,0.8221090399559913,446.98669057376406,93.36838846937364,6.114127821267944,23.345497479599054,5.907901928994395,-4.243687284116605,7.60159317221498,5.866705978638616,9.392339452564723,5.968162645909015,collector
TR_0958,desert,clear,1,2,1.2858528032621512,2416.991856225873,83.2272773956492,4,193.3028059777814,8,2,0.5083405265973268,0.7965140678883955,484.4657505852665,53.96900269602276,3.9468711293249608,21.780125738125243,7.186306005482317,-4.893311009173463,10.550963651373479,0.75023774107306,6.6754380845430035,3.5707373149380035,collector
TR_0959,ice,windy,4,6,1.9119425039623368,4288.844353507995,61.61613648252593,10,226.98324306807424,7,3,0.6720620598473732,0.8213913268129436,483.6516091559168,10.0,5.7124652437615735,35.918975035152556,2.673799777372456,-2.8497520413118993,6.6556813226319775,9.441016771677523,15.109537412451601,12.097126886113756,explorer
TR_0960,desert,fog,1,2,1.4647377517429883,2724.252381975267,79.82015633750247,5,217.30103175056632,11,5,0.6895414303089173,0.7536070883336857,520.5607717631254,79.92338994833537,4.687752630395909,29.003039154326043,8.899742428619916,-3.943740237302572,9.198842473457718,-0.31282566830580505,10.73514907176747,5.970406955649976,collector
TR_0961,desert,clear,2,6,1.6330726825604374,3709.9407001730315,60.11300180519502,9,229.1454078360732,6,0,0.4830811952217628,0.7635303419960423,487.93401942552555,19.974885823252748,3.4273597887674914,21.192600055444952,3.2471475826740432,-6.679868665086467,8.548487281906134,7.759541174030995,13.842779892208748,12.818738872843486,sprinter
TR_0962,ice,windy,1,4,2.1560756558333947,4375.274576974388,54.29468837254966,4,206.26045807436913,0,0,0.5229995979540294,0.7814613638880908,292.99069410011344,14.460368869165885,3.3801013972349763,24.418068814461453,0.0,-4.683407944682595,12.264782038417142,4.338280676996124,14.414866506207867,5.814519178886863,sprinter
TR_0963,urban,clear,4,2,1.202908806597098,2231.086851065417,77.5958112166857,7,232.8001995668899,9,10,0.6007065909432905,0.7091313884861528,697.2242648426645,11.865491108843159,4.7369109888155,24.577790756665312,5.411005164607084,1.0049546907525848,6.817756296338754,1.1772449673764318,7.763345336257644,7.727413893740177,collector
TR_0964,desert,windy,1,5,1.6689798250765269,3633.9334942182963,67.38788102610708,9,257.86482068252366,7,1,0.3462235278096686,0.7367595595542783,445.9680860547959,46.88394799665501,6.078757179700953,22.193223430541188,5.598889936546646,-8.135072333892069,5.488098526745406,4.440251230090088,13.41321173476264,11.832646328190858,sprinter
TR_0965,desert,clear,3,2,2.1130245898632003,3844.2740636594494,69.17261023840314,4,210.58227752163546,4,0,0.5130900525723495,0.7626084985692092,332.9647609311496,30.686676443680863,0.6841933100776583,23.306871276457308,0.26274749522963026,-6.80176703053189,7.265421518318675,-0.6502994180432364,14.363794017423594,5.3889850601545355,sprinter
TR_0966,ice,windy,5,6,1.2419147875913532,2817.0737048623164,78.86073883595212,9,211.86978817715212,10,6,0.5970060610704886,0.8049496972737838,656.7203435363065,23.865176642728187,3.8516897640856165,27.480426215178255,7.985880921777815,-0.6658954093548122,6.179672575397528,12.431111329271642,6.684158793568873,7.3308450513271834,collector
TR_0967,urban,fog,5,4,1.2033795208332314,2455.759988405684,82.00980371454999,4,231.96680022626305,18,7,0.58782895897479,0.8667573433073184,589.152199750627,114.06568030141051,5.493223277318595,25.7387237678456,11.345113399548195,-1.206237648208676,12.59502230964577,13.28235532454427,8.686815343586323,4.76827955646229,collector
TR_0968,ice,windy,4,4,1.694612882844308,3461.6547727610305,53.20888978043561,8,230.45240642213835,4,2,0.6066513764888212,0.7452650104693377,487.07005919168535,10.0,4.863865166810418,27.99712054749322,3.6340996625949122,-4.189144575569452,3.549493606890282,1.1884624373369972,11.992007647956969,10.90540271250193,explorer
TR_0969,urban,clear,3,5,1.7095093354958866,3632.8996485625794,44.68130658236902,8,199.9257800885613,4,0,0.4442407752585957,0.7549438213030943,449.64951019506543,27.69552062993553,2.652463554827939,24.58355943917091,3.0352492741997015,-3.625959972614418,6.287113592884307,6.984442294443544,11.490154020508294,10.174069703995261,sprinter
TR_0970,urban,fog,2,4,1.6136584009566644,3238.9605688913402,76.33316992477212,6,265.52682157526857,4,1,0.5379829771166308,0.8291743313547693,417.75563215126806,19.588552855514454,4.294477220866619,24.58530629573391,1.695144179062621,-5.884649532398003,7.405364994348116,3.924295968646704,10.253666994472958,5.762767610908145,explorer
TR_0971,desert,windy,3,6,1.4431370568457664,3263.508792710668,83.74666775771728,4,257.57906598226043,13,3,0.5059507601405129,0.6842916682335667,530.011959851649,119.90180945368692,4.323001984692553,24.96583999713764,11.822629223728818,-3.0928527182661463,6.923900415890876,10.066228575403482,9.613076109878996,2.458667737752211,collector
TR_0972,urban,clear,2,4,1.864206192140584,3748.33682840903,67.00662504566796,6,200.13566150853006,1,2,0.4256562120866757,0.8091227801656383,340.078428314024,10.0,3.7298795264121867,22.015163004406627,1.8249609047972317,-5.149017081922481,8.339551838356819,5.49337041537063,15.310115255515976,8.357980281309551,sprinter
TR_0973,forest,clear,3,5,1.5314816843219756,3304.838721454875,61.98696758568103,2,225.8792207343428,4,2,0.5715402086670243,0.7255924847474944,437.50506850325195,86.16843169176892,4.36935224216565,24.946553980171096,2.1032629430014085,-5.982447974914659,9.562659116001312,11.072479042458827,9.29645422854907,4.1938609879519895,explorer
TR_0974,urban,fog,3,4,1.9750238528846076,3947.6824920089184,70.08269542368652,8,210.21612916011253,3,1,0.47401502317717475,0.7096504994812861,387.7389642758826,10.0,2.605076507202681,21.80678898491105,2.0797332225413494,-3.3097496045609516,1.9672321079482962,2.9341753422197905,15.494132630571936,10.837903419836447,sprinter
TR_0975,urban,clear,3,5,1.8285196157914085,3846.1439195658927,63.923191594064264,4,153.5610075509454,4,2,0.5420628688341715,0.7073734266063991,393.09421515235533,19.42460382929695,3.374760701016898,25.521456534525328,0.7745377946715268,-1.6796118261744803,8.660670867953886,10.10476112987535,13.58150190628703,9.99242485646403,sprinter
TR_0976,forest,clear,3,2,1.3039273434405292,2381.0909927690645,61.3833394406436,3,179.9444587054457,1,6,0.5219753929857531,0.9149487166988748,586.2666209758022,16.537113811574464,3.832244459724541,27.177548553519944,1.3760131121509878,-3.4534519454130277,11.987824179329687,5.850229199198997,7.241482479035675,3.519267770417257,guardian
TR_0977,forest,fog,1,2,1.8355571376790198,3354.2690070300746,68.1458069404643,5,274.3239886289783,3,6,0.7687642159883921,0.7085749045972375,386.08644849518134,50.79229974659833,4.033439375893265,29.555379015540634,0.9046051400063659,-5.86836937346201,8.405479623479371,0.5487426461959033,11.118939726013465,6.079536470868045,explorer
TR_0978,desert,clear,3,2,1.505278497538584,2724.849006592813,71.97719712623953,5,181.8778515277886,7,4,0.48630736983144707,0.8809784783337608,506.02509345840053,52.30981366856908,4.134871359944193,26.44496583849948,6.147584402363751,0.6552838589978098,7.867053431160786,3.09105281035207,9.344859874134356,5.826392923659575,collector
TR_0979,desert,clear,4,3,0.9733307083716171,1890.1534623268049,51.74289839840922,3,207.04303758630581,2,6,0.5366268942300055,0.8688684582282662,707.4490392888052,25.08469196633719,4.539609475403572,27.870067285113834,2.6992859841219614,-1.9560381618021616,14.694359168691424,6.613992328801226,3.0392352413074213,8.455550987858535,guardian
TR_0980,forest,clear,4,5,1.2867646228142868,2765.8842406909935,73.8771049164924,5,228.89546615002357,11,1,0.6062819223645906,0.8420148203953545,539.968029650879,96.60690416418149,6.4148379736682175,28.873912331510528,9.386616881896135,-4.472558630226147,11.38504762324662,8.428274269166694,13.21380015078929,4.8845208563992335,collector
TR_0981,desert,clear,1,5,1.650494319678585,3612.489782843505,69.55696926039634,1,202.0312695962023,4,4,0.8200363022002534,0.7754919491683802,426.70485568044575,77.17809421528175,5.270775310091036,33.711038074102824,4.296475488360102,-2.370564191521134,13.098977405739857,11.60302939028352,10.717784831018063,0.48567627212362263,explorer
TR_0982,forest,clear,1,6,2.1478446661340738,4791.0343425841875,70.72386262713879,6,207.0231023527761,5,1,0.4660710911830762,0.8295707172342327,324.0118960984984,39.008607631306376,4.164538685627753,24.13248606213923,3.8374325043036333,-0.17145660167163462,10.118600710772682,12.129915347931988,16.341963069054053,7.621681917255335,sprinter
TR_0983,ice,windy,2,2,1.8047691647917707,3294.841403520667,60.91899258966251,5,282.2054551031672,6,1,0.5650055471908553,0.714807815447216,386.8198098101445,90.4054761110123,6.174939616932631,25.628157500605443,3.4428413943272345,-10.0,4.606644127634549,-1.1347960444670004,12.38311451227857,7.777751660785691,sprinter
TR_0984,ice,clear,4,4,1.4883091249579448,3055.526521495185,64.29611747926896,4,238.68457158189375,9,3,0.7281488896398214,0.8765164115865397,539.8536992977,91.24905295799368,6.3630759647955975,33.81466649750447,4.961052234384411,-4.986183583600978,13.092213780368734,6.82171636653405,10.877997874931069,5.521532979881555,explorer
TR_0985,forest,clear,4,4,1.818300980682475,3692.005533628671,64.60745885727864,9,189.4238615714667,1,0,0.4890911726891909,0.8433979414272643,453.8323879434533,10.0,3.983473061814623,24.38689614071821,0.0,-3.3551384138754092,8.025207500643624,4.653830997464473,14.763368192132383,11.012837301233718,sprinter
TR_0986,urban,clear,3,5,1.3363385119722337,2960.8229852231543,71.48169067455606,4,282.1062476880723,4,2,0.6535033164482893,0.8352546183244084,520.3923155952888,50.704408899799944,6.714133253862415,34.53859130222555,4.617868726730735,-10.0,10.394545328206593,7.269352948557312,8.563274738287522,3.7174370629403564,explorer
TR_0987,desert,fog,3,2,1.372642933155287,2509.335827111666,56.53776618120542,4,228.9186411089334,3,2,0.5671320572610206,0.7295689375164168,517.9250298328317,63.903967312971886,5.508653229058616,24.977472627145723,0.0,-6.6269888514071535,13.481556268404397,-0.20002390151417648,6.0641818182102725,4.014434174381661,explorer
TR_0988,ice,clear,2,4,1.6512051468940658,3322.830157214503,61.75026788692769,3,198.17920758337223,2,6,0.532806402323594,0.8958350876731379,474.4610658430735,32.90084708519044,3.766419867292809,27.409970042618916,0.7361897562771199,-3.3505636357216924,13.359474244555198,12.408784512873344,13.273651039444971,5.543896294709165,guardian
TR_0989,forest,clear,4,3,1.8909621135083141,3625.445698459925,61.81849120445679,7,160.300430965837,1,0,0.4597448502352046,0.6954989738890288,419.7650337958055,10.0,1.7409643988075727,18.763600990850247,3.067744698202365,-3.9395260402205787,5.9735456337217565,1.1606684711968296,14.961851274797006,7.432977097831518,sprinter
TR_0990,urban,clear,5,5,1.6216496545458696,3423.1464229463404,71.75319470711334,9,168.60954398943352,2,3,0.4406512065530995,0.674225289670543,520.9306396268983,10.0,3.476632061156234,20.251196589828975,0.0,0.8833665254662268,2.2906669010076945,9.3727383569768,13.334181916486415,9.94388765877268,sprinter
TR_0991,ice,clear,2,3,1.9219206916918143,3711.7344984110578,61.52598949800508,5,259.0742386244512,5,2,0.6165675744626848,0.839728446850634,345.5334688590264,51.119733827010265,4.879740936512807,28.845643379989227,2.6066020339188833,-6.809455678300119,9.75046925775694,0.7518523346261097,10.596569389339358,5.415404628173844,explorer
TR_0992,forest,windy,1,2,1.2175146401234727,2295.5731321637736,53.03123316807706,2,234.06725809391713,3,4,0.7276538473893293,0.8431096719446182,542.6816404086007,66.66298628864139,5.667453816447079,31.194292494374288,2.302322386388789,-8.813009708672753,14.34903912587373,4.774036354871367,5.554119444183008,0.8101711784829988,guardian
TR_0993,desert,windy,2,3,1.3299876847676384,2499.6003020485036,73.6414673647186,6,224.92614086225012,9,5,0.6731712933365034,0.8304554887081804,505.09419653456393,77.50673325810722,3.1993642476467627,28.5262620829211,6.755082429207619,-4.8140592556239294,10.190699363863885,5.072040535352771,6.304078722317287,7.38723553982793,collector
TR_0994,urban,clear,1,6,1.397893202963308,3193.160320005753,60.027485916945324,3,234.53513500007938,2,3,0.5948177634756447,0.9224133879240721,465.2290920801708,45.339693682599936,6.066776527196017,28.740607898875673,0.5526915849839966,-4.798403542658751,16.904143247276316,15.083380422258303,4.4835446382557205,1.482891963697717,guardian
TR_0995,forest,clear,4,3,1.551268167813729,3055.4191214831962,78.22196871356084,9,251.60304190112504,2,2,0.6789056453426614,0.7951038577974945,565.8955596189709,10.0,5.012915492117779,31.932677251084563,1.1211366093225046,-4.961038041301872,6.552320251212138,3.5556484595616276,12.167513154191598,10.209462124462018,explorer
TR_0996,desert,fog,2,2,1.7720235668173132,3224.0762635068545,63.477780905182605,6,304.7416177397526,8,3,0.5952096963311516,0.7285546459943464,394.04963125497295,78.29536064078604,7.323322408375196,26.267730144010663,7.056200321774048,-9.755078475419097,6.766489154052464,-3.0351342440122697,10.064095002294918,6.3496806645726345,explorer
TR_0997,forest,clear,2,3,1.421114349288861,2704.7505835479083,71.7993966075078,3,220.87492111996784,8,3,0.6041516342932504,0.8708290993930183,434.5151059457821,71.14394405523277,3.7479415825355673,24.6795744636331,5.615183808316677,-4.451176281865993,11.872295594591543,5.323423894071751,11.700132166510341,2.9544793125022206,collector
TR_0998,urban,windy,4,2,1.7730151141514379,3231.552735053739,59.27415661904459,6,206.01395409699384,3,0,0.40443038395260134,0.7110727982716645,449.4848821152365,10.0,2.8083705806647226,20.446969749474732,0.0,-5.650573560715648,6.433537371067224,-2.682892130091613,15.958902169554925,9.365572275073724,sprinter
TR_0999,forest,clear,2,3,1.225242175043029,2378.766766982894,70.4022284622902,4,242.77895748103955,4,2,0.5282486538856639,0.8177177594173175,505.56202739820117,83.5541282457016,5.408572558751121,26.334261180941635,3.7629107913951243,-8.803956367988759,8.05012179226435,0.9399138113714027,9.975184759461944,1.5880232938209664,collector
TR_1000,urban,fog,4,4,1.683926473788936,3449.3858083499094,59.920246392817816,4,214.50746219799018,1,5,0.5858814208646677,0.7567133572758651,461.77002000925205,21.455110013522884,5.17920993966248,29.49852027817657,0.0,-6.350524682378914,10.877818420027628,11.587097757853334,9.821892367220208,5.126292974732432,guardian
TR_1001,forest,fog,4,3,1.2400520437589515,2435.1550125450694,56.59054526124925,10,281.7931805373741,2,5,0.5240526332816414,0.7043231852890377,667.2109945352361,10.0,5.188336020582425,26.09503806608165,0.0,-6.473364535021503,5.317848251318124,-0.2192763551114172,6.586768789068815,13.702126748470514,explorer
TR_1002,urban,clear,2,5,1.8208570742466796,3927.4190909467015,72.0537170535952,10,265.76552701711853,1,2,0.5307367953953428,0.8132355059701991,459.49162240303224,10.0,5.178304536011628,24.414276609534465,0.0,-3.664429579303725,4.926687919452569,5.215395527322965,12.360748625166828,13.74348583404393,sprinter
TR_1003,urban,fog,1,4,1.2130210927902767,2511.2707644458374,79.55693526574487,4,215.60711153004928,10,3,0.5286105343508571,0.7293983256704254,538.6938727464089,78.53655299574434,3.3193639895196005,28.6418973315307,9.084292811121003,-2.130388117196584,7.586103170575374,7.2936914218516105,6.371840400357516,4.24137451668577,collector
TR_1004,desert,clear,1,2,1.4921619806558657,2740.437310079605,79.80776658958173,1,211.4427082433614,9,5,0.5168139505189012,0.77137814390164,440.1397462444841,93.41235018707053,5.001486166448235,27.89928986692217,7.965741762335288,-2.2520079844137357,12.967959962723619,6.802910347106617,7.949679323814095,0.7241985407620175,collector
TR_1005,urban,clear,5,5,1.2104054091229315,2656.9801504956054,54.61955315342635,7,259.9019571707612,2,5,0.4957860082063419,0.8576570188223708,681.0004482136712,22.981517069614352,4.477447971415613,27.339005991292066,1.5361894782194865,-6.129770344897326,10.052576493066843,8.025970886220724,9.102983589245865,8.149959087743184,guardian
TR_1006,urban,fog,5,3,1.476849489214761,2872.2886921140803,65.88293442152795,7,245.29275120653227,3,3,0.5983325915756345,0.7924773228768548,555.3103638017334,28.40326023827825,4.394605609332993,30.59496805238892,1.569961189341714,-5.421372976266874,3.9767564126237342,0.3228026337168042,12.745437481376623,5.882124069890544,explorer
TR_1007,forest,clear,4,5,1.795621191888818,3894.264033391599,60.64512705644745,7,315.69388942052115,8,3,0.6178781194798207,0.7960494190639523,421.8841502961509,61.608282425596016,3.5770325168036514,30.129762912657604,7.538578408766466,-9.922493278115514,8.515963786652794,5.230323968547922,10.376916950507157,6.625689696963238,explorer
TR_1008,forest,fog,4,4,1.5743079011464536,3268.5298197646302,84.61223762918891,7,319.0936042395305,6,3,0.6154109258789802,0.7656153132801512,555.2826449685741,52.353728784105286,5.444124364494322,25.706069576822685,5.444507748256626,-10.0,6.958174105735215,3.2763731502105267,8.111708890386703,11.591237491521762,explorer
TR_1009,desert,clear,4,2,1.8510279025561542,3328.594447413215,63.64053509803269,2,199.6715082390615,1,2,0.35363536956650565,0.8171616536931284,399.49202817787034,44.175054003536225,4.052705549524656,23.107569040709297,0.0,-4.8306238231333944,8.884351426632882,1.839781204837191,13.799595562300157,2.857933426027389,sprinter
TR_1010,forest,clear,2,3,1.3602633296139233,2635.8402804074485,85.77807883933862,6,214.96878752927626,11,6,0.5991917450163923,0.8429963650074488,521.3190456902788,62.88982317317257,2.215000877632066,27.842477376118648,8.726374208662248,-2.8055947254470386,10.361476225494044,6.742338878389825,9.39387886966076,8.343293342238486,collector
TR_1011,desert,clear,4,3,2.219847574778806,4177.801498150647,71.67190320730596,7,201.46846669810006,0,0,0.5099283920635466,0.7245132572137998,365.31834782745517,10.0,3.564830993807113,22.10413652513328,0.0,-3.051544696058343,6.426513712743709,0.2935314992989686,18.335368195229332,10.196980173697042,sprinter
TR_1012,urban,clear,1,5,1.825619670867347,3938.8332571518777,58.55512452952243,5,211.1567708452289,2,0,0.4749420544383477,0.7581717294131124,349.99772786122446,28.581121943504677,3.2926219633740654,21.780645730364693,0.9956984930991222,-5.16193689955487,8.562490334151125,7.324561041676412,14.215352582772919,6.910190525226571,sprinter
TR_1013,forest,fog,2,2,1.6606566627568433,2965.063324873702,70.52369499780504,8,222.86855855181784,1,1,0.5544530859448334,0.6833978960297513,448.6110598659594,10.0,3.993791215210114,23.191305924910637,1.516968289968718,-9.356725792128652,4.0173796084084135,0.5223655809299941,14.294137516900356,10.494847634946568,sprinter
TR_1014,ice,clear,1,3,1.8909852335508979,3606.4863944136546,63.18506497828149,5,213.54565471586054,3,0,0.6250186332139915,0.7370936947451887,356.0329745480996,40.07940752121412,3.781876665547722,26.98962646194916,3.118141095937906,-8.585469476760073,7.2745725437388895,-0.86108275984182,15.119735642471468,7.329987161157376,sprinter
TR_1015,ice,fog,3,4,1.9690982203886713,4047.8809472899825,80.62837721541997,10,226.3952501879589,10,4,0.7297599668211805,0.7223275909899683,452.71003508045726,19.243266813278098,4.79437997701463,26.8862524281023,4.526701958895524,1.5349582744635506,4.48468726331325,6.427813369421253,15.965256042120958,9.634423419948673,explorer
TR_1016,desert,clear,3,3,1.4738538228960556,2871.6569761069213,74.3520329290762,9,284.4338236273483,5,1,0.7875156534657491,0.8011079366147456,504.13085100378726,10.0,5.834122272593807,31.33107428852947,0.8519541663221828,-10.0,6.151595000546027,-3.7301080917278044,10.905230082541927,8.398491741525604,explorer
TR_1017,desert,clear,3,5,1.6334585264269084,3481.462098811054,73.93094116260087,5,185.30698006347995,9,4,0.576047695671042,0.8637392328072667,496.9096671509235,51.007004031188956,2.008847147304992,29.23645945049957,5.979933461065841,3.0371137833991253,9.95086579043052,10.556441978261093,10.92872809024066,6.307925120311585,collector
TR_1018,forest,windy,2,2,1.4248925587731152,2585.743591318275,68.26872881989773,1,226.33254494367242,3,5,0.6801384015621994,0.8554864598277686,473.1287586421368,60.30146707220189,3.9522287697762475,32.34191925919902,0.19690080734594706,-5.702351559951904,13.089519943846648,2.255097108473635,8.557712111244316,0.3779998295200624,explorer
TR_1019,forest,fog,3,2,1.9273710727036695,3490.2250801362557,73.11818807298683,5,275.0237722557177,3,1,0.3812197240033608,0.7349940724759666,401.8467496653129,31.157903984554856,4.107544468074948,20.17005722791,1.352107831247494,-5.718439074954156,6.7151143074045585,-1.109574407028329,12.915476346132078,7.9683268653390575,sprinter
TR_1020,forest,fog,1,4,1.7992552074176735,3638.0009261332452,73.08550085170157,4,176.04285900704846,3,3,0.2978035311948455,0.7007127246259791,383.0676029733025,17.14022233185241,5.08774090056264,19.91005021040042,1.1165312587428167,-1.4745322037454918,7.64268765512196,6.838900528278779,10.912716451734928,4.673157762376102,sprinter
TR_1021,desert,clear,1,6,1.4008607627287955,3225.331581324273,66.94657865490836,6,255.25804233154065,5,2,0.767248727041587,0.8214581095197533,455.8741238371292,57.07146487234266,4.887604519764837,34.07005450448796,3.9611566462089414,-7.225876467351495,7.250760451086,8.983551131498325,10.825723178734581,6.4191399636319515,explorer
TR_1022,forest,windy,4,2,1.113641955031768,2019.667907113964,62.26860304159092,2,191.8594112865023,1,7,0.6453582954207963,0.8697403646445485,625.2864620663167,64.56002261509359,4.285234938884759,28.307547449345908,1.8899132118349995,-0.8384023308563213,13.2746995157596,5.0798270931267995,7.767581321043259,4.512881170184782,guardian
TR_1023,desert,clear,4,4,1.3685376267885176,2734.467949318439,62.77632758411557,4,165.2709926336769,1,6,0.5920157836404502,0.8630269924721932,576.3031675141226,19.959844083823327,4.924352390573156,26.528761629904448,0.0,0.7181831943660674,15.997299532812542,8.937104007207498,6.982374358230784,7.2013040644620165,guardian
TR_1024,desert,clear,3,4,1.6397712127313653,3288.428153634297,66.34259257911381,6,163.8120075337302,7,0,0.4379216995255904,0.7815387260986193,447.03934574155755,46.90563612771737,2.4098984708274824,21.521445402273727,5.4289208824481605,-4.058046092699896,9.301373855443774,4.330720229998962,10.565996708741888,8.277704147439383,sprinter
TR_1025,urban,clear,3,5,1.4367047791453622,3146.691051766147,60.03067504024749,1,255.99636476871228,3,4,0.788723173251323,0.8865577278616321,480.9880046560255,70.51079888758287,7.3084876058704715,37.98520073404216,3.497340448013699,-3.8093769387012464,14.221296449965399,9.638438255488435,6.158815428641027,3.2519760204298747,explorer
TR_1026,desert,clear,4,5,1.734804711602421,3742.4669859784726,70.24458727384966,3,205.19241461775061,2,3,0.6261512928793407,0.7958442717000886,428.68259889698555,53.452479036555026,4.947794501257655,30.886539787915012,0.4340430210256978,-1.7931829588495254,12.014143786396208,7.7827622613898075,11.124704172183103,4.882432790976791,explorer
TR_1027,forest,windy,2,3,1.4997387445160384,2806.5692630042695,54.27830665340511,1,136.10789295095807,3,7,0.44599667667325366,0.8147736386260749,493.94152660684165,51.080868066658596,4.961207300634749,20.9965057320159,1.8768754636048357,4.860426069286845,15.17204629548296,8.532540600439416,5.335968759238675,4.636487488081469,guardian
TR_1028,desert,clear,1,6,0.9974390939765053,2272.0477036608504,51.89205003687612,2,230.3404944377316,1,3,0.5106445805438555,0.9390607424554366,604.6740795386573,68.33844964859732,5.341882479019919,28.504525212501807,0.01605506993145417,-10.0,16.998017288143153,12.74881326369415,6.165430922388149,0.9743531924905579,guardian
TR_1029,forest,clear,2,5,1.0852921786348346,2362.5057670792353,69.27959382494191,3,238.70756036097006,8,7,0.6026459562972023,0.7764127876983178,647.7496986334778,75.67954287030172,4.817641828421528,27.43576422135762,9.847000098623235,-5.094462722381427,11.956435585730139,10.47438943535684,8.767710095105773,4.137412030440749,collector
TR_1030,desert,clear,2,3,1.9685605785643836,3801.6047264171525,54.493545971660275,6,221.73262763298905,4,0,0.35384240744083495,0.7391964743718005,317.0071177666417,38.88334907653114,5.398733160000737,19.446289278953643,0.7568557579433739,-6.648387283102338,8.623653617590122,-0.8920871230545003,14.992194971269948,11.418594651478656,sprinter
TR_1031,urban,clear,1,3,1.6233557662843479,3102.0075709706985,53.00939222956734,1,157.3007159137432,5,11,0.506559120508301,0.8888984220952776,479.0248975605292,56.914173686680236,3.3737750049330004,25.54333091676795,3.657825608219565,1.8889740952131615,13.932408587635349,11.314946783273935,6.099416669226737,0.6384806750189866,guardian
TR_1032,urban,windy,1,2,1.3866074906993766,2493.456383767967,40.728679177169695,0,170.8651349769917,1,10,0.6386684456872724,0.9000288410146717,480.4066923490016,26.764473691536555,5.592032695769115,33.62138580341428,0.6682476872659742,2.956646473268985,15.386769599695677,7.82487105796614,9.224844419554397,-1.1962999888570618,guardian
TR_1033,urban,fog,3,5,1.5895852359326703,3375.9099159188663,55.57887836082702,6,191.3099629037253,4,1,0.5109237609895938,0.7220347980037848,468.9012827690746,16.634287393159305,3.1035917748205835,24.432164997229194,2.317121745773821,-3.0577333684897825,8.219454177389634,10.668109794141552,12.712786040374596,9.572560364053318,sprinter
TR_1034,urban,windy,5,5,1.282762295019358,2773.818156467439,63.00860565092321,5,195.13081681543318,3,5,0.6139416859563861,0.9794288851424738,640.535876342774,23.50215892607283,5.0623935818462975,29.083441344760473,1.1400116898227188,-0.8534831157304024,17.1432059559916,11.209833476238897,8.51001814919671,4.201218096720651,guardian
TR_1035,ice,windy,1,3,1.638940348426749,3205.0496795160825,63.902041446547706,4,205.78092421230886,10,4,0.7412616667289652,0.7076382365562386,400.0076095045633,79.28149620905893,2.12077174231904,28.90117793504562,10.642439277097285,-4.0777673920117845,6.104104849143487,4.8169381877113295,10.886882307586092,5.634030209457539,collector
TR_1036,urban,fog,2,3,1.682519332507108,3267.122139567521,60.474934325145455,3,222.7813840294155,13,7,0.6097921476853659,0.7661718139019811,434.0328751865848,118.89954413832466,5.242459585993895,27.42007773896352,10.74143723424431,-3.3211261455804664,6.934674806005139,5.352678965578453,7.881346685930724,4.0548635059151374,collector
TR_1037,desert,clear,3,2,1.3058049686190045,2350.0019858761393,70.08769824358816,6,241.28392843717216,6,2,0.5081075395732717,0.6847119378376746,523.2004344984156,49.75948754830242,4.653694364852771,24.750800360016004,4.1622711234058185,-9.652004575886256,6.476695863401456,-1.391241883529188,7.737765479821375,6.09193351206695,explorer
TR_1038,desert,clear,1,4,1.205366688259987,2448.7259264010822,72.32035831605258,4,218.9591109591336,10,4,0.6791117036249822,0.8352771309594001,563.1188160878291,88.73449134571628,3.825462630336525,27.64134883427051,5.682009106812493,-2.7033601511573093,11.184524326626127,7.511427405168726,7.742365041528696,5.457533277472362,collector
TR_1039,urban,clear,5,4,1.1901019669809203,2478.0303481070964,55.808532632256394,2,221.47286148572888,4,3,0.591618211786627,0.8954831585317891,604.4988240042929,78.76874991742214,3.3248302897948108,30.480745742160135,4.387700735131765,-4.504444062013837,15.713549575797309,12.013376219037067,9.170602910076722,3.1284424688450856,guardian
TR_1040,forest,clear,4,2,1.182044041571495,2179.5051620047607,69.44661844756895,2,228.01121905340426,11,0,0.5461285753163851,0.849036703503897,538.683727623414,120.61493630250543,3.496602637447297,27.29251613424395,8.215596068830475,-3.9626778661773123,10.33179975856601,0.6328166499810497,7.905411509815426,-0.8266582017678994,collector
TR_1041,forest,clear,2,5,1.5944198976464012,3400.8035094283873,70.83195629316796,7,221.77380299955178,5,1,0.6787574460490439,0.8504976240400443,418.527952019319,29.158767505903796,5.366251163719965,30.33574919436264,5.0413638011316575,-7.225697379301098,8.86527728627202,6.50519707792596,10.310693872591555,7.338047209040531,explorer
TR_1042,desert,windy,4,4,1.1704233835172086,2421.301203260492,68.1822673944897,7,261.8703535482644,8,2,0.45114832173311475,0.8396294490221488,640.5867583509483,67.93930747052859,6.324976080229178,23.74938776668211,7.300442811368329,-9.339778214752632,6.488291362257092,3.4477140335115113,6.274317987416472,9.921715455812114,explorer
TR_1043,urban,clear,4,2,1.983811933883,3576.4407717213585,54.22243599728567,7,170.0117702503525,5,3,0.5863967303362073,0.8199453159379063,453.31785038556177,13.826141341742883,3.7607581250505455,27.483289777221888,5.19920152382817,-1.618540164432194,6.9607954154539655,0.8656611266496728,15.510988003885062,7.458615639596125,explorer
TR_1044,ice,windy,2,4,1.3218992177655453,2757.3843594938553,80.84863695227216,6,262.7403862752361,8,2,0.6177678072869932,0.8962264160578813,490.6901514666663,88.98168037434299,2.4878959830048193,30.935151091840797,8.036046766267427,-6.5327106472041505,11.595582006384616,3.8626382923478833,10.64753806562624,6.829922647264177,collector
TR_1045,urban,clear,4,2,2.0316254779832583,3670.6355734619287,71.16435666252417,5,231.35975711469212,0,1,0.4866874311699048,0.6691963335759473,387.16277138237854,10.0,3.099054920145577,25.68764490562132,0.0,-2.4455212027706166,5.447339386008396,0.5256530282041743,15.066577611769471,4.182510179962691,sprinter
TR_1046,desert,clear,2,3,1.6223259366861345,3125.9455366543443,58.65012623963121,5,182.4792570239721,4,1,0.4075421518311481,0.7748791491393662,351.78658270553103,29.50508870619138,3.1165845349237675,23.62107237091113,4.3488144818591135,-3.9462776182199586,10.030708923345266,1.7643403039993912,10.398193852219068,5.5821896121860055,sprinter
TR_1047,desert,clear,1,3,1.6410221637187228,3210.114651604127,81.99443386739685,4,243.68523779625573,11,4,0.6714375808446397,0.7895783655720189,474.49641477901065,68.25865799765326,5.351031975116365,27.083124736026384,6.524293993309436,-6.99519919074276,6.7592013276199845,1.9353863431614502,9.49334892866554,2.0294399748883314,collector
TR_1048,forest,clear,5,3,1.305440605059401,2602.750943434782,69.96919639110001,1,199.12192731920717,5,5,0.5525636842880367,0.9898151988229634,538.3701011404152,88.49543070248097,6.099744242358926,30.6881759770957,0.17688960962033473,-3.157709239215,13.997976093135295,8.953503027637137,7.607094699357291,3.7472669380226824,guardian
TR_1049,urban,fog,5,5,1.1132312645202231,2459.048329188181,67.42429842459384,6,224.095887150815,4,4,0.5275553885635845,0.8212345150838714,658.2903754138744,41.4648916091796,4.465344094656325,26.75470672597667,1.117122273835331,-3.365414538460077,10.95020731263964,10.554126240058412,8.809919746423734,7.790424932994156,guardian
TR_1050,forest,windy,2,2,1.123487578658941,2033.7063327181838,52.53328648057393,2,164.29849510400808,3,5,0.3903738843620778,0.8573189244808505,585.9892454757834,10.0,2.8822164083856143,23.960502742593278,2.4449562256953943,-1.1730010292279236,12.891550178496143,9.769814477324875,6.681946334047029,1.9359700945905707,guardian
TR_1051,forest,windy,2,4,2.155030044226955,4327.294885610412,62.83469855059221,5,233.8438353503859,3,2,0.5028036812193989,0.7472407809230387,325.24820699256605,35.37136739901753,3.5704582298099923,23.975541986218612,3.4014424896504085,-0.07075949830582023,8.569128891098252,1.04631979194229,15.433455467733442,7.11852689391857,sprinter
TR_1052,forest,clear,1,6,0.8092261243803883,1924.312169952528,59.96637702154978,3,216.89522697270453,3,5,0.5494317475986916,0.9338562750902927,764.2917251555152,69.25763335725581,4.700860426310486,26.641919731318094,0.4519532386509133,-10.0,18.72123011563553,15.049420904201602,5.095015132743573,2.977563831443567,guardian
TR_1053,urban,clear,1,2,1.6651117333538923,3037.881892913769,74.08242348975601,2,257.3746447524806,11,3,0.6123357420317569,0.8259531871410247,346.8685025111264,128.9444986515367,5.956616587701617,31.081552069909712,8.412004727243993,-7.638104797817673,11.602317833106786,3.4906389896732835,9.089177740153096,4.204771499263536,collector
TR_1054,desert,clear,2,3,1.0135540110775454,2055.1236136223274,78.42514738635467,4,301.6677688888468,2,4,0.6914028709767513,0.8815600804954247,671.075014179188,41.54332166199916,5.32764596195925,31.45068767211556,1.829787781421511,-10.0,11.263758586360982,5.355860042218502,4.819707332773276,4.602831077906011,explorer
TR_1055,ice,windy,5,5,1.1162708007408755,2479.8708441855233,56.44380453597842,4,227.4413993229563,2,4,0.4696338544688839,0.8723366929983462,660.7947567011571,21.79480593070352,5.506183375636791,23.776721621557183,4.842025596638587,-4.731461042663034,12.063411388926344,11.339965426663237,6.95474853124178,8.43800408605534,guardian
TR_1056,forest,windy,3,3,1.359646097284843,2622.5629574248646,61.50897714645861,4,193.14157636655665,15,4,0.5951954558444014,0.7431299628333956,525.1825240203823,141.26960611672652,4.183432955138606,28.22897177954332,13.558719776078323,-0.5279644720337586,9.646802756969297,4.05144318483147,6.866248887161502,5.744345744776844,collector
TR_1057,ice,clear,1,6,1.5812227231050189,3630.5842597687188,63.99444631822625,2,276.2050580531972,5,1,0.5856321188697236,0.8347888247658108,390.4374059799825,61.212532752345126,5.598475486264003,30.9369109080636,4.456162063597853,-10.0,13.87161358729723,10.178245582448424,10.374307259690921,2.8398194697667867,explorer
TR_1058,desert,clear,2,3,1.5695731427576949,3093.5941957975538,71.68033391257143,2,167.2576148450888,2,0,0.5242451724275109,0.7613654440644599,392.73898466255235,32.46816022473529,4.1830817040989405,23.530152533566234,3.01968560853057,-9.624786457436647,10.58929403455915,3.296049996073497,9.02470074571293,6.623261908713747,sprinter
TR_1059,urban,clear,3,5,1.582315917030312,3431.6431505608607,71.67783446049067,5,222.69096842955926,9,2,0.6191482353334021,0.8438420319955037,506.7795639823501,67.77416952887927,4.519885667482487,28.922606653212735,9.435895271429343,-3.289542266831913,8.153069455864163,10.922879846045785,7.736644124124787,5.730337169586305,collector
TR_1060,desert,clear,4,4,1.859208904936295,3814.5380352882253,59.14457791380144,9,312.71205431203697,9,2,0.774057711427201,0.8355839743279437,479.54626947907883,68.54423920228221,6.260484895435563,32.39343260351734,5.238215781918587,-10.0,7.566336377972233,2.164437886207685,11.893671131898152,10.28232633052847,explorer
TR_1061,urban,clear,1,2,2.166343835136447,3864.70506800017,69.28768993035219,7,295.41390036589524,2,3,0.4604056043157572,0.7368407408377385,364.8475477809633,10.0,3.898918940415988,21.920889473352137,0.0,-9.26738020555221,3.8662435512584903,-2.554780894176008,15.323494543364351,9.544359604319517,sprinter
TR_1062,desert,clear,4,3,1.6726694701936242,3237.4587962349456,62.43080610805856,12,209.825582174019,1,2,0.48506087087085714,0.6692611012695651,484.7150694758789,10.0,2.755100955738505,20.766805313085307,1.491219396126622,-5.955257069850054,0.0,1.336724781708134,11.038171728158888,13.63816339397724,sprinter
TR_1063,forest,fog,4,5,1.411662201394144,3089.265623924845,72.23203580107133,4,221.56720567297495,7,3,0.435690986462545,0.754450003807828,545.1268310300251,61.714711300294475,5.096984730566839,22.193870032819156,5.474674056294395,-4.704326708586817,8.214932579627275,7.995678517762842,7.610488886456203,3.4355797859922186,collector
TR_1064,desert,clear,1,4,1.5777754881911767,3268.3322584879247,66.4286120349276,5,237.1159390096461,3,4,0.6594266083254371,0.8828542369209902,412.1194561208899,62.33754868829534,4.9292598405480845,28.81835739784391,0.0,-8.16282670194706,13.75353498091843,3.3378569392644177,9.115262669146311,3.001230631449436,explorer
TR_1065,forest,fog,1,4,1.6488184077164891,3388.4339551802113,53.473899715208816,5,284.4754021969998,5,3,0.5770663162907068,0.7356289520550127,432.4086127689139,69.75606744438983,6.304816047959381,25.569505725126543,2.5454124634985074,-8.615805969790957,8.745214610466446,5.5413071894533115,7.664119676369479,4.947647791243591,explorer
TR_1066,forest,windy,4,3,2.007317384215852,3851.054114637725,52.76086236564778,5,237.6632299068311,4,4,0.5730458597111014,0.9197617204511204,420.86952384608855,45.37561487992654,4.0857982434986235,30.57046273066795,1.889331137289077,-5.712257446802867,10.430820270398181,3.657543522145869,11.488847409016113,4.905148875264519,explorer
TR_1067,desert,clear,3,5,1.576002114678595,3416.8748183524526,71.38505006688541,5,265.102944618393,2,3,0.5873066233300386,0.776110166146817,526.6914064062438,28.258103026502937,4.131308086907218,30.19676908396404,1.3686792805196324,-7.147234483489235,9.03687293363429,8.696404686186044,10.955298503829889,5.625976833244904,explorer
TR_1068,forest,clear,1,4,1.4012313557982805,2803.2159338631923,61.52682762374727,12,226.89192144904564,4,4,0.7066813413145054,0.87449909596744,506.5940696098156,10.0,5.916047160604885,33.10049424151517,3.101488545326484,-2.8244835925351075,5.991057681040265,2.7816563702110546,7.322035473328752,13.255461191519514,explorer
TR_1069,forest,windy,3,4,1.3227936173345152,2695.9436287007497,47.692841078420884,4,206.48209518225036,2,4,0.6412088416754962,0.871306175175497,536.9652044343152,24.285093735463924,5.052102396537184,29.56920056132468,0.0,-6.516708783703704,12.772344951665534,7.862220175893667,9.727135110207334,4.482519973644307,explorer
TR_1070,forest,clear,3,4,1.2298950567625697,2544.519521439354,60.393165650943445,2,194.01830097549896,2,5,0.531127861833412,0.8153176643341651,578.0212288144734,35.00959602521047,0.7203059109289658,22.71799918177523,0.0,-3.2325773841010563,12.867738162633529,16.581593319987586,6.225394237672981,5.063779186230098,guardian
TR_1071,urban,windy,1,2,1.1917553414513358,2187.24844779542,51.78939273314684,2,158.19826484901833,5,4,0.5051534272791889,0.9181708376643793,532.7572214771471,61.862987883690096,4.5138652485478845,24.952988990501467,2.809278708930856,-4.607230357444786,15.001992484125722,6.615099817834238,6.707600224981305,1.4418172849355853,guardian
TR_1072,forest,clear,2,3,1.5928787644457982,3115.1423386300103,61.972257818173425,7,251.2512587477821,3,1,0.5379394457917556,0.8360690439414444,409.4126113674127,10.0,6.2171862610558986,29.483306855076705,2.7061977424220585,-10.0,9.870185744798963,-0.5961247043512538,10.240086286186251,6.754196942962214,explorer
TR_1073,desert,clear,3,3,1.594532871692393,3019.649881515341,63.358115668913705,7,230.8812499366589,6,1,0.3947517958577256,0.6282824440768372,454.59731710982487,36.81523112571672,3.4808439702960317,17.716301846602814,3.0137432456996893,-8.392331375279749,4.817290089647838,0.9615719865892566,11.660215434526055,9.06682810936478,sprinter
TR_1074,desert,clear,3,2,1.5879918726514186,2940.428545810288,65.11090993852517,3,247.39313664880427,7,2,0.5543410633008616,0.8227438476477947,407.9951954103164,70.72025706196231,3.054078966185319,24.26292975161264,7.282952641470262,-6.6030162976224105,11.88517312155005,3.3436060670468333,9.62745591834453,5.789920201393142,collector
TR_1075,forest,clear,3,6,0.9898249244141442,2317.126635113153,63.11931408755254,2,204.2835726863102,5,9,0.5782706171362906,0.8661849098617062,754.5397376360382,39.584339716718404,5.31262564877529,28.900093223278187,4.22034942947603,-2.5371936739101266,16.442925554473245,17.67722563870976,6.864490614772187,6.329831688888827,guardian
TR_1076,forest,clear,3,3,1.591752436487891,3063.575656737634,73.76711143793665,5,196.3555953566157,16,6,0.5392800927360067,0.745253018432329,483.15858629908246,117.19251853593352,4.140519759246521,26.195124783711567,14.494521840714647,-1.0118252444689375,6.386553898784342,5.974563463366362,9.69457545689924,6.943937754560415,collector
TR_1077,desert,clear,2,5,1.7396212297585405,3664.9157199412743,65.59721224709682,8,212.81966892538344,3,0,0.6172470385895855,0.8171953707454314,399.8725693042034,10.0,4.63521652090756,31.4502027559349,3.1144461787092093,-7.038147281045105,8.439404970091974,3.4891388805132526,13.177643698989957,5.526045469902524,explorer
TR_1078,urban,windy,3,5,2.1459338007149142,4592.777563246476,75.76790095531953,2,275.68070231701535,7,2,0.663879905360236,0.8539302406176531,357.78154868682714,111.93906842445449,5.965481752656526,33.720346966655526,2.7417149081399588,-9.297703384127214,12.954384752528592,9.874957912105424,13.17470148125475,3.414744214221981,explorer
TR_1079,urban,clear,4,3,1.9911867009581996,3822.4319647561715,57.14918123474204,6,221.3634466524616,3,0,0.42713859250755637,0.8691058850622003,372.6075020272931,69.02848257980295,5.781337407220335,25.75357616201195,3.6998814366143202,-6.834080211856479,11.455415161552772,1.1285919338587047,15.72327031324528,5.416920296199683,sprinter
TR_1080,forest,clear,5,3,1.9301608187838626,3641.237055770764,75.91530964741371,2,229.89956475480096,15,1,0.49429172729342385,0.8334338170486879,404.97091179351844,151.6639521840106,3.685851551733559,20.873682605432233,11.741337815983089,-0.9373972147142782,11.684163235838406,2.1330467535931437,14.121292589937932,1.28435546395364,collector
TR_1081,forest,windy,2,4,1.7980405402259334,3660.421595062981,74.43527306395983,6,218.34644226408642,6,3,0.5466235065035954,0.8471317850514135,441.7570434360038,25.338506397454896,5.324651070843028,29.0661813031985,4.127440153243209,-2.8921474165277656,5.396837828200658,6.000981930380511,8.571108286059445,5.762191658457567,explorer
TR_1082,desert,clear,1,4,1.5903550871567054,3237.892164905895,57.41926404288262,7,238.04855004108268,3,2,0.4194589721957259,0.7163604970083242,362.68601385917054,29.863986350601476,3.0704861995161066,22.165524309445065,2.0754375949701873,-6.514891516098613,7.1198212414317235,5.851187272350403,13.346375009184253,11.794572246705668,sprinter
TR_1083,urban,windy,4,5,1.492723019136351,3226.2323736391777,73.09737229213953,2,218.0477173585142,12,3,0.5191379991002264,0.8696089434639535,503.72203695020096,125.2709157911305,2.781421001727969,25.425934233352905,11.936500373791981,-3.7607899396570845,14.269936672866793,11.57107002741211,10.196492928463396,7.46041534827079,collector
TR_1084,urban,clear,1,6,1.6589830927496507,3762.733806768518,71.03952133890209,6,217.56937773871454,8,2,0.6810951336555268,0.7912775498897852,383.6598298430741,68.49364518147095,3.620839164161586,30.03119322056454,7.128831607034569,-8.125593465618095,7.454326981713659,8.198714946769822,10.93549432143301,4.728778847087956,explorer
TR_1085,urban,clear,1,3,1.4796618596517304,2852.9811250161224,60.204153514234484,3,221.3093069125315,3,4,0.7364154853903256,0.8958235162198854,468.70044502856615,31.169777374294846,5.169397211211987,31.52961740746061,3.94022395407365,-8.053966389188712,14.622441673412704,8.720004374357078,6.486607571844179,3.9947097500467814,guardian
TR_1086,desert,windy,2,3,1.8254834281356414,3587.240571971665,69.49936315647489,4,302.51918044045277,2,2,0.6134659899153804,0.8211869857068124,396.441960457734,43.206038115633845,6.741042554514708,29.3040981963605,0.8801821268685959,-7.376090847442683,9.594906640615259,2.5776559532581236,11.03495490551155,1.9308081161480946,explorer
TR_1087,urban,windy,1,4,1.13654317184338,2323.6655229059156,67.94227243794882,3,184.38612536017285,9,4,0.6335629660987155,0.8044439265515456,574.6701869317114,85.43918384933795,5.025311811102297,26.781030366704297,8.365136728914072,2.33708340675454,12.668413510336569,8.260433210393344,9.04345763404938,2.6490320863803354,collector
TR_1088,forest,fog,2,4,2.260725077262226,4459.661335162834,58.5646185460039,7,157.259969118816,2,3,0.4208883059361322,0.6959610609108127,324.72138271629956,10.0,2.510447300903988,22.54925389200115,0.8118945992577149,3.9885639711188294,4.625176676855374,5.027439088613491,17.469092414968173,7.152965628547156,sprinter
TR_1089,urban,clear,5,2,1.304195675756175,2366.3955246100654,65.74737183900037,2,231.04532574882447,6,4,0.48253564381491076,0.8128405415589334,579.7163448449115,70.58707844246645,5.62973999740568,23.165575117049062,5.396315562590985,1.347257154795223,10.728386099124156,4.427240020798924,9.839653504040685,1.2984376947703977,collector
TR_1090,forest,clear,1,2,1.752853627290228,3174.6384295059975,64.51525150292886,4,215.7951778711694,0,1,0.5265078066887815,0.8515539313072691,333.88868258389266,22.86777333441523,3.5098916696194373,27.909671161313756,1.1681113905742553,-7.474995554904075,9.025139300364609,-0.860564027559862,12.274026371137543,5.778647398502539,sprinter
TR_1091,urban,clear,1,4,1.6612098208035393,3386.7520362014916,60.342505108571736,6,285.02364786887637,7,3,0.5344580068972077,0.8082096472123215,425.06879917208374,62.04052466410525,5.03775403099605,26.285374551914458,6.077103055137766,-7.230225144159267,11.020768038457934,6.157377137602096,7.13099958726624,6.5488040154998,explorer
TR_1092,urban,clear,3,6,1.789453966834677,4098.898890600781,64.4694941492396,2,252.94782082087676,9,2,0.5834301615774058,0.8229095597289253,454.0819723864651,114.28816249215149,4.972895435715238,28.869082611303686,8.008547857260657,-5.567311850666084,15.98088632009925,11.374777422754857,10.536379654473157,0.9496493611859134,explorer
TR_1093,forest,clear,4,4,1.4611341049056115,3067.710638551149,60.81742009693101,3,272.3331289802457,5,1,0.5426222061955401,0.7517169336735027,488.7804758673954,95.74345069685859,3.541422277161045,27.080491691741358,7.395044389320365,-9.452700443104057,12.015160726394516,4.485313483137421,8.783782516593952,4.51584303763125,explorer
TR_1094,forest,clear,4,2,1.634916930210202,2927.581982868976,60.031074897373315,2,207.88194279652365,3,0,0.44281412719506424,0.823955627876075,406.597379339372,51.17082101159311,3.453419369925178,23.58842407470232,3.6491791065240617,-6.854994061418009,10.33063026363917,-0.5026600917896242,12.426580231142758,4.191012505577156,sprinter
TR_1095,forest,clear,4,3,1.3682502861924304,2625.393223114859,76.9837013157133,6,279.9403285573651,10,4,0.5434974761730929,0.8429487098658761,544.7015366902473,86.10306154030273,4.9864042291312805,25.415736342121694,6.434813745547644,-7.4233082041811755,8.044199119940329,2.278985485460032,11.695450552171424,4.397120593193388,collector
TR_1096,desert,fog,4,6,1.5281204750553536,3488.991510000094,75.22858887596404,3,203.28632906599958,10,7,0.5702531419072626,0.8035636833802425,496.79761643260446,77.2772003384416,4.226432628200436,24.629174373595827,8.397241447693192,2.901855869244329,10.499384222368048,15.726501313217767,7.939781078991391,2.8027960470360647,collector
TR_1097,forest,clear,3,3,1.5572845483501652,3086.731251528026,59.294671338574226,6,302.4894787477315,7,2,0.63815365493777,0.9107221869455536,470.0022196876157,94.52077158396551,4.0165566206247565,31.73025966977511,4.1183625557660255,-10.0,8.954841072836883,3.3270633254137683,11.733832342312095,4.389064008073239,explorer
TR_1098,forest,windy,3,3,1.6198143362978326,3140.045620709516,60.61983094635372,4,209.76309348526198,6,1,0.7030490522758689,0.7429906124908989,438.7979785513784,78.7063482190475,4.632710718532979,30.938762506967812,4.514342388714756,-9.859958579523559,12.182732431548544,2.881066233608851,11.397387882973815,3.1656480689179523,explorer
TR_1099,forest,clear,4,2,1.3302673749097627,2445.8155903793704,65.87348894423863,1,166.02919283830204,2,8,0.6074757051124118,0.9041312660620434,587.6227915572439,25.248101219850646,3.1644655134967534,30.430740989395744,0.9869486495559466,3.3847888078669532,16.51737705598462,9.409782369118496,6.933188867923563,2.7565107105363884,guardian
TR_1100,ice,fog,2,6,1.3918137049062014,3155.6938459683197,55.58104900440057,3,206.77318900564939,4,5,0.6164584421726754,0.8055420634779837,569.8076326437487,48.85294676090841,4.98051155744277,30.168974710764456,2.7625667858350638,-3.6840141463958016,11.818938185012248,16.775697211149215,9.498572527904168,6.024491359664521,guardian
TR_1101,urban,clear,4,4,2.026258077539449,4146.519794535035,75.53770945133226,5,177.09218292210304,2,1,0.4079541784286143,0.840733655850296,389.726380148563,14.911690540565807,4.708543789929943,23.286079766386607,2.158165985882299,-3.5030019561675294,11.159144780897075,4.998600914476677,16.32975923592678,4.667591511901312,sprinter
TR_1102,forest,clear,2,2,1.4762784028310774,2797.3684611150525,67.57159086837738,3,300.62347857318593,3,1,0.6542609206866634,0.8872751921527736,449.1365004766552,82.56014865273738,6.670848071271792,32.50078165320126,0.1979221169489349,-10.0,11.148081311753558,-1.3573783966990631,11.758429626267638,2.0396890049187553,explorer
TR_1103,urban,clear,3,2,1.4627953016105684,2670.442938886951,78.7436362373657,3,251.0823230214587,8,7,0.5842635185282331,0.8740643737891828,506.84972794059206,102.20242087867413,5.5566694118576345,27.961607110753526,7.7760351070446045,-4.388618146898001,11.271582524883444,4.475130693774001,9.407877851928099,0.4114369916381455,collector
TR_1104,urban,windy,2,4,1.7483508180082663,3564.6287209999223,72.89049285218847,3,230.52996603636151,10,3,0.6099807503898863,0.7845308298387841,398.97860001601816,87.59585501826675,5.2765800771649385,30.613130743129478,8.543393459757912,-2.2399283885201418,10.25462202242751,5.442558092934422,13.132957741388585,2.729387426245843,collector
TR_1105,desert,clear,4,5,1.305498092002528,2839.73605923341,53.99555123463796,3,222.38433260460204,2,0,0.49751036795621695,0.709678951834105,529.804938484475,79.6341139212434,3.5889701382429298,22.807679579354375,0.915100225077363,-9.29200844777263,7.212653033292524,9.797422854924424,11.179730181568525,4.423847342949425,sprinter
TR_1106,forest,clear,1,3,1.8113078956618585,3472.4262821206034,57.11158452697863,3,206.0691211650705,2,3,0.5504350632301345,0.7479974377180756,362.59716332405253,18.595941200869493,3.592408777500539,24.292969934057506,1.5764444782349396,-4.240542813736476,7.836840950568478,4.893872580665353,10.842907489964013,7.7498930690873316,sprinter
TR_1107,urban,windy,2,4,1.6090094859488038,3254.441342518003,72.2352916113686,1,167.88014838709893,15,7,0.49323405841997275,0.8191928323475801,496.3111769316325,130.6300855618037,3.890879360407868,25.740415245535342,12.47286743721061,5.726550315779905,12.960335263173071,10.885603931033504,8.277212259206328,-2.2383402785364193,collector
TR_1108,forest,fog,2,5,1.6593529530319573,3569.6431463264953,66.31837674921525,5,189.6990118607612,8,2,0.5224012230095094,0.7865588538996559,439.76845982879064,58.21725061564306,4.432169049158974,24.11529505119639,6.787257516135217,-5.135164217370038,6.538503015752784,7.7753319169771995,9.218979731155443,6.109461728002738,collector
TR_1109,desert,clear,4,3,1.2274663898485936,2463.764628311907,67.38050489889112,6,250.19140040447212,7,1,0.5766518318715147,0.745729127509093,586.2259953439898,73.10337397166083,4.264049567633169,25.09947070090964,6.285028147307307,-8.268219007133089,7.276431173468099,-0.110520556175977,7.971130357706349,8.626427108633159,collector
TR_1110,forest,clear,4,5,1.1420137541000073,2526.0048314245796,74.00176057026945,2,242.70420786262443,13,5,0.6099958421920467,0.8459755148322244,588.5068261644101,132.77404264513072,4.628069478167583,28.508007474800987,10.24898109941561,-5.870841591714106,12.201795191862567,15.550585731197542,6.1138698475319035,3.059009935421666,collector
TR_1111,ice,windy,2,2,1.66018652215236,3000.0314238358324,64.80439292294274,7,209.37668412507972,2,0,0.48211695586147163,0.7082606598949881,397.72633030074246,25.134243720509875,3.5164443846328397,22.082194920885563,0.09195195172731951,-9.23836580950112,4.854593705716914,-3.9589354588210393,12.762686436263584,10.959301043365098,sprinter
TR_1112,desert,clear,2,2,0.8326466413836004,1554.272045172318,91.26083123890005,5,191.98761661303863,11,8,0.7220340351062416,0.8388602926800447,824.1259944515199,50.39466513046776,3.1521117452903513,29.308388955070726,10.50264596813927,-3.831857011780983,8.910024675307977,7.055145579725764,1.7539086416174356,4.393831939943336,collector
TR_1113,desert,clear,2,4,1.414221083481249,2940.6458752329268,76.27302090506497,1,201.47995321884912,11,6,0.6263156748855004,0.9098296521077027,477.7457739046822,110.46775141356987,4.1463197204411415,27.103890308549648,9.63455366694351,-4.075428799345552,14.815189104765164,9.444578668217652,7.655095366226011,-0.6146106898664478,collector
TR_1114,urban,clear,3,5,1.4377088504759028,3152.6591740944978,74.33167034522296,6,272.7136243168459,5,1,0.640019284657978,0.8478103941693386,453.55376588957574,36.8081477883584,7.819640031084926,27.8315163656243,4.118170349620802,-9.522272779877031,9.647398186004471,2.3561671083626896,10.44511269868763,5.9742616034183404,explorer
TR_1115,desert,clear,5,6,1.3470113039321743,3040.2828079763703,58.57988863903049,3,217.06025707585198,3,5,0.5443353178849152,0.8201470408960937,595.4344305327445,30.803933720224443,4.334367924378428,27.32675575367246,1.5616275622425213,-2.986059326454076,13.976162981002572,15.195530219164953,5.518541576141315,2.4651906294883164,guardian
TR_1116,desert,windy,1,5,1.5071055875940336,3266.5804924219447,88.84459744524945,3,209.67443420155612,7,4,0.551921902532455,0.7832560070107956,475.74027014482283,41.639182047069795,5.893332799379329,26.000433894952366,6.607723341428734,-2.0894466060978236,9.946112795144332,6.7946773199645385,10.150160865874033,3.313009014220733,collector
TR_1117,ice,clear,4,4,1.1103547928325055,2363.8656550848473,54.96586053328323,5,240.0505935980126,2,5,0.5196623328142282,0.8908329478742971,678.1632666519528,28.28851584244162,4.6201605061343045,27.017103907406213,2.1544100532104045,-7.283505053282297,14.192916150921931,6.678973453967147,7.035685718677766,5.470905574754207,guardian
TR_1118,forest,clear,1,3,1.5325763934428156,2992.925679874645,68.16130796992117,6,239.67710628584794,9,3,0.5148711089326351,0.8907390042320408,441.1517814133164,70.51939668378566,5.096915351701011,26.210190038449028,9.059323999159217,-10.0,9.031197003700424,1.0632372347250396,11.41011959842208,6.494372311067495,collector
TR_1119,urban,clear,1,5,1.8898590897929326,4077.475758232525,58.471608037423636,3,227.10136718368267,4,0,0.3595075675352136,0.8162334711899336,339.8234404092463,42.438055555483416,4.404345243648934,25.535350792382008,1.0225542110146844,-8.79228850355667,11.569108427355337,6.521494105839424,12.34571795268711,6.0403382993896155,sprinter
TR_1120,forest,clear,2,5,1.6500886955743774,3524.187086480952,69.6314465474752,6,210.14753848574378,2,2,0.7018553475867273,0.766363276449502,401.25434161882424,23.038471200169937,6.282772847849138,30.208164571795905,1.6878654720909168,-7.646335599519565,6.506724645391793,12.016696051324,10.887351647866975,4.896681613764177,explorer
TR_1121,urban,clear,2,5,1.4102417338942868,3002.044617199566,55.25315702215385,2,209.1723136462789,8,4,0.5605389833059095,0.8877719775252095,536.7798962286084,92.97824178248,4.470159248405543,30.471503483770107,5.9954120871605605,-2.9920035379759042,15.85088787195341,13.191490169268057,8.415599447167208,1.21041241962977,guardian
TR_1122,urban,clear,5,6,1.7213056805655522,3864.010605053571,72.7551666509365,6,186.7476258111537,11,6,0.5064423657595817,0.824913215153946,510.62036246758953,62.701106220853646,4.083339777558064,23.290063883849147,8.558467405237165,4.661198699115205,8.206008320021127,14.554835437339696,12.531053036728471,10.268571450007451,collector
TR_1123,urban,clear,2,5,2.1303295478394193,4577.761157590197,68.48462728155347,6,250.26720792867656,2,2,0.5213882356423315,0.6626563133052465,387.1515178482953,23.875516322177955,3.417259408165736,23.963798626719477,1.6633008913400515,-6.460055443570545,8.056994455067297,9.831473258739711,16.371078027965723,10.434705425351904,sprinter
TR_1124,forest,clear,3,4,1.2666332159973683,2681.5160754579047,71.0579660233752,4,219.28081906631726,20,6,0.5122142416185397,0.7533829137724634,581.3151409860794,152.32738332287775,3.322294778353298,20.869926168006955,15.10848390796494,-1.7383632819870485,10.915925440706827,10.110036926211835,6.884310788782379,6.197798986479906,collector
TR_1125,forest,clear,3,3,1.296715296486507,2522.0440886541587,74.00140965063584,5,174.40943166256505,11,5,0.4820484648972755,0.8574616745483543,552.2388419074056,50.16585673130862,3.7115162675477555,26.910865763751907,8.134130389849723,1.2982249001944892,10.436070313835497,6.371655821979421,8.643085650482172,7.255595246867813,collector
TR_1126,forest,clear,4,4,1.9427998317690687,3946.4171662158183,57.372659649481925,6,239.07257374414593,0,1,0.4775617097938782,0.8021836135031074,421.0015302568497,11.637510073700511,4.165245049016683,22.643722361181663,0.0,-3.2634705725060864,6.7450519666953355,6.914557971710141,15.669394449939155,7.300684917886967,sprinter
TR_1127,urban,fog,2,6,1.9560341287768914,4361.133767451592,79.33621231269709,2,189.77875165947773,4,1,0.3803892699339479,0.7437495974791994,324.7708909186125,60.92112833919795,5.187599983303343,21.6907888967922,5.1668652683816685,-0.5659870174711348,8.312010271859108,13.769680472509236,12.243354690046859,5.132477605308368,sprinter
TR_1128,forest,windy,2,3,1.1854591261805394,2333.71475416465,73.23138415834153,3,229.75968088973437,4,5,0.603414312721756,0.809964244757321,603.8374812488552,18.506750994452005,5.2746095418409515,27.67011717752005,1.548581968928441,-6.604867944974653,13.191514683905513,4.42062568342763,7.157117346322619,0.6629946385184304,guardian
TR_1129,forest,clear,4,2,1.8187785112265547,3314.1907066379217,66.80810037207912,1,214.32681444728127,9,2,0.6473732411049014,0.8136157086213112,409.34244199635697,130.65787148226536,4.71158813078133,29.07512868975573,9.53967577249858,-4.853435688992594,8.86932811087769,3.1384727351683606,12.596520429742263,3.1757670472666666,explorer
TR_1130,urban,clear,1,3,1.7977284423220015,3453.4140403782026,63.45791373078792,5,209.54238911618418,11,3,0.4517097694157986,0.9484953848921479,396.4592214235407,87.39522547141225,3.44687158832215,26.85555417556722,8.443386037391871,0.4884864507871187,12.863851368046914,3.13283459496538,11.241316482390038,4.25714702438047,collector
TR_1131,urban,windy,1,4,1.3111639625218787,2727.5098715938707,67.819685446065,5,225.29165750647968,5,8,0.6437395805347035,0.7543223473620781,551.6125108892144,22.142576095701916,5.09123498019894,27.452407195901436,6.806108295797596,-2.0555662242774786,8.675396020436963,7.206517432923546,7.18183700262941,6.714612523588104,collector
TR_1132,ice,clear,5,2,1.881166478225237,3398.2102064265587,77.05172093546611,7,215.05403893464768,11,4,0.628088188664648,0.8866680867092731,533.8682307198017,57.07114587705948,2.0623219637115815,29.31180097583604,8.918824993407313,-4.763293741692397,9.627591030262565,1.3113995292795024,11.71182086133313,7.631854770886571,collector
TR_1133,forest,fog,1,4,1.3401712945820394,2753.994507277666,73.37109398161623,3,186.36934244710963,1,3,0.5462730546203854,0.8113004958671873,475.1837459755932,13.467306746971367,3.1019482934946394,27.42506920933296,2.055693018514962,-2.5205994638457474,12.12606411776062,9.957174178504326,8.220824583864484,0.17772443571797858,guardian
TR_1134,forest,clear,2,3,1.3457846944555611,2713.18617498512,78.4731508734843,1,281.19421318389226,8,1,0.5507788903108862,0.807600039111745,450.5002833212015,125.06794306672711,4.779219369020538,27.71964733143276,7.578847850350818,-9.880752246034898,14.013856587824613,0.21842686956028956,7.216820969663021,-0.2920515282641237,explorer
TR_1135,forest,clear,4,6,1.5104735738260187,3492.910346019322,78.71780558865835,1,261.67357674031797,6,1,0.6993752613171045,0.8205331752626943,457.51104568328566,78.72850940364445,4.269755791637357,31.325314568065473,3.0028750482021684,-4.928773907378565,14.159302451557764,12.181491180857435,10.322100571133506,2.6799499054396443,explorer
TR_1136,desert,windy,5,4,1.4421780440469647,2951.8813406119734,87.9730594898913,5,229.73266682984067,11,2,0.6993702747727892,0.8097189027049135,576.9723061937593,67.65530706403077,4.592639737033291,29.115737195322627,10.969401237081927,-2.6679751727774184,8.831801966485852,9.038562212699658,11.755253536921556,0.9698437196881748,collector
TR_1137,urban,clear,2,5,1.6722225010086287,3637.973523873128,68.59568814776506,7,243.41591048850916,5,1,0.5668098797416451,0.853190370325164,433.36184085048575,20.514822766843288,5.613174068529801,30.8281147462535,4.220284443384905,-8.698083900406449,8.858043951568709,3.178089186358876,11.364618507339724,8.138539053259898,explorer
TR_1138,urban,clear,3,6,1.819455514021963,4143.7640426227035,69.3481757474146,2,252.81016845140067,0,0,0.43999378799457156,0.7418714918039433,413.8776897141328,35.72189841886365,5.439754552140935,27.58475115093365,0.9233116104921016,-9.393576268861455,6.889381096941952,11.044838838436903,13.485965027022031,3.936033017792778,sprinter
TR_1139,urban,clear,2,3,1.9483256729235467,3762.1925294069533,67.00228288100446,5,262.3346713802616,1,0,0.6590962624658895,0.8343122410109232,337.79869866499354,48.37033311135706,5.520749490350107,27.923067834204357,3.0440655190550663,-9.184524904532136,7.911442237304502,0.8087759857704276,12.961303018802566,7.669752343436668,explorer
TR_1140,ice,clear,4,4,2.1045344112159254,4187.701507190897,65.9275102662516,6,156.32571815128213,7,4,0.48456291450287076,0.7740525424303831,420.7998671870352,17.04304945595163,1.7958614073378418,22.494446146367864,5.337228143230458,4.356929190340639,10.034113441933052,10.009801736240163,15.731485581309663,9.539888634459532,sprinter
TR_1141,urban,windy,1,3,1.3336277234999663,2594.8510637284016,64.15841693881131,0,150.39647368586756,6,6,0.582588182000316,0.9256408343007868,470.5112227424191,73.34396971257063,5.141526697763412,31.8577111184549,5.1705432811079755,-0.359245736745461,17.101280707676775,10.115858740081064,8.05525984031225,-0.09009966247898682,guardian
TR_1142,forest,clear,4,5,1.6444387526354602,3533.430954586534,80.51281222317189,3,215.30786076676887,7,3,0.5735830332934511,0.8500191700372962,424.6320297099463,85.15219521850226,5.232346910312384,27.395221751514512,7.640814151935373,-1.9102234511333775,12.429583681496245,9.876734357772795,9.524351279342557,6.567519397423908,collector
TR_1143,urban,clear,5,4,1.7036922578085076,3479.3265488039447,74.11855734059424,12,228.22391955768282,9,1,0.5139079311503915,0.8258599321457605,504.4808467177044,40.31103172008786,5.848264720176231,23.903417104466772,6.661757552380614,-10.0,3.652897392176801,-0.3459312430085417,14.886671609688294,12.127022686098256,explorer
TR_1144,forest,clear,1,4,1.309920227901826,2750.0392855556806,70.80490253105717,3,277.21019818833196,5,1,0.6259105800300692,0.809216794407711,461.3736779501056,72.66483403365893,6.492191973969121,30.618137317258743,4.1355235756285,-10.0,12.549311524210207,4.375639267651916,8.859791813820014,1.790838402093457,explorer
TR_1145,forest,clear,1,4,1.446882871490514,2895.599723297065,69.17161167583367,0,179.23020578608364,6,3,0.577572356668839,0.7858816278489021,476.81647186971253,78.19780520023085,5.232685255755091,27.03561431829682,3.479422157081215,1.09795866840673,15.682243321568738,7.4510210515511375,8.014403924427166,-2.091016210114086,collector
TR_1146,forest,fog,4,6,1.324225767329847,3038.6548538181423,66.66864157919998,5,262.4419942598859,4,3,0.6515446589901736,0.7490686670267875,550.014158021003,44.55293897712118,5.901230061331047,29.702215213075295,2.78914274426983,-3.7626154365656723,7.272336335434286,11.630012743213905,9.314870209161132,5.827799545658232,explorer
TR_1147,urban,windy,4,4,1.5633173353567686,3212.885898215165,75.17468590945845,8,298.6775390250153,3,2,0.5109872028826917,0.763701439446702,512.7827219527904,37.75325372676737,4.463309447191358,25.284119746446788,0.0,-8.937939780858438,4.9091695359042316,4.575761984445718,11.503166872364691,9.427283695300655,explorer
TR_1148,ice,clear,4,4,1.580676984806619,3190.522452997489,60.09735441185022,12,211.67750494870342,1,0,0.3699633085996871,0.6227407358841864,498.22484396413523,10.0,3.1443910786363958,19.257209337333755,0.0,-6.296631432027458,0.019759192924377667,0.8764583000000902,13.00881091255448,13.953423843936465,sprinter
TR_1149,desert,clear,3,3,1.4830378884842355,2880.6121982433738,73.81599111477666,5,280.7216384400872,3,2,0.5823058668345333,0.872217937515521,505.3549395417875,40.614015891398225,5.164503968172501,28.137763291984896,1.0522821253245116,-10.0,10.050578121676635,1.1956250230783314,9.92317683979501,6.213188591572723,explorer
TR_1150,forest,clear,1,3,1.9297531349396522,3709.332908888399,74.85785110235156,5,188.7005420180932,1,0,0.5067891958323977,0.7263369260649234,303.682643248497,19.380722108593005,2.095397689082451,25.51604893961015,0.0,-4.799158331234087,6.231956077466846,5.105100864075362,12.37996864509344,3.080208182487371,sprinter
TR_1151,forest,clear,1,2,1.5148627111787336,2750.194306428095,57.74240425207378,2,276.09893520449236,1,2,0.725781082198312,0.8425422950378408,453.09132554091383,71.32364101438631,5.914676244355903,29.459803359941205,0.0,-10.0,11.259333730919145,-1.4995475155908113,9.107267798493185,1.6085095073755409,explorer
TR_1152,desert,clear,5,6,1.1094681530444828,2543.1307829890306,57.89446185592829,7,204.38530801858064,3,2,0.5182901545743122,0.8759001620148924,654.6336040061749,10.0,4.104413993228335,26.683296597164784,2.3860757123867335,-6.008393195969376,11.832314607940928,15.042495641054298,9.516048623706645,8.47863176204145,guardian
TR_1153,urban,fog,2,3,1.7698595655301061,3340.3270632892604,58.01562710400113,1,159.57782052065477,3,1,0.38601857446664184,0.7288765441316096,358.7386688472669,62.24437915564909,3.4104465115981695,20.44157779103614,0.3807943786707664,-3.1347826579300198,12.30721668053434,4.119493154116561,14.822209301100182,2.966192894458011,sprinter
TR_1154,ice,clear,3,2,1.4930270725632393,2724.4786989962713,56.7833802858218,4,151.95745704851487,3,6,0.5703581044055096,0.8103810477005011,553.6121528856133,10.0,2.326999524932333,28.41571745239406,0.7042935241388425,1.1671902465453905,9.661524097764962,8.95817580165588,10.57279315417255,6.997999341963906,guardian
TR_1155,desert,clear,5,6,1.062247509824555,2445.8301753288633,54.3819918663973,7,248.92488843579434,8,4,0.5707565514188931,0.8587660153260444,703.6162896424212,75.91085085811653,5.290401391583218,28.015185592899247,5.122242641336295,-4.374882687444549,10.94298132110908,12.609161847206085,7.316315064485193,8.846395070764222,explorer
TR_1156,urban,windy,3,4,1.3124124099026495,2769.229024376223,67.02370448411783,3,277.9604429350166,3,2,0.5697169917477555,0.8413550828811994,525.1831108481226,48.4119486894917,5.701611985362006,27.731682996942233,2.572672880928133,-10.0,12.55447315910379,7.862646187008688,7.397329523309803,3.434407828746211,guardian
TR_1157,desert,windy,2,6,1.4517029935807675,3265.332742477425,84.05629185865611,6,215.37740541925905,9,0,0.5934413868375544,0.7939742446344088,500.0950296725925,42.62760755968698,2.3548923798895265,29.2995279947644,9.722106413970838,-6.500190815597346,12.693466943615828,11.829506123074896,8.647502564005912,5.058938810780694,collector
TR_1158,forest,clear,3,3,1.6597094953583522,3197.5170141138447,73.67582328670812,4,279.939800244043,6,1,0.5711757403451759,0.7553594181314858,468.3513148628909,58.06702854997398,5.174460637206564,26.14643433754204,6.140118628830194,-10.0,8.112203860606577,0.45988909657731547,9.14043003567696,6.552974170078677,explorer
TR_1159,urban,clear,2,4,1.5912052445138853,3209.370991751094,62.1297988958791,8,253.2911179839609,2,2,0.6357225329493386,0.8526581008999732,449.99942757938857,10.0,6.012872795743397,29.190740994628623,2.2962178070011428,-6.173558415782083,7.015852766776198,2.666225803753812,13.331131019370625,11.693439911787262,sprinter
TR_1160,forest,clear,1,6,1.5123336392386726,3426.8027770745725,58.088820038080826,4,195.91521696876137,4,1,0.7184400865325982,0.812745655761866,409.22634786983303,81.79879316913664,5.712027904608127,35.9805476804661,1.4410275224708302,-3.508261879584794,12.633003439187801,10.369617088358503,10.21038346127296,1.8559240619976625,explorer
TR_1161,desert,windy,2,6,1.6737377388728651,3747.978795058391,77.12288023804341,4,233.0944615967497,5,1,0.6660553518893854,0.7161438703070947,404.9202000035,41.604291545080166,3.576176206053643,30.69372839673411,1.689889283330471,-7.506303424477265,10.234856906015853,9.96403626738003,12.572434728788568,5.651395477894916,explorer
TR_1162,urban,windy,3,3,1.4810703631213598,2944.7637190427454,56.61534833434456,2,301.78877625963753,4,3,0.7701696683577209,0.7982087105857283,488.5284111111378,105.95536661442272,5.928374494553314,30.881700836037613,7.7725119982169835,-10.0,14.265805140719786,-0.1285541144714366,9.99041084242165,2.839587909496478,explorer
TR_1163,urban,windy,1,3,1.7080199890086423,3269.9486718566236,67.40063472269534,3,203.03599544623344,8,4,0.6854604474018967,0.7191063755468406,363.38354028607216,70.56270243157853,4.514378396250169,29.657987731815577,2.665534475279925,1.0232278571106947,11.14890391129959,2.5153138095938625,9.31207560904437,0.16891407345992038,explorer
TR_1164,forest,windy,1,4,1.548824860153438,3228.2697580979216,73.28566779930149,3,227.73200593624594,12,1,0.5349678539165768,0.8071721676713524,428.6947351947926,103.39151882061617,4.872852301967721,24.122452746766154,8.937943080920355,-6.767537207196313,11.628983845085562,7.165718108196102,11.389156154669598,1.364731440619832,collector
TR_1165,urban,windy,3,6,1.528701478695711,3459.4707445293157,63.757370138227,2,199.48031257031153,15,7,0.5471745512353883,0.7988986971216256,511.8350223001995,104.47783203765155,4.416829476442587,28.30190397152807,11.243231273006703,-3.0492046380020286,12.37709836956988,16.59342968239207,9.676062139118132,4.036793097807079,collector
TR_1166,forest,fog,1,3,1.6235291312142852,3175.6002607830255,75.77981009791615,2,275.30454014459247,3,2,0.6821216502414402,0.7164708576199078,426.5501116769813,62.71033735007808,6.947225500177682,30.059530401655632,2.0109270596584197,-9.941305932333872,8.943961574525916,3.6343761884259638,8.701499302549628,0.5803383760902592,explorer
TR_1167,forest,fog,4,6,1.1185108809249744,2558.651441214088,65.83917479926048,2,235.87657230045076,4,5,0.49377416092512655,0.877396669899356,665.777000145262,96.9270714540477,4.768171046136185,27.82025225695712,3.181715513017084,-3.9512655904806735,15.227427677950185,16.50523110148944,8.000336943167754,2.1856202729832095,guardian
TR_1168,forest,windy,2,6,1.5279992607875306,3502.3656007671116,79.30616262023081,4,273.3319197200746,5,0,0.6191109219309536,0.8387453583907506,407.7925859575642,80.39242763192622,4.958703958450551,29.823192815790442,2.9331346482743337,-7.432541474129144,14.703363203817048,6.519585771362251,10.2455839961122,2.5052238078849145,explorer
TR_1169,forest,windy,2,3,1.2697494569671828,2458.9389006393403,46.25114292093118,3,203.89595084302061,1,4,0.4891133831462032,0.901539530615789,553.8754265091501,20.43843050715088,3.446077248638912,25.95492624763263,0.37646252533677327,-4.561580430960906,15.7106708184189,9.45277663547984,5.873770447425954,3.5786484523872155,guardian
TR_1170,forest,clear,3,2,1.2871730655800575,2394.6267095856183,57.036399714720595,5,205.64900300239538,8,4,0.4362091032954311,0.8554824615215298,495.1885058455079,76.0216774331988,3.0413206870656544,25.1928085184501,6.157430965647935,-0.44398096780649876,12.517012701316457,5.082159519593252,8.545756024658196,5.634388988195388,collector
TR_1171,ice,clear,1,4,1.3604593654713537,2823.8230269353785,75.29763478902238,1,319.46175056824217,17,1,0.5459818962823272,0.9299488754241144,506.721759251554,186.01176742108484,4.6229141628312584,29.577189953556083,14.395711216841935,-10.0,15.887024248565655,4.923525432823172,10.824067411498799,3.4316655336601847,collector
TR_1172,urban,windy,4,2,1.7777550401666218,3247.4179767083033,58.59526677015581,6,261.7698842651561,3,1,0.5388417428151869,0.8319301489536473,420.1707738223675,64.24668025905437,3.319767375139688,28.724556199254256,0.0,-10.0,8.482757734199952,0.12064856845823035,11.537589906980108,9.709836572689184,explorer
TR_1173,desert,clear,1,6,1.7079916987484054,3800.6721118825576,53.54512349206212,5,188.9504570380521,4,2,0.5147803238266845,0.7921106585646567,343.78458358840595,38.08387190781996,3.740311115815294,26.83659643985085,3.06762669174517,-4.862762984503099,8.261568213584464,13.591390739649377,13.540064403012186,5.759190616598433,sprinter
TR_1174,urban,windy,4,4,1.5591752357519768,3173.70142858316,78.99546051951509,5,235.7190794689248,15,6,0.5524762879667197,0.8300277934856689,534.4715542218019,100.56743338699036,5.134739982743726,27.972437409674935,9.490651722384687,-2.864923485960901,10.127201589610857,6.665048997844695,11.203875483829396,8.01551513446774,collector
TR_1175,urban,clear,2,4,1.7602142575860256,3550.647485320553,68.70072882312772,5,194.77858965737892,4,1,0.5235546229268369,0.7300126974282919,392.63732368343676,46.94715153571183,2.975439595874951,22.37283778860148,1.8478476266498594,-5.062438331462388,9.233299544697193,8.525403103037663,13.004148636387322,4.713109968914562,sprinter
TR_1176,urban,fog,3,4,1.7938999782728864,3651.6852229925835,53.43888932190454,5,207.31574213376135,2,2,0.46645230806435223,0.6287051922120463,398.35155913815987,23.310678338019823,3.4583408044043655,18.639828863742345,0.08098407104029515,-5.833689297204914,5.307566386918976,9.572169082011161,13.750349824448513,6.022237130001525,sprinter
TR_1177,desert,fog,2,5,1.2936473464900275,2800.1850354182075,81.1254029083179,1,228.51581893607127,9,3,0.6354399639755794,0.7880816082643879,535.1256855120952,87.8601459248659,6.263703114438545,29.729333492699098,10.376199685964421,-4.280344793399031,15.861261673136063,10.965463916336049,7.460359084731408,1.3885904614404463,collector
TR_1178,urban,clear,5,5,1.1086589111098144,2401.741379278405,65.0581326758868,1,165.95320997466348,2,8,0.5159493626713427,0.8306128417845086,650.5956669242659,38.453406878250064,3.7710790705496797,27.891966563106692,1.440168244496066,3.01706096859464,15.143910425003108,16.404104358526233,8.850700523201485,3.566108356632761,guardian
TR_1179,desert,fog,4,4,1.6822150456835896,3465.8580181602565,52.40733626777567,7,194.16100666509388,0,1,0.4778083287086812,0.7341085296188171,474.12952871991763,10.0,2.505474602118909,21.677550748715348,4.886369762862969,-4.376092253793365,8.858219248957308,5.513308070734283,13.828938101864274,11.604509914341188,sprinter
TR_1180,desert,clear,3,6,1.9567474102955997,4425.478941590842,67.66184898939798,6,262.2576794827467,1,0,0.4152208727388591,0.7286273690815106,393.48418913061204,29.134109265389316,4.918395078551357,19.34004663708945,0.0,-5.906041461399051,6.043430944500985,9.391215333006093,15.065701549013973,10.342892955115909,sprinter
TR_1181,forest,clear,4,3,1.151956137664078,2264.0938529654914,79.35479318610105,6,227.17685932629905,10,6,0.5515617189609046,0.8165710990279605,696.9133139155305,43.91428412091721,5.140988503645637,26.34199411759991,7.351554390490514,-6.326848507146129,9.159062087434554,6.595036615874832,8.135835807014802,6.548554688017327,collector
TR_1182,urban,clear,3,4,1.6147967884569447,3246.7315283721423,84.03564437442805,5,287.1254535538595,11,2,0.7131984028338674,0.849633842808745,448.9896963236495,87.24058807230253,5.429517735505213,30.019185841981052,9.744010784861327,-7.987671005083521,8.71433642786165,2.688541394614503,13.157181446398983,5.411420459145952,explorer
TR_1183,urban,windy,1,6,1.3444561948644187,3110.812614121038,71.33488417765453,6,247.37933459682114,1,1,0.47492121196649906,0.8499365842809713,428.08501394969414,27.676158146036098,7.091634661093802,27.299274587274578,0.0,-6.58991835408851,9.759023205679048,10.269271957342145,10.39185704776893,10.46342542473335,sprinter
TR_1184,urban,fog,5,5,1.5510945993459764,3315.821880265358,54.28112837612589,7,173.82922509880333,2,2,0.4685658172396268,0.7339940553556419,564.2536646269764,10.0,2.7019009860126304,22.02267042820739,0.9801394039844121,-2.2239112510386834,7.092159347073412,12.5242906631494,12.327263558979515,9.290496010637362,sprinter
TR_1185,forest,fog,1,3,1.3508441664596742,2620.886150131112,62.46201944808607,3,229.39220608881266,3,4,0.504140168589059,0.8100017362862177,456.8661952504159,47.72088303986798,2.638153569263626,26.449138393027887,2.147123397949753,-3.596494246749237,12.222580609697113,7.172633423795407,7.03769230336373,5.4193303599121485,guardian
TR_1186,forest,windy,2,5,1.3885157999350717,2968.1620370572773,78.00992938855245,4,230.65927499748312,2,1,0.6066192016829648,0.8722818050588218,446.4021474965328,22.885440811448966,5.206659258109173,31.18102991974934,3.4902463537167536,-8.262743451481434,13.176233630261267,6.7734143464551115,8.10825000195834,4.1205344774819554,explorer
TR_1187,forest,clear,2,4,1.6584741159111696,3375.754521858289,63.51278604798543,5,234.62425512111986,3,0,0.49922274925422055,0.7822560086405673,409.7910812939828,32.536154376946946,5.855533737330294,25.402917232536367,1.3123233556576777,-6.654250378132794,8.101000060573707,2.4739572386778534,9.505550677438677,10.101866717658382,sprinter
TR_1188,desert,fog,1,4,1.5463124444590375,3120.9532972005823,77.20191414277646,7,230.3863815177771,2,3,0.6926358436668028,0.7393983585889791,446.33597034092526,10.0,4.889967883537709,29.2814879609538,1.9071274438182533,-8.065659909600509,4.572500681395733,6.339783406343736,7.0130020233103645,8.217406188517634,explorer
TR_1189,forest,clear,2,4,1.3183178013020491,2737.12524768465,53.82294828645816,1,204.89156049678462,1,11,0.6552109595878685,0.9120312051241181,569.9725474982527,38.78121628525789,5.590666674996402,31.269234889368875,0.5625603472909293,-0.913606606334631,14.307747397935938,15.097744407294135,5.981633991056901,3.3293386000884864,guardian
TR_1190,forest,clear,2,4,1.6893540621687708,3459.6547396272717,72.52873378226677,6,230.40149075274198,13,3,0.551540089831979,0.8753018582404816,454.7680838226761,104.41922355125837,4.372358597364641,26.323952456695338,8.469315670716506,-4.523792969529206,11.170149412413409,5.625112486780103,11.278276372604102,8.609965596237647,collector
TR_1191,desert,clear,3,3,1.6418315999414232,3126.186468930094,76.60028984086257,6,182.916474086614,7,0,0.6027974704656011,0.7337144613113278,423.8654889558827,22.55299483215458,3.9722439167772965,27.55523387480424,5.926096370427581,-3.2514421836087073,8.31909900373095,1.6901488015700756,13.32743199272333,4.719144938618601,collector
TR_1192,ice,clear,3,6,1.768142610968022,3968.5770588775217,59.83768879554842,8,168.8171040738954,2,1,0.593393782159498,0.904267662994029,408.65899375875955,10.0,4.383055983316791,26.993355838634145,3.2523467098862975,-1.6000614271240192,7.594815698162842,9.612794589477394,14.38495418897093,13.18121693969231,sprinter
TR_1193,forest,clear,2,3,1.3757201793961076,2727.038684926021,71.80429373087675,3,286.6846570755694,3,3,0.4365220700950684,0.8847235020784996,504.06490939997144,80.51973778531159,6.880608441036054,27.492127054639404,4.294882246376271,-9.557911391834441,12.372853149722827,3.4097918793293416,10.426333182410492,2.272334490857264,explorer
TR_1194,urban,clear,4,3,1.5415471276254484,2927.5301303339975,50.23776822274131,3,202.5248610950134,2,2,0.6175801823916828,0.9841951272757162,455.29319361280915,42.09360915074275,3.6199955929744196,30.244720008078247,1.4275806966510696,-2.3584824710646672,13.190506795374834,8.363964592933437,12.452427278563238,5.304993744087697,guardian
TR_1195,urban,clear,2,4,0.9948478109649656,2099.8643944812457,68.46807436327575,3,271.2814049532307,3,3,0.6555448797442938,0.8526380286508799,698.5269809379593,69.51502678654029,7.801643774777991,28.340666029279575,3.028548898314769,-7.886403358018933,9.686859408594842,9.110389915898066,6.620824267851476,4.064094569949673,explorer
TR_1196,forest,windy,1,2,1.5884900840367118,2939.356822631258,61.79193016019589,5,215.26402705773347,1,3,0.6263326084818813,0.7609446654831008,426.3418720414411,10.0,5.506907290001188,33.239348827485536,0.4025067756741574,-6.266924975473498,8.41094374149018,1.195784006712319,11.032052797894675,2.512807249735513,explorer
TR_1197,ice,clear,2,3,1.428078986681332,2815.837931686873,75.24329558596483,6,206.34770853313094,4,2,0.7108071267429709,0.8167529272499435,461.61265411913075,19.277933235794166,4.858373415138986,27.878397755056362,0.0,-5.006888133795815,6.423356944968901,2.9106169240270057,9.60504364130611,6.68741537681372,explorer
TR_1198,desert,windy,5,3,1.3498090025361678,2628.6980924006684,87.72568046629269,9,233.07163740520798,8,4,0.6223780767885021,0.8196271826079139,607.9518800534355,10.0,3.44259077474769,28.48450724009965,7.303588074185258,-5.4616220140005565,7.214696406549913,-0.4696283302170512,10.685672121530763,10.028512312174618,collector
TR_1199,forest,fog,1,3,1.4117760755210347,2679.15480410915,79.33703278406075,4,209.0047275137382,8,3,0.5282610700540609,0.7981037253478601,481.29128140674686,85.27406837143425,4.570003017043677,25.707145179083305,7.229802419236749,-6.804796052950718,8.68600453391354,4.743460000287776,8.656864589767006,2.613558577344371,collector
