iter	Logloss
0	0.6805993503
1	0.6680818606
2	0.6581847369
3	0.6474057181
4	0.6367615255
5	0.6281266538
6	0.6184527089
7	0.610286817
8	0.6008956686
9	0.5934122624
10	0.5870560852
11	0.578884251
12	0.5734086137
13	0.5666564897
14	0.5599686207
15	0.5531153453
16	0.546382852
17	0.540306102
18	0.5344341269
19	0.5289479581
20	0.5242119555
21	0.5197020252
22	0.5143201975
23	0.5108940821
24	0.5057784714
25	0.5014475549
26	0.4969910416
27	0.4929060192
28	0.4891477745
29	0.4846002942
30	0.4811869292
31	0.4770997016
32	0.4730252784
33	0.4693995159
34	0.4658208371
35	0.4621482197
36	0.4585212166
37	0.4551289442
38	0.4517641576
39	0.448744785
40	0.4460652966
41	0.4434152909
42	0.4409738616
43	0.4390512352
44	0.4365629252
45	0.4342295652
46	0.431453564
47	0.4289682912
48	0.4266444838
49	0.4245873988
50	0.4225851637
51	0.4202087565
52	0.4180703266
53	0.4162509556
54	0.414192758
55	0.4120818435
56	0.4100313804
57	0.408576363
58	0.4071169466
59	0.4054355357
60	0.4039841447
61	0.4021807278
62	0.4007460531
63	0.3994122484
64	0.3978607982
65	0.396775078
66	0.3958630434
67	0.3946683365
68	0.3935971528
69	0.3925509286
70	0.3911738576
71	0.3899722817
72	0.3890355969
73	0.3880776718
74	0.387196013
75	0.3859756375
76	0.3850634806
77	0.3845396127
78	0.3836876058
79	0.3829192056
80	0.3822631377
81	0.3812711766
82	0.3802415522
83	0.379401156
84	0.3784005862
85	0.3776831061
86	0.3768467864
87	0.376079384
88	0.3753219907
89	0.3745766179
90	0.3744426148
91	0.3736948152
92	0.3733494453
93	0.3727099549
94	0.372124592
95	0.3713657237
96	0.3708357119
97	0.3699079299
98	0.369255797
99	0.3687832395
100	0.3683438079
101	0.3677637683
102	0.367255909
103	0.3665352803
104	0.3660029235
105	0.3655153374
106	0.365176832
107	0.3646705782
108	0.3642067065
109	0.3636349889
110	0.3630574327
111	0.3624431196
112	0.3619596005
113	0.3614487647
114	0.361027135
115	0.3604123994
116	0.3599281537
117	0.3595345998
118	0.3591487195
119	0.3587210974
120	0.3582259335
121	0.357839369
122	0.3575070952
123	0.35715895
124	0.356503303
125	0.3559570764
126	0.3555353859
127	0.3551324879
128	0.354554201
129	0.3540423949
130	0.3537099027
131	0.3532863038
132	0.3529818614
133	0.3521593427
134	0.3518861921
135	0.3515246671
136	0.3511272426
137	0.3508705427
138	0.3506034998
139	0.3500348984
140	0.3499855439
141	0.3496829673
142	0.349295543
143	0.3488560534
144	0.3484268982
145	0.3481850038
146	0.347767491
147	0.3476278137
148	0.3474701138
149	0.3471491385
150	0.3466861069
151	0.3463204308
152	0.3460884113
153	0.3456587544
154	0.3453524137
155	0.3450706666
156	0.3444622834
157	0.3442104057
158	0.3439179141
159	0.3436338569
160	0.3433227074
161	0.3430353208
162	0.342757672
163	0.3423948202
164	0.3419341204
165	0.3416367546
166	0.3414106891
167	0.3410113413
168	0.3407802266
169	0.3404567332
170	0.3400323535
171	0.3397419197
172	0.3393883743
173	0.3392492534
174	0.3389146286
175	0.3384545204
176	0.3381943068
177	0.3378865382
178	0.3376956774
179	0.3373571902
180	0.337080375
181	0.3368629849
182	0.3367285854
183	0.3364362312
184	0.3362212201
185	0.3360649724
186	0.3358389076
187	0.335564373
188	0.3350705462
189	0.3349929382
190	0.3348824451
191	0.3345571261
192	0.3343156667
193	0.3340945153
194	0.333765506
195	0.3336088382
196	0.3332739633
197	0.332947889
198	0.3326361266
199	0.3323470968
200	0.3321348163
201	0.3317962693
202	0.3315662336
203	0.331436637
204	0.3313031982
205	0.3308912972
206	0.3308467939
207	0.330619951
208	0.3303735386
209	0.330167176
210	0.3296930721
211	0.3295503818
212	0.3293651735
213	0.3292025834
214	0.3290493083
215	0.3287888634
216	0.3285234165
217	0.328237278
218	0.3279683431
219	0.3276469848
220	0.3271292328
221	0.3269495063
222	0.326821262
223	0.3267083243
224	0.3266378877
225	0.3264965561
226	0.3263865073
227	0.3263665547
228	0.3261678641
229	0.326135122
230	0.3259080456
231	0.3256643046
232	0.3255463752
233	0.3254631436
234	0.3249723656
235	0.3248157444
236	0.3246014834
237	0.324379826
238	0.3242005404
239	0.3241153349
240	0.3238290404
241	0.3238035568
242	0.3237290918
243	0.3236381769
244	0.3235381767
245	0.3232950766
246	0.3231858775
247	0.3229111016
248	0.3227628392
249	0.3225084603
250	0.3223262325
251	0.3219859597
252	0.3217994028
253	0.3215089117
254	0.3214189935
255	0.3213382963
256	0.3212609116
257	0.3210325925
258	0.320851692
259	0.3208503296
260	0.320763204
261	0.3205411177
262	0.3204416708
263	0.3202734102
264	0.3201393185
265	0.3199507737
266	0.3197834534
267	0.3196744689
268	0.319667815
269	0.3195916418
270	0.319576329
271	0.3194198289
272	0.3193534386
273	0.3192165721
274	0.3190850078
275	0.3190098333
276	0.3187080311
277	0.3185229526
278	0.3182629095
279	0.3182069494
280	0.3181316291
281	0.3179982384
282	0.3178125233
283	0.3175115666
284	0.3172174516
285	0.3169494687
286	0.3168699806
287	0.316719072
288	0.3166056238
289	0.316422188
290	0.3163577361
291	0.3162978499
292	0.3161654418
293	0.3159929986
294	0.3158124419
295	0.3156533507
296	0.3154185663
297	0.3152974497
298	0.3151922403
299	0.3149005392
300	0.3147737604
301	0.3146508203
302	0.3144323936
303	0.3142622103
304	0.3141572407
305	0.314018097
306	0.3139634436
307	0.3138285104
308	0.3137076607
309	0.3135183981
310	0.3133772572
311	0.3132913866
312	0.3131755663
313	0.3131400078
314	0.3130987749
315	0.3129842663
316	0.312887345
317	0.3127907606
318	0.3126423308
319	0.3125417423
320	0.3124309089
321	0.3123871786
322	0.3122444685
323	0.3119944524
324	0.3119223672
325	0.3118031613
326	0.3116810595
327	0.3116394377
328	0.3115339696
329	0.3115141273
330	0.311349809
331	0.3112456329
332	0.3111893064
333	0.31105337
334	0.311048082
335	0.3110050474
336	0.3108732765
337	0.3108534471
338	0.31082619
339	0.3105171281
340	0.3103867149
341	0.3102331454
342	0.3101452794
343	0.3100172745
344	0.3099161711
345	0.3098068824
346	0.3097006257
347	0.3095819592
348	0.3094803106
349	0.3093821744
350	0.3093575643
351	0.3092687628
352	0.3091148584
353	0.3090609347
354	0.3089358931
355	0.3088394839
356	0.3086585711
357	0.3085313146
358	0.3084326666
359	0.3083434398
360	0.3082162378
361	0.3080941031
362	0.3080893913
363	0.3080848208
364	0.3079423454
365	0.3078083766
366	0.3076312124
367	0.3076123843
368	0.3074276578
369	0.3073312606
370	0.3073218308
371	0.3072075772
372	0.3071588365
373	0.3070626248
374	0.3069549999
375	0.306914337
376	0.3067911522
377	0.306540426
378	0.3065088167
379	0.3063597142
380	0.3063385997
381	0.3062339436
382	0.3059982149
383	0.3057951537
384	0.305740272
385	0.3056694981
386	0.3055817602
387	0.3054696973
388	0.3054251068
389	0.305258338
390	0.3051313311
391	0.305093999
392	0.3047359052
393	0.3045849666
394	0.3045018612
395	0.3044976865
396	0.3044389677
397	0.3043717029
398	0.3043255582
399	0.3042653667
400	0.3042438066
401	0.3042301979
402	0.3041283503
403	0.3039054876
404	0.3037965613
405	0.3036583316
406	0.3035907738
407	0.3034945804
408	0.303388932
409	0.3033375787
410	0.3031793907
411	0.3030592761
412	0.3030112992
413	0.3028878666
414	0.3027595096
415	0.3027518345
416	0.3026347459
417	0.3025245454
418	0.3024540455
419	0.3023233104
420	0.3021010906
421	0.3019477599
422	0.3019366679
423	0.3017980601
424	0.3017292982
425	0.3016715994
426	0.3015797717
427	0.3015270594
428	0.3015242485
429	0.3015242449
430	0.3013959649
431	0.3013433223
432	0.3012496997
433	0.3011078193
434	0.3009781854
435	0.3008778007
436	0.3007326663
437	0.3006607264
438	0.3005836648
439	0.3005102133
440	0.3003874362
441	0.3002833075
442	0.3001066037
443	0.2999204091
444	0.2998332555
445	0.2996357147
446	0.2994863447
447	0.2994057576
448	0.2992212128
449	0.2990503274
450	0.2987648312
451	0.2986481148
452	0.2985238964
453	0.2983122825
454	0.2982041104
455	0.2981362527
456	0.2980250838
457	0.2979308093
458	0.2977461543
459	0.2975476729
460	0.2973143094
461	0.2969373458
462	0.2968747688
463	0.2968581631
464	0.2967804239
465	0.2966994445
466	0.2964574086
467	0.2962337515
468	0.2959583521
469	0.2958853049
470	0.2957244707
471	0.2956935936
472	0.2955616728
473	0.2955351324
474	0.2954124112
475	0.2953034667
476	0.2952411978
477	0.2950075526
478	0.294997879
479	0.2949664551
480	0.2949440961
481	0.294790484
482	0.2946228185
483	0.2944612821
484	0.2944192849
485	0.2943912699
486	0.294302357
487	0.2942037437
488	0.2941720518
489	0.293988071
490	0.2938439209
491	0.2937749867
492	0.2936302209
493	0.2935650512
494	0.2934090588
495	0.293324242
496	0.29318159
497	0.29300796
498	0.292914221
499	0.2928763821
500	0.2926942318
501	0.2924845492
502	0.2924028794
503	0.2923582556
504	0.2921382311
505	0.2920424638
506	0.2918982377
507	0.2918386605
508	0.2916873431
509	0.2915574621
510	0.2915090972
511	0.2913660749
512	0.2912044889
513	0.2910977158
514	0.2910668204
515	0.290959393
516	0.2909430832
517	0.290806632
518	0.2906651878
519	0.2905403006
520	0.2903976628
521	0.2903361701
522	0.2902982508
523	0.290182465
524	0.2900087357
525	0.2899057458
526	0.2897599163
527	0.2896932095
528	0.2895484477
529	0.2895142407
530	0.2893783064
531	0.2892565789
532	0.2890569376
533	0.2888503908
534	0.2886807838
535	0.2885085275
536	0.2882775051
537	0.2882370338
538	0.2881658158
539	0.2880931677
540	0.2880476572
541	0.2879491244
542	0.2879270334
543	0.2877815499
544	0.2877061143
545	0.2875696189
546	0.2874571826
547	0.2873748734
548	0.287269561
549	0.2871922248
550	0.2870760986
551	0.286838816
552	0.2868052151
553	0.2867413603
554	0.2867319963
555	0.2867075621
556	0.2866475313
557	0.2865116935
558	0.2864380956
559	0.286264273
560	0.2861180181
561	0.2860745325
562	0.2860191441
563	0.2858817398
564	0.2856684109
565	0.2854911495
566	0.2853932093
567	0.2853610359
568	0.2852755278
569	0.2852305049
570	0.2852216293
571	0.2852048872
572	0.2851777588
573	0.2851595455
574	0.2849965989
575	0.2849156623
576	0.2849047961
577	0.2848723453
578	0.2847912172
579	0.2847851377
580	0.2847049793
581	0.2845955395
582	0.2844576088
583	0.2842761822
584	0.2841790583
585	0.2841604137
586	0.2840988741
587	0.2840289988
588	0.2839007235
589	0.2838318816
590	0.2838036094
591	0.2836680374
592	0.2836198676
593	0.2834812327
594	0.2833899969
595	0.2833226377
596	0.2832736226
597	0.2831283601
598	0.2830139296
599	0.282964766
600	0.2828490509
601	0.2827602888
602	0.2825411976
603	0.2825152158
604	0.2824396453
605	0.282322133
606	0.282175111
607	0.282032543
608	0.2818279988
609	0.2818085409
610	0.2817009455
611	0.2815659231
612	0.2814166605
613	0.2813792628
614	0.2811591374
615	0.2810801973
616	0.2810552682
617	0.2809884399
618	0.2809185177
619	0.2807903819
620	0.2807127153
621	0.2805016773
622	0.2804834331
623	0.2804757589
624	0.2804143717
625	0.2803646177
626	0.2803253134
627	0.2801981899
628	0.2801541548
629	0.2799852581
630	0.2798957471
631	0.2796911562
632	0.2795856589
633	0.2794461852
634	0.2792669068
635	0.2789449973
636	0.2788954393
637	0.2788434769
638	0.2787362125
639	0.2786056646
640	0.2785759014
641	0.2784598196
642	0.2784123831
643	0.278381102
644	0.2783273426
645	0.2783168148
646	0.2782217025
647	0.278067097
648	0.2779785473
649	0.2778890827
650	0.2777906201
651	0.2777887504
652	0.2777082313
653	0.2776694545
654	0.2776417375
655	0.2774888245
656	0.2774015181
657	0.2772929949
658	0.2772775094
659	0.2772523985
660	0.2770539935
661	0.2769444358
662	0.2769287947
663	0.2769257306
664	0.2768738971
665	0.2768667108
666	0.2767980978
667	0.27664966
668	0.2765576357
669	0.276518589
670	0.2763848532
671	0.2762704545
672	0.276263197
673	0.2762212923
674	0.2761485097
675	0.275995055
676	0.2758398208
677	0.2756911901
678	0.2756544682
679	0.275592352
680	0.2755717445
681	0.2754884821
682	0.275470553
683	0.2753763302
684	0.2753225235
685	0.2751982067
686	0.2751963937
687	0.2751442427
688	0.2749474463
689	0.2749172786
690	0.2748926876
691	0.2748520545
692	0.2747676598
693	0.2747662081
694	0.2747215463
695	0.2747128978
696	0.2745405572
697	0.2744878816
698	0.2743988616
699	0.2742766731
700	0.2742694587
701	0.2741311762
702	0.2741170993
703	0.2740391445
704	0.2740169895
705	0.2739992078
706	0.2738890749
707	0.273827471
708	0.2738158785
709	0.273787218
710	0.2737035039
711	0.2735081551
712	0.2733101989
713	0.2731870975
714	0.2730679395
715	0.2729646959
716	0.272837488
717	0.2726697114
718	0.2725475003
719	0.272467155
720	0.272389006
721	0.2721919785
722	0.2720499609
723	0.2719102441
724	0.2719080097
725	0.2717168718
726	0.2716962718
727	0.2716565131
728	0.271568462
729	0.271472867
730	0.2713558698
731	0.2713321172
732	0.2712279487
733	0.2712030603
734	0.2710961373
735	0.2709651393
736	0.2708752729
737	0.2708623363
738	0.2707022049
739	0.2706734329
740	0.270550388
741	0.2704745747
742	0.2704682329
743	0.270406538
744	0.2703783511
745	0.2702734463
746	0.2701629173
747	0.2699891763
748	0.2699617391
749	0.2698593675
750	0.2697643694
751	0.2697521099
752	0.2697483138
753	0.269618076
754	0.2694553837
755	0.2694517199
756	0.2694327629
757	0.2692764679
758	0.2691483805
759	0.2691398692
760	0.2690722498
761	0.2689666929
762	0.2688563782
763	0.2688535438
764	0.2688261215
765	0.2687126313
766	0.2686872345
767	0.2686033097
768	0.268487617
769	0.2684779927
770	0.2683978443
771	0.2681812852
772	0.2680444951
773	0.2680200351
774	0.2680146145
775	0.2679593192
776	0.2678504379
777	0.2677591699
778	0.2677494817
779	0.2676516545
780	0.2676302764
781	0.2675294395
782	0.2674221539
783	0.2673103145
784	0.2671931662
785	0.2671866919
786	0.2671468454
787	0.2670841322
788	0.2669301993
789	0.2668091493
790	0.2667832303
791	0.266779966
792	0.2667184854
793	0.2665743511
794	0.2665676967
795	0.2664054528
796	0.2663908772
797	0.2663784703
798	0.2663748341
799	0.266276825
800	0.2661927278
801	0.2661398017
802	0.2660314396
803	0.2658818205
804	0.2657135065
805	0.265661693
806	0.2655423566
807	0.2655097693
808	0.2654470132
809	0.2653714202
810	0.2653575551
811	0.2652700781
812	0.2651589234
813	0.2650294654
814	0.2649037408
815	0.2647939768
816	0.2647241531
817	0.2646906398
818	0.2646215311
819	0.264524231
820	0.2645108407
821	0.2643397314
822	0.2642844127
823	0.2642818861
824	0.2642441177
825	0.2640951526
826	0.2640873063
827	0.2639621324
828	0.2638707984
829	0.263793155
830	0.2637539516
831	0.2636138807
832	0.263541592
833	0.2634147385
834	0.2633639691
835	0.2633527981
836	0.2632707955
837	0.2632088546
838	0.2631577018
839	0.2630698058
840	0.2629566815
841	0.2629451743
842	0.2628733943
843	0.2626156912
844	0.2625276765
845	0.2623897506
846	0.262267383
847	0.2620760183
848	0.2619279136
849	0.2618421146
850	0.2616685188
851	0.2615030832
852	0.2613743142
853	0.2613685157
854	0.2612744876
855	0.2612558999
856	0.2611103162
857	0.261022587
858	0.2609468898
859	0.2609440763
860	0.2609000298
861	0.2608005695
862	0.2606497923
863	0.2604978533
864	0.2604182081
865	0.2603025804
866	0.260227111
867	0.2602064782
868	0.2601831596
869	0.2600400211
870	0.2600176194
871	0.2598779216
872	0.259870786
873	0.2597469141
874	0.2596694643
875	0.2595697555
876	0.259541491
877	0.2594474572
878	0.2594332829
879	0.2592593146
880	0.259234061
881	0.259202944
882	0.2592006684
883	0.2591777386
884	0.2591570124
885	0.259064916
886	0.2589520981
887	0.2589489484
888	0.2588581001
889	0.2588387513
890	0.2587551352
891	0.2587388045
892	0.2586068483
893	0.2584971369
894	0.2584851703
895	0.2584336475
896	0.2582829764
897	0.2581656259
898	0.258074357
899	0.257926265
900	0.2578265164
901	0.2576975279
902	0.2575944407
903	0.2575392452
904	0.2573843343
905	0.2573084347
906	0.2572120103
907	0.2570726421
908	0.2570215113
909	0.2569129953
910	0.2569077994
911	0.256903733
912	0.2568664841
913	0.2568386652
914	0.2567534604
915	0.2566672187
916	0.2566066033
917	0.2565719569
918	0.2565381751
919	0.2564097296
920	0.2562478678
921	0.2561858613
922	0.2560849373
923	0.2559893405
924	0.2558662704
925	0.2558367219
926	0.2556071042
927	0.2555057264
928	0.2554817205
929	0.2554199044
930	0.2553101175
931	0.2551577888
932	0.2551134279
933	0.2550514952
934	0.254967569
935	0.2548467079
936	0.254782754
937	0.2546383112
938	0.2545430736
939	0.2544694202
940	0.2544513662
941	0.2543206737
942	0.2542240232
943	0.2541310792
944	0.2540845877
945	0.2539601006
946	0.2537829594
947	0.2537611369
948	0.2536535274
949	0.2534815068
950	0.2534125704
951	0.253290523
952	0.2531545555
953	0.253088812
954	0.2529695299
955	0.2529173625
956	0.2528019783
957	0.2527088905
958	0.252646172
959	0.2526352928
960	0.2525409709
961	0.2522853757
962	0.252193711
963	0.2521304162
964	0.2520205534
965	0.2520044619
966	0.2519250078
967	0.2517808185
968	0.2517176142
969	0.2517044261
970	0.2516192578
971	0.2515893822
972	0.2515474127
973	0.2514599102
974	0.2514466153
975	0.2514303772
976	0.2513009125
977	0.2512332504
978	0.251175245
979	0.2511506312
980	0.2510719946
981	0.250979665
982	0.2508615264
983	0.2507072951
984	0.250595857
985	0.2505642754
986	0.2504668756
987	0.2503662602
988	0.250242272
989	0.2502258385
990	0.2501834789
991	0.2501077303
992	0.2500938412
993	0.2499953961
994	0.2498701908
995	0.2498257544
996	0.2497966007
997	0.2497708775
998	0.2497398533
999	0.2496029964
1000	0.2494938628
1001	0.2494030652
1002	0.2493221455
1003	0.2491934249
1004	0.2491700995
1005	0.2491164714
1006	0.2490324304
1007	0.2489822052
1008	0.2489154434
1009	0.2488975477
1010	0.2488379276
1011	0.2487797417
1012	0.2486001914
1013	0.2485235647
1014	0.2484433763
1015	0.2484303295
1016	0.2483034406
1017	0.2482143096
1018	0.2481198998
1019	0.2480015632
1020	0.2478441039
1021	0.2477868389
1022	0.2477012999
1023	0.2475624026
1024	0.2475437461
1025	0.2474331124
1026	0.2473299278
1027	0.2472850769
1028	0.2472628706
1029	0.2472035115
1030	0.2471687287
1031	0.2471582222
1032	0.2470680346
1033	0.2470509496
1034	0.2470279514
1035	0.2469084298
1036	0.2468429072
1037	0.2467861142
1038	0.246776899
1039	0.2467146248
1040	0.2465240814
1041	0.2464835355
1042	0.2463320122
1043	0.2462020745
1044	0.2460441096
1045	0.2459457703
1046	0.2458535733
1047	0.2457211988
1048	0.2456855543
1049	0.2456709002
1050	0.2456252883
1051	0.2456110358
1052	0.2455452914
1053	0.2454290603
1054	0.245321538
1055	0.245165884
1056	0.2450400464
1057	0.2450312624
1058	0.2449954256
1059	0.2449029826
1060	0.2447803917
1061	0.2447306833
1062	0.2446791891
1063	0.2445736506
1064	0.2444912029
1065	0.2443941536
1066	0.2442684404
1067	0.2441685614
1068	0.2440454506
1069	0.2440356964
1070	0.2439422211
1071	0.2438821932
1072	0.2438234218
1073	0.2436885418
1074	0.2436002167
1075	0.2434925534
1076	0.243426969
1077	0.2433432735
1078	0.2433268699
1079	0.2431967702
1080	0.2430910129
1081	0.2430779678
1082	0.2430195623
1083	0.2430133518
1084	0.2429121415
1085	0.2428867394
1086	0.2427474559
1087	0.242722117
1088	0.2426680141
1089	0.2426532272
1090	0.2425227827
1091	0.2424838041
1092	0.2424609376
1093	0.2423161315
1094	0.2422462148
1095	0.2421949791
1096	0.2421789491
1097	0.2420672822
1098	0.2419422288
1099	0.2418432123
1100	0.241825918
1101	0.2417785799
1102	0.2417376661
1103	0.241627227
1104	0.2415851974
1105	0.2415786165
1106	0.2414764298
1107	0.2414478744
1108	0.2412853368
1109	0.2411498236
1110	0.2410832865
1111	0.2410527374
1112	0.2409646177
1113	0.2408911415
1114	0.2407766803
1115	0.2406488117
1116	0.240578289
1117	0.2405539847
1118	0.2404908423
1119	0.240486395
1120	0.240378856
1121	0.2403305539
1122	0.2402797507
1123	0.2401984612
1124	0.2401125249
1125	0.2400055275
1126	0.2399547703
1127	0.2397377831
1128	0.2396479114
1129	0.239587123
1130	0.2395581587
1131	0.2394886285
1132	0.2393925297
1133	0.2393717099
1134	0.2393487166
1135	0.2393306328
1136	0.2392743257
1137	0.2392502455
1138	0.2392298461
1139	0.2391819852
1140	0.2391251905
1141	0.2389445308
1142	0.2387801276
1143	0.2387239554
1144	0.2385917837
1145	0.2385741122
1146	0.2384551222
1147	0.2383474643
1148	0.2382320444
1149	0.2382216954
1150	0.2381337609
1151	0.2380774776
1152	0.2380763557
1153	0.2379813244
1154	0.237967616
1155	0.2379011418
1156	0.2378826112
1157	0.2378707782
1158	0.237843537
1159	0.2377356641
1160	0.2376686263
1161	0.2376402305
1162	0.2375694332
1163	0.2375136361
1164	0.2374904068
1165	0.2374249927
1166	0.237341506
1167	0.2372946582
1168	0.2372348359
1169	0.2371287166
1170	0.2371190081
1171	0.236981552
1172	0.2369110428
1173	0.2368585605
1174	0.2368073375
1175	0.2366990904
1176	0.2366449314
1177	0.2366161496
1178	0.2364912416
1179	0.2364538659
1180	0.2363624775
1181	0.2363082488
1182	0.236194515
1183	0.2361707928
1184	0.2361027399
1185	0.2360085281
1186	0.2358993392
1187	0.2358498442
1188	0.23573722
1189	0.2357030363
1190	0.2356229111
1191	0.2355274277
1192	0.2355241624
1193	0.2354211213
1194	0.2352847515
1195	0.2352206181
1196	0.235197709
1197	0.2351245023
1198	0.2350699654
1199	0.235053975
1200	0.2349992978
1201	0.2349926215
1202	0.2349418977
1203	0.2348084066
1204	0.2347522292
1205	0.2347377628
1206	0.2346444661
1207	0.2346116335
1208	0.2345420026
1209	0.2344784284
1210	0.2343642042
1211	0.2342323473
1212	0.234157099
1213	0.2341203584
1214	0.234000908
1215	0.2339149552
1216	0.2338696637
1217	0.2338694837
1218	0.2337306643
1219	0.2336437419
1220	0.2335970222
1221	0.2335948168
1222	0.2335616111
1223	0.2335025822
1224	0.2333776598
1225	0.2333319373
1226	0.2332251236
1227	0.2331587516
1228	0.2331181065
1229	0.2330610181
1230	0.2330145003
1231	0.2329540638
1232	0.2329030064
1233	0.2328820645
1234	0.2328056393
1235	0.2326956714
1236	0.2326143144
1237	0.2325785156
1238	0.2324720644
1239	0.2323909864
1240	0.2323262336
1241	0.2322355304
1242	0.2321053913
1243	0.2320873802
1244	0.2320336585
1245	0.2319267368
1246	0.2318914086
1247	0.2318255253
1248	0.2317448568
1249	0.2316736428
1250	0.2315514275
1251	0.2313823141
1252	0.2312604625
1253	0.2312066298
1254	0.2311129507
1255	0.2310748255
1256	0.2310434509
1257	0.230812741
1258	0.2307057107
1259	0.2306971537
1260	0.2306862307
1261	0.2306021796
1262	0.2305773165
1263	0.2305562935
1264	0.2305049603
1265	0.2304226742
1266	0.2303308368
1267	0.2302075249
1268	0.2301519776
1269	0.2300800836
1270	0.230063137
1271	0.2299450878
1272	0.2297106851
1273	0.2296389392
1274	0.2295184519
1275	0.2294996173
1276	0.2294736242
1277	0.2294197318
1278	0.2293928488
1279	0.2293561054
1280	0.2292803749
1281	0.2292450939
1282	0.229206984
1283	0.229160731
1284	0.2290187009
1285	0.2289083334
1286	0.2287144518
1287	0.2286423997
1288	0.2284759082
1289	0.2284265173
1290	0.2283460973
1291	0.2282951742
1292	0.2281798579
1293	0.2281630828
1294	0.2281437677
1295	0.2281103091
1296	0.2280352847
1297	0.2279780062
1298	0.2279311896
1299	0.2278596898
1300	0.2278183174
1301	0.2277459126
1302	0.2276977944
1303	0.2275599186
1304	0.2274952896
1305	0.22749433
1306	0.2274908464
1307	0.2274000971
1308	0.2273947479
1309	0.2273508235
1310	0.2273498888
1311	0.2273011261
1312	0.2272176596
1313	0.2271702161
1314	0.2271228619
1315	0.2270428169
1316	0.2269573425
1317	0.2268838967
1318	0.2267802694
1319	0.2267040119
1320	0.2266276614
1321	0.2265705076
1322	0.2264897063
1323	0.2264202102
1324	0.2263988924
1325	0.2263480345
1326	0.2262799289
1327	0.2261851294
1328	0.2261469115
1329	0.2261188782
1330	0.2260132884
1331	0.2259246373
1332	0.2258912336
1333	0.2257835139
1334	0.2257343666
1335	0.225695108
1336	0.225615009
1337	0.2255500546
1338	0.2255104799
1339	0.2254754496
1340	0.225455441
1341	0.2253979489
1342	0.2253842557
1343	0.2253577359
1344	0.2252917965
1345	0.2252674425
1346	0.2251762832
1347	0.2250856565
1348	0.2250726631
1349	0.2250251679
1350	0.2249531662
1351	0.2249079142
1352	0.2248570574
1353	0.2247990804
1354	0.2247425791
1355	0.2246176421
1356	0.2245114618
1357	0.2244722946
1358	0.2244350348
1359	0.2244304599
1360	0.2242625344
1361	0.224144476
1362	0.2240901937
1363	0.2240060108
1364	0.2239824574
1365	0.2239258062
1366	0.2238946226
1367	0.2238839261
1368	0.2238418446
1369	0.223830717
1370	0.2237998835
1371	0.2237381488
1372	0.2236799361
1373	0.2236227434
1374	0.2234716522
1375	0.2234098143
1376	0.2232839308
1377	0.2232503736
1378	0.223172859
1379	0.2230961682
1380	0.2230547656
1381	0.2230292919
1382	0.2230147018
1383	0.2228678406
1384	0.2228416489
1385	0.2227637212
1386	0.2226515754
1387	0.2225612598
1388	0.2224594053
1389	0.2224246204
1390	0.2223848354
1391	0.2222999065
1392	0.2222646615
1393	0.2221684319
1394	0.2221391292
1395	0.2220980503
1396	0.2220145505
1397	0.2219206218
1398	0.2218453658
1399	0.2217011104
1400	0.2216130047
1401	0.2215414921
1402	0.2214515098
1403	0.221409532
1404	0.221383176
1405	0.2213321917
1406	0.2213061289
1407	0.2212830485
1408	0.2212653567
1409	0.2212096759
1410	0.2211712066
1411	0.2211220624
1412	0.221054132
1413	0.2209463723
1414	0.2208937561
1415	0.2207842907
1416	0.2206441931
1417	0.2205814977
1418	0.220551374
1419	0.2205208638
1420	0.2204329606
1421	0.2203682701
1422	0.2203472453
1423	0.2203234445
1424	0.220288307
1425	0.2202239273
1426	0.2201118671
1427	0.22010514
1428	0.2199721402
1429	0.2198929828
1430	0.2198693265
1431	0.2198202925
1432	0.2198124272
1433	0.219757733
1434	0.2196210665
1435	0.2195032096
1436	0.219451897
1437	0.2193895475
1438	0.2192886585
1439	0.2192885018
1440	0.2192437277
1441	0.2192407568
1442	0.2191948724
1443	0.2191465343
1444	0.2191189438
1445	0.2190452733
1446	0.2190368891
1447	0.218954984
1448	0.2189227267
1449	0.2188100954
1450	0.2186937348
1451	0.2186281816
1452	0.2185645888
1453	0.21851029
1454	0.2185028276
1455	0.2183609144
1456	0.2182667667
1457	0.2181853076
1458	0.2180991137
1459	0.2180359134
1460	0.2179445718
1461	0.2178879967
1462	0.21788224
1463	0.217838503
1464	0.2177816075
1465	0.2176352512
1466	0.2175481455
1467	0.2174277944
1468	0.217400259
1469	0.2173467848
1470	0.2172241008
1471	0.2171560637
1472	0.2171401617
1473	0.2171107468
1474	0.2170618777
1475	0.2170152639
1476	0.2169431817
1477	0.2168999591
1478	0.2168163888
1479	0.2167855933
1480	0.2167320034
1481	0.2166529729
1482	0.2165830911
1483	0.2165062022
1484	0.2164762109
1485	0.2164462979
1486	0.2163543439
1487	0.2163250051
1488	0.2162800949
1489	0.2161293914
1490	0.2160615112
1491	0.2160258348
1492	0.2158996252
1493	0.2157952404
1494	0.2156711
1495	0.215553079
1496	0.2154796816
1497	0.2153556305
1498	0.2153279463
1499	0.2152466747
1500	0.2152042494
1501	0.2151665065
1502	0.2151300038
1503	0.2150643455
1504	0.2150508661
1505	0.2150004526
1506	0.2149060978
1507	0.2148219307
1508	0.2147941396
1509	0.2147648772
1510	0.2147407812
1511	0.2147095036
1512	0.2146409492
1513	0.2146317162
1514	0.2146118938
1515	0.214542744
1516	0.2145139296
1517	0.2144606382
1518	0.2144072382
1519	0.2142986881
1520	0.2142165915
1521	0.2141414953
1522	0.2141121998
1523	0.2140708947
1524	0.2139563961
1525	0.2139260269
1526	0.2139066409
1527	0.2138729296
1528	0.2138008964
1529	0.2137568752
1530	0.2137133537
1531	0.2136772123
1532	0.2136488861
1533	0.2135873742
1534	0.2135568667
1535	0.2134982065
1536	0.213419729
1537	0.2133501647
1538	0.213313457
1539	0.2132395625
1540	0.2131920227
1541	0.2131663298
1542	0.2131163405
1543	0.2130805857
1544	0.2129638344
1545	0.212926341
1546	0.2128009382
1547	0.2127530992
1548	0.2127052573
1549	0.2126190623
1550	0.2125944329
1551	0.212491721
1552	0.2123755111
1553	0.212331691
1554	0.2122983288
1555	0.2122658244
1556	0.2121718119
1557	0.2121440926
1558	0.2120936582
1559	0.2120680808
1560	0.2119735494
1561	0.2119340716
1562	0.2118765977
1563	0.2117765705
1564	0.2117638303
1565	0.2116915805
1566	0.211677902
1567	0.2116764071
1568	0.2115721852
1569	0.2114958775
1570	0.2114478404
1571	0.2113799531
1572	0.2112987092
1573	0.2112282062
1574	0.211167413
1575	0.2111025451
1576	0.2110071114
1577	0.2109134686
1578	0.2108952727
1579	0.2108655691
1580	0.2107855996
1581	0.210777245
1582	0.2107190086
1583	0.2105930596
1584	0.2105321431
1585	0.2105172314
1586	0.2104425061
1587	0.2104138633
1588	0.2103799761
1589	0.2103496774
1590	0.2103412225
1591	0.2103108142
1592	0.2103041351
1593	0.2102878695
1594	0.2102229241
1595	0.210164815
1596	0.210082867
1597	0.2100255727
1598	0.2099678492
1599	0.2099301807
1600	0.2098660268
1601	0.2097849572
1602	0.2097580823
1603	0.2096857732
1604	0.2096056053
1605	0.2094677717
1606	0.20942541
1607	0.2093436971
1608	0.2092588885
1609	0.2092362516
1610	0.2091880643
1611	0.2091821955
1612	0.2091743316
1613	0.2090957363
1614	0.2090288378
1615	0.2089261293
1616	0.2088750942
1617	0.2087978242
1618	0.2087716207
1619	0.2086852366
1620	0.2085721256
1621	0.2085443529
1622	0.2084575931
1623	0.2084370249
1624	0.208391241
1625	0.2082882563
1626	0.208263546
1627	0.208240088
1628	0.2081278275
1629	0.2080870796
1630	0.2080413769
1631	0.2079715747
1632	0.2079253689
1633	0.2078863163
1634	0.207863475
1635	0.2077877933
1636	0.2077354776
1637	0.207699388
1638	0.207612306
1639	0.2075626975
1640	0.207521119
1641	0.207472366
1642	0.2074628269
1643	0.2074132253
1644	0.2073033817
1645	0.2072639749
1646	0.2071709961
1647	0.2071671914
1648	0.207052202
1649	0.2070147972
1650	0.2069805489
1651	0.2069305459
1652	0.2068442379
1653	0.2068076505
1654	0.2067716132
1655	0.2067138496
1656	0.2066877975
1657	0.2066660026
1658	0.2065676744
1659	0.2065235239
1660	0.2064255808
1661	0.2064184035
1662	0.2062645227
1663	0.2061842554
1664	0.2061559806
1665	0.2061222479
1666	0.2060988434
1667	0.206038014
1668	0.2060216917
1669	0.2059977408
1670	0.2059543151
1671	0.2059343342
1672	0.2059306827
1673	0.2058171225
1674	0.205738347
1675	0.2057193282
1676	0.2056414226
1677	0.2055792682
1678	0.2055684613
1679	0.2055417258
1680	0.2054729229
1681	0.2054447677
1682	0.2053553959
1683	0.2053066628
1684	0.2052080123
1685	0.2051944022
1686	0.2051695335
1687	0.2051663638
1688	0.2051384383
1689	0.2051250202
1690	0.2050861675
1691	0.2050626803
1692	0.2050519559
1693	0.2050454588
1694	0.204995386
1695	0.2049443797
1696	0.204900223
1697	0.2048596674
1698	0.2047972998
1699	0.2047707705
1700	0.2047632559
1701	0.204745917
1702	0.2047005207
1703	0.2045749008
1704	0.2045473513
1705	0.2045275848
1706	0.2044906284
1707	0.2044862492
1708	0.2043999971
1709	0.2043896549
1710	0.2043767698
1711	0.2043113685
1712	0.204183112
1713	0.2041511033
1714	0.2040721535
1715	0.2040018571
1716	0.2039719401
1717	0.2039133502
1718	0.2039031689
1719	0.2038472736
1720	0.2037870409
1721	0.2036772341
1722	0.2036615179
1723	0.2036006449
1724	0.2035719134
1725	0.203546255
1726	0.2035197968
1727	0.2034761894
1728	0.2034450145
1729	0.2033783639
1730	0.2033452629
1731	0.2033186234
1732	0.2032664266
1733	0.2032140452
1734	0.2031161273
1735	0.2030513625
1736	0.2030415737
1737	0.2029826485
1738	0.2028355046
1739	0.202834372
1740	0.2027577161
1741	0.2027118843
1742	0.2026639934
1743	0.2025916793
1744	0.2025483055
1745	0.2025205044
1746	0.2024302461
1747	0.2023536281
1748	0.2023418275
1749	0.2023164642
1750	0.202304172
1751	0.2022609839
1752	0.2022096926
1753	0.2021426609
1754	0.202110509
1755	0.2020421158
1756	0.2019750218
1757	0.201967094
1758	0.2019190495
1759	0.2018437715
1760	0.2017963714
1761	0.2017071585
1762	0.2016617479
1763	0.2016410036
1764	0.2016220593
1765	0.201591066
1766	0.2015537039
1767	0.2015331161
1768	0.2014733101
1769	0.20138674
1770	0.2013143427
1771	0.2012169808
1772	0.2012028709
1773	0.20119359
1774	0.2011449672
1775	0.2010942234
1776	0.201056856
1777	0.2010297422
1778	0.2009909749
1779	0.2009501739
1780	0.2008605017
1781	0.2008228917
1782	0.2007914039
1783	0.2007300933
1784	0.2006749475
1785	0.2005627689
1786	0.2005503123
1787	0.2004891911
1788	0.2004350731
1789	0.2004047891
1790	0.2003350997
1791	0.2002779195
1792	0.2002578729
1793	0.2002476209
1794	0.2002328473
1795	0.2001483414
1796	0.2001000343
1797	0.2000356529
1798	0.2000258733
1799	0.1999683562
1800	0.1998120721
1801	0.1997933054
1802	0.1997312508
1803	0.1997225864
1804	0.1996541213
1805	0.1995938125
1806	0.1995867286
1807	0.1995668757
1808	0.1994788648
1809	0.1994180381
1810	0.199403491
1811	0.1993709693
1812	0.1993216838
1813	0.1992952155
1814	0.1992582442
1815	0.1992332283
1816	0.1991881121
1817	0.1991463289
1818	0.1990998491
1819	0.1990294873
1820	0.1989910675
1821	0.1989721103
1822	0.1989540701
1823	0.1988693817
1824	0.1987756889
1825	0.1987153077
1826	0.1986942366
1827	0.1986684576
1828	0.1986082165
1829	0.1985518819
1830	0.1985236076
1831	0.1984774838
1832	0.1984537186
1833	0.1983916742
1834	0.1983790394
1835	0.1983105806
1836	0.1982746242
1837	0.1982056713
1838	0.1981826747
1839	0.1981748721
1840	0.198121624
1841	0.1981040024
1842	0.1980831578
1843	0.1980628222
1844	0.1980257187
1845	0.1979443332
1846	0.1978947731
1847	0.1978591683
1848	0.1978486772
1849	0.1978075994
1850	0.1977166944
1851	0.1976985893
1852	0.1976786732
1853	0.1976514814
1854	0.1975958759
1855	0.1975504166
1856	0.1975311318
1857	0.1975226486
1858	0.1974780866
1859	0.1974585033
1860	0.1973459944
1861	0.1972662902
1862	0.1971317859
1863	0.1971160384
1864	0.1971029462
1865	0.1970213089
1866	0.1969673493
1867	0.1969557761
1868	0.1969158457
1869	0.1968236206
1870	0.1968180321
1871	0.196800402
1872	0.1967594291
1873	0.1966388819
1874	0.1966079259
1875	0.1965625113
1876	0.1965280216
1877	0.1964528027
1878	0.1964263296
1879	0.1964088193
1880	0.1963429035
1881	0.1962684073
1882	0.1962299283
1883	0.196222962
1884	0.1961581958
1885	0.1960993593
1886	0.1960743976
1887	0.1960310304
1888	0.1960207096
1889	0.1959900372
1890	0.1959551339
1891	0.1958853796
1892	0.1957788599
1893	0.1957152275
1894	0.1956845501
1895	0.1956194889
1896	0.1956027072
1897	0.1955529314
1898	0.1955378811
1899	0.1955073928
1900	0.1954889461
1901	0.195344059
1902	0.195231811
1903	0.1952280213
1904	0.1952067353
1905	0.1950994408
1906	0.1949855869
1907	0.194964828
1908	0.1949524792
1909	0.1948686604
1910	0.194837063
1911	0.1947347446
1912	0.1946655516
1913	0.1946186478
1914	0.1946044539
1915	0.1945890893
1916	0.1945751945
1917	0.1944867094
1918	0.1944610095
1919	0.1944053498
1920	0.1943639535
1921	0.1943398002
1922	0.1943345827
1923	0.1942969582
1924	0.1942607752
1925	0.1942380598
1926	0.1941741378
1927	0.1941508491
1928	0.194132991
1929	0.1940845033
1930	0.1940651176
1931	0.1939862776
1932	0.1939312755
1933	0.1939202131
1934	0.1939152584
1935	0.1938935637
1936	0.1938514378
1937	0.1938160855
1938	0.1937240253
1939	0.1936247028
1940	0.1935537097
1941	0.1935009123
1942	0.1934414111
1943	0.1933482152
1944	0.1933105099
1945	0.1932979356
1946	0.193279297
1947	0.1932626022
1948	0.1932117451
1949	0.1931831138
1950	0.1931484657
1951	0.1931176105
1952	0.193081336
1953	0.1930472966
1954	0.1930451722
1955	0.1930065954
1956	0.1929920456
1957	0.1928821445
1958	0.1928751339
1959	0.1928292285
1960	0.1928222697
1961	0.1928100407
1962	0.1928007495
1963	0.1927842527
1964	0.1927179756
1965	0.1926409862
1966	0.1926097487
1967	0.1925856854
1968	0.1925769114
1969	0.1925601439
1970	0.1925490982
1971	0.1925063126
1972	0.1924480726
1973	0.1923991767
1974	0.1923588126
1975	0.1922981081
1976	0.1922886631
1977	0.1922285507
1978	0.1921929634
1979	0.1921787523
1980	0.1921442873
1981	0.1921033809
1982	0.1920820944
1983	0.1920753135
1984	0.1920435655
1985	0.1919433373
1986	0.1919278692
1987	0.1919067504
1988	0.1918235737
1989	0.1917565034
1990	0.1916910984
1991	0.1916107667
1992	0.191533866
1993	0.1915218512
1994	0.1914841155
1995	0.1914520031
1996	0.1913896193
1997	0.1913629468
1998	0.1913004626
1999	0.1912188912
2000	0.1911966868
2001	0.1911120774
2002	0.1910281742
2003	0.190992065
2004	0.1908795462
2005	0.1908710975
2006	0.1908187468
2007	0.1908006596
2008	0.1907579684
2009	0.1907283542
2010	0.1907171137
2011	0.1906113702
2012	0.190521129
2013	0.1904650494
2014	0.1904103456
2015	0.1903888385
2016	0.1903192724
2017	0.1902058237
2018	0.1901721643
2019	0.1901122453
2020	0.1900511049
2021	0.1900451138
2022	0.1900084322
2023	0.1899868233
2024	0.1899391559
2025	0.1899277329
2026	0.1898706893
2027	0.1898253343
2028	0.1898020059
2029	0.1897856274
2030	0.1896473375
2031	0.1896191275
2032	0.1896180653
2033	0.1895672889
2034	0.1895493865
2035	0.1895277913
2036	0.1894987679
2037	0.1894830048
2038	0.1894480099
2039	0.1894313171
2040	0.1893957553
2041	0.1893334171
2042	0.189305781
2043	0.1892864412
2044	0.1892702558
2045	0.1892418522
2046	0.189211224
2047	0.189126036
2048	0.1890697077
2049	0.1890370675
2050	0.1889998587
2051	0.1889684218
2052	0.1889292995
2053	0.1888987595
2054	0.1888839193
2055	0.1887926113
2056	0.1887721724
2057	0.1887425792
2058	0.1886624142
2059	0.1886028482
2060	0.1885324038
2061	0.1885168693
2062	0.1884900528
2063	0.1884788653
2064	0.1884448771
2065	0.1884209173
2066	0.1883576727
2067	0.1883073235
2068	0.1882933156
2069	0.188251459
2070	0.1881714326
2071	0.1881225645
2072	0.1880845105
2073	0.1880005041
2074	0.1879950504
2075	0.1878976868
2076	0.1878658252
2077	0.1878114529
2078	0.1877711526
2079	0.1877381072
2080	0.187702752
2081	0.1876321044
2082	0.1875613677
2083	0.1875325316
2084	0.1875036833
2085	0.1874904795
2086	0.1874447487
2087	0.1874416405
2088	0.1873877422
2089	0.1873171002
2090	0.1872835292
2091	0.187264495
2092	0.1872491224
2093	0.1872399526
2094	0.1871710873
2095	0.1870901671
2096	0.1870183298
2097	0.1870055848
2098	0.1869801177
2099	0.1869492779
2100	0.1868337045
2101	0.1868272972
2102	0.1867812188
2103	0.1867597309
2104	0.1866969422
2105	0.1866759576
2106	0.1866069107
2107	0.1865466144
2108	0.1864888593
2109	0.1864359857
2110	0.1864102979
2111	0.1863985139
2112	0.1863657996
2113	0.1863366609
2114	0.1863073534
2115	0.186290974
2116	0.1862190207
2117	0.1861442314
2118	0.1861375598
2119	0.1860401418
2120	0.1860075616
2121	0.1859739139
2122	0.1859433806
2123	0.1859278147
2124	0.1857977859
2125	0.1857694766
2126	0.1857195745
2127	0.1856425928
2128	0.1855657057
2129	0.1855382138
2130	0.1854794513
2131	0.1854760889
2132	0.1853938183
2133	0.1853435824
2134	0.1853000639
2135	0.185241863
2136	0.1852299953
2137	0.1851938811
2138	0.1851797135
2139	0.1851624074
2140	0.1851115476
2141	0.1850222288
2142	0.1850197315
2143	0.1849659839
2144	0.1848420054
2145	0.1848003125
2146	0.184793094
2147	0.1846722881
2148	0.1846190473
2149	0.1845532039
2150	0.1845156325
2151	0.1845105514
2152	0.184456122
2153	0.1844058733
2154	0.1843435941
2155	0.1842778916
2156	0.1842173089
2157	0.1841830117
2158	0.1841238126
2159	0.1840713919
2160	0.1839223666
2161	0.1838984206
2162	0.1838826128
2163	0.1838760425
2164	0.183819213
2165	0.1837649429
2166	0.1837454892
2167	0.1836760859
2168	0.1836689068
2169	0.1836014566
2170	0.1835589272
2171	0.1835446066
2172	0.1834804007
2173	0.1834438577
2174	0.1834021775
2175	0.1833470862
2176	0.1832095571
2177	0.1831259969
2178	0.1831023644
2179	0.183085306
2180	0.183069363
2181	0.1830257766
2182	0.1830186912
2183	0.1829883142
2184	0.1829264368
2185	0.182829913
2186	0.1827981161
2187	0.1827914183
2188	0.1827517274
2189	0.1826988358
2190	0.1826451697
2191	0.1825787238
2192	0.1825718922
2193	0.1825198607
2194	0.1824372167
2195	0.1824241783
2196	0.182393348
2197	0.1823868139
2198	0.1823286148
2199	0.1822454906
2200	0.1821613824
2201	0.1821185393
2202	0.1820403025
2203	0.1820041183
2204	0.1819962881
2205	0.1819235616
2206	0.1819009669
2207	0.1818420807
2208	0.1818278236
2209	0.1817781954
2210	0.1817681099
2211	0.1817653822
2212	0.181675276
2213	0.1816124229
2214	0.1815901719
2215	0.1815640181
2216	0.1815438645
2217	0.1814933558
2218	0.1814838977
2219	0.1814289185
2220	0.1813986189
2221	0.1813289607
2222	0.1812983004
2223	0.1812544234
2224	0.1812109289
2225	0.181124215
2226	0.1811123606
2227	0.1811054292
2228	0.1810494486
2229	0.1809939757
2230	0.1809534757
2231	0.1809525322
2232	0.1809234223
2233	0.180897666
2234	0.1808929904
2235	0.1808526994
2236	0.1808366244
2237	0.1808237734
2238	0.1807768236
2239	0.1807644213
2240	0.1806718647
2241	0.1806582243
2242	0.1805806458
2243	0.1805563169
2244	0.1805463895
2245	0.1804776252
2246	0.1804473019
2247	0.1804441758
2248	0.1804116598
2249	0.1803966321
2250	0.1803647307
2251	0.1803478613
2252	0.1803416695
2253	0.1803343556
2254	0.1803229726
2255	0.1802958697
2256	0.1801954584
2257	0.1801028367
2258	0.1800875752
2259	0.1800812507
2260	0.1800576423
2261	0.1800526588
2262	0.1799759399
2263	0.1799238046
2264	0.1799023094
2265	0.1798653071
2266	0.1798193473
2267	0.1797722192
2268	0.1797427813
2269	0.1797318084
2270	0.1795937124
2271	0.1795395086
2272	0.1795331798
2273	0.1794589682
2274	0.1794523277
2275	0.1793494614
2276	0.1793182294
2277	0.1793039664
2278	0.179278707
2279	0.1792201765
2280	0.1791861575
2281	0.179163044
2282	0.1790852068
2283	0.1790512821
2284	0.1790051576
2285	0.1789848958
2286	0.1789162993
2287	0.1788494701
2288	0.178789839
2289	0.1787838067
2290	0.1786959406
2291	0.1786203688
2292	0.1785640725
2293	0.1785347296
2294	0.1784328626
2295	0.1784028925
2296	0.1783519812
2297	0.1783176456
2298	0.1783112498
2299	0.1782035465
2300	0.1781246994
2301	0.1780264117
2302	0.1779529711
2303	0.1779460279
2304	0.177908069
2305	0.1778907723
2306	0.1778698241
2307	0.1778311656
2308	0.1778155551
2309	0.1777127507
2310	0.1776050602
2311	0.1775537393
2312	0.1775186754
2313	0.1774996755
2314	0.1774719409
2315	0.1774152677
2316	0.1773541291
2317	0.1773212885
2318	0.1773043743
2319	0.1772134981
2320	0.1771848095
2321	0.1771697468
2322	0.1771332805
2323	0.1771134151
2324	0.1771008248
2325	0.1770709959
2326	0.1770159482
2327	0.1769892293
2328	0.1769364542
2329	0.1768918052
2330	0.1768696885
2331	0.1768007785
2332	0.1767662808
2333	0.1767430078
2334	0.1767096478
2335	0.1766555242
2336	0.1766149464
2337	0.176546031
2338	0.1765039807
2339	0.1764262973
2340	0.1764197272
2341	0.1763875774
2342	0.176351867
2343	0.1763079715
2344	0.1762804229
2345	0.1762370826
2346	0.1761893887
2347	0.1761482889
2348	0.1761126967
2349	0.1761032189
2350	0.1760781452
2351	0.1760650035
2352	0.1760454793
2353	0.1760298509
2354	0.1759617374
2355	0.1759348314
2356	0.1758871731
2357	0.1758309339
2358	0.1758206217
2359	0.1758088114
2360	0.1757822548
2361	0.1757490041
2362	0.1757344305
2363	0.1757188962
2364	0.1756217662
2365	0.1756010262
2366	0.1755681154
2367	0.1755256009
2368	0.1754878931
2369	0.1754217582
2370	0.1754159519
2371	0.1753946736
2372	0.1753162515
2373	0.1752936678
2374	0.1752463599
2375	0.1752377519
2376	0.1751483753
2377	0.1751294463
2378	0.1751071532
2379	0.1750700297
2380	0.1750534607
2381	0.1750464193
2382	0.1749894901
2383	0.1749713066
2384	0.1749095032
2385	0.1748694993
2386	0.1748419753
2387	0.1747568165
2388	0.1747507373
2389	0.174710744
2390	0.1746873503
2391	0.1746574448
2392	0.1745855677
2393	0.174523437
2394	0.1744857451
2395	0.1744229552
2396	0.1743843194
2397	0.1743509297
2398	0.1743064105
2399	0.1742927244
2400	0.1742837984
2401	0.1742698528
2402	0.174246726
2403	0.1742227516
2404	0.1742094767
2405	0.1741916877
2406	0.1741770774
2407	0.1741667605
2408	0.1741344905
2409	0.1741226498
2410	0.1740990502
2411	0.1740734569
2412	0.174027918
2413	0.1740016657
2414	0.1738997004
2415	0.1738413214
2416	0.1737824107
2417	0.173714676
2418	0.1736729808
2419	0.1736479728
2420	0.1736010602
2421	0.1735871212
2422	0.1735739513
2423	0.1735304827
2424	0.1734308001
2425	0.1733527198
2426	0.1733245936
2427	0.1732944138
2428	0.173263902
2429	0.1732321835
2430	0.1731531438
2431	0.1731049879
2432	0.1730352703
2433	0.1730020045
2434	0.1729653684
2435	0.1729298407
2436	0.1729216211
2437	0.1728610883
2438	0.1728453602
2439	0.1728192297
2440	0.1727971717
2441	0.1727893692
2442	0.1727762023
2443	0.1727543398
2444	0.1727025874
2445	0.1726497931
2446	0.1726224975
2447	0.1725440153
2448	0.1725367112
2449	0.1724523019
2450	0.1724249037
2451	0.1724099248
2452	0.172404685
2453	0.172379663
2454	0.1723187229
2455	0.1723032074
2456	0.1722802693
2457	0.1722154128
2458	0.1721732616
2459	0.1721296937
2460	0.1720397234
2461	0.1719464318
2462	0.171893444
2463	0.171872774
2464	0.1717931365
2465	0.1717723186
2466	0.1717349823
2467	0.1716627077
2468	0.171617249
2469	0.171587719
2470	0.1715697577
2471	0.1715272964
2472	0.1714762178
2473	0.1714721788
2474	0.1714081271
2475	0.1712988803
2476	0.1712882998
2477	0.1712188345
2478	0.1711475367
2479	0.1711300857
2480	0.1710917904
2481	0.1710753682
2482	0.1710690528
2483	0.1709677046
2484	0.1708542093
2485	0.1708497264
2486	0.170838202
2487	0.1708229879
2488	0.1708182409
2489	0.1707679658
2490	0.1707615505
2491	0.1707327819
2492	0.1706914018
2493	0.1706353407
2494	0.170556861
2495	0.1705432066
2496	0.1704700635
2497	0.1704365289
2498	0.1704206757
2499	0.1703484384
2500	0.1703333315
2501	0.1702299568
2502	0.1701949176
2503	0.170169221
2504	0.1701637872
2505	0.1700968683
2506	0.1700902059
2507	0.1700417604
2508	0.170036111
2509	0.1700145363
2510	0.1699226147
2511	0.1698682026
2512	0.1697906715
2513	0.1697421643
2514	0.1696922965
2515	0.1696053459
2516	0.1695896563
2517	0.1695565723
2518	0.1695315837
2519	0.1694230745
2520	0.1694181805
2521	0.1694045192
2522	0.1693287978
2523	0.1693033703
2524	0.1692805774
2525	0.1692627579
2526	0.1692004845
2527	0.1691625629
2528	0.1691449312
2529	0.1691045574
2530	0.1690813778
2531	0.1690445274
2532	0.1690180908
2533	0.168962856
2534	0.1689221656
2535	0.1689013133
2536	0.1688800748
2537	0.1688630952
2538	0.1687618865
2539	0.1687541963
2540	0.1687321666
2541	0.1687100899
2542	0.1686976457
2543	0.1686624636
2544	0.168606944
2545	0.1685792169
2546	0.1685688259
2547	0.1685164808
2548	0.1684864594
2549	0.168407711
2550	0.1683456247
2551	0.1683103366
2552	0.1682600926
2553	0.1682332076
2554	0.1681031043
2555	0.1680807342
2556	0.1680702892
2557	0.1680501393
2558	0.1679950355
2559	0.1679574388
2560	0.16790183
2561	0.1678617925
2562	0.1678518066
2563	0.1678422204
2564	0.1678102521
2565	0.1677665584
2566	0.1677114779
2567	0.167659749
2568	0.1676323167
2569	0.167548004
2570	0.1675257834
2571	0.1674761454
2572	0.1674367373
2573	0.1674044092
2574	0.1673827389
2575	0.1673570755
2576	0.1673485176
2577	0.1673026637
2578	0.1672556705
2579	0.1671912439
2580	0.1671280934
2581	0.1671234465
2582	0.1670534518
2583	0.1670087259
2584	0.1669857675
2585	0.1669804409
2586	0.1668991979
2587	0.1668018285
2588	0.1667834613
2589	0.1667700668
2590	0.1667150791
2591	0.1666774096
2592	0.1666695755
2593	0.1666406576
2594	0.1665340337
2595	0.1665105427
2596	0.1664856096
2597	0.1664337413
2598	0.1663728344
2599	0.1663195443
2600	0.1662902341
2601	0.1662684728
2602	0.1662569693
2603	0.1662315386
2604	0.166192983
2605	0.166155281
2606	0.1661211305
2607	0.1660091186
2608	0.165978682
2609	0.1658880258
2610	0.1658771528
2611	0.1658060144
2612	0.1657970479
2613	0.1657465044
2614	0.1657209521
2615	0.1657029379
2616	0.1656731272
2617	0.1656606496
2618	0.1656049588
2619	0.1655581589
2620	0.1654907763
2621	0.1654659291
2622	0.165457516
2623	0.1654229402
2624	0.165399701
2625	0.1653634608
2626	0.1652862443
2627	0.1652523614
2628	0.1652010845
2629	0.1651548303
2630	0.1650951651
2631	0.1650703645
2632	0.1650506203
2633	0.1649773864
2634	0.1649314197
2635	0.1648963775
2636	0.164867953
2637	0.1648469415
2638	0.1648146717
2639	0.1648072311
2640	0.1647712409
2641	0.164764677
2642	0.1646958217
2643	0.1646160353
2644	0.1645758655
2645	0.1644734014
2646	0.1644175787
2647	0.1643820885
2648	0.1643380491
2649	0.1642770136
2650	0.1642605957
2651	0.1642335666
2652	0.1641815776
2653	0.164086505
2654	0.1640851128
2655	0.1640567972
2656	0.1640031476
2657	0.163963371
2658	0.1639438517
2659	0.1639162909
2660	0.1638647106
2661	0.1638533735
2662	0.1637754937
2663	0.1637469476
2664	0.1636676024
2665	0.163642329
2666	0.1635874546
2667	0.1635281186
2668	0.1635049284
2669	0.1634600137
2670	0.1634215058
2671	0.1633962439
2672	0.1633623504
2673	0.1632864705
2674	0.1631833051
2675	0.1631295725
2676	0.1631026879
2677	0.1630806212
2678	0.1630529185
2679	0.1630147665
2680	0.1629370349
2681	0.1628620571
2682	0.1627965324
2683	0.1627869312
2684	0.1627794892
2685	0.162759869
2686	0.1627165948
2687	0.1626878811
2688	0.1626225341
2689	0.1625864397
2690	0.1625514554
2691	0.1625237739
2692	0.1624893601
2693	0.1624845171
2694	0.1624574428
2695	0.1624210407
2696	0.162344498
2697	0.1622748263
2698	0.1622189575
2699	0.1621936908
2700	0.1621557803
2701	0.1621366558
2702	0.1621077286
2703	0.1620489865
2704	0.1619925475
2705	0.1619871023
2706	0.1619395922
2707	0.1618711956
2708	0.1618566636
2709	0.1618164956
2710	0.1617671931
2711	0.1617410096
2712	0.1616863777
2713	0.1616748647
2714	0.1616422855
2715	0.1615945116
2716	0.1615667478
2717	0.1615136932
2718	0.1614666254
2719	0.161442804
2720	0.1614151602
2721	0.1614011529
2722	0.1613827352
2723	0.1613778219
2724	0.1613435154
2725	0.1613131792
2726	0.1612841574
2727	0.1612646821
2728	0.1612219732
2729	0.1611998774
2730	0.1611814537
2731	0.1611541021
2732	0.1611057935
2733	0.161072852
2734	0.1610280862
2735	0.1610169236
2736	0.1609883682
2737	0.1609229347
2738	0.1608671062
2739	0.1608231633
2740	0.160779013
2741	0.1607466748
2742	0.1606687883
2743	0.1606086794
2744	0.1605884007
2745	0.1605423017
2746	0.1605361871
2747	0.1604894958
2748	0.1604203494
2749	0.1604107663
2750	0.1603975344
2751	0.1603127066
2752	0.1602693947
2753	0.1602127121
2754	0.1601839467
2755	0.1601411651
2756	0.1601137227
2757	0.160073908
2758	0.1599714955
2759	0.1599498869
2760	0.1599353419
2761	0.1599094213
2762	0.159844376
2763	0.1598184769
2764	0.1598072373
2765	0.159796567
2766	0.159787501
2767	0.1597534953
2768	0.159651083
2769	0.159624839
2770	0.1595797335
2771	0.1595507317
2772	0.1595227571
2773	0.1595109379
2774	0.1594619533
2775	0.1594520024
2776	0.1593857271
2777	0.1593489953
2778	0.1592795311
2779	0.1592227042
2780	0.1592159474
2781	0.1592074499
2782	0.1591639474
2783	0.1591384757
2784	0.1591228034
2785	0.1591020553
2786	0.1590883508
2787	0.1590578504
2788	0.1590133931
2789	0.1590060748
2790	0.1589885804
2791	0.1589406629
2792	0.1589194934
2793	0.1589144218
2794	0.1589003196
2795	0.158892013
2796	0.1588589333
2797	0.1588454469
2798	0.1588008231
2799	0.1587867443
2800	0.1587531387
2801	0.1586845869
2802	0.1586550975
2803	0.1585966549
2804	0.1585695386
2805	0.1585628677
2806	0.1585290946
2807	0.1584851612
2808	0.158438076
2809	0.1583676757
2810	0.1583345838
2811	0.1582911683
2812	0.1582355506
2813	0.1582332581
2814	0.1581958849
2815	0.1581856699
2816	0.1581824815
2817	0.1581155688
2818	0.1580889436
2819	0.1580265007
2820	0.1579979687
2821	0.1579819096
2822	0.1579609874
2823	0.15789025
2824	0.1578794272
2825	0.1578374133
2826	0.1578165371
2827	0.1577879762
2828	0.1577554807
2829	0.1576885213
2830	0.1576651451
2831	0.1576601016
2832	0.1576557036
2833	0.157648329
2834	0.1576174698
2835	0.1575618086
2836	0.1575001018
2837	0.1574412753
2838	0.1573648331
2839	0.1572863423
2840	0.1572678591
2841	0.157201624
2842	0.1571774009
2843	0.1571470991
2844	0.1571186113
2845	0.1570819776
2846	0.1570628738
2847	0.1570553435
2848	0.157017816
2849	0.156984011
2850	0.1569412298
2851	0.1568927692
2852	0.1568184313
2853	0.1567685499
2854	0.1567478424
2855	0.1567228482
2856	0.156686277
2857	0.1566772845
2858	0.1566724739
2859	0.1566317677
2860	0.1566266316
2861	0.156590491
2862	0.1565801542
2863	0.1565623029
2864	0.1565523042
2865	0.1565211773
2866	0.1565055728
2867	0.1564515175
2868	0.1564311385
2869	0.1564234368
2870	0.1563978445
2871	0.1563706095
2872	0.1563083343
2873	0.1562989712
2874	0.1562402243
2875	0.1561770411
2876	0.1561322579
2877	0.1561173793
2878	0.1560819026
2879	0.1560366593
2880	0.1560145867
2881	0.1559973022
2882	0.1559805812
2883	0.1559753355
2884	0.1559624718
2885	0.1559317066
2886	0.1559097022
2887	0.1558744141
2888	0.1558450887
2889	0.1558067555
2890	0.1557500596
2891	0.1557266097
2892	0.1557132178
2893	0.1556831663
2894	0.155677698
2895	0.1556333113
2896	0.1555729824
2897	0.1555698947
2898	0.1555586444
2899	0.1554905283
2900	0.1554451967
2901	0.1553612237
2902	0.1552925077
2903	0.1552204934
2904	0.1551773652
2905	0.1551397004
2906	0.1551119511
2907	0.1550737725
2908	0.1550610344
2909	0.1550548845
2910	0.1550467596
2911	0.1550149947
2912	0.1549967367
2913	0.1549527781
2914	0.1549235918
2915	0.1548844483
2916	0.1547983506
2917	0.1547676894
2918	0.1547293091
2919	0.1546906516
2920	0.1546600159
2921	0.1546431012
2922	0.1545946002
2923	0.1545648282
2924	0.1545357361
2925	0.1544801381
2926	0.1544438062
2927	0.154370829
2928	0.1543053455
2929	0.1542960097
2930	0.1542498981
2931	0.1541967089
2932	0.15417956
2933	0.1541410579
2934	0.1541192038
2935	0.154083562
2936	0.1540469968
2937	0.1539967929
2938	0.1539890557
2939	0.1539653067
2940	0.1539488711
2941	0.1539416283
2942	0.1539074536
2943	0.1538738339
2944	0.1538399919
2945	0.153821281
2946	0.1538038181
2947	0.1537350951
2948	0.1537123859
2949	0.1536325429
2950	0.1536025013
2951	0.1535859431
2952	0.1535805141
2953	0.1535734038
2954	0.1535282397
2955	0.1535203866
2956	0.1534949141
2957	0.1534829764
2958	0.1534502714
2959	0.1534057969
2960	0.1533571832
2961	0.1533312818
2962	0.1532997343
2963	0.1532897861
2964	0.1532663176
2965	0.1532307761
2966	0.1531359573
2967	0.1531069208
2968	0.1531042005
2969	0.1530668801
2970	0.1530328605
2971	0.1529839621
2972	0.1529740015
2973	0.1529464192
2974	0.1529072173
2975	0.1528864978
2976	0.1528696203
2977	0.1528679954
2978	0.1528078452
2979	0.1527854329
2980	0.1527289551
2981	0.1526829646
2982	0.1526460947
2983	0.1526079121
2984	0.1525783407
2985	0.1525385937
2986	0.1525049627
2987	0.1524970969
2988	0.1524597618
2989	0.1524332849
2990	0.1523815961
2991	0.1523633479
2992	0.1523446952
2993	0.1522746851
2994	0.1522432785
2995	0.1522309751
2996	0.152221851
2997	0.1521872651
2998	0.1521830351
2999	0.1521464744
3000	0.1520672877
3001	0.1520587669
3002	0.1520424802
3003	0.1520143366
3004	0.1519955772
3005	0.1519692508
3006	0.151959148
3007	0.1519256641
3008	0.1519151203
3009	0.1518997364
3010	0.1518892406
3011	0.1518665498
3012	0.1518080001
3013	0.1518031957
3014	0.1517622836
3015	0.1517363171
3016	0.151722141
3017	0.1517136059
3018	0.151654604
3019	0.15162977
3020	0.151618073
3021	0.1515899875
3022	0.1515536881
3023	0.1515367477
3024	0.1515019789
3025	0.1514951136
3026	0.1514614125
3027	0.1514394055
3028	0.1514168397
3029	0.1513811425
3030	0.1513599879
3031	0.1513386591
3032	0.1513101579
3033	0.1512781062
3034	0.1512265519
3035	0.1512063297
3036	0.1511991619
3037	0.151144009
3038	0.1511056264
3039	0.1510907472
3040	0.1510327669
3041	0.1510131387
3042	0.150981398
3043	0.1509287754
3044	0.1508832742
3045	0.1508635105
3046	0.1508396783
3047	0.1508027193
3048	0.1507602595
3049	0.1507179866
3050	0.1506887615
3051	0.1506341427
3052	0.1506207152
3053	0.1505954856
3054	0.150573561
3055	0.1505331328
3056	0.150499942
3057	0.1504653501
3058	0.1504418774
3059	0.1503848081
3060	0.1503585036
3061	0.1503376937
3062	0.1502978619
3063	0.1502879991
3064	0.1502445415
3065	0.1502213569
3066	0.1501852383
3067	0.1501431326
3068	0.1500971268
3069	0.1500913836
3070	0.1500506236
3071	0.1500494834
3072	0.1500177418
3073	0.1500129673
3074	0.1499579898
3075	0.14991834
3076	0.1499073609
3077	0.1499014788
3078	0.1498903795
3079	0.1498435424
3080	0.1498127718
3081	0.1497909961
3082	0.1497590727
3083	0.1497509384
3084	0.1497293144
3085	0.1497054021
3086	0.1496426071
3087	0.1495975384
3088	0.1495037915
3089	0.1494382968
3090	0.1494142892
3091	0.1493772695
3092	0.1493531528
3093	0.1493321583
3094	0.1493277303
3095	0.1493211054
3096	0.1493002912
3097	0.1492751295
3098	0.1492658734
3099	0.149243481
3100	0.1491877175
3101	0.1491134583
3102	0.1490820987
3103	0.1490486073
3104	0.1489700822
3105	0.1489259558
3106	0.1488874722
3107	0.1488720618
3108	0.1487748517
3109	0.148764195
3110	0.1487418326
3111	0.1487039888
3112	0.1486642468
3113	0.1485916048
3114	0.148549228
3115	0.1485067794
3116	0.1485002996
3117	0.1484931738
3118	0.1484852473
3119	0.1484559454
3120	0.1484204923
3121	0.1483887026
3122	0.1483718749
3123	0.1483690181
3124	0.1483597707
3125	0.1483011801
3126	0.1482414813
3127	0.1482040223
3128	0.1481877612
3129	0.1481643367
3130	0.148113332
3131	0.1480934066
3132	0.1480703856
3133	0.1480523669
3134	0.1480425834
3135	0.1480039398
3136	0.1479964752
3137	0.1479746334
3138	0.1479525381
3139	0.14794615
3140	0.1479401863
3141	0.1478962007
3142	0.1478265487
3143	0.147800797
3144	0.1477923035
3145	0.1477838584
3146	0.1477685602
3147	0.1477206187
3148	0.14767899
3149	0.1476345146
3150	0.147617636
3151	0.1475835168
3152	0.1475610291
3153	0.147507464
3154	0.1474487118
3155	0.1473897496
3156	0.1473736719
3157	0.1473546906
3158	0.1473036489
3159	0.1472711349
3160	0.1471909368
3161	0.1471571596
3162	0.147110243
3163	0.1470618609
3164	0.1470571493
3165	0.1470011812
3166	0.1469367321
3167	0.1469043576
3168	0.146882566
3169	0.1468567779
3170	0.1468105931
3171	0.146805193
3172	0.1467560088
3173	0.1467486529
3174	0.1467055673
3175	0.1466637479
3176	0.1466062279
3177	0.1465544083
3178	0.1465449108
3179	0.1465336272
3180	0.1464941723
3181	0.1464540945
3182	0.1464217948
3183	0.1463951745
3184	0.1463602925
3185	0.1463419022
3186	0.1463139307
3187	0.1462930453
3188	0.1462734346
3189	0.1462341207
3190	0.1461571276
3191	0.1461156058
3192	0.1460871496
3193	0.1460657278
3194	0.1460474341
3195	0.1460128599
3196	0.1459736826
3197	0.1459588381
3198	0.1459233286
3199	0.1458950686
3200	0.1458495787
3201	0.1457872047
3202	0.1457828088
3203	0.1457736769
3204	0.1457110889
3205	0.1456712443
3206	0.1456494319
3207	0.1456141589
3208	0.1455800289
3209	0.1455436178
3210	0.1455081411
3211	0.1454773431
3212	0.1454008684
3213	0.1453998654
3214	0.1453904135
3215	0.1453581657
3216	0.1453456607
3217	0.1453192001
3218	0.1452800323
3219	0.1452656
3220	0.1452151858
3221	0.1451931148
3222	0.1451836298
3223	0.1451760968
3224	0.1451597246
3225	0.1451464639
3226	0.145119025
3227	0.1450757361
3228	0.1450525362
3229	0.1449937459
3230	0.1449897851
3231	0.1449805977
3232	0.1449691735
3233	0.1449438207
3234	0.1448958382
3235	0.1448528383
3236	0.1448380204
3237	0.144810514
3238	0.1447895871
3239	0.1447822312
3240	0.1447763928
3241	0.1447693407
3242	0.1447420474
3243	0.1446591618
3244	0.1446225163
3245	0.1446185661
3246	0.144582567
3247	0.144572788
3248	0.1445461025
3249	0.1445038277
3250	0.1444886199
3251	0.1444515231
3252	0.1443797914
3253	0.1443480602
3254	0.1443156332
3255	0.1443094557
3256	0.1442774497
3257	0.1442704395
3258	0.1442015866
3259	0.1441955869
3260	0.1441810403
3261	0.1441455983
3262	0.1441118652
3263	0.144063071
3264	0.144036929
3265	0.1440263179
3266	0.1440107657
3267	0.1439813017
3268	0.1439767722
3269	0.1439438215
3270	0.1439200677
3271	0.1438464137
3272	0.143821666
3273	0.1438128949
3274	0.1437865383
3275	0.1437818019
3276	0.1437773557
3277	0.1437629872
3278	0.1437175311
3279	0.1436708418
3280	0.1436196207
3281	0.1435928608
3282	0.143551074
3283	0.1435080658
3284	0.1435028171
3285	0.1434279883
3286	0.1434145734
3287	0.1434103248
3288	0.1433811888
3289	0.1433755471
3290	0.1433267305
3291	0.1433118036
3292	0.1433016785
3293	0.1432974472
3294	0.1432587624
3295	0.1431852999
3296	0.1431742766
3297	0.1431475822
3298	0.1431378403
3299	0.143121642
3300	0.1431085038
3301	0.1430703618
3302	0.1430638724
3303	0.1430498304
3304	0.1429880633
3305	0.142936403
3306	0.142917775
3307	0.1429060717
3308	0.1428988952
3309	0.1428663476
3310	0.142831489
3311	0.1427853123
3312	0.1427568709
3313	0.1427188633
3314	0.1426829801
3315	0.1426126946
3316	0.1425936938
3317	0.1425845044
3318	0.1425537808
3319	0.142503815
3320	0.1424935828
3321	0.142473751
3322	0.1424511544
3323	0.1423884712
3324	0.1423579309
3325	0.1423442619
3326	0.1423224566
3327	0.1422590538
3328	0.1422509504
3329	0.1422247504
3330	0.1421709228
3331	0.1421252748
3332	0.1421100644
3333	0.1420675212
3334	0.142036083
3335	0.1420234658
3336	0.1420140674
3337	0.141990729
3338	0.1419634807
3339	0.1419062637
3340	0.1418880482
3341	0.1418431302
3342	0.1418131026
3343	0.1417777706
3344	0.1417375805
3345	0.1417234863
3346	0.1417045018
3347	0.1416669854
3348	0.141631399
3349	0.1416282522
3350	0.1415929632
3351	0.1415691284
3352	0.1415535446
3353	0.1415494377
3354	0.1415135532
3355	0.1414947755
3356	0.1414621603
3357	0.1414451813
3358	0.141436299
3359	0.1414041781
3360	0.1413890255
3361	0.1413442181
3362	0.1413371579
3363	0.1413003669
3364	0.1412820271
3365	0.1412726793
3366	0.141227119
3367	0.1411919996
3368	0.1411832668
3369	0.1411336282
3370	0.141062824
3371	0.1410258881
3372	0.1410057034
3373	0.1409682554
3374	0.1409502601
3375	0.1409013071
3376	0.1408432785
3377	0.1408221959
3378	0.1408044217
3379	0.1407741868
3380	0.1407692927
3381	0.1407571307
3382	0.1406750377
3383	0.1406317013
3384	0.1406071854
3385	0.1405928062
3386	0.1405734617
3387	0.140557163
3388	0.1405117142
3389	0.1404802941
3390	0.1404402151
3391	0.1404184402
3392	0.1403849906
3393	0.140379509
3394	0.1403643848
3395	0.1403365552
3396	0.140284722
3397	0.1402779422
3398	0.1402164302
3399	0.140157952
3400	0.1401212525
3401	0.1400876121
3402	0.1400488282
3403	0.140018038
3404	0.1399918939
3405	0.1399697102
3406	0.1399010069
3407	0.1398776041
3408	0.13985252
3409	0.1398314895
3410	0.1398243178
3411	0.1398191559
3412	0.1398102515
3413	0.1397860779
3414	0.1397812748
3415	0.1397240018
3416	0.139677152
3417	0.1396762172
3418	0.1396614991
3419	0.1396349995
3420	0.139603331
3421	0.1395936576
3422	0.1395794367
3423	0.1395504261
3424	0.1395434796
3425	0.1395227833
3426	0.1395043819
3427	0.1394357097
3428	0.1394041192
3429	0.1393903739
3430	0.1393727022
3431	0.1393136392
3432	0.1392967687
3433	0.1392690952
3434	0.1392636248
3435	0.1392383911
3436	0.1392275612
3437	0.1392239831
3438	0.1391865608
3439	0.1391589724
3440	0.139150172
3441	0.1391048559
3442	0.1390586444
3443	0.1390511935
3444	0.1390081664
3445	0.1389642607
3446	0.138931445
3447	0.1389014122
3448	0.1388932896
3449	0.1388747467
3450	0.1388721259
3451	0.1388140146
3452	0.1387672133
3453	0.1387181889
3454	0.1386892736
3455	0.1386679705
3456	0.1386365114
3457	0.1386099285
3458	0.1385565743
3459	0.1385528786
3460	0.13853297
3461	0.1385134662
3462	0.1384799085
3463	0.1384663726
3464	0.1384230194
3465	0.1384105749
3466	0.1383960986
3467	0.1383605723
3468	0.1383560841
3469	0.1383126977
3470	0.1383079166
3471	0.1382556911
3472	0.1382049884
3473	0.138191937
3474	0.1381426779
3475	0.1381198485
3476	0.138092177
3477	0.138087836
3478	0.1380587906
3479	0.1380286359
3480	0.1380089038
3481	0.1380002877
3482	0.1379970054
3483	0.1379745597
3484	0.1379625598
3485	0.1379305617
3486	0.137915681
3487	0.1378765396
3488	0.1378720145
3489	0.1378427241
3490	0.1377887321
3491	0.1377715435
3492	0.1377686541
3493	0.1377539409
3494	0.1377360877
3495	0.137707756
3496	0.1376713224
3497	0.1376308259
3498	0.1375873085
3499	0.1375831946
3500	0.1375580095
3501	0.1375485136
3502	0.1374773065
3503	0.1374032286
3504	0.137397711
3505	0.1373933023
3506	0.1373904872
3507	0.1373846859
3508	0.1373375776
3509	0.1372839306
3510	0.1372655088
3511	0.1372290702
3512	0.1372229212
3513	0.1372056652
3514	0.1371957144
3515	0.1371919496
3516	0.1371350158
3517	0.1370935002
3518	0.1370661268
3519	0.1370393159
3520	0.1370203927
3521	0.1370121068
3522	0.1369628086
3523	0.1369340927
3524	0.1369171961
3525	0.1368844737
3526	0.1368827856
3527	0.1368734272
3528	0.1368550844
3529	0.1367998376
3530	0.1367950343
3531	0.1367745623
3532	0.1367281425
3533	0.1367045963
3534	0.1366971138
3535	0.1366510636
3536	0.1366053232
3537	0.1366015593
3538	0.1365420294
3539	0.1365273719
3540	0.1364909009
3541	0.1364588941
3542	0.1364291965
3543	0.1364150238
3544	0.1364060343
3545	0.1363574573
3546	0.1363363458
3547	0.1362923681
3548	0.136269702
3549	0.1362150259
3550	0.1361593589
3551	0.1361253591
3552	0.1360595532
3553	0.1360491909
3554	0.1360068229
3555	0.1359847585
3556	0.1359280186
3557	0.1359141596
3558	0.135878917
3559	0.135828884
3560	0.1357810864
3561	0.1357549581
3562	0.1357087513
3563	0.1357030024
3564	0.1356873534
3565	0.1356533887
3566	0.1356405215
3567	0.1356135027
3568	0.1355916645
3569	0.1355765326
3570	0.1355196052
3571	0.1354802726
3572	0.1354545971
3573	0.1354147675
3574	0.135391111
3575	0.1353479462
3576	0.1353441418
3577	0.1353075113
3578	0.1352825047
3579	0.1352676117
3580	0.1352423228
3581	0.1352224664
3582	0.1351814785
3583	0.1351637148
3584	0.1351308817
3585	0.1351138617
3586	0.1350894327
3587	0.1350406681
3588	0.1350153263
3589	0.1350094113
3590	0.1349710619
3591	0.1349556426
3592	0.1349397095
3593	0.1349299089
3594	0.1348953975
3595	0.1348926576
3596	0.1348731292
3597	0.1348612542
3598	0.1348578164
3599	0.134838795
3600	0.1348182206
3601	0.1347866766
3602	0.1347442663
3603	0.134701522
3604	0.1346341538
3605	0.1346086895
3606	0.1345729725
3607	0.1345358618
3608	0.1344967282
3609	0.1344885086
3610	0.1344558484
3611	0.1344292364
3612	0.1343848862
3613	0.1343308437
3614	0.1343019469
3615	0.1342516463
3616	0.1342287737
3617	0.1341727933
3618	0.1341540838
3619	0.134136555
3620	0.1340954883
3621	0.1340858105
3622	0.1340772482
3623	0.1340725225
3624	0.1340460793
3625	0.1340283427
3626	0.1340206294
3627	0.1339793639
3628	0.1339708584
3629	0.1339649076
3630	0.1339519246
3631	0.1339320893
3632	0.1339278793
3633	0.1339252464
3634	0.1338859864
3635	0.1338663682
3636	0.1338501266
3637	0.1338284547
3638	0.13380703
3639	0.1338020593
3640	0.1337957211
3641	0.1337327889
3642	0.133686285
3643	0.1335969883
3644	0.1335449172
3645	0.133506189
3646	0.1335025935
3647	0.1334777913
3648	0.1334265284
3649	0.1333984103
3650	0.1333713504
3651	0.1333467736
3652	0.1333261803
3653	0.1332643755
3654	0.1332373864
3655	0.1331879261
3656	0.1331823333
3657	0.1331690257
3658	0.1331275032
3659	0.1330907105
3660	0.1330221152
3661	0.1330014518
3662	0.1329800112
3663	0.1329502181
3664	0.1329186658
3665	0.1328839674
3666	0.1328602988
3667	0.1328308621
3668	0.1327834978
3669	0.1327732424
3670	0.1327559851
3671	0.1327439572
3672	0.1327267081
3673	0.1327004556
3674	0.1326953835
3675	0.1326730179
3676	0.1326474798
3677	0.1326336654
3678	0.132617591
3679	0.1326021735
3680	0.1325471917
3681	0.1325197115
3682	0.1324978535
3683	0.1324459624
3684	0.13244
3685	0.1324325664
3686	0.1324262656
3687	0.1324127297
3688	0.1323684976
3689	0.1323498631
3690	0.1323245102
3691	0.1322911511
3692	0.1322705762
3693	0.1322015975
3694	0.1321721879
3695	0.1321634536
3696	0.1321598257
3697	0.1321466716
3698	0.1321305372
3699	0.1320251864
3700	0.1320215082
3701	0.1319915379
3702	0.1319607654
3703	0.1319337559
3704	0.131926894
3705	0.1318988536
3706	0.1318743124
3707	0.1318575462
3708	0.1318304953
3709	0.1318100725
3710	0.1317575406
3711	0.1317478144
3712	0.1317406068
3713	0.1317163972
3714	0.1316961229
3715	0.1316711663
3716	0.1316273506
3717	0.1316171232
3718	0.1316033149
3719	0.1315907219
3720	0.1315194333
3721	0.1314599013
3722	0.1314421761
3723	0.1314268879
3724	0.1314220952
3725	0.1314038338
3726	0.1313773518
3727	0.1313356093
3728	0.1312906278
3729	0.1312625912
3730	0.1312308147
3731	0.1312105512
3732	0.1311908914
3733	0.1311720214
3734	0.131121514
3735	0.1310628462
3736	0.1309962567
3737	0.1309693671
3738	0.1309418496
3739	0.1309185162
3740	0.1309111217
3741	0.1308946613
3742	0.1308618801
3743	0.1308469194
3744	0.1308093375
3745	0.1308044044
3746	0.130802471
3747	0.1307777554
3748	0.1307249609
3749	0.1307071121
3750	0.1306732739
3751	0.1306461624
3752	0.130638965
3753	0.1306212642
3754	0.1305828473
3755	0.1305736552
3756	0.1305709961
3757	0.1305569857
3758	0.1305382903
3759	0.1304986791
3760	0.1304837846
3761	0.1304683029
3762	0.1304456001
3763	0.1304349705
3764	0.1304203546
3765	0.1304189401
3766	0.1303638437
3767	0.1303238807
3768	0.1302822797
3769	0.1302207418
3770	0.1301804586
3771	0.1301623085
3772	0.1301181955
3773	0.130097255
3774	0.1300729404
3775	0.1300384529
3776	0.1299477656
3777	0.129910933
3778	0.1298478187
3779	0.1298196135
3780	0.129784739
3781	0.1297486336
3782	0.1297347577
3783	0.1297262147
3784	0.1297037116
3785	0.1296695991
3786	0.129652145
3787	0.1296097558
3788	0.1295996909
3789	0.1295533167
3790	0.1294956422
3791	0.1294836901
3792	0.12947548
3793	0.1294530233
3794	0.1294174295
3795	0.1293866912
3796	0.1293781566
3797	0.1293315942
3798	0.1293006717
3799	0.1292749756
3800	0.1292422141
3801	0.1291989764
3802	0.1291876697
3803	0.1291460871
3804	0.1291155919
3805	0.1291031719
3806	0.1290751919
3807	0.1290362725
3808	0.1290081761
3809	0.1289178875
3810	0.1288670556
3811	0.128843856
3812	0.1288433313
3813	0.1288237166
3814	0.1287974678
3815	0.1287633147
3816	0.128751746
3817	0.1287419812
3818	0.1287332882
3819	0.1287222062
3820	0.128698512
3821	0.1286847595
3822	0.1286220941
3823	0.1286142848
3824	0.1285677874
3825	0.1285539512
3826	0.1285431221
3827	0.1285318869
3828	0.1284997622
3829	0.1284830478
3830	0.1284666309
3831	0.1284529826
3832	0.1284450421
3833	0.1284402026
3834	0.1284355138
3835	0.1284139736
3836	0.1283985311
3837	0.1283010377
3838	0.1282728112
3839	0.1282516946
3840	0.1282312997
3841	0.1282001509
3842	0.1281887333
3843	0.1281740251
3844	0.1281399338
3845	0.1280970823
3846	0.1280704359
3847	0.1280631267
3848	0.1280566372
3849	0.1280458262
3850	0.1280027608
3851	0.1279795858
3852	0.1279597617
3853	0.1279262639
3854	0.1278814323
3855	0.1278556964
3856	0.1278378625
3857	0.1278220987
3858	0.1277758333
3859	0.1277548223
3860	0.1277292307
3861	0.127713376
3862	0.1277024444
3863	0.1276710558
3864	0.1276449432
3865	0.1276069229
3866	0.1275775822
3867	0.1275508766
3868	0.127542738
3869	0.1274975086
3870	0.1274840148
3871	0.1274512294
3872	0.1274360056
3873	0.127421518
3874	0.1273620925
3875	0.1273322138
3876	0.1273167562
3877	0.1273059821
3878	0.1272635975
3879	0.1272558024
3880	0.127228019
3881	0.1271832337
3882	0.1271076059
3883	0.1270709088
3884	0.1270645612
3885	0.1270412672
3886	0.1270241976
3887	0.1270172483
3888	0.1270128162
3889	0.1269867679
3890	0.1269580526
3891	0.1269344386
3892	0.126918206
3893	0.1268877102
3894	0.1268824454
3895	0.1268671812
3896	0.126834335
3897	0.1268333788
3898	0.1268248015
3899	0.1268173767
3900	0.1267907659
3901	0.1267710769
3902	0.1267447726
3903	0.1266731006
3904	0.1266431344
3905	0.1266132206
3906	0.1265911892
3907	0.1265211677
3908	0.1264759905
3909	0.1264463602
3910	0.1264251861
3911	0.1264212852
3912	0.1264067067
3913	0.1263994487
3914	0.1263866897
3915	0.1263566956
3916	0.1263388452
3917	0.1263281766
3918	0.1262997342
3919	0.1262683781
3920	0.1262230496
3921	0.1261871035
3922	0.1261844133
3923	0.1261678186
3924	0.1261283039
3925	0.1261060319
3926	0.1260616278
3927	0.12604536
3928	0.1260401207
3929	0.1260221993
3930	0.125978854
3931	0.1259621867
3932	0.1259501792
3933	0.1258940625
3934	0.1258457032
3935	0.1258277102
3936	0.1258216259
3937	0.1258041035
3938	0.1257714486
3939	0.1257390244
3940	0.1257373818
3941	0.1257130677
3942	0.1256950521
3943	0.1256773253
3944	0.1256683229
3945	0.1256250333
3946	0.1256149148
3947	0.1255938691
3948	0.125532504
3949	0.1254916579
3950	0.12547579
3951	0.1254640478
3952	0.1254446547
3953	0.1254227627
3954	0.1254181152
3955	0.1253934158
3956	0.1253519797
3957	0.1253302047
3958	0.1252687721
3959	0.1252094568
3960	0.1251593057
3961	0.1251355998
3962	0.1251079287
3963	0.1250790678
3964	0.1250718419
3965	0.1250558688
3966	0.1250407014
3967	0.1250275265
3968	0.1250197244
3969	0.1249925447
3970	0.1249885602
3971	0.1249435965
3972	0.1248952196
3973	0.1248832272
3974	0.1248692039
3975	0.1248470701
3976	0.1248249856
3977	0.1247952585
3978	0.1247860287
3979	0.1247816364
3980	0.1247594355
3981	0.1247141554
3982	0.1246864715
3983	0.1246770889
3984	0.1246730135
3985	0.1246696396
3986	0.1246551085
3987	0.1246351175
3988	0.1245640547
3989	0.1245448804
3990	0.1244855585
3991	0.124454819
3992	0.1244179519
3993	0.1243948432
3994	0.1243618376
3995	0.1242936408
3996	0.1242906688
3997	0.1242775387
3998	0.1242721195
3999	0.124264459
4000	0.1242503148
4001	0.1242274465
4002	0.1242102135
4003	0.1241532268
4004	0.1241272238
4005	0.124106677
4006	0.124070736
4007	0.1240478722
4008	0.1240395742
4009	0.1240275829
4010	0.1240217569
4011	0.1239933527
4012	0.1239782925
4013	0.1239447439
4014	0.1239202631
4015	0.1238602695
4016	0.123815412
4017	0.1237790541
4018	0.1237562414
4019	0.1237531409
4020	0.123744584
4021	0.12370423
4022	0.1236602808
4023	0.1236561712
4024	0.1236323012
4025	0.1236231764
4026	0.1236100137
4027	0.1235963664
4028	0.1235671041
4029	0.1235324238
4030	0.1234858482
4031	0.1234582431
4032	0.1234475673
4033	0.1234367812
4034	0.1233459565
4035	0.1232921097
4036	0.1232488689
4037	0.1232313547
4038	0.1231817436
4039	0.1231491302
4040	0.1231365564
4041	0.1231230121
4042	0.12310592
4043	0.1230894417
4044	0.1230831811
4045	0.1230816131
4046	0.1230703254
4047	0.1230486798
4048	0.1230447171
4049	0.1230062434
4050	0.1229987563
4051	0.1229693715
4052	0.1229152847
4053	0.1228858393
4054	0.1228749225
4055	0.122832513
4056	0.122794457
4057	0.1227899309
4058	0.122769518
4059	0.122756715
4060	0.1227463985
4061	0.12274245
4062	0.1227104905
4063	0.1226758584
4064	0.122657551
4065	0.1226087604
4066	0.1226071569
4067	0.1225880019
4068	0.1225467093
4069	0.1225050554
4070	0.1224891053
4071	0.1224558704
4072	0.1224403736
4073	0.1224245231
4074	0.12239552
4075	0.1223556655
4076	0.1222985014
4077	0.122274622
4078	0.1222555337
4079	0.1222244934
4080	0.1222174774
4081	0.1221967754
4082	0.1221729911
4083	0.1221514075
4084	0.1221361712
4085	0.1220944327
4086	0.1220872238
4087	0.1220834425
4088	0.1220661569
4089	0.1220341029
4090	0.1220125836
4091	0.1219877541
4092	0.1219669784
4093	0.1219632889
4094	0.1219479693
4095	0.1219391174
4096	0.1219356603
4097	0.1219303771
4098	0.1219138914
4099	0.1218766783
4100	0.1218648157
4101	0.121839089
4102	0.1218198425
4103	0.1218018397
4104	0.12178141
4105	0.1217650916
4106	0.1216947812
4107	0.1216915586
4108	0.1216806091
4109	0.1216686225
4110	0.1216255288
4111	0.1215861976
4112	0.121569117
4113	0.1215466361
4114	0.1215118171
4115	0.121493594
4116	0.1214871715
4117	0.1214430396
4118	0.1214246017
4119	0.1214028309
4120	0.1213828304
4121	0.1213295423
4122	0.1213118565
4123	0.1212916939
4124	0.1212632893
4125	0.1211980756
4126	0.1211709858
4127	0.1211423208
4128	0.121132392
4129	0.1211210094
4130	0.1211125408
4131	0.1211023352
4132	0.1210547097
4133	0.1210247267
4134	0.1209931717
4135	0.1209882199
4136	0.1209650067
4137	0.1209528839
4138	0.1209052936
4139	0.12087661
4140	0.1208563544
4141	0.1208181171
4142	0.1208084216
4143	0.1207893691
4144	0.1207859115
4145	0.1207577902
4146	0.1207055792
4147	0.1206788484
4148	0.12064375
4149	0.1206000809
4150	0.120553663
4151	0.1205482933
4152	0.1205375055
4153	0.1205205043
4154	0.1205100914
4155	0.1204990859
4156	0.1204813521
4157	0.1204517211
4158	0.1204501779
4159	0.1204470387
4160	0.1203769127
4161	0.1203599082
4162	0.1203301637
4163	0.1202993613
4164	0.1202588793
4165	0.1202366507
4166	0.1201747348
4167	0.1201660645
4168	0.1201551194
4169	0.12015174
4170	0.1201095021
4171	0.1200790442
4172	0.1200636251
4173	0.120025839
4174	0.120010892
4175	0.119987917
4176	0.1199463649
4177	0.1199301765
4178	0.1199089006
4179	0.1199061611
4180	0.1198991186
4181	0.1198722288
4182	0.1198399809
4183	0.1198105456
4184	0.1197978328
4185	0.1197668346
4186	0.1197489657
4187	0.1197344964
4188	0.1197124416
4189	0.1197022068
4190	0.1196635519
4191	0.1196510317
4192	0.119623229
4193	0.1196127152
4194	0.119585468
4195	0.1195702159
4196	0.1195257999
4197	0.1195220564
4198	0.1195206292
4199	0.1194845488
4200	0.1194782812
4201	0.1194645056
4202	0.1194322544
4203	0.1193648179
4204	0.1193387403
4205	0.1193260604
4206	0.1192814316
4207	0.1192798563
4208	0.1192392219
4209	0.1192239989
4210	0.1192057777
4211	0.1191782591
4212	0.1191459551
4213	0.119131019
4214	0.1191108177
4215	0.1190681533
4216	0.1190651623
4217	0.119051088
4218	0.1189857057
4219	0.1189669832
4220	0.1189580762
4221	0.1189157366
4222	0.1188987013
4223	0.1188789167
4224	0.1188311164
4225	0.1187964822
4226	0.1187938994
4227	0.1187835492
4228	0.1187522302
4229	0.1187312743
4230	0.1187249551
4231	0.1187047846
4232	0.1186976837
4233	0.118687241
4234	0.118659509
4235	0.1186434021
4236	0.1186353334
4237	0.1186152997
4238	0.1186059314
4239	0.1186041634
4240	0.1185667172
4241	0.1185353268
4242	0.1185156628
4243	0.1184911284
4244	0.1184689331
4245	0.1184484454
4246	0.1184289864
4247	0.1184019749
4248	0.1183682795
4249	0.1183580711
4250	0.1183237441
4251	0.1183218009
4252	0.1182998267
4253	0.1182979353
4254	0.1182947089
4255	0.1182913917
4256	0.1182659994
4257	0.1182455465
4258	0.1182004321
4259	0.1181635651
4260	0.1181208263
4261	0.1181183388
4262	0.1180865133
4263	0.1180721165
4264	0.1180609805
4265	0.1180293567
4266	0.1180111721
4267	0.1179875893
4268	0.1179582034
4269	0.1179342211
4270	0.1179257634
4271	0.1179206764
4272	0.1179061343
4273	0.1178886375
4274	0.1178562533
4275	0.1178461623
4276	0.1178298378
4277	0.1177988956
4278	0.1177487611
4279	0.1177413278
4280	0.1176983868
4281	0.1176661251
4282	0.1176629808
4283	0.1176573109
4284	0.1176384585
4285	0.1176132237
4286	0.1176126584
4287	0.1175555184
4288	0.1175179118
4289	0.1174872966
4290	0.1174500095
4291	0.1174326767
4292	0.1174181854
4293	0.11739617
4294	0.1173736983
4295	0.117362217
4296	0.1173501037
4297	0.1173229224
4298	0.1173194341
4299	0.1173144835
4300	0.1172995218
4301	0.1172460955
4302	0.1172420833
4303	0.1172345149
4304	0.1172210491
4305	0.1171898524
4306	0.1171817329
4307	0.117156259
4308	0.1171549337
4309	0.1171383935
4310	0.1171334694
4311	0.117106036
4312	0.1171021085
4313	0.1170189812
4314	0.1170168328
4315	0.1170098425
4316	0.1169955223
4317	0.1169745355
4318	0.1169488231
4319	0.1168854506
4320	0.1168593064
4321	0.1168222794
4322	0.1168056238
4323	0.1167894822
4324	0.1167533565
4325	0.1167258934
4326	0.1166855134
4327	0.1166307426
4328	0.1166166483
4329	0.1165804549
4330	0.1164949559
4331	0.1164830878
4332	0.1164698986
4333	0.1164391619
4334	0.1164309259
4335	0.1163997969
4336	0.1163458047
4337	0.1163341631
4338	0.1163189874
4339	0.1163032659
4340	0.116295885
4341	0.1162911464
4342	0.116283706
4343	0.1162595282
4344	0.116238405
4345	0.1161944176
4346	0.1161788134
4347	0.1161538833
4348	0.1161370923
4349	0.1161171025
4350	0.1161016572
4351	0.1160777163
4352	0.1160404989
4353	0.1160206273
4354	0.1159910602
4355	0.1159372653
4356	0.1159264425
4357	0.1158890895
4358	0.115839097
4359	0.1158364377
4360	0.115831113
4361	0.1157743374
4362	0.1157273805
4363	0.1157239029
4364	0.1157086728
4365	0.115682485
4366	0.1156655094
4367	0.1156362929
4368	0.1156292827
4369	0.115608486
4370	0.1155973562
4371	0.1155919449
4372	0.1155618685
4373	0.1155451822
4374	0.1155273032
4375	0.1154883119
4376	0.1154866913
4377	0.1154562924
4378	0.1154218359
4379	0.1154129214
4380	0.115405572
4381	0.1153727624
4382	0.1153210119
4383	0.1152905739
4384	0.1152733874
4385	0.1152639224
4386	0.1152309211
4387	0.1152110888
4388	0.1151837125
4389	0.1151685336
4390	0.1151499717
4391	0.1151425254
4392	0.1151133001
4393	0.1150884027
4394	0.1150478992
4395	0.1150108247
4396	0.1149751419
4397	0.1149462217
4398	0.1149350075
4399	0.1149058699
4400	0.1148693554
4401	0.1148457135
4402	0.1148382141
4403	0.1148162428
4404	0.1148076323
4405	0.1148032404
4406	0.1147598834
4407	0.114726456
4408	0.1147104068
4409	0.1146845669
4410	0.1146567
4411	0.1146314071
4412	0.1146279064
4413	0.1146188716
4414	0.1146056413
4415	0.1145769629
4416	0.1145555387
4417	0.1145124205
4418	0.1145036646
4419	0.1144871475
4420	0.1144496736
4421	0.1144282941
4422	0.1143797299
4423	0.1143532225
4424	0.1143212284
4425	0.1142809551
4426	0.1142563654
4427	0.1142234639
4428	0.1142182837
4429	0.1141915642
4430	0.1141425751
4431	0.1141156384
4432	0.1140950382
4433	0.1140831487
4434	0.1140535553
4435	0.1140163212
4436	0.1139659715
4437	0.1139313639
4438	0.1139007318
4439	0.1138776453
4440	0.1138680729
4441	0.1138502451
4442	0.1138228306
4443	0.1138058854
4444	0.1137817069
4445	0.1137749637
4446	0.113735186
4447	0.1137197306
4448	0.1136727619
4449	0.113639453
4450	0.1136301281
4451	0.113624407
4452	0.1135908967
4453	0.1135842588
4454	0.11356515
4455	0.1135588438
4456	0.1134843141
4457	0.1134785525
4458	0.1134440312
4459	0.1134179489
4460	0.1134060639
4461	0.1133867097
4462	0.1133418008
4463	0.1133078497
4464	0.1132905569
4465	0.1132720259
4466	0.1132557549
4467	0.1132138232
4468	0.1131996366
4469	0.1131622496
4470	0.113121116
4471	0.1131150693
4472	0.1131111397
4473	0.1130709783
4474	0.1130447442
4475	0.1130180673
4476	0.1130034565
4477	0.112995039
4478	0.1129856575
4479	0.1129713159
4480	0.1129638874
4481	0.1129587292
4482	0.1129434658
4483	0.1129119244
4484	0.1128927901
4485	0.112878165
4486	0.1128693265
4487	0.1128455922
4488	0.11282628
4489	0.1128034247
4490	0.1127625467
4491	0.1127389102
4492	0.1126951944
4493	0.112685494
4494	0.112644481
4495	0.1126216539
4496	0.1125623521
4497	0.1125231415
4498	0.1125016171
4499	0.1124836387
4500	0.1124713954
4501	0.1124496879
4502	0.1124337004
4503	0.1124298633
4504	0.1123976215
4505	0.1123734065
4506	0.1123336442
4507	0.1123238557
4508	0.1123098295
4509	0.1123007258
4510	0.112284282
4511	0.1122663333
4512	0.1122375287
4513	0.1122221776
4514	0.1122049664
4515	0.1121818244
4516	0.1121721475
4517	0.1121632114
4518	0.1121597936
4519	0.1121560139
4520	0.1121282261
4521	0.1120841906
4522	0.1120679725
4523	0.1120545103
4524	0.1120343736
4525	0.1120164831
4526	0.1119999151
4527	0.1119898886
4528	0.1119819194
4529	0.111966578
4530	0.1119369581
4531	0.1119044208
4532	0.1119037795
4533	0.1118886934
4534	0.1118616204
4535	0.1118499245
4536	0.1118363215
4537	0.1118232814
4538	0.1117608425
4539	0.1117535962
4540	0.11174566
4541	0.1117116726
4542	0.111666086
4543	0.1116522266
4544	0.1116348226
4545	0.1116249572
4546	0.1116104051
4547	0.1115799717
4548	0.1115454096
4549	0.1115405783
4550	0.1115278887
4551	0.1115202147
4552	0.1115162252
4553	0.1115038322
4554	0.1114881959
4555	0.1114690725
4556	0.1114624119
4557	0.1114591695
4558	0.1114419946
4559	0.1114203913
4560	0.111403113
4561	0.1113863579
4562	0.1113742178
4563	0.1113639984
4564	0.1113509665
4565	0.1113213652
4566	0.1112876494
4567	0.1112808756
4568	0.11125971
4569	0.1112582217
4570	0.1112471367
4571	0.111245141
4572	0.1111936682
4573	0.1111719611
4574	0.1111412785
4575	0.1111173706
4576	0.1111130828
4577	0.1110932043
4578	0.1110866306
4579	0.1110749414
4580	0.1110464825
4581	0.1110414082
4582	0.111017902
4583	0.110993723
4584	0.1109106737
4585	0.1108959073
4586	0.1108946714
4587	0.1108857748
4588	0.1108615943
4589	0.1108266966
4590	0.1108140046
4591	0.1108014605
4592	0.1107897218
4593	0.1107709706
4594	0.110761369
4595	0.1107207853
4596	0.1107025821
4597	0.110674211
4598	0.1106488748
4599	0.1106233489
4600	0.1106096725
4601	0.110594588
4602	0.110580927
4603	0.1105367562
4604	0.1105231339
4605	0.1104623812
4606	0.1104273912
4607	0.1103800055
4608	0.1103702078
4609	0.110319521
4610	0.1102800876
4611	0.1102398469
4612	0.1101886652
4613	0.1101863504
4614	0.1101623333
4615	0.1101522864
4616	0.110138019
4617	0.1101175145
4618	0.1101036115
4619	0.1100617535
4620	0.1100221315
4621	0.1099983491
4622	0.1099887917
4623	0.1099773472
4624	0.1099593624
4625	0.1099247143
4626	0.1099091744
4627	0.1098944687
4628	0.1098726313
4629	0.1098292329
4630	0.1098144512
4631	0.1098124627
4632	0.1098024152
4633	0.1097828442
4634	0.1097693702
4635	0.1097598722
4636	0.1097541168
4637	0.1097436262
4638	0.1097347628
4639	0.1097189774
4640	0.1097091462
4641	0.1097016207
4642	0.1096633687
4643	0.1096344472
4644	0.1096145914
4645	0.1095641334
4646	0.1095382285
4647	0.1095122134
4648	0.1094774431
4649	0.1094392903
4650	0.1094337704
4651	0.1094034801
4652	0.1093913263
4653	0.1093818769
4654	0.1093405791
4655	0.1093341481
4656	0.1093104669
4657	0.1093069415
4658	0.1092922084
4659	0.1092539372
4660	0.1092188423
4661	0.109208381
4662	0.1091983043
4663	0.1091550273
4664	0.1091306193
4665	0.1091257083
4666	0.1090808121
4667	0.1090668637
4668	0.1090580219
4669	0.1090392518
4670	0.1090165103
4671	0.1089745983
4672	0.1089385358
4673	0.1089217497
4674	0.1089006766
4675	0.1088968036
4676	0.1088757401
4677	0.1088681412
4678	0.1088410913
4679	0.1088186486
4680	0.1087790572
4681	0.108770727
4682	0.1087583456
4683	0.1087432737
4684	0.1087338607
4685	0.1087236694
4686	0.1087014286
4687	0.1086834324
4688	0.1086733955
4689	0.1086543683
4690	0.1086429777
4691	0.1086073993
4692	0.1085932634
4693	0.1085850872
4694	0.1085571742
4695	0.1085419246
4696	0.1085085336
4697	0.1084738803
4698	0.10839048
4699	0.1083620784
4700	0.1083532315
4701	0.1083234418
4702	0.1083124875
4703	0.1082941313
4704	0.1082657732
4705	0.1082443804
4706	0.1082272366
4707	0.108224151
4708	0.1081840986
4709	0.10815046
4710	0.1081365302
4711	0.1081165579
4712	0.1080843606
4713	0.1080524208
4714	0.1080250867
4715	0.1080036726
4716	0.1079976502
4717	0.1079897534
4718	0.1079715669
4719	0.1079566053
4720	0.1079449786
4721	0.107923495
4722	0.1078838608
4723	0.1078681281
4724	0.1078315966
4725	0.1078109632
4726	0.1077870602
4727	0.1077507969
4728	0.1077071514
4729	0.1077041517
4730	0.1076901735
4731	0.1076862429
4732	0.1076570808
4733	0.1076362926
4734	0.1076172056
4735	0.1076061933
4736	0.107601197
4737	0.107556977
4738	0.1075438954
4739	0.1075258503
4740	0.1074890986
4741	0.1074688882
4742	0.107464921
4743	0.1074211115
4744	0.1073536488
4745	0.1073312616
4746	0.1073061433
4747	0.1072951523
4748	0.1072515694
4749	0.1071925602
4750	0.1071858664
4751	0.1071673601
4752	0.1071370934
4753	0.1071229517
4754	0.1070989453
4755	0.1070816689
4756	0.1070617713
4757	0.1070259366
4758	0.1069992832
4759	0.1069952325
4760	0.1069713972
4761	0.1069364228
4762	0.1069242461
4763	0.1069103144
4764	0.1068881853
4765	0.1068672313
4766	0.1068451838
4767	0.1068185997
4768	0.1068121208
4769	0.106797199
4770	0.1067854156
4771	0.1067655022
4772	0.1067510991
4773	0.1067463425
4774	0.1067421256
4775	0.1067320452
4776	0.1067222178
4777	0.1067092594
4778	0.1066730038
4779	0.1066275333
4780	0.1065967408
4781	0.106565192
4782	0.1065617309
4783	0.1065263547
4784	0.106511574
4785	0.1064792121
4786	0.1064314553
4787	0.1064104115
4788	0.106395578
4789	0.1063607916
4790	0.1063187457
4791	0.106286128
4792	0.1062632751
4793	0.1062459309
4794	0.1062221046
4795	0.1062099579
4796	0.1061804079
4797	0.1061632537
4798	0.1061540863
4799	0.1061498655
4800	0.106076624
4801	0.1060574022
4802	0.1060244177
4803	0.1060045047
4804	0.1059955832
4805	0.1059640551
4806	0.1059521216
4807	0.1059228247
4808	0.1058902422
4809	0.1058462783
4810	0.1058327082
4811	0.1058260229
4812	0.1058132206
4813	0.1057876665
4814	0.1057804375
4815	0.1057670779
4816	0.105732774
4817	0.1057137544
4818	0.1056690972
4819	0.1056485902
4820	0.1056305983
4821	0.1056264716
4822	0.1056045655
4823	0.1055849754
4824	0.105576868
4825	0.1055451904
4826	0.10553626
4827	0.1055021038
4828	0.1054766779
4829	0.105460147
4830	0.1054274171
4831	0.1054137878
4832	0.1053870422
4833	0.1053658838
4834	0.1053475414
4835	0.1053263882
4836	0.1053171621
4837	0.105301805
4838	0.1052813742
4839	0.1052714304
4840	0.1052574494
4841	0.1052545419
4842	0.1052340669
4843	0.1051944878
4844	0.1051467989
4845	0.1051292507
4846	0.1051119872
4847	0.105088228
4848	0.1050700586
4849	0.1050667519
4850	0.1050588585
4851	0.1050428399
4852	0.105016592
4853	0.1050075982
4854	0.1049875792
4855	0.1049473959
4856	0.1049096559
4857	0.104891645
4858	0.1048251654
4859	0.1048056688
4860	0.1047904842
4861	0.1047500267
4862	0.1047328511
4863	0.1047109551
4864	0.1046907319
4865	0.1046769528
4866	0.1046308729
4867	0.1046123163
4868	0.1045959537
4869	0.104585097
4870	0.1045833696
4871	0.1045557818
4872	0.1045384031
4873	0.1045158058
4874	0.1044714893
4875	0.1044510922
4876	0.1044477705
4877	0.1044452269
4878	0.1043761671
4879	0.1043653451
4880	0.1043507778
4881	0.1042970417
4882	0.104295646
4883	0.1042942042
4884	0.1042774949
4885	0.1042559155
4886	0.1042506675
4887	0.1042453018
4888	0.104234929
4889	0.1042162703
4890	0.1042089454
4891	0.1041989177
4892	0.1041932535
4893	0.1041878573
4894	0.1041712445
4895	0.1041504899
4896	0.1041237206
4897	0.1041143538
4898	0.1041000025
4899	0.1040830755
4900	0.1040641333
4901	0.1040200672
4902	0.1040053673
4903	0.1039874222
4904	0.1039829087
4905	0.103979011
4906	0.1039754948
4907	0.1039580088
4908	0.1039176842
4909	0.1039153637
4910	0.1039014343
4911	0.1038970841
4912	0.103895939
4913	0.1038901548
4914	0.1038671023
4915	0.1038465497
4916	0.103777663
4917	0.1037719407
4918	0.1037326524
4919	0.103724988
4920	0.1037074218
4921	0.1037032369
4922	0.1037008079
4923	0.1036766815
4924	0.1036616506
4925	0.1036463767
4926	0.1036376007
4927	0.1035864287
4928	0.1035499587
4929	0.1035336778
4930	0.1035136179
4931	0.1035099679
4932	0.1034991126
4933	0.1034903199
4934	0.1034841349
4935	0.1034805857
4936	0.1034665278
4937	0.1034503427
4938	0.1034429804
4939	0.1034317616
4940	0.1034118681
4941	0.1033837707
4942	0.1033677999
4943	0.1033352917
4944	0.1033180204
4945	0.103312833
4946	0.1033030417
4947	0.1032998913
4948	0.1032943801
4949	0.1032674364
4950	0.1032283719
4951	0.1032069437
4952	0.103156941
4953	0.1031346491
4954	0.1031167598
4955	0.1031121877
4956	0.1031069436
4957	0.1030940999
4958	0.1030774409
4959	0.1030618668
4960	0.1030223262
4961	0.102991574
4962	0.1029364382
4963	0.1029320552
4964	0.1029297817
4965	0.1029058658
4966	0.1028908841
4967	0.1028620132
4968	0.1028578858
4969	0.1028119276
4970	0.1028042441
4971	0.1027949958
4972	0.1027419832
4973	0.1027319172
4974	0.1027115109
4975	0.1027076784
4976	0.1026898896
4977	0.1026607996
4978	0.1026551272
4979	0.1026469255
4980	0.1026052328
4981	0.102591645
4982	0.1025857582
4983	0.1025556814
4984	0.1025207561
4985	0.1025075546
4986	0.1024557267
4987	0.102446352
4988	0.1024210153
4989	0.1023600345
4990	0.1023301327
4991	0.1023111004
4992	0.1023005379
4993	0.1022869267
4994	0.102281588
4995	0.102258444
4996	0.1022000991
4997	0.102187953
4998	0.1021838557
4999	0.1021432152
5000	0.1021244794
5001	0.1020988449
5002	0.1020848598
5003	0.1020532293
5004	0.1020479152
5005	0.1020450725
5006	0.1020382004
5007	0.1020276948
5008	0.1020116298
5009	0.1019967121
5010	0.1019785035
5011	0.1019518669
5012	0.1019487097
5013	0.1019416446
5014	0.1019173697
5015	0.1018813657
5016	0.101828009
5017	0.1017987887
5018	0.1017704851
5019	0.1017509165
5020	0.1017236032
5021	0.1017095063
5022	0.1016859085
5023	0.1016655799
5024	0.1016436698
5025	0.1016303339
5026	0.1016144194
5027	0.101595708
5028	0.1015886595
5029	0.1015714902
5030	0.1015660339
5031	0.1015623348
5032	0.1015458472
5033	0.101538203
5034	0.1015359261
5035	0.1015073122
5036	0.1015015594
5037	0.1014826558
5038	0.1014782871
5039	0.1014667942
5040	0.1014155351
5041	0.1013408083
5042	0.1013248989
5043	0.1012960594
5044	0.1012960568
5045	0.1012730466
5046	0.1012635876
5047	0.101229153
5048	0.1011859104
5049	0.101174863
5050	0.1011464516
5051	0.1011389558
5052	0.1011126275
5053	0.1010700966
5054	0.1010563909
5055	0.1010404761
5056	0.1010333891
5057	0.1010250152
5058	0.1010199205
5059	0.101013215
5060	0.1010002004
5061	0.1009884047
5062	0.1009655895
5063	0.1009628095
5064	0.1009600929
5065	0.100919512
5066	0.100908344
5067	0.1008953403
5068	0.1008817545
5069	0.1008505004
5070	0.1008212051
5071	0.1008165261
5072	0.1007997791
5073	0.1007913517
5074	0.1007751034
5075	0.1007475548
5076	0.1007432879
5077	0.1007328368
5078	0.1007238618
5079	0.1007168099
5080	0.1007139377
5081	0.1006822964
5082	0.1006588253
5083	0.1006508013
5084	0.1006394176
5085	0.1005755041
5086	0.100551565
5087	0.1005505443
5088	0.1005494559
5089	0.1005277364
5090	0.1005161839
5091	0.1004562651
5092	0.1004521604
5093	0.100447588
5094	0.1004241951
5095	0.1004080782
5096	0.1003959495
5097	0.1003833443
5098	0.1003671643
5099	0.1003423251
5100	0.1003257886
5101	0.1003202892
5102	0.1003165626
5103	0.100284547
5104	0.100271673
5105	0.1002563357
5106	0.1002422157
5107	0.1001836809
5108	0.100153815
5109	0.1001484369
5110	0.1001454476
5111	0.1001365966
5112	0.1001342755
5113	0.1000715903
5114	0.1000701212
5115	0.1000614857
5116	0.100048891
5117	0.1000136667
5118	0.09999327577
5119	0.09999228428
5120	0.0999409112
5121	0.09988699172
5122	0.09986772483
5123	0.09985597433
5124	0.09981686687
5125	0.09980846403
5126	0.09977940007
5127	0.09977335779
5128	0.09974538718
5129	0.099736577
5130	0.09967746726
5131	0.09966060613
5132	0.09962959064
5133	0.09960968547
5134	0.09957870358
5135	0.09954195638
5136	0.09952241712
5137	0.09951674795
5138	0.09948882538
5139	0.09948030317
5140	0.09945419419
5141	0.09942435301
5142	0.09941724934
5143	0.09939010517
5144	0.09937406189
5145	0.09936124531
5146	0.09935241186
5147	0.09933639914
5148	0.099305593
5149	0.09929808836
5150	0.09926751364
5151	0.09926387637
5152	0.0992421345
5153	0.09922925917
5154	0.09922248044
5155	0.09919356634
5156	0.09915868391
5157	0.09911666934
5158	0.09910123937
5159	0.09908746742
5160	0.09905432699
5161	0.09902627145
5162	0.09901784478
5163	0.09899765608
5164	0.09898954142
5165	0.09896369164
5166	0.09895834485
5167	0.09894292419
5168	0.09893061739
5169	0.09889738339
5170	0.098881106
5171	0.09886401745
5172	0.09885416346
5173	0.09884028782
5174	0.09882060176
5175	0.09881648717
5176	0.0988120033
5177	0.09880684916
5178	0.0987934868
5179	0.09875504764
5180	0.09872839755
5181	0.0987148484
5182	0.09869619259
5183	0.09869296111
5184	0.09864773799
5185	0.09864044358
5186	0.09863206279
5187	0.0986198044
5188	0.0986057678
5189	0.09859996697
5190	0.0985604858
5191	0.0985503467
5192	0.09854926036
5193	0.09852419257
5194	0.09851907562
5195	0.09850897158
5196	0.09848410922
5197	0.09845016492
5198	0.09842692916
5199	0.09841572703
5200	0.09839719259
5201	0.09838533797
5202	0.09838229604
5203	0.09836470004
5204	0.09834758257
5205	0.09834045119
5206	0.0983358962
5207	0.09831112427
5208	0.09830239955
5209	0.09829723481
5210	0.09827251133
5211	0.09826743263
5212	0.09825129385
5213	0.09824569712
5214	0.09823667505
5215	0.09821427595
5216	0.0982014424
5217	0.09817586541
5218	0.09816066689
5219	0.09815322425
5220	0.0981080592
5221	0.09807626853
5222	0.09806800237
5223	0.09805378147
5224	0.09803629277
5225	0.09799495317
5226	0.09798703262
5227	0.09796633761
5228	0.0979561457
5229	0.09794384217
5230	0.09792558396
5231	0.09789997043
5232	0.09785206746
5233	0.0978403574
5234	0.097815459
5235	0.09779041634
5236	0.09778273203
5237	0.09777338238
5238	0.09776230194
5239	0.09773651266
5240	0.09771911761
5241	0.09771543657
5242	0.09771061704
5243	0.09769413973
5244	0.09768126863
5245	0.09762868899
5246	0.09760742001
5247	0.09759745031
5248	0.09758592872
5249	0.09757887428
5250	0.0975490602
5251	0.09753154793
5252	0.09750997815
5253	0.09750013178
5254	0.09745760925
5255	0.0974296058
5256	0.09739301475
5257	0.09735070417
5258	0.09731806545
5259	0.0973060487
5260	0.09727763043
5261	0.09725886966
5262	0.09723576676
5263	0.09722408525
5264	0.09721917407
5265	0.09718130122
5266	0.09716368814
5267	0.09715908058
5268	0.09715432911
5269	0.09710455521
5270	0.09708509359
5271	0.09704695939
5272	0.09704149289
5273	0.09701721466
5274	0.09700625207
5275	0.0969996353
5276	0.09697712403
5277	0.09696735982
5278	0.09695440398
5279	0.09694743744
5280	0.09688905117
5281	0.09687792143
5282	0.09687692597
5283	0.09686917281
5284	0.09686229268
5285	0.09684312765
5286	0.09683547961
5287	0.09682223299
5288	0.09682071484
5289	0.09680209763
5290	0.0967993459
5291	0.09678061543
5292	0.09675672783
5293	0.09671154474
5294	0.0966832472
5295	0.09664868277
5296	0.09664409717
5297	0.09659064861
5298	0.09656150386
5299	0.09654631197
5300	0.09653928226
5301	0.0965027312
5302	0.09647014281
5303	0.09646723859
5304	0.09645089691
5305	0.09644707712
5306	0.09643539335
5307	0.09642053671
5308	0.09641324272
5309	0.0964056714
5310	0.09639920143
5311	0.0963764682
5312	0.09634895234
5313	0.09632058693
5314	0.09631945607
5315	0.09630081865
5316	0.0962684356
5317	0.09626537468
5318	0.09622729738
5319	0.09618360237
5320	0.09618266271
5321	0.09616495915
5322	0.09615025169
5323	0.09613559832
5324	0.09612660745
5325	0.09612132278
5326	0.09610339626
5327	0.09609538087
5328	0.09608506306
5329	0.09606178527
5330	0.09603901562
5331	0.09600017619
5332	0.09597365659
5333	0.09596368202
5334	0.09593015896
5335	0.09591900102
5336	0.09591437675
5337	0.09590009441
5338	0.09587528058
5339	0.0958740303
5340	0.09584196097
5341	0.09583500156
5342	0.09580936286
5343	0.09580260769
5344	0.0957869867
5345	0.09576449567
5346	0.09575146351
5347	0.09574492497
5348	0.09571944147
5349	0.09570476207
5350	0.09569809542
5351	0.09569323916
5352	0.09568873704
5353	0.09568695195
5354	0.09566128793
5355	0.09561296089
5356	0.09557908446
5357	0.09557552511
5358	0.09555169957
5359	0.09552223332
5360	0.09551316091
5361	0.09551176711
5362	0.09549258747
5363	0.09548604351
5364	0.09547040538
5365	0.09544755544
5366	0.09543360207
5367	0.09542596772
5368	0.0953988504
5369	0.09537852538
5370	0.09533272159
5371	0.09533147715
5372	0.09532199093
5373	0.09529711605
5374	0.09524683967
5375	0.09521822884
5376	0.09520618473
5377	0.09520333834
5378	0.09519900845
5379	0.09518544906
5380	0.09517478699
5381	0.0951599633
5382	0.09513792472
5383	0.09511702687
5384	0.0950758216
5385	0.0950612286
5386	0.09505211101
5387	0.09503738259
5388	0.09501899472
5389	0.09501324344
5390	0.09500332662
5391	0.09499495188
5392	0.09498080966
5393	0.09497470797
5394	0.09494937653
5395	0.09493828674
5396	0.09492526106
5397	0.09491445211
5398	0.09489934482
5399	0.09488831805
5400	0.09488166966
5401	0.09484136048
5402	0.09482910152
5403	0.09482756711
5404	0.09481642323
5405	0.09478887101
5406	0.09478404805
5407	0.09478125332
5408	0.09477546619
5409	0.09475927938
5410	0.09474964514
5411	0.09472599402
5412	0.09470761858
5413	0.09468651937
5414	0.09465076674
5415	0.094647356
5416	0.09463818428
5417	0.09462695633
5418	0.09462426725
5419	0.09461566369
5420	0.09460073099
5421	0.09459181515
5422	0.0945639855
5423	0.09454422338
5424	0.09453116711
5425	0.09451822976
5426	0.0945060523
5427	0.09449226997
5428	0.09448408949
5429	0.09447335884
5430	0.09446266782
5431	0.09444986808
5432	0.09442875251
5433	0.09441270481
5434	0.09440550568
5435	0.09439769015
5436	0.09437154308
5437	0.09436133914
5438	0.0943567834
5439	0.09431522637
5440	0.09429584678
5441	0.09429192577
5442	0.09427354643
5443	0.09425333359
5444	0.09424861393
5445	0.09424026507
5446	0.09420080294
5447	0.09417170409
5448	0.09415276336
5449	0.09414670316
5450	0.09413392322
5451	0.09412590427
5452	0.09410683219
5453	0.09408804153
5454	0.09407909242
5455	0.09407183937
5456	0.0940597709
5457	0.09402328306
5458	0.09401072852
5459	0.09399922981
5460	0.09397095495
5461	0.09396038015
5462	0.09394922688
5463	0.09393902774
5464	0.093898486
5465	0.0938732511
5466	0.09386870917
5467	0.09383535883
5468	0.09380850268
5469	0.09378390234
5470	0.09376932324
5471	0.09376577898
5472	0.09375655623
5473	0.09375467787
5474	0.09374773634
5475	0.09374281967
5476	0.09372528508
5477	0.09367676914
5478	0.09366326595
5479	0.09362527905
5480	0.09361796043
5481	0.09353277326
5482	0.09351375777
5483	0.09350885826
5484	0.09348640737
5485	0.09348306901
5486	0.09347247962
5487	0.09345491517
5488	0.09341870364
5489	0.09340614964
5490	0.09339917944
5491	0.09338266632
5492	0.0933743313
5493	0.09336839395
5494	0.09334775978
5495	0.09333129639
5496	0.09329234525
5497	0.09323817485
5498	0.09321976802
5499	0.09320209448
5500	0.0931900818
5501	0.09317588849
5502	0.09317244706
5503	0.09316614911
5504	0.09315801578
5505	0.09313171053
5506	0.09311962628
5507	0.09311041318
5508	0.09310098732
5509	0.09309049035
5510	0.09307523824
5511	0.09305728001
5512	0.09304373828
5513	0.09299668814
5514	0.09299023174
5515	0.09298697359
5516	0.09295431238
5517	0.09293254055
5518	0.09289950011
5519	0.09288957686
5520	0.09287098466
5521	0.09286240149
5522	0.09281663959
5523	0.09278607811
5524	0.09276209559
5525	0.09275538826
5526	0.09273822536
5527	0.09273433329
5528	0.09271617959
5529	0.09267567582
5530	0.09266693409
5531	0.09262992573
5532	0.09262678105
5533	0.0925949556
5534	0.09259173646
5535	0.0925732189
5536	0.09255875784
5537	0.09254969833
5538	0.09252295265
5539	0.09248768857
5540	0.09247900482
5541	0.09246473055
5542	0.09244822146
5543	0.09243455587
5544	0.09242210447
5545	0.09240701907
5546	0.09235027052
5547	0.09233874235
5548	0.09229091927
5549	0.09227029196
5550	0.09224310278
5551	0.09222285365
5552	0.09219494449
5553	0.09218819776
5554	0.09218166118
5555	0.09218043186
5556	0.09216812236
5557	0.0921234769
5558	0.0921173911
5559	0.09210752825
5560	0.09207334098
5561	0.09203788507
5562	0.09202592111
5563	0.09201604483
5564	0.09200300097
5565	0.09199318347
5566	0.09195776517
5567	0.09194622574
5568	0.09193214999
5569	0.0919140188
5570	0.09190205964
5571	0.09188608637
5572	0.09188366845
5573	0.09187633372
5574	0.09185547209
5575	0.09182034598
5576	0.09181001497
5577	0.09179987901
5578	0.09178320125
5579	0.09171980841
5580	0.09171330983
5581	0.09169441481
5582	0.0916920857
5583	0.09168295338
5584	0.09164511269
5585	0.0916096787
5586	0.09160329989
5587	0.09159797471
5588	0.09158370218
5589	0.09157930407
5590	0.09154495738
5591	0.09153049125
5592	0.09152300856
5593	0.09151461206
5594	0.09149840098
5595	0.09146880622
5596	0.09145323747
5597	0.09136976622
5598	0.09135366139
5599	0.0913103137
5600	0.09129835886
5601	0.09128333061
5602	0.09127265916
5603	0.09124828565
5604	0.09122769528
5605	0.09121840184
5606	0.09120139082
5607	0.09119420776
5608	0.09116767608
5609	0.09115087194
5610	0.09114660759
5611	0.09113536232
5612	0.09111684652
5613	0.09109716229
5614	0.0910924012
5615	0.09108988961
5616	0.09108189494
5617	0.09106899156
5618	0.09103273945
5619	0.0910315633
5620	0.09101112045
5621	0.09100261632
5622	0.0909919611
5623	0.09098275237
5624	0.09096976685
5625	0.09096121143
5626	0.09095045804
5627	0.09094103087
5628	0.09093367423
5629	0.09092630716
5630	0.09091807473
5631	0.09091111176
5632	0.09089487367
5633	0.09089211114
5634	0.09087757138
5635	0.09086937424
5636	0.09086573277
5637	0.09084553071
5638	0.09083836114
5639	0.09081668574
5640	0.09080938573
5641	0.09079661747
5642	0.09075183782
5643	0.09074793058
5644	0.09074246188
5645	0.09072854648
5646	0.09071484483
5647	0.0906925252
5648	0.09067138201
5649	0.09059272216
5650	0.09058573167
5651	0.09057534778
5652	0.09056300621
5653	0.09054574953
5654	0.09053390836
5655	0.090524495
5656	0.09050456848
5657	0.09047477004
5658	0.09046688309
5659	0.09044608585
5660	0.09044127887
5661	0.09041564112
5662	0.09040035739
5663	0.09039805147
5664	0.0903862725
5665	0.09036518858
5666	0.090353841
5667	0.09034119176
5668	0.09027668709
5669	0.09025695386
5670	0.09024771027
5671	0.09023788388
5672	0.09023619358
5673	0.09021582578
5674	0.09020189968
5675	0.09018950925
5676	0.09018539676
5677	0.09016932489
5678	0.09015618786
5679	0.09011955401
5680	0.09007891464
5681	0.09006977078
5682	0.0900392973
5683	0.09003725087
5684	0.09003542432
5685	0.09001669852
5686	0.09000980973
5687	0.0899948054
5688	0.0899638586
5689	0.08993980091
5690	0.08992529093
5691	0.08990528137
5692	0.08990378471
5693	0.08988435746
5694	0.08987780877
5695	0.08986089434
5696	0.08986018602
5697	0.08982646572
5698	0.08981586582
5699	0.08980355001
5700	0.08979075124
5701	0.08978080233
5702	0.08977133351
5703	0.08976619624
5704	0.08975300823
5705	0.08974643816
5706	0.08973813527
5707	0.08972398168
5708	0.08971198693
5709	0.08970814288
5710	0.08968306461
5711	0.08967261129
5712	0.08966393015
5713	0.08962255008
5714	0.08961125535
5715	0.08960360553
5716	0.08960099008
5717	0.08958491107
5718	0.08956472794
5719	0.08953873716
5720	0.08952709955
5721	0.08951303492
5722	0.08950691453
5723	0.0894676836
5724	0.08945052258
5725	0.08943270758
5726	0.08943167451
5727	0.08941505508
5728	0.08940500058
5729	0.08939621454
5730	0.08939050106
5731	0.08938693492
5732	0.08937274025
5733	0.0893676986
5734	0.08936398128
5735	0.08934745197
5736	0.08931779711
5737	0.08931365689
5738	0.08929619895
5739	0.08927461417
5740	0.08925858516
5741	0.08925520382
5742	0.08923813962
5743	0.08921840485
5744	0.08921045327
5745	0.0891991866
5746	0.08919790845
5747	0.08919388736
5748	0.0891854194
5749	0.08917076079
5750	0.08915214773
5751	0.08914430612
5752	0.08913870731
5753	0.08911269901
5754	0.08911092159
5755	0.08910037251
5756	0.08909335298
5757	0.08907691968
5758	0.08905868224
5759	0.08905685929
5760	0.08904417335
5761	0.08903666259
5762	0.08902374564
5763	0.08898477667
5764	0.08894971222
5765	0.08892957047
5766	0.0889275419
5767	0.08892073666
5768	0.08890968868
5769	0.08888088838
5770	0.08884459403
5771	0.0888073394
5772	0.08877362803
5773	0.08875491191
5774	0.08874646136
5775	0.08872529243
5776	0.08872166476
5777	0.0887151561
5778	0.08870925321
5779	0.08869273962
5780	0.08868951164
5781	0.08868070489
5782	0.08864659764
5783	0.0886250374
5784	0.0886153175
5785	0.08860699597
5786	0.08858688005
5787	0.08856714309
5788	0.08855108903
5789	0.0885488266
5790	0.08852387537
5791	0.0885131924
5792	0.08850592289
5793	0.08848010359
5794	0.08845674277
5795	0.08845014873
5796	0.0884310286
5797	0.08842114439
5798	0.08840460254
5799	0.08838463074
5800	0.08838295795
5801	0.08835051581
5802	0.08834687318
5803	0.08832650824
5804	0.08831923488
5805	0.0883093262
5806	0.08828778402
5807	0.08826688083
5808	0.08824679636
5809	0.08822785289
5810	0.08820929413
5811	0.08820160049
5812	0.08819321244
5813	0.08818853141
5814	0.08816927016
5815	0.08816105595
5816	0.08812401532
5817	0.08811836515
5818	0.08810040445
5819	0.08808699671
5820	0.08808572393
5821	0.08806514443
5822	0.08805383761
5823	0.08804775472
5824	0.08804372687
5825	0.08802806554
5826	0.08802340998
5827	0.08798679554
5828	0.08797166599
5829	0.08796510757
5830	0.08793954881
5831	0.08792045423
5832	0.08790130951
5833	0.08789388911
5834	0.08788409901
5835	0.08787408043
5836	0.08786173668
5837	0.08784031646
5838	0.08783001675
5839	0.08781373006
5840	0.08780916006
5841	0.08779155526
5842	0.08775905316
5843	0.08775461079
5844	0.08772897242
5845	0.08770991169
5846	0.08770577248
5847	0.08768720888
5848	0.08765816115
5849	0.08765646952
5850	0.08765195763
5851	0.08761096312
5852	0.08759285388
5853	0.08756981443
5854	0.08756343032
5855	0.08755461993
5856	0.08754184856
5857	0.08752681358
5858	0.08751996466
5859	0.08751323989
5860	0.0875038868
5861	0.08748769005
5862	0.08748281788
5863	0.08747679895
5864	0.08746883113
5865	0.08746184071
5866	0.08745455652
5867	0.08744179345
5868	0.08744053608
5869	0.08742821316
5870	0.08740953047
5871	0.08738825182
5872	0.08738392388
5873	0.08737530865
5874	0.08737357587
5875	0.087355732
5876	0.08732518361
5877	0.08730699136
5878	0.08726677627
5879	0.08724779266
5880	0.08721438147
5881	0.08721373451
5882	0.08720287722
5883	0.08719029692
5884	0.0871717846
5885	0.08715698701
5886	0.08711679894
5887	0.08710483745
5888	0.08709644514
5889	0.08709468319
5890	0.08707504834
5891	0.08703499134
5892	0.08701936032
5893	0.08700897427
5894	0.08699864857
5895	0.08697732266
5896	0.08695894129
5897	0.0869514899
5898	0.08694440614
5899	0.08693308242
5900	0.08692198643
5901	0.08689608648
5902	0.08685483663
5903	0.08682003245
5904	0.08680342197
5905	0.086789051
5906	0.08676840323
5907	0.08674851837
5908	0.08674275898
5909	0.08673633899
5910	0.08671007042
5911	0.0866933687
5912	0.08668506731
5913	0.0866635825
5914	0.0866484123
5915	0.08663806189
5916	0.08662176067
5917	0.08660367969
5918	0.08659119635
5919	0.08657545602
5920	0.08656955635
5921	0.08655828985
5922	0.08651178861
5923	0.08650591139
5924	0.08648540779
5925	0.08644667295
5926	0.08641980468
5927	0.08640606724
5928	0.08637353482
5929	0.08636953756
5930	0.08636195125
5931	0.08634224659
5932	0.08631381362
5933	0.08630837952
5934	0.08628247339
5935	0.08626962013
5936	0.08624157814
5937	0.08622646935
5938	0.08621360104
5939	0.0861948053
5940	0.08619416897
5941	0.08617356197
5942	0.08617152966
5943	0.08616473834
5944	0.08614697229
5945	0.08614149861
5946	0.08612167454
5947	0.08610618267
5948	0.08609772984
5949	0.08608464203
5950	0.0860715127
5951	0.08605589415
5952	0.08604808213
5953	0.08601505182
5954	0.08596641774
5955	0.08596575705
5956	0.08595506966
5957	0.08595422519
5958	0.08594242524
5959	0.08591848998
5960	0.08591232997
5961	0.08588292767
5962	0.08587782868
5963	0.08584186518
5964	0.08583610754
5965	0.08580589754
5966	0.085791942
5967	0.08578866277
5968	0.08575247488
5969	0.08574492654
5970	0.08572798689
5971	0.0857078722
5972	0.08570158117
5973	0.08569957823
5974	0.08567578794
5975	0.08563340065
5976	0.08562039699
5977	0.08561155689
5978	0.08559259329
5979	0.08558335677
5980	0.08555288957
5981	0.08552005788
5982	0.08551276801
5983	0.08550079802
5984	0.08548372979
5985	0.08546685691
5986	0.08543925075
5987	0.08540421843
5988	0.08538751167
5989	0.08536191175
5990	0.08536109761
5991	0.08533940009
5992	0.0853322694
5993	0.08529517114
5994	0.08529433364
5995	0.08527707343
5996	0.08526283736
5997	0.08524169436
5998	0.08522611248
5999	0.0852124532
6000	0.08520015908
6001	0.08518063268
6002	0.08516477576
6003	0.08514654832
6004	0.08512945741
6005	0.0851182307
6006	0.08509978092
6007	0.08509419961
6008	0.08507954111
6009	0.0850521657
6010	0.08504221578
6011	0.08501675368
6012	0.08501036596
6013	0.0850070679
6014	0.08499348572
6015	0.08498592775
6016	0.084981782
6017	0.08497696383
6018	0.08493502247
6019	0.08493419659
6020	0.08491104097
6021	0.08489753749
6022	0.08487815965
6023	0.08485917324
6024	0.08484861872
6025	0.08483355969
6026	0.08482524329
6027	0.08480507545
6028	0.08480275422
6029	0.08479605565
6030	0.08478199876
6031	0.0847641141
6032	0.08473867078
6033	0.08471594989
6034	0.08470828537
6035	0.08466954952
6036	0.08465363108
6037	0.08463823516
6038	0.08462893792
6039	0.08461287694
6040	0.08460340034
6041	0.08455757449
6042	0.08455664101
6043	0.08454038599
6044	0.0845277853
6045	0.08451251239
6046	0.08449822487
6047	0.08447954289
6048	0.0844649773
6049	0.08443878591
6050	0.08442097141
6051	0.08440225051
6052	0.0843903101
6053	0.08437958349
6054	0.0843669502
6055	0.08434793086
6056	0.08431268747
6057	0.08430757471
6058	0.08426236746
6059	0.0842388709
6060	0.0842290665
6061	0.08421767508
6062	0.08421013403
6063	0.08418393878
6064	0.08417817702
6065	0.08415137409
6066	0.08413416611
6067	0.0841325923
6068	0.0841318201
6069	0.08412812453
6070	0.08410217875
6071	0.08409213907
6072	0.08405703018
6073	0.08404891521
6074	0.08403535217
6075	0.08402131594
6076	0.08400212688
6077	0.08397386119
6078	0.08395415723
6079	0.08394059836
6080	0.08392586333
6081	0.08392394916
6082	0.08390725483
6083	0.08390361243
6084	0.08389855865
6085	0.08385330571
6086	0.08384181413
6087	0.08383519393
6088	0.0838166632
6089	0.08381215087
6090	0.08380756623
6091	0.08379844356
6092	0.08377740265
6093	0.08377245691
6094	0.0837629341
6095	0.0837513053
6096	0.08373827657
6097	0.08371062749
6098	0.08370776044
6099	0.08370282997
6100	0.08368235011
6101	0.08365055937
6102	0.08364562623
6103	0.08359541351
6104	0.08358750147
6105	0.08357964818
6106	0.08357305997
6107	0.0835643843
6108	0.08355108004
6109	0.08352066896
6110	0.08351692287
6111	0.08349946593
6112	0.08349945853
6113	0.08348823954
6114	0.08348137775
6115	0.08346577381
6116	0.08346040031
6117	0.08344323633
6118	0.08343909383
6119	0.08342657778
6120	0.08340838964
6121	0.08337894887
6122	0.08337350627
6123	0.08335432938
6124	0.08334825261
6125	0.08333519801
6126	0.08333289952
6127	0.08330945751
6128	0.08329051074
6129	0.08327742363
6130	0.08326530169
6131	0.083249955
6132	0.08323739543
6133	0.08322594379
6134	0.08321092081
6135	0.08318356083
6136	0.08316781287
6137	0.08315611166
6138	0.08315002126
6139	0.08313870041
6140	0.08312819864
6141	0.08312214895
6142	0.08311252861
6143	0.08306148303
6144	0.0830433012
6145	0.0830293647
6146	0.0830157505
6147	0.08299241341
6148	0.0829792048
6149	0.08297008176
6150	0.08296441383
6151	0.08295013723
6152	0.08293972287
6153	0.08293643689
6154	0.0829239765
6155	0.08291158996
6156	0.08290394257
6157	0.08290152364
6158	0.08289668282
6159	0.08287721161
6160	0.08285371405
6161	0.08284077462
6162	0.08282695178
6163	0.08282475735
6164	0.08279793715
6165	0.08279792536
6166	0.08279675877
6167	0.08278708758
6168	0.08275487314
6169	0.08275317788
6170	0.08273088647
6171	0.08269272461
6172	0.08266587842
6173	0.08266424128
6174	0.0826402927
6175	0.08263173691
6176	0.08261970506
6177	0.08261254732
6178	0.08260747525
6179	0.08258645775
6180	0.08257587656
6181	0.08256306525
6182	0.08253785688
6183	0.08252729425
6184	0.08251884105
6185	0.0824904315
6186	0.08245311393
6187	0.08243618093
6188	0.08241911853
6189	0.08240954966
6190	0.08240564104
6191	0.0824039069
6192	0.08236133922
6193	0.08235831002
6194	0.08234661337
6195	0.08232949385
6196	0.08231145471
6197	0.08229672675
6198	0.08228498433
6199	0.08228282419
6200	0.08226618886
6201	0.08225542865
6202	0.08225140691
6203	0.08224460618
6204	0.08222961782
6205	0.08221817607
6206	0.08220807991
6207	0.08220298548
6208	0.08218721285
6209	0.08215425921
6210	0.08214791138
6211	0.0821346194
6212	0.08213001196
6213	0.08211193987
6214	0.08207792982
6215	0.08204836118
6216	0.08202651711
6217	0.08202298673
6218	0.08201498811
6219	0.08200816374
6220	0.08200624972
6221	0.08198380702
6222	0.08195156032
6223	0.08193553393
6224	0.08192847479
6225	0.08189881698
6226	0.08186589015
6227	0.08184935578
6228	0.08183722398
6229	0.08182095578
6230	0.08181380359
6231	0.08179174219
6232	0.08177515414
6233	0.08177038609
6234	0.081756584
6235	0.08172640727
6236	0.08171530569
6237	0.08167848998
6238	0.08166433064
6239	0.08165866919
6240	0.08164922886
6241	0.08163392939
6242	0.08162078045
6243	0.08161897206
6244	0.08159836825
6245	0.08159225448
6246	0.08157735189
6247	0.0815675955
6248	0.08156211157
6249	0.08154527606
6250	0.08153281148
6251	0.08153168516
6252	0.08151386407
6253	0.08149228416
6254	0.08148412634
6255	0.08147053045
6256	0.08145970274
6257	0.0814464524
6258	0.08143293341
6259	0.08141229034
6260	0.08138825892
6261	0.08135323256
6262	0.08133924504
6263	0.08132175652
6264	0.08131284444
6265	0.08130486801
6266	0.08130341438
6267	0.08127391962
6268	0.08126608711
6269	0.0812632095
6270	0.08122786447
6271	0.08121754643
6272	0.08120298897
6273	0.08119927584
6274	0.08117931049
6275	0.08116723957
6276	0.08114565618
6277	0.08112709526
6278	0.08111141387
6279	0.08109725479
6280	0.08108572081
6281	0.08108419418
6282	0.08107073275
6283	0.08105546614
6284	0.08104531205
6285	0.0810393068
6286	0.08103398565
6287	0.08099823744
6288	0.08099489344
6289	0.0809703501
6290	0.08095802129
6291	0.08095100466
6292	0.08091486429
6293	0.08091099958
6294	0.08089635396
6295	0.0808879851
6296	0.08087999113
6297	0.080860262
6298	0.0808537213
6299	0.08084053793
6300	0.08082058255
6301	0.08079725409
6302	0.0807917483
6303	0.08078066467
6304	0.08074739738
6305	0.08073307147
6306	0.08072036409
6307	0.08071044565
6308	0.08070559641
6309	0.08069195235
6310	0.08068487023
6311	0.08067704103
6312	0.08065701771
6313	0.08063223572
6314	0.08062994501
6315	0.08062457602
6316	0.08060993709
6317	0.08060044854
6318	0.08058533976
6319	0.08056883454
6320	0.08056117316
6321	0.08054469996
6322	0.08050809622
6323	0.08048322408
6324	0.08048005366
6325	0.08047748689
6326	0.0804617013
6327	0.08044958264
6328	0.08044436191
6329	0.08042611445
6330	0.08040234151
6331	0.08040124443
6332	0.08037898818
6333	0.0803692064
6334	0.08036778265
6335	0.08035451279
6336	0.08030807073
6337	0.08028262452
6338	0.08026950881
6339	0.08024763489
6340	0.08022768139
6341	0.08021835213
6342	0.08019209946
6343	0.08016879385
6344	0.08016472817
6345	0.08012233816
6346	0.08011927533
6347	0.08011756933
6348	0.08010393483
6349	0.0800931883
6350	0.08009155075
6351	0.08007589877
6352	0.08006115948
6353	0.08005800761
6354	0.0800444966
6355	0.08003235805
6356	0.0800311149
6357	0.08002131948
6358	0.08000277938
6359	0.07997750809
6360	0.07995922118
6361	0.07994509453
6362	0.07994405503
6363	0.07993629517
6364	0.07992300255
6365	0.07990978679
6366	0.0798976928
6367	0.07988154768
6368	0.07987286352
6369	0.07986955898
6370	0.07985845206
6371	0.07983922504
6372	0.07983044509
6373	0.0798054056
6374	0.0797796336
6375	0.07975431025
6376	0.07972792846
6377	0.07971907117
6378	0.07971122385
6379	0.07968034059
6380	0.0796773711
6381	0.0796655326
6382	0.07965319276
6383	0.07961311615
6384	0.07958503209
6385	0.07957401933
6386	0.07956259301
6387	0.07954183975
6388	0.07953432157
6389	0.0795283185
6390	0.0795262634
6391	0.07950420278
6392	0.07948867663
6393	0.07948140532
6394	0.07947495977
6395	0.07946172996
6396	0.07945506601
6397	0.07943779014
6398	0.07943435114
6399	0.07941526962
6400	0.07941177006
6401	0.07939780339
6402	0.07938288049
6403	0.079347953
6404	0.07932544067
6405	0.07932262711
6406	0.07929963213
6407	0.07927887361
6408	0.07926309524
6409	0.07925523956
6410	0.07922905842
6411	0.0792211399
6412	0.07920659002
6413	0.07920426107
6414	0.07917462721
6415	0.07916328519
6416	0.07914639712
6417	0.07914029439
6418	0.07913160171
6419	0.07912336011
6420	0.07911062574
6421	0.07908017028
6422	0.07907844911
6423	0.0790701663
6424	0.07904755806
6425	0.07901140582
6426	0.07900973846
6427	0.07899441433
6428	0.07899134507
6429	0.07897509101
6430	0.07893526183
6431	0.07893037394
6432	0.07890573592
6433	0.07889667425
6434	0.0788714239
6435	0.07886535981
6436	0.07885813042
6437	0.07885232179
6438	0.07883035518
6439	0.07881367719
6440	0.07880152544
6441	0.07879047415
6442	0.07878454977
6443	0.07876833881
6444	0.07876565566
6445	0.07874609433
6446	0.07873414669
6447	0.07872879251
6448	0.07872761585
6449	0.07872110931
6450	0.07869448016
6451	0.07868559631
6452	0.07867432815
6453	0.07865803038
6454	0.07865028549
6455	0.07864649068
6456	0.0786448888
6457	0.07863096504
6458	0.07862294098
6459	0.07859893138
6460	0.07859838678
6461	0.07857586194
6462	0.07855889616
6463	0.07854095041
6464	0.07853250951
6465	0.0785271131
6466	0.0785059382
6467	0.07849571219
6468	0.07848857987
6469	0.0784862221
6470	0.07846887413
6471	0.07846557055
6472	0.07844761051
6473	0.0784413393
6474	0.07841685017
6475	0.07841269777
6476	0.07839186277
6477	0.07837904464
6478	0.07836899757
6479	0.07835665521
6480	0.0783476898
6481	0.0783398538
6482	0.07832491139
6483	0.07830273092
6484	0.0782842753
6485	0.07826987435
6486	0.07826555659
6487	0.07824458189
6488	0.07823255132
6489	0.07822608045
6490	0.0782068302
6491	0.07820160006
6492	0.07819298663
6493	0.07818457356
6494	0.07817352469
6495	0.0781655637
6496	0.07816240925
6497	0.07814120413
6498	0.07813918457
6499	0.07812142313
6500	0.07805949809
6501	0.07805337708
6502	0.07803380177
6503	0.07802094074
6504	0.07800562779
6505	0.07798722082
6506	0.07797352124
6507	0.07794706
6508	0.07793078217
6509	0.07790984729
6510	0.07790358705
6511	0.07788862818
6512	0.0778783352
6513	0.07786963091
6514	0.07786912051
6515	0.07785134684
6516	0.07784298269
6517	0.07783838996
6518	0.07783096681
6519	0.07781454211
6520	0.07777797805
6521	0.07775597867
6522	0.07775095753
6523	0.07773820332
6524	0.0776958997
6525	0.07768520208
6526	0.07766514929
6527	0.0776644153
6528	0.07764956028
6529	0.07764231846
6530	0.07764039615
6531	0.07761540503
6532	0.07759320503
6533	0.07758861792
6534	0.07758234415
6535	0.07756767627
6536	0.07755493548
6537	0.07754075365
6538	0.07753454174
6539	0.07752423053
6540	0.07750681444
6541	0.07750153247
6542	0.0774788005
6543	0.07746960984
6544	0.07745965006
6545	0.07744666265
6546	0.07743498945
6547	0.07742372531
6548	0.07740411434
6549	0.07739894878
6550	0.0773853934
6551	0.07737598797
6552	0.07735463605
6553	0.07734495109
6554	0.07732162634
6555	0.07731130026
6556	0.07730732875
6557	0.07729541677
6558	0.07728409083
6559	0.07727055422
6560	0.07724367454
6561	0.07723865067
6562	0.07723046827
6563	0.07721343992
6564	0.07721023298
6565	0.07719252472
6566	0.07718633876
6567	0.07718512598
6568	0.07718378551
6569	0.07717408079
6570	0.07715918201
6571	0.07714652024
6572	0.0771415419
6573	0.07713700168
6574	0.07712502389
6575	0.07712358531
6576	0.07711071747
6577	0.07709935277
6578	0.07706858938
6579	0.077067512
6580	0.07706074143
6581	0.07705227306
6582	0.07704568522
6583	0.07704423106
6584	0.07702729124
6585	0.07701638336
6586	0.07700275612
6587	0.07699494098
6588	0.07698134621
6589	0.07697322811
6590	0.07696827723
6591	0.07694641945
6592	0.07694081377
6593	0.07693522669
6594	0.07693382845
6595	0.07690790977
6596	0.07688592432
6597	0.0768743845
6598	0.07685691205
6599	0.0768453733
6600	0.07683688861
6601	0.07682309825
6602	0.07680975193
6603	0.07680460777
6604	0.07678896865
6605	0.0767812042
6606	0.07677617193
6607	0.07675169917
6608	0.07673548203
6609	0.07671426349
6610	0.07668788294
6611	0.07666826002
6612	0.07666222898
6613	0.07664590156
6614	0.07661078439
6615	0.0766097158
6616	0.07659201637
6617	0.07657533201
6618	0.07656444259
6619	0.07653881433
6620	0.07653573218
6621	0.07652640011
6622	0.07652173446
6623	0.07651349129
6624	0.07650799297
6625	0.07648286894
6626	0.07646809738
6627	0.07646139989
6628	0.07645439646
6629	0.07642545544
6630	0.07641878831
6631	0.07640319462
6632	0.07639723081
6633	0.07637721387
6634	0.07634709008
6635	0.07632802175
6636	0.07631292483
6637	0.07630292371
6638	0.076279438
6639	0.07625385797
6640	0.07624029429
6641	0.07623936
6642	0.07623078765
6643	0.07620969795
6644	0.07620593078
6645	0.07620223257
6646	0.07618479203
6647	0.07618448055
6648	0.07617087054
6649	0.07615737874
6650	0.07614181808
6651	0.07612551644
6652	0.07612414779
6653	0.07611282047
6654	0.07609692514
6655	0.07609072742
6656	0.07608737807
6657	0.07607409784
6658	0.07606186242
6659	0.07602938771
6660	0.07601940777
6661	0.07600968379
6662	0.07599748255
6663	0.07597814046
6664	0.07596245739
6665	0.07594699607
6666	0.07592661849
6667	0.07592092246
6668	0.07589975184
6669	0.07589891758
6670	0.07589764364
6671	0.07589152604
6672	0.07587365074
6673	0.07585865459
6674	0.0758228958
6675	0.0758176286
6676	0.0758060712
6677	0.0758018616
6678	0.07578831739
6679	0.07577226095
6680	0.07576472371
6681	0.07575716057
6682	0.07573874103
6683	0.07572875702
6684	0.07572287216
6685	0.07571427073
6686	0.07570315515
6687	0.07568571097
6688	0.0756700948
6689	0.07566750258
6690	0.07564827139
6691	0.07563939166
6692	0.07561890582
6693	0.07561158261
6694	0.07559831725
6695	0.07558376181
6696	0.07556687442
6697	0.07555774663
6698	0.07554604946
6699	0.07553822117
6700	0.07553402219
6701	0.07552254342
6702	0.07547597635
6703	0.07544072945
6704	0.0754317413
6705	0.07541859382
6706	0.07539853929
6707	0.07539341538
6708	0.07537938961
6709	0.07536444526
6710	0.07535591843
6711	0.07533615514
6712	0.07531705684
6713	0.07528227121
6714	0.07526906261
6715	0.07526757251
6716	0.07526272688
6717	0.07524623567
6718	0.07523393511
6719	0.07521744285
6720	0.07518595923
6721	0.07518138803
6722	0.07516694115
6723	0.07514558295
6724	0.07512869448
6725	0.07511560034
6726	0.075098171
6727	0.07508269405
6728	0.07505267236
6729	0.07502653388
6730	0.07500584542
6731	0.07499277914
6732	0.07496294268
6733	0.07494903954
6734	0.07492866689
6735	0.07491433389
6736	0.07489119768
6737	0.07487951787
6738	0.07487224333
6739	0.07485651479
6740	0.07484686359
6741	0.07483620697
6742	0.07483014512
6743	0.07480221933
6744	0.07479779404
6745	0.07478476836
6746	0.07478283516
6747	0.07477627721
6748	0.07476977829
6749	0.07475391781
6750	0.07473429665
6751	0.07471910157
6752	0.0747088549
6753	0.07469698697
6754	0.07468720784
6755	0.0746811289
6756	0.07467735161
6757	0.07467497526
6758	0.07467034663
6759	0.07466739033
6760	0.07464439461
6761	0.07463039003
6762	0.07462866144
6763	0.07462766359
6764	0.07462015344
6765	0.07459481952
6766	0.07457813712
6767	0.07456235306
6768	0.0745532071
6769	0.07455210503
6770	0.07454249081
6771	0.07453678522
6772	0.07453186571
6773	0.07452018817
6774	0.07451799269
6775	0.07451296575
6776	0.07449674955
6777	0.07448221727
6778	0.074473918
6779	0.07446347437
6780	0.07444945904
6781	0.07443635139
6782	0.07441535711
6783	0.07440134658
6784	0.074389545
6785	0.07437673467
6786	0.07436740714
6787	0.07436000842
6788	0.07433925528
6789	0.0743232268
6790	0.07430864551
6791	0.07429194487
6792	0.07427072489
6793	0.07424594826
6794	0.0742400187
6795	0.07422366255
6796	0.07420231992
6797	0.07418728336
6798	0.07416972621
6799	0.07415658773
6800	0.07412495058
6801	0.07410839767
6802	0.07407885526
6803	0.07406229195
6804	0.07400622446
6805	0.07398685942
6806	0.07396712581
6807	0.07394774457
6808	0.07391468416
6809	0.07389397463
6810	0.07387455629
6811	0.07385529381
6812	0.07385346707
6813	0.07384428423
6814	0.07383818
6815	0.07383094915
6816	0.07382115665
6817	0.07380424019
6818	0.07378539066
6819	0.07376819077
6820	0.07375617543
6821	0.07373337432
6822	0.07372044937
6823	0.07371848968
6824	0.07370308109
6825	0.07367553863
6826	0.07366703684
6827	0.07364109222
6828	0.07360519226
6829	0.07360071689
6830	0.07358744735
6831	0.07358278651
6832	0.07357009182
6833	0.07356864148
6834	0.07356803261
6835	0.07354236925
6836	0.07353071732
6837	0.0735055964
6838	0.07349879139
6839	0.07349229295
6840	0.07348274002
6841	0.07347713397
6842	0.07346571261
6843	0.07344699391
6844	0.07343728067
6845	0.07341933961
6846	0.0734030251
6847	0.07339523327
6848	0.07338253941
6849	0.07337955922
6850	0.07336838399
6851	0.07332794632
6852	0.0733222298
6853	0.07331597926
6854	0.07329678423
6855	0.07328371929
6856	0.07327263632
6857	0.07325688279
6858	0.07325040333
6859	0.07322148271
6860	0.07321194439
6861	0.07320614848
6862	0.07320397846
6863	0.07320314856
6864	0.07319257014
6865	0.07317890674
6866	0.07315722857
6867	0.07313703878
6868	0.07313283278
6869	0.07310491851
6870	0.07308665666
6871	0.07306428426
6872	0.07305544839
6873	0.07305142196
6874	0.07304721605
6875	0.07301626027
6876	0.0730152978
6877	0.07301073423
6878	0.07299942831
6879	0.07299293019
6880	0.07298911561
6881	0.07296916769
6882	0.07295757119
6883	0.07294101697
6884	0.07293656406
6885	0.07291102766
6886	0.07288206853
6887	0.07287851554
6888	0.07287351956
6889	0.07286581151
6890	0.07284706288
6891	0.07284563815
6892	0.07283988082
6893	0.07282795029
6894	0.07282076739
6895	0.07281169848
6896	0.07279290021
6897	0.07278079087
6898	0.07276215963
6899	0.07275364061
6900	0.0727394706
6901	0.07273502796
6902	0.07273120201
6903	0.07272116988
6904	0.07270630902
6905	0.07268974696
6906	0.07267737111
6907	0.0726652701
6908	0.07265234617
6909	0.07263210725
6910	0.07260957187
6911	0.0725791641
6912	0.07257493146
6913	0.07256727005
6914	0.07254961369
6915	0.07253617697
6916	0.07252866466
6917	0.07251893981
6918	0.07251062832
6919	0.07249093996
6920	0.07247505494
6921	0.07247424382
6922	0.07246172315
6923	0.07245459114
6924	0.07243505674
6925	0.07242202588
6926	0.07240753698
6927	0.07238824503
6928	0.07237154468
6929	0.0723687424
6930	0.07235400122
6931	0.07234905763
6932	0.07234062867
6933	0.07231533105
6934	0.07229407038
6935	0.07227946053
6936	0.07226222665
6937	0.07226147406
6938	0.07225981106
6939	0.0722460061
6940	0.07223801812
6941	0.07222311511
6942	0.07221372953
6943	0.07218990546
6944	0.07217738082
6945	0.07216597487
6946	0.07215309328
6947	0.07213122935
6948	0.07212885182
6949	0.07212217822
6950	0.07211165888
6951	0.07207536218
6952	0.07207479864
6953	0.07206244856
6954	0.07205606441
6955	0.07204149336
6956	0.07203827172
6957	0.07203653491
6958	0.07203054861
6959	0.07202982284
6960	0.07202027281
6961	0.07200280526
6962	0.07199729402
6963	0.07197330946
6964	0.07195601597
6965	0.07195253025
6966	0.07191252494
6967	0.07190581989
6968	0.0719016512
6969	0.07188715695
6970	0.07187468507
6971	0.0718645864
6972	0.07185077483
6973	0.0718435835
6974	0.07183072274
6975	0.0718148486
6976	0.07179400088
6977	0.07177031064
6978	0.07175574056
6979	0.0717495167
6980	0.07174450445
6981	0.07174256294
6982	0.07172176614
6983	0.07171738293
6984	0.07170364928
6985	0.07167111447
6986	0.07165765946
6987	0.07164429118
6988	0.07163620127
6989	0.07162377239
6990	0.07161747964
6991	0.07160951674
6992	0.07159716536
6993	0.07158177986
6994	0.07157754097
6995	0.07157604367
6996	0.0715733722
6997	0.07156850461
6998	0.07155440235
6999	0.07153114552
7000	0.07150990015
7001	0.07149283312
7002	0.07148077764
7003	0.07146639181
7004	0.0714394535
7005	0.07142434475
7006	0.07140975845
7007	0.07139708166
7008	0.07138541198
7009	0.07137063774
7010	0.07135695374
7011	0.07134338559
7012	0.07133745639
7013	0.07132602395
7014	0.07131923163
7015	0.07130633473
7016	0.07129972568
7017	0.07127179383
7018	0.07126761548
7019	0.07125865167
7020	0.07124852172
7021	0.07123525786
7022	0.07122865279
7023	0.07121937913
7024	0.0712180725
7025	0.07121251342
7026	0.07120956728
7027	0.07118980357
7028	0.07117726413
7029	0.07116548271
7030	0.07115478981
7031	0.07114118141
7032	0.07113180581
7033	0.0711256183
7034	0.07110163999
7035	0.07109083391
7036	0.07106229987
7037	0.07103974943
7038	0.07101737025
7039	0.0710011349
7040	0.07099780592
7041	0.07099017723
7042	0.070979795
7043	0.07096970487
7044	0.0709626845
7045	0.07094978593
7046	0.07094214544
7047	0.07093894401
7048	0.07092759369
7049	0.07091720893
7050	0.07091412057
7051	0.07090830215
7052	0.07089585607
7053	0.07088090184
7054	0.07085588356
7055	0.07085047887
7056	0.07084159486
7057	0.07083560738
7058	0.0708251814
7059	0.07081518908
7060	0.07081060935
7061	0.07080178585
7062	0.07078948648
7063	0.07077525424
7064	0.07076218586
7065	0.07074995035
7066	0.07074077886
7067	0.07073857974
7068	0.07072940624
7069	0.07071379238
7070	0.07070305837
7071	0.07069518977
7072	0.07068664938
7073	0.07067807234
7074	0.07066509877
7075	0.07065328999
7076	0.07065102694
7077	0.07063921948
7078	0.0706274238
7079	0.0706214949
7080	0.07061144327
7081	0.07059900399
7082	0.07058765158
7083	0.07058197749
7084	0.07056977986
7085	0.07054863288
7086	0.07054751031
7087	0.07054333518
7088	0.07051704881
7089	0.07049819004
7090	0.07047084152
7091	0.07046789298
7092	0.07045541535
7093	0.07044545485
7094	0.07043917968
7095	0.07042113226
7096	0.07040244685
7097	0.0703948361
7098	0.07038127317
7099	0.07037297232
7100	0.07036672681
7101	0.07035066688
7102	0.07033850586
7103	0.07033450559
7104	0.07033050568
7105	0.070326656
7106	0.07031526822
7107	0.07030105199
7108	0.07027409494
7109	0.07026669813
7110	0.07025490334
7111	0.07024258944
7112	0.07023363523
7113	0.07022552379
7114	0.0702178932
7115	0.07021244164
7116	0.07019164051
7117	0.07016921757
7118	0.07015746344
7119	0.07014825817
7120	0.0701397918
7121	0.07012699429
7122	0.07011221888
7123	0.07010262129
7124	0.07008505919
7125	0.0700620427
7126	0.07005082476
7127	0.07004522132
7128	0.07003811036
7129	0.07002493408
7130	0.07001426697
7131	0.06999464357
7132	0.06998556037
7133	0.06997030856
7134	0.06995177848
7135	0.0699402145
7136	0.06993251944
7137	0.06992040223
7138	0.06990353242
7139	0.06989395157
7140	0.06987327989
7141	0.06985366922
7142	0.06984238665
7143	0.06983442484
7144	0.06983011019
7145	0.0698091532
7146	0.06978981809
7147	0.06978335098
7148	0.06977742675
7149	0.06977090623
7150	0.06976123969
7151	0.06975850927
7152	0.06975691602
7153	0.06974405096
7154	0.06972921421
7155	0.06972023146
7156	0.06971951906
7157	0.06971276034
7158	0.06970599752
7159	0.06969330159
7160	0.06968125577
7161	0.06967220125
7162	0.06965834882
7163	0.06965257479
7164	0.06964092485
7165	0.0696295143
7166	0.06961125699
7167	0.06960009573
7168	0.06959519559
7169	0.06957423846
7170	0.06956260776
7171	0.06954800802
7172	0.06953389311
7173	0.06951722475
7174	0.06950701444
7175	0.06948923127
7176	0.06947805457
7177	0.06946029216
7178	0.06945419015
7179	0.06944017765
7180	0.06943006395
7181	0.06941884459
7182	0.0694048266
7183	0.06939604663
7184	0.06938905346
7185	0.0693864044
7186	0.06938542514
7187	0.06937614413
7188	0.06936746057
7189	0.06935475823
7190	0.06934518031
7191	0.06932274108
7192	0.06931048788
7193	0.06929835699
7194	0.06928071527
7195	0.0692577513
7196	0.06925774573
7197	0.06924976877
7198	0.06923173761
7199	0.06921288957
7200	0.06918732108
7201	0.06918088521
7202	0.06915884812
7203	0.06915879901
7204	0.06914385827
7205	0.06914352901
7206	0.06913792169
7207	0.06912739449
7208	0.0691009432
7209	0.0690759139
7210	0.06907441392
7211	0.06905482767
7212	0.06904773616
7213	0.06903633746
7214	0.0690314679
7215	0.0690121505
7216	0.06900116529
7217	0.06897731896
7218	0.06896229752
7219	0.06895133688
7220	0.06894518216
7221	0.06893363741
7222	0.06892052099
7223	0.06890841384
7224	0.06889364496
7225	0.06887871548
7226	0.06886364672
7227	0.06883756543
7228	0.06882494794
7229	0.06881568594
7230	0.06879181093
7231	0.06876674131
7232	0.06876319183
7233	0.06873384132
7234	0.06872696519
7235	0.06870881107
7236	0.06869218767
7237	0.0686720392
7238	0.06866393694
7239	0.06865512365
7240	0.06864500688
7241	0.06862667653
7242	0.06861994831
7243	0.0686178476
7244	0.06861322838
7245	0.06860388536
7246	0.06858140931
7247	0.06856989654
7248	0.06856262932
7249	0.06853825126
7250	0.06851475549
7251	0.06851078126
7252	0.0685062418
7253	0.06847121681
7254	0.068469364
7255	0.06845095443
7256	0.0684334955
7257	0.06841248392
7258	0.06840062567
7259	0.06837224596
7260	0.06836025807
7261	0.06835596775
7262	0.06833890323
7263	0.06832212271
7264	0.06830907957
7265	0.06829887677
7266	0.06829700683
7267	0.06828981232
7268	0.06827338162
7269	0.06825657432
7270	0.06825013896
7271	0.06823224706
7272	0.06823097434
7273	0.06822726973
7274	0.06822359621
7275	0.06821243409
7276	0.06820390869
7277	0.06819976886
7278	0.06817983818
7279	0.06817402713
7280	0.06816607261
7281	0.06816078283
7282	0.06814844491
7283	0.06814108577
7284	0.06813090003
7285	0.06811933651
7286	0.06810518891
7287	0.06810097381
7288	0.06807815542
7289	0.06807692935
7290	0.06806520486
7291	0.06804344518
7292	0.06803803911
7293	0.06803241227
7294	0.06800575838
7295	0.06800441171
7296	0.06799390988
7297	0.06796943766
7298	0.06795014156
7299	0.06794753818
7300	0.06793847175
7301	0.06791858684
7302	0.06790367458
7303	0.06789137039
7304	0.06787743991
7305	0.06786182315
7306	0.06784891256
7307	0.06783966718
7308	0.06782340726
7309	0.06781650389
7310	0.0678035069
7311	0.0677895343
7312	0.0677770054
7313	0.06776542516
7314	0.06775579564
7315	0.06775246294
7316	0.06774265383
7317	0.0677300158
7318	0.067721193
7319	0.06771633883
7320	0.06769313448
7321	0.06766069082
7322	0.0676542441
7323	0.06764908582
7324	0.06764538247
7325	0.06762892891
7326	0.06761211162
7327	0.06759537285
7328	0.06759418993
7329	0.06759011857
7330	0.06756360484
7331	0.06755998139
7332	0.06754780486
7333	0.06754261433
7334	0.06753086429
7335	0.06749658506
7336	0.06746668492
7337	0.06746087757
7338	0.06742994598
7339	0.06742434095
7340	0.06741378863
7341	0.06739927307
7342	0.06739298253
7343	0.06738637523
7344	0.0673684235
7345	0.06736211236
7346	0.06735827914
7347	0.0673321749
7348	0.06731067531
7349	0.06730402302
7350	0.06728587872
7351	0.067284664
7352	0.06726921872
7353	0.06726184615
7354	0.06725433096
7355	0.06725012218
7356	0.06724538004
7357	0.0672333313
7358	0.06721261427
7359	0.06721004557
7360	0.06720209405
7361	0.06718830331
7362	0.06717470717
7363	0.06717089632
7364	0.06714579917
7365	0.06713480046
7366	0.06712151219
7367	0.06710103926
7368	0.06709907613
7369	0.06707912548
7370	0.06707176187
7371	0.06706040712
7372	0.06704469708
7373	0.06703971448
7374	0.067022413
7375	0.06701359288
7376	0.06700398683
7377	0.06699887871
7378	0.0669941166
7379	0.06697939153
7380	0.06696522867
7381	0.06695876737
7382	0.06694782364
7383	0.06692980458
7384	0.066919233
7385	0.06691001476
7386	0.06690366944
7387	0.0668901786
7388	0.06688546044
7389	0.06687684451
7390	0.06686183853
7391	0.06685023315
7392	0.06684257327
7393	0.06683590275
7394	0.06683365682
7395	0.06681044397
7396	0.06680272034
7397	0.06677899232
7398	0.06675220692
7399	0.0667264333
7400	0.06672503087
7401	0.06672220778
7402	0.06671271468
7403	0.06670813061
7404	0.06669540965
7405	0.06668500584
7406	0.06667359715
7407	0.06666537319
7408	0.0666559448
7409	0.0666533629
7410	0.06664446548
7411	0.0666253212
7412	0.06662259449
7413	0.06661638533
7414	0.06659730568
7415	0.06657797736
7416	0.06657045662
7417	0.06656780904
7418	0.06656113031
7419	0.06654872939
7420	0.06653872865
7421	0.06653336746
7422	0.06652166024
7423	0.06651907696
7424	0.06651521124
7425	0.06649651594
7426	0.06649251189
7427	0.06649021678
7428	0.06648937462
7429	0.0664630693
7430	0.0664503346
7431	0.06644329697
7432	0.06643068582
7433	0.06642299351
7434	0.0664132224
7435	0.06640002899
7436	0.06637839818
7437	0.06635430173
7438	0.06634999846
7439	0.06634232773
7440	0.06633479895
7441	0.06631564984
7442	0.06630535103
7443	0.06630149632
7444	0.06628715495
7445	0.06627919134
7446	0.06626950662
7447	0.0662493111
7448	0.06623260022
7449	0.06622859091
7450	0.066220736
7451	0.06620734863
7452	0.06620186189
7453	0.06619496524
7454	0.06618027171
7455	0.06616845937
7456	0.06616243767
7457	0.06615376186
7458	0.06614569435
7459	0.06614349329
7460	0.0661334408
7461	0.0661226683
7462	0.06612123878
7463	0.06611263255
7464	0.0660987207
7465	0.06609773784
7466	0.06607894927
7467	0.06607079599
7468	0.06605442223
7469	0.06604760401
7470	0.0660441544
7471	0.06601832221
7472	0.06599452016
7473	0.06598472926
7474	0.0659798892
7475	0.06597436459
7476	0.06596750509
7477	0.06595556512
7478	0.06595133885
7479	0.06593076554
7480	0.06589807276
7481	0.06588350268
7482	0.0658655436
7483	0.06585842408
7484	0.06584558134
7485	0.06583837341
7486	0.06583701131
7487	0.06582230341
7488	0.06581232282
7489	0.06580222163
7490	0.06579343038
7491	0.06577194678
7492	0.06576150309
7493	0.06575919424
7494	0.06574085689
7495	0.06572729992
7496	0.06570513727
7497	0.06569529795
7498	0.0656729494
7499	0.06566863806
7500	0.06564709581
7501	0.06562483512
7502	0.06559900823
7503	0.06557627146
7504	0.06556904948
7505	0.06556264662
7506	0.06555860323
7507	0.06554851832
7508	0.06554264915
7509	0.06553491938
7510	0.06552038555
7511	0.06549806405
7512	0.06549389307
7513	0.06548179907
7514	0.06547706225
7515	0.06546798501
7516	0.06546360943
7517	0.06544379702
7518	0.06542567042
7519	0.0654148412
7520	0.0653995917
7521	0.06537056882
7522	0.06535632651
7523	0.06535255289
7524	0.06533453523
7525	0.06532192414
7526	0.06531610329
7527	0.06531532147
7528	0.06530984311
7529	0.06529962717
7530	0.06529268013
7531	0.06527714452
7532	0.06526033663
7533	0.06524797767
7534	0.06524211484
7535	0.06524002113
7536	0.06523183349
7537	0.06522176278
7538	0.06520401651
7539	0.06518579196
7540	0.06516303296
7541	0.06514159949
7542	0.06513492412
7543	0.06510891021
7544	0.0650884068
7545	0.06508793539
7546	0.06507898355
7547	0.06507710128
7548	0.06505972962
7549	0.06504561097
7550	0.06500763894
7551	0.06498728751
7552	0.06498667676
7553	0.06498012918
7554	0.064960876
7555	0.06494385362
7556	0.06492918966
7557	0.06492540081
7558	0.06490526556
7559	0.06489320766
7560	0.06488545847
7561	0.06488082261
7562	0.06487962321
7563	0.06486317863
7564	0.06485475253
7565	0.06485038179
7566	0.06483873076
7567	0.06483309357
7568	0.06483023551
7569	0.06482013159
7570	0.06480388878
7571	0.06478919016
7572	0.06477423099
7573	0.06477148614
7574	0.06476090098
7575	0.06475765379
7576	0.06474950704
7577	0.0647421765
7578	0.06473973376
7579	0.06473476012
7580	0.06472931128
7581	0.06472399084
7582	0.06471842445
7583	0.06470846184
7584	0.0647006136
7585	0.06469002085
7586	0.06466974123
7587	0.06465581626
7588	0.06464008021
7589	0.06460841672
7590	0.06459853015
7591	0.06458564419
7592	0.06458012808
7593	0.06455770134
7594	0.06452801425
7595	0.06451324992
7596	0.06450171883
7597	0.0644970379
7598	0.06448119317
7599	0.06447139406
7600	0.06446965166
7601	0.06446863413
7602	0.06445765796
7603	0.06443816389
7604	0.06441202625
7605	0.0644070003
7606	0.0644019038
7607	0.06439036111
7608	0.06438772499
7609	0.06437976093
7610	0.06436860796
7611	0.06435213279
7612	0.06434448665
7613	0.06433628315
7614	0.06432258413
7615	0.06431719976
7616	0.06431416216
7617	0.06430363162
7618	0.06428587842
7619	0.06426282149
7620	0.06425870324
7621	0.06425741709
7622	0.06425284422
7623	0.06424733108
7624	0.06423981079
7625	0.0642256097
7626	0.06420615801
7627	0.06419995758
7628	0.06418896391
7629	0.06417550506
7630	0.06416626796
7631	0.06415561339
7632	0.06414627763
7633	0.06414098518
7634	0.0641318556
7635	0.06412652888
7636	0.0641137498
7637	0.06409055937
7638	0.06408930364
7639	0.06407704121
7640	0.06406853047
7641	0.06406236657
7642	0.06405313552
7643	0.06404878015
7644	0.06403752603
7645	0.06403451899
7646	0.06402677013
7647	0.06401611931
7648	0.06400843941
7649	0.06400449187
7650	0.0639890315
7651	0.06397097932
7652	0.06395684246
7653	0.06395069312
7654	0.06394706992
7655	0.06393263628
7656	0.0639238777
7657	0.06392270545
7658	0.06391291114
7659	0.06390339278
7660	0.0638897486
7661	0.06386922021
7662	0.06386233711
7663	0.06385206359
7664	0.06384842766
7665	0.06381860909
7666	0.06381711253
7667	0.06380962866
7668	0.06379292818
7669	0.06378514352
7670	0.06377659588
7671	0.06376735199
7672	0.06376466287
7673	0.06374533059
7674	0.06372848351
7675	0.06371975753
7676	0.06371375421
7677	0.06370044683
7678	0.06368913641
7679	0.06367770237
7680	0.0636636656
7681	0.0636594575
7682	0.06364616104
7683	0.06364070778
7684	0.06363871924
7685	0.06363472745
7686	0.06362954806
7687	0.06362118825
7688	0.0636125907
7689	0.06360999705
7690	0.06359233927
7691	0.06357215239
7692	0.06356376289
7693	0.06355316019
7694	0.06354193946
7695	0.06353522648
7696	0.06352915641
7697	0.06350074517
7698	0.06349570733
7699	0.06348974958
7700	0.06346190952
7701	0.06345536741
7702	0.06344292189
7703	0.06342996004
7704	0.06341926232
7705	0.06341440611
7706	0.06340001918
7707	0.06339131212
7708	0.06338714852
7709	0.06337977197
7710	0.06337399253
7711	0.06337147152
7712	0.06336669914
7713	0.06335757624
7714	0.06333939697
7715	0.06333895478
7716	0.06333762332
7717	0.06332994324
7718	0.06332859628
7719	0.06332753251
7720	0.06332107796
7721	0.06331273556
7722	0.06330747161
7723	0.06330371739
7724	0.06329225221
7725	0.06327435146
7726	0.06325690085
7727	0.06324485967
7728	0.06322014156
7729	0.06321451963
7730	0.06321033153
7731	0.06320251083
7732	0.06319586142
7733	0.06318284114
7734	0.06317687636
7735	0.06315943298
7736	0.06315731636
7737	0.06315680115
7738	0.06315552728
7739	0.06313956526
7740	0.06313268917
7741	0.06313046974
7742	0.06312702525
7743	0.06312230144
7744	0.06310893832
7745	0.06310893335
7746	0.06309383714
7747	0.06308580776
7748	0.06306448844
7749	0.0630490735
7750	0.06303584051
7751	0.06302549824
7752	0.0630142894
7753	0.0630092503
7754	0.06300800225
7755	0.06299944359
7756	0.06297143563
7757	0.06295977567
7758	0.06293339213
7759	0.06292047426
7760	0.06291287556
7761	0.06290540996
7762	0.06288440401
7763	0.06286836107
7764	0.06286691353
7765	0.06286288199
7766	0.06285669655
7767	0.06285326862
7768	0.06285070688
7769	0.06284769072
7770	0.06284248355
7771	0.06283288592
7772	0.06282780636
7773	0.0628265812
7774	0.0628140706
7775	0.06280837769
7776	0.06280338064
7777	0.06279447668
7778	0.06277035765
7779	0.06276637518
7780	0.06275223651
7781	0.06272868971
7782	0.06272156493
7783	0.06271631954
7784	0.06270391539
7785	0.06268700575
7786	0.06268237505
7787	0.06266557598
7788	0.06265294162
7789	0.06264419222
7790	0.06264112108
7791	0.06262960632
7792	0.06262297756
7793	0.06262196666
7794	0.06261450619
7795	0.06261339885
7796	0.06260153297
7797	0.06258658894
7798	0.06257592201
7799	0.06256712683
7800	0.06255137819
7801	0.06254083146
7802	0.06252420446
7803	0.06250978107
7804	0.06249898575
7805	0.06248670015
7806	0.06246136253
7807	0.06245731046
7808	0.06245363612
7809	0.06244772165
7810	0.06243695515
7811	0.06241841586
7812	0.06241214436
7813	0.06241026061
7814	0.06239750218
7815	0.06239200872
7816	0.06238366749
7817	0.0623697459
7818	0.062366874
7819	0.06236565129
7820	0.06235504548
7821	0.06234313833
7822	0.06231882281
7823	0.06231746582
7824	0.06230481799
7825	0.062302508
7826	0.06229754194
7827	0.0622793815
7828	0.06227258432
7829	0.06226265549
7830	0.06225021403
7831	0.06224521134
7832	0.06223291245
7833	0.06222217829
7834	0.06222119946
7835	0.06220586733
7836	0.06218991065
7837	0.0621733613
7838	0.06215868898
7839	0.06214759053
7840	0.06214179305
7841	0.06212870469
7842	0.06212702387
7843	0.06210162028
7844	0.06208351792
7845	0.06205926276
7846	0.0620533864
7847	0.06203448755
7848	0.06201989854
7849	0.06199127169
7850	0.061978851
7851	0.06197339155
7852	0.06196592797
7853	0.06195308016
7854	0.06193905459
7855	0.06192743321
7856	0.06189223693
7857	0.06188783812
7858	0.06187916526
7859	0.06187729187
7860	0.06187124384
7861	0.06186745844
7862	0.06185775331
7863	0.06185259926
7864	0.06184193995
7865	0.0618287292
7866	0.06181978886
7867	0.06181415226
7868	0.06180470477
7869	0.06179956411
7870	0.06179104289
7871	0.06179047331
7872	0.061788574
7873	0.06177881536
7874	0.06177227337
7875	0.0617537272
7876	0.06174955617
7877	0.06174390023
7878	0.06173611685
7879	0.06172804458
7880	0.0617114783
7881	0.06170405554
7882	0.06169713251
7883	0.06169529501
7884	0.06168825515
7885	0.0616859697
7886	0.06168489827
7887	0.06167349691
7888	0.0616706613
7889	0.06166183369
7890	0.06164090672
7891	0.06163631556
7892	0.06163186288
7893	0.06162665285
7894	0.06161138961
7895	0.06159020322
7896	0.06158243685
7897	0.06156982984
7898	0.0615572629
7899	0.06153850635
7900	0.06152248153
7901	0.06151026283
7902	0.0614999926
7903	0.06149161299
7904	0.06149055628
7905	0.0614785406
7906	0.06147104558
7907	0.06146885352
7908	0.06145843825
7909	0.06145637504
7910	0.0614349269
7911	0.06143060032
7912	0.06142951913
7913	0.06141019637
7914	0.06139075382
7915	0.06138114509
7916	0.06137526108
7917	0.06137390371
7918	0.06136400687
7919	0.06135641708
7920	0.06134383814
7921	0.06133626225
7922	0.06131920509
7923	0.06129541291
7924	0.06128968156
7925	0.06128691279
7926	0.06127642235
7927	0.06127094778
7928	0.06126961262
7929	0.06126616484
7930	0.06124280505
7931	0.0612381794
7932	0.06122846598
7933	0.06122279375
7934	0.06121662877
7935	0.06120084529
7936	0.06118868938
7937	0.06117542357
7938	0.0611694121
7939	0.06116236726
7940	0.06112900815
7941	0.061113715
7942	0.06110765169
7943	0.06110314999
7944	0.06108380874
7945	0.06107463601
7946	0.06106745072
7947	0.06106533957
7948	0.061054046
7949	0.0610355448
7950	0.06103197711
7951	0.06102490132
7952	0.06102437004
7953	0.06101583219
7954	0.06100987795
7955	0.06100026583
7956	0.06099557909
7957	0.06099385913
7958	0.06098691407
7959	0.06097702277
7960	0.06096739171
7961	0.06096005238
7962	0.06094793717
7963	0.06094013898
7964	0.06092787091
7965	0.06091818907
7966	0.06090878488
7967	0.06090299468
7968	0.06089294003
7969	0.06088738199
7970	0.06088064569
7971	0.06087355084
7972	0.06086776123
7973	0.06084790266
7974	0.06083359081
7975	0.06082466801
7976	0.06081828222
7977	0.06080728879
7978	0.06078955516
7979	0.06077030508
7980	0.06076743617
7981	0.06075861516
7982	0.06075377452
7983	0.06074141789
7984	0.06073387012
7985	0.06073274754
7986	0.06072856163
7987	0.0607252059
7988	0.06072270667
7989	0.06070735958
7990	0.06069660892
7991	0.06068193453
7992	0.06067537488
7993	0.06067005683
7994	0.06065919105
7995	0.06065241592
7996	0.06064930375
7997	0.06063138391
7998	0.06062007473
7999	0.06059867214
