iter	Passed	Remaining
0	23	188084
1	46	187815
2	64	172770
3	86	173084
4	102	163726
5	117	156957
6	134	153677
7	149	149716
8	164	146469
9	182	146014
10	199	145030
11	215	143547
12	232	142789
13	248	141866
14	263	140092
15	277	138549
16	294	138134
17	309	137215
18	323	135738
19	336	134269
20	352	133858
21	366	132928
22	382	132794
23	399	132831
24	415	132680
25	429	131759
26	444	131385
27	459	130706
28	472	129773
29	485	129088
30	500	128698
31	514	128091
32	527	127270
33	542	127036
34	556	126570
35	569	125954
36	582	125467
37	599	125609
38	617	126005
39	636	126605
40	654	127078
41	672	127379
42	690	127789
43	707	127945
44	724	128113
45	741	128292
46	759	128528
47	775	128435
48	789	128184
49	806	128286
50	822	128247
51	838	128186
52	854	128133
53	868	127870
54	883	127630
55	900	127767
56	915	127616
57	932	127699
58	952	128184
59	970	128430
60	988	128690
61	1006	128817
62	1024	129010
63	1040	129081
64	1057	129039
65	1074	129149
66	1090	129132
67	1105	128983
68	1120	128817
69	1136	128790
70	1155	129019
71	1172	129116
72	1189	129201
73	1206	129270
74	1223	129330
75	1239	129212
76	1256	129264
77	1273	129313
78	1292	129546
79	1309	129639
80	1326	129711
81	1343	129695
82	1358	129617
83	1375	129601
84	1391	129591
85	1406	129424
86	1422	129346
87	1437	129221
88	1456	129464
89	1473	129538
90	1483	128899
91	1499	128920
92	1515	128811
93	1530	128722
94	1547	128750
95	1563	128716
96	1578	128581
97	1591	128309
98	1605	128164
99	1620	128036
100	1636	128011
101	1655	128174
102	1674	128406
103	1692	128480
104	1710	128607
105	1727	128650
106	1746	128801
107	1763	128897
108	1785	129264
109	1813	130043
110	1831	130153
111	1849	130235
112	1865	130186
113	1881	130173
114	1896	130017
115	1909	129766
116	1923	129575
117	1942	129767
118	1959	129750
119	1975	129734
120	1995	129923
121	2012	129932
122	2029	129979
123	2046	129970
124	2061	129885
125	2078	129886
126	2094	129857
127	2113	129977
128	2138	130502
129	2157	130603
130	2176	130720
131	2194	130789
132	2209	130665
133	2223	130531
134	2239	130483
135	2254	130370
136	2271	130385
137	2286	130283
138	2302	130210
139	2317	130127
140	2323	129533
141	2338	129391
142	2354	129346
143	2369	129259
144	2389	129429
145	2406	129460
146	2420	129325
147	2436	129269
148	2452	129208
149	2467	129144
150	2484	129137
151	2501	129150
152	2517	129113
153	2531	128992
154	2549	129020
155	2564	128953
156	2578	128816
157	2594	128785
158	2610	128717
159	2626	128713
160	2645	128807
161	2662	128823
162	2677	128745
163	2695	128771
164	2711	128739
165	2725	128639
166	2743	128673
167	2760	128685
168	2776	128664
169	2793	128667
170	2807	128537
171	2821	128391
172	2834	128258
173	2849	128140
174	2862	127994
175	2876	127874
176	2890	127766
177	2905	127676
178	2922	127701
179	2937	127638
180	2954	127639
181	2973	127722
182	2990	127727
183	3006	127695
184	3021	127654
185	3039	127682
186	3055	127674
187	3073	127721
188	3092	127794
189	3109	127809
190	3124	127746
191	3139	127674
192	3154	127608
193	3170	127573
194	3187	127580
195	3203	127542
196	3219	127513
197	3235	127496
198	3261	127871
199	3277	127825
200	3292	127760
201	3308	127737
202	3323	127649
203	3340	127658
204	3354	127554
205	3371	127576
206	3383	127397
207	3400	127391
208	3416	127342
209	3432	127311
210	3450	127388
211	3467	127386
212	3488	127521
213	3503	127466
214	3523	127569
215	3540	127571
216	3555	127525
217	3572	127539
218	3588	127502
219	3603	127415
220	3620	127429
221	3637	127444
222	3651	127336
223	3666	127267
224	3681	127206
225	3696	127141
226	3710	127068
227	3717	126717
228	3733	126683
229	3746	126579
230	3760	126459
231	3773	126357
232	3789	126336
233	3806	126318
234	3825	126403
235	3841	126376
236	3855	126290
237	3871	126260
238	3889	126307
239	3906	126297
240	3921	126260
241	3936	126194
242	3951	126124
243	3965	126050
244	3980	126008
245	4013	126518
246	4031	126531
247	4050	126624
248	4067	126621
249	4083	126574
250	4099	126555
251	4114	126493
252	4129	126441
253	4144	126392
254	4160	126365
255	4174	126264
256	4188	126202
257	4206	126223
258	4223	126231
259	4230	125938
260	4246	125908
261	4262	125889
262	4279	125884
263	4293	125816
264	4311	125861
265	4328	125861
266	4345	125853
267	4360	125808
268	4367	125520
269	4383	125503
270	4394	125346
271	4409	125294
272	4427	125316
273	4444	125328
274	4462	125350
275	4478	125330
276	4491	125240
277	4506	125183
278	4522	125158
279	4539	125171
280	4556	125155
281	4572	125150
282	4587	125106
283	4605	125131
284	4622	125132
285	4639	125143
286	4654	125091
287	4670	125053
288	4685	125022
289	4702	125028
290	4712	124835
291	4730	124862
292	4747	124881
293	4763	124854
294	4779	124827
295	4793	124771
296	4810	124764
297	4824	124690
298	4839	124646
299	4854	124602
300	4870	124583
301	4901	124938
302	4920	124988
303	4939	125047
304	4960	125142
305	4976	125119
306	4992	125101
307	5007	125069
308	5024	125047
309	5040	125037
310	5056	125008
311	5073	125006
312	5090	125009
313	5106	124997
314	5120	124928
315	5134	124850
316	5149	124814
317	5166	124812
318	5182	124779
319	5197	124729
320	5213	124729
321	5228	124678
322	5245	124666
323	5263	124697
324	5281	124713
325	5298	124729
326	5315	124735
327	5333	124747
328	5351	124776
329	5367	124751
330	5382	124700
331	5398	124674
332	5414	124654
333	5429	124628
334	5438	124444
335	5455	124429
336	5471	124420
337	5486	124368
338	5502	124339
339	5519	124346
340	5533	124295
341	5550	124283
342	5565	124246
343	5580	124189
344	5594	124129
345	5608	124061
346	5622	124010
347	5637	123970
348	5653	123929
349	5668	123894
350	5684	123876
351	5699	123839
352	5714	123791
353	5728	123730
354	5742	123674
355	5758	123642
356	5776	123662
357	5791	123637
358	5808	123630
359	5822	123576
360	5836	123507
361	5850	123451
362	5857	123234
363	5865	123038
364	5883	123075
365	5902	123118
366	5920	123128
367	5937	123138
368	5955	123160
369	5971	123139
370	5983	123041
371	5999	123019
372	6016	123018
373	6031	122991
374	6071	123450
375	6089	123474
376	6106	123481
377	6126	123536
378	6142	123510
379	6170	123738
380	6192	123841
381	6208	123817
382	6223	123771
383	6238	123722
384	6252	123668
385	6269	123671
386	6287	123680
387	6302	123646
388	6318	123630
389	6335	123625
390	6351	123604
391	6368	123598
392	6384	123584
393	6402	123590
394	6418	123571
395	6428	123441
396	6444	123420
397	6461	123421
398	6479	123432
399	6495	123408
400	6510	123379
401	6526	123356
402	6542	123327
403	6568	123509
404	6585	123498
405	6602	123494
406	6620	123508
407	6637	123511
408	6654	123501
409	6671	123503
410	6685	123447
411	6701	123433
412	6717	123404
413	6735	123414
414	6750	123382
415	6766	123355
416	6784	123372
417	6801	123372
418	6818	123366
419	6834	123338
420	6849	123302
421	6863	123256
422	6879	123230
423	6898	123255
424	6913	123231
425	6929	123202
426	6944	123160
427	6957	123091
428	6968	122971
429	6974	122779
430	6991	122772
431	7009	122803
432	7025	122782
433	7042	122766
434	7056	122724
435	7072	122696
436	7089	122687
437	7106	122696
438	7123	122688
439	7141	122696
440	7155	122649
441	7170	122610
442	7188	122622
443	7203	122589
444	7219	122567
445	7237	122584
446	7253	122562
447	7269	122546
448	7286	122541
449	7303	122534
450	7321	122542
451	7339	122558
452	7356	122566
453	7371	122524
454	7387	122506
455	7402	122469
456	7417	122437
457	7433	122407
458	7449	122396
459	7464	122352
460	7478	122296
461	7492	122252
462	7507	122213
463	7523	122193
464	7540	122185
465	7557	122179
466	7574	122187
467	7590	122169
468	7605	122122
469	7619	122072
470	7634	122039
471	7648	121988
472	7664	121963
473	7677	121900
474	7691	121849
475	7706	121815
476	7721	121780
477	7737	121764
478	7749	121685
479	7763	121629
480	7776	121562
481	7791	121533
482	7806	121496
483	7822	121467
484	7840	121487
485	7856	121460
486	7869	121410
487	7884	121367
488	7900	121348
489	7914	121297
490	7928	121255
491	7946	121264
492	7963	121256
493	7980	121252
494	7998	121262
495	8014	121245
496	8031	121244
497	8047	121225
498	8064	121231
499	8081	121221
500	8095	121170
501	8109	121119
502	8124	121087
503	8138	121049
504	8154	121023
505	8169	120986
506	8185	120970
507	8204	121002
508	8224	121041
509	8242	121052
510	8262	121095
511	8283	121139
512	8303	121186
513	8322	121207
514	8340	121222
515	8357	121211
516	8373	121195
517	8389	121182
518	8408	121199
519	8428	121233
520	8447	121264
521	8464	121260
522	8485	121312
523	8505	121348
524	8523	121358
525	8541	121372
526	8560	121387
527	8577	121383
528	8594	121377
529	8613	121402
530	8633	121440
531	8653	121473
532	8671	121477
533	8686	121453
534	8701	121420
535	8718	121410
536	8738	121444
537	8760	121511
538	8779	121524
539	8798	121545
540	8817	121563
541	8834	121562
542	8853	121589
543	8873	121625
544	8892	121635
545	8910	121651
546	8929	121664
547	8947	121673
548	8965	121677
549	8981	121653
550	9000	121681
551	9018	121689
552	9035	121672
553	9053	121682
554	9073	121709
555	9092	121741
556	9114	121794
557	9135	121834
558	9154	121864
559	9172	121858
560	9187	121824
561	9201	121779
562	9215	121736
563	9229	121683
564	9243	121642
565	9260	121630
566	9276	121608
567	9290	121564
568	9304	121517
569	9320	121491
570	9337	121489
571	9353	121468
572	9371	121464
573	9388	121460
574	9403	121431
575	9420	121418
576	9434	121368
577	9449	121333
578	9466	121328
579	9485	121354
580	9502	121337
581	9516	121299
582	9532	121272
583	9549	121262
584	9567	121269
585	9582	121232
586	9595	121179
587	9609	121138
588	9628	121145
589	9644	121128
590	9659	121099
591	9676	121082
592	9690	121046
593	9705	121002
594	9719	120957
595	9734	120935
596	9750	120904
597	9765	120873
598	9780	120841
599	9796	120825
600	9811	120796
601	9829	120794
602	9845	120780
603	9863	120775
604	9877	120736
605	9894	120720
606	9908	120685
607	9925	120678
608	9943	120672
609	9958	120643
610	9974	120623
611	9989	120588
612	10003	120553
613	10017	120508
614	10034	120498
615	10052	120494
616	10068	120478
617	10086	120484
618	10104	120491
619	10118	120447
620	10132	120395
621	10146	120357
622	10160	120305
623	10174	120261
624	10191	120258
625	10208	120251
626	10225	120239
627	10245	120265
628	10263	120272
629	10282	120286
630	10300	120296
631	10316	120273
632	10334	120272
633	10351	120271
634	10373	120310
635	10391	120320
636	10407	120299
637	10421	120258
638	10438	120241
639	10454	120229
640	10472	120233
641	10493	120262
642	10509	120242
643	10526	120233
644	10542	120211
645	10556	120177
646	10570	120133
647	10586	120109
648	10605	120128
649	10625	120149
650	10642	120140
651	10660	120138
652	10675	120106
653	10689	120067
654	10704	120039
655	10721	120028
656	10738	120014
657	10752	119978
658	10767	119941
659	10783	119922
660	10799	119904
661	10814	119869
662	10833	119883
663	10852	119898
664	10868	119885
665	10885	119869
666	10899	119824
667	10913	119790
668	10931	119783
669	10945	119748
670	10960	119719
671	10976	119701
672	10993	119692
673	11008	119657
674	11023	119625
675	11038	119595
676	11055	119582
677	11072	119578
678	11088	119559
679	11103	119521
680	11118	119494
681	11132	119455
682	11149	119446
683	11164	119412
684	11179	119381
685	11194	119350
686	11209	119319
687	11224	119288
688	11241	119279
689	11255	119247
690	11271	119226
691	11286	119188
692	11301	119161
693	11317	119147
694	11334	119131
695	11349	119100
696	11366	119097
697	11384	119097
698	11400	119080
699	11416	119061
700	11430	119015
701	11445	118985
702	11460	118954
703	11477	118948
704	11492	118914
705	11508	118898
706	11526	118897
707	11544	118900
708	11562	118903
709	11582	118929
710	11600	118921
711	11616	118911
712	11632	118882
713	11649	118873
714	11666	118871
715	11684	118868
716	11703	118883
717	11721	118879
718	11736	118851
719	11750	118815
720	11768	118813
721	11786	118808
722	11803	118805
723	11820	118788
724	11837	118786
725	11854	118776
726	11871	118759
727	11885	118728
728	11903	118723
729	11920	118713
730	11938	118719
731	11955	118706
732	11971	118681
733	11984	118635
734	11999	118609
735	12019	118623
736	12039	118643
737	12056	118633
738	12087	118765
739	12112	118836
740	12135	118882
741	12157	118922
742	12179	118963
743	12202	119007
744	12223	119035
745	12242	119042
746	12260	119039
747	12278	119038
748	12298	119058
749	12315	119051
750	12333	119048
751	12348	119020
752	12365	119004
753	12383	119003
754	12400	118993
755	12417	118983
756	12442	119052
757	12458	119033
758	12479	119052
759	12499	119071
760	12519	119087
761	12538	119097
762	12557	119110
763	12574	119100
764	12592	119094
765	12611	119099
766	12627	119079
767	12643	119055
768	12660	119047
769	12678	119044
770	12693	119019
771	12709	118999
772	12726	118980
773	12744	118981
774	12760	118957
775	12776	118940
776	12792	118923
777	12808	118897
778	12827	118902
779	12845	118903
780	12862	118890
781	12877	118859
782	12893	118839
783	12908	118812
784	12925	118800
785	12942	118786
786	12960	118780
787	12977	118772
788	12992	118740
789	13007	118717
790	13023	118691
791	13040	118678
792	13061	118708
793	13083	118739
794	13105	118775
795	13125	118792
796	13144	118793
797	13164	118811
798	13184	118822
799	13203	118827
800	13224	118852
801	13244	118867
802	13268	118922
803	13288	118936
804	13309	118959
805	13331	118992
806	13357	119054
807	13379	119094
808	13396	119079
809	13413	119064
810	13429	119046
811	13446	119030
812	13462	119011
813	13476	118974
814	13491	118941
815	13507	118919
816	13523	118896
817	13539	118876
818	13558	118879
819	13573	118846
820	13588	118822
821	13606	118813
822	13621	118789
823	13637	118768
824	13653	118744
825	13669	118726
826	13687	118715
827	13704	118707
828	13720	118684
829	13735	118658
830	13749	118620
831	13765	118591
832	13780	118568
833	13796	118545
834	13813	118528
835	13828	118505
836	13842	118464
837	13855	118420
838	13870	118385
839	13886	118364
840	13902	118346
841	13919	118333
842	13937	118327
843	13953	118305
844	13970	118293
845	13989	118300
846	14009	118310
847	14026	118295
848	14043	118282
849	14060	118271
850	14077	118263
851	14094	118244
852	14108	118213
853	14123	118179
854	14137	118144
855	14152	118116
856	14168	118096
857	14183	118067
858	14198	118037
859	14218	118048
860	14236	118043
861	14257	118066
862	14276	118069
863	14296	118080
864	14316	118093
865	14336	118099
866	14356	118114
867	14382	118172
868	14400	118173
869	14419	118172
870	14434	118148
871	14454	118154
872	14472	118149
873	14491	118151
874	14511	118161
875	14532	118187
876	14550	118182
877	14570	118189
878	14588	118182
879	14605	118173
880	14623	118167
881	14639	118146
882	14655	118124
883	14672	118110
884	14689	118099
885	14708	118102
886	14726	118093
887	14745	118094
888	14764	118097
889	14781	118088
890	14799	118083
891	14818	118080
892	14847	118167
893	14866	118166
894	14881	118136
895	14897	118118
896	14916	118118
897	14934	118108
898	14952	118104
899	14979	118172
900	15001	118198
901	15021	118206
902	15044	118237
903	15064	118250
904	15090	118303
905	15109	118305
906	15130	118321
907	15149	118326
908	15169	118332
909	15189	118347
910	15210	118359
911	15231	118379
912	15250	118382
913	15268	118375
914	15288	118379
915	15306	118376
916	15325	118373
917	15341	118350
918	15355	118314
919	15370	118288
920	15387	118269
921	15406	118270
922	15424	118265
923	15442	118261
924	15462	118264
925	15478	118247
926	15497	118248
927	15518	118261
928	15536	118256
929	15557	118266
930	15576	118273
931	15595	118270
932	15614	118272
933	15633	118274
934	15651	118266
935	15677	118317
936	15702	118360
937	15724	118382
938	15743	118387
939	15760	118373
940	15778	118361
941	15793	118337
942	15813	118343
943	15833	118348
944	15851	118338
945	15870	118344
946	15887	118328
947	15906	118327
948	15924	118320
949	15945	118332
950	15963	118325
951	15980	118310
952	15996	118285
953	16014	118275
954	16032	118272
955	16052	118274
956	16070	118266
957	16086	118246
958	16103	118232
959	16122	118229
960	16142	118240
961	16162	118244
962	16181	118243
963	16198	118229
964	16217	118228
965	16237	118238
966	16264	118290
967	16284	118297
968	16303	118300
969	16320	118283
970	16340	118287
971	16360	118292
972	16380	118302
973	16402	118320
974	16423	118330
975	16443	118337
976	16463	118341
977	16482	118342
978	16500	118338
979	16518	118328
980	16538	118334
981	16557	118327
982	16577	118333
983	16595	118330
984	16616	118340
985	16637	118349
986	16654	118338
987	16672	118329
988	16691	118328
989	16712	118340
990	16732	118341
991	16752	118347
992	16772	118354
993	16794	118369
994	16816	118388
995	16838	118410
996	16856	118402
997	16875	118398
998	16891	118377
999	16909	118366
1000	16928	118361
1001	16950	118380
1002	16968	118370
1003	16988	118379
1004	17008	118384
1005	17027	118377
1006	17047	118386
1007	17067	118387
1008	17088	118400
1009	17107	118398
1010	17127	118403
1011	17146	118397
1012	17170	118427
1013	17190	118431
1014	17210	118439
1015	17233	118463
1016	17255	118481
1017	17273	118469
1018	17291	118457
1019	17312	118474
1020	17333	118479
1021	17352	118479
1022	17374	118497
1023	17395	118509
1024	17415	118509
1025	17432	118496
1026	17451	118493
1027	17469	118482
1028	17489	118481
1029	17508	118482
1030	17528	118481
1031	17548	118483
1032	17566	118475
1033	17585	118471
1034	17605	118474
1035	17626	118486
1036	17647	118493
1037	17664	118478
1038	17683	118477
1039	17702	118470
1040	17722	118475
1041	17747	118506
1042	17766	118502
1043	17783	118489
1044	17804	118497
1045	17823	118497
1046	17843	118497
1047	17868	118533
1048	17889	118543
1049	17911	118554
1050	17932	118565
1051	17950	118555
1052	17968	118547
1053	17989	118553
1054	18008	118547
1055	18027	118544
1056	18046	118540
1057	18071	118573
1058	18088	118560
1059	18108	118559
1060	18126	118546
1061	18142	118521
1062	18159	118505
1063	18175	118479
1064	18192	118461
1065	18206	118427
1066	18220	118389
1067	18234	118353
1068	18250	118332
1069	18266	118308
1070	18281	118272
1071	18294	118233
1072	18309	118203
1073	18327	118192
1074	18344	118173
1075	18360	118148
1076	18377	118131
1077	18395	118120
1078	18412	118103
1079	18428	118079
1080	18447	118075
1081	18465	118066
1082	18483	118051
1083	18500	118033
1084	18517	118017
1085	18534	117999
1086	18549	117970
1087	18562	117927
1088	18578	117902
1089	18592	117869
1090	18609	117850
1091	18626	117831
1092	18644	117822
1093	18661	117802
1094	18678	117786
1095	18696	117771
1096	18710	117738
1097	18724	117700
1098	18738	117664
1099	18753	117635
1100	18768	117604
1101	18783	117573
1102	18797	117541
1103	18813	117518
1104	18827	117479
1105	18842	117449
1106	18857	117420
1107	18875	117409
1108	18896	117415
1109	18912	117391
1110	18929	117377
1111	18946	117358
1112	18960	117325
1113	18979	117318
1114	18997	117306
1115	19012	117280
1116	19026	117245
1117	19044	117234
1118	19063	117223
1119	19083	117227
1120	19105	117239
1121	19122	117220
1122	19138	117197
1123	19157	117197
1124	19192	117285
1125	19214	117301
1126	19238	117328
1127	19260	117340
1128	19281	117342
1129	19299	117336
1130	19321	117343
1131	19339	117338
1132	19360	117341
1133	19380	117340
1134	19400	117345
1135	19422	117357
1136	19443	117360
1137	19461	117352
1138	19481	117348
1139	19501	117352
1140	19522	117358
1141	19543	117364
1142	19563	117361
1143	19586	117380
1144	19607	117389
1145	19628	117396
1146	19650	117403
1147	19666	117380
1148	19683	117366
1149	19705	117376
1150	19725	117376
1151	19745	117377
1152	19763	117363
1153	19781	117352
1154	19801	117351
1155	19825	117374
1156	19846	117382
1157	19865	117372
1158	19885	117373
1159	19903	117363
1160	19925	117372
1161	19945	117375
1162	19965	117373
1163	19982	117354
1164	20001	117347
1165	20023	117360
1166	20044	117362
1167	20062	117353
1168	20082	117350
1169	20104	117362
1170	20124	117360
1171	20146	117372
1172	20166	117371
1173	20184	117359
1174	20203	117350
1175	20224	117354
1176	20242	117347
1177	20262	117345
1178	20281	117337
1179	20300	117328
1180	20318	117319
1181	20335	117300
1182	20354	117290
1183	20371	117274
1184	20388	117255
1185	20407	117249
1186	20426	117242
1187	20447	117246
1188	20465	117231
1189	20482	117212
1190	20501	117210
1191	20520	117198
1192	20545	117230
1193	20573	117270
1194	20594	117274
1195	20612	117262
1196	20632	117261
1197	20651	117254
1198	20673	117266
1199	20690	117246
1200	20705	117218
1201	20721	117189
1202	20737	117170
1203	20756	117160
1204	20773	117141
1205	20789	117116
1206	20806	117098
1207	20823	117078
1208	20842	117074
1209	20858	117046
1210	20877	117041
1211	20892	117013
1212	20909	116995
1213	20929	116992
1214	20946	116970
1215	20961	116941
1216	20977	116917
1217	20995	116903
1218	21012	116888
1219	21028	116863
1220	21044	116838
1221	21060	116814
1222	21078	116801
1223	21095	116783
1224	21112	116767
1225	21127	116738
1226	21142	116704
1227	21155	116668
1228	21171	116643
1229	21188	116620
1230	21205	116602
1231	21220	116575
1232	21237	116558
1233	21251	116523
1234	21266	116489
1235	21281	116464
1236	21298	116442
1237	21317	116438
1238	21333	116410
1239	21348	116386
1240	21366	116370
1241	21382	116349
1242	21398	116325
1243	21412	116288
1244	21426	116254
1245	21442	116228
1246	21456	116194
1247	21474	116181
1248	21489	116153
1249	21503	116118
1250	21520	116099
1251	21536	116075
1252	21551	116048
1253	21566	116016
1254	21584	116004
1255	21602	115991
1256	21618	115970
1257	21633	115942
1258	21651	115928
1259	21670	115919
1260	21688	115908
1261	21707	115898
1262	21722	115870
1263	21740	115856
1264	21758	115843
1265	21773	115818
1266	21791	115800
1267	21808	115782
1268	21823	115753
1269	21840	115735
1270	21857	115718
1271	21871	115686
1272	21889	115671
1273	21905	115649
1274	21920	115621
1275	21938	115607
1276	21953	115578
1277	21969	115553
1278	21984	115524
1279	22000	115500
1280	22017	115484
1281	22040	115495
1282	22058	115483
1283	22074	115461
1284	22094	115458
1285	22110	115437
1286	22128	115420
1287	22147	115417
1288	22165	115402
1289	22180	115375
1290	22197	115353
1291	22216	115345
1292	22237	115346
1293	22252	115323
1294	22270	115306
1295	22286	115285
1296	22303	115268
1297	22322	115256
1298	22337	115230
1299	22354	115212
1300	22371	115193
1301	22387	115169
1302	22406	115160
1303	22424	115149
1304	22441	115128
1305	22458	115111
1306	22473	115082
1307	22488	115055
1308	22503	115025
1309	22517	114994
1310	22532	114965
1311	22546	114930
1312	22564	114918
1313	22581	114900
1314	22598	114884
1315	22614	114860
1316	22632	114848
1317	22648	114823
1318	22664	114800
1319	22681	114780
1320	22697	114759
1321	22713	114736
1322	22730	114719
1323	22748	114702
1324	22765	114685
1325	22782	114669
1326	22801	114658
1327	22819	114644
1328	22836	114629
1329	22853	114609
1330	22868	114584
1331	22884	114559
1332	22900	114535
1333	22918	114523
1334	22935	114505
1335	22953	114492
1336	22972	114483
1337	22990	114471
1338	23006	114446
1339	23023	114430
1340	23040	114414
1341	23057	114395
1342	23074	114373
1343	23089	114349
1344	23107	114334
1345	23123	114312
1346	23138	114285
1347	23154	114261
1348	23171	114242
1349	23188	114224
1350	23204	114203
1351	23222	114189
1352	23238	114168
1353	23256	114152
1354	23272	114128
1355	23288	114108
1356	23305	114087
1357	23321	114063
1358	23340	114057
1359	23360	114054
1360	23378	114041
1361	23395	114024
1362	23411	114000
1363	23429	113987
1364	23446	113970
1365	23460	113938
1366	23478	113921
1367	23495	113905
1368	23510	113878
1369	23524	113845
1370	23539	113817
1371	23556	113798
1372	23573	113781
1373	23592	113771
1374	23609	113756
1375	23626	113737
1376	23646	113731
1377	23662	113710
1378	23677	113681
1379	23693	113659
1380	23708	113630
1381	23724	113609
1382	23742	113597
1383	23759	113576
1384	23775	113558
1385	23794	113549
1386	23812	113533
1387	23829	113518
1388	23846	113498
1389	23861	113471
1390	23878	113454
1391	23894	113432
1392	23912	113417
1393	23931	113410
1394	23947	113386
1395	23964	113369
1396	23982	113352
1397	23998	113333
1398	24016	113318
1399	24034	113304
1400	24050	113281
1401	24069	113273
1402	24085	113251
1403	24100	113225
1404	24115	113195
1405	24131	113174
1406	24148	113154
1407	24167	113148
1408	24184	113131
1409	24203	113123
1410	24219	113100
1411	24238	113087
1412	24253	113064
1413	24269	113041
1414	24286	113022
1415	24301	112994
1416	24315	112965
1417	24332	112946
1418	24350	112930
1419	24368	112919
1420	24385	112901
1421	24403	112887
1422	24420	112869
1423	24439	112860
1424	24457	112848
1425	24472	112821
1426	24487	112795
1427	24503	112771
1428	24521	112758
1429	24536	112731
1430	24553	112714
1431	24570	112696
1432	24588	112681
1433	24604	112660
1434	24618	112628
1435	24632	112597
1436	24647	112569
1437	24661	112538
1438	24677	112515
1439	24690	112479
1440	24707	112462
1441	24724	112441
1442	24738	112410
1443	24753	112385
1444	24771	112373
1445	24789	112360
1446	24806	112339
1447	24823	112322
1448	24840	112305
1449	24854	112274
1450	24869	112246
1451	24884	112221
1452	24899	112194
1453	24916	112174
1454	24935	112165
1455	24954	112156
1456	24969	112129
1457	24986	112113
1458	25001	112088
1459	25040	112166
1460	25061	112168
1461	25080	112159
1462	25096	112135
1463	25111	112108
1464	25125	112077
1465	25139	112048
1466	25154	112018
1467	25169	111993
1468	25185	111972
1469	25201	111949
1470	25217	111927
1471	25232	111901
1472	25248	111879
1473	25265	111860
1474	25281	111840
1475	25299	111824
1476	25315	111803
1477	25331	111781
1478	25345	111747
1479	25359	111720
1480	25373	111689
1481	25390	111671
1482	25407	111651
1483	25422	111626
1484	25438	111602
1485	25456	111591
1486	25471	111564
1487	25485	111531
1488	25501	111512
1489	25518	111492
1490	25536	111481
1491	25552	111457
1492	25568	111436
1493	25586	111421
1494	25604	111411
1495	25621	111393
1496	25639	111379
1497	25654	111352
1498	25671	111334
1499	25687	111310
1500	25704	111295
1501	25718	111265
1502	25732	111232
1503	25747	111208
1504	25763	111183
1505	25779	111164
1506	25798	111155
1507	25817	111145
1508	25835	111132
1509	25853	111120
1510	25871	111105
1511	25889	111093
1512	25909	111088
1513	25926	111070
1514	25942	111049
1515	25959	111030
1516	25978	111019
1517	25997	111013
1518	26013	110989
1519	26029	110967
1520	26044	110940
1521	26059	110916
1522	26074	110890
1523	26090	110868
1524	26107	110849
1525	26123	110827
1526	26142	110819
1527	26160	110804
1528	26176	110783
1529	26192	110763
1530	26208	110741
1531	26224	110718
1532	26241	110700
1533	26257	110677
1534	26272	110651
1535	26287	110624
1536	26306	110615
1537	26322	110596
1538	26340	110580
1539	26356	110559
1540	26371	110535
1541	26390	110526
1542	26408	110512
1543	26426	110497
1544	26441	110470
1545	26459	110457
1546	26476	110443
1547	26492	110420
1548	26510	110407
1549	26526	110382
1550	26544	110371
1551	26559	110346
1552	26575	110325
1553	26593	110311
1554	26610	110293
1555	26629	110283
1556	26645	110259
1557	26662	110245
1558	26678	110220
1559	26694	110200
1560	26710	110178
1561	26725	110154
1562	26743	110137
1563	26759	110115
1564	26774	110091
1565	26788	110062
1566	26803	110036
1567	26818	110009
1568	26834	109989
1569	26853	109980
1570	26870	109962
1571	26887	109944
1572	26904	109925
1573	26918	109897
1574	26933	109870
1575	26949	109851
1576	26967	109834
1577	26985	109823
1578	27003	109810
1579	27018	109782
1580	27032	109753
1581	27051	109743
1582	27069	109732
1583	27087	109718
1584	27105	109706
1585	27121	109684
1586	27140	109674
1587	27158	109659
1588	27175	109643
1589	27193	109629
1590	27210	109612
1591	27224	109580
1592	27240	109560
1593	27258	109547
1594	27278	109541
1595	27293	109517
1596	27309	109494
1597	27324	109470
1598	27341	109449
1599	27359	109437
1600	27378	109427
1601	27394	109406
1602	27411	109391
1603	27427	109366
1604	27443	109345
1605	27459	109325
1606	27478	109316
1607	27495	109298
1608	27511	109278
1609	27528	109258
1610	27543	109233
1611	27557	109202
1612	27572	109179
1613	27588	109157
1614	27604	109136
1615	27620	109116
1616	27635	109090
1617	27650	109064
1618	27665	109038
1619	27682	109021
1620	27701	109011
1621	27719	108996
1622	27736	108979
1623	27755	108970
1624	27771	108951
1625	27791	108942
1626	27807	108923
1627	27822	108897
1628	27836	108866
1629	27851	108841
1630	27865	108815
1631	27881	108791
1632	27899	108777
1633	27916	108760
1634	27934	108748
1635	27952	108732
1636	27970	108719
1637	27987	108701
1638	28001	108675
1639	28016	108649
1640	28031	108625
1641	28045	108595
1642	28059	108565
1643	28074	108539
1644	28088	108511
1645	28103	108487
1646	28119	108465
1647	28133	108437
1648	28148	108410
1649	28162	108384
1650	28179	108364
1651	28197	108353
1652	28213	108330
1653	28231	108318
1654	28251	108309
1655	28269	108298
1656	28285	108275
1657	28303	108262
1658	28319	108243
1659	28334	108217
1660	28350	108196
1661	28366	108175
1662	28384	108161
1663	28400	108140
1664	28417	108124
1665	28433	108102
1666	28449	108079
1667	28464	108054
1668	28478	108026
1669	28493	108003
1670	28507	107974
1671	28526	107963
1672	28541	107938
1673	28554	107907
1674	28570	107887
1675	28587	107868
1676	28603	107846
1677	28619	107825
1678	28633	107798
1679	28648	107773
1680	28668	107765
1681	28685	107748
1682	28699	107721
1683	28715	107699
1684	28730	107675
1685	28745	107651
1686	28762	107633
1687	28782	107626
1688	28799	107609
1689	28816	107594
1690	28832	107571
1691	28846	107545
1692	28862	107523
1693	28877	107499
1694	28896	107489
1695	28914	107475
1696	28929	107449
1697	28944	107427
1698	28959	107401
1699	28974	107374
1700	28989	107352
1701	29006	107334
1702	29021	107310
1703	29036	107285
1704	29053	107266
1705	29069	107246
1706	29086	107229
1707	29103	107211
1708	29120	107195
1709	29135	107172
1710	29153	107156
1711	29172	107146
1712	29189	107131
1713	29207	107116
1714	29226	107105
1715	29245	107096
1716	29262	107079
1717	29280	107067
1718	29296	107045
1719	29314	107032
1720	29330	107012
1721	29345	106987
1722	29363	106974
1723	29379	106950
1724	29395	106931
1725	29413	106919
1726	29430	106902
1727	29445	106876
1728	29461	106856
1729	29479	106840
1730	29496	106826
1731	29513	106808
1732	29531	106793
1733	29550	106784
1734	29568	106769
1735	29582	106742
1736	29598	106721
1737	29615	106703
1738	29630	106679
1739	29646	106660
1740	29665	106648
1741	29682	106630
1742	29698	106612
1743	29714	106589
1744	29728	106562
1745	29742	106535
1746	29758	106514
1747	29773	106490
1748	29789	106469
1749	29805	106448
1750	29820	106423
1751	29834	106396
1752	29848	106367
1753	29863	106343
1754	29879	106323
1755	29896	106305
1756	29911	106282
1757	29928	106265
1758	29943	106241
1759	29961	106226
1760	29978	106209
1761	29996	106196
1762	30015	106186
1763	30034	106176
1764	30050	106156
1765	30066	106134
1766	30086	106128
1767	30104	106114
1768	30120	106093
1769	30139	106083
1770	30154	106059
1771	30170	106038
1772	30185	106014
1773	30201	105995
1774	30219	105982
1775	30237	105967
1776	30253	105946
1777	30268	105923
1778	30284	105901
1779	30301	105886
1780	30318	105866
1781	30335	105850
1782	30351	105831
1783	30371	105821
1784	30386	105800
1785	30401	105775
1786	30417	105755
1787	30432	105729
1788	30452	105724
1789	30467	105700
1790	30482	105674
1791	30497	105652
1792	30513	105630
1793	30532	105622
1794	30548	105600
1795	30564	105580
1796	30582	105565
1797	30597	105542
1798	30613	105521
1799	30628	105499
1800	30644	105478
1801	30662	105462
1802	30680	105449
1803	30696	105431
1804	30715	105420
1805	30732	105402
1806	30749	105386
1807	30767	105371
1808	30782	105347
1809	30797	105325
1810	30816	105312
1811	30834	105300
1812	30851	105282
1813	30871	105274
1814	30889	105263
1815	30905	105242
1816	30920	105216
1817	30935	105195
1818	30956	105190
1819	30972	105168
1820	30987	105146
1821	31001	105119
1822	31019	105104
1823	31034	105082
1824	31051	105064
1825	31070	105053
1826	31087	105037
1827	31104	105020
1828	31123	105010
1829	31141	104994
1830	31160	104985
1831	31177	104969
1832	31195	104954
1833	31210	104932
1834	31227	104914
1835	31243	104894
1836	31258	104870
1837	31275	104853
1838	31290	104827
1839	31304	104803
1840	31322	104788
1841	31337	104764
1842	31355	104749
1843	31369	104725
1844	31386	104706
1845	31400	104681
1846	31416	104659
1847	31430	104631
1848	31446	104611
1849	31464	104598
1850	31481	104582
1851	31498	104562
1852	31512	104536
1853	31528	104517
1854	31545	104498
1855	31562	104482
1856	31577	104459
1857	31592	104434
1858	31610	104421
1859	31626	104402
1860	31643	104383
1861	31656	104354
1862	31670	104328
1863	31686	104308
1864	31703	104289
1865	31718	104267
1866	31733	104244
1867	31748	104219
1868	31762	104192
1869	31778	104173
1870	31795	104154
1871	31814	104143
1872	31832	104129
1873	31849	104114
1874	31868	104105
1875	31898	104128
1876	31920	104127
1877	31936	104107
1878	31951	104085
1879	31968	104067
1880	31985	104052
1881	32003	104036
1882	32021	104023
1883	32038	104005
1884	32056	103992
1885	32073	103975
1886	32091	103960
1887	32107	103940
1888	32122	103917
1889	32139	103899
1890	32157	103888
1891	32177	103879
1892	32195	103866
1893	32215	103859
1894	32233	103844
1895	32251	103829
1896	32267	103809
1897	32282	103785
1898	32297	103763
1899	32313	103742
1900	32327	103717
1901	32343	103696
1902	32358	103674
1903	32375	103657
1904	32394	103644
1905	32411	103627
1906	32429	103616
1907	32445	103594
1908	32463	103579
1909	32480	103563
1910	32500	103555
1911	32518	103541
1912	32532	103516
1913	32548	103495
1914	32565	103479
1915	32580	103456
1916	32596	103435
1917	32610	103409
1918	32643	103442
1919	32661	103428
1920	32679	103412
1921	32696	103398
1922	32715	103385
1923	32730	103361
1924	32745	103341
1925	32763	103324
1926	32777	103300
1927	32793	103277
1928	32809	103260
1929	32825	103239
1930	32840	103214
1931	32857	103199
1932	32874	103182
1933	32893	103169
1934	32908	103146
1935	32924	103126
1936	32942	103113
1937	32961	103102
1938	32977	103081
1939	32995	103067
1940	33011	103047
1941	33029	103033
1942	33045	103015
1943	33062	102997
1944	33078	102976
1945	33095	102961
1946	33113	102947
1947	33131	102931
1948	33149	102918
1949	33164	102895
1950	33179	102872
1951	33197	102858
1952	33214	102840
1953	33231	102824
1954	33250	102813
1955	33266	102794
1956	33282	102771
1957	33300	102757
1958	33318	102744
1959	33335	102727
1960	33352	102709
1961	33368	102691
1962	33386	102677
1963	33403	102659
1964	33420	102643
1965	33437	102626
1966	33457	102617
1967	33475	102603
1968	33491	102583
1969	33509	102570
1970	33526	102551
1971	33543	102535
1972	33560	102517
1973	33576	102497
1974	33590	102471
1975	33608	102457
1976	33627	102446
1977	33644	102430
1978	33662	102415
1979	33677	102392
1980	33693	102372
1981	33711	102358
1982	33728	102340
1983	33744	102323
1984	33763	102311
1985	33779	102289
1986	33797	102276
1987	33814	102258
1988	33829	102238
1989	33844	102214
1990	33863	102203
1991	33880	102186
1992	33900	102179
1993	33919	102167
1994	33935	102147
1995	33954	102134
1996	33969	102113
1997	33985	102093
1998	34002	102076
1999	34017	102051
2000	34031	102027
2001	34047	102007
2002	34065	101992
2003	34080	101968
2004	34095	101946
2005	34114	101935
2006	34130	101916
2007	34148	101899
2008	34162	101874
2009	34176	101850
2010	34193	101832
2011	34208	101809
2012	34222	101784
2013	34237	101759
2014	34255	101746
2015	34274	101735
2016	34290	101715
2017	34307	101697
2018	34321	101671
2019	34335	101645
2020	34349	101620
2021	34366	101604
2022	34382	101584
2023	34401	101572
2024	34418	101556
2025	34434	101537
2026	34451	101517
2027	34470	101507
2028	34488	101494
2029	34507	101482
2030	34522	101460
2031	34538	101439
2032	34553	101418
2033	34570	101401
2034	34586	101379
2035	34602	101360
2036	34619	101342
2037	34637	101329
2038	34654	101311
2039	34669	101290
2040	34688	101276
2041	34704	101259
2042	34722	101243
2043	34741	101233
2044	34759	101218
2045	34777	101204
2046	34796	101193
2047	34814	101178
2048	34832	101165
2049	34850	101152
2050	34870	101141
2051	34887	101126
2052	34903	101107
2053	34919	101085
2054	34937	101071
2055	34953	101052
2056	34968	101030
2057	34984	101009
2058	34999	100986
2059	35015	100967
2060	35033	100954
2061	35052	100942
2062	35068	100920
2063	35083	100899
2064	35099	100880
2065	35117	100864
2066	35133	100846
2067	35151	100831
2068	35169	100816
2069	35184	100794
2070	35201	100778
2071	35241	100825
2072	35260	100814
2073	35277	100798
2074	35292	100774
2075	35310	100761
2076	35327	100743
2077	35345	100728
2078	35362	100711
2079	35376	100688
2080	35395	100674
2081	35413	100660
2082	35431	100647
2083	35449	100633
2084	35469	100624
2085	35485	100604
2086	35503	100591
2087	35519	100570
2088	35533	100544
2089	35562	100561
2090	35578	100542
2091	35594	100521
2092	35611	100503
2093	35627	100485
2094	35644	100468
2095	35663	100457
2096	35680	100439
2097	35696	100419
2098	35715	100408
2099	35731	100389
2100	35748	100370
2101	35765	100355
2102	35783	100338
2103	35800	100324
2104	35819	100311
2105	35835	100293
2106	35851	100271
2107	35866	100250
2108	35884	100233
2109	35899	100211
2110	35916	100194
2111	35930	100170
2112	35947	100151
2113	35965	100139
2114	35981	100117
2115	35995	100094
2116	36011	100074
2117	36026	100051
2118	36040	100026
2119	36057	100007
2120	36073	99988
2121	36089	99970
2122	36108	99958
2123	36125	99940
2124	36146	99934
2125	36161	99913
2126	36182	99905
2127	36199	99889
2128	36217	99873
2129	36231	99849
2130	36249	99834
2131	36266	99818
2132	36281	99795
2133	36298	99779
2134	36315	99762
2135	36334	99750
2136	36352	99736
2137	36370	99722
2138	36389	99708
2139	36404	99687
2140	36421	99669
2141	36437	99650
2142	36453	99631
2143	36470	99613
2144	36485	99589
2145	36500	99567
2146	36518	99553
2147	36534	99533
2148	36552	99521
2149	36571	99508
2150	36589	99495
2151	36608	99483
2152	36626	99468
2153	36643	99451
2154	36661	99436
2155	36678	99419
2156	36696	99404
2157	36711	99383
2158	36727	99363
2159	36746	99351
2160	36760	99326
2161	36774	99301
2162	36790	99280
2163	36806	99261
2164	36825	99251
2165	36845	99240
2166	36860	99219
2167	36875	99197
2168	36891	99177
2169	36905	99152
2170	36920	99129
2171	36935	99107
2172	36952	99090
2173	36967	99068
2174	36982	99044
2175	36997	99023
2176	37014	99006
2177	37030	98985
2178	37046	98965
2179	37059	98938
2180	37075	98920
2181	37093	98905
2182	37109	98886
2183	37126	98867
2184	37142	98849
2185	37158	98828
2186	37175	98812
2187	37194	98800
2188	37211	98783
2189	37228	98765
2190	37247	98753
2191	37264	98736
2192	37279	98714
2193	37293	98689
2194	37308	98668
2195	37324	98646
2196	37341	98630
2197	37358	98614
2198	37376	98598
2199	37392	98579
2200	37408	98560
2201	37424	98541
2202	37443	98529
2203	37458	98506
2204	37473	98484
2205	37490	98468
2206	37504	98443
2207	37519	98419
2208	37536	98403
2209	37554	98388
2210	37570	98370
2211	37587	98352
2212	37602	98329
2213	37616	98306
2214	37633	98289
2215	37650	98271
2216	37665	98250
2217	37680	98227
2218	37695	98206
2219	37712	98188
2220	37726	98162
2221	37743	98146
2222	37760	98130
2223	37778	98114
2224	37793	98093
2225	37810	98076
2226	37825	98054
2227	37842	98036
2228	37856	98011
2229	37870	97987
2230	37885	97966
2231	37901	97945
2232	37917	97927
2233	37932	97904
2234	37948	97884
2235	37965	97869
2236	37983	97853
2237	38000	97836
2238	38017	97818
2239	38033	97799
2240	38049	97781
2241	38064	97759
2242	38079	97736
2243	38099	97728
2244	38116	97711
2245	38135	97698
2246	38150	97676
2247	38165	97654
2248	38180	97633
2249	38197	97617
2250	38213	97597
2251	38231	97581
2252	38247	97561
2253	38262	97541
2254	38276	97516
2255	38292	97495
2256	38307	97474
2257	38322	97452
2258	38337	97429
2259	38353	97410
2260	38370	97393
2261	38386	97373
2262	38402	97356
2263	38421	97343
2264	38441	97333
2265	38456	97312
2266	38475	97300
2267	38491	97280
2268	38506	97258
2269	38521	97236
2270	38536	97216
2271	38553	97198
2272	38568	97176
2273	38583	97154
2274	38597	97130
2275	38611	97105
2276	38625	97081
2277	38641	97061
2278	38658	97043
2279	38674	97024
2280	38689	97003
2281	38707	96988
2282	38723	96970
2283	38741	96955
2284	38760	96943
2285	38776	96924
2286	38793	96906
2287	38809	96886
2288	38828	96876
2289	38847	96864
2290	38863	96844
2291	38881	96829
2292	38896	96809
2293	38911	96785
2294	38928	96768
2295	38945	96753
2296	38963	96737
2297	38981	96724
2298	39000	96712
2299	39016	96693
2300	39031	96671
2301	39047	96652
2302	39066	96639
2303	39081	96617
2304	39097	96599
2305	39113	96580
2306	39131	96564
2307	39146	96543
2308	39163	96527
2309	39178	96504
2310	39194	96485
2311	39211	96468
2312	39227	96449
2313	39244	96431
2314	39259	96411
2315	39276	96392
2316	39294	96378
2317	39311	96362
2318	39331	96352
2319	39346	96330
2320	39362	96311
2321	39377	96288
2322	39393	96270
2323	39410	96252
2324	39426	96235
2325	39442	96214
2326	39458	96196
2327	39474	96177
2328	39489	96155
2329	39505	96135
2330	39522	96118
2331	39539	96101
2332	39554	96080
2333	39571	96064
2334	39589	96049
2335	39607	96033
2336	39621	96009
2337	39637	95990
2338	39652	95969
2339	39667	95947
2340	39682	95926
2341	39699	95910
2342	39717	95895
2343	39736	95882
2344	39753	95865
2345	39771	95852
2346	39790	95840
2347	39807	95823
2348	39822	95801
2349	39840	95786
2350	39857	95769
2351	39874	95752
2352	39889	95732
2353	39906	95714
2354	39922	95695
2355	39941	95682
2356	39959	95668
2357	39977	95653
2358	39993	95635
2359	40010	95618
2360	40030	95608
2361	40047	95592
2362	40067	95582
2363	40083	95561
2364	40099	95544
2365	40117	95529
2366	40136	95516
2367	40152	95497
2368	40168	95479
2369	40187	95466
2370	40204	95448
2371	40224	95440
2372	40241	95422
2373	40257	95402
2374	40275	95389
2375	40291	95369
2376	40308	95352
2377	40324	95333
2378	40340	95314
2379	40357	95296
2380	40371	95274
2381	40388	95256
2382	40404	95238
2383	40422	95222
2384	40439	95207
2385	40456	95190
2386	40472	95171
2387	40488	95150
2388	40504	95132
2389	40522	95116
2390	40538	95098
2391	40556	95083
2392	40571	95061
2393	40586	95040
2394	40604	95026
2395	40621	95010
2396	40639	94995
2397	40656	94977
2398	40675	94965
2399	40693	94951
2400	40709	94933
2401	40725	94912
2402	40741	94894
2403	40756	94871
2404	40772	94853
2405	40790	94838
2406	40805	94816
2407	40819	94794
2408	40835	94773
2409	40850	94753
2410	40865	94731
2411	40880	94710
2412	40898	94695
2413	40915	94678
2414	40931	94658
2415	40948	94643
2416	40965	94626
2417	40981	94606
2418	40996	94584
2419	41010	94562
2420	41025	94540
2421	41041	94520
2422	41057	94500
2423	41073	94482
2424	41090	94465
2425	41108	94450
2426	41125	94435
2427	41143	94418
2428	41157	94396
2429	41171	94373
2430	41188	94355
2431	41203	94333
2432	41219	94315
2433	41236	94299
2434	41253	94281
2435	41270	94265
2436	41287	94248
2437	41302	94225
2438	41318	94207
2439	41335	94190
2440	41350	94168
2441	41364	94145
2442	41383	94133
2443	41399	94113
2444	41414	94092
2445	41429	94071
2446	41456	94078
2447	41472	94057
2448	41488	94038
2449	41503	94017
2450	41519	93999
2451	41535	93980
2452	41552	93964
2453	41569	93945
2454	41584	93925
2455	41600	93905
2456	41615	93884
2457	41632	93868
2458	41651	93854
2459	41669	93840
2460	41686	93823
2461	41705	93812
2462	41720	93791
2463	41735	93768
2464	41751	93750
2465	41767	93730
2466	41785	93716
2467	41803	93702
2468	41820	93686
2469	41835	93663
2470	41850	93643
2471	41867	93625
2472	41881	93603
2473	41900	93590
2474	41917	93574
2475	41933	93553
2476	41948	93532
2477	41963	93512
2478	41978	93489
2479	41995	93472
2480	42011	93454
2481	42028	93438
2482	42047	93424
2483	42065	93410
2484	42082	93393
2485	42096	93371
2486	42111	93350
2487	42127	93330
2488	42141	93306
2489	42156	93286
2490	42173	93268
2491	42188	93248
2492	42204	93228
2493	42218	93206
2494	42233	93184
2495	42247	93161
2496	42264	93144
2497	42281	93126
2498	42294	93102
2499	42311	93084
2500	42326	93064
2501	42342	93045
2502	42358	93026
2503	42377	93013
2504	42392	92992
2505	42406	92969
2506	42422	92951
2507	42440	92935
2508	42454	92912
2509	42468	92888
2510	42482	92865
2511	42498	92847
2512	42513	92824
2513	42530	92808
2514	42544	92786
2515	42560	92767
2516	42575	92746
2517	42589	92723
2518	42606	92705
2519	42621	92685
2520	42636	92664
2521	42653	92646
2522	42669	92627
2523	42684	92607
2524	42700	92588
2525	42714	92564
2526	42729	92543
2527	42747	92528
2528	42765	92515
2529	42782	92498
2530	42798	92480
2531	42815	92463
2532	42833	92448
2533	42851	92433
2534	42866	92413
2535	42884	92397
2536	42901	92380
2537	42919	92366
2538	42935	92347
2539	42951	92329
2540	42971	92317
2541	42988	92302
2542	43006	92287
2543	43022	92267
2544	43038	92248
2545	43053	92229
2546	43070	92211
2547	43084	92188
2548	43100	92170
2549	43116	92150
2550	43132	92132
2551	43147	92111
2552	43164	92094
2553	43181	92077
2554	43196	92057
2555	43215	92043
2556	43229	92021
2557	43246	92005
2558	43265	91991
2559	43282	91975
2560	43300	91960
2561	43315	91939
2562	43329	91916
2563	43343	91894
2564	43361	91878
2565	43376	91858
2566	43393	91841
2567	43411	91827
2568	43426	91805
2569	43441	91785
2570	43457	91767
2571	43473	91746
2572	43489	91728
2573	43506	91712
2574	43525	91699
2575	43541	91680
2576	43558	91663
2577	43573	91643
2578	43587	91620
2579	43603	91601
2580	43619	91583
2581	43638	91570
2582	43655	91553
2583	43672	91536
2584	43691	91524
2585	43708	91507
2586	43725	91491
2587	43741	91472
2588	43760	91458
2589	43781	91450
2590	43798	91435
2591	43815	91418
2592	43833	91402
2593	43850	91385
2594	43867	91369
2595	43882	91348
2596	43900	91333
2597	43919	91322
2598	43936	91304
2599	43953	91287
2600	43971	91273
2601	43987	91255
2602	44003	91235
2603	44017	91212
2604	44035	91197
2605	44055	91187
2606	44071	91169
2607	44089	91155
2608	44108	91141
2609	44125	91125
2610	44141	91107
2611	44167	91108
2612	44187	91096
2613	44205	91081
2614	44226	91075
2615	44249	91070
2616	44269	91060
2617	44287	91045
2618	44307	91033
2619	44325	91019
2620	44341	91000
2621	44356	90978
2622	44372	90960
2623	44389	90944
2624	44407	90929
2625	44424	90913
2626	44445	90904
2627	44464	90892
2628	44482	90877
2629	44503	90867
2630	44520	90852
2631	44542	90844
2632	44565	90840
2633	44589	90837
2634	44605	90818
2635	44619	90795
2636	44633	90773
2637	44649	90755
2638	44667	90739
2639	44684	90722
2640	44702	90708
2641	44719	90691
2642	44735	90671
2643	44749	90650
2644	44765	90631
2645	44780	90609
2646	44797	90592
2647	44811	90571
2648	44826	90549
2649	44842	90531
2650	44860	90516
2651	44879	90504
2652	44896	90486
2653	44912	90467
2654	44927	90447
2655	44943	90428
2656	44958	90407
2657	44974	90388
2658	44990	90370
2659	45006	90350
2660	45022	90333
2661	45037	90312
2662	45052	90291
2663	45067	90270
2664	45083	90250
2665	45099	90233
2666	45116	90216
2667	45131	90195
2668	45148	90179
2669	45166	90164
2670	45184	90148
2671	45205	90139
2672	45224	90127
2673	45241	90109
2674	45257	90091
2675	45277	90080
2676	45299	90074
2677	45316	90058
2678	45341	90056
2679	45362	90047
2680	45376	90026
2681	45392	90007
2682	45406	89984
2683	45423	89967
2684	45441	89951
2685	45457	89933
2686	45472	89913
2687	45489	89896
2688	45508	89882
2689	45524	89865
2690	45542	89849
2691	45557	89828
2692	45571	89805
2693	45588	89788
2694	45606	89774
2695	45625	89761
2696	45641	89743
2697	45658	89725
2698	45673	89706
2699	45689	89686
2700	45706	89669
2701	45721	89649
2702	45739	89633
2703	45754	89614
2704	45771	89596
2705	45787	89578
2706	45802	89558
2707	45818	89538
2708	45832	89516
2709	45846	89494
2710	45862	89474
2711	45877	89453
2712	45891	89432
2713	45909	89417
2714	45926	89399
2715	45942	89380
2716	45958	89361
2717	45974	89343
2718	45993	89330
2719	46009	89312
2720	46025	89292
2721	46039	89272
2722	46055	89252
2723	46068	89228
2724	46086	89213
2725	46102	89194
2726	46120	89180
2727	46137	89162
2728	46155	89148
2729	46173	89132
2730	46190	89116
2731	46205	89096
2732	46219	89074
2733	46237	89059
2734	46255	89043
2735	46270	89023
2736	46287	89007
2737	46305	88991
2738	46320	88971
2739	46337	88953
2740	46352	88933
2741	46367	88913
2742	46383	88894
2743	46398	88873
2744	46413	88853
2745	46429	88835
2746	46447	88820
2747	46463	88802
2748	46481	88786
2749	46497	88767
2750	46512	88748
2751	46528	88727
2752	46543	88707
2753	46561	88693
2754	46579	88679
2755	46596	88661
2756	46611	88641
2757	46627	88623
2758	46647	88612
2759	46664	88595
2760	46680	88576
2761	46698	88561
2762	46714	88543
2763	46733	88529
2764	46748	88509
2765	46764	88491
2766	46778	88468
2767	46793	88447
2768	46809	88429
2769	46826	88411
2770	46844	88396
2771	46863	88384
2772	46878	88364
2773	46893	88344
2774	46908	88324
2775	46923	88302
2776	46940	88285
2777	46959	88273
2778	46978	88259
2779	46993	88240
2780	47008	88218
2781	47026	88203
2782	47045	88191
2783	47062	88174
2784	47080	88160
2785	47095	88139
2786	47109	88117
2787	47124	88096
2788	47142	88081
2789	47160	88066
2790	47179	88053
2791	47195	88035
2792	47211	88016
2793	47225	87994
2794	47243	87978
2795	47259	87959
2796	47278	87948
2797	47295	87931
2798	47311	87912
2799	47329	87897
2800	47344	87878
2801	47360	87858
2802	47377	87841
2803	47396	87828
2804	47413	87812
2805	47431	87797
2806	47450	87783
2807	47467	87766
2808	47483	87748
2809	47499	87730
2810	47515	87711
2811	47529	87689
2812	47544	87669
2813	47559	87649
2814	47578	87635
2815	47595	87619
2816	47610	87598
2817	47626	87579
2818	47641	87559
2819	47659	87544
2820	47673	87523
2821	47687	87501
2822	47703	87481
2823	47718	87461
2824	47735	87444
2825	47751	87425
2826	47770	87413
2827	47786	87394
2828	47800	87372
2829	47814	87350
2830	47830	87332
2831	47848	87317
2832	47868	87306
2833	47889	87295
2834	47907	87281
2835	47928	87271
2836	47949	87262
2837	47974	87259
2838	47996	87251
2839	48018	87244
2840	48038	87232
2841	48059	87223
2842	48081	87216
2843	48101	87204
2844	48122	87195
2845	48143	87185
2846	48169	87185
2847	48184	87164
2848	48200	87146
2849	48214	87125
2850	48234	87112
2851	48249	87092
2852	48268	87080
2853	48284	87061
2854	48300	87041
2855	48317	87025
2856	48333	87007
2857	48351	86992
2858	48367	86974
2859	48383	86955
2860	48397	86933
2861	48413	86914
2862	48429	86896
2863	48446	86878
2864	48458	86853
2865	48477	86840
2866	48494	86823
2867	48509	86802
2868	48524	86782
2869	48539	86761
2870	48552	86738
2871	48579	86739
2872	48596	86723
2873	48613	86705
2874	48631	86691
2875	48649	86675
2876	48668	86662
2877	48684	86644
2878	48703	86630
2879	48719	86611
2880	48734	86591
2881	48751	86574
2882	48767	86555
2883	48784	86539
2884	48798	86518
2885	48812	86496
2886	48827	86475
2887	48844	86458
2888	48860	86439
2889	48877	86422
2890	48893	86404
2891	48909	86387
2892	48926	86370
2893	48946	86358
2894	48966	86347
2895	48983	86329
2896	48999	86311
2897	49016	86294
2898	49031	86274
2899	49045	86252
2900	49063	86236
2901	49078	86217
2902	49093	86197
2903	49107	86175
2904	49123	86156
2905	49138	86136
2906	49153	86115
2907	49175	86107
2908	49191	86089
2909	49207	86071
2910	49224	86053
2911	49239	86034
2912	49258	86020
2913	49276	86006
2914	49292	85987
2915	49307	85966
2916	49321	85945
2917	49335	85922
2918	49352	85905
2919	49369	85889
2920	49385	85870
2921	49400	85850
2922	49419	85836
2923	49435	85818
2924	49450	85797
2925	49466	85779
2926	49484	85764
2927	49499	85744
2928	49514	85724
2929	49530	85705
2930	49546	85687
2931	49563	85670
2932	49577	85650
2933	49593	85630
2934	49608	85610
2935	49623	85590
2936	49641	85574
2937	49654	85552
2938	49670	85533
2939	49688	85519
2940	49704	85500
2941	49719	85480
2942	49736	85462
2943	49754	85447
2944	49773	85433
2945	49791	85419
2946	49808	85402
2947	49825	85386
2948	49843	85371
2949	49860	85354
2950	49878	85338
2951	49896	85324
2952	49911	85304
2953	49927	85285
2954	49942	85266
2955	49957	85246
2956	49974	85228
2957	49991	85211
2958	50008	85195
2959	50023	85174
2960	50036	85152
2961	50054	85135
2962	50071	85120
2963	50087	85101
2964	50103	85082
2965	50118	85063
2966	50132	85041
2967	50148	85022
2968	50164	85004
2969	50179	84984
2970	50195	84965
2971	50215	84953
2972	50231	84936
2973	50250	84921
2974	50266	84903
2975	50284	84888
2976	50302	84873
2977	50320	84858
2978	50336	84840
2979	50352	84822
2980	50367	84802
2981	50381	84780
2982	50397	84761
2983	50414	84744
2984	50431	84727
2985	50446	84707
2986	50460	84687
2987	50477	84670
2988	50492	84650
2989	50508	84631
2990	50523	84611
2991	50540	84593
2992	50554	84572
2993	50568	84551
2994	50583	84531
2995	50599	84513
2996	50617	84497
2997	50634	84480
2998	50649	84461
2999	50665	84443
3000	50680	84422
3001	50696	84403
3002	50711	84383
3003	50726	84364
3004	50746	84352
3005	50765	84339
3006	50781	84320
3007	50802	84310
3008	50818	84292
3009	50832	84271
3010	50848	84251
3011	50865	84234
3012	50880	84215
3013	50897	84198
3014	50916	84184
3015	50935	84172
3016	50953	84156
3017	50969	84138
3018	50983	84116
3019	50998	84097
3020	51017	84083
3021	51035	84068
3022	51052	84051
3023	51069	84034
3024	51087	84019
3025	51102	84000
3026	51119	83982
3027	51138	83969
3028	51154	83951
3029	51170	83933
3030	51186	83914
3031	51202	83897
3032	51219	83879
3033	51234	83859
3034	51249	83839
3035	51266	83822
3036	51284	83807
3037	51300	83789
3038	51316	83771
3039	51334	83756
3040	51350	83738
3041	51368	83722
3042	51386	83707
3043	51402	83690
3044	51418	83671
3045	51432	83650
3046	51450	83634
3047	51468	83620
3048	51486	83604
3049	51503	83586
3050	51519	83568
3051	51534	83548
3052	51551	83532
3053	51568	83516
3054	51586	83501
3055	51605	83487
3056	51620	83466
3057	51637	83451
3058	51655	83436
3059	51671	83417
3060	51689	83401
3061	51705	83383
3062	51724	83370
3063	51766	83393
3064	51784	83379
3065	51804	83367
3066	51820	83349
3067	51838	83333
3068	51858	83321
3069	51874	83303
3070	51891	83286
3071	51908	83270
3072	51926	83254
3073	51943	83238
3074	51959	83219
3075	51977	83203
3076	51991	83183
3077	52007	83165
3078	52023	83146
3079	52040	83129
3080	52058	83114
3081	52078	83102
3082	52094	83083
3083	52111	83067
3084	52128	83050
3085	52142	83029
3086	52157	83010
3087	52174	82993
3088	52191	82975
3089	52209	82960
3090	52225	82942
3091	52243	82927
3092	52260	82910
3093	52276	82892
3094	52291	82872
3095	52307	82853
3096	52323	82835
3097	52338	82815
3098	52353	82795
3099	52370	82779
3100	52387	82762
3101	52403	82743
3102	52417	82722
3103	52433	82704
3104	52453	82692
3105	52470	82675
3106	52486	82657
3107	52502	82638
3108	52517	82619
3109	52534	82602
3110	52550	82584
3111	52569	82570
3112	52586	82554
3113	52604	82539
3114	52622	82522
3115	52638	82506
3116	52655	82488
3117	52674	82474
3118	52690	82456
3119	52706	82438
3120	52724	82422
3121	52740	82405
3122	52755	82385
3123	52771	82366
3124	52785	82345
3125	52800	82325
3126	52814	82304
3127	52830	82285
3128	52847	82268
3129	52864	82251
3130	52879	82232
3131	52896	82215
3132	52915	82202
3133	52932	82186
3134	52951	82172
3135	52967	82153
3136	52981	82132
3137	52998	82115
3138	53014	82096
3139	53031	82079
3140	53049	82065
3141	53068	82051
3142	53086	82036
3143	53104	82021
3144	53122	82006
3145	53139	81990
3146	53157	81974
3147	53173	81956
3148	53188	81936
3149	53206	81920
3150	53224	81905
3151	53241	81889
3152	53259	81874
3153	53275	81856
3154	53292	81838
3155	53308	81821
3156	53324	81802
3157	53339	81783
3158	53357	81767
3159	53376	81754
3160	53390	81733
3161	53406	81713
3162	53421	81694
3163	53437	81675
3164	53454	81658
3165	53469	81640
3166	53486	81622
3167	53505	81608
3168	53521	81591
3169	53539	81576
3170	53556	81558
3171	53573	81542
3172	53589	81524
3173	53605	81506
3174	53638	81513
3175	53657	81500
3176	53673	81482
3177	53688	81462
3178	53705	81445
3179	53722	81427
3180	53740	81413
3181	53757	81395
3182	53773	81377
3183	53791	81363
3184	53809	81348
3185	53825	81329
3186	53844	81315
3187	53862	81300
3188	53878	81282
3189	53895	81265
3190	53908	81243
3191	53925	81226
3192	53942	81208
3193	53958	81191
3194	53973	81171
3195	53993	81158
3196	54009	81140
3197	54026	81124
3198	54043	81108
3199	54059	81088
3200	54073	81068
3201	54092	81054
3202	54111	81040
3203	54131	81027
3204	54150	81013
3205	54169	81000
3206	54187	80985
3207	54203	80967
3208	54218	80947
3209	54234	80928
3210	54249	80909
3211	54265	80891
3212	54281	80873
3213	54299	80857
3214	54316	80840
3215	54332	80822
3216	54350	80808
3217	54368	80792
3218	54385	80775
3219	54401	80758
3220	54419	80742
3221	54436	80726
3222	54456	80712
3223	54474	80697
3224	54492	80682
3225	54525	80688
3226	54539	80668
3227	54556	80651
3228	54575	80637
3229	54592	80621
3230	54611	80607
3231	54629	80591
3232	54645	80573
3233	54660	80554
3234	54675	80534
3235	54689	80513
3236	54703	80492
3237	54719	80473
3238	54736	80456
3239	54754	80441
3240	54771	80424
3241	54790	80410
3242	54810	80399
3243	54830	80386
3244	54849	80373
3245	54868	80358
3246	54884	80340
3247	54898	80318
3248	54915	80302
3249	54933	80286
3250	54951	80271
3251	54970	80258
3252	54986	80239
3253	55003	80223
3254	55021	80207
3255	55037	80190
3256	55052	80170
3257	55068	80151
3258	55086	80136
3259	55100	80116
3260	55119	80101
3261	55135	80082
3262	55152	80066
3263	55170	80050
3264	55188	80036
3265	55204	80017
3266	55224	80005
3267	55242	79989
3268	55259	79973
3269	55277	79958
3270	55296	79944
3271	55313	79927
3272	55328	79907
3273	55345	79890
3274	55362	79873
3275	55377	79855
3276	55395	79839
3277	55411	79820
3278	55446	79829
3279	55461	79810
3280	55477	79792
3281	55497	79779
3282	55513	79761
3283	55531	79746
3284	55547	79728
3285	55562	79707
3286	55578	79689
3287	55594	79672
3288	55614	79659
3289	55634	79646
3290	55649	79626
3291	55663	79606
3292	55678	79586
3293	55695	79570
3294	55712	79552
3295	55731	79538
3296	55747	79521
3297	55763	79503
3298	55790	79500
3299	55811	79489
3300	55827	79471
3301	55842	79451
3302	55858	79432
3303	55873	79413
3304	55889	79395
3305	55906	79378
3306	55922	79360
3307	55941	79346
3308	55958	79329
3309	55974	79311
3310	55990	79293
3311	56004	79272
3312	56019	79251
3313	56034	79233
3314	56051	79215
3315	56066	79196
3316	56084	79181
3317	56099	79161
3318	56115	79143
3319	56133	79127
3320	56151	79112
3321	56166	79092
3322	56182	79074
3323	56199	79058
3324	56215	79039
3325	56230	79020
3326	56252	79010
3327	56267	78990
3328	56282	78970
3329	56296	78950
3330	56312	78931
3331	56328	78913
3332	56347	78899
3333	56364	78882
3334	56381	78866
3335	56399	78851
3336	56416	78834
3337	56434	78818
3338	56451	78802
3339	56469	78787
3340	56485	78769
3341	56503	78752
3342	56521	78737
3343	56541	78724
3344	56559	78709
3345	56576	78693
3346	56591	78673
3347	56605	78652
3348	56622	78636
3349	56640	78620
3350	56658	78604
3351	56673	78585
3352	56689	78566
3353	56706	78550
3354	56725	78536
3355	56741	78518
3356	56758	78501
3357	56774	78483
3358	56791	78466
3359	56807	78448
3360	56824	78431
3361	56843	78417
3362	56860	78401
3363	56878	78385
3364	56894	78367
3365	56909	78347
3366	56924	78328
3367	56941	78311
3368	56957	78292
3369	56974	78276
3370	56991	78260
3371	57009	78244
3372	57025	78226
3373	57044	78211
3374	57061	78195
3375	57079	78180
3376	57094	78160
3377	57110	78141
3378	57125	78122
3379	57139	78102
3380	57157	78085
3381	57174	78069
3382	57188	78049
3383	57205	78032
3384	57222	78015
3385	57243	78004
3386	57259	77985
3387	57275	77967
3388	57292	77950
3389	57309	77934
3390	57329	77920
3391	57349	77908
3392	57366	77892
3393	57384	77875
3394	57399	77856
3395	57413	77835
3396	57429	77817
3397	57445	77800
3398	57461	77782
3399	57477	77764
3400	57496	77749
3401	57514	77734
3402	57532	77718
3403	57547	77699
3404	57562	77679
3405	57578	77661
3406	57595	77644
3407	57613	77628
3408	57626	77607
3409	57641	77588
3410	57660	77573
3411	57678	77558
3412	57696	77542
3413	57711	77523
3414	57730	77509
3415	57748	77494
3416	57764	77475
3417	57780	77457
3418	57798	77442
3419	57813	77422
3420	57828	77403
3421	57842	77382
3422	57856	77361
3423	57870	77341
3424	57886	77322
3425	57901	77303
3426	57916	77284
3427	57931	77264
3428	57947	77246
3429	57962	77226
3430	57979	77210
3431	57998	77196
3432	58015	77179
3433	58031	77160
3434	58046	77141
3435	58063	77124
3436	58080	77108
3437	58098	77093
3438	58115	77076
3439	58132	77059
3440	58149	77042
3441	58163	77022
3442	58177	77001
3443	58193	76983
3444	58211	76968
3445	58228	76950
3446	58244	76932
3447	58263	76919
3448	58278	76899
3449	58293	76880
3450	58310	76862
3451	58326	76844
3452	58343	76828
3453	58358	76808
3454	58373	76789
3455	58388	76770
3456	58407	76755
3457	58423	76737
3458	58439	76720
3459	58457	76703
3460	58473	76686
3461	58490	76669
3462	58507	76652
3463	58524	76635
3464	58541	76619
3465	58557	76601
3466	58572	76581
3467	58587	76563
3468	58604	76545
3469	58621	76529
3470	58638	76512
3471	58653	76493
3472	58671	76477
3473	58687	76459
3474	58706	76445
3475	58724	76429
3476	58740	76411
3477	58757	76394
3478	58773	76377
3479	58790	76360
3480	58808	76344
3481	58824	76326
3482	58842	76311
3483	58861	76297
3484	58876	76277
3485	58892	76259
3486	58908	76241
3487	58924	76223
3488	58940	76205
3489	58954	76185
3490	58972	76169
3491	58986	76149
3492	59002	76130
3493	59017	76110
3494	59031	76090
3495	59046	76071
3496	59061	76051
3497	59075	76031
3498	59090	76011
3499	59106	75994
3500	59122	75975
3501	59137	75956
3502	59153	75939
3503	59170	75922
3504	59187	75905
3505	59205	75890
3506	59223	75874
3507	59240	75857
3508	59254	75837
3509	59271	75819
3510	59286	75800
3511	59301	75782
3512	59318	75765
3513	59336	75748
3514	59350	75729
3515	59368	75713
3516	59385	75696
3517	59400	75676
3518	59416	75658
3519	59432	75641
3520	59447	75621
3521	59462	75602
3522	59477	75583
3523	59494	75566
3524	59510	75548
3525	59526	75530
3526	59542	75512
3527	59555	75491
3528	59571	75472
3529	59588	75456
3530	59606	75441
3531	59623	75423
3532	59638	75404
3533	59652	75384
3534	59669	75367
3535	59687	75351
3536	59703	75334
3537	59718	75314
3538	59732	75294
3539	59747	75275
3540	59764	75257
3541	59780	75240
3542	59795	75220
3543	59810	75201
3544	59828	75185
3545	59844	75169
3546	59861	75152
3547	59882	75139
3548	59900	75125
3549	59918	75109
3550	59933	75089
3551	59952	75076
3552	59972	75062
3553	59988	75044
3554	60004	75026
3555	60039	75032
3556	60061	75021
3557	60077	75003
3558	60093	74986
3559	60110	74969
3560	60128	74953
3561	60144	74936
3562	60162	74919
3563	60179	74902
3564	60196	74887
3565	60214	74871
3566	60232	74856
3567	60251	74841
3568	60270	74826
3569	60286	74809
3570	60304	74794
3571	60320	74775
3572	60338	74760
3573	60353	74741
3574	60368	74721
3575	60384	74704
3576	60399	74685
3577	60414	74665
3578	60432	74650
3579	60450	74634
3580	60466	74616
3581	60484	74600
3582	60500	74582
3583	60516	74565
3584	60534	74549
3585	60553	74535
3586	60572	74521
3587	60587	74502
3588	60602	74482
3589	60616	74462
3590	60634	74446
3591	60650	74428
3592	60666	74410
3593	60681	74391
3594	60698	74374
3595	60713	74355
3596	60729	74337
3597	60745	74318
3598	60760	74300
3599	60775	74281
3600	60792	74264
3601	60811	74249
3602	60828	74233
3603	60849	74221
3604	60865	74204
3605	60881	74186
3606	60897	74167
3607	60913	74150
3608	60932	74135
3609	60951	74121
3610	60967	74103
3611	60986	74088
3612	61005	74073
3613	61027	74063
3614	61042	74044
3615	61056	74024
3616	61071	74004
3617	61085	73985
3618	61101	73967
3619	61117	73948
3620	61134	73932
3621	61150	73914
3622	61167	73896
3623	61183	73879
3624	61200	73862
3625	61218	73846
3626	61235	73830
3627	61252	73813
3628	61270	73797
3629	61284	73777
3630	61298	73757
3631	61314	73739
3632	61331	73722
3633	61347	73705
3634	61361	73683
3635	61378	73667
3636	61394	73650
3637	61410	73632
3638	61428	73616
3639	61442	73596
3640	61460	73580
3641	61478	73565
3642	61495	73548
3643	61510	73529
3644	61525	73509
3645	61542	73493
3646	61560	73477
3647	61576	73459
3648	61592	73441
3649	61607	73422
3650	61620	73401
3651	61634	73381
3652	61650	73362
3653	61667	73346
3654	61684	73328
3655	61702	73313
3656	61717	73295
3657	61733	73277
3658	61750	73260
3659	61767	73242
3660	61785	73227
3661	61804	73213
3662	61819	73194
3663	61833	73174
3664	61847	73154
3665	61863	73135
3666	61878	73116
3667	61892	73096
3668	61905	73075
3669	61921	73056
3670	61937	73039
3671	61954	73022
3672	61969	73003
3673	61986	72986
3674	62005	72971
3675	62025	72959
3676	62042	72942
3677	62060	72926
3678	62075	72907
3679	62090	72889
3680	62105	72870
3681	62123	72853
3682	62138	72834
3683	62154	72817
3684	62170	72799
3685	62187	72782
3686	62203	72764
3687	62219	72747
3688	62234	72728
3689	62250	72709
3690	62267	72693
3691	62284	72676
3692	62299	72657
3693	62315	72640
3694	62331	72621
3695	62349	72605
3696	62365	72587
3697	62383	72572
3698	62399	72554
3699	62416	72538
3700	62433	72521
3701	62449	72503
3702	62464	72484
3703	62480	72466
3704	62498	72450
3705	62515	72433
3706	62530	72415
3707	62548	72399
3708	62566	72384
3709	62584	72368
3710	62600	72350
3711	62615	72331
3712	62630	72312
3713	62645	72294
3714	62660	72274
3715	62678	72258
3716	62696	72243
3717	62714	72227
3718	62731	72211
3719	62748	72193
3720	62763	72175
3721	62778	72156
3722	62795	72140
3723	62813	72123
3724	62828	72104
3725	62842	72085
3726	62858	72066
3727	62873	72047
3728	62888	72029
3729	62906	72013
3730	62920	71993
3731	62935	71974
3732	62951	71956
3733	62970	71941
3734	62984	71921
3735	63001	71905
3736	63014	71884
3737	63029	71865
3738	63043	71845
3739	63057	71824
3740	63074	71807
3741	63089	71789
3742	63106	71772
3743	63124	71757
3744	63141	71740
3745	63156	71721
3746	63174	71705
3747	63191	71689
3748	63207	71670
3749	63223	71652
3750	63239	71635
3751	63253	71615
3752	63269	71597
3753	63286	71581
3754	63303	71563
3755	63319	71546
3756	63335	71528
3757	63353	71512
3758	63369	71495
3759	63385	71477
3760	63401	71459
3761	63417	71442
3762	63437	71427
3763	63452	71409
3764	63470	71394
3765	63488	71378
3766	63502	71358
3767	63519	71341
3768	63534	71322
3769	63550	71304
3770	63566	71287
3771	63583	71270
3772	63601	71254
3773	63619	71238
3774	63637	71222
3775	63656	71209
3776	63672	71191
3777	63687	71172
3778	63704	71155
3779	63718	71135
3780	63736	71119
3781	63754	71104
3782	63771	71087
3783	63788	71071
3784	63803	71052
3785	63817	71032
3786	63836	71017
3787	63853	71001
3788	63869	70983
3789	63885	70965
3790	63899	70945
3791	63913	70925
3792	63927	70904
3793	63942	70886
3794	63956	70866
3795	63973	70849
3796	63990	70832
3797	64005	70813
3798	64021	70795
3799	64037	70778
3800	64056	70763
3801	64075	70748
3802	64093	70733
3803	64111	70718
3804	64125	70698
3805	64140	70678
3806	64154	70659
3807	64169	70640
3808	64186	70623
3809	64205	70609
3810	64221	70590
3811	64239	70575
3812	64256	70559
3813	64272	70541
3814	64287	70522
3815	64302	70504
3816	64317	70484
3817	64332	70466
3818	64348	70448
3819	64366	70432
3820	64383	70415
3821	64399	70398
3822	64419	70384
3823	64435	70366
3824	64451	70348
3825	64470	70334
3826	64488	70319
3827	64506	70303
3828	64525	70289
3829	64543	70273
3830	64560	70256
3831	64580	70243
3832	64598	70227
3833	64615	70210
3834	64631	70193
3835	64650	70178
3836	64666	70161
3837	64682	70142
3838	64698	70125
3839	64715	70108
3840	64733	70092
3841	64747	70073
3842	64762	70053
3843	64777	70035
3844	64794	70018
3845	64811	70001
3846	64827	69984
3847	64845	69968
3848	64860	69949
3849	64875	69930
3850	64889	69910
3851	64903	69891
3852	64920	69874
3853	64939	69859
3854	64956	69843
3855	64972	69825
3856	64989	69808
3857	65006	69791
3858	65024	69776
3859	65040	69758
3860	65057	69741
3861	65074	69725
3862	65094	69711
3863	65109	69692
3864	65122	69672
3865	65139	69654
3866	65154	69636
3867	65172	69620
3868	65190	69604
3869	65206	69587
3870	65221	69568
3871	65238	69551
3872	65256	69535
3873	65271	69517
3874	65287	69499
3875	65303	69481
3876	65320	69465
3877	65335	69446
3878	65352	69429
3879	65370	69413
3880	65384	69394
3881	65398	69374
3882	65414	69356
3883	65431	69339
3884	65445	69320
3885	65463	69304
3886	65481	69289
3887	65496	69269
3888	65511	69250
3889	65527	69232
3890	65542	69214
3891	65560	69198
3892	65577	69182
3893	65591	69162
3894	65606	69143
3895	65622	69125
3896	65636	69106
3897	65654	69090
3898	65669	69071
3899	65684	69052
3900	65700	69034
3901	65729	69031
3902	65744	69012
3903	65758	68992
3904	65774	68974
3905	65792	68959
3906	65810	68943
3907	65828	68928
3908	65847	68912
3909	65862	68894
3910	65878	68876
3911	65895	68860
3912	65910	68841
3913	65926	68824
3914	65942	68805
3915	65963	68793
3916	65982	68778
3917	66001	68764
3918	66019	68748
3919	66038	68734
3920	66056	68718
3921	66071	68699
3922	66087	68681
3923	66103	68664
3924	66124	68651
3925	66140	68633
3926	66157	68616
3927	66172	68598
3928	66187	68579
3929	66201	68559
3930	66214	68539
3931	66230	68521
3932	66245	68502
3933	66262	68485
3934	66281	68471
3935	66298	68454
3936	66313	68435
3937	66329	68417
3938	66343	68398
3939	66357	68378
3940	66371	68359
3941	66388	68342
3942	66405	68325
3943	66420	68306
3944	66433	68285
3945	66449	68267
3946	66465	68250
3947	66482	68233
3948	66498	68216
3949	66516	68200
3950	66532	68182
3951	66550	68167
3952	66569	68152
3953	66586	68135
3954	66599	68115
3955	66613	68095
3956	66627	68075
3957	66642	68056
3958	66674	68055
3959	66692	68039
3960	66710	68024
3961	66729	68009
3962	66748	67994
3963	66765	67978
3964	66781	67960
3965	66796	67941
3966	66813	67925
3967	66832	67910
3968	66849	67893
3969	66864	67875
3970	66880	67857
3971	66896	67839
3972	66915	67825
3973	66935	67811
3974	66952	67794
3975	66971	67780
3976	66988	67763
3977	67005	67746
3978	67021	67729
3979	67036	67710
3980	67051	67691
3981	67065	67672
3982	67081	67654
3983	67098	67637
3984	67116	67621
3985	67133	67605
3986	67152	67589
3987	67171	67575
3988	67186	67556
3989	67200	67536
3990	67215	67518
3991	67230	67499
3992	67245	67480
3993	67262	67464
3994	67279	67448
3995	67294	67429
3996	67312	67413
3997	67329	67396
3998	67343	67376
3999	67358	67358
4000	67377	67343
4001	67396	67328
4002	67412	67311
4003	67430	67296
4004	67445	67277
4005	67462	67260
4006	67479	67243
4007	67497	67227
4008	67512	67209
4009	67526	67189
4010	67543	67172
4011	67560	67156
4012	67599	67161
4013	67619	67147
4014	67637	67132
4015	67654	67115
4016	67671	67098
4017	67687	67081
4018	67704	67064
4019	67720	67046
4020	67735	67027
4021	67751	67010
4022	67770	66995
4023	67785	66976
4024	67801	66958
4025	67815	66939
4026	67829	66919
4027	67843	66900
4028	67857	66880
4029	67872	66861
4030	67886	66842
4031	67902	66825
4032	67919	66807
4033	67933	66788
4034	67948	66769
4035	67963	66751
4036	67980	66734
4037	67998	66718
4038	68013	66700
4039	68029	66682
4040	68046	66665
4041	68064	66649
4042	68079	66631
4043	68096	66614
4044	68114	66598
4045	68129	66580
4046	68147	66564
4047	68165	66549
4048	68183	66532
4049	68200	66516
4050	68216	66499
4051	68234	66483
4052	68251	66466
4053	68269	66450
4054	68286	66433
4055	68300	66414
4056	68315	66395
4057	68330	66377
4058	68348	66361
4059	68366	66346
4060	68383	66329
4061	68400	66312
4062	68417	66296
4063	68438	66282
4064	68454	66264
4065	68470	66247
4066	68486	66229
4067	68505	66214
4068	68521	66197
4069	68537	66179
4070	68552	66161
4071	68571	66146
4072	68588	66129
4073	68606	66113
4074	68623	66097
4075	68638	66079
4076	68653	66060
4077	68668	66041
4078	68682	66022
4079	68699	66005
4080	68717	65989
4081	68735	65974
4082	68754	65959
4083	68772	65943
4084	68790	65927
4085	68808	65912
4086	68826	65896
4087	68846	65882
4088	68864	65866
4089	68882	65850
4090	68901	65836
4091	68919	65820
4092	68939	65806
4093	68959	65793
4094	68976	65776
4095	68992	65758
4096	69005	65738
4097	69019	65718
4098	69034	65699
4099	69050	65682
4100	69067	65665
4101	69086	65651
4102	69103	65634
4103	69123	65620
4104	69148	65611
4105	69170	65599
4106	69187	65582
4107	69211	65572
4108	69236	65563
4109	69256	65549
4110	69274	65533
4111	69294	65519
4112	69315	65506
4113	69337	65494
4114	69357	65480
4115	69375	65464
4116	69391	65447
4117	69408	65431
4118	69424	65413
4119	69441	65396
4120	69461	65382
4121	69485	65371
4122	69507	65360
4123	69526	65345
4124	69543	65328
4125	69561	65313
4126	69581	65299
4127	69602	65286
4128	69620	65270
4129	69640	65256
4130	69661	65243
4131	69679	65227
4132	69698	65212
4133	69717	65197
4134	69735	65181
4135	69759	65171
4136	69777	65156
4137	69797	65141
4138	69817	65128
4139	69837	65113
4140	69856	65099
4141	69875	65084
4142	69896	65071
4143	69917	65058
4144	69941	65047
4145	69964	65036
4146	69983	65022
4147	70006	65010
4148	70026	64996
4149	70043	64979
4150	70064	64967
4151	70083	64952
4152	70104	64938
4153	70123	64924
4154	70143	64909
4155	70160	64893
4156	70178	64877
4157	70199	64864
4158	70218	64850
4159	70239	64836
4160	70261	64823
4161	70282	64811
4162	70306	64801
4163	70326	64787
4164	70348	64774
4165	70367	64760
4166	70390	64748
4167	70421	64744
4168	70444	64733
4169	70464	64719
4170	70483	64704
4171	70505	64691
4172	70525	64677
4173	70543	64662
4174	70562	64646
4175	70582	64632
4176	70605	64621
4177	70627	64609
4178	70644	64592
4179	70663	64577
4180	70680	64560
4181	70699	64545
4182	70719	64531
4183	70739	64517
4184	70758	64502
4185	70776	64486
4186	70794	64470
4187	70811	64454
4188	70828	64437
4189	70847	64422
4190	70867	64408
4191	70886	64393
4192	70907	64379
4193	70928	64366
4194	70947	64351
4195	70966	64336
4196	70986	64322
4197	71006	64308
4198	71025	64293
4199	71043	64277
4200	71061	64261
4201	71080	64246
4202	71116	64246
4203	71135	64231
4204	71153	64216
4205	71173	64201
4206	71194	64188
4207	71216	64176
4208	71236	64161
4209	71252	64144
4210	71267	64125
4211	71284	64108
4212	71301	64091
4213	71317	64074
4214	71335	64057
4215	71351	64040
4216	71367	64022
4217	71383	64005
4218	71401	63989
4219	71420	63973
4220	71437	63957
4221	71457	63942
4222	71475	63927
4223	71497	63914
4224	71517	63900
4225	71535	63884
4226	71553	63868
4227	71569	63850
4228	71586	63833
4229	71603	63816
4230	71622	63801
4231	71647	63792
4232	71664	63774
4233	71680	63757
4234	71697	63740
4235	71714	63723
4236	71733	63708
4237	71749	63691
4238	71768	63675
4239	71787	63660
4240	71804	63643
4241	71820	63626
4242	71837	63608
4243	71853	63591
4244	71870	63574
4245	71888	63558
4246	71906	63542
4247	71926	63528
4248	71943	63511
4249	71963	63497
4250	71981	63480
4251	71997	63463
4252	72014	63446
4253	72031	63429
4254	72048	63412
4255	72065	63395
4256	72082	63379
4257	72099	63362
4258	72116	63345
4259	72133	63328
4260	72150	63311
4261	72167	63294
4262	72183	63276
4263	72199	63259
4264	72216	63242
4265	72239	63230
4266	72258	63215
4267	72275	63198
4268	72292	63181
4269	72309	63164
4270	72326	63148
4271	72345	63133
4272	72364	63117
4273	72381	63100
4274	72401	63086
4275	72428	63078
4276	72450	63065
4277	72470	63051
4278	72492	63039
4279	72512	63024
4280	72531	63009
4281	72549	62993
4282	72568	62978
4283	72587	62963
4284	72607	62948
4285	72627	62934
4286	72649	62922
4287	72669	62907
4288	72688	62892
4289	72707	62877
4290	72726	62862
4291	72744	62846
4292	72762	62830
4293	72779	62813
4294	72837	62832
4295	72856	62816
4296	72870	62797
4297	72885	62778
4298	72900	62760
4299	72914	62740
4300	72931	62723
4301	72948	62706
4302	72960	62685
4303	72977	62668
4304	72995	62652
4305	73011	62634
4306	73027	62616
4307	73046	62601
4308	73064	62585
4309	73082	62569
4310	73098	62551
4311	73113	62533
4312	73127	62513
4313	73142	62494
4314	73156	62475
4315	73172	62457
4316	73189	62440
4317	73205	62422
4318	73218	62403
4319	73234	62385
4320	73250	62366
4321	73264	62347
4322	73279	62328
4323	73295	62311
4324	73313	62295
4325	73332	62280
4326	73348	62262
4327	73364	62244
4328	73381	62227
4329	73395	62208
4330	73412	62191
4331	73428	62173
4332	73445	62156
4333	73463	62140
4334	73479	62122
4335	73495	62105
4336	73511	62087
4337	73526	62069
4338	73544	62052
4339	73563	62037
4340	73580	62020
4341	73598	62004
4342	73611	61983
4343	73626	61965
4344	73645	61950
4345	73666	61936
4346	73687	61923
4347	73710	61911
4348	73729	61896
4349	73750	61882
4350	73770	61868
4351	73791	61854
4352	73812	61840
4353	73834	61828
4354	73855	61814
4355	73876	61801
4356	73898	61788
4357	73919	61774
4358	73937	61758
4359	73955	61742
4360	73974	61727
4361	73993	61712
4362	74014	61698
4363	74034	61683
4364	74056	61671
4365	74077	61657
4366	74097	61643
4367	74115	61626
4368	74133	61610
4369	74150	61594
4370	74171	61580
4371	74189	61564
4372	74207	61548
4373	74224	61531
4374	74242	61515
4375	74258	61497
4376	74275	61480
4377	74291	61462
4378	74306	61444
4379	74324	61428
4380	74344	61413
4381	74364	61398
4382	74386	61386
4383	74404	61370
4384	74423	61354
4385	74442	61339
4386	74460	61323
4387	74480	61308
4388	74498	61293
4389	74517	61277
4390	74539	61264
4391	74557	61248
4392	74576	61233
4393	74598	61220
4394	74618	61206
4395	74637	61190
4396	74657	61175
4397	74677	61161
4398	74699	61148
4399	74722	61136
4400	74742	61122
4401	74761	61106
4402	74779	61090
4403	74799	61075
4404	74818	61061
4405	74836	61044
4406	74855	61029
4407	74876	61015
4408	74897	61001
4409	74918	60988
4410	74938	60973
4411	74957	60958
4412	74977	60943
4413	74997	60928
4414	75014	60911
4415	75032	60896
4416	75049	60878
4417	75065	60861
4418	75082	60844
4419	75104	60831
4420	75126	60818
4421	75147	60804
4422	75170	60792
4423	75193	60780
4424	75218	60769
4425	75235	60752
4426	75250	60734
4427	75266	60716
4428	75283	60699
4429	75302	60683
4430	75318	60666
4431	75334	60648
4432	75350	60630
4433	75365	60612
4434	75380	60593
4435	75397	60576
4436	75412	60557
4437	75426	60538
4438	75442	60520
4439	75458	60502
4440	75473	60484
4441	75489	60466
4442	75504	60448
4443	75521	60431
4444	75538	60414
4445	75557	60398
4446	75573	60380
4447	75590	60363
4448	75605	60345
4449	75623	60329
4450	75639	60311
4451	75655	60293
4452	75668	60273
4453	75684	60255
4454	75701	60238
4455	75717	60220
4456	75734	60203
4457	75751	60186
4458	75770	60171
4459	75785	60152
4460	75802	60135
4461	75819	60118
4462	75838	60103
4463	75857	60087
4464	75872	60069
4465	75888	60051
4466	75904	60033
4467	75918	60014
4468	75934	59996
4469	75950	59978
4470	75965	59960
4471	75982	59943
4472	75996	59924
4473	76015	59908
4474	76034	59893
4475	76051	59875
4476	76066	59857
4477	76083	59840
4478	76099	59823
4479	76117	59806
4480	76133	59788
4481	76149	59770
4482	76167	59754
4483	76184	59737
4484	76199	59719
4485	76217	59703
4486	76236	59687
4487	76252	59669
4488	76266	59650
4489	76281	59632
4490	76298	59615
4491	76317	59599
4492	76333	59582
4493	76351	59565
4494	76370	59550
4495	76389	59535
4496	76406	59518
4497	76425	59502
4498	76442	59485
4499	76458	59467
4500	76473	59449
4501	76488	59430
4502	76505	59413
4503	76523	59397
4504	76540	59380
4505	76556	59362
4506	76573	59345
4507	76590	59328
4508	76608	59312
4509	76624	59294
4510	76666	59297
4511	76686	59282
4512	76700	59263
4513	76717	59246
4514	76735	59229
4515	76753	59213
4516	76770	59196
4517	76785	59178
4518	76801	59160
4519	76815	59141
4520	76830	59122
4521	76844	59103
4522	76859	59084
4523	76874	59066
4524	76889	59047
4525	76905	59029
4526	76922	59013
4527	76936	58993
4528	76950	58974
4529	76966	58956
4530	76983	58939
4531	77000	58922
4532	77016	58905
4533	77050	58901
4534	77069	58885
4535	77086	58868
4536	77100	58849
4537	77115	58830
4538	77133	58814
4539	77151	58798
4540	77168	58781
4541	77183	58762
4542	77196	58743
4543	77213	58725
4544	77230	58708
4545	77246	58691
4546	77261	58672
4547	77277	58654
4548	77294	58637
4549	77311	58621
4550	77348	58619
4551	77367	58603
4552	77384	58586
4553	77400	58568
4554	77417	58551
4555	77431	58532
4556	77448	58515
4557	77465	58498
4558	77481	58481
4559	77497	58462
4560	77512	58444
4561	77527	58426
4562	77543	58408
4563	77560	58391
4564	77576	58373
4565	77591	58354
4566	77605	58335
4567	77619	58316
4568	77632	58296
4569	77648	58278
4570	77662	58259
4571	77692	58252
4572	77756	58270
4573	77796	58271
4574	77833	58268
4575	77864	58262
4576	77899	58258
4577	77931	58252
4578	77961	58245
4579	77995	58241
4580	78029	58236
4581	78059	58229
4582	78090	58222
4583	78125	58219
4584	78158	58214
4585	78192	58209
4586	78225	58204
4587	78257	58198
4588	78290	58193
4589	78326	58190
4590	78358	58184
4591	78391	58178
4592	78426	58175
4593	78456	58167
4594	78489	58162
4595	78526	58160
4596	78559	58154
4597	78597	58153
4598	78632	58149
4599	78666	58144
4600	78700	58140
4601	78733	58134
4602	78767	58130
4603	78798	58123
4604	78830	58117
4605	78864	58112
4606	78895	58105
4607	78935	58105
4608	78965	58097
4609	78995	58090
4610	79028	58084
4611	79063	58080
4612	79096	58074
4613	79129	58069
4614	79165	58065
4615	79201	58062
4616	79237	58059
4617	79274	58056
4618	79306	58050
4619	79342	58046
4620	79377	58043
4621	79414	58040
4622	79448	58035
4623	79484	58031
4624	79518	58027
4625	79553	58022
4626	79587	58017
4627	79618	58010
4628	79658	58009
4629	79693	58005
4630	79733	58005
4631	79783	58011
4632	79838	58022
4633	79875	58019
4634	79908	58013
4635	79943	58008
4636	79974	58002
4637	80009	57997
4638	80041	57990
4639	80080	57989
4640	80115	57984
4641	80148	57979
4642	80180	57972
4643	80219	57970
4644	80256	57968
4645	80292	57964
4646	80326	57958
4647	80358	57952
4648	80392	57946
4649	80427	57942
4650	80463	57938
4651	80500	57935
4652	80535	57930
4653	80570	57926
4654	80608	57923
4655	80641	57917
4656	80674	57911
4657	80710	57907
4658	80745	57902
4659	80781	57898
4660	80818	57895
4661	80853	57891
4662	80889	57887
4663	80925	57882
4664	80959	57877
4665	80991	57870
4666	81025	57865
4667	81056	57858
4668	81092	57853
4669	81130	57851
4670	81166	57847
4671	81210	57848
4672	81250	57847
4673	81291	57846
4674	81332	57846
4675	81371	57844
4676	81415	57845
4677	81451	57841
4678	81485	57835
4679	81520	57830
4680	81554	57825
4681	81589	57820
4682	81625	57816
4683	81662	57812
4684	81700	57809
4685	81736	57804
4686	81770	57799
4687	81807	57795
4688	81841	57789
4689	81876	57784
4690	81912	57780
4691	81946	57774
4692	81984	57771
4693	82022	57769
4694	82056	57762
4695	82091	57757
4696	82125	57752
4697	82158	57744
4698	82191	57738
4699	82227	57734
4700	82260	57727
4701	82294	57721
4702	82329	57716
4703	82363	57710
4704	82398	57705
4705	82434	57700
4706	82469	57695
4707	82506	57691
4708	82546	57689
4709	82580	57683
4710	82619	57681
4711	82656	57676
4712	82693	57672
4713	82727	57666
4714	82763	57662
4715	82796	57655
4716	82830	57649
4717	82870	57647
4718	82907	57643
4719	82943	57638
4720	82975	57630
4721	83011	57626
4722	83045	57620
4723	83080	57614
4724	83116	57610
4725	83151	57604
4726	83188	57599
4727	83224	57595
4728	83262	57591
4729	83298	57587
4730	83330	57579
4731	83366	57574
4732	83399	57567
4733	83436	57563
4734	83474	57559
4735	83510	57554
4736	83545	57549
4737	83580	57543
4738	83616	57537
4739	83652	57533
4740	83688	57528
4741	83727	57525
4742	83763	57520
4743	83795	57512
4744	83830	57506
4745	83868	57503
4746	83908	57500
4747	83942	57493
4748	83977	57488
4749	84012	57482
4750	84048	57477
4751	84082	57470
4752	84118	57465
4753	84153	57459
4754	84188	57453
4755	84225	57449
4756	84259	57442
4757	84294	57436
4758	84327	57429
4759	84356	57419
4760	84394	57415
4761	84430	57409
4762	84465	57403
4763	84501	57398
4764	84535	57391
4765	84576	57389
4766	84612	57384
4767	84647	57378
4768	84680	57370
4769	84719	57367
4770	84753	57361
4771	84787	57354
4772	84822	57348
4773	84859	57343
4774	84894	57337
4775	84930	57331
4776	84972	57330
4777	85013	57327
4778	85049	57322
4779	85084	57316
4780	85121	57311
4781	85159	57307
4782	85199	57304
4783	85238	57300
4784	85276	57296
4785	85315	57292
4786	85348	57285
4787	85385	57280
4788	85479	57313
4789	85560	57337
4790	85593	57330
4791	85627	57323
4792	85662	57317
4793	85698	57310
4794	85736	57306
4795	85771	57300
4796	85808	57295
4797	85847	57291
4798	85881	57284
4799	85915	57276
4800	85949	57269
4801	85985	57264
4802	86020	57257
4803	86059	57253
4804	86091	57245
4805	86127	57239
4806	86165	57234
4807	86208	57233
4808	86242	57226
4809	86281	57221
4810	86318	57216
4811	86352	57209
4812	86392	57206
4813	86427	57199
4814	86462	57192
4815	86495	57184
4816	86530	57178
4817	86565	57171
4818	86599	57164
4819	86634	57157
4820	86667	57148
4821	86703	57142
4822	86738	57136
4823	86774	57130
4824	86808	57122
4825	86844	57116
4826	86881	57111
4827	86923	57108
4828	86957	57101
4829	86997	57097
4830	87035	57092
4831	87071	57086
4832	87109	57081
4833	87145	57075
4834	87183	57070
4835	87217	57062
4836	87252	57055
4837	87288	57049
4838	87320	57040
4839	87356	57034
4840	87390	57026
4841	87430	57022
4842	87467	57017
4843	87502	57010
4844	87535	57002
4845	87575	56997
4846	87609	56990
4847	87645	56984
4848	87678	56975
4849	87712	56967
4850	87748	56961
4851	87783	56954
4852	87818	56947
4853	87852	56939
4854	87886	56931
4855	87920	56923
4856	87955	56916
4857	87987	56907
4858	88020	56899
4859	88053	56890
4860	88090	56884
4861	88125	56877
4862	88165	56873
4863	88201	56866
4864	88234	56858
4865	88269	56850
4866	88303	56843
4867	88341	56837
4868	88378	56831
4869	88411	56823
4870	88447	56816
4871	88484	56810
4872	88519	56803
4873	88555	56796
4874	88597	56793
4875	88633	56786
4876	88667	56778
4877	88703	56771
4878	88736	56762
4879	88770	56754
4880	88805	56747
4881	88838	56738
4882	88873	56730
4883	88906	56722
4884	88939	56713
4885	88973	56705
4886	89010	56699
4887	89045	56691
4888	89084	56686
4889	89117	56677
4890	89147	56667
4891	89182	56659
4892	89220	56654
4893	89254	56646
4894	89290	56638
4895	89325	56631
4896	89362	56625
4897	89397	56617
4898	89433	56610
4899	89468	56602
4900	89504	56595
4901	89539	56587
4902	89580	56583
4903	89619	56578
4904	89655	56571
4905	89697	56568
4906	89732	56560
4907	89768	56553
4908	89801	56544
4909	89840	56539
4910	89881	56534
4911	89926	56533
4912	89969	56530
4913	90003	56522
4914	90039	56515
4915	90085	56514
4916	90132	56513
4917	90176	56511
4918	90214	56505
4919	90253	56500
4920	90293	56495
4921	90329	56488
4922	90380	56490
4923	90415	56482
4924	90446	56471
4925	90482	56464
4926	90517	56456
4927	90556	56450
4928	90585	56438
4929	90623	56432
4930	90665	56429
4931	90702	56422
4932	90739	56415
4933	90777	56409
4934	90814	56402
4935	90849	56394
4936	90890	56389
4937	90924	56381
4938	90959	56373
4939	90998	56367
4940	91040	56363
4941	91079	56357
4942	91116	56350
4943	91149	56341
4944	91184	56333
4945	91221	56326
4946	91261	56321
4947	91297	56313
4948	91331	56304
4949	91366	56296
4950	91399	56287
4951	91435	56279
4952	91472	56272
4953	91511	56266
4954	91547	56258
4955	91584	56251
4956	91624	56246
4957	91663	56240
4958	91701	56233
4959	91737	56226
4960	91775	56219
4961	91815	56214
4962	91861	56212
4963	91899	56205
4964	91935	56198
4965	91971	56190
4966	92012	56185
4967	92052	56179
4968	92091	56174
4969	92135	56170
4970	92177	56167
4971	92216	56160
4972	92256	56155
4973	92293	56148
4974	92328	56139
4975	92366	56132
4976	92407	56127
4977	92445	56120
4978	92481	56113
4979	92521	56107
4980	92561	56101
4981	92599	56095
4982	92638	56088
4983	92679	56083
4984	92708	56071
4985	92745	56063
4986	92785	56058
4987	92821	56050
4988	92860	56043
4989	92899	56037
4990	92938	56031
4991	92977	56024
4992	93014	56017
4993	93049	56008
4994	93089	56002
4995	93132	55998
4996	93172	55992
4997	93214	55988
4998	93253	55981
4999	93293	55976
5000	93331	55969
5001	93375	55965
5002	93420	55962
5003	93457	55954
5004	93492	55946
5005	93533	55940
5006	93566	55930
5007	93598	55920
5008	93633	55911
5009	93672	55904
5010	93709	55896
5011	93744	55887
5012	93779	55878
5013	93813	55869
5014	93847	55859
5015	93882	55850
5016	93917	55841
5017	93954	55833
5018	93992	55826
5019	94031	55819
5020	94067	55811
5021	94104	55802
5022	94147	55798
5023	94182	55789
5024	94220	55782
5025	94258	55774
5026	94292	55765
5027	94328	55756
5028	94364	55747
5029	94400	55739
5030	94444	55735
5031	94480	55726
5032	94515	55717
5033	94547	55706
5034	94583	55698
5035	94623	55691
5036	94662	55685
5037	94702	55678
5038	94743	55672
5039	94785	55667
5040	94822	55659
5041	94858	55650
5042	94897	55643
5043	94937	55637
5044	94975	55630
5045	95021	55626
5046	95056	55617
5047	95095	55610
5048	95134	55603
5049	95169	55594
5050	95206	55585
5051	95244	55578
5052	95285	55572
5053	95326	55565
5054	95365	55559
5055	95407	55553
5056	95458	55553
5057	95500	55547
5058	95545	55544
5059	95585	55537
5060	95625	55531
5061	95664	55523
5062	95706	55518
5063	95741	55509
5064	95784	55503
5065	95818	55493
5066	95854	55485
5067	95889	55475
5068	95931	55469
5069	95969	55461
5070	96013	55457
5071	96055	55451
5072	96093	55443
5073	96133	55436
5074	96173	55430
5075	96216	55424
5076	96255	55417
5077	96292	55409
5078	96332	55401
5079	96368	55392
5080	96401	55382
5081	96437	55372
5082	96469	55361
5083	96503	55351
5084	96538	55341
5085	96575	55332
5086	96613	55324
5087	96652	55316
5088	96690	55308
5089	96725	55298
5090	96760	55288
5091	96791	55276
5092	96824	55265
5093	96856	55254
5094	96888	55242
5095	96921	55231
5096	96955	55221
5097	96993	55212
5098	97030	55204
5099	97069	55196
5100	97105	55186
5101	97141	55177
5102	97174	55166
5103	97210	55157
5104	97247	55147
5105	97285	55139
5106	97320	55129
5107	97358	55121
5108	97404	55117
5109	97443	55110
5110	97477	55099
5111	97512	55089
5112	97553	55082
5113	97589	55072
5114	97625	55063
5115	97672	55060
5116	97715	55054
5117	97759	55049
5118	97799	55041
5119	97835	55032
5120	97871	55022
5121	97904	55011
5122	97939	55001
5123	97974	54991
5124	98008	54980
5125	98045	54971
5126	98082	54962
5127	98123	54955
5128	98161	54946
5129	98205	54941
5130	98246	54934
5131	98287	54927
5132	98329	54920
5133	98371	54914
5134	98414	54908
5135	98453	54900
5136	98490	54891
5137	98526	54881
5138	98563	54872
5139	98599	54863
5140	98636	54853
5141	98675	54845
5142	98714	54836
5143	98753	54828
5144	98790	54819
5145	98828	54811
5146	98864	54800
5147	98904	54793
5148	98940	54783
5149	98974	54772
5150	99010	54762
5151	99046	54752
5152	99079	54740
5153	99113	54729
5154	99146	54718
5155	99181	54707
5156	99217	54697
5157	99253	54687
5158	99289	54677
5159	99324	54666
5160	99359	54656
5161	99396	54646
5162	99430	54635
5163	99465	54625
5164	99500	54614
5165	99534	54603
5166	99570	54593
5167	99606	54583
5168	99638	54570
5169	99672	54559
5170	99707	54548
5171	99743	54538
5172	99779	54528
5173	99814	54518
5174	99852	54508
5175	99886	54497
5176	99924	54488
5177	99960	54478
5178	99994	54466
5179	100035	54459
5180	100069	54448
5181	100105	54437
5182	100146	54430
5183	100183	54420
5184	100220	54410
5185	100254	54399
5186	100287	54387
5187	100323	54377
5188	100362	54368
5189	100398	54358
5190	100434	54348
5191	100470	54337
5192	100505	54327
5193	100544	54318
5194	100580	54307
5195	100614	54296
5196	100651	54286
5197	100685	54274
5198	100718	54263
5199	100756	54253
5200	100791	54242
5201	100826	54231
5202	100868	54224
5203	100902	54212
5204	100937	54201
5205	100971	54190
5206	101006	54179
5207	101050	54172
5208	101086	54162
5209	101126	54153
5210	101163	54144
5211	101196	54131
5212	101230	54120
5213	101264	54108
5214	101300	54098
5215	101339	54089
5216	101376	54079
5217	101413	54069
5218	101449	54058
5219	101490	54050
5220	101527	54040
5221	101563	54029
5222	101600	54019
5223	101636	54008
5224	101674	53999
5225	101711	53989
5226	101745	53977
5227	101779	53965
5228	101815	53955
5229	101851	53944
5230	101886	53933
5231	101925	53923
5232	101963	53913
5233	101997	53902
5234	102039	53894
5235	102070	53881
5236	102104	53869
5237	102146	53861
5238	102185	53852
5239	102220	53841
5240	102255	53830
5241	102289	53817
5242	102324	53806
5243	102359	53795
5244	102394	53783
5245	102428	53771
5246	102462	53760
5247	102498	53748
5248	102534	53738
5249	102567	53725
5250	102600	53713
5251	102638	53703
5252	102674	53692
5253	102711	53682
5254	102749	53672
5255	102784	53660
5256	102818	53648
5257	102853	53636
5258	102885	53624
5259	102925	53615
5260	102960	53603
5261	102995	53591
5262	103027	53579
5263	103064	53568
5264	103096	53555
5265	103131	53543
5266	103166	53532
5267	103207	53523
5268	103250	53516
5269	103297	53510
5270	103335	53500
5271	103371	53489
5272	103408	53479
5273	103444	53467
5274	103479	53456
5275	103515	53445
5276	103551	53434
5277	103589	53423
5278	103625	53412
5279	103659	53400
5280	103696	53389
5281	103734	53379
5282	103769	53367
5283	103806	53357
5284	103844	53346
5285	103877	53333
5286	103912	53322
5287	103948	53311
5288	103983	53299
5289	104019	53287
5290	104053	53275
5291	104090	53264
5292	104127	53254
5293	104165	53243
5294	104201	53232
5295	104238	53221
5296	104276	53211
5297	104313	53200
5298	104350	53189
5299	104388	53178
5300	104423	53167
5301	104461	53156
5302	104496	53144
5303	104535	53135
5304	104573	53124
5305	104609	53113
5306	104649	53103
5307	104688	53093
5308	104726	53083
5309	104765	53073
5310	104799	53060
5311	104836	53049
5312	104873	53038
5313	104909	53027
5314	104944	53015
5315	104982	53004
5316	105018	52992
5317	105054	52981
5318	105093	52971
5319	105133	52962
5320	105169	52950
5321	105206	52939
5322	105240	52926
5323	105274	52914
5324	105312	52903
5325	105347	52891
5326	105383	52879
5327	105417	52867
5328	105458	52857
5329	105499	52848
5330	105535	52837
5331	105573	52826
5332	105608	52814
5333	105645	52802
5334	105683	52792
5335	105726	52783
5336	105766	52774
5337	105803	52762
5338	105838	52750
5339	105873	52738
5340	105908	52726
5341	105945	52714
5342	105986	52705
5343	106020	52692
5344	106057	52681
5345	106094	52670
5346	106133	52659
5347	106173	52650
5348	106211	52639
5349	106251	52629
5350	106288	52617
5351	106328	52608
5352	106364	52595
5353	106399	52583
5354	106433	52570
5355	106468	52558
5356	106504	52546
5357	106539	52533
5358	106576	52522
5359	106615	52512
5360	106650	52499
5361	106691	52490
5362	106734	52481
5363	106769	52469
5364	106804	52456
5365	106840	52444
5366	106875	52432
5367	106912	52420
5368	106948	52408
5369	106987	52398
5370	107022	52385
5371	107055	52371
5372	107089	52358
5373	107125	52346
5374	107170	52339
5375	107209	52328
5376	107245	52316
5377	107290	52308
5378	107324	52295
5379	107363	52284
5380	107399	52272
5381	107435	52260
5382	107470	52247
5383	107503	52234
5384	107538	52221
5385	107578	52211
5386	107612	52198
5387	107649	52186
5388	107690	52176
5389	107723	52163
5390	107755	52148
5391	107789	52135
5392	107823	52122
5393	107859	52109
5394	107895	52097
5395	107929	52084
5396	107968	52073
5397	108003	52061
5398	108039	52048
5399	108076	52036
5400	108112	52024
5401	108146	52011
5402	108181	51998
5403	108219	51987
5404	108254	51973
5405	108287	51960
5406	108326	51949
5407	108366	51938
5408	108403	51926
5409	108439	51914
5410	108477	51903
5411	108522	51895
5412	108557	51882
5413	108592	51869
5414	108628	51856
5415	108662	51843
5416	108697	51830
5417	108735	51819
5418	108771	51806
5419	108814	51797
5420	108852	51785
5421	108888	51773
5422	108923	51760
5423	108961	51748
5424	108994	51734
5425	109029	51721
5426	109066	51709
5427	109104	51697
5428	109149	51689
5429	109187	51678
5430	109221	51664
5431	109257	51651
5432	109294	51639
5433	109328	51626
5434	109366	51614
5435	109403	51602
5436	109443	51591
5437	109480	51579
5438	109517	51567
5439	109552	51554
5440	109589	51542
5441	109629	51531
5442	109668	51519
5443	109701	51505
5444	109736	51492
5445	109772	51479
5446	109807	51466
5447	109841	51452
5448	109880	51441
5449	109914	51427
5450	109949	51414
5451	109988	51403
5452	110025	51390
5453	110060	51377
5454	110096	51364
5455	110132	51352
5456	110173	51341
5457	110209	51328
5458	110243	51315
5459	110278	51301
5460	110315	51289
5461	110353	51277
5462	110390	51264
5463	110427	51252
5464	110465	51240
5465	110500	51227
5466	110539	51215
5467	110572	51201
5468	110608	51188
5469	110643	51175
5470	110679	51162
5471	110716	51149
5472	110749	51135
5473	110786	51122
5474	110823	51110
5475	110861	51098
5476	110901	51087
5477	110940	51075
5478	110974	51061
5479	111011	51048
5480	111048	51036
5481	111084	51023
5482	111123	51011
5483	111160	50999
5484	111197	50986
5485	111232	50972
5486	111266	50959
5487	111301	50945
5488	111339	50933
5489	111375	50920
5490	111408	50906
5491	111442	50891
5492	111477	50878
5493	111512	50864
5494	111551	50852
5495	111583	50837
5496	111618	50824
5497	111653	50810
5498	111689	50797
5499	111723	50783
5500	111759	50770
5501	111796	50757
5502	111832	50744
5503	111867	50730
5504	111904	50717
5505	111943	50705
5506	111979	50692
5507	112013	50678
5508	112049	50665
5509	112089	50653
5510	112127	50641
5511	112165	50629
5512	112202	50616
5513	112237	50602
5514	112275	50590
5515	112311	50576
5516	112346	50562
5517	112380	50548
5518	112419	50536
5519	112457	50524
5520	112493	50510
5521	112529	50497
5522	112564	50484
5523	112600	50470
5524	112636	50457
5525	112671	50443
5526	112707	50429
5527	112744	50416
5528	112780	50403
5529	112817	50390
5530	112855	50377
5531	112891	50364
5532	112927	50351
5533	112963	50337
5534	112997	50323
5535	113031	50309
5536	113069	50296
5537	113107	50283
5538	113141	50269
5539	113178	50256
5540	113217	50244
5541	113255	50231
5542	113292	50218
5543	113325	50203
5544	113361	50190
5545	113398	50176
5546	113433	50162
5547	113472	50150
5548	113507	50136
5549	113544	50123
5550	113584	50111
5551	113619	50097
5552	113656	50084
5553	113693	50071
5554	113729	50057
5555	113761	50041
5556	113795	50027
5557	113829	50012
5558	113863	49998
5559	113904	49986
5560	113939	49972
5561	113974	49958
5562	114014	49946
5563	114049	49932
5564	114086	49919
5565	114123	49906
5566	114159	49892
5567	114192	49877
5568	114228	49863
5569	114266	49850
5570	114304	49837
5571	114341	49824
5572	114376	49810
5573	114414	49797
5574	114450	49783
5575	114485	49768
5576	114517	49753
5577	114553	49739
5578	114589	49726
5579	114625	49711
5580	114662	49698
5581	114695	49683
5582	114735	49671
5583	114770	49657
5584	114803	49642
5585	114840	49628
5586	114879	49615
5587	114922	49605
5588	114956	49590
5589	114992	49576
5590	115030	49563
5591	115065	49548
5592	115103	49535
5593	115143	49523
5594	115193	49515
5595	115244	49508
5596	115283	49495
5597	115318	49481
5598	115363	49470
5599	115402	49458
5600	115438	49444
5601	115471	49428
5602	115509	49415
5603	115545	49401
5604	115588	49390
5605	115636	49381
5606	115679	49370
5607	115715	49356
5608	115749	49341
5609	115786	49327
5610	115823	49314
5611	115860	49300
5612	115897	49286
5613	115935	49273
5614	115974	49260
5615	116015	49248
5616	116054	49235
5617	116094	49223
5618	116130	49209
5619	116169	49196
5620	116208	49183
5621	116248	49171
5622	116283	49156
5623	116320	49142
5624	116357	49128
5625	116394	49114
5626	116434	49102
5627	116472	49089
5628	116509	49074
5629	116551	49063
5630	116593	49051
5631	116632	49038
5632	116670	49025
5633	116705	49010
5634	116744	48997
5635	116782	48984
5636	116817	48969
5637	116852	48954
5638	116895	48943
5639	116935	48930
5640	116972	48916
5641	117007	48901
5642	117044	48887
5643	117082	48874
5644	117122	48861
5645	117161	48848
5646	117199	48834
5647	117233	48819
5648	117269	48805
5649	117303	48789
5650	117338	48775
5651	117373	48760
5652	117411	48746
5653	117447	48732
5654	117483	48717
5655	117518	48702
5656	117553	48687
5657	117586	48672
5658	117624	48658
5659	117663	48645
5660	117700	48631
5661	117735	48616
5662	117771	48601
5663	117806	48587
5664	117843	48572
5665	117880	48558
5666	117919	48545
5667	117958	48532
5668	117998	48518
5669	118034	48504
5670	118070	48490
5671	118109	48476
5672	118146	48462
5673	118182	48447
5674	118218	48432
5675	118254	48418
5676	118288	48403
5677	118324	48388
5678	118360	48373
5679	118396	48359
5680	118432	48344
5681	118479	48334
5682	118515	48319
5683	118552	48305
5684	118590	48291
5685	118626	48276
5686	118664	48263
5687	118699	48247
5688	118737	48233
5689	118776	48220
5690	118814	48206
5691	118864	48197
5692	118901	48183
5693	118941	48169
5694	118977	48154
5695	119011	48139
5696	119048	48124
5697	119083	48109
5698	119118	48094
5699	119156	48080
5700	119195	48067
5701	119234	48053
5702	119273	48039
5703	119309	48025
5704	119347	48010
5705	119382	47995
5706	119418	47980
5707	119455	47966
5708	119495	47953
5709	119538	47940
5710	119575	47926
5711	119612	47912
5712	119649	47897
5713	119685	47882
5714	119723	47868
5715	119760	47853
5716	119798	47839
5717	119836	47825
5718	119873	47810
5719	119910	47796
5720	119949	47782
5721	119981	47766
5722	120016	47750
5723	120051	47735
5724	120088	47720
5725	120123	47705
5726	120160	47690
5727	120192	47673
5728	120228	47659
5729	120265	47644
5730	120304	47630
5731	120345	47617
5732	120381	47602
5733	120416	47587
5734	120449	47570
5735	120485	47555
5736	120521	47540
5737	120563	47527
5738	120609	47516
5739	120649	47503
5740	120684	47487
5741	120719	47472
5742	120754	47456
5743	120790	47441
5744	120828	47426
5745	120864	47411
5746	120898	47396
5747	120933	47380
5748	120971	47365
5749	121007	47350
5750	121042	47335
5751	121080	47320
5752	121121	47307
5753	121162	47294
5754	121204	47281
5755	121246	47268
5756	121289	47255
5757	121325	47240
5758	121364	47226
5759	121402	47212
5760	121439	47197
5761	121482	47184
5762	121519	47169
5763	121554	47154
5764	121594	47140
5765	121627	47123
5766	121663	47108
5767	121706	47095
5768	121743	47080
5769	121778	47065
5770	121816	47050
5771	121854	47035
5772	121894	47022
5773	121931	47007
5774	121969	46992
5775	122007	46978
5776	122041	46961
5777	122075	46945
5778	122110	46929
5779	122149	46915
5780	122189	46901
5781	122230	46888
5782	122269	46873
5783	122308	46859
5784	122344	46844
5785	122379	46828
5786	122417	46813
5787	122453	46798
5788	122489	46782
5789	122525	46767
5790	122562	46751
5791	122597	46735
5792	122637	46722
5793	122672	46706
5794	122705	46689
5795	122741	46673
5796	122777	46658
5797	122815	46643
5798	122854	46629
5799	122890	46613
5800	122927	46598
5801	122961	46582
5802	122995	46565
5803	123029	46549
5804	123066	46534
5805	123101	46518
5806	123138	46502
5807	123181	46489
5808	123219	46475
5809	123255	46459
5810	123291	46443
5811	123328	46428
5812	123368	46414
5813	123403	46398
5814	123444	46384
5815	123483	46369
5816	123521	46354
5817	123556	46338
5818	123592	46323
5819	123630	46308
5820	123670	46293
5821	123704	46277
5822	123739	46261
5823	123775	46245
5824	123810	46229
5825	123849	46215
5826	123884	46198
5827	123919	46182
5828	123954	46166
5829	123992	46151
5830	124028	46135
5831	124061	46118
5832	124097	46103
5833	124133	46087
5834	124170	46071
5835	124205	46055
5836	124240	46039
5837	124276	46023
5838	124312	46007
5839	124349	45992
5840	124385	45976
5841	124418	45959
5842	124454	45943
5843	124488	45927
5844	124525	45911
5845	124559	45894
5846	124598	45879
5847	124634	45864
5848	124670	45848
5849	124706	45832
5850	124744	45817
5851	124779	45800
5852	124817	45785
5853	124856	45770
5854	124893	45755
5855	124932	45740
5856	124970	45725
5857	125006	45708
5858	125044	45693
5859	125081	45678
5860	125118	45662
5861	125157	45647
5862	125213	45639
5863	125253	45624
5864	125287	45607
5865	125326	45592
5866	125365	45577
5867	125401	45561
5868	125437	45545
5869	125477	45530
5870	125513	45514
5871	125553	45500
5872	125592	45485
5873	125627	45468
5874	125663	45452
5875	125702	45437
5876	125737	45421
5877	125774	45405
5878	125812	45390
5879	125852	45375
5880	125888	45359
5881	125925	45343
5882	125966	45328
5883	126002	45313
5884	126036	45296
5885	126070	45279
5886	126110	45264
5887	126147	45248
5888	126180	45231
5889	126216	45214
5890	126255	45199
5891	126288	45182
5892	126323	45166
5893	126358	45149
5894	126391	45132
5895	126428	45116
5896	126464	45099
5897	126498	45083
5898	126535	45067
5899	126571	45051
5900	126608	45034
5901	126644	45018
5902	126678	45001
5903	126711	44984
5904	126752	44969
5905	126787	44953
5906	126822	44936
5907	126859	44920
5908	126894	44903
5909	126931	44887
5910	126967	44871
5911	127003	44855
5912	127035	44837
5913	127070	44820
5914	127105	44803
5915	127140	44787
5916	127180	44772
5917	127214	44755
5918	127252	44739
5919	127299	44726
5920	127342	44712
5921	127383	44698
5922	127425	44684
5923	127467	44669
5924	127502	44652
5925	127537	44635
5926	127574	44619
5927	127612	44604
5928	127646	44586
5929	127684	44571
5930	127720	44554
5931	127755	44537
5932	127790	44521
5933	127828	44505
5934	127864	44488
5935	127903	44473
5936	127938	44456
5937	127976	44440
5938	128017	44425
5939	128061	44411
5940	128107	44398
5941	128145	44382
5942	128183	44367
5943	128225	44352
5944	128264	44337
5945	128303	44321
5946	128340	44305
5947	128379	44289
5948	128414	44272
5949	128447	44255
5950	128482	44238
5951	128527	44224
5952	128571	44210
5953	128609	44194
5954	128649	44179
5955	128695	44166
5956	128737	44151
5957	128770	44133
5958	128808	44117
5959	128846	44101
5960	128881	44084
5961	128920	44069
5962	128960	44053
5963	128996	44037
5964	129039	44022
5965	129077	44006
5966	129115	43990
5967	129152	43974
5968	129187	43957
5969	129222	43940
5970	129256	43922
5971	129296	43907
5972	129332	43890
5973	129370	43874
5974	129407	43857
5975	129445	43841
5976	129481	43824
5977	129518	43808
5978	129557	43792
5979	129592	43775
5980	129626	43758
5981	129663	43741
5982	129697	43723
5983	129732	43706
5984	129769	43690
5985	129807	43673
5986	129842	43656
5987	129879	43640
5988	129914	43623
5989	129949	43605
5990	129984	43588
5991	130021	43571
5992	130059	43555
5993	130103	43541
5994	130138	43524
5995	130174	43507
5996	130212	43490
5997	130250	43474
5998	130293	43460
5999	130330	43443
6000	130368	43427
6001	130402	43409
6002	130438	43392
6003	130473	43375
6004	130512	43359
6005	130550	43343
6006	130589	43327
6007	130627	43310
6008	130659	43292
6009	130694	43274
6010	130728	43257
6011	130762	43239
6012	130797	43222
6013	130834	43205
6014	130870	43188
6015	130908	43171
6016	130946	43155
6017	130985	43139
6018	131023	43123
6019	131061	43106
6020	131098	43089
6021	131191	43091
6022	131275	43090
6023	131309	43072
6024	131344	43054
6025	131382	43038
6026	131416	43020
6027	131450	43002
6028	131487	42985
6029	131522	42968
6030	131560	42951
6031	131604	42937
6032	131639	42919
6033	131675	42902
6034	131708	42884
6035	131747	42868
6036	131785	42851
6037	131821	42834
6038	131853	42815
6039	131890	42798
6040	131929	42782
6041	131970	42766
6042	132007	42750
6043	132044	42733
6044	132083	42716
6045	132118	42699
6046	132154	42681
6047	132190	42664
6048	132225	42647
6049	132261	42629
6050	132299	42613
6051	132336	42596
6052	132375	42579
6053	132411	42562
6054	132446	42544
6055	132481	42526
6056	132516	42509
6057	132553	42492
6058	132586	42474
6059	132621	42456
6060	132655	42438
6061	132693	42421
6062	132728	42403
6063	132765	42386
6064	132802	42369
6065	132837	42352
6066	132872	42334
6067	132906	42316
6068	132942	42299
6069	132980	42282
6070	133015	42264
6071	133056	42248
6072	133092	42231
6073	133130	42214
6074	133164	42196
6075	133201	42179
6076	133240	42162
6077	133278	42145
6078	133312	42127
6079	133347	42109
6080	133380	42091
6081	133419	42074
6082	133454	42056
6083	133494	42040
6084	133531	42023
6085	133570	42006
6086	133605	41989
6087	133643	41972
6088	133678	41954
6089	133710	41935
6090	133749	41918
6091	133785	41901
6092	133820	41883
6093	133854	41865
6094	133893	41848
6095	133929	41830
6096	133967	41814
6097	134005	41796
6098	134041	41779
6099	134078	41762
6100	134115	41744
6101	134150	41726
6102	134183	41708
6103	134220	41690
6104	134256	41673
6105	134291	41655
6106	134328	41637
6107	134363	41620
6108	134399	41602
6109	134437	41585
6110	134470	41566
6111	134503	41548
6112	134539	41530
6113	134573	41512
6114	134605	41493
6115	134642	41475
6116	134676	41457
6117	134710	41439
6118	134749	41422
6119	134784	41404
6120	134820	41386
6121	134854	41368
6122	134891	41350
6123	134928	41333
6124	134962	41315
6125	135000	41297
6126	135039	41281
6127	135078	41264
6128	135113	41246
6129	135149	41228
6130	135184	41210
6131	135220	41192
6132	135260	41175
6133	135298	41158
6134	135335	41141
6135	135371	41123
6136	135406	41105
6137	135443	41087
6138	135481	41070
6139	135517	41052
6140	135554	41034
6141	135587	41016
6142	135621	40997
6143	135653	40978
6144	135690	40961
6145	135728	40943
6146	135763	40925
6147	135802	40908
6148	135837	40890
6149	135872	40872
6150	135907	40854
6151	135943	40836
6152	135979	40818
6153	136018	40801
6154	136054	40783
6155	136093	40766
6156	136134	40749
6157	136168	40731
6158	136205	40713
6159	136241	40695
6160	136276	40677
6161	136310	40658
6162	136348	40641
6163	136388	40624
6164	136434	40609
6165	136468	40590
6166	136504	40572
6167	136540	40554
6168	136575	40536
6169	136614	40519
6170	136652	40502
6171	136686	40483
6172	136721	40464
6173	136760	40447
6174	136795	40429
6175	136835	40412
6176	136870	40394
6177	136904	40375
6178	136942	40358
6179	136976	40339
6180	137014	40321
6181	137053	40304
6182	137086	40285
6183	137122	40267
6184	137159	40249
6185	137197	40232
6186	137232	40213
6187	137268	40195
6188	137301	40176
6189	137336	40158
6190	137371	40139
6191	137408	40121
6192	137444	40103
6193	137482	40086
6194	137516	40067
6195	137553	40049
6196	137587	40030
6197	137621	40011
6198	137655	39993
6199	137690	39974
6200	137730	39957
6201	137767	39939
6202	137801	39920
6203	137842	39904
6204	137880	39886
6205	137919	39868
6206	137954	39850
6207	137992	39833
6208	138028	39814
6209	138063	39796
6210	138101	39778
6211	138140	39760
6212	138175	39742
6213	138213	39724
6214	138249	39706
6215	138285	39688
6216	138320	39669
6217	138354	39650
6218	138399	39634
6219	138441	39618
6220	138475	39599
6221	138510	39580
6222	138549	39563
6223	138585	39545
6224	138620	39526
6225	138653	39506
6226	138690	39489
6227	138728	39471
6228	138764	39452
6229	138799	39434
6230	138835	39415
6231	138870	39397
6232	138905	39378
6233	138941	39360
6234	138979	39342
6235	139014	39323
6236	139049	39304
6237	139086	39286
6238	139120	39267
6239	139157	39249
6240	139194	39231
6241	139232	39213
6242	139272	39196
6243	139310	39178
6244	139346	39159
6245	139382	39141
6246	139417	39122
6247	139451	39103
6248	139487	39085
6249	139522	39066
6250	139559	39048
6251	139594	39029
6252	139629	39010
6253	139663	38991
6254	139699	38972
6255	139735	38954
6256	139771	38935
6257	139807	38917
6258	139842	38898
6259	139879	38880
6260	139915	38861
6261	139949	38842
6262	139984	38823
6263	140020	38805
6264	140057	38786
6265	140092	38768
6266	140125	38748
6267	140160	38729
6268	140195	38710
6269	140230	38691
6270	140264	38672
6271	140298	38653
6272	140336	38635
6273	140372	38616
6274	140404	38597
6275	140439	38578
6276	140471	38558
6277	140504	38539
6278	140541	38520
6279	140576	38501
6280	140610	38482
6281	140645	38463
6282	140681	38444
6283	140718	38426
6284	140757	38408
6285	140792	38389
6286	140828	38371
6287	140864	38352
6288	140901	38333
6289	140935	38314
6290	140974	38296
6291	141009	38277
6292	141044	38258
6293	141080	38240
6294	141117	38221
6295	141150	38202
6296	141188	38183
6297	141222	38164
6298	141258	38145
6299	141294	38127
6300	141331	38108
6301	141364	38088
6302	141398	38069
6303	141435	38051
6304	141472	38032
6305	141510	38014
6306	141545	37995
6307	141590	37978
6308	141626	37960
6309	141659	37940
6310	141697	37922
6311	141732	37903
6312	141769	37884
6313	141807	37866
6314	141845	37848
6315	141881	37828
6316	141915	37809
6317	141950	37790
6318	141984	37771
6319	142021	37752
6320	142058	37733
6321	142093	37714
6322	142133	37697
6323	142167	37677
6324	142202	37658
6325	142237	37639
6326	142273	37620
6327	142310	37601
6328	142346	37582
6329	142387	37565
6330	142424	37546
6331	142459	37527
6332	142495	37508
6333	142533	37489
6334	142570	37471
6335	142609	37452
6336	142649	37434
6337	142688	37416
6338	142727	37398
6339	142763	37379
6340	142799	37360
6341	142837	37342
6342	142875	37323
6343	142910	37304
6344	142945	37285
6345	142981	37266
6346	143014	37246
6347	143048	37226
6348	143085	37208
6349	143121	37189
6350	143155	37169
6351	143193	37150
6352	143233	37133
6353	143268	37113
6354	143305	37094
6355	143342	37076
6356	143376	37056
6357	143415	37038
6358	143451	37019
6359	143489	37000
6360	143525	36981
6361	143564	36963
6362	143604	36945
6363	143640	36925
6364	143676	36906
6365	143713	36887
6366	143750	36868
6367	143786	36849
6368	143822	36830
6369	143860	36812
6370	143894	36792
6371	143929	36773
6372	143965	36753
6373	144004	36735
6374	144042	36716
6375	144081	36698
6376	144118	36679
6377	144154	36660
6378	144190	36641
6379	144227	36622
6380	144261	36602
6381	144297	36583
6382	144338	36565
6383	144378	36547
6384	144415	36527
6385	144453	36509
6386	144488	36489
6387	144528	36471
6388	144568	36453
6389	144606	36434
6390	144639	36414
6391	144673	36394
6392	144709	36375
6393	144745	36356
6394	144784	36337
6395	144823	36319
6396	144862	36300
6397	144900	36281
6398	144944	36264
6399	144979	36244
6400	145012	36224
6401	145048	36205
6402	145089	36187
6403	145126	36168
6404	145165	36149
6405	145201	36130
6406	145239	36111
6407	145277	36092
6408	145311	36072
6409	145351	36054
6410	145389	36035
6411	145424	36015
6412	145461	35996
6413	145497	35977
6414	145533	35958
6415	145578	35940
6416	145619	35922
6417	145654	35902
6418	145690	35883
6419	145731	35865
6420	145768	35846
6421	145804	35826
6422	145838	35806
6423	145877	35788
6424	145918	35769
6425	145952	35750
6426	145984	35729
6427	146020	35710
6428	146059	35691
6429	146098	35672
6430	146136	35653
6431	146173	35634
6432	146209	35614
6433	146248	35596
6434	146285	35576
6435	146322	35557
6436	146360	35538
6437	146399	35519
6438	146442	35501
6439	146480	35482
6440	146518	35463
6441	146554	35444
6442	146590	35424
6443	146625	35405
6444	146662	35385
6445	146699	35366
6446	146733	35346
6447	146769	35326
6448	146801	35306
6449	146837	35286
6450	146874	35267
6451	146914	35248
6452	146951	35229
6453	146988	35209
6454	147022	35189
6455	147057	35169
6456	147091	35149
6457	147127	35130
6458	147162	35110
6459	147198	35090
6460	147232	35070
6461	147270	35051
6462	147312	35033
6463	147351	35014
6464	147391	34995
6465	147429	34976
6466	147463	34956
6467	147501	34937
6468	147547	34919
6469	147579	34898
6470	147619	34880
6471	147661	34861
6472	147701	34843
6473	147737	34823
6474	147776	34804
6475	147812	34784
6476	147848	34765
6477	147888	34746
6478	147930	34727
6479	147963	34707
6480	148001	34688
6481	148039	34668
6482	148077	34649
6483	148115	34630
6484	148149	34610
6485	148187	34590
6486	148226	34571
6487	148264	34552
6488	148300	34532
6489	148338	34513
6490	148377	34494
6491	148411	34473
6492	148446	34453
6493	148486	34434
6494	148521	34414
6495	148555	34394
6496	148590	34374
6497	148625	34354
6498	148660	34334
6499	148696	34314
6500	148735	34295
6501	148773	34275
6502	148813	34257
6503	148849	34237
6504	148887	34217
6505	148924	34198
6506	148958	34177
6507	148994	34157
6508	149031	34138
6509	149067	34118
6510	149103	34098
6511	149149	34080
6512	149187	34061
6513	149223	34041
6514	149259	34021
6515	149295	34001
6516	149333	33982
6517	149371	33962
6518	149409	33943
6519	149447	33923
6520	149481	33903
6521	149516	33883
6522	149552	33863
6523	149589	33843
6524	149623	33823
6525	149664	33804
6526	149705	33785
6527	149737	33764
6528	149777	33745
6529	149814	33725
6530	149850	33705
6531	149887	33685
6532	149924	33665
6533	149958	33645
6534	149995	33625
6535	150037	33606
6536	150072	33586
6537	150109	33566
6538	150145	33546
6539	150183	33527
6540	150221	33507
6541	150258	33487
6542	150298	33468
6543	150342	33450
6544	150381	33430
6545	150419	33411
6546	150455	33391
6547	150495	33372
6548	150534	33352
6549	150574	33333
6550	150611	33313
6551	150649	33293
6552	150686	33273
6553	150724	33254
6554	150763	33234
6555	150799	33214
6556	150834	33194
6557	150872	33174
6558	150907	33154
6559	150942	33133
6560	150977	33113
6561	151011	33092
6562	151047	33072
6563	151083	33052
6564	151117	33031
6565	151155	33012
6566	151195	32992
6567	151228	32971
6568	151268	32952
6569	151308	32933
6570	151346	32913
6571	151385	32893
6572	151420	32873
6573	151453	32852
6574	151487	32831
6575	151522	32811
6576	151557	32790
6577	151594	32771
6578	151631	32751
6579	151667	32730
6580	151709	32711
6581	151747	32691
6582	151786	32672
6583	151822	32651
6584	151864	32632
6585	151900	32612
6586	151935	32592
6587	151971	32571
6588	152012	32552
6589	152049	32532
6590	152085	32512
6591	152123	32492
6592	152159	32472
6593	152193	32451
6594	152227	32430
6595	152262	32409
6596	152296	32389
6597	152333	32369
6598	152370	32348
6599	152412	32329
6600	152445	32309
6601	152481	32288
6602	152522	32269
6603	152560	32249
6604	152594	32228
6605	152633	32208
6606	152675	32189
6607	152709	32168
6608	152742	32147
6609	152780	32127
6610	152817	32107
6611	152855	32087
6612	152893	32067
6613	152925	32046
6614	152962	32026
6615	152999	32005
6616	153035	31985
6617	153075	31965
6618	153110	31945
6619	153147	31925
6620	153184	31904
6621	153224	31885
6622	153265	31865
6623	153303	31845
6624	153338	31825
6625	153374	31804
6626	153411	31784
6627	153446	31763
6628	153481	31742
6629	153518	31722
6630	153553	31701
6631	153584	31680
6632	153621	31659
6633	153660	31639
6634	153701	31620
6635	153734	31599
6636	153773	31579
6637	153808	31558
6638	153842	31537
6639	153875	31516
6640	153917	31497
6641	153953	31476
6642	153992	31456
6643	154031	31436
6644	154064	31415
6645	154101	31395
6646	154138	31374
6647	154172	31354
6648	154210	31333
6649	154249	31313
6650	154287	31293
6651	154330	31274
6652	154375	31255
6653	154411	31234
6654	154447	31214
6655	154483	31193
6656	154520	31173
6657	154562	31153
6658	154597	31133
6659	154633	31112
6660	154673	31092
6661	154709	31071
6662	154746	31051
6663	154784	31031
6664	154820	31010
6665	154862	30991
6666	154897	30970
6667	154939	30950
6668	154974	30929
6669	155011	30909
6670	155045	30888
6671	155087	30868
6672	155125	30848
6673	155161	30827
6674	155199	30807
6675	155235	30786
6676	155275	30766
6677	155311	30745
6678	155350	30725
6679	155405	30708
6680	155446	30689
6681	155489	30669
6682	155526	30649
6683	155561	30628
6684	155596	30607
6685	155632	30586
6686	155673	30566
6687	155709	30545
6688	155747	30525
6689	155782	30504
6690	155819	30483
6691	155858	30463
6692	155895	30443
6693	155932	30422
6694	155971	30402
6695	156006	30381
6696	156043	30360
6697	156077	30339
6698	156112	30318
6699	156154	30298
6700	156194	30278
6701	156234	30258
6702	156269	30237
6703	156304	30216
6704	156342	30195
6705	156378	30174
6706	156412	30153
6707	156450	30133
6708	156489	30112
6709	156522	30091
6710	156559	30070
6711	156596	30050
6712	156633	30029
6713	156671	30008
6714	156708	29988
6715	156747	29967
6716	156784	29947
6717	156820	29926
6718	156858	29905
6719	156895	29884
6720	156931	29863
6721	156969	29843
6722	157007	29822
6723	157044	29802
6724	157081	29781
6725	157117	29760
6726	157152	29739
6727	157192	29718
6728	157228	29698
6729	157266	29677
6730	157305	29656
6731	157342	29636
6732	157380	29615
6733	157419	29594
6734	157456	29574
6735	157492	29553
6736	157528	29532
6737	157562	29510
6738	157601	29490
6739	157638	29469
6740	157675	29448
6741	157711	29427
6742	157743	29405
6743	157776	29384
6744	157810	29362
6745	157847	29341
6746	157889	29321
6747	157927	29301
6748	157964	29280
6749	157999	29259
6750	158033	29237
6751	158067	29216
6752	158105	29195
6753	158139	29174
6754	158176	29153
6755	158209	29131
6756	158246	29110
6757	158281	29089
6758	158316	29067
6759	158350	29046
6760	158385	29025
6761	158422	29004
6762	158458	28983
6763	158492	28961
6764	158527	28940
6765	158561	28918
6766	158596	28897
6767	158634	28876
6768	158675	28856
6769	158709	28835
6770	158745	28813
6771	158785	28793
6772	158823	28772
6773	158858	28751
6774	158894	28730
6775	158930	28708
6776	158966	28687
6777	159002	28666
6778	159035	28644
6779	159069	28623
6780	159104	28601
6781	159143	28580
6782	159179	28559
6783	159217	28539
6784	159256	28518
6785	159289	28496
6786	159325	28475
6787	159360	28453
6788	159392	28431
6789	159429	28410
6790	159469	28390
6791	159505	28369
6792	159541	28347
6793	159574	28326
6794	159609	28304
6795	159645	28283
6796	159680	28261
6797	159714	28240
6798	159751	28219
6799	159786	28197
6800	159827	28177
6801	159862	28155
6802	159898	28134
6803	159936	28113
6804	159972	28092
6805	160008	28070
6806	160045	28049
6807	160081	28028
6808	160116	28006
6809	160151	27985
6810	160189	27964
6811	160236	27944
6812	160276	27924
6813	160311	27902
6814	160350	27881
6815	160384	27860
6816	160419	27838
6817	160454	27817
6818	160488	27795
6819	160523	27773
6820	160559	27752
6821	160596	27731
6822	160638	27710
6823	160677	27690
6824	160714	27668
6825	160753	27647
6826	160788	27626
6827	160824	27604
6828	160858	27583
6829	160900	27562
6830	160937	27541
6831	160984	27521
6832	161020	27500
6833	161061	27479
6834	161096	27458
6835	161135	27437
6836	161170	27415
6837	161213	27395
6838	161253	27374
6839	161300	27354
6840	161339	27334
6841	161378	27313
6842	161413	27291
6843	161450	27270
6844	161483	27248
6845	161518	27226
6846	161551	27204
6847	161586	27182
6848	161623	27161
6849	161659	27139
6850	161700	27119
6851	161737	27097
6852	161774	27076
6853	161810	27055
6854	161848	27033
6855	161885	27012
6856	161922	26990
6857	161960	26969
6858	161996	26948
6859	162034	26926
6860	162069	26905
6861	162106	26883
6862	162141	26862
6863	162177	26840
6864	162212	26818
6865	162248	26797
6866	162286	26775
6867	162321	26754
6868	162355	26732
6869	162389	26710
6870	162423	26688
6871	162457	26666
6872	162494	26645
6873	162528	26623
6874	162559	26600
6875	162593	26578
6876	162626	26556
6877	162661	26534
6878	162697	26513
6879	162731	26491
6880	162765	26469
6881	162800	26447
6882	162833	26425
6883	162871	26403
6884	162906	26382
6885	162939	26359
6886	162971	26337
6887	163006	26315
6888	163041	26294
6889	163080	26272
6890	163116	26251
6891	163153	26229
6892	163194	26208
6893	163233	26187
6894	163268	26165
6895	163306	26144
6896	163342	26122
6897	163378	26100
6898	163419	26079
6899	163453	26057
6900	163492	26036
6901	163529	26014
6902	163566	25993
6903	163604	25972
6904	163639	25950
6905	163679	25928
6906	163716	25907
6907	163751	25885
6908	163785	25863
6909	163822	25841
6910	163857	25819
6911	163894	25798
6912	163930	25776
6913	163969	25755
6914	164006	25733
6915	164041	25711
6916	164077	25689
6917	164110	25667
6918	164144	25645
6919	164177	25623
6920	164212	25601
6921	164247	25579
6922	164282	25557
6923	164323	25536
6924	164361	25514
6925	164399	25493
6926	164438	25471
6927	164476	25450
6928	164511	25428
6929	164547	25406
6930	164586	25384
6931	164623	25363
6932	164661	25341
6933	164696	25319
6934	164733	25297
6935	164768	25275
6936	164801	25253
6937	164833	25231
6938	164870	25209
6939	164903	25187
6940	164940	25165
6941	164977	25143
6942	165014	25121
6943	165049	25099
6944	165087	25078
6945	165124	25056
6946	165162	25034
6947	165197	25012
6948	165236	24991
6949	165274	24969
6950	165311	24947
6951	165347	24925
6952	165384	24903
6953	165419	24881
6954	165456	24860
6955	165495	24838
6956	165537	24817
6957	165574	24795
6958	165612	24774
6959	165654	24752
6960	165693	24731
6961	165729	24709
6962	165763	24687
6963	165796	24664
6964	165832	24642
6965	165868	24620
6966	165902	24598
6967	165938	24576
6968	165973	24554
6969	166010	24532
6970	166043	24509
6971	166079	24487
6972	166120	24466
6973	166157	24444
6974	166191	24422
6975	166229	24400
6976	166266	24378
6977	166301	24356
6978	166340	24334
6979	166375	24312
6980	166412	24290
6981	166450	24269
6982	166485	24246
6983	166521	24224
6984	166554	24202
6985	166587	24179
6986	166622	24157
6987	166660	24135
6988	166695	24113
6989	166732	24091
6990	166768	24069
6991	166806	24047
6992	166848	24026
6993	166884	24004
6994	166920	23982
6995	166956	23959
6996	166994	23938
6997	167029	23915
6998	167066	23893
6999	167101	23871
7000	167136	23849
7001	167174	23827
7002	167211	23805
7003	167250	23783
7004	167289	23761
7005	167326	23740
7006	167363	23717
7007	167403	23696
7008	167438	23674
7009	167474	23651
7010	167511	23629
7011	167545	23607
7012	167583	23585
7013	167621	23563
7014	167658	23541
7015	167695	23519
7016	167731	23497
7017	167763	23474
7018	167799	23452
7019	167833	23429
7020	167871	23407
7021	167909	23385
7022	167947	23363
7023	167985	23341
7024	168022	23319
7025	168060	23297
7026	168097	23275
7027	168133	23253
7028	168168	23231
7029	168205	23209
7030	168242	23186
7031	168280	23164
7032	168326	23144
7033	168365	23122
7034	168401	23099
7035	168436	23077
7036	168474	23055
7037	168510	23033
7038	168545	23010
7039	168584	22988
7040	168620	22966
7041	168659	22944
7042	168697	22922
7043	168733	22900
7044	168773	22878
7045	168809	22856
7046	168845	22833
7047	168881	22811
7048	168919	22789
7049	168958	22767
7050	168995	22745
7051	169034	22723
7052	169071	22701
7053	169105	22678
7054	169138	22655
7055	169174	22633
7056	169209	22610
7057	169244	22588
7058	169278	22565
7059	169314	22543
7060	169347	22520
7061	169382	22498
7062	169417	22475
7063	169456	22453
7064	169493	22431
7065	169528	22408
7066	169563	22386
7067	169596	22363
7068	169630	22340
7069	169666	22318
7070	169702	22295
7071	169737	22273
7072	169772	22250
7073	169808	22228
7074	169841	22205
7075	169879	22183
7076	169916	22160
7077	169957	22139
7078	169996	22117
7079	170029	22094
7080	170065	22071
7081	170101	22049
7082	170137	22026
7083	170178	22005
7084	170214	21982
7085	170248	21959
7086	170285	21937
7087	170320	21914
7088	170358	21892
7089	170397	21870
7090	170438	21848
7091	170475	21826
7092	170511	21803
7093	170544	21780
7094	170576	21757
7095	170614	21735
7096	170654	21713
7097	170694	21691
7098	170731	21669
7099	170767	21646
7100	170803	21624
7101	170838	21601
7102	170875	21578
7103	170913	21556
7104	170952	21534
7105	170992	21512
7106	171030	21490
7107	171065	21467
7108	171103	21445
7109	171140	21422
7110	171178	21400
7111	171220	21378
7112	171258	21356
7113	171294	21333
7114	171327	21310
7115	171365	21288
7116	171403	21265
7117	171443	21243
7118	171477	21220
7119	171512	21198
7120	171548	21175
7121	171584	21152
7122	171620	21130
7123	171655	21107
7124	171691	21084
7125	171728	21062
7126	171765	21039
7127	171804	21017
7128	171839	20994
7129	171879	20972
7130	171920	20950
7131	171961	20928
7132	171998	20906
7133	172038	20883
7134	172075	20861
7135	172113	20838
7136	172148	20816
7137	172184	20793
7138	172221	20770
7139	172262	20748
7140	172299	20726
7141	172334	20703
7142	172371	20680
7143	172407	20658
7144	172448	20635
7145	172486	20613
7146	172521	20590
7147	172553	20567
7148	172589	20544
7149	172627	20522
7150	172661	20499
7151	172702	20477
7152	172736	20454
7153	172776	20431
7154	172810	20408
7155	172846	20386
7156	172887	20363
7157	172923	20341
7158	172957	20318
7159	172992	20295
7160	173028	20272
7161	173069	20250
7162	173106	20227
7163	173147	20205
7164	173185	20182
7165	173221	20160
7166	173258	20137
7167	173292	20114
7168	173327	20091
7169	173361	20068
7170	173397	20045
7171	173429	20022
7172	173466	19999
7173	173502	19976
7174	173539	19954
7175	173574	19931
7176	173608	19908
7177	173646	19885
7178	173682	19862
7179	173720	19839
7180	173757	19817
7181	173795	19794
7182	173833	19771
7183	173869	19749
7184	173907	19726
7185	173946	19703
7186	173984	19681
7187	174021	19658
7188	174061	19636
7189	174095	19613
7190	174131	19590
7191	174168	19567
7192	174205	19544
7193	174242	19521
7194	174281	19499
7195	174319	19476
7196	174352	19453
7197	174387	19430
7198	174423	19407
7199	174460	19384
7200	174493	19361
7201	174528	19338
7202	174563	19315
7203	174600	19292
7204	174636	19269
7205	174670	19246
7206	174707	19223
7207	174744	19200
7208	174780	19177
7209	174814	19154
7210	174852	19131
7211	174890	19108
7212	174924	19085
7213	174955	19062
7214	174992	19039
7215	175027	19016
7216	175063	18993
7217	175099	18970
7218	175134	18947
7219	175170	18924
7220	175209	18901
7221	175246	18878
7222	175280	18855
7223	175315	18832
7224	175350	18809
7225	175387	18786
7226	175424	18763
7227	175465	18740
7228	175503	18718
7229	175538	18694
7230	175574	18671
7231	175613	18649
7232	175647	18625
7233	175681	18602
7234	175719	18579
7235	175755	18556
7236	175788	18533
7237	175822	18510
7238	175859	18487
7239	175892	18463
7240	175927	18440
7241	175961	18417
7242	175996	18394
7243	176033	18371
7244	176067	18347
7245	176100	18324
7246	176135	18301
7247	176168	18278
7248	176203	18254
7249	176237	18231
7250	176271	18208
7251	176306	18184
7252	176344	18162
7253	176377	18138
7254	176410	18115
7255	176445	18092
7256	176481	18068
7257	176516	18045
7258	176550	18022
7259	176586	17999
7260	176623	17976
7261	176657	17952
7262	176693	17929
7263	176727	17906
7264	176762	17883
7265	176797	17859
7266	176830	17836
7267	176889	17815
7268	176951	17794
7269	177010	17774
7270	177064	17752
7271	177245	17743
7272	177303	17722
7273	177350	17700
7274	177388	17677
7275	177422	17654
7276	177455	17630
7277	177489	17607
7278	177523	17584
7279	177559	17560
7280	177594	17537
7281	177629	17514
7282	177663	17490
7283	177699	17467
7284	177735	17444
7285	177772	17420
7286	177807	17397
7287	177841	17374
7288	177877	17350
7289	177913	17327
7290	177947	17304
7291	177984	17280
7292	178018	17257
7293	178053	17234
7294	178093	17211
7295	178130	17188
7296	178169	17165
7297	178203	17141
7298	178241	17118
7299	178277	17095
7300	178311	17071
7301	178347	17048
7302	178383	17024
7303	178422	17001
7304	178459	16978
7305	178497	16955
7306	178532	16932
7307	178569	16908
7308	178606	16885
7309	178645	16862
7310	178680	16839
7311	178711	16815
7312	178749	16792
7313	178790	16769
7314	178823	16745
7315	178861	16722
7316	178899	16699
7317	178934	16675
7318	178973	16652
7319	179005	16628
7320	179040	16605
7321	179081	16582
7322	179118	16559
7323	179152	16535
7324	179192	16512
7325	179227	16489
7326	179265	16465
7327	179303	16442
7328	179338	16419
7329	179375	16395
7330	179411	16372
7331	179447	16349
7332	179482	16325
7333	179520	16302
7334	179554	16278
7335	179592	16255
7336	179627	16231
7337	179661	16208
7338	179700	16185
7339	179737	16161
7340	179776	16138
7341	179815	16115
7342	179853	16092
7343	179891	16068
7344	179926	16045
7345	179964	16021
7346	179999	15998
7347	180035	15974
7348	180075	15951
7349	180109	15928
7350	180145	15904
7351	180180	15880
7352	180216	15857
7353	180251	15833
7354	180287	15810
7355	180322	15786
7356	180358	15763
7357	180394	15739
7358	180434	15716
7359	180483	15694
7360	180523	15670
7361	180557	15647
7362	180590	15623
7363	180626	15600
7364	180662	15576
7365	180697	15552
7366	180729	15528
7367	180765	15505
7368	180799	15481
7369	180834	15458
7370	180869	15434
7371	180906	15410
7372	180941	15387
7373	180977	15363
7374	181010	15339
7375	181044	15316
7376	181080	15292
7377	181114	15268
7378	181151	15245
7379	181187	15221
7380	181224	15198
7381	181265	15174
7382	181304	15151
7383	181337	15127
7384	181370	15103
7385	181405	15080
7386	181440	15056
7387	181475	15032
7388	181508	15009
7389	181545	14985
7390	181581	14961
7391	181620	14938
7392	181656	14914
7393	181696	14891
7394	181732	14867
7395	181767	14844
7396	181804	14820
7397	181840	14796
7398	181877	14773
7399	181914	14749
7400	181947	14725
7401	181985	14702
7402	182024	14678
7403	182059	14655
7404	182097	14631
7405	182131	14607
7406	182167	14584
7407	182206	14560
7408	182243	14537
7409	182281	14513
7410	182318	14490
7411	182357	14466
7412	182389	14442
7413	182425	14418
7414	182459	14395
7415	182494	14371
7416	182528	14347
7417	182565	14323
7418	182598	14299
7419	182638	14276
7420	182677	14252
7421	182713	14229
7422	182752	14205
7423	182787	14181
7424	182823	14158
7425	182859	14134
7426	182893	14110
7427	182930	14086
7428	182965	14062
7429	183000	14039
7430	183036	14015
7431	183070	13991
7432	183101	13967
7433	183136	13943
7434	183170	13919
7435	183205	13895
7436	183240	13871
7437	183278	13848
7438	183314	13824
7439	183350	13800
7440	183390	13777
7441	183426	13753
7442	183460	13729
7443	183495	13705
7444	183531	13681
7445	183569	13657
7446	183605	13634
7447	183643	13610
7448	183686	13587
7449	183723	13563
7450	183758	13539
7451	183796	13515
7452	183833	13492
7453	183868	13468
7454	183904	13444
7455	183940	13420
7456	183980	13397
7457	184017	13373
7458	184051	13349
7459	184086	13325
7460	184121	13301
7461	184157	13277
7462	184193	13253
7463	184233	13230
7464	184271	13206
7465	184309	13182
7466	184345	13158
7467	184380	13134
7468	184418	13111
7469	184458	13087
7470	184494	13063
7471	184530	13039
7472	184564	13015
7473	184599	12991
7474	184635	12967
7475	184673	12943
7476	184708	12919
7477	184746	12896
7478	184786	12872
7479	184824	12848
7480	184862	12824
7481	184898	12801
7482	184932	12776
7483	184972	12753
7484	185010	12729
7485	185047	12705
7486	185083	12681
7487	185118	12657
7488	185153	12633
7489	185191	12609
7490	185245	12587
7491	185291	12563
7492	185334	12540
7493	185369	12516
7494	185403	12492
7495	185434	12467
7496	185468	12443
7497	185504	12419
7498	185539	12395
7499	185575	12371
7500	185609	12347
7501	185642	12323
7502	185681	12299
7503	185714	12275
7504	185750	12251
7505	185786	12227
7506	185822	12203
7507	185859	12179
7508	185898	12155
7509	185936	12131
7510	185972	12107
7511	186007	12083
7512	186042	12059
7513	186078	12035
7514	186113	12011
7515	186148	11987
7516	186183	11963
7517	186219	11939
7518	186254	11914
7519	186288	11890
7520	186324	11866
7521	186357	11842
7522	186390	11818
7523	186426	11794
7524	186463	11770
7525	186498	11745
7526	186535	11721
7527	186569	11697
7528	186608	11673
7529	186645	11649
7530	186680	11625
7531	186717	11601
7532	186752	11577
7533	186786	11553
7534	186820	11529
7535	186856	11504
7536	186891	11480
7537	186926	11456
7538	186966	11432
7539	187006	11408
7540	187043	11384
7541	187079	11360
7542	187116	11336
7543	187150	11312
7544	187188	11288
7545	187221	11264
7546	187261	11240
7547	187294	11215
7548	187327	11191
7549	187360	11167
7550	187395	11142
7551	187428	11118
7552	187463	11094
7553	187501	11070
7554	187534	11046
7555	187571	11021
7556	187610	10997
7557	187649	10973
7558	187684	10949
7559	187721	10925
7560	187757	10901
7561	187793	10877
7562	187829	10853
7563	187867	10828
7564	187904	10804
7565	187946	10780
7566	187984	10756
7567	188020	10732
7568	188054	10708
7569	188088	10684
7570	188126	10659
7571	188161	10635
7572	188197	10611
7573	188237	10587
7574	188271	10563
7575	188307	10538
7576	188344	10514
7577	188377	10490
7578	188412	10465
7579	188450	10441
7580	188484	10417
7581	188521	10393
7582	188560	10369
7583	188597	10345
7584	188632	10320
7585	188674	10296
7586	188711	10272
7587	188746	10248
7588	188785	10224
7589	188823	10199
7590	188863	10175
7591	188900	10151
7592	188935	10127
7593	188972	10103
7594	189012	10078
7595	189047	10054
7596	189084	10030
7597	189120	10006
7598	189157	9981
7599	189195	9957
7600	189230	9933
7601	189267	9909
7602	189302	9884
7603	189341	9860
7604	189378	9836
7605	189413	9811
7606	189450	9787
7607	189489	9763
7608	189524	9739
7609	189560	9714
7610	189597	9690
7611	189633	9666
7612	189670	9641
7613	189704	9617
7614	189740	9592
7615	189775	9568
7616	189811	9544
7617	189848	9519
7618	189882	9495
7619	189917	9470
7620	189951	9446
7621	189984	9421
7622	190019	9397
7623	190056	9373
7624	190093	9348
7625	190127	9324
7626	190166	9300
7627	190200	9275
7628	190236	9251
7629	190270	9226
7630	190306	9202
7631	190339	9177
7632	190376	9153
7633	190412	9129
7634	190455	9104
7635	190491	9080
7636	190530	9056
7637	190565	9031
7638	190598	9007
7639	190630	8982
7640	190665	8958
7641	190701	8933
7642	190737	8909
7643	190771	8884
7644	190810	8860
7645	190845	8835
7646	190883	8811
7647	190918	8787
7648	190953	8762
7649	190988	8738
7650	191023	8713
7651	191062	8689
7652	191098	8664
7653	191132	8640
7654	191170	8615
7655	191208	8591
7656	191243	8566
7657	191279	8542
7658	191318	8518
7659	191354	8493
7660	191395	8469
7661	191432	8444
7662	191471	8420
7663	191511	8396
7664	191545	8371
7665	191582	8347
7666	191616	8322
7667	191651	8297
7668	191688	8273
7669	191724	8248
7670	191760	8224
7671	191801	8200
7672	191839	8175
7673	191879	8151
7674	191919	8126
7675	191957	8102
7676	191992	8077
7677	192027	8053
7678	192063	8028
7679	192099	8004
7680	192135	7979
7681	192169	7954
7682	192203	7930
7683	192238	7905
7684	192270	7880
7685	192309	7856
7686	192350	7832
7687	192390	7807
7688	192428	7783
7689	192464	7758
7690	192502	7734
7691	192539	7709
7692	192582	7685
7693	192623	7660
7694	192662	7636
7695	192699	7611
7696	192736	7587
7697	192777	7562
7698	192814	7538
7699	192852	7513
7700	192888	7489
7701	192924	7464
7702	192956	7439
7703	192993	7415
7704	193032	7390
7705	193070	7366
7706	193106	7341
7707	193142	7316
7708	193181	7292
7709	193219	7267
7710	193256	7243
7711	193291	7218
7712	193328	7193
7713	193367	7169
7714	193403	7144
7715	193437	7119
7716	193470	7095
7717	193506	7070
7718	193541	7045
7719	193571	7020
7720	193608	6996
7721	193643	6971
7722	193677	6946
7723	193714	6921
7724	193750	6897
7725	193793	6872
7726	193834	6848
7727	193870	6823
7728	193907	6798
7729	193945	6774
7730	193980	6749
7731	194013	6724
7732	194052	6700
7733	194089	6675
7734	194126	6650
7735	194162	6626
7736	194195	6601
7737	194228	6576
7738	194262	6551
7739	194299	6526
7740	194339	6502
7741	194375	6477
7742	194418	6453
7743	194459	6428
7744	194495	6403
7745	194529	6378
7746	194567	6354
7747	194601	6329
7748	194638	6304
7749	194673	6279
7750	194708	6255
7751	194746	6230
7752	194784	6205
7753	194820	6180
7754	194858	6156
7755	194895	6131
7756	194930	6106
7757	194971	6081
7758	195007	6057
7759	195044	6032
7760	195082	6007
7761	195118	5982
7762	195155	5957
7763	195192	5933
7764	195233	5908
7765	195271	5883
7766	195306	5858
7767	195345	5834
7768	195383	5809
7769	195419	5784
7770	195456	5759
7771	195495	5735
7772	195535	5710
7773	195572	5685
7774	195609	5660
7775	195650	5636
7776	195685	5611
7777	195722	5586
7778	195756	5561
7779	195790	5536
7780	195825	5511
7781	195859	5486
7782	195894	5461
7783	195929	5436
7784	195963	5411
7785	195998	5387
7786	196035	5362
7787	196070	5337
7788	196103	5312
7789	196142	5287
7790	196180	5262
7791	196216	5237
7792	196252	5212
7793	196288	5188
7794	196322	5163
7795	196356	5138
7796	196395	5113
7797	196433	5088
7798	196472	5063
7799	196510	5038
7800	196554	5014
7801	196590	4989
7802	196630	4964
7803	196668	4939
7804	196701	4914
7805	196734	4889
7806	196770	4864
7807	196813	4839
7808	196850	4814
7809	196887	4789
7810	196924	4764
7811	196959	4739
7812	196994	4714
7813	197026	4689
7814	197061	4664
7815	197101	4640
7816	197138	4615
7817	197177	4590
7818	197218	4565
7819	197251	4540
7820	197292	4515
7821	197326	4490
7822	197361	4465
7823	197396	4440
7824	197430	4415
7825	197466	4390
7826	197505	4365
7827	197542	4340
7828	197581	4315
7829	197619	4290
7830	197654	4265
7831	197689	4240
7832	197724	4215
7833	197763	4190
7834	197804	4165
7835	197840	4140
7836	197874	4115
7837	197919	4090
7838	197958	4065
7839	197993	4040
7840	198032	4015
7841	198067	3990
7842	198101	3965
7843	198137	3940
7844	198171	3915
7845	198207	3890
7846	198257	3865
7847	198297	3840
7848	198332	3815
7849	198369	3790
7850	198404	3765
7851	198443	3740
7852	198478	3715
7853	198513	3690
7854	198551	3665
7855	198587	3640
7856	198625	3615
7857	198661	3589
7858	198697	3564
7859	198735	3539
7860	198770	3514
7861	198812	3489
7862	198848	3464
7863	198887	3439
7864	198924	3414
7865	198961	3389
7866	199001	3364
7867	199037	3339
7868	199073	3314
7869	199115	3289
7870	199157	3264
7871	199193	3238
7872	199230	3213
7873	199264	3188
7874	199300	3163
7875	199336	3138
7876	199361	3113
7877	199390	3087
7878	199406	3062
7879	199423	3036
7880	199439	3011
7881	199455	2986
7882	199471	2960
7883	199488	2935
7884	199504	2909
7885	199520	2884
7886	199538	2858
7887	199557	2833
7888	199575	2808
7889	199592	2782
7890	199608	2757
7891	199626	2731
7892	199643	2706
7893	199658	2681
7894	199674	2655
7895	199691	2630
7896	199709	2604
7897	199726	2579
7898	199741	2553
7899	199757	2528
7900	199773	2503
7901	199789	2477
7902	199806	2452
7903	199822	2426
7904	199839	2401
7905	199855	2376
7906	199873	2350
7907	199888	2325
7908	199903	2300
7909	199918	2274
7910	199932	2249
7911	199945	2223
7912	199958	2198
7913	199974	2173
7914	199993	2147
7915	200010	2122
7916	200026	2097
7917	200043	2071
7918	200058	2046
7919	200072	2020
7920	200089	1995
7921	200108	1970
7922	200124	1944
7923	200143	1919
7924	200160	1894
7925	200178	1868
7926	200196	1843
7927	200212	1818
7928	200234	1792
7929	200250	1767
7930	200267	1742
7931	200285	1717
7932	200307	1691
7933	200326	1666
7934	200344	1641
7935	200364	1615
7936	200410	1590
7937	200445	1565
7938	200464	1540
7939	200480	1514
7940	200494	1489
7941	200510	1464
7942	200526	1439
7943	200542	1413
7944	200558	1388
7945	200573	1363
7946	200590	1337
7947	200607	1312
7948	200622	1287
7949	200638	1261
7950	200653	1236
7951	200671	1211
7952	200684	1185
7953	200698	1160
7954	200714	1135
7955	200732	1110
7956	200750	1084
7957	200766	1059
7958	200783	1034
7959	200802	1009
7960	200820	983
7961	200837	958
7962	200853	933
7963	200870	908
7964	200886	882
7965	200903	857
7966	200921	832
7967	200938	806
7968	200953	781
7969	200968	756
7970	200985	731
7971	201000	705
7972	201016	680
7973	201032	655
7974	201048	630
7975	201066	605
7976	201080	579
7977	201096	554
7978	201114	529
7979	201131	504
7980	201147	478
7981	201164	453
7982	201182	428
7983	201199	403
7984	201217	377
7985	201236	352
7986	201254	327
7987	201274	302
7988	201288	277
7989	201304	251
7990	201322	226
7991	201338	201
7992	201357	176
7993	201373	151
7994	201387	125
7995	201402	100
7996	201420	75
7997	201435	50
7998	201450	25
7999	201467	0
