subtaskID,datapointID,answer
1,12413,38.0
1,9312,55.0
1,12110,72.0
1,28747,131.0
1,7658,104.0
1,20255,108.0
1,11611,17.0
1,9496,65.0
1,28123,76.0
1,30730,104.0
1,27222,58.0
1,24398,35.0
1,15479,109.0
1,8979,135.0
1,18736,103.0
1,23608,108.0
1,28912,86.0
1,12420,81.0
1,29341,141.0
1,19165,137.0
1,491,77.0
1,3138,109.0
1,9900,65.0
1,31423,122.0
1,27412,130.0
1,12149,40.0
1,24723,118.0
1,19708,98.0
1,26553,117.0
1,28742,133.0
1,13353,45.0
1,6399,63.0
1,26567,136.0
1,31856,125.0
1,25847,108.0
1,10850,97.0
1,26021,124.0
1,8761,87.0
1,18242,144.0
1,6187,116.0
1,31089,72.0
1,21719,90.0
1,29440,94.0
1,18932,134.0
1,8672,80.0
1,14591,102.0
1,27845,106.0
1,12524,123.0
1,2411,88.0
1,15359,68.0
1,2673,123.0
1,24152,93.0
1,2601,89.0
1,13782,76.0
1,11833,102.0
1,11236,87.0
1,16286,90.0
1,27712,72.0
1,17529,61.0
1,11176,48.0
1,19672,96.0
1,1385,52.0
1,18624,95.0
1,23384,116.0
1,12717,81.0
1,18864,56.0
1,15691,122.0
1,3213,42.0
1,22504,105.0
1,31720,88.0
1,21428,124.0
1,12749,14.0
1,17234,48.0
1,24909,112.0
1,3431,135.0
1,31295,42.0
1,29986,72.0
1,29877,112.0
1,23244,72.0
1,31759,86.0
1,29026,116.0
1,14966,103.0
1,18587,91.0
1,1144,112.0
1,15273,84.0
1,18090,100.0
1,873,31.0
1,27006,122.0
1,882,28.0
1,15358,29.0
1,12950,108.0
1,4184,107.0
1,17365,68.0
1,30323,116.0
1,29771,96.0
1,8089,104.0
1,25772,76.0
1,6410,48.0
1,21068,96.0
1,15505,84.0
1,22624,124.0
1,10560,106.0
1,13189,124.0
1,16516,63.0
1,10952,85.0
1,28644,101.0
1,1816,81.0
1,26374,132.0
1,18336,91.0
1,23408,86.0
1,26830,82.0
1,22751,64.0
1,18417,88.0
1,13238,104.0
1,21027,98.0
1,4207,80.0
1,23321,101.0
1,24712,89.0
1,14107,84.0
1,17381,80.0
1,24174,61.0
1,28578,113.0
1,21079,127.0
1,30194,70.0
1,18716,51.0
1,24716,74.0
1,18964,90.0
1,10995,139.0
1,29495,92.0
1,10948,55.0
1,3553,95.0
1,23250,108.0
1,3080,80.0
1,14070,88.0
1,12954,96.0
1,177,107.0
1,7001,94.0
1,9476,22.0
1,24636,59.0
1,29934,68.0
1,6185,100.0
1,87,64.0
1,15116,142.0
1,4044,49.0
1,26290,94.0
1,25386,98.0
1,23136,103.0
1,23666,108.0
1,29561,105.0
1,23810,81.0
1,8639,110.0
1,13724,71.0
1,13825,40.0
1,26856,33.0
1,14993,73.0
1,15185,125.0
1,23358,76.0
1,10226,60.0
1,16641,130.0
1,10648,45.0
1,28172,91.0
1,3648,74.0
1,5564,101.0
1,14802,91.0
1,22338,136.0
1,23573,89.0
1,17961,91.0
1,21767,111.0
1,25397,81.0
1,29946,34.0
1,29130,66.0
1,30865,112.0
1,25627,127.0
1,7029,46.0
1,9788,94.0
1,31668,64.0
1,14220,106.0
1,31364,113.0
1,4519,69.0
1,23980,85.0
1,18953,110.0
1,16800,115.0
1,21873,70.0
1,2305,120.0
1,7272,102.0
1,11421,47.0
1,6464,55.0
1,5019,86.0
1,29005,49.0
1,9910,46.0
1,11265,115.0
1,18345,110.0
1,14472,103.0
1,7506,27.0
1,17286,91.0
1,14407,51.0
1,15468,55.0
1,20194,95.0
1,23560,50.0
1,24315,66.0
1,23170,105.0
1,4195,86.0
1,7821,109.0
1,23294,40.0
1,31183,82.0
1,31494,113.0
1,12574,66.0
1,19749,135.0
1,13979,38.0
1,15594,122.0
1,23634,71.0
1,21177,129.0
1,20264,32.0
1,25900,67.0
1,18859,61.0
1,23296,74.0
1,8145,76.0
1,23101,121.0
1,19487,112.0
1,21191,87.0
1,14775,44.0
1,13927,103.0
1,8224,29.0
1,16889,103.0
1,2497,97.0
1,6760,102.0
1,25885,105.0
1,24940,97.0
1,31461,63.0
1,21939,90.0
1,2649,26.0
1,12956,85.0
1,20601,46.0
1,9168,42.0
1,25930,50.0
1,19561,66.0
1,4323,87.0
1,24609,91.0
1,11810,64.0
1,20927,83.0
1,18333,83.0
1,15369,77.0
1,5505,34.0
1,23128,54.0
1,12224,77.0
1,8216,49.0
1,13237,76.0
1,28188,108.0
1,26568,93.0
1,9135,91.0
1,12657,109.0
1,3905,88.0
1,26713,110.0
1,4830,112.0
1,1243,92.0
1,24380,128.0
1,6654,99.0
1,871,113.0
1,27679,101.0
1,6135,84.0
1,20696,111.0
1,13977,83.0
1,22424,136.0
1,26276,73.0
1,21662,92.0
1,30261,124.0
1,11571,127.0
1,10266,48.0
1,15014,70.0
1,7909,98.0
1,24786,79.0
1,25035,97.0
1,2824,72.0
1,6230,100.0
1,5707,122.0
1,21375,106.0
1,24349,61.0
1,31121,139.0
1,18335,24.0
1,25339,61.0
1,13642,20.0
1,25286,109.0
1,29092,99.0
1,22444,131.0
1,9408,50.0
1,19024,116.0
1,6851,63.0
1,13404,86.0
1,7459,59.0
1,1733,47.0
1,7750,104.0
1,16369,131.0
1,9660,105.0
1,12019,45.0
1,9354,77.0
1,13172,37.0
1,19241,44.0
1,7783,93.0
1,13104,119.0
1,20339,71.0
1,10879,118.0
1,30854,71.0
1,24948,138.0
1,3198,111.0
1,5089,120.0
1,12343,77.0
1,27897,102.0
1,23561,61.0
1,2569,22.0
1,16172,105.0
1,22098,60.0
1,31769,133.0
1,30991,60.0
1,27978,97.0
1,30402,100.0
1,26110,72.0
1,23030,104.0
1,11520,66.0
1,11041,119.0
1,5562,37.0
1,15853,46.0
1,18887,60.0
1,13967,95.0
1,6020,59.0
1,16296,51.0
1,13061,23.0
1,6546,75.0
1,23815,115.0
1,11446,112.0
1,5205,93.0
1,18553,44.0
1,18318,66.0
1,31128,47.0
1,4938,77.0
1,6722,91.0
1,6902,84.0
1,998,92.0
1,28962,94.0
1,10296,126.0
1,3903,76.0
1,28313,122.0
1,25277,92.0
1,3719,26.0
1,29942,101.0
1,7474,92.0
1,14031,65.0
1,8451,68.0
1,24172,29.0
1,21936,106.0
1,3705,104.0
1,18773,86.0
1,11831,61.0
1,667,32.0
1,6747,108.0
1,27781,82.0
1,20553,59.0
1,9961,106.0
1,24411,45.0
1,751,105.0
1,16259,116.0
1,17203,65.0
1,16673,91.0
1,30176,95.0
1,19606,104.0
1,11277,108.0
1,11337,118.0
1,24251,86.0
1,3933,80.0
1,11011,57.0
1,8723,87.0
1,22381,104.0
1,29374,102.0
1,1428,59.0
1,2356,91.0
1,4099,143.0
1,16547,117.0
1,6972,50.0
1,22325,110.0
1,30892,115.0
1,11026,142.0
1,23057,94.0
1,10616,54.0
1,6347,109.0
1,31565,122.0
1,3912,98.0
1,3833,101.0
1,27552,55.0
1,24400,94.0
1,15635,128.0
1,29095,41.0
1,5648,86.0
1,20929,117.0
1,26236,90.0
1,10381,89.0
1,6071,93.0
1,11121,102.0
1,8564,113.0
1,3229,113.0
1,5788,100.0
1,26112,101.0
1,19361,95.0
1,13079,83.0
1,28557,134.0
1,24588,87.0
1,1081,119.0
1,17116,110.0
1,25940,89.0
1,20863,85.0
1,10500,95.0
1,11353,85.0
1,30368,117.0
1,22126,89.0
1,303,31.0
1,29957,63.0
1,1705,109.0
1,21150,108.0
1,11457,82.0
1,14483,102.0
1,892,136.0
1,16174,106.0
1,18284,130.0
1,23202,105.0
1,925,117.0
1,10913,103.0
1,29808,106.0
1,11450,30.0
1,2524,38.0
1,20393,123.0
1,29666,26.0
1,17741,135.0
1,26202,97.0
1,20968,107.0
1,712,62.0
1,11994,71.0
1,14114,90.0
1,9291,50.0
1,14177,28.0
1,25354,46.0
1,30289,86.0
1,14257,115.0
1,7771,77.0
1,22123,98.0
1,14629,53.0
1,15649,44.0
1,21923,100.0
1,17937,76.0
1,5627,70.0
1,12259,126.0
1,6735,124.0
1,11894,91.0
1,6537,86.0
1,8396,122.0
1,19414,129.0
1,11924,58.0
1,31426,66.0
1,7466,107.0
1,28696,118.0
1,23119,119.0
1,25568,71.0
1,8128,91.0
1,12000,117.0
1,29596,71.0
1,3422,110.0
1,28851,78.0
1,7925,101.0
1,20132,92.0
1,28436,82.0
1,15126,49.0
1,14525,57.0
1,28111,123.0
1,29436,80.0
1,4242,113.0
1,23311,59.0
1,25356,125.0
1,4767,104.0
1,7055,91.0
1,15538,47.0
1,7798,116.0
1,23433,95.0
1,14899,110.0
1,30407,39.0
1,1142,118.0
1,2270,48.0
1,14962,91.0
1,12816,90.0
1,30366,23.0
1,30978,59.0
1,22904,92.0
1,3840,45.0
1,24234,19.0
1,7717,66.0
1,26043,86.0
1,9593,80.0
1,7109,68.0
1,10394,90.0
1,13963,119.0
1,24815,73.0
1,30843,135.0
1,27758,69.0
1,11862,90.0
1,2761,41.0
1,29405,109.0
1,21547,80.0
1,10998,100.0
1,31214,103.0
1,8675,107.0
1,11972,127.0
1,325,112.0
1,26472,49.0
1,5426,50.0
1,15662,98.0
1,6220,131.0
1,15769,108.0
1,29589,89.0
1,2211,49.0
1,24797,112.0
1,28003,45.0
1,15094,76.0
1,9277,105.0
1,16284,94.0
1,20549,50.0
1,25756,87.0
1,6209,22.0
1,27122,69.0
1,11934,102.0
1,1257,119.0
1,21572,45.0
1,6448,89.0
1,26404,57.0
1,14978,53.0
1,24094,100.0
1,28371,133.0
1,15384,109.0
1,11088,21.0
1,12580,61.0
1,22212,57.0
1,23934,103.0
1,14064,51.0
1,11354,80.0
1,12515,91.0
1,11798,112.0
1,16771,91.0
1,5696,88.0
1,21300,42.0
1,29943,42.0
1,13442,86.0
1,1307,108.0
1,14888,96.0
1,29224,103.0
1,18619,67.0
1,29894,65.0
1,16982,120.0
1,8353,41.0
1,27993,79.0
1,31355,107.0
1,19678,122.0
1,5843,77.0
1,26263,92.0
1,7842,20.0
1,5941,124.0
1,4990,48.0
1,18900,71.0
1,7103,118.0
1,26647,86.0
1,31020,56.0
1,10617,102.0
1,12357,68.0
1,26770,79.0
1,17495,141.0
1,2067,89.0
1,13630,45.0
1,15656,115.0
1,21200,36.0
1,29787,112.0
1,24086,67.0
1,25085,120.0
1,17708,129.0
1,9386,94.0
1,29372,104.0
1,413,108.0
1,30511,92.0
1,10364,99.0
1,20608,81.0
1,21625,56.0
1,9615,108.0
1,28423,97.0
1,10237,97.0
1,14329,92.0
1,8108,116.0
1,3612,135.0
1,6646,17.0
1,20676,137.0
1,20450,98.0
1,7942,40.0
1,2645,110.0
1,3063,95.0
1,5078,53.0
1,12235,82.0
1,8813,35.0
1,8049,93.0
1,22208,70.0
1,16729,55.0
1,10531,30.0
1,6705,102.0
1,922,114.0
1,138,118.0
1,22957,127.0
1,14359,107.0
1,26432,37.0
1,11604,75.0
1,25889,95.0
1,18106,73.0
1,21451,87.0
1,2906,81.0
1,7649,129.0
1,13676,38.0
1,18,22.0
1,25410,98.0
1,29412,25.0
1,14440,128.0
1,18599,117.0
1,896,43.0
1,16495,56.0
1,3253,129.0
1,9055,88.0
1,12603,70.0
1,20336,121.0
1,9362,52.0
1,25923,88.0
1,19786,60.0
1,10959,107.0
1,13159,52.0
1,15256,83.0
1,19504,47.0
1,4978,86.0
1,6953,87.0
1,11607,97.0
1,8594,49.0
1,27814,65.0
1,5112,76.0
1,30499,103.0
1,26601,134.0
1,3718,94.0
1,16474,80.0
1,28529,66.0
1,4417,103.0
1,18824,78.0
1,22854,65.0
1,26833,116.0
1,16449,48.0
1,5952,42.0
1,21323,64.0
1,14870,99.0
1,6854,64.0
1,29367,104.0
1,30922,82.0
1,18796,111.0
1,11470,101.0
1,19367,34.0
1,29595,79.0
1,12878,98.0
1,10946,79.0
1,2188,94.0
1,17142,63.0
1,4986,80.0
1,29490,45.0
1,8768,89.0
1,28110,97.0
1,4365,71.0
1,20938,86.0
1,5164,87.0
1,25755,98.0
1,29103,54.0
1,15048,71.0
1,9145,69.0
1,5893,25.0
1,17613,32.0
1,26095,80.0
1,9794,133.0
1,28237,86.0
1,1406,136.0
1,7332,91.0
1,22221,86.0
1,30254,85.0
1,20636,102.0
1,26124,127.0
1,1102,32.0
1,13950,85.0
1,9891,95.0
1,11569,40.0
1,31108,68.0
1,13990,26.0
1,5169,74.0
1,317,140.0
1,26589,53.0
1,18876,88.0
1,20327,71.0
1,19660,82.0
1,25641,42.0
1,7863,107.0
1,24089,94.0
1,5770,74.0
1,21901,52.0
1,26796,29.0
1,31032,77.0
1,28668,78.0
1,8926,90.0
1,27774,54.0
1,15310,124.0
1,13123,93.0
1,2861,89.0
1,14488,109.0
1,5311,123.0
1,20144,69.0
1,2081,91.0
1,15519,119.0
1,27727,91.0
1,20179,87.0
1,22096,109.0
1,13032,86.0
1,8571,87.0
1,26477,88.0
1,29892,66.0
1,15197,125.0
1,14521,100.0
1,21550,109.0
1,20901,96.0
1,8929,70.0
1,5948,86.0
1,26942,51.0
1,23921,49.0
1,17531,90.0
1,22284,73.0
1,24597,100.0
1,22759,90.0
1,13290,69.0
1,22889,63.0
1,23117,111.0
1,16289,51.0
1,29448,91.0
1,13106,53.0
1,8841,37.0
1,12951,109.0
1,16119,102.0
1,10930,51.0
1,12528,103.0
1,16631,118.0
1,6192,93.0
1,11006,118.0
1,18648,66.0
1,5135,107.0
1,17454,90.0
1,18940,74.0
1,20520,66.0
1,4467,86.0
1,12789,87.0
1,23515,15.0
1,3557,46.0
1,26415,98.0
1,8387,67.0
1,7864,115.0
1,26438,121.0
1,24330,98.0
1,22144,105.0
1,5889,78.0
1,6754,76.0
1,25778,34.0
1,9756,89.0
1,4684,95.0
1,15765,69.0
1,3280,115.0
1,25183,35.0
1,12543,67.0
1,5013,142.0
1,5485,84.0
1,28316,127.0
1,30260,101.0
1,28082,94.0
1,19416,58.0
1,28624,36.0
1,858,111.0
1,14636,93.0
1,15949,117.0
1,25168,49.0
1,25684,111.0
1,14015,88.0
1,3131,118.0
1,29803,129.0
1,8601,127.0
1,21814,107.0
1,6437,84.0
1,21578,87.0
1,24569,95.0
1,8585,18.0
1,18614,65.0
1,12367,91.0
1,5694,88.0
1,29546,63.0
1,24539,105.0
1,14538,96.0
1,13409,24.0
1,588,110.0
1,2919,35.0
1,5737,89.0
1,12368,70.0
1,30325,137.0
1,12912,30.0
1,26436,109.0
1,4481,63.0
1,24714,18.0
1,6011,88.0
1,326,93.0
1,16575,52.0
1,19744,76.0
1,25777,96.0
1,31025,136.0
1,4022,117.0
1,5004,94.0
1,2386,84.0
1,26002,79.0
1,15746,65.0
1,11490,112.0
1,31234,55.0
1,31371,80.0
1,31947,82.0
1,31861,32.0
1,10904,20.0
1,30906,39.0
1,16663,92.0
1,5210,84.0
1,25675,50.0
1,5088,68.0
1,5148,18.0
1,22882,129.0
1,7236,132.0
1,12276,110.0
1,26790,85.0
1,14964,77.0
1,1238,64.0
1,25454,84.0
1,7570,55.0
1,4632,91.0
1,30642,105.0
1,14803,55.0
1,19542,62.0
1,12068,47.0
1,22836,104.0
1,29404,117.0
1,22790,82.0
1,15697,119.0
1,29491,62.0
1,3701,37.0
1,18487,118.0
1,2664,41.0
1,10208,29.0
1,13629,92.0
1,2245,123.0
1,5333,99.0
1,1212,99.0
1,24758,120.0
1,20714,74.0
1,8757,83.0
1,23622,96.0
1,11572,136.0
1,14695,84.0
1,14235,40.0
1,26920,82.0
1,20356,114.0
1,8939,103.0
1,13066,63.0
1,13526,126.0
1,14411,96.0
1,6083,73.0
1,20766,57.0
1,28018,53.0
1,19709,44.0
1,2744,69.0
1,30781,109.0
1,7654,93.0
1,24594,80.0
1,3302,86.0
1,13183,98.0
1,4415,91.0
1,21329,88.0
1,21517,45.0
1,6084,117.0
1,4019,128.0
1,30980,63.0
1,20979,82.0
1,8617,65.0
1,10413,122.0
1,15079,103.0
1,12470,92.0
1,14419,118.0
1,18879,78.0
1,12391,95.0
1,30525,120.0
1,14747,88.0
1,19815,48.0
1,10608,83.0
1,21061,108.0
1,29398,73.0
1,30675,109.0
1,3597,46.0
1,17607,60.0
1,13249,16.0
1,17744,67.0
1,31401,75.0
1,20991,74.0
1,9810,89.0
1,15370,125.0
1,28932,39.0
1,9464,83.0
1,19830,90.0
1,16929,18.0
1,27841,88.0
1,10622,90.0
1,8131,94.0
1,19354,76.0
1,29911,108.0
1,11785,79.0
1,7485,66.0
1,9571,59.0
1,24283,126.0
1,8592,108.0
1,6072,134.0
1,19752,61.0
1,18743,121.0
1,6439,33.0
1,17887,91.0
1,24895,125.0
1,15648,86.0
1,2278,50.0
1,10250,72.0
1,8799,34.0
1,27595,112.0
1,31541,101.0
1,11391,51.0
1,22204,74.0
1,25595,97.0
1,27468,134.0
1,9233,58.0
1,9236,80.0
1,3128,137.0
1,4950,116.0
1,24215,77.0
1,20975,101.0
1,24854,75.0
1,26201,102.0
1,17604,97.0
1,25761,104.0
1,8587,105.0
1,21591,84.0
1,13843,88.0
1,23618,93.0
1,16392,66.0
1,15173,109.0
1,24450,111.0
1,4957,53.0
1,14621,92.0
1,948,89.0
1,4616,24.0
1,29989,101.0
1,14441,56.0
1,28344,63.0
1,17189,41.0
1,31566,73.0
1,31773,135.0
1,31733,100.0
1,8040,85.0
1,30488,132.0
1,29250,137.0
1,11320,119.0
1,19268,60.0
1,4645,53.0
1,3019,124.0
1,21737,56.0
1,3679,45.0
1,8155,44.0
1,7944,84.0
1,29706,109.0
1,8082,50.0
1,28183,107.0
1,6401,115.0
1,220,132.0
1,12016,87.0
1,27593,118.0
1,7973,135.0
1,2969,50.0
1,12532,67.0
1,615,59.0
1,27285,68.0
1,24731,129.0
1,16746,48.0
1,1269,86.0
1,31527,143.0
1,12152,90.0
1,14569,38.0
1,7436,67.0
1,23283,121.0
1,6572,109.0
1,29067,90.0
1,16158,134.0
1,12686,99.0
1,18980,66.0
1,7388,108.0
1,18291,98.0
1,2554,80.0
1,3709,53.0
1,3500,123.0
1,9899,95.0
1,21573,69.0
1,24031,98.0
1,5277,35.0
1,7611,38.0
1,17310,55.0
1,28575,36.0
1,28807,57.0
1,23402,56.0
1,19253,114.0
1,23177,120.0
1,7892,88.0
1,9657,123.0
1,29475,72.0
1,10873,79.0
1,17772,98.0
1,11240,81.0
1,8728,86.0
1,2608,62.0
1,10860,82.0
1,28146,117.0
1,20039,45.0
1,7207,49.0
1,9361,82.0
1,2083,112.0
1,1939,111.0
1,26904,98.0
1,22025,89.0
1,31302,100.0
1,5222,88.0
1,31827,88.0
1,29646,28.0
1,29131,139.0
1,17962,17.0
1,5668,98.0
1,29192,90.0
1,8231,117.0
1,2143,23.0
1,4824,65.0
1,17076,96.0
1,1819,23.0
1,29530,96.0
1,752,44.0
1,29296,92.0
1,16973,131.0
1,20287,148.0
1,27047,90.0
1,10077,111.0
1,8781,69.0
1,4338,83.0
1,23565,111.0
1,11626,48.0
1,1029,101.0
1,27237,34.0
1,3743,56.0
1,31817,66.0
1,4828,49.0
1,11750,137.0
1,8582,102.0
1,23780,86.0
1,117,78.0
1,11101,124.0
1,17108,108.0
1,3380,109.0
1,5193,38.0
1,11175,50.0
1,7587,46.0
1,14218,118.0
1,23900,54.0
1,28564,100.0
1,5298,31.0
1,5489,131.0
1,26358,72.0
1,11835,99.0
1,28987,38.0
1,3002,113.0
1,5690,41.0
1,15630,66.0
1,25893,103.0
1,10730,126.0
1,20770,94.0
1,7053,128.0
1,7175,52.0
1,24012,75.0
1,15792,125.0
1,18017,95.0
1,5829,96.0
1,1887,69.0
1,31677,110.0
1,1459,46.0
1,22105,93.0
1,3525,83.0
1,5716,134.0
1,17903,86.0
1,7077,109.0
1,22055,113.0
1,21009,131.0
1,15504,45.0
1,30252,120.0
1,17496,94.0
1,27082,98.0
1,30119,86.0
1,4892,84.0
1,4682,93.0
1,1872,94.0
1,31104,69.0
1,30437,93.0
1,23050,115.0
1,25275,133.0
1,1333,109.0
1,31491,130.0
1,1750,130.0
1,31620,132.0
1,582,65.0
1,29604,58.0
1,24275,44.0
1,7978,91.0
1,19725,28.0
1,13266,122.0
1,28656,49.0
1,8603,140.0
1,6195,137.0
1,5881,116.0
1,4299,105.0
1,28944,101.0
1,3391,47.0
1,3058,42.0
1,662,53.0
1,31203,84.0
1,15047,111.0
1,4620,105.0
1,3088,114.0
1,20420,137.0
1,30135,55.0
1,2271,80.0
1,16766,93.0
1,16341,52.0
1,7725,111.0
1,29342,126.0
1,3124,119.0
1,7550,60.0
1,31845,97.0
1,4422,36.0
1,2527,65.0
1,23467,76.0
1,17431,38.0
1,1766,86.0
1,24982,102.0
1,30451,86.0
1,29417,70.0
1,11854,135.0
1,2778,48.0
1,2918,44.0
1,17662,131.0
1,31624,43.0
1,1664,76.0
1,8733,125.0
1,27923,104.0
1,23492,109.0
1,29737,113.0
1,11745,64.0
1,11312,53.0
1,20653,125.0
1,20617,65.0
1,24991,108.0
1,21465,98.0
1,19617,78.0
1,21985,47.0
1,19577,85.0
1,17682,60.0
1,3475,61.0
1,10,50.0
1,20485,103.0
1,5680,22.0
1,6297,115.0
1,24386,30.0
1,15044,88.0
1,10037,109.0
1,23380,83.0
1,28367,103.0
1,25549,107.0
1,7674,93.0
1,12727,98.0
1,16823,67.0
1,18485,108.0
1,26205,33.0
1,25285,28.0
1,14598,109.0
1,7225,112.0
1,13541,75.0
1,23003,82.0
1,12247,25.0
1,29765,92.0
1,293,58.0
1,10419,70.0
1,24943,108.0
1,14963,95.0
1,16504,115.0
1,139,139.0
1,12351,36.0
1,4178,61.0
1,30149,110.0
1,22478,63.0
1,27730,109.0
1,30059,86.0
1,6913,98.0
1,28718,106.0
1,27097,30.0
1,14529,107.0
1,7442,122.0
1,10981,92.0
1,7769,45.0
1,30821,114.0
1,3993,67.0
1,21967,47.0
1,26178,56.0
1,19191,137.0
1,603,111.0
1,27880,105.0
1,24106,93.0
1,4081,90.0
1,9338,105.0
1,26691,40.0
1,11495,94.0
1,21012,64.0
1,25707,80.0
1,20628,75.0
1,21676,101.0
1,31352,91.0
1,31500,109.0
1,25596,127.0
1,3544,72.0
1,7384,26.0
1,3314,130.0
1,12246,53.0
1,3026,84.0
1,15748,99.0
1,12286,115.0
1,9209,85.0
1,30213,58.0
1,15107,133.0
1,23233,98.0
1,12820,50.0
1,20543,76.0
1,924,45.0
1,7688,44.0
1,24040,95.0
1,26084,75.0
1,2233,98.0
1,11215,27.0
1,27233,43.0
1,3682,46.0
1,19697,53.0
1,17752,47.0
1,9758,86.0
1,26458,94.0
1,30747,141.0
1,541,66.0
1,22481,109.0
1,1033,75.0
1,16407,68.0
1,3267,88.0
1,29767,68.0
1,18655,110.0
1,25270,89.0
1,4154,100.0
1,9442,107.0
1,7262,108.0
1,10625,121.0
1,22273,90.0
1,14036,50.0
1,30333,114.0
1,28690,106.0
1,27340,40.0
1,9757,132.0
1,23862,87.0
1,2367,91.0
1,21651,90.0
1,18214,93.0
1,30226,132.0
1,1709,22.0
1,5897,90.0
1,11560,130.0
1,25024,106.0
1,13590,41.0
1,1363,90.0
1,16597,93.0
1,15349,85.0
1,29575,26.0
1,19811,101.0
1,10254,105.0
1,8858,90.0
1,7397,58.0
1,31060,99.0
1,9837,26.0
1,4951,114.0
1,30173,125.0
1,1902,79.0
1,8607,77.0
1,25259,36.0
1,22526,58.0
1,25086,135.0
1,15098,126.0
1,14221,95.0
1,28309,120.0
1,18350,33.0
1,27633,60.0
1,12170,62.0
1,19971,90.0
1,28129,22.0
1,13955,80.0
1,15460,111.0
1,27431,109.0
1,15332,109.0
1,6806,128.0
1,28230,132.0
1,10665,26.0
1,6240,63.0
1,31382,62.0
1,19436,33.0
1,7495,55.0
1,28068,66.0
1,29346,78.0
1,62,110.0
1,5050,45.0
1,13088,93.0
1,8127,122.0
1,22755,27.0
1,13098,87.0
1,29829,91.0
1,4397,46.0
1,26820,77.0
1,6700,136.0
1,7895,91.0
1,931,31.0
1,9695,75.0
1,25872,96.0
1,27733,96.0
1,28641,55.0
1,31578,75.0
1,22503,134.0
1,22164,72.0
1,8194,46.0
1,5507,115.0
1,20689,109.0
1,4436,124.0
1,17406,86.0
1,28265,114.0
1,716,36.0
1,31937,126.0
1,12842,86.0
1,15971,129.0
1,31558,95.0
1,1646,107.0
1,3187,97.0
1,6313,56.0
1,10178,74.0
1,15236,137.0
1,9409,60.0
1,2803,102.0
1,29079,65.0
1,28140,93.0
1,20545,111.0
1,9097,21.0
1,710,27.0
1,28662,21.0
1,30023,45.0
1,27891,42.0
1,10188,110.0
1,22058,97.0
1,29824,104.0
1,31515,66.0
1,11719,56.0
1,19594,27.0
1,7536,45.0
1,27393,96.0
1,26738,59.0
1,12225,105.0
1,31280,76.0
1,27395,66.0
1,29652,109.0
1,2840,63.0
1,16678,116.0
1,17290,97.0
1,30114,142.0
1,9220,83.0
1,5163,128.0
1,27387,98.0
1,28835,54.0
1,3457,87.0
1,11003,102.0
1,11351,101.0
1,24728,104.0
1,15686,58.0
1,25284,132.0
1,31613,109.0
1,8975,132.0
1,4095,54.0
1,24193,140.0
1,25122,98.0
1,31432,122.0
1,8901,61.0
1,28358,49.0
1,2294,63.0
1,18961,97.0
1,2891,62.0
1,19038,121.0
1,23569,87.0
1,20989,29.0
1,21539,39.0
1,9152,77.0
1,30529,43.0
1,12877,114.0
1,12840,86.0
1,2457,86.0
1,10656,77.0
1,19026,40.0
1,21597,39.0
1,29023,138.0
1,10748,91.0
1,715,109.0
1,1932,118.0
1,29096,104.0
1,30845,47.0
1,2863,86.0
1,23416,97.0
1,22486,93.0
1,16288,121.0
1,1731,95.0
1,31688,30.0
1,10323,131.0
1,14739,93.0
1,964,51.0
1,3650,32.0
1,553,133.0
1,10947,92.0
1,28766,105.0
1,3462,66.0
1,16277,109.0
1,23575,36.0
1,22702,86.0
1,23486,68.0
1,28563,45.0
1,9163,98.0
1,15,101.0
1,17608,85.0
1,21828,69.0
1,31904,76.0
1,14281,126.0
1,25438,54.0
1,6856,54.0
1,19370,135.0
1,24179,62.0
1,25583,65.0
1,14745,94.0
1,20651,106.0
1,27292,57.0
1,28640,46.0
1,2506,77.0
1,29260,56.0
1,25034,52.0
1,25217,126.0
1,4029,57.0
1,4795,120.0
1,29707,78.0
1,18249,92.0
1,29393,120.0
1,27389,109.0
1,24055,89.0
1,31553,90.0
1,680,112.0
1,18556,137.0
1,1377,75.0
1,18985,60.0
1,26121,117.0
1,26192,103.0
1,3122,84.0
1,7491,51.0
1,3931,105.0
1,891,79.0
1,12159,68.0
1,29791,74.0
1,17967,85.0
1,1754,49.0
1,4038,69.0
1,17768,98.0
1,14171,21.0
1,5563,69.0
1,12575,90.0
1,29456,80.0
1,7018,62.0
1,6353,57.0
1,20597,22.0
1,9547,89.0
1,18427,65.0
1,9870,43.0
1,31158,54.0
1,23626,124.0
1,17627,62.0
1,30345,63.0
1,28676,93.0
1,16458,123.0
1,13722,121.0
1,14646,93.0
1,21080,80.0
1,22443,56.0
1,28625,39.0
1,25912,63.0
1,437,112.0
1,16890,85.0
1,26101,78.0
1,26065,82.0
1,8943,135.0
1,2513,115.0
1,17873,87.0
1,3519,93.0
1,18883,61.0
1,5730,50.0
1,12315,30.0
1,27046,93.0
1,18581,77.0
1,21222,59.0
1,25945,94.0
1,13996,81.0
1,6389,49.0
1,20629,35.0
1,6236,39.0
1,13073,85.0
1,8388,98.0
1,22192,129.0
1,10309,126.0
1,25935,119.0
1,28286,73.0
1,539,123.0
1,12112,78.0
1,28380,125.0
1,10033,60.0
1,5387,61.0
1,30150,101.0
1,4000,44.0
1,10802,119.0
1,25093,58.0
1,13922,48.0
1,20690,86.0
1,20109,54.0
1,21509,93.0
1,11651,114.0
1,4761,106.0
1,7468,25.0
1,18621,86.0
1,25482,143.0
1,13704,118.0
1,22707,105.0
1,30528,109.0
1,29709,45.0
1,17867,79.0
1,28741,75.0
1,12168,95.0
1,14882,127.0
1,19387,34.0
1,4555,87.0
1,7590,107.0
1,6006,89.0
1,28089,82.0
1,24299,49.0
1,2058,62.0
1,2756,50.0
1,22292,58.0
1,15786,80.0
1,12989,108.0
1,3990,67.0
1,18077,68.0
1,22146,81.0
1,26891,108.0
1,23223,129.0
1,25845,52.0
1,22097,109.0
1,16055,105.0
1,11840,92.0
1,16247,64.0
1,18871,80.0
1,8496,65.0
1,4881,16.0
1,7902,129.0
1,4301,85.0
1,28269,68.0
1,12706,102.0
1,23472,113.0
1,19582,41.0
1,19779,114.0
1,15361,63.0
1,16068,75.0
1,15217,27.0
1,30591,81.0
1,11289,38.0
1,2631,108.0
1,20156,68.0
1,14766,106.0
1,25958,111.0
1,4685,91.0
1,30918,17.0
1,5444,106.0
1,11953,84.0
1,3720,76.0
1,24085,93.0
1,31131,96.0
1,27905,79.0
1,3869,69.0
1,12729,52.0
1,7837,86.0
1,14229,85.0
1,8296,115.0
1,29538,128.0
1,2685,119.0
1,13473,84.0
1,18365,128.0
1,2212,106.0
1,12627,22.0
1,23159,59.0
1,565,54.0
1,20307,73.0
1,1334,103.0
1,16686,146.0
1,23254,53.0
1,12346,111.0
1,31859,93.0
1,5520,40.0
1,1653,73.0
1,31229,125.0
1,22118,68.0
1,18607,67.0
1,4903,58.0
1,27204,125.0
1,28877,86.0
1,22445,91.0
1,15106,47.0
1,5340,66.0
1,16666,97.0
1,14587,90.0
1,23589,51.0
1,31153,55.0
1,23827,63.0
1,17672,68.0
1,20539,57.0
1,849,63.0
1,13953,92.0
1,18305,64.0
1,5218,34.0
1,10139,65.0
1,27652,113.0
1,14299,67.0
1,3963,109.0
1,7321,50.0
1,13477,57.0
1,10899,90.0
1,15091,88.0
1,26160,31.0
1,28620,77.0
1,14518,60.0
1,23139,84.0
1,13770,18.0
1,13917,93.0
1,23180,123.0
1,5117,30.0
1,2364,93.0
1,5217,112.0
1,13532,53.0
1,8958,32.0
1,31807,108.0
1,25181,62.0
1,5237,93.0
1,18222,77.0
1,11420,119.0
1,17564,93.0
1,6440,24.0
1,5402,80.0
1,8359,141.0
1,14461,102.0
1,7311,81.0
1,20515,98.0
1,9243,89.0
1,18274,47.0
1,4455,33.0
1,215,90.0
1,1097,38.0
1,31569,107.0
1,30711,61.0
1,17250,122.0
1,8737,75.0
1,12138,116.0
1,17727,134.0
1,27443,89.0
1,566,142.0
1,13765,36.0
1,5575,36.0
1,1143,144.0
1,25379,57.0
1,28121,101.0
1,15042,22.0
1,6130,109.0
1,1259,56.0
1,9682,99.0
1,7523,87.0
1,31511,93.0
1,25669,108.0
1,29747,118.0
1,28399,43.0
1,10234,83.0
1,14142,77.0
1,2676,28.0
1,3266,123.0
1,29520,14.0
1,31561,16.0
1,25010,104.0
1,8052,106.0
1,12466,95.0
1,10554,124.0
1,28697,97.0
1,3394,95.0
1,9437,83.0
1,11435,113.0
1,3543,110.0
1,14241,121.0
1,28651,98.0
1,14391,55.0
1,2137,121.0
1,28671,48.0
1,18628,109.0
1,12234,110.0
1,515,136.0
1,4568,94.0
1,8250,27.0
1,13222,114.0
1,3757,130.0
1,27804,59.0
1,30968,119.0
1,20751,50.0
1,18580,136.0
1,17841,99.0
1,15604,30.0
1,14607,57.0
1,27888,86.0
1,31735,113.0
1,31931,97.0
1,30308,86.0
1,6939,104.0
1,25098,102.0
1,13095,86.0
1,8780,118.0
1,29937,97.0
1,9014,58.0
1,17221,133.0
1,22786,83.0
1,29105,51.0
1,16462,117.0
1,26317,107.0
1,25531,130.0
1,23909,67.0
1,17090,103.0
1,28057,58.0
1,23356,113.0
1,13554,88.0
1,4544,111.0
1,12290,101.0
1,31417,100.0
1,27520,68.0
1,23732,87.0
1,9791,86.0
1,28751,106.0
1,12123,69.0
1,4442,135.0
1,23782,56.0
1,6213,108.0
1,18858,68.0
1,31579,86.0
1,31362,107.0
1,21823,85.0
1,12872,39.0
1,1343,58.0
1,20189,133.0
1,22448,100.0
1,13287,109.0
1,13265,65.0
1,28760,44.0
1,527,119.0
1,3059,41.0
1,25499,86.0
1,25522,126.0
1,16617,104.0
1,8256,96.0
1,25258,105.0
1,17341,38.0
1,28184,136.0
1,26111,108.0
1,7695,34.0
1,31627,101.0
1,4962,32.0
1,6043,131.0
1,5085,61.0
1,17378,121.0
1,29845,125.0
1,22116,46.0
1,2091,55.0
1,16877,120.0
1,916,118.0
1,20779,99.0
1,6766,109.0
1,6075,119.0
1,11639,101.0
1,24634,109.0
1,25449,136.0
1,5424,54.0
1,7287,95.0
1,18819,111.0
1,25406,34.0
1,5902,97.0
1,25880,87.0
1,27761,43.0
1,15155,30.0
1,19628,45.0
1,19631,131.0
1,11799,95.0
1,31958,68.0
1,30765,91.0
1,30045,52.0
1,19590,65.0
1,13317,73.0
1,3233,95.0
1,23976,112.0
1,420,80.0
1,17587,63.0
1,864,105.0
1,26921,32.0
1,24044,59.0
1,29599,42.0
1,19945,96.0
1,24020,72.0
1,23186,89.0
1,21306,95.0
1,29570,89.0
1,15620,113.0
1,16893,139.0
1,31879,95.0
1,4687,56.0
1,22871,109.0
1,207,37.0
1,6819,90.0
1,31701,115.0
1,20300,69.0
1,16754,119.0
1,16967,91.0
1,5248,40.0
1,31920,97.0
1,16321,24.0
1,28232,39.0
1,2656,49.0
1,22183,41.0
1,8713,112.0
1,30672,114.0
1,9059,47.0
1,18138,113.0
1,28403,73.0
1,10775,106.0
1,4770,109.0
1,12768,140.0
1,19441,79.0
1,2359,69.0
1,17457,29.0
1,5626,109.0
1,5813,128.0
1,7515,62.0
1,25746,120.0
1,10498,63.0
1,25405,39.0
1,449,91.0
1,3825,86.0
1,28033,60.0
1,6403,61.0
1,5848,127.0
1,10006,45.0
1,3228,37.0
1,17986,99.0
1,8606,124.0
1,24830,109.0
1,15575,134.0
1,3472,60.0
1,2476,123.0
1,10502,55.0
1,1879,117.0
1,9497,110.0
1,3694,75.0
1,19238,87.0
1,12096,67.0
1,27196,129.0
1,3630,101.0
1,27154,58.0
1,30413,60.0
1,27341,74.0
1,4007,41.0
1,25132,126.0
1,29687,80.0
1,9495,90.0
1,19233,80.0
1,5784,38.0
1,406,120.0
1,8536,49.0
1,13250,128.0
1,29242,120.0
1,8980,128.0
1,8856,104.0
1,23790,66.0
1,1945,117.0
1,19531,49.0
1,2016,53.0
1,26983,95.0
1,4288,96.0
1,6179,130.0
1,21283,57.0
1,19580,109.0
1,9846,102.0
1,17202,124.0
1,7537,79.0
1,5086,103.0
1,11330,92.0
1,2536,32.0
1,31266,109.0
1,18719,112.0
1,15036,76.0
1,25137,99.0
1,20934,52.0
1,30814,124.0
1,1901,94.0
1,2075,137.0
1,17552,40.0
1,28185,40.0
1,20857,137.0
1,18771,97.0
1,18653,90.0
1,15897,96.0
1,16489,95.0
1,19385,108.0
1,18721,135.0
1,9053,64.0
1,11207,108.0
1,18535,71.0
1,31888,44.0
1,17748,72.0
1,30445,132.0
1,595,114.0
1,10586,105.0
1,27203,125.0
1,21732,126.0
1,24343,65.0
1,7615,32.0
1,29312,112.0
1,1474,115.0
1,4781,115.0
1,31367,129.0
1,21278,55.0
1,9351,107.0
1,6225,110.0
1,5262,93.0
1,5853,109.0
1,23605,112.0
1,23323,110.0
1,21416,48.0
1,2226,83.0
1,7275,86.0
1,18169,136.0
1,1601,52.0
1,7243,118.0
1,30678,107.0
1,5464,98.0
1,23659,45.0
1,7445,122.0
1,18479,96.0
1,3598,112.0
1,17590,96.0
1,10299,48.0
1,3294,124.0
1,5639,109.0
1,9680,138.0
1,9896,76.0
1,23879,76.0
1,28384,52.0
1,2726,98.0
1,25163,83.0
1,28941,43.0
1,12405,127.0
1,6629,100.0
1,7136,87.0
1,451,62.0
1,22156,77.0
1,4473,83.0
1,11264,100.0
1,5346,76.0
1,1499,119.0
1,17225,92.0
1,22925,87.0
1,231,49.0
1,5739,35.0
1,31508,78.0
1,677,68.0
1,12054,70.0
1,10928,92.0
1,29866,65.0
1,25776,122.0
1,10652,61.0
1,17334,37.0
1,784,82.0
1,3956,77.0
1,31882,111.0
1,19797,135.0
1,27261,73.0
1,390,19.0
1,6732,44.0
1,15242,177.0
1,30343,83.0
1,5197,103.0
1,18617,132.0
1,2446,94.0
1,24257,128.0
1,3357,102.0
1,26394,84.0
1,28389,96.0
1,8839,92.0
1,6909,121.0
1,4319,117.0
1,10823,57.0
1,11861,110.0
1,26814,60.0
1,6435,87.0
1,17040,105.0
1,27620,106.0
1,25481,22.0
1,11281,71.0
1,1402,69.0
1,24625,111.0
1,29602,40.0
1,31311,132.0
1,3324,64.0
1,25200,57.0
1,19413,95.0
1,18596,79.0
1,28128,119.0
1,24422,113.0
1,15521,90.0
1,4476,137.0
1,12440,93.0
1,10212,105.0
1,11138,128.0
1,7409,79.0
1,17680,19.0
1,6739,95.0
1,20065,88.0
1,11424,127.0
1,4498,71.0
1,10943,100.0
1,13988,93.0
1,10377,126.0
1,15297,35.0
1,22185,133.0
1,31638,69.0
1,28869,109.0
1,27843,43.0
1,9417,77.0
1,1067,93.0
1,2889,71.0
1,22368,36.0
1,16506,30.0
1,26661,60.0
1,1520,116.0
1,11369,90.0
1,14284,114.0
1,24613,111.0
1,13121,65.0
1,2242,112.0
1,7866,72.0
1,31960,63.0
1,27505,100.0
1,30151,56.0
1,1323,28.0
1,9308,81.0
1,26704,83.0
1,28752,103.0
1,25873,47.0
1,30461,31.0
1,9368,58.0
1,30580,106.0
1,27396,59.0
1,365,76.0
1,11637,54.0
1,3190,58.0
1,9450,93.0
1,9690,112.0
1,443,107.0
1,5620,103.0
1,19144,96.0
1,1348,104.0
1,12925,83.0
1,28425,50.0
1,17025,120.0
1,11964,25.0
1,8877,92.0
1,12432,88.0
1,7410,50.0
1,21449,148.0
1,30954,80.0
1,12844,116.0
1,6519,90.0
1,19463,49.0
1,31288,99.0
1,6929,48.0
1,31724,100.0
1,20541,90.0
1,16199,124.0
1,18168,97.0
1,11254,105.0
1,26046,66.0
1,11820,86.0
1,17553,52.0
1,13850,59.0
1,16961,119.0
1,14567,67.0
1,30006,62.0
1,22356,91.0
1,20169,45.0
1,5977,72.0
1,6449,93.0
1,25577,93.0
1,28355,71.0
1,12166,145.0
1,11980,99.0
1,29577,110.0
1,17324,64.0
1,27791,69.0
1,782,61.0
1,9438,58.0
1,22092,115.0
1,27482,78.0
1,27220,55.0
1,17716,78.0
1,25303,89.0
1,11021,39.0
1,5453,103.0
1,18682,42.0
1,8590,86.0
1,2788,98.0
1,20909,97.0
1,10273,112.0
1,22034,125.0
1,25155,75.0
1,5080,110.0
1,11095,53.0
1,169,109.0
1,30269,63.0
1,5629,75.0
1,14918,25.0
1,11544,43.0
1,12759,24.0
1,25498,87.0
1,23847,41.0
1,24118,94.0
1,21169,94.0
1,2949,133.0
1,13350,73.0
1,18998,80.0
1,5166,91.0
1,4984,146.0
1,21976,61.0
1,24046,77.0
1,21398,41.0
1,12721,104.0
1,13882,97.0
1,13862,107.0
1,19084,129.0
1,13230,119.0
1,22723,104.0
1,4760,25.0
1,3105,103.0
1,22846,143.0
1,22131,136.0
1,27251,39.0
1,8271,58.0
1,163,86.0
1,29680,42.0
1,24656,104.0
1,23471,107.0
1,27486,104.0
1,7601,90.0
1,27247,56.0
1,17453,86.0
1,22992,53.0
1,21440,110.0
1,14955,56.0
1,10151,57.0
1,27685,41.0
1,6613,87.0
1,17371,94.0
1,18950,103.0
1,26765,83.0
1,25038,43.0
1,13328,39.0
1,30661,118.0
1,27896,106.0
1,10627,134.0
1,21397,125.0
1,27361,78.0
1,5846,69.0
1,12,133.0
1,24324,58.0
1,24558,91.0
1,30284,73.0
1,2652,65.0
1,17216,88.0
1,31609,106.0
1,27184,97.0
1,30860,100.0
1,26343,95.0
1,15958,109.0
1,29761,43.0
1,11512,98.0
1,22016,90.0
1,13844,74.0
1,24637,112.0
1,3625,30.0
1,1777,49.0
1,20947,104.0
1,29406,52.0
1,99,69.0
1,20883,98.0
1,23078,79.0
1,31051,18.0
1,1420,82.0
1,2309,68.0
1,19627,110.0
1,28431,112.0
1,29928,126.0
1,14685,47.0
1,14450,37.0
1,8201,60.0
1,5484,91.0
1,1812,40.0
1,1900,31.0
1,2285,135.0
1,9193,109.0
1,18734,109.0
1,4104,135.0
1,4209,96.0
1,23567,77.0
1,7346,109.0
1,28143,94.0
1,28809,102.0
1,26464,45.0
1,17703,123.0
1,15340,73.0
1,3192,42.0
1,6839,95.0
1,16216,114.0
1,6647,19.0
1,17645,122.0
1,14495,110.0
1,19078,97.0
1,5388,86.0
1,2540,107.0
1,14210,70.0
1,23496,132.0
1,30791,109.0
1,30995,93.0
1,29717,138.0
1,30775,72.0
1,21224,109.0
1,23363,66.0
1,10294,118.0
1,13546,85.0
1,4833,99.0
1,2715,89.0
1,21593,115.0
1,27649,36.0
1,23651,71.0
1,26958,109.0
1,24749,121.0
1,6558,22.0
1,9694,86.0
1,7134,102.0
1,1446,139.0
1,13618,34.0
1,15265,115.0
1,15932,38.0
1,25606,38.0
1,1408,93.0
1,15013,48.0
1,3994,115.0
1,3547,88.0
1,24072,58.0
1,9832,93.0
1,29053,73.0
1,28260,80.0
1,24099,106.0
1,6924,109.0
1,7060,93.0
1,31666,99.0
1,25503,133.0
1,12572,101.0
1,3477,100.0
1,13029,109.0
1,23208,109.0
1,129,92.0
1,25255,45.0
1,30863,18.0
1,7031,41.0
1,28508,85.0
1,30295,87.0
1,20716,94.0
1,26538,104.0
1,13602,124.0
1,28594,28.0
1,8189,111.0
1,17764,105.0
1,12411,98.0
1,12599,50.0
1,21665,40.0
1,31523,126.0
1,8870,108.0
1,14498,80.0
1,10389,80.0
1,30164,53.0
1,27976,133.0
1,19321,103.0
1,3415,56.0
1,18213,51.0
1,27472,69.0
1,24035,104.0
1,14415,58.0
1,31910,90.0
1,16974,41.0
1,20869,129.0
1,18364,20.0
1,7414,94.0
1,13093,56.0
1,26457,102.0
1,1621,45.0
1,8163,14.0
1,13257,82.0
1,206,57.0
1,23828,15.0
1,25274,128.0
1,13306,94.0
1,9447,130.0
1,9304,40.0
1,2290,86.0
1,5458,96.0
1,17736,68.0
1,19360,42.0
1,6068,117.0
1,21355,33.0
1,23973,98.0
1,1898,48.0
1,14185,109.0
1,22364,94.0
1,5258,59.0
1,10040,106.0
1,3836,101.0
1,10630,51.0
1,28412,118.0
1,9669,109.0
1,1871,41.0
1,5806,104.0
1,30432,94.0
1,17581,96.0
1,23615,80.0
1,3018,111.0
1,24371,26.0
1,24891,129.0
1,19085,37.0
1,30476,95.0
1,11539,91.0
1,30837,54.0
1,11531,69.0
1,25711,101.0
1,8755,98.0
1,26701,123.0
1,16684,48.0
1,19539,99.0
1,24825,80.0
1,23398,26.0
1,28860,104.0
1,13213,80.0
1,9867,98.0
1,14254,45.0
1,24109,79.0
1,29923,63.0
1,7691,108.0
1,18194,105.0
1,12584,127.0
1,19421,73.0
1,14648,119.0
1,21511,13.0
1,22379,88.0
1,17840,126.0
1,24653,128.0
1,13128,84.0
1,16956,83.0
1,12158,102.0
1,16923,60.0
1,13157,70.0
1,4782,53.0
1,29407,164.0
1,25709,93.0
1,8577,96.0
1,28118,58.0
1,966,61.0
1,7760,113.0
1,27491,50.0
1,28567,41.0
1,30122,94.0
1,7141,38.0
1,21894,129.0
1,402,47.0
1,23109,100.0
1,2358,77.0
1,17069,73.0
1,16696,130.0
1,27688,73.0
1,17179,95.0
1,19092,56.0
1,27062,93.0
1,14699,59.0
1,23148,79.0
1,10591,83.0
1,26978,94.0
1,5511,116.0
1,2557,66.0
1,3801,54.0
1,28525,108.0
1,25607,71.0
1,21077,66.0
1,24792,87.0
1,1716,91.0
1,12670,130.0
1,6877,88.0
1,16015,85.0
1,16810,74.0
1,3585,120.0
1,13690,46.0
1,24449,83.0
1,23649,31.0
1,30633,53.0
1,7149,115.0
1,15451,92.0
1,6050,94.0
1,19674,62.0
1,8342,120.0
1,27126,97.0
1,21746,117.0
1,7572,76.0
1,16814,96.0
1,22417,122.0
1,12662,84.0
1,26465,70.0
1,30824,102.0
1,27067,91.0
1,6157,79.0
1,22825,96.0
1,8435,130.0
1,2916,30.0
1,29184,63.0
1,1224,44.0
1,8000,67.0
1,24219,66.0
1,2194,28.0
1,27655,83.0
1,10180,75.0
1,9367,95.0
1,5767,112.0
1,1955,100.0
1,7684,59.0
1,30013,63.0
1,9793,49.0
1,3916,41.0
1,1813,135.0
1,30099,62.0
1,6703,113.0
1,5928,64.0
1,8783,52.0
1,16911,61.0
1,8430,96.0
1,25256,118.0
1,14076,95.0
1,4762,80.0
1,14421,41.0
1,18522,75.0
1,21032,55.0
1,254,93.0
1,22865,93.0
1,834,55.0
1,25343,84.0
1,9586,100.0
1,13130,50.0
1,8819,112.0
1,13716,103.0
1,17130,55.0
1,22063,99.0
1,10166,58.0
1,10525,43.0
1,30763,136.0
1,1973,126.0
1,27152,111.0
1,23595,81.0
1,13102,36.0
1,1311,119.0
1,10918,86.0
1,15325,20.0
1,28993,91.0
1,13177,103.0
1,23954,102.0
1,7450,99.0
1,21374,63.0
1,5822,107.0
1,20562,64.0
1,19817,100.0
1,28248,86.0
1,13601,108.0
1,12053,92.0
1,12536,117.0
1,15276,63.0
1,21243,114.0
1,16103,115.0
1,24955,94.0
1,2155,100.0
1,2147,92.0
1,23107,67.0
1,31305,40.0
1,26726,94.0
1,24783,122.0
1,25153,126.0
1,10915,42.0
1,1961,104.0
1,28535,59.0
1,5987,86.0
1,1800,104.0
1,19821,117.0
1,9816,107.0
1,18949,106.0
1,1206,108.0
1,30677,95.0
1,15637,99.0
1,21852,47.0
1,14804,87.0
1,7582,130.0
1,14916,105.0
1,15111,112.0
1,18583,34.0
1,19433,91.0
1,31926,29.0
1,21233,91.0
1,14844,80.0
1,31173,33.0
1,25431,45.0
1,160,122.0
1,13669,133.0
1,14671,60.0
1,3053,130.0
1,19956,36.0
1,1166,51.0
1,1034,59.0
1,5158,49.0
1,9205,72.0
1,16484,142.0
1,2751,39.0
1,8142,103.0
1,27189,75.0
1,6155,126.0
1,22534,97.0
1,4756,101.0
1,23593,137.0
1,6341,136.0
1,21627,111.0
1,12862,114.0
1,7748,62.0
1,1068,116.0
1,13886,106.0
1,29640,115.0
1,9327,50.0
1,8418,132.0
1,28994,73.0
1,17280,59.0
1,8011,56.0
1,28998,69.0
1,16859,136.0
1,17337,61.0
1,12595,110.0
1,8940,116.0
1,7065,109.0
1,19086,28.0
1,20527,62.0
1,8538,115.0
1,3773,97.0
1,6338,40.0
1,30946,87.0
1,19972,108.0
1,1096,121.0
1,6785,96.0
1,14054,112.0
1,20625,122.0
1,2909,100.0
1,23207,78.0
1,2210,63.0
1,23092,63.0
1,12433,100.0
1,2983,85.0
1,7462,104.0
1,22965,43.0
1,31932,126.0
1,14572,114.0
1,27955,114.0
1,18410,33.0
1,21654,103.0
1,13273,38.0
1,13660,62.0
1,12340,87.0
1,2671,50.0
1,16425,102.0
1,5430,69.0
1,7588,109.0
1,28749,93.0
1,13142,80.0
1,27541,109.0
1,13639,77.0
1,17237,55.0
1,12814,59.0
1,4523,138.0
1,2619,57.0
1,31919,108.0
1,10890,91.0
1,22926,74.0
1,11887,69.0
1,18355,90.0
1,21506,135.0
1,14935,48.0
1,23018,31.0
1,30361,76.0
1,9054,65.0
1,5284,109.0
1,7532,80.0
1,25300,18.0
1,26217,45.0
1,30041,88.0
1,24581,55.0
1,15172,97.0
1,25892,85.0
1,7952,73.0
1,25687,122.0
1,22544,104.0
1,23352,73.0
1,3184,86.0
1,24131,77.0
1,16522,91.0
1,23744,69.0
1,2870,86.0
1,26895,99.0
1,25230,123.0
1,11160,94.0
1,17570,91.0
1,10443,68.0
1,26631,59.0
1,13734,141.0
1,19896,87.0
1,16892,136.0
1,21371,81.0
1,25688,108.0
1,9017,34.0
1,27262,109.0
1,1445,110.0
1,14790,109.0
1,10936,103.0
1,30118,92.0
1,29132,138.0
1,18924,88.0
1,24904,30.0
1,8567,90.0
1,20349,65.0
1,3074,41.0
1,435,135.0
1,19293,80.0
1,18189,60.0
1,16237,135.0
1,13258,39.0
1,5115,88.0
1,2056,135.0
1,17597,134.0
1,26954,132.0
1,4577,70.0
1,21935,110.0
1,30600,125.0
1,19172,94.0
1,6609,90.0
1,7152,113.0
1,13558,58.0
1,4273,95.0
1,23034,97.0
1,21940,114.0
1,22795,98.0
1,24270,127.0
1,2049,141.0
1,11700,44.0
1,29884,89.0
1,11506,95.0
1,3015,92.0
1,4717,119.0
1,2602,96.0
1,3873,69.0
1,7976,51.0
1,6848,92.0
1,29255,89.0
1,24916,44.0
1,9062,96.0
1,31012,46.0
1,20510,34.0
1,23511,109.0
1,4669,14.0
1,27083,86.0
1,18012,46.0
1,5836,27.0
1,2080,44.0
1,13242,115.0
1,25513,79.0
1,21646,112.0
1,7812,85.0
1,16534,72.0
1,17427,142.0
1,20742,76.0
1,13638,37.0
1,17880,64.0
1,20548,67.0
1,14970,122.0
1,23075,45.0
1,25463,118.0
1,31648,109.0
1,11158,55.0
1,67,73.0
1,10320,47.0
1,12436,74.0
1,20440,50.0
1,19062,112.0
1,28717,50.0
1,15820,131.0
1,28950,50.0
1,27829,75.0
1,2604,49.0
1,18737,88.0
1,10732,119.0
1,21604,69.0
1,23189,104.0
1,29978,34.0
1,22689,92.0
1,30037,70.0
1,28370,116.0
1,22511,38.0
1,18711,94.0
1,6216,79.0
1,22149,96.0
1,16293,119.0
1,25609,118.0
1,16687,122.0
1,10663,110.0
1,22316,109.0
1,31939,112.0
1,27458,84.0
1,6955,122.0
1,5101,52.0
1,15658,61.0
1,14731,56.0
1,25302,104.0
1,18699,102.0
1,9742,62.0
1,12520,102.0
1,15580,62.0
1,21381,71.0
1,2125,88.0
1,23696,66.0
1,22241,88.0
1,27779,94.0
1,31402,53.0
1,21742,31.0
1,24773,74.0
1,14654,119.0
1,19203,96.0
1,12102,105.0
1,4735,110.0
1,17895,96.0
1,28595,38.0
1,14958,105.0
1,18991,52.0
1,26086,86.0
1,3244,142.0
1,12594,41.0
1,17849,58.0
1,9217,46.0
1,25432,86.0
1,26076,29.0
1,22172,96.0
1,24415,56.0
1,24947,73.0
1,25189,94.0
1,29837,77.0
1,30438,68.0
1,29474,75.0
1,3277,63.0
1,19496,27.0
1,27743,114.0
1,4451,55.0
1,16552,109.0
1,8986,91.0
1,7080,121.0
1,17525,26.0
1,23978,109.0
1,21771,97.0
1,6495,106.0
1,23131,47.0
1,21614,113.0
1,10660,109.0
1,21014,114.0
1,9281,108.0
1,4973,69.0
1,26292,114.0
1,7507,82.0
1,613,117.0
1,1075,119.0
1,20954,44.0
1,21166,53.0
1,2281,107.0
1,1088,85.0
1,6555,121.0
1,30104,121.0
1,25002,95.0
1,2661,103.0
1,17878,104.0
1,31961,67.0
1,29512,85.0
1,20583,84.0
1,3631,129.0
1,28385,94.0
1,22602,49.0
1,14660,93.0
1,16146,74.0
1,14008,64.0
1,29327,95.0
1,7226,102.0
1,915,45.0
1,16682,31.0
1,24929,86.0
1,14215,90.0
1,15447,99.0
1,4706,105.0
1,15496,107.0
1,23663,90.0
1,31699,124.0
1,2000,73.0
1,9463,63.0
1,20800,90.0
1,21735,87.0
1,14161,104.0
1,27400,46.0
1,13270,91.0
1,30417,132.0
1,21469,108.0
1,15693,109.0
1,20487,51.0
1,18422,130.0
1,5650,91.0
1,12203,122.0
1,27194,56.0
1,18537,28.0
1,7035,117.0
1,14118,104.0
1,7268,94.0
1,16212,35.0
1,15362,94.0
1,28070,21.0
1,25350,89.0
1,24377,106.0
1,18190,111.0
1,27521,113.0
1,1971,67.0
1,18632,35.0
1,8655,99.0
1,8643,106.0
1,25158,21.0
1,15577,28.0
1,20684,21.0
1,25901,70.0
1,20205,106.0
1,11267,102.0
1,25049,93.0
1,3638,85.0
1,2044,111.0
1,23733,72.0
1,30809,109.0
1,18430,102.0
1,14429,114.0
1,28035,114.0
1,28466,77.0
1,31556,95.0
1,26058,86.0
1,28424,131.0
1,30830,117.0
1,28623,59.0
1,3206,88.0
1,14508,62.0
1,19805,54.0
1,8914,99.0
1,30028,26.0
1,25195,110.0
1,15984,86.0
1,1054,115.0
1,29641,132.0
1,21455,80.0
1,1670,98.0
1,26049,66.0
1,20519,137.0
1,31936,138.0
1,18979,106.0
1,19088,48.0
1,13970,96.0
1,20153,18.0
1,7294,96.0
1,9102,42.0
1,30431,49.0
1,25084,102.0
1,12957,41.0
1,9590,64.0
1,7593,126.0
1,23439,131.0
1,15132,81.0
1,24872,105.0
1,3518,102.0
1,10753,31.0
1,16,56.0
1,21317,103.0
1,30881,41.0
1,29415,63.0
1,21643,59.0
1,12262,91.0
1,19976,107.0
1,17950,41.0
1,1634,103.0
1,20798,54.0
1,11654,110.0
1,6325,46.0
1,8837,99.0
1,15517,52.0
1,4755,113.0
1,15861,54.0
1,7396,84.0
1,24733,45.0
1,19902,109.0
1,21343,92.0
1,6105,46.0
1,24501,20.0
1,18141,112.0
1,9815,131.0
1,23423,84.0
1,17009,77.0
1,569,137.0
1,8699,117.0
1,16395,99.0
1,6144,145.0
1,22215,79.0
1,16755,76.0
1,22392,90.0
1,13536,81.0
1,225,63.0
1,18219,87.0
1,3967,58.0
1,1747,81.0
1,14843,105.0
1,23073,106.0
1,23407,57.0
1,3886,100.0
1,10818,52.0
1,20027,84.0
1,4827,129.0
1,24163,90.0
1,13597,51.0
1,13005,106.0
1,26881,89.0
1,12197,93.0
1,5856,53.0
1,27440,88.0
1,16226,81.0
1,19801,123.0
1,1776,67.0
1,28059,94.0
1,25591,65.0
1,7756,141.0
1,20900,28.0
1,9041,52.0
1,255,109.0
1,24726,129.0
1,27674,115.0
1,16947,50.0
1,29293,123.0
1,3828,123.0
1,22440,133.0
1,23792,21.0
1,5621,62.0
1,30160,48.0
1,19438,137.0
1,22138,91.0
1,7313,93.0
1,26737,131.0
1,15168,112.0
1,25281,90.0
1,1047,75.0
1,8845,56.0
1,26074,95.0
1,24123,44.0
1,19005,115.0
1,5381,130.0
1,12766,86.0
1,31149,89.0
1,14996,74.0
1,971,121.0
1,20291,74.0
1,2940,76.0
1,24785,88.0
1,4478,123.0
1,20555,99.0
1,5017,113.0
1,15512,96.0
1,19640,98.0
1,8291,32.0
1,20358,65.0
1,10495,115.0
1,12438,59.0
1,6321,52.0
1,31223,124.0
1,25180,65.0
1,10231,71.0
1,4773,43.0
1,1684,117.0
1,523,60.0
1,16362,114.0
1,19919,25.0
1,26483,78.0
1,19925,94.0
1,6579,120.0
1,24102,82.0
1,28737,102.0
1,25007,126.0
1,6227,50.0
1,7639,102.0
1,5715,91.0
1,13750,47.0
1,30307,136.0
1,20593,109.0
1,23741,92.0
1,7722,88.0
1,224,109.0
1,23353,69.0
1,9513,83.0
1,28114,25.0
1,2303,101.0
1,2595,58.0
1,28324,50.0
1,6767,100.0
1,25933,94.0
1,28894,31.0
1,4652,86.0
1,27772,108.0
1,28088,115.0
1,30021,68.0
1,17589,132.0
1,30211,99.0
1,16937,45.0
1,10050,61.0
1,4879,89.0
1,16812,57.0
1,31764,121.0
1,31192,137.0
1,10143,88.0
1,27802,63.0
1,16198,98.0
1,9898,94.0
1,21462,81.0
1,31928,108.0
1,25090,94.0
1,9755,47.0
1,17013,115.0
1,5509,63.0
1,18279,39.0
1,11946,66.0
1,3317,44.0
1,12491,115.0
1,21189,121.0
1,21005,33.0
1,25327,95.0
1,30789,94.0
1,8652,121.0
1,3683,94.0
1,18282,77.0
1,25852,55.0
1,9841,58.0
1,31596,110.0
1,10600,66.0
1,29002,62.0
1,13731,50.0
1,19651,50.0
1,30166,119.0
1,833,67.0
1,20579,28.0
1,2124,147.0
1,8365,90.0
1,26868,35.0
1,13119,60.0
1,5904,62.0
1,1416,95.0
1,10740,69.0
1,17925,100.0
1,18740,71.0
1,20404,119.0
1,1997,65.0
1,23173,55.0
1,20104,52.0
1,9611,75.0
1,24512,104.0
1,21443,47.0
1,14864,49.0
1,18750,43.0
1,9789,47.0
1,12629,114.0
1,7242,100.0
1,19087,46.0
1,13730,52.0
1,4139,105.0
1,26136,93.0
1,22950,81.0
1,18591,82.0
1,9572,126.0
1,17095,66.0
1,5138,122.0
1,380,87.0
1,19970,109.0
1,24661,93.0
1,18480,116.0
1,18278,83.0
1,8954,111.0
1,4802,61.0
1,4097,43.0
1,26692,50.0
1,1146,93.0
1,20645,103.0
1,30932,91.0
1,10666,94.0
1,15652,141.0
1,11134,83.0
1,31379,134.0
1,31091,52.0
1,25988,133.0
1,3471,54.0
1,1549,92.0
1,30583,56.0
1,31067,124.0
1,7241,80.0
1,18154,41.0
1,28710,75.0
1,18444,86.0
1,19285,67.0
1,7428,95.0
1,29661,97.0
1,22767,35.0
1,6513,65.0
1,19142,57.0
1,10219,130.0
1,10484,105.0
1,21482,49.0
1,20596,77.0
1,10021,114.0
1,29173,87.0
1,6696,103.0
1,7319,99.0
1,16717,46.0
1,22887,81.0
1,3300,126.0
1,17599,77.0
1,7737,70.0
2,12413,2.0
2,9312,2.0
2,12110,2.0
2,28747,2.0
2,7658,8.0
2,20255,1.0
2,11611,0.0
2,9496,3.0
2,28123,2.0
2,30730,6.0
2,27222,1.0
2,24398,1.0
2,15479,1.0
2,8979,1.0
2,18736,6.0
2,23608,5.0
2,28912,4.0
2,12420,6.0
2,29341,0.0
2,19165,0.0
2,491,4.0
2,3138,0.0
2,9900,2.0
2,31423,0.0
2,27412,1.0
2,12149,1.0
2,24723,0.0
2,19708,1.0
2,26553,2.0
2,28742,0.0
2,13353,3.0
2,6399,2.0
2,26567,1.0
2,31856,2.0
2,25847,0.0
2,10850,4.0
2,26021,0.0
2,8761,5.0
2,18242,5.0
2,6187,5.0
2,31089,1.0
2,21719,6.0
2,29440,5.0
2,18932,6.0
2,8672,6.0
2,14591,7.0
2,27845,7.0
2,12524,2.0
2,2411,3.0
2,15359,2.0
2,2673,1.0
2,24152,5.0
2,2601,6.0
2,13782,0.0
2,11833,2.0
2,11236,6.0
2,16286,4.0
2,27712,0.0
2,17529,1.0
2,11176,3.0
2,19672,5.0
2,1385,3.0
2,18624,5.0
2,23384,1.0
2,12717,9.0
2,18864,0.0
2,15691,0.0
2,3213,4.0
2,22504,0.0
2,31720,4.0
2,21428,0.0
2,12749,0.0
2,17234,3.0
2,24909,2.0
2,3431,0.0
2,31295,2.0
2,29986,5.0
2,29877,9.0
2,23244,3.0
2,31759,2.0
2,29026,2.0
2,14966,4.0
2,18587,2.0
2,1144,6.0
2,15273,1.0
2,18090,6.0
2,873,0.0
2,27006,3.0
2,882,0.0
2,15358,0.0
2,12950,13.0
2,4184,1.0
2,17365,3.0
2,30323,3.0
2,29771,5.0
2,8089,2.0
2,25772,0.0
2,6410,0.0
2,21068,0.0
2,15505,4.0
2,22624,0.0
2,10560,2.0
2,13189,0.0
2,16516,2.0
2,10952,5.0
2,28644,1.0
2,1816,0.0
2,26374,0.0
2,18336,8.0
2,23408,3.0
2,26830,7.0
2,22751,2.0
2,18417,3.0
2,13238,1.0
2,21027,0.0
2,4207,0.0
2,23321,10.0
2,24712,5.0
2,14107,6.0
2,17381,6.0
2,24174,1.0
2,28578,3.0
2,21079,4.0
2,30194,5.0
2,18716,3.0
2,24716,2.0
2,18964,7.0
2,10995,2.0
2,29495,3.0
2,10948,2.0
2,3553,0.0
2,23250,9.0
2,3080,0.0
2,14070,5.0
2,12954,6.0
2,177,4.0
2,7001,2.0
2,9476,0.0
2,24636,2.0
2,29934,2.0
2,6185,2.0
2,87,0.0
2,15116,1.0
2,4044,0.0
2,26290,0.0
2,25386,5.0
2,23136,4.0
2,23666,0.0
2,29561,0.0
2,23810,1.0
2,8639,0.0
2,13724,0.0
2,13825,0.0
2,26856,0.0
2,14993,1.0
2,15185,1.0
2,23358,2.0
2,10226,0.0
2,16641,2.0
2,10648,0.0
2,28172,5.0
2,3648,2.0
2,5564,0.0
2,14802,0.0
2,22338,4.0
2,23573,0.0
2,17961,3.0
2,21767,0.0
2,25397,2.0
2,29946,0.0
2,29130,0.0
2,30865,0.0
2,25627,3.0
2,7029,0.0
2,9788,5.0
2,31668,3.0
2,14220,3.0
2,31364,0.0
2,4519,1.0
2,23980,0.0
2,18953,1.0
2,16800,3.0
2,21873,0.0
2,2305,1.0
2,7272,0.0
2,11421,4.0
2,6464,3.0
2,5019,1.0
2,29005,1.0
2,9910,0.0
2,11265,0.0
2,18345,2.0
2,14472,2.0
2,7506,1.0
2,17286,1.0
2,14407,1.0
2,15468,0.0
2,20194,0.0
2,23560,2.0
2,24315,2.0
2,23170,3.0
2,4195,4.0
2,7821,1.0
2,23294,0.0
2,31183,4.0
2,31494,1.0
2,12574,2.0
2,19749,3.0
2,13979,3.0
2,15594,1.0
2,23634,1.0
2,21177,0.0
2,20264,1.0
2,25900,0.0
2,18859,2.0
2,23296,4.0
2,8145,2.0
2,23101,7.0
2,19487,2.0
2,21191,1.0
2,14775,2.0
2,13927,9.0
2,8224,1.0
2,16889,2.0
2,2497,3.0
2,6760,4.0
2,25885,0.0
2,24940,5.0
2,31461,4.0
2,21939,3.0
2,2649,0.0
2,12956,5.0
2,20601,3.0
2,9168,0.0
2,25930,5.0
2,19561,2.0
2,4323,0.0
2,24609,0.0
2,11810,4.0
2,20927,4.0
2,18333,2.0
2,15369,2.0
2,5505,0.0
2,23128,0.0
2,12224,2.0
2,8216,0.0
2,13237,3.0
2,28188,6.0
2,26568,2.0
2,9135,7.0
2,12657,1.0
2,3905,4.0
2,26713,1.0
2,4830,0.0
2,1243,1.0
2,24380,2.0
2,6654,2.0
2,871,2.0
2,27679,3.0
2,6135,3.0
2,20696,0.0
2,13977,1.0
2,22424,3.0
2,26276,4.0
2,21662,3.0
2,30261,1.0
2,11571,3.0
2,10266,3.0
2,15014,4.0
2,7909,1.0
2,24786,0.0
2,25035,6.0
2,2824,1.0
2,6230,0.0
2,5707,2.0
2,21375,0.0
2,24349,4.0
2,31121,5.0
2,18335,0.0
2,25339,2.0
2,13642,0.0
2,25286,7.0
2,29092,1.0
2,22444,0.0
2,9408,5.0
2,19024,1.0
2,6851,0.0
2,13404,6.0
2,7459,3.0
2,1733,1.0
2,7750,0.0
2,16369,0.0
2,9660,1.0
2,12019,0.0
2,9354,1.0
2,13172,1.0
2,19241,3.0
2,7783,9.0
2,13104,0.0
2,20339,4.0
2,10879,2.0
2,30854,1.0
2,24948,1.0
2,3198,2.0
2,5089,0.0
2,12343,2.0
2,27897,6.0
2,23561,1.0
2,2569,1.0
2,16172,0.0
2,22098,1.0
2,31769,0.0
2,30991,0.0
2,27978,6.0
2,30402,3.0
2,26110,0.0
2,23030,7.0
2,11520,3.0
2,11041,2.0
2,5562,1.0
2,15853,2.0
2,18887,2.0
2,13967,1.0
2,6020,1.0
2,16296,0.0
2,13061,0.0
2,6546,1.0
2,23815,4.0
2,11446,1.0
2,5205,8.0
2,18553,0.0
2,18318,1.0
2,31128,4.0
2,4938,2.0
2,6722,1.0
2,6902,6.0
2,998,9.0
2,28962,6.0
2,10296,0.0
2,3903,2.0
2,28313,2.0
2,25277,11.0
2,3719,1.0
2,29942,1.0
2,7474,7.0
2,14031,0.0
2,8451,3.0
2,24172,0.0
2,21936,2.0
2,3705,6.0
2,18773,3.0
2,11831,2.0
2,667,0.0
2,6747,2.0
2,27781,2.0
2,20553,4.0
2,9961,4.0
2,24411,2.0
2,751,1.0
2,16259,2.0
2,17203,0.0
2,16673,3.0
2,30176,3.0
2,19606,5.0
2,11277,2.0
2,11337,2.0
2,24251,3.0
2,3933,2.0
2,11011,5.0
2,8723,8.0
2,22381,2.0
2,29374,0.0
2,1428,2.0
2,2356,3.0
2,4099,0.0
2,16547,1.0
2,6972,2.0
2,22325,1.0
2,30892,3.0
2,11026,1.0
2,23057,8.0
2,10616,2.0
2,6347,3.0
2,31565,0.0
2,3912,1.0
2,3833,1.0
2,27552,3.0
2,24400,0.0
2,15635,1.0
2,29095,3.0
2,5648,1.0
2,20929,3.0
2,26236,5.0
2,10381,6.0
2,6071,5.0
2,11121,2.0
2,8564,3.0
2,3229,3.0
2,5788,0.0
2,26112,3.0
2,19361,2.0
2,13079,7.0
2,28557,1.0
2,24588,1.0
2,1081,1.0
2,17116,5.0
2,25940,6.0
2,20863,4.0
2,10500,8.0
2,11353,8.0
2,30368,0.0
2,22126,2.0
2,303,0.0
2,29957,0.0
2,1705,1.0
2,21150,6.0
2,11457,0.0
2,14483,4.0
2,892,4.0
2,16174,5.0
2,18284,0.0
2,23202,1.0
2,925,9.0
2,10913,2.0
2,29808,11.0
2,11450,0.0
2,2524,0.0
2,20393,2.0
2,29666,0.0
2,17741,1.0
2,26202,0.0
2,20968,12.0
2,712,1.0
2,11994,2.0
2,14114,0.0
2,9291,2.0
2,14177,0.0
2,25354,0.0
2,30289,1.0
2,14257,0.0
2,7771,1.0
2,22123,13.0
2,14629,0.0
2,15649,3.0
2,21923,4.0
2,17937,3.0
2,5627,5.0
2,12259,0.0
2,6735,3.0
2,11894,2.0
2,6537,1.0
2,8396,0.0
2,19414,0.0
2,11924,0.0
2,31426,0.0
2,7466,3.0
2,28696,0.0
2,23119,3.0
2,25568,4.0
2,8128,4.0
2,12000,1.0
2,29596,5.0
2,3422,0.0
2,28851,7.0
2,7925,7.0
2,20132,8.0
2,28436,0.0
2,15126,0.0
2,14525,0.0
2,28111,1.0
2,29436,2.0
2,4242,1.0
2,23311,3.0
2,25356,0.0
2,4767,1.0
2,7055,4.0
2,15538,3.0
2,7798,3.0
2,23433,9.0
2,14899,5.0
2,30407,1.0
2,1142,0.0
2,2270,2.0
2,14962,0.0
2,12816,7.0
2,30366,0.0
2,30978,1.0
2,22904,2.0
2,3840,3.0
2,24234,1.0
2,7717,3.0
2,26043,0.0
2,9593,4.0
2,7109,4.0
2,10394,2.0
2,13963,0.0
2,24815,4.0
2,30843,4.0
2,27758,4.0
2,11862,4.0
2,2761,1.0
2,29405,1.0
2,21547,1.0
2,10998,0.0
2,31214,9.0
2,8675,0.0
2,11972,2.0
2,325,8.0
2,26472,3.0
2,5426,1.0
2,15662,0.0
2,6220,1.0
2,15769,1.0
2,29589,5.0
2,2211,1.0
2,24797,4.0
2,28003,1.0
2,15094,1.0
2,9277,0.0
2,16284,2.0
2,20549,3.0
2,25756,3.0
2,6209,0.0
2,27122,0.0
2,11934,1.0
2,1257,2.0
2,21572,0.0
2,6448,3.0
2,26404,2.0
2,14978,0.0
2,24094,0.0
2,28371,1.0
2,15384,1.0
2,11088,0.0
2,12580,0.0
2,22212,0.0
2,23934,4.0
2,14064,0.0
2,11354,0.0
2,12515,2.0
2,11798,3.0
2,16771,0.0
2,5696,2.0
2,21300,2.0
2,29943,0.0
2,13442,1.0
2,1307,5.0
2,14888,1.0
2,29224,0.0
2,18619,1.0
2,29894,8.0
2,16982,1.0
2,8353,3.0
2,27993,4.0
2,31355,5.0
2,19678,0.0
2,5843,2.0
2,26263,5.0
2,7842,0.0
2,5941,6.0
2,4990,0.0
2,18900,2.0
2,7103,3.0
2,26647,1.0
2,31020,1.0
2,10617,4.0
2,12357,3.0
2,26770,0.0
2,17495,1.0
2,2067,1.0
2,13630,3.0
2,15656,1.0
2,21200,0.0
2,29787,5.0
2,24086,2.0
2,25085,0.0
2,17708,4.0
2,9386,10.0
2,29372,11.0
2,413,3.0
2,30511,2.0
2,10364,3.0
2,20608,5.0
2,21625,2.0
2,9615,8.0
2,28423,9.0
2,10237,3.0
2,14329,5.0
2,8108,2.0
2,3612,0.0
2,6646,0.0
2,20676,2.0
2,20450,3.0
2,7942,2.0
2,2645,2.0
2,3063,2.0
2,5078,4.0
2,12235,3.0
2,8813,0.0
2,8049,9.0
2,22208,1.0
2,16729,1.0
2,10531,0.0
2,6705,8.0
2,922,10.0
2,138,2.0
2,22957,0.0
2,14359,4.0
2,26432,2.0
2,11604,0.0
2,25889,4.0
2,18106,0.0
2,21451,2.0
2,2906,3.0
2,7649,0.0
2,13676,1.0
2,18,0.0
2,25410,0.0
2,29412,1.0
2,14440,0.0
2,18599,8.0
2,896,0.0
2,16495,1.0
2,3253,1.0
2,9055,1.0
2,12603,5.0
2,20336,5.0
2,9362,0.0
2,25923,1.0
2,19786,3.0
2,10959,0.0
2,13159,3.0
2,15256,2.0
2,19504,0.0
2,4978,1.0
2,6953,7.0
2,11607,2.0
2,8594,3.0
2,27814,2.0
2,5112,5.0
2,30499,5.0
2,26601,2.0
2,3718,0.0
2,16474,0.0
2,28529,6.0
2,4417,4.0
2,18824,1.0
2,22854,3.0
2,26833,5.0
2,16449,2.0
2,5952,0.0
2,21323,2.0
2,14870,5.0
2,6854,3.0
2,29367,2.0
2,30922,2.0
2,18796,6.0
2,11470,0.0
2,19367,0.0
2,29595,3.0
2,12878,2.0
2,10946,0.0
2,2188,6.0
2,17142,2.0
2,4986,1.0
2,29490,1.0
2,8768,11.0
2,28110,8.0
2,4365,1.0
2,20938,1.0
2,5164,2.0
2,25755,8.0
2,29103,2.0
2,15048,1.0
2,9145,0.0
2,5893,0.0
2,17613,1.0
2,26095,6.0
2,9794,0.0
2,28237,5.0
2,1406,0.0
2,7332,3.0
2,22221,6.0
2,30254,3.0
2,20636,0.0
2,26124,1.0
2,1102,2.0
2,13950,6.0
2,9891,1.0
2,11569,0.0
2,31108,3.0
2,13990,0.0
2,5169,0.0
2,317,1.0
2,26589,1.0
2,18876,0.0
2,20327,1.0
2,19660,0.0
2,25641,4.0
2,7863,6.0
2,24089,7.0
2,5770,2.0
2,21901,2.0
2,26796,0.0
2,31032,0.0
2,28668,0.0
2,8926,5.0
2,27774,2.0
2,15310,3.0
2,13123,1.0
2,2861,3.0
2,14488,2.0
2,5311,4.0
2,20144,2.0
2,2081,9.0
2,15519,0.0
2,27727,4.0
2,20179,0.0
2,22096,1.0
2,13032,1.0
2,8571,1.0
2,26477,7.0
2,29892,5.0
2,15197,0.0
2,14521,3.0
2,21550,1.0
2,20901,9.0
2,8929,2.0
2,5948,5.0
2,26942,3.0
2,23921,6.0
2,17531,0.0
2,22284,5.0
2,24597,10.0
2,22759,5.0
2,13290,3.0
2,22889,1.0
2,23117,0.0
2,16289,1.0
2,29448,2.0
2,13106,1.0
2,8841,0.0
2,12951,1.0
2,16119,0.0
2,10930,0.0
2,12528,1.0
2,16631,3.0
2,6192,0.0
2,11006,1.0
2,18648,0.0
2,5135,1.0
2,17454,5.0
2,18940,4.0
2,20520,2.0
2,4467,1.0
2,12789,4.0
2,23515,0.0
2,3557,3.0
2,26415,0.0
2,8387,4.0
2,7864,2.0
2,26438,1.0
2,24330,0.0
2,22144,5.0
2,5889,0.0
2,6754,1.0
2,25778,1.0
2,9756,2.0
2,4684,1.0
2,15765,0.0
2,3280,0.0
2,25183,0.0
2,12543,0.0
2,5013,3.0
2,5485,2.0
2,28316,2.0
2,30260,1.0
2,28082,7.0
2,19416,4.0
2,28624,0.0
2,858,6.0
2,14636,7.0
2,15949,8.0
2,25168,0.0
2,25684,2.0
2,14015,5.0
2,3131,0.0
2,29803,1.0
2,8601,3.0
2,21814,3.0
2,6437,0.0
2,21578,5.0
2,24569,7.0
2,8585,0.0
2,18614,2.0
2,12367,8.0
2,5694,0.0
2,29546,1.0
2,24539,8.0
2,14538,0.0
2,13409,0.0
2,588,1.0
2,2919,2.0
2,5737,0.0
2,12368,4.0
2,30325,0.0
2,12912,0.0
2,26436,1.0
2,4481,3.0
2,24714,0.0
2,6011,0.0
2,326,3.0
2,16575,3.0
2,19744,3.0
2,25777,4.0
2,31025,6.0
2,4022,3.0
2,5004,5.0
2,2386,3.0
2,26002,1.0
2,15746,2.0
2,11490,2.0
2,31234,1.0
2,31371,0.0
2,31947,2.0
2,31861,0.0
2,10904,1.0
2,30906,0.0
2,16663,6.0
2,5210,0.0
2,25675,0.0
2,5088,0.0
2,5148,0.0
2,22882,2.0
2,7236,0.0
2,12276,0.0
2,26790,6.0
2,14964,5.0
2,1238,0.0
2,25454,6.0
2,7570,2.0
2,4632,3.0
2,30642,3.0
2,14803,3.0
2,19542,0.0
2,12068,1.0
2,22836,4.0
2,29404,4.0
2,22790,1.0
2,15697,5.0
2,29491,1.0
2,3701,0.0
2,18487,6.0
2,2664,0.0
2,10208,1.0
2,13629,6.0
2,2245,0.0
2,5333,1.0
2,1212,5.0
2,24758,5.0
2,20714,1.0
2,8757,2.0
2,23622,6.0
2,11572,0.0
2,14695,1.0
2,14235,1.0
2,26920,1.0
2,20356,0.0
2,8939,6.0
2,13066,0.0
2,13526,0.0
2,14411,7.0
2,6083,2.0
2,20766,2.0
2,28018,4.0
2,19709,1.0
2,2744,6.0
2,30781,1.0
2,7654,4.0
2,24594,5.0
2,3302,1.0
2,13183,1.0
2,4415,2.0
2,21329,2.0
2,21517,3.0
2,6084,6.0
2,4019,0.0
2,30980,5.0
2,20979,0.0
2,8617,0.0
2,10413,3.0
2,15079,7.0
2,12470,6.0
2,14419,0.0
2,18879,2.0
2,12391,0.0
2,30525,6.0
2,14747,3.0
2,19815,0.0
2,10608,2.0
2,21061,8.0
2,29398,1.0
2,30675,1.0
2,3597,2.0
2,17607,0.0
2,13249,0.0
2,17744,3.0
2,31401,0.0
2,20991,2.0
2,9810,5.0
2,15370,1.0
2,28932,0.0
2,9464,3.0
2,19830,9.0
2,16929,0.0
2,27841,1.0
2,10622,2.0
2,8131,4.0
2,19354,2.0
2,29911,4.0
2,11785,7.0
2,7485,0.0
2,9571,2.0
2,24283,2.0
2,8592,1.0
2,6072,3.0
2,19752,1.0
2,18743,0.0
2,6439,0.0
2,17887,0.0
2,24895,5.0
2,15648,5.0
2,2278,0.0
2,10250,2.0
2,8799,0.0
2,27595,7.0
2,31541,3.0
2,11391,1.0
2,22204,3.0
2,25595,5.0
2,27468,0.0
2,9233,4.0
2,9236,5.0
2,3128,0.0
2,4950,0.0
2,24215,5.0
2,20975,5.0
2,24854,2.0
2,26201,1.0
2,17604,3.0
2,25761,6.0
2,8587,0.0
2,21591,2.0
2,13843,5.0
2,23618,9.0
2,16392,1.0
2,15173,1.0
2,24450,0.0
2,4957,0.0
2,14621,3.0
2,948,0.0
2,4616,0.0
2,29989,9.0
2,14441,4.0
2,28344,3.0
2,17189,0.0
2,31566,0.0
2,31773,6.0
2,31733,7.0
2,8040,5.0
2,30488,1.0
2,29250,0.0
2,11320,4.0
2,19268,0.0
2,4645,1.0
2,3019,0.0
2,21737,2.0
2,3679,3.0
2,8155,3.0
2,7944,6.0
2,29706,1.0
2,8082,3.0
2,28183,1.0
2,6401,6.0
2,220,1.0
2,12016,3.0
2,27593,0.0
2,7973,0.0
2,2969,1.0
2,12532,0.0
2,615,2.0
2,27285,0.0
2,24731,2.0
2,16746,1.0
2,1269,0.0
2,31527,5.0
2,12152,6.0
2,14569,2.0
2,7436,3.0
2,23283,2.0
2,6572,6.0
2,29067,3.0
2,16158,1.0
2,12686,0.0
2,18980,0.0
2,7388,2.0
2,18291,1.0
2,2554,4.0
2,3709,0.0
2,3500,0.0
2,9899,6.0
2,21573,6.0
2,24031,2.0
2,5277,0.0
2,7611,0.0
2,17310,3.0
2,28575,1.0
2,28807,2.0
2,23402,1.0
2,19253,0.0
2,23177,5.0
2,7892,6.0
2,9657,4.0
2,29475,2.0
2,10873,1.0
2,17772,9.0
2,11240,2.0
2,8728,1.0
2,2608,2.0
2,10860,3.0
2,28146,0.0
2,20039,0.0
2,7207,0.0
2,9361,7.0
2,2083,2.0
2,1939,8.0
2,26904,6.0
2,22025,7.0
2,31302,0.0
2,5222,1.0
2,31827,2.0
2,29646,0.0
2,29131,0.0
2,17962,0.0
2,5668,1.0
2,29192,4.0
2,8231,0.0
2,2143,0.0
2,4824,4.0
2,17076,7.0
2,1819,0.0
2,29530,6.0
2,752,3.0
2,29296,4.0
2,16973,3.0
2,20287,0.0
2,27047,9.0
2,10077,9.0
2,8781,2.0
2,4338,0.0
2,23565,1.0
2,11626,0.0
2,1029,1.0
2,27237,2.0
2,3743,2.0
2,31817,0.0
2,4828,0.0
2,11750,0.0
2,8582,0.0
2,23780,1.0
2,117,2.0
2,11101,0.0
2,17108,0.0
2,3380,1.0
2,5193,1.0
2,11175,3.0
2,7587,3.0
2,14218,0.0
2,23900,0.0
2,28564,5.0
2,5298,0.0
2,5489,0.0
2,26358,1.0
2,11835,3.0
2,28987,0.0
2,3002,3.0
2,5690,1.0
2,15630,1.0
2,25893,5.0
2,10730,10.0
2,20770,3.0
2,7053,4.0
2,7175,1.0
2,24012,0.0
2,15792,0.0
2,18017,1.0
2,5829,0.0
2,1887,3.0
2,31677,2.0
2,1459,3.0
2,22105,10.0
2,3525,4.0
2,5716,0.0
2,17903,5.0
2,7077,1.0
2,22055,4.0
2,21009,10.0
2,15504,0.0
2,30252,0.0
2,17496,4.0
2,27082,0.0
2,30119,1.0
2,4892,7.0
2,4682,1.0
2,1872,11.0
2,31104,5.0
2,30437,2.0
2,23050,0.0
2,25275,4.0
2,1333,1.0
2,31491,0.0
2,1750,1.0
2,31620,4.0
2,582,5.0
2,29604,2.0
2,24275,1.0
2,7978,7.0
2,19725,0.0
2,13266,8.0
2,28656,0.0
2,8603,1.0
2,6195,1.0
2,5881,0.0
2,4299,1.0
2,28944,4.0
2,3391,1.0
2,3058,1.0
2,662,0.0
2,31203,4.0
2,15047,7.0
2,4620,0.0
2,3088,3.0
2,20420,0.0
2,30135,0.0
2,2271,4.0
2,16766,1.0
2,16341,0.0
2,7725,2.0
2,29342,4.0
2,3124,1.0
2,7550,0.0
2,31845,2.0
2,4422,1.0
2,2527,0.0
2,23467,1.0
2,17431,0.0
2,1766,0.0
2,24982,4.0
2,30451,1.0
2,29417,0.0
2,11854,4.0
2,2778,0.0
2,2918,2.0
2,17662,2.0
2,31624,0.0
2,1664,0.0
2,8733,2.0
2,27923,5.0
2,23492,6.0
2,29737,6.0
2,11745,3.0
2,11312,2.0
2,20653,0.0
2,20617,3.0
2,24991,1.0
2,21465,0.0
2,19617,0.0
2,21985,2.0
2,19577,5.0
2,17682,2.0
2,3475,2.0
2,10,1.0
2,20485,9.0
2,5680,0.0
2,6297,1.0
2,24386,0.0
2,15044,8.0
2,10037,6.0
2,23380,0.0
2,28367,9.0
2,25549,2.0
2,7674,3.0
2,12727,1.0
2,16823,3.0
2,18485,4.0
2,26205,2.0
2,25285,0.0
2,14598,2.0
2,7225,0.0
2,13541,5.0
2,23003,5.0
2,12247,1.0
2,29765,3.0
2,293,0.0
2,10419,0.0
2,24943,3.0
2,14963,3.0
2,16504,7.0
2,139,2.0
2,12351,0.0
2,4178,4.0
2,30149,0.0
2,22478,3.0
2,27730,3.0
2,30059,1.0
2,6913,0.0
2,28718,5.0
2,27097,0.0
2,14529,3.0
2,7442,0.0
2,10981,8.0
2,7769,0.0
2,30821,2.0
2,3993,0.0
2,21967,0.0
2,26178,1.0
2,19191,1.0
2,603,3.0
2,27880,1.0
2,24106,0.0
2,4081,0.0
2,9338,12.0
2,26691,0.0
2,11495,0.0
2,21012,4.0
2,25707,0.0
2,20628,1.0
2,21676,6.0
2,31352,6.0
2,31500,1.0
2,25596,0.0
2,3544,6.0
2,7384,0.0
2,3314,0.0
2,12246,2.0
2,3026,3.0
2,15748,0.0
2,12286,3.0
2,9209,9.0
2,30213,2.0
2,15107,1.0
2,23233,0.0
2,12820,3.0
2,20543,0.0
2,924,0.0
2,7688,2.0
2,24040,9.0
2,26084,1.0
2,2233,1.0
2,11215,0.0
2,27233,1.0
2,3682,2.0
2,19697,1.0
2,17752,4.0
2,9758,7.0
2,26458,2.0
2,30747,1.0
2,541,1.0
2,22481,2.0
2,1033,1.0
2,16407,0.0
2,3267,5.0
2,29767,2.0
2,18655,1.0
2,25270,7.0
2,4154,2.0
2,9442,5.0
2,7262,2.0
2,10625,0.0
2,22273,2.0
2,14036,0.0
2,30333,0.0
2,28690,2.0
2,27340,0.0
2,9757,0.0
2,23862,5.0
2,2367,2.0
2,21651,4.0
2,18214,2.0
2,30226,4.0
2,1709,0.0
2,5897,1.0
2,11560,0.0
2,25024,5.0
2,13590,3.0
2,1363,0.0
2,16597,5.0
2,15349,0.0
2,29575,0.0
2,19811,8.0
2,10254,1.0
2,8858,4.0
2,7397,0.0
2,31060,2.0
2,9837,1.0
2,4951,0.0
2,30173,3.0
2,1902,4.0
2,8607,2.0
2,25259,2.0
2,22526,3.0
2,25086,0.0
2,15098,3.0
2,14221,0.0
2,28309,2.0
2,18350,0.0
2,27633,1.0
2,12170,2.0
2,19971,5.0
2,28129,0.0
2,13955,3.0
2,15460,2.0
2,27431,0.0
2,15332,0.0
2,6806,0.0
2,28230,1.0
2,10665,0.0
2,6240,0.0
2,31382,3.0
2,19436,0.0
2,7495,2.0
2,28068,2.0
2,29346,4.0
2,62,3.0
2,5050,0.0
2,13088,1.0
2,8127,0.0
2,22755,0.0
2,13098,3.0
2,29829,2.0
2,4397,3.0
2,26820,3.0
2,6700,0.0
2,7895,5.0
2,931,1.0
2,9695,1.0
2,25872,2.0
2,27733,2.0
2,28641,2.0
2,31578,1.0
2,22503,3.0
2,22164,3.0
2,8194,1.0
2,5507,0.0
2,20689,1.0
2,4436,0.0
2,17406,6.0
2,28265,2.0
2,716,1.0
2,31937,0.0
2,12842,4.0
2,15971,3.0
2,31558,9.0
2,1646,8.0
2,3187,9.0
2,6313,2.0
2,10178,0.0
2,15236,1.0
2,9409,2.0
2,2803,2.0
2,29079,3.0
2,28140,7.0
2,20545,0.0
2,9097,0.0
2,710,0.0
2,28662,2.0
2,30023,0.0
2,27891,4.0
2,10188,1.0
2,22058,6.0
2,29824,2.0
2,31515,6.0
2,11719,2.0
2,19594,0.0
2,7536,3.0
2,27393,0.0
2,26738,1.0
2,12225,1.0
2,31280,6.0
2,27395,0.0
2,29652,1.0
2,2840,4.0
2,16678,2.0
2,17290,9.0
2,30114,4.0
2,9220,5.0
2,5163,1.0
2,27387,3.0
2,28835,0.0
2,3457,2.0
2,11003,3.0
2,11351,2.0
2,24728,9.0
2,15686,2.0
2,25284,1.0
2,31613,1.0
2,8975,1.0
2,4095,1.0
2,24193,5.0
2,25122,1.0
2,31432,1.0
2,8901,5.0
2,28358,2.0
2,2294,2.0
2,18961,6.0
2,2891,2.0
2,19038,4.0
2,23569,4.0
2,20989,0.0
2,21539,1.0
2,9152,3.0
2,30529,1.0
2,12877,0.0
2,12840,1.0
2,2457,6.0
2,10656,0.0
2,19026,2.0
2,21597,0.0
2,29023,7.0
2,10748,0.0
2,715,1.0
2,1932,1.0
2,29096,6.0
2,30845,0.0
2,2863,1.0
2,23416,1.0
2,22486,3.0
2,16288,0.0
2,1731,3.0
2,31688,0.0
2,10323,0.0
2,14739,7.0
2,964,2.0
2,3650,1.0
2,553,1.0
2,10947,1.0
2,28766,3.0
2,3462,0.0
2,16277,0.0
2,23575,0.0
2,22702,1.0
2,23486,5.0
2,28563,1.0
2,9163,0.0
2,15,6.0
2,17608,5.0
2,21828,5.0
2,31904,3.0
2,14281,2.0
2,25438,1.0
2,6856,0.0
2,19370,0.0
2,24179,2.0
2,25583,7.0
2,14745,1.0
2,20651,0.0
2,27292,1.0
2,28640,3.0
2,2506,2.0
2,29260,4.0
2,25034,2.0
2,25217,6.0
2,4029,0.0
2,4795,10.0
2,29707,0.0
2,18249,0.0
2,29393,0.0
2,27389,1.0
2,24055,1.0
2,31553,2.0
2,680,3.0
2,18556,2.0
2,1377,1.0
2,18985,2.0
2,26121,1.0
2,26192,0.0
2,3122,2.0
2,7491,2.0
2,3931,3.0
2,891,0.0
2,12159,1.0
2,29791,2.0
2,17967,1.0
2,1754,1.0
2,4038,0.0
2,17768,9.0
2,14171,0.0
2,5563,0.0
2,12575,1.0
2,29456,5.0
2,7018,2.0
2,6353,2.0
2,20597,0.0
2,9547,1.0
2,18427,1.0
2,9870,3.0
2,31158,7.0
2,23626,0.0
2,17627,1.0
2,30345,2.0
2,28676,11.0
2,16458,1.0
2,13722,1.0
2,14646,2.0
2,21080,2.0
2,22443,0.0
2,28625,1.0
2,25912,1.0
2,437,2.0
2,16890,1.0
2,26101,0.0
2,26065,0.0
2,8943,1.0
2,2513,0.0
2,17873,1.0
2,3519,6.0
2,18883,3.0
2,5730,3.0
2,12315,0.0
2,27046,2.0
2,18581,3.0
2,21222,4.0
2,25945,0.0
2,13996,3.0
2,6389,0.0
2,20629,0.0
2,6236,0.0
2,13073,5.0
2,8388,4.0
2,22192,3.0
2,10309,6.0
2,25935,2.0
2,28286,1.0
2,539,4.0
2,12112,1.0
2,28380,2.0
2,10033,3.0
2,5387,0.0
2,30150,0.0
2,4000,0.0
2,10802,4.0
2,25093,1.0
2,13922,2.0
2,20690,1.0
2,20109,2.0
2,21509,5.0
2,11651,5.0
2,4761,5.0
2,7468,0.0
2,18621,1.0
2,25482,0.0
2,13704,4.0
2,22707,1.0
2,30528,1.0
2,29709,0.0
2,17867,3.0
2,28741,2.0
2,12168,2.0
2,14882,0.0
2,19387,0.0
2,4555,2.0
2,7590,3.0
2,6006,6.0
2,28089,2.0
2,24299,5.0
2,2058,4.0
2,2756,0.0
2,22292,2.0
2,15786,6.0
2,12989,3.0
2,3990,0.0
2,18077,7.0
2,22146,2.0
2,26891,4.0
2,23223,0.0
2,25845,1.0
2,22097,1.0
2,16055,2.0
2,11840,3.0
2,16247,1.0
2,18871,0.0
2,8496,2.0
2,4881,0.0
2,7902,0.0
2,4301,1.0
2,28269,3.0
2,12706,3.0
2,23472,0.0
2,19582,1.0
2,19779,1.0
2,15361,4.0
2,16068,6.0
2,15217,0.0
2,30591,0.0
2,11289,0.0
2,2631,0.0
2,20156,0.0
2,14766,2.0
2,25958,4.0
2,4685,1.0
2,30918,0.0
2,5444,1.0
2,11953,4.0
2,3720,2.0
2,24085,4.0
2,31131,0.0
2,27905,4.0
2,3869,0.0
2,12729,2.0
2,7837,1.0
2,14229,2.0
2,8296,0.0
2,29538,4.0
2,2685,0.0
2,13473,0.0
2,18365,0.0
2,2212,3.0
2,12627,2.0
2,23159,0.0
2,565,1.0
2,20307,1.0
2,1334,1.0
2,16686,3.0
2,23254,1.0
2,12346,0.0
2,31859,1.0
2,5520,0.0
2,1653,1.0
2,31229,5.0
2,22118,4.0
2,18607,5.0
2,4903,4.0
2,27204,1.0
2,28877,1.0
2,22445,0.0
2,15106,3.0
2,5340,0.0
2,16666,4.0
2,14587,2.0
2,23589,0.0
2,31153,2.0
2,23827,4.0
2,17672,1.0
2,20539,1.0
2,849,0.0
2,13953,5.0
2,18305,3.0
2,5218,1.0
2,10139,0.0
2,27652,4.0
2,14299,1.0
2,3963,4.0
2,7321,2.0
2,13477,0.0
2,10899,4.0
2,15091,0.0
2,26160,0.0
2,28620,0.0
2,14518,0.0
2,23139,5.0
2,13770,0.0
2,13917,5.0
2,23180,0.0
2,5117,0.0
2,2364,0.0
2,5217,1.0
2,13532,2.0
2,8958,0.0
2,31807,0.0
2,25181,0.0
2,5237,1.0
2,18222,6.0
2,11420,0.0
2,17564,5.0
2,6440,0.0
2,5402,1.0
2,8359,1.0
2,14461,4.0
2,7311,2.0
2,20515,7.0
2,9243,2.0
2,18274,1.0
2,4455,1.0
2,215,3.0
2,1097,1.0
2,31569,7.0
2,30711,3.0
2,17250,0.0
2,8737,5.0
2,12138,2.0
2,17727,1.0
2,27443,1.0
2,566,3.0
2,13765,2.0
2,5575,0.0
2,1143,1.0
2,25379,1.0
2,28121,2.0
2,15042,0.0
2,6130,1.0
2,1259,3.0
2,9682,11.0
2,7523,5.0
2,31511,11.0
2,25669,1.0
2,29747,2.0
2,28399,2.0
2,10234,6.0
2,14142,1.0
2,2676,1.0
2,3266,2.0
2,29520,0.0
2,31561,0.0
2,25010,3.0
2,8052,0.0
2,12466,0.0
2,10554,0.0
2,28697,3.0
2,3394,6.0
2,9437,5.0
2,11435,0.0
2,3543,4.0
2,14241,1.0
2,28651,0.0
2,14391,2.0
2,2137,2.0
2,28671,2.0
2,18628,9.0
2,12234,2.0
2,515,1.0
2,4568,2.0
2,8250,0.0
2,13222,4.0
2,3757,0.0
2,27804,4.0
2,30968,8.0
2,20751,3.0
2,18580,11.0
2,17841,0.0
2,15604,0.0
2,14607,1.0
2,27888,1.0
2,31735,4.0
2,31931,4.0
2,30308,7.0
2,6939,3.0
2,25098,1.0
2,13095,3.0
2,8780,4.0
2,29937,6.0
2,9014,0.0
2,17221,0.0
2,22786,4.0
2,29105,3.0
2,16462,5.0
2,26317,1.0
2,25531,0.0
2,23909,5.0
2,17090,0.0
2,28057,1.0
2,23356,10.0
2,13554,3.0
2,4544,6.0
2,12290,0.0
2,31417,8.0
2,27520,4.0
2,23732,1.0
2,9791,1.0
2,28751,1.0
2,12123,4.0
2,4442,0.0
2,23782,0.0
2,6213,1.0
2,18858,1.0
2,31579,0.0
2,31362,2.0
2,21823,7.0
2,12872,0.0
2,1343,0.0
2,20189,0.0
2,22448,3.0
2,13287,6.0
2,13265,8.0
2,28760,0.0
2,527,0.0
2,3059,0.0
2,25499,7.0
2,25522,1.0
2,16617,2.0
2,8256,7.0
2,25258,5.0
2,17341,0.0
2,28184,0.0
2,26111,2.0
2,7695,1.0
2,31627,3.0
2,4962,0.0
2,6043,0.0
2,5085,3.0
2,17378,0.0
2,29845,4.0
2,22116,0.0
2,2091,4.0
2,16877,4.0
2,916,0.0
2,20779,9.0
2,6766,1.0
2,6075,2.0
2,11639,0.0
2,24634,1.0
2,25449,0.0
2,5424,4.0
2,7287,4.0
2,18819,2.0
2,25406,0.0
2,5902,0.0
2,25880,1.0
2,27761,0.0
2,15155,0.0
2,19628,0.0
2,19631,4.0
2,11799,2.0
2,31958,0.0
2,30765,9.0
2,30045,1.0
2,19590,1.0
2,13317,1.0
2,3233,6.0
2,23976,2.0
2,420,1.0
2,17587,1.0
2,864,3.0
2,26921,2.0
2,24044,1.0
2,29599,0.0
2,19945,4.0
2,24020,4.0
2,23186,5.0
2,21306,2.0
2,29570,3.0
2,15620,9.0
2,16893,1.0
2,31879,0.0
2,4687,2.0
2,22871,2.0
2,207,1.0
2,6819,2.0
2,31701,1.0
2,20300,0.0
2,16754,5.0
2,16967,8.0
2,5248,2.0
2,31920,6.0
2,16321,0.0
2,28232,0.0
2,2656,3.0
2,22183,0.0
2,8713,14.0
2,30672,10.0
2,9059,0.0
2,18138,1.0
2,28403,4.0
2,10775,0.0
2,4770,1.0
2,12768,12.0
2,19441,6.0
2,2359,3.0
2,17457,0.0
2,5626,2.0
2,5813,0.0
2,7515,2.0
2,25746,0.0
2,10498,0.0
2,25405,0.0
2,449,3.0
2,3825,1.0
2,28033,4.0
2,6403,0.0
2,5848,1.0
2,10006,1.0
2,3228,2.0
2,17986,2.0
2,8606,2.0
2,24830,1.0
2,15575,0.0
2,3472,0.0
2,2476,4.0
2,10502,2.0
2,1879,5.0
2,9497,4.0
2,3694,1.0
2,19238,1.0
2,12096,1.0
2,27196,0.0
2,3630,0.0
2,27154,2.0
2,30413,2.0
2,27341,5.0
2,4007,0.0
2,25132,0.0
2,29687,2.0
2,9495,3.0
2,19233,1.0
2,5784,0.0
2,406,1.0
2,8536,2.0
2,13250,0.0
2,29242,3.0
2,8980,0.0
2,8856,9.0
2,23790,2.0
2,1945,7.0
2,19531,2.0
2,2016,0.0
2,26983,4.0
2,4288,0.0
2,6179,2.0
2,21283,3.0
2,19580,1.0
2,9846,2.0
2,17202,4.0
2,7537,0.0
2,5086,5.0
2,11330,3.0
2,2536,2.0
2,31266,1.0
2,18719,0.0
2,15036,1.0
2,25137,5.0
2,20934,0.0
2,30814,2.0
2,1901,0.0
2,2075,3.0
2,17552,0.0
2,28185,2.0
2,20857,1.0
2,18771,0.0
2,18653,1.0
2,15897,1.0
2,16489,4.0
2,19385,1.0
2,18721,5.0
2,9053,0.0
2,11207,3.0
2,18535,2.0
2,31888,1.0
2,17748,6.0
2,30445,3.0
2,595,4.0
2,10586,4.0
2,27203,0.0
2,21732,2.0
2,24343,1.0
2,7615,0.0
2,29312,6.0
2,1474,0.0
2,4781,8.0
2,31367,4.0
2,21278,2.0
2,9351,1.0
2,6225,2.0
2,5262,7.0
2,5853,2.0
2,23605,0.0
2,23323,2.0
2,21416,0.0
2,2226,6.0
2,7275,0.0
2,18169,3.0
2,1601,1.0
2,7243,6.0
2,30678,0.0
2,5464,1.0
2,23659,0.0
2,7445,1.0
2,18479,4.0
2,3598,1.0
2,17590,4.0
2,10299,3.0
2,3294,0.0
2,5639,0.0
2,9680,0.0
2,9896,2.0
2,23879,1.0
2,28384,1.0
2,2726,1.0
2,25163,0.0
2,28941,3.0
2,12405,0.0
2,6629,0.0
2,7136,3.0
2,451,3.0
2,22156,2.0
2,4473,1.0
2,11264,2.0
2,5346,2.0
2,1499,1.0
2,17225,5.0
2,22925,4.0
2,231,3.0
2,5739,0.0
2,31508,4.0
2,677,4.0
2,12054,5.0
2,10928,4.0
2,29866,4.0
2,25776,0.0
2,10652,1.0
2,17334,0.0
2,784,5.0
2,3956,0.0
2,31882,7.0
2,19797,2.0
2,27261,0.0
2,390,1.0
2,6732,3.0
2,15242,6.0
2,30343,1.0
2,5197,0.0
2,18617,0.0
2,2446,1.0
2,24257,3.0
2,3357,5.0
2,26394,6.0
2,28389,3.0
2,8839,1.0
2,6909,0.0
2,4319,3.0
2,10823,4.0
2,11861,3.0
2,26814,2.0
2,6435,3.0
2,17040,7.0
2,27620,2.0
2,25481,0.0
2,11281,4.0
2,1402,5.0
2,24625,3.0
2,29602,2.0
2,31311,4.0
2,3324,4.0
2,25200,0.0
2,19413,5.0
2,18596,2.0
2,28128,3.0
2,24422,2.0
2,15521,3.0
2,4476,0.0
2,12440,7.0
2,10212,4.0
2,11138,0.0
2,7409,2.0
2,17680,0.0
2,6739,9.0
2,20065,3.0
2,11424,0.0
2,4498,3.0
2,10943,3.0
2,13988,1.0
2,10377,10.0
2,15297,2.0
2,22185,5.0
2,31638,4.0
2,28869,1.0
2,27843,3.0
2,9417,0.0
2,1067,2.0
2,2889,2.0
2,22368,0.0
2,16506,0.0
2,26661,3.0
2,1520,0.0
2,11369,11.0
2,14284,0.0
2,24613,1.0
2,13121,0.0
2,2242,3.0
2,7866,4.0
2,31960,0.0
2,27505,1.0
2,30151,0.0
2,1323,0.0
2,9308,5.0
2,26704,3.0
2,28752,1.0
2,25873,0.0
2,30461,0.0
2,9368,0.0
2,30580,3.0
2,27396,1.0
2,365,5.0
2,11637,0.0
2,3190,1.0
2,9450,3.0
2,9690,0.0
2,443,12.0
2,5620,8.0
2,19144,4.0
2,1348,4.0
2,12925,2.0
2,28425,0.0
2,17025,1.0
2,11964,0.0
2,8877,0.0
2,12432,4.0
2,7410,3.0
2,21449,3.0
2,30954,2.0
2,12844,0.0
2,6519,1.0
2,19463,2.0
2,31288,12.0
2,6929,2.0
2,31724,0.0
2,20541,5.0
2,16199,4.0
2,18168,2.0
2,11254,6.0
2,26046,2.0
2,11820,1.0
2,17553,0.0
2,13850,0.0
2,16961,4.0
2,14567,2.0
2,30006,6.0
2,22356,0.0
2,20169,2.0
2,5977,4.0
2,6449,6.0
2,25577,5.0
2,28355,0.0
2,12166,1.0
2,11980,9.0
2,29577,3.0
2,17324,0.0
2,27791,2.0
2,782,2.0
2,9438,1.0
2,22092,0.0
2,27482,1.0
2,27220,1.0
2,17716,0.0
2,25303,5.0
2,11021,1.0
2,5453,2.0
2,18682,3.0
2,8590,1.0
2,2788,2.0
2,20909,1.0
2,10273,5.0
2,22034,5.0
2,25155,3.0
2,5080,2.0
2,11095,2.0
2,169,1.0
2,30269,4.0
2,5629,0.0
2,14918,0.0
2,11544,1.0
2,12759,0.0
2,25498,8.0
2,23847,0.0
2,24118,5.0
2,21169,6.0
2,2949,4.0
2,13350,0.0
2,18998,0.0
2,5166,6.0
2,4984,3.0
2,21976,7.0
2,24046,1.0
2,21398,0.0
2,12721,2.0
2,13882,11.0
2,13862,7.0
2,19084,2.0
2,13230,2.0
2,22723,0.0
2,4760,1.0
2,3105,6.0
2,22846,1.0
2,22131,1.0
2,27251,0.0
2,8271,0.0
2,163,1.0
2,29680,3.0
2,24656,4.0
2,23471,0.0
2,27486,2.0
2,7601,5.0
2,27247,0.0
2,17453,0.0
2,22992,0.0
2,21440,0.0
2,14955,1.0
2,10151,2.0
2,27685,1.0
2,6613,7.0
2,17371,1.0
2,18950,5.0
2,26765,4.0
2,25038,0.0
2,13328,2.0
2,30661,3.0
2,27896,6.0
2,10627,1.0
2,21397,0.0
2,27361,4.0
2,5846,4.0
2,12,10.0
2,24324,2.0
2,24558,0.0
2,30284,3.0
2,2652,1.0
2,17216,2.0
2,31609,3.0
2,27184,5.0
2,30860,0.0
2,26343,9.0
2,15958,6.0
2,29761,0.0
2,11512,3.0
2,22016,7.0
2,13844,2.0
2,24637,3.0
2,3625,0.0
2,1777,1.0
2,20947,6.0
2,29406,1.0
2,99,3.0
2,20883,8.0
2,23078,6.0
2,31051,0.0
2,1420,5.0
2,2309,5.0
2,19627,1.0
2,28431,3.0
2,29928,0.0
2,14685,2.0
2,14450,1.0
2,8201,3.0
2,5484,3.0
2,1812,0.0
2,1900,0.0
2,2285,0.0
2,9193,6.0
2,18734,0.0
2,4104,7.0
2,4209,1.0
2,23567,5.0
2,7346,13.0
2,28143,1.0
2,28809,2.0
2,26464,0.0
2,17703,1.0
2,15340,1.0
2,3192,0.0
2,6839,5.0
2,16216,4.0
2,6647,0.0
2,17645,2.0
2,14495,3.0
2,19078,1.0
2,5388,1.0
2,2540,0.0
2,14210,2.0
2,23496,1.0
2,30791,1.0
2,30995,6.0
2,29717,2.0
2,30775,1.0
2,21224,0.0
2,23363,2.0
2,10294,4.0
2,13546,5.0
2,4833,0.0
2,2715,4.0
2,21593,2.0
2,27649,0.0
2,23651,1.0
2,26958,1.0
2,24749,7.0
2,6558,0.0
2,9694,1.0
2,7134,6.0
2,1446,3.0
2,13618,2.0
2,15265,5.0
2,15932,0.0
2,25606,1.0
2,1408,9.0
2,15013,1.0
2,3994,3.0
2,3547,1.0
2,24072,0.0
2,9832,2.0
2,29053,0.0
2,28260,2.0
2,24099,0.0
2,6924,1.0
2,7060,2.0
2,31666,1.0
2,25503,0.0
2,12572,4.0
2,3477,2.0
2,13029,1.0
2,23208,2.0
2,129,2.0
2,25255,3.0
2,30863,0.0
2,7031,3.0
2,28508,3.0
2,30295,3.0
2,20716,4.0
2,26538,0.0
2,13602,0.0
2,28594,0.0
2,8189,1.0
2,17764,2.0
2,12411,5.0
2,12599,1.0
2,21665,0.0
2,31523,0.0
2,8870,1.0
2,14498,2.0
2,10389,5.0
2,30164,3.0
2,27976,2.0
2,19321,2.0
2,3415,2.0
2,18213,0.0
2,27472,4.0
2,24035,3.0
2,14415,3.0
2,31910,0.0
2,16974,0.0
2,20869,2.0
2,18364,0.0
2,7414,7.0
2,13093,1.0
2,26457,4.0
2,1621,3.0
2,8163,0.0
2,13257,1.0
2,206,0.0
2,23828,0.0
2,25274,5.0
2,13306,5.0
2,9447,3.0
2,9304,2.0
2,2290,7.0
2,5458,3.0
2,17736,1.0
2,19360,2.0
2,6068,0.0
2,21355,0.0
2,23973,3.0
2,1898,3.0
2,14185,1.0
2,22364,1.0
2,5258,2.0
2,10040,1.0
2,3836,8.0
2,10630,0.0
2,28412,1.0
2,9669,1.0
2,1871,0.0
2,5806,2.0
2,30432,9.0
2,17581,4.0
2,23615,2.0
2,3018,8.0
2,24371,0.0
2,24891,0.0
2,19085,0.0
2,30476,6.0
2,11539,10.0
2,30837,2.0
2,11531,0.0
2,25711,2.0
2,8755,0.0
2,26701,1.0
2,16684,2.0
2,19539,2.0
2,24825,0.0
2,23398,0.0
2,28860,2.0
2,13213,4.0
2,9867,0.0
2,14254,0.0
2,24109,1.0
2,29923,0.0
2,7691,2.0
2,18194,9.0
2,12584,1.0
2,19421,2.0
2,14648,7.0
2,21511,0.0
2,22379,5.0
2,17840,5.0
2,24653,7.0
2,13128,4.0
2,16956,7.0
2,12158,0.0
2,16923,4.0
2,13157,0.0
2,4782,0.0
2,29407,5.0
2,25709,5.0
2,8577,1.0
2,28118,4.0
2,966,0.0
2,7760,0.0
2,27491,3.0
2,28567,0.0
2,30122,4.0
2,7141,2.0
2,21894,1.0
2,402,2.0
2,23109,2.0
2,2358,2.0
2,17069,3.0
2,16696,2.0
2,27688,0.0
2,17179,5.0
2,19092,0.0
2,27062,4.0
2,14699,4.0
2,23148,1.0
2,10591,5.0
2,26978,1.0
2,5511,1.0
2,2557,1.0
2,3801,2.0
2,28525,1.0
2,25607,1.0
2,21077,0.0
2,24792,1.0
2,1716,7.0
2,12670,2.0
2,6877,6.0
2,16015,4.0
2,16810,4.0
2,3585,3.0
2,13690,0.0
2,24449,0.0
2,23649,1.0
2,30633,0.0
2,7149,0.0
2,15451,2.0
2,6050,4.0
2,19674,2.0
2,8342,2.0
2,27126,0.0
2,21746,14.0
2,7572,1.0
2,16814,6.0
2,22417,3.0
2,12662,5.0
2,26465,3.0
2,30824,6.0
2,27067,3.0
2,6157,3.0
2,22825,3.0
2,8435,5.0
2,2916,1.0
2,29184,3.0
2,1224,3.0
2,8000,0.0
2,24219,2.0
2,2194,0.0
2,27655,5.0
2,10180,0.0
2,9367,1.0
2,5767,1.0
2,1955,4.0
2,7684,2.0
2,30013,2.0
2,9793,2.0
2,3916,3.0
2,1813,3.0
2,30099,2.0
2,6703,1.0
2,5928,0.0
2,8783,2.0
2,16911,1.0
2,8430,11.0
2,25256,6.0
2,14076,11.0
2,4762,2.0
2,14421,1.0
2,18522,6.0
2,21032,3.0
2,254,8.0
2,22865,6.0
2,834,1.0
2,25343,0.0
2,9586,4.0
2,13130,3.0
2,8819,0.0
2,13716,6.0
2,17130,0.0
2,22063,2.0
2,10166,1.0
2,10525,1.0
2,30763,0.0
2,1973,2.0
2,27152,0.0
2,23595,0.0
2,13102,0.0
2,1311,2.0
2,10918,2.0
2,15325,0.0
2,28993,2.0
2,13177,0.0
2,23954,4.0
2,7450,2.0
2,21374,2.0
2,5822,1.0
2,20562,4.0
2,19817,2.0
2,28248,1.0
2,13601,13.0
2,12053,5.0
2,12536,0.0
2,15276,2.0
2,21243,1.0
2,16103,4.0
2,24955,5.0
2,2155,3.0
2,2147,2.0
2,23107,3.0
2,31305,3.0
2,26726,4.0
2,24783,5.0
2,25153,4.0
2,10915,0.0
2,1961,1.0
2,28535,1.0
2,5987,7.0
2,1800,6.0
2,19821,0.0
2,9816,9.0
2,18949,1.0
2,1206,0.0
2,30677,3.0
2,15637,0.0
2,21852,3.0
2,14804,4.0
2,7582,3.0
2,14916,1.0
2,15111,2.0
2,18583,0.0
2,19433,6.0
2,31926,0.0
2,21233,9.0
2,14844,1.0
2,31173,0.0
2,25431,0.0
2,160,2.0
2,13669,1.0
2,14671,2.0
2,3053,6.0
2,19956,0.0
2,1166,4.0
2,1034,4.0
2,5158,2.0
2,9205,3.0
2,16484,1.0
2,2751,0.0
2,8142,1.0
2,27189,5.0
2,6155,1.0
2,22534,3.0
2,4756,13.0
2,23593,2.0
2,6341,1.0
2,21627,2.0
2,12862,2.0
2,7748,4.0
2,1068,1.0
2,13886,0.0
2,29640,0.0
2,9327,2.0
2,8418,5.0
2,28994,3.0
2,17280,2.0
2,8011,2.0
2,28998,2.0
2,16859,1.0
2,17337,2.0
2,12595,4.0
2,8940,5.0
2,7065,1.0
2,19086,0.0
2,20527,0.0
2,8538,4.0
2,3773,0.0
2,6338,0.0
2,30946,6.0
2,19972,1.0
2,1096,8.0
2,6785,2.0
2,14054,1.0
2,20625,0.0
2,2909,5.0
2,23207,1.0
2,2210,1.0
2,23092,2.0
2,12433,3.0
2,2983,3.0
2,7462,4.0
2,22965,0.0
2,31932,0.0
2,14572,5.0
2,27955,2.0
2,18410,0.0
2,21654,7.0
2,13273,1.0
2,13660,1.0
2,12340,9.0
2,2671,0.0
2,16425,1.0
2,5430,2.0
2,7588,2.0
2,28749,2.0
2,13142,3.0
2,27541,1.0
2,13639,0.0
2,17237,0.0
2,12814,1.0
2,4523,1.0
2,2619,2.0
2,31919,1.0
2,10890,2.0
2,22926,0.0
2,11887,3.0
2,18355,1.0
2,21506,2.0
2,14935,3.0
2,23018,0.0
2,30361,4.0
2,9054,1.0
2,5284,0.0
2,7532,2.0
2,25300,0.0
2,26217,0.0
2,30041,4.0
2,24581,1.0
2,15172,9.0
2,25892,5.0
2,7952,2.0
2,25687,7.0
2,22544,1.0
2,23352,1.0
2,3184,1.0
2,24131,0.0
2,16522,5.0
2,23744,4.0
2,2870,0.0
2,26895,1.0
2,25230,0.0
2,11160,1.0
2,17570,5.0
2,10443,2.0
2,26631,3.0
2,13734,2.0
2,19896,5.0
2,16892,4.0
2,21371,4.0
2,25688,1.0
2,9017,0.0
2,27262,1.0
2,1445,5.0
2,14790,1.0
2,10936,0.0
2,30118,1.0
2,29132,0.0
2,18924,3.0
2,24904,0.0
2,8567,7.0
2,20349,4.0
2,3074,1.0
2,435,3.0
2,19293,1.0
2,18189,1.0
2,16237,1.0
2,13258,1.0
2,5115,3.0
2,2056,0.0
2,17597,0.0
2,26954,3.0
2,4577,3.0
2,21935,5.0
2,30600,5.0
2,19172,1.0
2,6609,3.0
2,7152,0.0
2,13558,0.0
2,4273,7.0
2,23034,7.0
2,21940,11.0
2,22795,3.0
2,24270,4.0
2,2049,9.0
2,11700,1.0
2,29884,3.0
2,11506,2.0
2,3015,2.0
2,4717,0.0
2,2602,7.0
2,3873,1.0
2,7976,1.0
2,6848,1.0
2,29255,1.0
2,24916,0.0
2,9062,2.0
2,31012,2.0
2,20510,0.0
2,23511,0.0
2,4669,0.0
2,27083,4.0
2,18012,0.0
2,5836,0.0
2,2080,0.0
2,13242,3.0
2,25513,0.0
2,21646,3.0
2,7812,0.0
2,16534,5.0
2,17427,0.0
2,20742,1.0
2,13638,1.0
2,17880,1.0
2,20548,1.0
2,14970,1.0
2,23075,3.0
2,25463,5.0
2,31648,1.0
2,11158,1.0
2,67,1.0
2,10320,0.0
2,12436,3.0
2,20440,2.0
2,19062,10.0
2,28717,5.0
2,15820,0.0
2,28950,2.0
2,27829,0.0
2,2604,2.0
2,18737,5.0
2,10732,2.0
2,21604,4.0
2,23189,2.0
2,29978,0.0
2,22689,0.0
2,30037,0.0
2,28370,0.0
2,22511,0.0
2,18711,0.0
2,6216,1.0
2,22149,4.0
2,16293,1.0
2,25609,1.0
2,16687,4.0
2,10663,0.0
2,22316,1.0
2,31939,1.0
2,27458,5.0
2,6955,2.0
2,5101,4.0
2,15658,0.0
2,14731,3.0
2,25302,2.0
2,18699,5.0
2,9742,3.0
2,12520,9.0
2,15580,0.0
2,21381,4.0
2,2125,6.0
2,23696,1.0
2,22241,9.0
2,27779,8.0
2,31402,3.0
2,21742,0.0
2,24773,0.0
2,14654,0.0
2,19203,0.0
2,12102,1.0
2,4735,1.0
2,17895,7.0
2,28595,1.0
2,14958,8.0
2,18991,0.0
2,26086,1.0
2,3244,0.0
2,12594,0.0
2,17849,1.0
2,9217,0.0
2,25432,3.0
2,26076,2.0
2,22172,0.0
2,24415,1.0
2,24947,0.0
2,25189,8.0
2,29837,0.0
2,30438,2.0
2,29474,2.0
2,3277,1.0
2,19496,0.0
2,27743,6.0
2,4451,2.0
2,16552,0.0
2,8986,1.0
2,7080,2.0
2,17525,1.0
2,23978,1.0
2,21771,1.0
2,6495,2.0
2,23131,4.0
2,21614,2.0
2,10660,1.0
2,21014,5.0
2,9281,13.0
2,4973,4.0
2,26292,2.0
2,7507,1.0
2,613,0.0
2,1075,0.0
2,20954,1.0
2,21166,2.0
2,2281,4.0
2,1088,4.0
2,6555,6.0
2,30104,12.0
2,25002,5.0
2,2661,11.0
2,17878,0.0
2,31961,4.0
2,29512,4.0
2,20583,5.0
2,3631,4.0
2,28385,1.0
2,22602,1.0
2,14660,1.0
2,16146,0.0
2,14008,3.0
2,29327,3.0
2,7226,6.0
2,915,2.0
2,16682,0.0
2,24929,3.0
2,14215,1.0
2,15447,2.0
2,4706,0.0
2,15496,2.0
2,23663,3.0
2,31699,3.0
2,2000,1.0
2,9463,4.0
2,20800,0.0
2,21735,2.0
2,14161,2.0
2,27400,1.0
2,13270,1.0
2,30417,9.0
2,21469,1.0
2,15693,4.0
2,20487,2.0
2,18422,0.0
2,5650,7.0
2,12203,3.0
2,27194,0.0
2,18537,0.0
2,7035,3.0
2,14118,9.0
2,7268,0.0
2,16212,0.0
2,15362,0.0
2,28070,1.0
2,25350,6.0
2,24377,5.0
2,18190,8.0
2,27521,6.0
2,1971,0.0
2,18632,0.0
2,8655,0.0
2,8643,11.0
2,25158,0.0
2,15577,0.0
2,20684,0.0
2,25901,0.0
2,20205,9.0
2,11267,1.0
2,25049,4.0
2,3638,4.0
2,2044,2.0
2,23733,5.0
2,30809,1.0
2,18430,7.0
2,14429,2.0
2,28035,1.0
2,28466,1.0
2,31556,7.0
2,26058,6.0
2,28424,2.0
2,30830,2.0
2,28623,2.0
2,3206,3.0
2,14508,0.0
2,19805,1.0
2,8914,2.0
2,30028,2.0
2,25195,2.0
2,15984,7.0
2,1054,5.0
2,29641,4.0
2,21455,2.0
2,1670,2.0
2,26049,2.0
2,20519,2.0
2,31936,0.0
2,18979,0.0
2,19088,0.0
2,13970,2.0
2,20153,0.0
2,7294,0.0
2,9102,1.0
2,30431,2.0
2,25084,5.0
2,12957,0.0
2,9590,6.0
2,7593,5.0
2,23439,0.0
2,15132,1.0
2,24872,1.0
2,3518,5.0
2,10753,0.0
2,16,4.0
2,21317,1.0
2,30881,0.0
2,29415,5.0
2,21643,2.0
2,12262,5.0
2,19976,8.0
2,17950,2.0
2,1634,4.0
2,20798,2.0
2,11654,4.0
2,6325,3.0
2,8837,0.0
2,15517,0.0
2,4755,1.0
2,15861,2.0
2,7396,3.0
2,24733,2.0
2,19902,1.0
2,21343,2.0
2,6105,3.0
2,24501,0.0
2,18141,3.0
2,9815,0.0
2,23423,1.0
2,17009,5.0
2,569,0.0
2,8699,3.0
2,16395,0.0
2,6144,2.0
2,22215,4.0
2,16755,5.0
2,22392,2.0
2,13536,1.0
2,225,0.0
2,18219,1.0
2,3967,1.0
2,1747,3.0
2,14843,2.0
2,23073,6.0
2,23407,2.0
2,3886,0.0
2,10818,0.0
2,20027,0.0
2,4827,0.0
2,24163,0.0
2,13597,1.0
2,13005,2.0
2,26881,8.0
2,12197,2.0
2,5856,1.0
2,27440,3.0
2,16226,2.0
2,19801,6.0
2,1776,0.0
2,28059,4.0
2,25591,2.0
2,7756,4.0
2,20900,1.0
2,9041,2.0
2,255,1.0
2,24726,1.0
2,27674,2.0
2,16947,2.0
2,29293,6.0
2,3828,1.0
2,22440,1.0
2,23792,0.0
2,5621,2.0
2,30160,1.0
2,19438,1.0
2,22138,2.0
2,7313,1.0
2,26737,0.0
2,15168,3.0
2,25281,3.0
2,1047,2.0
2,8845,5.0
2,26074,1.0
2,24123,0.0
2,19005,7.0
2,5381,6.0
2,12766,4.0
2,31149,6.0
2,14996,6.0
2,971,0.0
2,20291,2.0
2,2940,5.0
2,24785,13.0
2,4478,9.0
2,20555,0.0
2,5017,1.0
2,15512,1.0
2,19640,4.0
2,8291,0.0
2,20358,4.0
2,10495,0.0
2,12438,0.0
2,6321,2.0
2,31223,0.0
2,25180,1.0
2,10231,3.0
2,4773,3.0
2,1684,6.0
2,523,4.0
2,16362,3.0
2,19919,1.0
2,26483,1.0
2,19925,9.0
2,6579,0.0
2,24102,10.0
2,28737,2.0
2,25007,1.0
2,6227,2.0
2,7639,3.0
2,5715,2.0
2,13750,3.0
2,30307,0.0
2,20593,0.0
2,23741,2.0
2,7722,9.0
2,224,3.0
2,23353,2.0
2,9513,5.0
2,28114,2.0
2,2303,4.0
2,2595,2.0
2,28324,2.0
2,6767,8.0
2,25933,5.0
2,28894,0.0
2,4652,0.0
2,27772,9.0
2,28088,1.0
2,30021,1.0
2,17589,1.0
2,30211,8.0
2,16937,0.0
2,10050,2.0
2,4879,4.0
2,16812,0.0
2,31764,4.0
2,31192,2.0
2,10143,0.0
2,27802,1.0
2,16198,1.0
2,9898,2.0
2,21462,5.0
2,31928,6.0
2,25090,3.0
2,9755,2.0
2,17013,6.0
2,5509,0.0
2,18279,0.0
2,11946,3.0
2,3317,3.0
2,12491,6.0
2,21189,12.0
2,21005,0.0
2,25327,0.0
2,30789,2.0
2,8652,4.0
2,3683,3.0
2,18282,0.0
2,25852,2.0
2,9841,2.0
2,31596,2.0
2,10600,4.0
2,29002,0.0
2,13731,2.0
2,19651,0.0
2,30166,0.0
2,833,0.0
2,20579,0.0
2,2124,4.0
2,8365,4.0
2,26868,1.0
2,13119,0.0
2,5904,2.0
2,1416,1.0
2,10740,2.0
2,17925,2.0
2,18740,1.0
2,20404,2.0
2,1997,1.0
2,23173,0.0
2,20104,0.0
2,9611,0.0
2,24512,1.0
2,21443,1.0
2,14864,3.0
2,18750,0.0
2,9789,2.0
2,12629,3.0
2,7242,3.0
2,19087,4.0
2,13730,2.0
2,4139,2.0
2,26136,5.0
2,22950,1.0
2,18591,6.0
2,9572,1.0
2,17095,4.0
2,5138,0.0
2,380,7.0
2,19970,1.0
2,24661,5.0
2,18480,1.0
2,18278,2.0
2,8954,0.0
2,4802,3.0
2,4097,1.0
2,26692,3.0
2,1146,12.0
2,20645,3.0
2,30932,7.0
2,10666,3.0
2,15652,1.0
2,11134,5.0
2,31379,0.0
2,31091,2.0
2,25988,0.0
2,3471,0.0
2,1549,6.0
2,30583,1.0
2,31067,4.0
2,7241,0.0
2,18154,1.0
2,28710,0.0
2,18444,5.0
2,19285,2.0
2,7428,7.0
2,29661,10.0
2,22767,0.0
2,6513,5.0
2,19142,0.0
2,10219,3.0
2,10484,5.0
2,21482,0.0
2,20596,0.0
2,10021,0.0
2,29173,3.0
2,6696,0.0
2,7319,12.0
2,16717,0.0
2,22887,4.0
2,3300,1.0
2,17599,0.0
2,7737,5.0
3,12413,0.0029438207504785567
3,9312,0.006987018729086824
3,12110,0.022156643332835704
3,28747,0.0541466131188674
3,7658,0.027544968888883168
3,20255,0.012121917184130698
3,11611,0.01298725588119129
3,9496,0.2912953947853156
3,28123,0.028955197776679587
3,30730,0.06323794148463201
3,27222,0.06857315442403099
3,24398,0.02350655498757274
3,15479,0.015462482995838016
3,8979,0.06563028701610804
3,18736,0.017246063612454562
3,23608,0.032627713912467174
3,28912,0.0978287159078239
3,12420,0.021242226413684197
3,29341,0.18053292082340486
3,19165,0.10902403616239875
3,491,0.014229231866433305
3,3138,0.06919327961701348
3,9900,0.012960117186877746
3,31423,0.025827449015738562
3,27412,0.037473574249773774
3,12149,0.889706212911969
3,24723,0.2912589947545325
3,19708,0.016157644449851766
3,26553,0.11157998866185426
3,28742,0.05927574049623724
3,13353,0.011827755885017555
3,6399,0.015001002449248579
3,26567,0.013907634638689563
3,31856,0.10059446878564711
3,25847,0.04161284333849222
3,10850,0.7645722125089003
3,26021,0.01336354142140248
3,8761,0.008063194935091963
3,18242,0.07628916877725475
3,6187,0.024282420418223417
3,31089,0.06185789378551568
3,21719,0.04790560089640743
3,29440,0.050398968149526824
3,18932,0.0816122381153456
3,8672,0.046351193010686506
3,14591,0.005804951193926236
3,27845,0.04875216053447674
3,12524,0.08054913832906711
3,2411,0.02422268760649935
3,15359,0.031180441389655585
3,2673,0.08909204277455658
3,24152,0.02211969177514582
3,2601,0.03385284399442087
3,13782,0.12129633860680193
3,11833,0.12487909197131081
3,11236,0.028457975448064502
3,16286,0.11438423207978678
3,27712,0.04926405274979986
3,17529,0.012504664465957573
3,11176,0.008794782447542107
3,19672,0.01902788627325907
3,1385,0.012878101078091043
3,18624,0.009204129008749833
3,23384,0.04384544187525947
3,12717,0.012231375393238465
3,18864,0.13167580036601784
3,15691,0.029825815617452615
3,3213,0.04970069369567477
3,22504,0.0868208862263853
3,31720,0.7372321230246508
3,21428,0.08579823037998789
3,12749,0.02698692149737656
3,17234,0.04855699964326562
3,24909,0.022842902386739892
3,3431,0.04551709765930542
3,31295,0.0042940961555522125
3,29986,0.013044959743273288
3,29877,0.02746080572212568
3,23244,0.05135558728967168
3,31759,0.027362307687666378
3,29026,0.014238762720405026
3,14966,0.019316425289733492
3,18587,0.009556495948121206
3,1144,0.016515521308147187
3,15273,0.012976041274076248
3,18090,0.03444252562213122
3,873,0.05182290005117897
3,27006,0.18163131259339796
3,882,0.09919233434610389
3,15358,0.0622781985876004
3,12950,0.05456752702428731
3,4184,0.03581506209800348
3,17365,0.050608464696061055
3,30323,0.03298949740637127
3,29771,0.02938402782130148
3,8089,0.01496113449036262
3,25772,0.0606507125624066
3,6410,0.0008595411871005592
3,21068,0.027286565219256122
3,15505,0.009961607873086514
3,22624,0.04303538309041712
3,10560,0.03265220947173797
3,13189,0.0026422523922772258
3,16516,0.12042263997200005
3,10952,0.009403119021524875
3,28644,0.021886029891735236
3,1816,0.015612580422754112
3,26374,0.05822779418105277
3,18336,0.016054526455150733
3,23408,0.054611979363583515
3,26830,0.018445247986701076
3,22751,0.0330963616404351
3,18417,0.8661776707387432
3,13238,0.11416082530305868
3,21027,0.027141520337722266
3,4207,0.031483132692817314
3,23321,0.007183200258326186
3,24712,0.05002807841161748
3,14107,0.08199893857984182
3,17381,0.036508320137791164
3,24174,0.0351988955516889
3,28578,0.013794039793465995
3,21079,0.010190881403354349
3,30194,0.04207604476978785
3,18716,0.017006590203212924
3,24716,0.08552442985067553
3,18964,0.016971642197392972
3,10995,0.0573232560829796
3,29495,0.04190281780314548
3,10948,0.006987018729086824
3,3553,0.05879415932284956
3,23250,0.03246315874893023
3,3080,0.06309530888502113
3,14070,0.02947781985330643
3,12954,0.009598161327888525
3,177,0.020213247907539676
3,7001,0.044329116703194206
3,9476,0.03420432612722544
3,24636,0.025428465799833485
3,29934,0.17382704694747553
3,6185,0.019981581758575166
3,87,0.0340804553810093
3,15116,0.020638650517932126
3,4044,0.03490232819501755
3,26290,0.028324171558024497
3,25386,0.015236272939959786
3,23136,0.10297880672743885
3,23666,0.035194103041855954
3,29561,0.03640801211102109
3,23810,0.04121245020402171
3,8639,0.19931410278016296
3,13724,0.02665473796847763
3,13825,0.05710825289508459
3,26856,0.023866245528700175
3,14993,0.005211900133507027
3,15185,0.08210983691508375
3,23358,0.015005489938126705
3,10226,0.06178061185416133
3,16641,0.048367245823954484
3,10648,0.027950903287772905
3,28172,0.05369298561107268
3,3648,0.02889399033619457
3,5564,0.04880789603800386
3,14802,0.09613178751424924
3,22338,0.20567639117243203
3,23573,0.2144200833712941
3,17961,0.025270041249529702
3,21767,0.005897503148968231
3,25397,0.009440681566004106
3,29946,0.031224820896077584
3,29130,0.026013387805794243
3,30865,0.03964259697767205
3,25627,0.01739284574900109
3,7029,0.06099058794913851
3,9788,0.07341408304919068
3,31668,0.1027881657095491
3,14220,0.6793714060270493
3,31364,0.0657473671538681
3,4519,0.08101251094651242
3,23980,0.019029926774892767
3,18953,0.3602825132984705
3,16800,0.25106401601040074
3,21873,0.08374287008278274
3,2305,0.04062824652036668
3,7272,0.041299927522303395
3,11421,0.007051427056528608
3,6464,0.004640969820240346
3,5019,0.005894566515509968
3,29005,0.06170688601763913
3,9910,0.011268885015166121
3,11265,0.1067922458147148
3,18345,0.011302446051125693
3,14472,0.04161057418418007
3,7506,0.050117811121763035
3,17286,0.011893182855026142
3,14407,0.045169035335633795
3,15468,0.08231501046221024
3,20194,0.021216339285485823
3,23560,0.01007471903736373
3,24315,0.044479737610896096
3,23170,0.030821088328340365
3,4195,0.0902419517958024
3,7821,0.021878333920833843
3,23294,0.0796312202408403
3,31183,0.00600037983245969
3,31494,0.07510715765394875
3,12574,0.06856368188526117
3,19749,0.08370044392321203
3,13979,0.052302916084836275
3,15594,0.3889724328685349
3,23634,0.033165254982213684
3,21177,0.041183820537792834
3,20264,0.4114794703122649
3,25900,0.018790831484499355
3,18859,0.05193017742259968
3,23296,0.021934800527039944
3,8145,0.07726455694736753
3,23101,0.002664075785524601
3,19487,0.053801137202611676
3,21191,0.40868655101964907
3,14775,0.04274845222996027
3,13927,0.005272711910766853
3,8224,0.05113505523028935
3,16889,0.01715690901826776
3,2497,0.04063891582860112
3,6760,0.012424086840062637
3,25885,0.033560513368087116
3,24940,0.024674267310645332
3,31461,0.8678169231539027
3,21939,0.009755665700283935
3,2649,0.01180079364527016
3,12956,0.014647294549028585
3,20601,0.010574774600518854
3,9168,0.03052759731694055
3,25930,0.010980710507373025
3,19561,0.03948284152640674
3,4323,0.1698055821080109
3,24609,0.045537257268533866
3,11810,0.014313905176949955
3,20927,0.02309702596106175
3,18333,0.061210656615537415
3,15369,0.01524615684390981
3,5505,0.05809632109714849
3,23128,0.01704768941989179
3,12224,0.04076475526465639
3,8216,0.018928606521873774
3,13237,0.04772042208677089
3,28188,0.022549882480813944
3,26568,0.01216690899112734
3,9135,0.028938871248598577
3,12657,0.021878333920833843
3,3905,0.004379147692707837
3,26713,0.019342434542486943
3,4830,0.06991820252301204
3,1243,0.03320925803168383
3,24380,0.040337840347382754
3,6654,0.04492235362338091
3,871,0.023171410819921367
3,27679,0.12804198177955636
3,6135,0.030300100396563803
3,20696,0.03349555723407963
3,13977,0.0452093892672175
3,22424,0.042722380204588
3,26276,0.0361925834652124
3,21662,0.026633302822020664
3,30261,0.16890653689120994
3,11571,0.014548415404028788
3,10266,0.012682919265710487
3,15014,0.06250351915169437
3,7909,0.1303994106303035
3,24786,0.019845643173169315
3,25035,0.038650869263364945
3,2824,0.06687884701854555
3,6230,0.11018250011158864
3,5707,0.02819546862482992
3,21375,0.014611976442079377
3,24349,0.015976341070798573
3,31121,0.07837604184644455
3,18335,0.09919233434610389
3,25339,0.0038959990371287907
3,13642,0.02647622655695694
3,25286,0.051059468670898785
3,29092,0.00920718761626768
3,22444,0.10683006026268108
3,9408,0.06235638318830662
3,19024,0.030967891349447035
3,6851,0.014893113552958028
3,13404,0.0158673868445049
3,7459,0.13459066333347847
3,1733,0.06619385704241339
3,7750,0.07513577023826187
3,16369,0.41543086510484456
3,9660,0.031207463960338494
3,12019,0.021685693417275675
3,9354,0.034507902641146386
3,13172,0.028864094855294387
3,19241,0.017376083202158398
3,7783,0.02110147820358441
3,13104,0.058057898446271
3,20339,0.016020252060036967
3,10879,0.3115754148755929
3,30854,0.11721033410288571
3,24948,0.05711690031793913
3,3198,0.06406802969166216
3,5089,0.8874018856095243
3,12343,0.0196296296522503
3,27897,0.013305422891663256
3,23561,0.006957409020420214
3,2569,0.06294687336085213
3,16172,0.13870013209116883
3,22098,0.07914498930383444
3,31769,0.023326039138487683
3,30991,0.013014344024516226
3,27978,0.04997961662105663
3,30402,0.029913808723885667
3,26110,0.15464325203527493
3,23030,0.014649463164925122
3,11520,0.07254664514635
3,11041,0.10720342815925231
3,5562,0.03907329294086314
3,15853,0.004566201694051153
3,18887,0.0581647707390288
3,13967,0.005588655086632268
3,6020,0.0316812671182667
3,16296,0.06342730347100226
3,13061,0.06394029237258106
3,6546,0.042804921283455685
3,23815,0.019122066765884148
3,11446,0.12942653482675556
3,5205,0.00615001419616206
3,18553,0.06758913923317204
3,18318,0.023922909988547267
3,31128,0.020116882879561114
3,4938,0.058795826620806846
3,6722,0.021119653080775135
3,6902,0.00996776412345046
3,998,0.05927354311846098
3,28962,0.013258275486513054
3,10296,0.1550545485851716
3,3903,0.03199436587569331
3,28313,0.12620499398562215
3,25277,0.005112970773046515
3,3719,0.13470792611609508
3,29942,0.04336304622348525
3,7474,0.021626925932315313
3,14031,0.018810559555843077
3,8451,0.10781522732140124
3,24172,0.04397352145325158
3,21936,0.01925916944813196
3,3705,0.011700576786354666
3,18773,0.05209034218426112
3,11831,0.7062438157780405
3,667,0.03735505482319006
3,6747,0.07020788086937993
3,27781,0.032053010789952915
3,20553,0.008120178540625913
3,9961,0.023122566434424938
3,24411,0.03357614913348001
3,751,0.008329674368549131
3,16259,0.02476163936875812
3,17203,0.04377213826802708
3,16673,0.027376112519927685
3,30176,0.03333437129107546
3,19606,0.01013690911818033
3,11277,0.012550496985198441
3,11337,0.39174840761405494
3,24251,0.010785868524772011
3,3933,0.3544430876470161
3,11011,0.009914810630698734
3,8723,0.02554684559127424
3,22381,0.06072488405714343
3,29374,0.16833661568682926
3,1428,0.010145660913447846
3,2356,0.016409676745112775
3,4099,0.02747717662825827
3,16547,0.12038138060192018
3,6972,0.009052364818827471
3,22325,0.017914637210069414
3,30892,0.09703477012072721
3,11026,0.047084211845588905
3,23057,0.0638160502071417
3,10616,0.060796606538467975
3,6347,0.009104701236054169
3,31565,0.0801224876205446
3,3912,0.01567459958241299
3,3833,0.018364961629806068
3,27552,0.031947053766258136
3,24400,0.0045628269690057
3,15635,0.13323829761130151
3,29095,0.07294384566648253
3,5648,0.005894566515509968
3,20929,0.02476443873341811
3,26236,0.03185921464397869
3,10381,0.010433521880622855
3,6071,0.04301879608850973
3,11121,0.06301028800454317
3,8564,0.029395348347601782
3,3229,0.027685206778477016
3,5788,0.01376903195170364
3,26112,0.012761504174611426
3,19361,0.034424683108506625
3,13079,0.0221029185809788
3,28557,0.08613757428877646
3,24588,0.054504298344346655
3,1081,0.013584312584931365
3,17116,0.00776777831256812
3,25940,0.04660608219546687
3,20863,0.05177882688417865
3,10500,0.047979324375739374
3,11353,0.031865806672744364
3,30368,0.045486622254775025
3,22126,0.031215735386665132
3,303,0.18967648300532555
3,29957,0.027965572010334776
3,1705,0.021931250078547536
3,21150,0.004000330617460689
3,11457,0.05142013527803213
3,14483,0.025235482821097405
3,892,0.018790468848948843
3,16174,0.13400615489015325
3,18284,0.022794442727448707
3,23202,0.027462894181921764
3,925,0.023575822290984053
3,10913,0.028518732183051135
3,29808,0.008562873295132733
3,11450,0.19999040599464027
3,2524,0.06309530888502113
3,20393,0.03892853975564576
3,29666,0.026976734141050604
3,17741,0.048907440920079426
3,26202,0.0903226887219373
3,20968,0.033614709303311015
3,712,0.09061873279353515
3,11994,0.06136855565446176
3,14114,0.09755054267751062
3,9291,0.02232922312823952
3,14177,0.006505465922749718
3,25354,0.046852166332864736
3,30289,0.005894566515509968
3,14257,0.034463839262813045
3,7771,0.0194491145419294
3,22123,0.045142357918516764
3,14629,0.032688315090792605
3,15649,0.008078633861342522
3,21923,0.009052577038581417
3,17937,0.03269107874133467
3,5627,0.009582481370398042
3,12259,0.1948896598335073
3,6735,0.08023894425707274
3,11894,0.2047259113836063
3,6537,0.005894566515509968
3,8396,0.017147565244516452
3,19414,0.03604940423826584
3,11924,0.028764248103842812
3,31426,0.10623068617137271
3,7466,0.026017373210639745
3,28696,0.2154722862277313
3,23119,0.02154146763426884
3,25568,0.029536206806899785
3,8128,0.060733981533348545
3,12000,0.0447844331902822
3,29596,0.4038572905379264
3,3422,0.03858080028147372
3,28851,0.010444014205664147
3,7925,0.0417849241926819
3,20132,0.0202417260828481
3,28436,0.5394271468507867
3,15126,0.045943236978692265
3,14525,0.05482265204609959
3,28111,0.04455078888243964
3,29436,0.04071681484657843
3,4242,0.04783526747910982
3,23311,0.018298941188624046
3,25356,0.014008139229036784
3,4767,0.0809162752148192
3,7055,0.024352320508231315
3,15538,0.008794782447542107
3,7798,0.12663451785209762
3,23433,0.00978759847516966
3,14899,0.06851197161632563
3,30407,0.025871981060449682
3,1142,0.10536120693014535
3,2270,0.008011761469202574
3,14962,0.029036365976332613
3,12816,0.017071998979356323
3,30366,0.03844615717592371
3,30978,0.01558802790566169
3,22904,0.07976302187562147
3,3840,0.005438594745682686
3,24234,0.05721690397733263
3,7717,0.002152276691492469
3,26043,0.052690687127202575
3,9593,0.02044411480064787
3,7109,0.019519940985546304
3,10394,0.007818622303421063
3,13963,0.021643942908177578
3,24815,0.09565921517772706
3,30843,0.02502497745234659
3,27758,0.8693049786648499
3,11862,0.02812581893370021
3,2761,0.05919279988738065
3,29405,0.01416890125897663
3,21547,0.055375678122108016
3,10998,0.03551617561219319
3,31214,0.02631752052758816
3,8675,0.019058182874629993
3,11972,0.038149019944881395
3,325,0.11071436373709374
3,26472,0.05954323005024061
3,5426,0.06750420747271955
3,15662,0.010923989268625874
3,6220,0.023789800474337562
3,15769,0.7890404861952607
3,29589,0.007794756685021345
3,2211,0.003825219622714692
3,24797,0.1964704350358906
3,28003,0.0286731121208185
3,15094,0.11122215761767375
3,9277,0.03372542477197123
3,16284,0.051888120950132385
3,20549,0.00907473090355508
3,25756,0.0594376445177938
3,6209,0.06309530888502113
3,27122,0.0867430446123086
3,11934,0.049570754501505276
3,1257,0.023726733704492662
3,21572,0.528008334562104
3,6448,0.37933099592793745
3,26404,0.026623965447950915
3,14978,0.0239211116920583
3,24094,0.06712953006690396
3,28371,0.02001388962887917
3,15384,0.02983064584550724
3,11088,0.009422095472917807
3,12580,0.029478438576017486
3,22212,0.025525538148483563
3,23934,0.009310352731372777
3,14064,0.041970446764674686
3,11354,0.05086225039136166
3,12515,0.08055226713700248
3,11798,0.008606336660044024
3,16771,0.14837908334510577
3,5696,0.01552553402988053
3,21300,0.005174242726835029
3,29943,0.0483325594586952
3,13442,0.005894566515509968
3,1307,0.037834109777910824
3,14888,0.11905371924009499
3,29224,0.05373586696376667
3,18619,0.005475482895686866
3,29894,0.02093504973940026
3,16982,0.10279923718796886
3,8353,0.32363854639197526
3,27993,0.06756693931283791
3,31355,0.025106111751095356
3,19678,0.2959050532679236
3,5843,0.02560710123600314
3,26263,0.021544512403772358
3,7842,0.0652483752550722
3,5941,0.03276957614880526
3,4990,0.0788014023972346
3,18900,0.049184318308717154
3,7103,0.1199064427846432
3,26647,0.005894566515509968
3,31020,0.05029039169534372
3,10617,0.2982636151715643
3,12357,0.015849271487937914
3,26770,0.03895692357466356
3,17495,0.04636482088384327
3,2067,0.010675977326963633
3,13630,0.03415192618335042
3,15656,0.018332029111183465
3,21200,0.02514367249591938
3,29787,0.016825516843472218
3,24086,0.028677303722352512
3,25085,0.027410840005080674
3,17708,0.03329717847268341
3,9386,0.012972630352835673
3,29372,0.009406004833893146
3,413,0.005623382225234314
3,30511,0.014566351948491098
3,10364,0.020340800219142485
3,20608,0.021532364127047503
3,21625,0.06524081679300818
3,9615,0.07093773764168364
3,28423,0.009596272270725681
3,10237,0.025514840352291047
3,14329,0.02353960296075455
3,8108,0.2133752509269669
3,3612,0.053970711492718926
3,6646,0.13703923423235648
3,20676,0.20790283247521665
3,20450,0.04378420902182204
3,7942,0.006017639617961398
3,2645,0.19088235545659077
3,3063,0.022588722354827104
3,5078,0.04450852973468841
3,12235,0.05770936442784459
3,8813,0.06930094523205045
3,8049,0.008757847463600893
3,22208,0.025052172728408224
3,16729,0.05638683786569185
3,10531,0.0220493819838959
3,6705,0.017009974497270656
3,922,0.0056570681230093175
3,138,0.021154706692655508
3,22957,0.19146977035567497
3,14359,0.006276363586644368
3,26432,0.01017358590276295
3,11604,0.05807294850265814
3,25889,0.022167925056839708
3,18106,0.04319750647513687
3,21451,0.012714964281648342
3,2906,0.025288884545452174
3,7649,0.0427816721643716
3,13676,0.15614008270572988
3,18,0.2381767560352385
3,25410,0.04096135472265936
3,29412,0.03903485368132752
3,14440,0.07628334180160136
3,18599,0.02210741823006772
3,896,0.022309453072940817
3,16495,0.01879572532334107
3,3253,0.05266508563313306
3,9055,0.24512609582134015
3,12603,0.024543502301478688
3,20336,0.0389253662250517
3,9362,0.029350515246832236
3,25923,0.060234565189549116
3,19786,0.02186568079091932
3,10959,0.08714807439283957
3,13159,0.019289324182513952
3,15256,0.05171771043362143
3,19504,0.24234623398915858
3,4978,0.047544375439431394
3,6953,0.03121496493415873
3,11607,0.08655146125168484
3,8594,0.008794782447542107
3,27814,0.021728902049396048
3,5112,0.01144729411337272
3,30499,0.00892083742050977
3,26601,0.012657963824400889
3,3718,0.5053151529678217
3,16474,0.07119410935340714
3,28529,0.026059422733142594
3,4417,0.03938038770610099
3,18824,0.0893697148545223
3,22854,0.01860199684704324
3,26833,0.036205453946314775
3,16449,0.0392243101149031
3,5952,0.015641049542838556
3,21323,0.0030501720468872917
3,14870,0.012358015940977116
3,6854,0.0427498900803272
3,29367,0.01496113449036262
3,30922,0.37030722717090125
3,18796,0.017141273107219294
3,11470,0.05162106557034876
3,19367,0.04563270629794417
3,29595,0.043527709866420926
3,12878,0.029007413812592125
3,10946,0.4136052504821798
3,2188,0.021257095829208573
3,17142,0.020726543276062045
3,4986,0.06526809979470655
3,29490,0.06155615115339484
3,8768,0.0036129815672983237
3,28110,0.010632940696363212
3,4365,0.038923944370372394
3,20938,0.005894566515509968
3,5164,0.0526153084192798
3,25755,0.008004793966784534
3,29103,0.1630408172311634
3,15048,0.07183206981252417
3,9145,0.027835487857033533
3,5893,0.0458566434931782
3,17613,0.040122438981783096
3,26095,0.062209570605540616
3,9794,0.11602140547289501
3,28237,0.29146576815193875
3,1406,0.0844759356074419
3,7332,0.0751137945001368
3,22221,0.017862833978733353
3,30254,0.0030904593818650273
3,20636,0.06430225858591604
3,26124,0.023500184456698974
3,1102,0.018395214414239625
3,13950,0.02140204275310187
3,9891,0.16443759489376195
3,11569,0.06753410221920023
3,31108,0.029999203655473743
3,13990,0.210470054385779
3,5169,0.09164058946163275
3,317,0.13385294401297504
3,26589,0.03368994089982603
3,18876,0.04075541243334819
3,20327,0.08073327705860528
3,19660,0.04602846132602645
3,25641,0.009563544116565834
3,7863,0.04848514044729756
3,24089,0.012445433124035395
3,5770,0.016258345419376645
3,21901,0.0018814638154768912
3,26796,0.18260707443058563
3,31032,0.0782410336862021
3,28668,0.14688078223868523
3,8926,0.028315119984632278
3,27774,0.007114752114406228
3,15310,0.03289415291211554
3,13123,0.05353875085284698
3,2861,0.009309648725694421
3,14488,0.040831817415076334
3,5311,0.012869651169462872
3,20144,0.03811955294522462
3,2081,0.01503435402888191
3,15519,0.2765941536123265
3,27727,0.8361399176330072
3,20179,0.04483803339115017
3,22096,0.023935993952047575
3,13032,0.005894566515509968
3,8571,0.02332491984123136
3,26477,0.44114694657951864
3,29892,0.003382060660416804
3,15197,0.04016144883380152
3,14521,0.02714573651025487
3,21550,0.017661248821193114
3,20901,0.031664521965256646
3,8929,0.05631578868599635
3,5948,0.016070368014823064
3,26942,0.024873446859666273
3,23921,0.019348554195103247
3,17531,0.06615524995992336
3,22284,0.033332303424395616
3,24597,0.010893616742056663
3,22759,0.011137987096381707
3,13290,0.20263128175759426
3,22889,0.08039655318232311
3,23117,0.028794807450088014
3,16289,0.012927645431228294
3,29448,0.04175075198972391
3,13106,0.07504891246445759
3,8841,0.05154720218963322
3,12951,0.021878333920833843
3,16119,0.0330885619886015
3,10930,0.11315314875516186
3,12528,0.027579756579166493
3,16631,0.09093335409814964
3,6192,0.11955019430408677
3,11006,0.024723826659525158
3,18648,0.0741618433109142
3,5135,0.016872167457129824
3,17454,0.24000083602862868
3,18940,0.02036756329624436
3,20520,0.007410151876774275
3,4467,0.005894566515509968
3,12789,0.01948374205763288
3,23515,0.06309530888502113
3,3557,0.008794782447542107
3,26415,0.2811365560484316
3,8387,0.18362339967674918
3,7864,0.023966257082683084
3,26438,0.057361534908339284
3,24330,0.03544212213326495
3,22144,0.058583075080069956
3,5889,0.26459557965010755
3,6754,0.024635117529087962
3,25778,0.06989519440707762
3,9756,0.7115623821929179
3,4684,0.02893877208845577
3,15765,0.13855811762093054
3,3280,0.04573788273886224
3,25183,0.03131564880292907
3,12543,0.062496529611767715
3,5013,0.05773115648248447
3,5485,0.014469737121569348
3,28316,0.033694700021736655
3,30260,0.021840653036289993
3,28082,0.03094342327042146
3,19416,0.07306235878516598
3,28624,0.056256206731858154
3,858,0.041538040987832675
3,14636,0.043926631473639816
3,15949,0.006804158724382227
3,25168,0.03484682840834068
3,25684,0.01586414264353841
3,14015,0.015309391489879117
3,3131,0.025614390278112974
3,29803,0.08344428561293264
3,8601,0.028177111821556987
3,21814,0.19548387795193964
3,6437,0.1180216220189328
3,21578,0.0465313960675359
3,24569,0.009803882755166934
3,8585,0.010277080381806967
3,18614,0.01180927518484323
3,12367,0.02179064530636607
3,5694,0.12488826403854704
3,29546,0.0280840909304969
3,24539,0.006162823788249842
3,14538,0.07348097246084745
3,13409,0.04818418136056704
3,588,0.16353572625949203
3,2919,0.06279876363383387
3,5737,0.08143282166823695
3,12368,0.026956582186895187
3,30325,0.13800897021429095
3,12912,0.01977850692374339
3,26436,0.015462482995838016
3,4481,0.024541203258653277
3,24714,0.01811553595106503
3,6011,0.06631663822471558
3,326,0.017951272345359513
3,16575,0.042435916556128384
3,19744,0.08765832106838946
3,25777,0.1689122027753094
3,31025,0.010736537963528045
3,4022,0.08494339094020419
3,5004,0.06578643697150421
3,2386,0.03154671006324855
3,26002,0.05963446991994761
3,15746,0.21941747746581364
3,11490,0.014785169144647758
3,31234,0.025400934234803045
3,31371,0.054574373733578985
3,31947,0.017912005772759247
3,31861,0.48305239305373326
3,10904,0.06294687336085213
3,30906,0.013584205076147512
3,16663,0.010264586355820723
3,5210,0.04459339928223841
3,25675,0.021765731753828912
3,5088,0.015474062799321193
3,5148,0.019586697438468734
3,22882,0.02477159635502841
3,7236,0.10538072212280804
3,12276,0.04726786669362152
3,26790,0.0041694626093794415
3,14964,0.014884784402425787
3,1238,0.0077605334065362856
3,25454,0.029673954981316135
3,7570,0.007387945681907506
3,4632,0.01078753144388767
3,30642,0.5529043391751306
3,14803,0.04112313114020778
3,19542,0.023827958716595
3,12068,0.04005698155297184
3,22836,0.11455803337305784
3,29404,0.13755774077426725
3,22790,0.015131063003608303
3,15697,0.06405605401329217
3,29491,0.016487114299699533
3,3701,0.03520701170335708
3,18487,0.004071056625262839
3,2664,0.02913775600595787
3,10208,0.05070523015220622
3,13629,0.012593116788569236
3,2245,0.272998032965022
3,5333,0.11285120033316869
3,1212,0.01700259213958461
3,24758,0.08585311573686331
3,20714,0.02820849882054727
3,8757,0.02897903660825099
3,23622,0.029482544960979174
3,11572,0.030841434423951892
3,14695,0.02066729481467456
3,14235,0.016449276325632204
3,26920,0.10043135298800109
3,20356,0.03629019477344273
3,8939,0.024400354398124734
3,13066,0.029094701208386926
3,13526,0.23232251826795525
3,14411,0.03133611475939029
3,6083,0.09841489711579318
3,20766,0.033609185440730716
3,28018,0.016495430028090438
3,19709,0.01796912943218142
3,2744,0.008907754438030992
3,30781,0.021028348184461025
3,7654,0.1813377316881973
3,24594,0.017508814576859138
3,3302,0.40314465489034473
3,13183,0.01969051956408346
3,4415,0.02784974169491872
3,21329,0.02063987312256945
3,21517,0.010169572843361509
3,6084,0.017139447502611108
3,4019,0.07030363956774524
3,30980,0.014807463145376521
3,20979,0.23132026410121367
3,8617,0.01827046499097824
3,10413,0.028841582114347744
3,15079,0.04044202582850531
3,12470,0.012434794528701687
3,14419,0.059168234443094284
3,18879,0.03204608037154578
3,12391,0.046073120243150405
3,30525,0.03384709980845197
3,14747,0.07859542323434399
3,19815,0.0372173708357334
3,10608,0.04107480157064926
3,21061,0.032826012337240355
3,29398,0.024496913858500505
3,30675,0.0183550822336892
3,3597,0.010151721896611598
3,17607,0.027989021175823244
3,13249,0.07299760026025623
3,17744,0.006682295310716906
3,31401,0.014024078544541203
3,20991,0.023853147037886557
3,9810,0.009531676066145328
3,15370,0.022399198061269946
3,28932,0.004821078295991532
3,9464,0.02947848865344993
3,19830,0.016046904554688116
3,16929,0.05972532401039874
3,27841,0.015431920838230242
3,10622,0.0626833495313257
3,8131,0.02688844556074389
3,19354,0.049118155034404656
3,29911,0.027878045324843885
3,11785,0.01952455612917992
3,7485,0.047669364442710825
3,9571,0.01014675870967498
3,24283,0.04640253308846341
3,8592,0.012121917184130698
3,6072,0.08741903742438804
3,19752,0.012504664465957573
3,18743,0.049091447713574335
3,6439,0.03421666794748765
3,17887,0.09031177660377519
3,24895,0.018175992760575136
3,15648,0.028894501961339428
3,2278,0.049707416102259996
3,10250,0.09289010186161654
3,8799,0.037594486366730344
3,27595,0.02021367034381956
3,31541,0.018948065505909516
3,11391,0.05907167786982926
3,22204,0.015285072875154022
3,25595,0.006156274182927779
3,27468,0.04805317763580823
3,9233,0.01679434167243169
3,9236,0.017508814576859138
3,3128,0.049092610563039554
3,4950,0.03299800494532441
3,24215,0.008182128876540249
3,20975,0.04060664447805081
3,24854,0.044815822909429086
3,26201,0.008638663871197917
3,17604,0.02700615416998902
3,25761,0.017925662582647554
3,8587,0.1662616244744197
3,21591,0.05031164358399239
3,13843,0.13672224188691845
3,23618,0.02378675583386648
3,16392,0.01783858479957887
3,15173,0.024796240262531313
3,24450,0.24826770710127027
3,4957,0.06443374048448275
3,14621,0.036549856581535034
3,948,0.06651277449368342
3,4616,0.00912479168067197
3,29989,0.0029707765964466625
3,14441,0.04493494827338587
3,28344,0.01482801551261806
3,17189,0.06951558248475417
3,31566,0.1211338145855823
3,31773,0.30819812099421195
3,31733,0.008816024761135743
3,8040,0.011979863498093636
3,30488,0.01562833181164365
3,29250,0.29029834545043337
3,11320,0.0035106219634944624
3,19268,0.07179136923149809
3,4645,0.01422128851917984
3,3019,0.0931745448300506
3,21737,0.07212475856873926
3,3679,0.03441407110575911
3,8155,0.008078633861342522
3,7944,0.04195174492063368
3,29706,0.02983064584550724
3,8082,0.012144856958372955
3,28183,0.05757375059899548
3,6401,0.007578973214601956
3,220,0.06812009763325426
3,12016,0.028614479484676273
3,27593,0.06987639723324818
3,7973,0.1935038589353731
3,2969,0.2992603598031163
3,12532,0.036322920615518346
3,615,0.008201005447277565
3,27285,0.004344008057750742
3,24731,0.04847428945714974
3,16746,0.053868036438110535
3,1269,0.020557837274686713
3,31527,0.06425482611640115
3,12152,0.02271642610920324
3,14569,0.02689864752660544
3,7436,0.02834949782063072
3,23283,0.07018821596980646
3,6572,0.04846875700306321
3,29067,0.04924731035541138
3,16158,0.022681419302196314
3,12686,0.07666228224065838
3,18980,0.0177366935295941
3,7388,0.11211530111118428
3,18291,0.01257084053082189
3,2554,0.14729432609410192
3,3709,0.02730513269298683
3,3500,0.015427616810816617
3,9899,0.1088941417566923
3,21573,0.03670235015587887
3,24031,0.04361955825616504
3,5277,0.041675861847612725
3,7611,0.04794701125234319
3,17310,0.03195149572704924
3,28575,0.01599656494696108
3,28807,0.006987018729086824
3,23402,0.06612903558395536
3,19253,0.04224381103230747
3,23177,0.012077700792345651
3,7892,0.02253843447840368
3,9657,0.02112893880719855
3,29475,0.038214588827199636
3,10873,0.05131023632435196
3,17772,0.0040741769220423605
3,11240,0.06375692764354965
3,8728,0.005894566515509968
3,2608,0.016852198508140084
3,10860,0.02223843978712198
3,28146,0.16511316810767873
3,20039,0.07567763976271026
3,7207,0.01895003919408338
3,9361,0.004207006781695204
3,2083,0.021449191131494436
3,1939,0.04145567516699029
3,26904,0.033447603612462545
3,22025,0.027438897625016046
3,31302,0.03033094253407627
3,5222,0.008634784444753161
3,31827,0.008194763611254164
3,29646,0.07828809045927634
3,29131,0.1518369061450439
3,17962,0.0021360431722008935
3,5668,0.04937228345690431
3,29192,0.011292504495502507
3,8231,0.08493419908318454
3,2143,0.06309530888502113
3,4824,0.016554612592443462
3,17076,0.018033081914058297
3,1819,0.03373966861536227
3,29530,0.033368216474806534
3,752,0.08717251902687108
3,29296,0.033458806906944985
3,16973,0.41047804623004847
3,20287,0.07949932401836225
3,27047,0.00978759847516966
3,10077,0.02137736592223511
3,8781,0.03610877258312757
3,4338,0.10879210451963404
3,23565,0.026591450029224487
3,11626,0.008515646187750274
3,1029,0.02470569481776054
3,27237,0.02527938016098092
3,3743,0.010434133406317804
3,31817,0.051313239469188275
3,4828,0.030623066266888117
3,11750,0.16844016889297403
3,8582,0.2830961302019254
3,23780,0.005894566515509968
3,117,0.016984420851732736
3,11101,0.05425804100597119
3,17108,0.05747441690420782
3,3380,0.015497849220384635
3,5193,0.2184716088653768
3,11175,0.01878295117909178
3,7587,0.031610633689899845
3,14218,0.07847745049800872
3,23900,0.5935201231914018
3,28564,0.030039886266111593
3,5298,0.03324580510902089
3,5489,0.01609642468754798
3,26358,0.028985924445604595
3,11835,0.0483271309400239
3,28987,0.030481175159352697
3,3002,0.6665138254618643
3,5690,0.017186087483515116
3,15630,0.017458613766161164
3,25893,0.00868246136763425
3,10730,0.16185038715702404
3,20770,0.023548197515376974
3,7053,0.03999654213505285
3,7175,0.047819013808282386
3,24012,0.030751917999194626
3,15792,0.027635179379773382
3,18017,0.03716229449353261
3,5829,0.02324759018348982
3,1887,0.0684666293883376
3,31677,0.0359956473119609
3,1459,0.010799644511650136
3,22105,0.010512773540460981
3,3525,0.07985987940817817
3,5716,0.1816193621653412
3,17903,0.008901999318963887
3,7077,0.012121917184130698
3,22055,0.053950328996100756
3,21009,0.05197388850768566
3,15504,0.048259102352670724
3,30252,0.027483723914795966
3,17496,0.029405146661389638
3,27082,0.051531110699716096
3,30119,0.005894566515509968
3,4892,0.01519316696535237
3,4682,0.030565796762770717
3,1872,0.03439809931356367
3,31104,0.0168130868714574
3,30437,0.011419470788321418
3,23050,0.10484588696334216
3,25275,0.006768804084032246
3,1333,0.02922697840693716
3,31491,0.023263940285288193
3,1750,0.02112042252510342
3,31620,0.0265854605889713
3,582,0.022519985167809405
3,29604,0.012276539142555729
3,24275,0.023409593014375726
3,7978,0.05710774305236626
3,19725,0.039943458313034086
3,13266,0.06644017493693041
3,28656,0.06690271517745831
3,8603,0.14933827330421445
3,6195,0.09351342380517319
3,5881,0.035212949876376326
3,4299,0.030103844457567308
3,28944,0.019067473281294947
3,3391,0.030453288914004478
3,3058,0.09896794878035321
3,662,0.049215047579762895
3,31203,0.03014856795861045
3,15047,0.043619878252704344
3,4620,0.024489908042153074
3,3088,0.0513880941693078
3,20420,0.16754556865562817
3,30135,0.21065061985884695
3,2271,0.04768460473064166
3,16766,0.01884702551141256
3,16341,0.03822415337252563
3,7725,0.01998192813908824
3,29342,0.05655138015023413
3,3124,0.15574430470708112
3,7550,0.015492902665412516
3,31845,0.020379506167085223
3,4422,0.1300595116451329
3,2527,0.006219145416805445
3,23467,0.02276318263522397
3,17431,0.04508931848954288
3,1766,0.043998529366993
3,24982,0.5895288387888182
3,30451,0.005894566515509968
3,29417,0.032553344357756635
3,11854,0.10730724134000241
3,2778,0.06764248801541255
3,2918,0.031107269033660047
3,17662,0.1677493403482464
3,31624,0.016751462049971275
3,1664,0.041629426821263193
3,8733,0.042487551278409946
3,27923,0.032463915935047834
3,23492,0.04846875700306321
3,29737,0.028082697416415368
3,11745,0.09505665042786389
3,11312,0.006987018729086824
3,20653,0.015130469476777313
3,20617,0.09703076908323756
3,24991,0.07241107534970492
3,21465,0.005480288303132047
3,19617,0.0291114710952945
3,21985,0.004782316636148227
3,19577,0.014647294549028585
3,17682,0.00529041670850567
3,3475,0.7062438157780405
3,10,0.05634045396118141
3,20485,0.01159307017011535
3,5680,0.02904266287826365
3,6297,0.1354026897804822
3,24386,0.00447922617159935
3,15044,0.043347797616337454
3,10037,0.020442383673211318
3,23380,0.07910303062925433
3,28367,0.03804828205978377
3,25549,0.08970848169005698
3,7674,0.014651042549652372
3,12727,0.01567459958241299
3,16823,0.0044273843336269224
3,18485,0.06200935778294392
3,26205,0.03992431063853413
3,25285,0.020080019040405718
3,14598,0.039599970148930054
3,7225,0.09330140673031546
3,13541,0.020111464799916323
3,23003,0.011477262138153909
3,12247,0.017905893383282898
3,29765,0.035621381040891006
3,293,0.06602769336021694
3,10419,0.03395736053631871
3,24943,0.032097108858642906
3,14963,0.029079468303330604
3,16504,0.23792050481734311
3,139,0.006106072088540835
3,12351,0.05637157978281562
3,4178,0.7730437264778747
3,30149,0.037988027899472525
3,22478,0.0985205328342036
3,27730,0.027205896466772718
3,30059,0.005894566515509968
3,6913,0.05370396513105727
3,28718,0.029250588253690722
3,27097,0.05000603613498537
3,14529,0.4076336843085653
3,7442,0.6512614899747774
3,10981,0.0044314312114646925
3,7769,0.06248003238795286
3,30821,0.010839404212051535
3,3993,0.047335261989061975
3,21967,0.04465804194030526
3,26178,0.026931986655317403
3,19191,0.12116289034304065
3,603,0.004423408770317957
3,27880,0.027462894181921764
3,24106,0.23050399879234224
3,4081,0.02198913847884442
3,9338,0.01778038785085767
3,26691,0.007053646875780131
3,11495,0.02272656322562183
3,21012,0.02381941556101829
3,25707,0.04259382682924058
3,20628,0.020878056474510458
3,21676,0.04633463823539441
3,31352,0.004550723338048739
3,31500,0.022336387080018127
3,25596,0.020942256382260552
3,3544,0.11112717387652503
3,7384,0.0750538277131701
3,3314,0.02579124494967134
3,12246,0.004452111946405579
3,3026,0.008551286218089265
3,15748,0.06480719497708216
3,12286,0.15675156583180658
3,9209,0.062044558893665745
3,30213,0.009884572825794101
3,15107,0.03765916563646651
3,23233,0.05385631687502336
3,12820,0.008794782447542107
3,20543,0.05036546627489629
3,924,0.021685693417275675
3,7688,0.008349039075395243
3,24040,0.007694658708138332
3,26084,0.020287913736478997
3,2233,0.10478435329878373
3,11215,0.11166684288070462
3,27233,0.07245965950035084
3,3682,0.1573980014000024
3,19697,0.046231355204645365
3,17752,0.0329924094877903
3,9758,0.05341608390570658
3,26458,0.022384046559694927
3,30747,0.07395914906406618
3,541,0.3333072543981647
3,22481,0.17638479252921718
3,1033,0.09506729154452301
3,16407,0.06353704923841812
3,3267,0.0278870623224318
3,29767,0.01647161023019283
3,18655,0.059722521718331714
3,25270,0.008448409014737304
3,4154,0.00444402895676432
3,9442,0.09166039069493258
3,7262,0.20332865495891989
3,10625,0.31445518480727863
3,22273,0.05634543548188055
3,14036,0.1962531458202371
3,30333,0.312266395862381
3,28690,0.37690648531642046
3,27340,0.023337731477076663
3,9757,0.04276271875999812
3,23862,0.03797509633637832
3,2367,0.01600265591064576
3,21651,0.03791645008401164
3,18214,0.00742906746736581
3,30226,0.06418778426601947
3,1709,0.02802988125505229
3,5897,0.05290600311209426
3,11560,0.03716191514516256
3,25024,0.034425164116147225
3,13590,0.010846060650333967
3,1363,0.06705132753701444
3,16597,0.012322882977586047
3,15349,0.06934954996305491
3,29575,0.03133486262900044
3,19811,0.010101500897323668
3,10254,0.031632577997110146
3,8858,0.8361399176330072
3,7397,0.09715708998505496
3,31060,0.021219654105680833
3,9837,0.007266688274226126
3,4951,0.9032805300468117
3,30173,0.02743374751734971
3,1902,0.02614984418301345
3,8607,0.01082180657933901
3,25259,0.01397631067668662
3,22526,0.012204966528989086
3,25086,0.0714292052747566
3,15098,0.023214743383452766
3,14221,0.05601500198757161
3,28309,0.07304332667132873
3,18350,0.10372905397947982
3,27633,0.07551281489365562
3,12170,0.050839109520708886
3,19971,0.00919345788199274
3,28129,0.06309530888502113
3,13955,0.041118694241057296
3,15460,0.09778156585315832
3,27431,0.0410734695607209
3,15332,0.12080278933958313
3,6806,0.02676999233692973
3,28230,0.17353246722409732
3,10665,0.018711665475077348
3,6240,0.0929844126494953
3,31382,0.0017403151798716912
3,19436,0.047521712756724524
3,7495,0.006987018729086824
3,28068,0.047869062074639944
3,29346,0.039463156036187205
3,62,0.052709980728073764
3,5050,0.021685693417275675
3,13088,0.043532982248977364
3,8127,0.02545022347924759
3,22755,0.02313595306746327
3,13098,0.008971772070305216
3,29829,0.02336328533981291
3,4397,0.011258183555112964
3,26820,0.05693449459507369
3,6700,0.044280958968188906
3,7895,0.007753911935762641
3,931,0.009398662738192896
3,9695,0.06819951768279722
3,25872,0.014534122134783294
3,27733,0.04834440298061549
3,28641,0.01909286457968225
3,31578,0.05557145962418196
3,22503,0.01008728978769512
3,22164,0.31533208575233224
3,8194,0.04755837839562004
3,5507,0.05701644679954826
3,20689,0.022376990308225507
3,4436,0.036516262447192714
3,17406,0.045795199141460165
3,28265,0.011559615701345671
3,716,0.022479152587298677
3,31937,0.008905952675936144
3,12842,0.02905736108658474
3,15971,0.006122372349266262
3,31558,0.00978759847516966
3,1646,0.056429246556113984
3,3187,0.004697304040423029
3,6313,0.010187828868195095
3,10178,0.03467222088446782
3,15236,0.07484666618426307
3,9409,0.0067131486994543715
3,2803,0.12078225611740938
3,29079,0.01653626105169503
3,28140,0.0427886009314783
3,20545,0.04019863707148672
3,9097,0.05028411940474145
3,710,0.02338371474843837
3,28662,0.012142331862808227
3,30023,0.05677093206883406
3,27891,0.06722802510280497
3,10188,0.05374710581772071
3,22058,0.009793551720727775
3,29824,0.26050306072508345
3,31515,0.011140167922666314
3,11719,0.015525536551971498
3,19594,0.032272992535704606
3,7536,0.022588148084285067
3,27393,0.049766478216719826
3,26738,0.015683217372854556
3,12225,0.009205404616898205
3,31280,0.01884686369078267
3,27395,0.008225180721810022
3,29652,0.023114757442619524
3,2840,0.8678169231539027
3,16678,0.14600420407675857
3,17290,0.03055356165729014
3,30114,0.033954469068576125
3,9220,0.01663573936168317
3,5163,0.043153176500724776
3,27387,0.020506548632880504
3,28835,0.015942229629315068
3,3457,0.6003130643442771
3,11003,0.036046987879033876
3,11351,0.03749845311937478
3,24728,0.00978759847516966
3,15686,0.04293076800858416
3,25284,0.023219760032663687
3,31613,0.021165438301840218
3,8975,0.03582140597246503
3,4095,0.0037273020054830936
3,24193,0.4546726253799391
3,25122,0.01567459958241299
3,31432,0.010251543306797634
3,8901,0.05298128048089716
3,28358,0.005070016653664613
3,2294,0.19059759863783696
3,18961,0.026006824610903315
3,2891,0.03606975546754765
3,19038,0.021902014541220545
3,23569,0.023887990353165064
3,20989,0.06356096174829565
3,21539,0.03917361013086591
3,9152,0.044392915115983055
3,30529,0.027529891481285908
3,12877,0.12122636456838595
3,12840,0.005894566515509968
3,2457,0.0158673868445049
3,10656,0.10951130694012529
3,19026,0.02456579345378835
3,21597,0.030004496786789153
3,29023,0.044780670604370215
3,10748,0.04162784050535175
3,715,0.03525921586490815
3,1932,0.0653896040991815
3,29096,0.0603265147224227
3,30845,0.045917736080231725
3,2863,0.005894566515509968
3,23416,0.048672113253780715
3,22486,0.07054987471787269
3,16288,0.15400895757976565
3,1731,0.013558636065537396
3,31688,0.01788205620576218
3,10323,0.08685785745360489
3,14739,0.005192547077950567
3,964,0.037406461233298265
3,3650,0.03483889696982038
3,553,0.01339628301533178
3,10947,0.1823638207888368
3,28766,0.02566921913272033
3,3462,0.05891092307645543
3,16277,0.012428297261186745
3,23575,0.035085833211993316
3,22702,0.005894566515509968
3,23486,0.009878623097216184
3,28563,0.011617540172011635
3,9163,0.05355011406971285
3,15,0.33794990633451893
3,17608,0.012961206617415427
3,21828,0.007974209675008824
3,31904,0.13459066333347847
3,14281,0.005970559072991453
3,25438,0.029960406988661675
3,6856,0.042617357078999496
3,19370,0.037998311382760795
3,24179,0.7062438157780405
3,25583,0.014741684530636096
3,14745,0.08870140462800581
3,20651,0.021589361906422518
3,27292,0.024084414805265
3,28640,0.0010428295348591623
3,2506,0.029159079213436346
3,29260,0.015060083726107011
3,25034,0.006987018729086824
3,25217,0.012839580477373477
3,4029,0.06832775882722184
3,4795,0.07063300563852469
3,29707,0.02073734826669342
3,18249,0.10473511474993125
3,29393,0.1919281633031727
3,27389,0.017661248821193114
3,24055,0.04266141450906267
3,31553,0.025637418598765015
3,680,0.07706614045699874
3,18556,0.03993052512359928
3,1377,0.14150000141826222
3,18985,0.04820139759229572
3,26121,0.020137205926789893
3,26192,0.12369516010951816
3,3122,0.7002674339530162
3,7491,0.027572321448198225
3,3931,0.06360977261075994
3,891,0.047488660164142965
3,12159,0.05369863975176498
3,29791,0.02266923013788511
3,17967,0.02687596992345573
3,1754,0.010262712236857329
3,4038,0.029637622120573855
3,17768,0.0225938278518207
3,14171,0.03680015478303994
3,5563,0.010920335841742752
3,12575,0.03614292546220614
3,29456,0.06196366110013806
3,7018,0.009976757349261301
3,6353,0.06125230436876587
3,20597,0.0034246907215033135
3,9547,0.03411561657673743
3,18427,0.09356394238944878
3,9870,0.010846060650333967
3,31158,0.027701250265803546
3,23626,0.030419453034302896
3,17627,0.028847554384017513
3,30345,0.015467106675531613
3,28676,0.014539187478326384
3,16458,0.011850239845124125
3,13722,0.026382632539032964
3,14646,0.021082707027678647
3,21080,0.048603980487368734
3,22443,0.019726941693834547
3,28625,0.10342757166853227
3,25912,0.1555080299983168
3,437,0.045833815102615964
3,16890,0.037038495898642824
3,26101,0.14835628217723731
3,26065,0.02177846014518155
3,8943,0.020991276486448465
3,2513,0.03005532835598168
3,17873,0.06606681196193516
3,3519,0.01308740142270083
3,18883,0.03001560979234344
3,5730,0.008794782447542107
3,12315,0.01195896282051066
3,27046,0.087725129327938
3,18581,0.05584795166348665
3,21222,0.00660420694571064
3,25945,0.03431856150587647
3,13996,0.011564151489707138
3,6389,0.019521431137400163
3,20629,0.21928630332348475
3,6236,0.04027277935920982
3,13073,0.014647294549028585
3,8388,0.009260311605711025
3,22192,0.05926408720352513
3,10309,0.0458477004068057
3,25935,0.008310956593335231
3,28286,0.10423752987242649
3,539,0.014592592342235363
3,12112,0.02565408442464375
3,28380,0.006149973326697658
3,10033,0.028436216660691526
3,5387,0.5989985352027734
3,30150,0.014544106742014257
3,4000,0.018982169320673942
3,10802,0.14688094407897428
3,25093,0.03388779029566059
3,13922,0.015480989594843276
3,20690,0.005894566515509968
3,20109,0.02770634518592269
3,21509,0.03979775763463476
3,11651,0.08961362621635853
3,4761,0.007519271834589822
3,7468,0.09176999576200613
3,18621,0.005894566515509968
3,25482,0.01569623916497658
3,13704,0.33823084066144354
3,22707,0.019096704573371728
3,30528,0.021878333920833843
3,29709,0.021685693417275675
3,17867,0.05562931482121658
3,28741,0.03514724635522423
3,12168,0.22156693378369763
3,14882,0.06417172216708195
3,19387,0.009994123390216944
3,4555,0.010423291456243792
3,7590,0.014885017486059164
3,6006,0.022743588229827975
3,28089,0.06362831481862473
3,24299,0.06235638318830662
3,2058,0.006522472838872395
3,2756,0.020196635166485278
3,22292,0.011698836668807796
3,15786,0.046351193010686506
3,12989,0.008559462622254491
3,3990,0.07669923540716665
3,18077,0.01266728568613019
3,22146,0.18111284691003887
3,26891,0.028851345950120257
3,23223,0.02127819915936082
3,25845,0.01622564272017994
3,22097,0.02243084248790026
3,16055,0.5933471215380649
3,11840,0.029585144102581257
3,16247,0.1278908979390394
3,18871,0.04163715347130714
3,8496,0.008359311313758016
3,4881,0.023830415711895914
3,7902,0.12807651449958599
3,4301,0.029503629187109075
3,28269,0.0327716178975939
3,12706,0.32012733872274385
3,23472,0.028098222199735245
3,19582,0.029800262834059885
3,19779,0.07946022150096585
3,15361,0.023870915138330385
3,16068,0.011254553781778314
3,15217,0.03982330585717572
3,30591,0.008262455167897295
3,11289,0.12049467114278462
3,2631,0.012086218993129326
3,20156,0.22545683388589852
3,14766,0.023176684797324616
3,25958,0.4618084504482036
3,4685,0.056000839878345816
3,30918,0.01150381976386371
3,5444,0.25591318269868124
3,11953,0.0183272695020513
3,3720,0.1208759878408233
3,24085,0.02396396814322874
3,31131,0.1659483739190011
3,27905,0.04309570753443187
3,3869,0.0530086105560455
3,12729,0.1535085024023466
3,7837,0.005894566515509968
3,14229,0.03786447073216584
3,8296,0.05338899089161662
3,29538,0.3009494484627264
3,2685,0.04072675679013265
3,13473,0.07303525048761235
3,18365,0.06565622830620137
3,2212,0.07119291033720417
3,12627,0.011446789790384397
3,23159,0.2361820050960242
3,565,0.05016868299083909
3,20307,0.03390887409685224
3,1334,0.011067899921635224
3,16686,0.06367294645457575
3,23254,0.03417734953005859
3,12346,0.01627585415573782
3,31859,0.03751538425416768
3,5520,0.024570731529401143
3,1653,0.13403895668572693
3,31229,0.16120561889050344
3,22118,0.05719351117101875
3,18607,0.00972216588060931
3,4903,0.003599273577363517
3,27204,0.01553849822498802
3,28877,0.018617421153392717
3,22445,0.092915043269207
3,15106,0.010666500180391426
3,5340,0.10873045105491176
3,16666,0.005354697080638228
3,14587,0.033079927639086494
3,23589,0.27257844199540615
3,31153,0.022141322482168747
3,23827,0.002931630102724164
3,17672,0.00978247727304741
3,20539,0.05009728233566619
3,849,0.5838239557097833
3,13953,0.026439283852529465
3,18305,0.026961208070258758
3,5218,0.025429214728942197
3,10139,0.012055257095712922
3,27652,0.10042473757725752
3,14299,0.11558839074270054
3,3963,0.04381046607076752
3,7321,0.006471426490828214
3,13477,0.7892872673833945
3,10899,0.8361399176330072
3,15091,0.09336246933939811
3,26160,0.05299742340333013
3,28620,0.08384217702329229
3,14518,0.02046878914643391
3,23139,0.017589182977583905
3,13770,0.009327553117840623
3,13917,0.02587647680618672
3,23180,0.025723054789722817
3,5117,0.26898798008426816
3,2364,0.03663131579687839
3,5217,0.0315251641327527
3,13532,0.006987018729086824
3,8958,0.0817544629974607
3,31807,0.29516262692984185
3,25181,0.07280431725495792
3,5237,0.022989910901399575
3,18222,0.02096786496527587
3,11420,0.31737076335261316
3,17564,0.019927329660284758
3,6440,0.09919233434610389
3,5402,0.032538434733956276
3,8359,0.026230228474844613
3,14461,0.012882955875056466
3,7311,0.0515768992670717
3,20515,0.016626602988798606
3,9243,0.009868203649745812
3,18274,0.04073218639264782
3,4455,0.007042747696419296
3,215,0.009181758338721036
3,1097,0.013145474995619338
3,31569,0.14299737628033618
3,30711,0.01686213590723472
3,17250,0.04440091689042359
3,8737,0.019253234096764004
3,12138,0.05540874896431487
3,17727,0.02623379608936311
3,27443,0.009310741746776681
3,566,0.03861986451324166
3,13765,0.017435904899288177
3,5575,0.06309530888502113
3,1143,0.37824713430550644
3,25379,0.060718122300577056
3,28121,0.05247775013832125
3,15042,0.06987663910913638
3,6130,0.024805953379624823
3,1259,0.022622467261275838
3,9682,0.4772992237614101
3,7523,0.011979863498093636
3,31511,0.024418484765791646
3,25669,0.046175163954059815
3,29747,0.047965576173680496
3,28399,0.05649320685987553
3,10234,0.033816257770744707
3,14142,0.03947296678295134
3,2676,0.008895731544355218
3,3266,0.0525045423571969
3,29520,0.09919233434610389
3,31561,0.031661921424355796
3,25010,0.010006496721233379
3,8052,0.03670419128186134
3,12466,0.0487001055182732
3,10554,0.0030222904098021236
3,28697,0.016725901062402657
3,3394,0.032855708413636324
3,9437,0.017139634831524746
3,11435,0.4710822181759388
3,3543,0.3411719087059709
3,14241,0.1203104209455043
3,28651,0.17569437468598262
3,14391,0.04572931386552611
3,2137,0.015422740651543608
3,28671,0.04075826274936763
3,18628,0.01839375142818278
3,12234,0.021595018281545673
3,515,0.03866252061068852
3,4568,0.020772280235210588
3,8250,0.0997362427013427
3,13222,0.04077100206953167
3,3757,0.054715830106643264
3,27804,0.088024116683878
3,30968,0.015019018167476342
3,20751,0.01223151270395511
3,18580,0.011317141280959222
3,17841,0.04555409603093741
3,15604,0.05516285149041019
3,14607,0.00889321296910068
3,27888,0.02416085827261874
3,31735,0.03511735969130886
3,31931,0.7645722125089003
3,30308,0.01275522408852688
3,6939,0.06326498786025891
3,25098,0.052810024024479804
3,13095,0.01562934439320535
3,8780,0.04296405848328397
3,29937,0.08364303819443754
3,9014,0.014207655733177078
3,17221,0.04795598061563999
3,22786,0.012560301742832474
3,29105,0.07630736397562139
3,16462,0.05244871817697152
3,26317,0.009992180699600443
3,25531,0.018284271151749805
3,23909,0.11544336292107794
3,17090,0.03411114501343769
3,28057,0.02951219880376469
3,23356,0.09696873726713597
3,13554,0.04175079593828898
3,4544,0.014823377140502868
3,12290,0.03771071518221873
3,31417,0.023154131930015892
3,27520,0.07349200458560265
3,23732,0.013189211252649583
3,9791,0.044888275677731515
3,28751,0.018944878205731434
3,12123,0.027250935131019696
3,4442,0.01631259738569902
3,23782,0.011514506807478933
3,6213,0.012121917184130698
3,18858,0.050101272157826074
3,31579,0.05467093776213415
3,31362,0.055734490572462034
3,21823,0.0216339275688334
3,12872,0.021241940964211583
3,1343,0.014188155423654428
3,20189,0.026826108499078693
3,22448,0.03545113891149357
3,13287,0.7040927212752525
3,13265,0.02093504973940026
3,28760,0.03652478552370633
3,527,0.7000662557562565
3,3059,0.08003911623358093
3,25499,0.013731394859481676
3,25522,0.20619314560553423
3,16617,0.033019018043521094
3,8256,0.0161619128710323
3,25258,0.030950233631930345
3,17341,0.1568515822799486
3,28184,0.038550795255129625
3,26111,0.320777381801786
3,7695,0.039015450112243805
3,31627,0.025244818498272727
3,4962,0.12386025071706613
3,6043,0.07303637850846557
3,5085,0.0407299160146961
3,17378,0.07718781440283776
3,29845,0.12110029741199407
3,22116,0.037259173206952156
3,2091,0.025098430853414944
3,16877,0.24601229914115588
3,916,0.08484399055589537
3,20779,0.0032737195452345333
3,6766,0.017661248821193114
3,6075,0.051118249672780204
3,11639,0.046710176772341815
3,24634,0.013448748089994486
3,25449,0.04021958727436546
3,5424,0.004776399502030648
3,7287,0.09541251293664178
3,18819,0.598112336834511
3,25406,0.025843616864449144
3,5902,0.026366157110777985
3,25880,0.007936305094963163
3,27761,0.03317462487032906
3,15155,0.027232909114990957
3,19628,0.06834236976968429
3,19631,0.2686326804185525
3,11799,0.011586506869278574
3,31958,0.06332028598466888
3,30765,0.007326389731225615
3,30045,0.01868312202145182
3,19590,0.526585939807744
3,13317,0.06715849057064377
3,3233,0.0939600057462305
3,23976,0.009680419924104814
3,420,0.013622499968060815
3,17587,0.012286624890672908
3,864,0.3370145439025958
3,26921,0.05435290642630062
3,24044,0.10793972544382649
3,29599,0.02341685133957286
3,19945,0.02538798929676028
3,24020,0.04898991083122402
3,23186,0.021483135059181604
3,21306,0.007448216894348414
3,29570,0.03432813256885147
3,15620,0.012145248151577887
3,16893,0.1346247674560951
3,31879,0.09459651219201753
3,4687,0.013673379750809771
3,22871,0.09756487985802788
3,207,0.028418194092444667
3,6819,0.06186244352399635
3,31701,0.030670647306022262
3,20300,0.049942082310411175
3,16754,0.059412974097952195
3,16967,0.033406672095728236
3,5248,0.02343706259423477
3,31920,0.026839513497603506
3,16321,0.1354714615352167
3,28232,0.02785733411250873
3,2656,0.008794782447542107
3,22183,0.07454932130694779
3,8713,0.04253778374689255
3,30672,0.21154826646888428
3,9059,0.04240782436193329
3,18138,0.08366790421948518
3,28403,0.025000635396192513
3,10775,0.13728624569278897
3,4770,0.02922697840693716
3,12768,0.04232277264226754
3,19441,0.05925216652350181
3,2359,0.034112653074114235
3,17457,0.011502668541968443
3,5626,0.02063966678830224
3,5813,0.0367839139852936
3,7515,0.02038419969589548
3,25746,0.03390214608056379
3,10498,0.055766877210392814
3,25405,0.06902721252032369
3,449,0.029156130562264824
3,3825,0.005894566515509968
3,28033,0.010964274559115342
3,6403,0.35856484796474747
3,5848,0.09093843617915813
3,10006,0.048338705784749296
3,3228,0.01730649738022434
3,17986,0.013699857613455609
3,8606,0.13087017890513605
3,24830,0.012121917184130698
3,15575,0.04151963770269372
3,3472,0.05267598340648499
3,2476,0.7754925268337489
3,10502,0.05291372640490691
3,1879,0.04033052111497674
3,9497,0.08275221371482393
3,3694,0.029946801376084537
3,19238,0.02562275658243332
3,12096,0.03977614335997595
3,27196,0.11268043412213143
3,3630,0.0570822835203876
3,27154,0.026478502904541488
3,30413,0.01131804984488447
3,27341,0.031997516162538125
3,4007,0.04299348484934868
3,25132,0.02617959942684703
3,29687,0.024441543663692732
3,9495,0.04068490314630821
3,19233,0.029136082200170728
3,5784,0.02868547574623541
3,406,0.3318263907872045
3,8536,0.03383059353101885
3,13250,0.5132825869454639
3,29242,0.00835793488019937
3,8980,0.05209631188116269
3,8856,0.002612724012677098
3,23790,0.09794477740749266
3,1945,0.03543743496974341
3,19531,0.01041845146043695
3,2016,0.021598970331391628
3,26983,0.03648248561866543
3,4288,0.047481508743257905
3,6179,0.005345381343624721
3,21283,0.024163456192423417
3,19580,0.02418895018390499
3,9846,0.04538402613332449
3,17202,0.021592214243776442
3,7537,0.030418458993539666
3,5086,0.016285419465748352
3,11330,0.04888688152362284
3,2536,0.041900157123366616
3,31266,0.01018559281743332
3,18719,0.08167782590967772
3,15036,0.026451185860571786
3,25137,0.021602299471858894
3,20934,0.10172892648024899
3,30814,0.05851819400142843
3,1901,0.041531695213258585
3,2075,0.02396620830188463
3,17552,0.279797766307451
3,28185,0.01638603089032144
3,20857,0.030745385414570007
3,18771,0.006320139486215726
3,18653,0.036766908179624705
3,15897,0.032845496042368395
3,16489,0.04237979531774293
3,19385,0.05327099788473263
3,18721,0.050537600180723626
3,9053,0.08245875021573737
3,11207,0.02737428041947294
3,18535,0.02913694096621698
3,31888,0.06870001006736103
3,17748,0.03019206757030174
3,30445,0.6798470396723209
3,595,0.11425773456073829
3,10586,0.00934096889858902
3,27203,0.055997571005669655
3,21732,0.050138825149340885
3,24343,0.9056382997165429
3,7615,0.04225223937071657
3,29312,0.07438736154326965
3,1474,0.05068179707358401
3,4781,0.010038314243616744
3,31367,0.04209764823369307
3,21278,0.02454985072422857
3,9351,0.015369613886116058
3,6225,0.35250890428048437
3,5262,0.0904565588194326
3,5853,0.04207087320204335
3,23605,0.06916525353774412
3,23323,0.062143800724480516
3,21416,0.08632498039183571
3,2226,0.04938705725258942
3,7275,0.02711987772487871
3,18169,0.08762580986699195
3,1601,0.026043004530766568
3,7243,0.04433173337884994
3,30678,0.053193036889066486
3,5464,0.044345179797842554
3,23659,0.021685693417275675
3,7445,0.03980859869502327
3,18479,0.0503589540409943
3,3598,0.04670552165550058
3,17590,0.02538798929676028
3,10299,0.008794782447542107
3,3294,0.047855056667386556
3,5639,0.03076653516445074
3,9680,0.016261964845609485
3,9896,0.026872627414783194
3,23879,0.07574483029134851
3,28384,0.018042472309028182
3,2726,0.0072633978101931795
3,25163,0.08109772156229561
3,28941,0.010846060650333967
3,12405,0.04363696414620883
3,6629,0.09998227425089352
3,7136,0.0064421731422394405
3,451,0.005462437376713802
3,22156,0.03859760186930954
3,4473,0.029031831571813476
3,11264,0.4976517183020242
3,5346,0.013350669552938501
3,1499,0.04635280259142925
3,17225,0.015688002065628627
3,22925,0.019993538693890582
3,231,0.008794782447542107
3,5739,0.05818149883401033
3,31508,0.022919798363012243
3,677,0.04966576150447516
3,12054,0.21442706060986733
3,10928,0.03675753013416787
3,29866,0.046850454504531326
3,25776,0.11056529179762987
3,10652,0.048311550427527265
3,17334,0.04151029340609
3,784,0.018140503127138972
3,3956,0.01500820110128426
3,31882,0.043619878252704344
3,19797,0.034247054843420104
3,27261,0.03877237021078754
3,390,0.057730964144455034
3,6732,0.010846060650333967
3,15242,0.002606397565372874
3,30343,0.04653324822112546
3,5197,0.026753674425852945
3,18617,0.4594298175857309
3,2446,0.00970281729188551
3,24257,0.07446995777018998
3,3357,0.18981289970617055
3,26394,0.062209570605540616
3,28389,0.08440612551191586
3,8839,0.027294106069639182
3,6909,0.1458491123938865
3,4319,0.10090022473866411
3,10823,0.035426082952347844
3,11861,0.02888156289421299
3,26814,0.00529041670850567
3,6435,0.014386586110136643
3,17040,0.007578423237929739
3,27620,0.037949480045026934
3,25481,0.06309530888502113
3,11281,0.008867702705994594
3,1402,0.01264777758319822
3,24625,0.34693855304090854
3,29602,0.008931919385249508
3,31311,0.03070251912454411
3,3324,0.037810595918752014
3,25200,0.054143467865176646
3,19413,0.045909846341259095
3,18596,0.03207579483497761
3,28128,0.0036856057394817256
3,24422,0.05209888013552977
3,15521,0.006825007204394085
3,4476,0.023591208323933435
3,12440,0.004181383110390791
3,10212,0.10514776852857778
3,11138,0.006688595557837239
3,7409,0.11399685584683344
3,17680,0.07029322906864764
3,6739,0.02524663686742026
3,20065,0.0813809933673979
3,11424,0.2777390659075168
3,4498,0.02440821689239472
3,10943,0.08119756176633482
3,13988,0.7581554713046684
3,10377,0.005415186475283662
3,15297,0.06279876363383387
3,22185,0.033187631074310636
3,31638,0.8693049786648499
3,28869,0.023114757442619524
3,27843,0.02977170495299896
3,9417,0.8854819945270418
3,1067,0.03573543835090386
3,2889,0.02472068804937954
3,22368,0.04118926953081331
3,16506,0.09407214360280448
3,26661,0.033429912054963616
3,1520,0.01840887443419214
3,11369,0.009786515348483453
3,14284,0.040229772564424
3,24613,0.026170831642738236
3,13121,0.02067933583101577
3,2242,0.02929644024519164
3,7866,0.04822252046766847
3,31960,0.01313436875587418
3,27505,0.08287150559961642
3,30151,0.0644263209446324
3,1323,0.04295465636803216
3,9308,0.028626127645098462
3,26704,0.042742956034880486
3,28752,0.06546256908643161
3,25873,0.12888630625682457
3,30461,0.43167647293945705
3,9368,0.006694952628586485
3,30580,0.6793714060270493
3,27396,0.02961948989454775
3,365,0.019191297684756758
3,11637,0.17979509916200034
3,3190,0.09303906588320066
3,9450,0.029326700584542863
3,9690,0.03502037508944136
3,443,0.060150731627410185
3,5620,0.0034799696433343076
3,19144,0.016661211793180402
3,1348,0.015413387059488828
3,12925,0.05258994098933425
3,28425,0.01743526303247748
3,17025,0.028295551753094585
3,11964,0.22799712165542912
3,8877,0.030859941687087375
3,12432,0.008450409654364348
3,7410,0.008794782447542107
3,21449,0.04915091208237809
3,30954,0.007849110916279173
3,12844,0.326704797379962
3,6519,0.14444599708143882
3,19463,0.010518940117268751
3,31288,0.013933356145127923
3,6929,0.009695661103285493
3,31724,0.0137487348524219
3,20541,0.01694262559817699
3,16199,0.3329472909157487
3,18168,0.05557715011753019
3,11254,0.6097729060369098
3,26046,0.011022653734092858
3,11820,0.005894566515509968
3,17553,0.08221484690743647
3,13850,0.040463470180100373
3,16961,0.043655589349277976
3,14567,0.02512864931833238
3,30006,0.007788518586951484
3,22356,0.016070272273083056
3,20169,0.0385492856707613
3,5977,0.02046843051413653
3,6449,0.0043795045084249855
3,25577,0.07538456521106376
3,28355,0.113712730168659
3,12166,0.021906704889040344
3,11980,0.010076395670344108
3,29577,0.018682134712865447
3,17324,0.41441260708662453
3,27791,0.030429793346473853
3,782,0.02330397090269402
3,9438,0.011689392328512606
3,22092,0.039843900811610426
3,27482,0.027587608288494457
3,27220,0.02095012958687291
3,17716,0.024514468262133337
3,25303,0.008869322608518504
3,11021,0.12833796799920003
3,5453,0.011598270474070901
3,18682,0.010846060650333967
3,8590,0.005894566515509968
3,2788,0.0470740459598784
3,20909,0.02545746339735383
3,10273,0.031124106154796154
3,22034,0.0688406389489705
3,25155,0.044574316411438525
3,5080,0.3180130205904033
3,11095,0.012277732001739674
3,169,0.068773232759318
3,30269,0.8678169231539027
3,5629,0.02197863944726572
3,14918,0.06309530888502113
3,11544,0.03458427877351722
3,12759,0.03576693112290015
3,25498,0.06049328113012611
3,23847,0.1354714615352167
3,24118,0.05942867218067415
3,21169,0.0607875879490782
3,2949,0.007834455442239164
3,13350,0.04150117817513323
3,18998,0.09141634944546713
3,5166,0.008646969159240417
3,4984,0.011811053166864535
3,21976,0.015820526203568306
3,24046,0.026432842325825052
3,21398,0.060647338465265266
3,12721,0.06666253881265902
3,13882,0.009296739169441749
3,13862,0.053952832429347564
3,19084,0.06574763467755136
3,13230,0.06835378053766941
3,22723,0.0710574802304031
3,4760,0.03812994312096688
3,3105,0.014374466746333662
3,22846,0.03265826348475202
3,22131,0.07840239211430192
3,27251,0.05584351208882898
3,8271,0.07207370024419991
3,163,0.005894566515509968
3,29680,0.006444979779305575
3,24656,0.01571063567759329
3,23471,0.055617102159837874
3,27486,0.01496113449036262
3,7601,0.030058670376607866
3,27247,0.07042636902773226
3,17453,0.40096817822211356
3,22992,0.04449273571661908
3,21440,0.04693165116311569
3,14955,0.04018549017596735
3,10151,0.011611963861314138
3,27685,0.055351084214398
3,6613,0.02679383242016038
3,17371,0.011554155702789733
3,18950,0.039845776536217584
3,26765,0.046516216138700564
3,25038,0.06275102011304935
3,13328,0.010226069032124266
3,30661,0.018195166252686728
3,27896,0.2576848549903409
3,10627,0.044830631781256465
3,21397,0.08797415631717004
3,27361,0.046907900899569026
3,5846,0.8693049786648499
3,12,0.015782493260924048
3,24324,0.0121634025034776
3,24558,0.06717104293255531
3,30284,0.06762387858238765
3,2652,0.07845767831478544
3,17216,0.332456370951855
3,31609,0.6793714060270493
3,27184,0.01930927337059969
3,30860,0.11018250011158864
3,26343,0.022173484619178698
3,15958,0.035708577759560024
3,29761,0.14745264448370343
3,11512,0.004332123180242044
3,22016,0.014750417611244463
3,13844,0.004148537093476378
3,24637,0.04532211185457501
3,3625,0.022709886249411313
3,1777,0.03618512526609298
3,20947,0.02192897694787479
3,29406,0.039397188198407755
3,99,0.029813424580572293
3,20883,0.010723721241354482
3,23078,0.06570882077605648
3,31051,0.018258342883350754
3,1420,0.02562968324620648
3,2309,0.011026611841635758
3,19627,0.78834699905188
3,28431,0.04321400117975547
3,29928,0.28812583690440496
3,14685,0.02997425290568987
3,14450,0.42912778790612294
3,8201,0.007865130558969625
3,5484,0.015015221784973118
3,1812,0.04936443437225255
3,1900,0.06309530888502113
3,2285,0.02935833526793046
3,9193,0.01811293978112635
3,18734,0.09384929447124375
3,4104,0.02017237660271707
3,4209,0.12077655441050097
3,23567,0.012430394715623481
3,7346,0.04023633099965464
3,28143,0.1142561897139527
3,28809,0.07416416074782158
3,26464,0.06343142236590947
3,17703,0.03294014899224557
3,15340,0.006364642435933278
3,3192,0.02667288013647646
3,6839,0.005506130529149041
3,16216,0.055729412127651326
3,6647,0.02506286133148412
3,17645,0.08035035784185257
3,14495,0.04887509334275809
3,19078,0.07500010791896827
3,5388,0.005894566515509968
3,2540,0.026418630565071044
3,14210,0.07024657328399879
3,23496,0.01636851945345861
3,30791,0.028304147349508497
3,30995,0.01119882026599202
3,29717,0.008333626273148601
3,30775,0.06290225505053997
3,21224,0.04220927720763319
3,23363,0.05756322224896985
3,10294,0.04105625146742162
3,13546,0.011979863498093636
3,4833,0.03092075146959563
3,2715,0.043789406900189655
3,21593,0.08020895950859815
3,27649,0.03326559401778527
3,23651,0.03334028306813823
3,26958,0.024796240262531313
3,24749,0.023553864138244066
3,6558,0.013300740076252138
3,9694,0.005894566515509968
3,7134,0.045490357940792044
3,1446,0.07612178533414204
3,13618,0.09874401516261716
3,15265,0.031085429583498244
3,15932,0.08617711685128868
3,25606,0.030265205844167167
3,1408,0.01443381737021339
3,15013,0.02983118824592926
3,3994,0.025360311746159228
3,3547,0.11353461416032821
3,24072,0.046268441070065724
3,9832,0.03102195028955375
3,29053,0.011165293245033701
3,28260,0.0628842333090896
3,24099,0.06473445144583938
3,6924,0.031172553669275734
3,7060,0.10001345015119015
3,31666,0.18317534286441087
3,25503,0.009035128197243945
3,12572,0.020660402716729476
3,3477,0.025795254564385608
3,13029,0.03006279625609677
3,23208,0.038216036502001755
3,129,0.03487269958889642
3,25255,0.004288184834804578
3,30863,0.0246534992247406
3,7031,0.008528518074405403
3,28508,0.04155501190221716
3,30295,0.027835987551135657
3,20716,0.008235430964189602
3,26538,0.08151144444246419
3,13602,0.14983061903004416
3,28594,0.08418809005333028
3,8189,0.014758222202673693
3,17764,0.06711606585770971
3,12411,0.04687709161423615
3,12599,0.05153092588217287
3,21665,0.17362937830619296
3,31523,0.039899999949504876
3,8870,0.012121917184130698
3,14498,0.04130909835410857
3,10389,0.017508814576859138
3,30164,0.1060933904474729
3,27976,0.04766136642747742
3,19321,0.33874554056831196
3,3415,0.017341685326987096
3,18213,0.009234950750617942
3,27472,0.035761967878739934
3,24035,0.010845034648282926
3,14415,0.03996235877568686
3,31910,0.021324958254896335
3,16974,0.03238647760629771
3,20869,0.02063083471008688
3,18364,0.025633114565296596
3,7414,0.014153211500092014
3,13093,0.03509917354266659
3,26457,0.017954560404904688
3,1621,0.009261574894617689
3,8163,0.09919233434610389
3,13257,0.0272712047840252
3,206,0.10640769133820556
3,23828,0.03779367783993693
3,25274,0.4701774606423282
3,13306,0.02008347190750283
3,9447,0.10043555151061351
3,9304,0.02542326281522711
3,2290,0.013731394859481676
3,5458,0.05615123961386839
3,17736,0.029555301137669052
3,19360,0.03829193571133809
3,6068,0.38856520595482535
3,21355,0.07605927477025956
3,23973,0.09076257803150914
3,1898,0.008794782447542107
3,14185,0.014868078291257641
3,22364,0.4029518918398767
3,5258,0.05652811636296955
3,10040,0.042303047060743795
3,3836,0.020005068905122454
3,10630,0.04305617383098067
3,28412,0.04357531888165525
3,9669,0.024925599079850452
3,1871,0.043516010707076815
3,5806,0.01496113449036262
3,30432,0.004777165357735412
3,17581,0.01007556401837765
3,23615,0.04921530551130559
3,3018,0.4569603758355069
3,24371,0.03587017515975203
3,24891,0.01909409734706089
3,19085,0.015229814139384491
3,30476,0.008113141520244033
3,11539,0.023744552049057902
3,30837,0.024206650774703135
3,11531,0.01879067591193981
3,25711,0.002163399324869505
3,8755,0.16270755519613372
3,26701,0.06102101515130666
3,16684,0.015480989594843276
3,19539,0.015596083786363658
3,24825,0.06086855743781456
3,23398,0.08252964276211344
3,28860,0.052023637844595336
3,13213,0.004560369779073012
3,9867,0.014945060378791756
3,14254,0.021685693417275675
3,24109,0.07747452482605692
3,29923,0.1335974483519501
3,7691,0.05856733472266626
3,18194,0.025673635944995624
3,12584,0.013544313092301731
3,19421,0.04492603574578845
3,14648,0.06304468481029807
3,21511,0.38416949707908116
3,22379,0.0713606741954475
3,17840,0.05741312111866229
3,24653,0.1109622583277866
3,13128,0.07244872723093519
3,16956,0.005338770141372542
3,12158,0.06615846249494291
3,16923,0.15775879209269653
3,13157,0.0340949147526663
3,4782,0.0038230800396151887
3,29407,0.010156978829342168
3,25709,0.03824354995371409
3,8577,0.02847635011706319
3,28118,0.006403771398297236
3,966,0.06130922922538758
3,7760,0.027921887769904025
3,27491,0.008794782447542107
3,28567,0.06309530888502113
3,30122,0.004777579327461703
3,7141,0.0058695936147704995
3,21894,0.08255499755420578
3,402,0.04935565566754372
3,23109,0.20256867632530703
3,2358,0.014875763844676622
3,17069,0.08071496161188253
3,16696,0.004073685822925564
3,27688,0.018377590482118112
3,17179,0.007928192213864255
3,19092,0.021251036498183894
3,27062,0.024775736958854926
3,14699,0.10343140092599404
3,23148,0.03653113662911266
3,10591,0.002270076650395778
3,26978,0.005573994088455119
3,5511,0.7530810945200103
3,2557,0.020797288293967323
3,3801,0.006987018729086824
3,28525,0.012121917184130698
3,25607,0.03978774706530848
3,21077,0.024899666791126766
3,24792,0.001312678796195251
3,1716,0.04547024463486084
3,12670,0.1741269262357349
3,6877,0.060705207792309215
3,16015,0.04254319397336301
3,16810,0.1735409544014355
3,3585,0.0804227924261299
3,13690,0.11792890066212643
3,24449,0.026277046968415367
3,23649,0.022985261080876514
3,30633,0.09682029413256187
3,7149,0.08342151011050832
3,15451,0.035572332706543024
3,6050,0.03138729371485255
3,19674,0.06279876363383387
3,8342,0.014022530969804261
3,27126,0.061892365851454495
3,21746,0.061046639461194305
3,7572,0.19379353901146884
3,16814,0.07142340013629711
3,22417,0.3628757519497702
3,12662,0.012701832227717551
3,26465,0.10607382473712314
3,30824,0.016441876509563306
3,27067,0.017653746138101452
3,6157,0.024945142143073078
3,22825,0.06874136314386242
3,8435,0.044539203372852415
3,2916,0.016135249675153382
3,29184,0.019627689939060618
3,1224,0.01239312092035982
3,8000,0.09032231739656905
3,24219,0.050970210707377714
3,2194,0.05409670050539876
3,27655,0.01663573936168317
3,10180,0.05479118282412918
3,9367,0.26251076539820156
3,5767,0.06554669017357043
3,1955,0.06303434274893646
3,7684,0.010553806400107276
3,30013,0.0071657091923056785
3,9793,0.04363930438887587
3,3916,0.00871500581165131
3,1813,0.02587424686534045
3,30099,0.09313687588511893
3,6703,0.11285520784999926
3,5928,0.17898574705775172
3,8783,0.007114752114406228
3,16911,0.05328134698889406
3,8430,0.015697838014153143
3,25256,0.07507770247460312
3,14076,0.020204145375224587
3,4762,0.039978415801988215
3,14421,0.015783441960799897
3,18522,0.04098346047198857
3,21032,0.4875984489378156
3,254,0.03268998714744117
3,22865,0.021871366851650666
3,834,0.052211767344953794
3,25343,0.1483188959293929
3,9586,0.010052669236576684
3,13130,0.05434427365665676
3,8819,0.07571863470828051
3,13716,0.06836314411779186
3,17130,0.06776304135499606
3,22063,0.04472939664213792
3,10166,0.0691358582944181
3,10525,0.026235014439119887
3,30763,0.06764711982268228
3,1973,0.025646275618725116
3,27152,0.07766446140970895
3,23595,0.06840760073736213
3,13102,0.01961017487014964
3,1311,0.026461074342515788
3,10918,0.14747297712333954
3,15325,0.03133486262900044
3,28993,0.04631440447133222
3,13177,0.05919698991086603
3,23954,0.03714775216235816
3,7450,0.5246241007516086
3,21374,0.047468042405583825
3,5822,0.023386878901916534
3,20562,0.016402890183110905
3,19817,0.019515121596800897
3,28248,0.005894566515509968
3,13601,0.05176648284027152
3,12053,0.017044869567477854
3,12536,0.03602129432409797
3,15276,0.0357276637664815
3,21243,0.11668906158826724
3,16103,0.19508503789819226
3,24955,0.008649597634030181
3,2155,0.003548927773974452
3,2147,0.06359115665575717
3,23107,0.013561900136819871
3,31305,0.027991186100432643
3,26726,0.009001950569228553
3,24783,0.3022284701416562
3,25153,0.03791829885537891
3,10915,0.008014843781992999
3,1961,0.026775757727719875
3,28535,0.017046344070582854
3,5987,0.019030382241239433
3,1800,0.022468583540960065
3,19821,0.019308591119675853
3,9816,0.010653630407528331
3,18949,0.07648730921683417
3,1206,0.06277111318819859
3,30677,0.03719600674102732
3,15637,0.07588875267307835
3,21852,0.008794782447542107
3,14804,0.04316830478990681
3,7582,0.07009821136473304
3,14916,0.07260332003460261
3,15111,0.05746607701585887
3,18583,0.030368134290433675
3,19433,0.03005921169902102
3,31926,0.05687831501197985
3,21233,0.07247327643614469
3,14844,0.05160048606118957
3,31173,0.09919233434610389
3,25431,0.07745055187420026
3,160,0.021353869260619374
3,13669,0.12201556832170869
3,14671,0.00529041670850567
3,3053,0.0556518518894609
3,19956,0.0147953108033351
3,1166,0.010349433420461582
3,1034,0.04966576150447516
3,5158,0.038224525303168104
3,9205,0.011754526707346257
3,16484,0.0782670220029788
3,2751,0.06877225825416772
3,8142,0.04185362732286495
3,27189,0.03885725358149441
3,6155,0.04289371177704566
3,22534,0.0332459466009707
3,4756,0.061190886641420965
3,23593,0.02213893365861939
3,6341,0.02185571818548888
3,21627,0.05592058358327548
3,12862,0.014970404081552592
3,7748,0.021537764510565802
3,1068,0.03127910826360932
3,13886,0.010893596086462815
3,29640,0.04041929615034024
3,9327,0.01007471903736373
3,8418,0.021026691744460452
3,28994,0.016749889517068697
3,17280,0.013915321938888697
3,8011,0.0070608349307517545
3,28998,0.021095526656123062
3,16859,0.0142872860270891
3,17337,0.7062438157780405
3,12595,0.05927094612667716
3,8940,0.008171104309968646
3,7065,0.018639827105479834
3,19086,0.1354714615352167
3,20527,0.021728021561360264
3,8538,0.020106926215966183
3,3773,0.04606290558753338
3,6338,0.024891257261477312
3,30946,0.020474897072240636
3,19972,0.02922697840693716
3,1096,0.010686826447239912
3,6785,0.01910698788538327
3,14054,0.05400925495668137
3,20625,0.03903139844138465
3,2909,0.011815275213879982
3,23207,0.0711229901330478
3,2210,0.05574771494588979
3,23092,0.01913600528561616
3,12433,0.02967507939050336
3,2983,0.01707207661893894
3,7462,0.012368562918723399
3,22965,0.06309530888502113
3,31932,0.06530882225090824
3,14572,0.04982151397505285
3,27955,0.047264651895581385
3,18410,0.11737010845501875
3,21654,0.12275972045763872
3,13273,0.010712845752002542
3,13660,0.10059755692965233
3,12340,0.032861671824889305
3,2671,0.14223640184227923
3,16425,0.05047155439414756
3,5430,0.029583044468819836
3,7588,0.00965307832966448
3,28749,0.004003067683464171
3,13142,0.09387392518464742
3,27541,0.022376990308225507
3,13639,0.07025757957601292
3,17237,0.023519638578405302
3,12814,0.013995200403388041
3,4523,0.03227320709487085
3,2619,0.011611963861314138
3,31919,0.09587542999549124
3,10890,0.04236597153704093
3,22926,0.08084995046181616
3,11887,0.04238311387038456
3,18355,0.18383300962394641
3,21506,0.01013011179231056
3,14935,0.008794782447542107
3,23018,0.006652031333752908
3,30361,0.026359873024001942
3,9054,0.09356394238944878
3,5284,0.021043338470558653
3,7532,0.034419188467015395
3,25300,0.0313207628527609
3,26217,0.03716758823251967
3,30041,0.014327077444886637
3,24581,0.05132464729914748
3,15172,0.012252698548944178
3,25892,0.011979863498093636
3,7952,0.020914761253549165
3,25687,0.01623312359671414
3,22544,0.028010894081988827
3,23352,0.016051893263651043
3,3184,0.005894566515509968
3,24131,0.053811515786399367
3,16522,0.010518456305213086
3,23744,0.8693049786648499
3,2870,0.04302248639518901
3,26895,0.252600709544407
3,25230,0.19257009168301767
3,11160,0.011554155702789733
3,17570,0.02929145336055501
3,10443,0.02408103676735339
3,26631,0.02400633655488695
3,13734,0.013016192155284595
3,19896,0.032378287476456616
3,16892,0.037637968385655265
3,21371,0.04469456557222581
3,25688,0.03132951356970098
3,9017,0.04597952526842555
3,27262,0.037648046368249824
3,1445,0.03162140753979835
3,14790,0.01785340704160315
3,10936,0.07656504215360731
3,30118,0.03691841470234389
3,29132,0.06273690891744711
3,18924,0.02284807591595533
3,24904,0.05324943993444974
3,8567,0.07650302974660406
3,20349,0.008903145668369215
3,3074,0.016793710310062642
3,435,0.0363773268250076
3,19293,0.02931943091620563
3,18189,0.07551281489365562
3,16237,0.08295554332591047
3,13258,0.10335367073327344
3,5115,0.05255597320628798
3,2056,0.025628577486508018
3,17597,0.09853113130698572
3,26954,0.031115024066199745
3,4577,0.0663709316085638
3,21935,0.27633141458662047
3,30600,0.09852754791528837
3,19172,0.05205697565612797
3,6609,0.03288499087085824
3,7152,0.11227100002480023
3,13558,0.08273582656955752
3,4273,0.015301202757488464
3,23034,0.009748409427614948
3,21940,0.006127108949941912
3,22795,0.02759950101488251
3,24270,0.049165600924646675
3,2049,0.13358460396448754
3,11700,0.029319008402819317
3,29884,0.03644884189796009
3,11506,0.009734243886939524
3,3015,0.059914380944209374
3,4717,0.04401684179053215
3,2602,0.044398184887318254
3,3873,0.024833704582007222
3,7976,0.008755379121356922
3,6848,0.036611365374693464
3,29255,0.0873967804334474
3,24916,0.06374921505568272
3,9062,0.028609814044178877
3,31012,0.0987167309461855
3,20510,0.026835685648780316
3,23511,0.13482599649713156
3,4669,0.05233315843093991
3,27083,0.03670497478458719
3,18012,0.029429853909948712
3,5836,0.051084953216098294
3,2080,0.02636067342774834
3,13242,0.06013712848175432
3,25513,0.11218921441354225
3,21646,0.26144209674116836
3,7812,0.09749357247002038
3,16534,0.010335099013791508
3,17427,0.09067714920464107
3,20742,0.041797096455427465
3,13638,0.012184562995088792
3,17880,0.01619239828696956
3,20548,0.05263796945976144
3,14970,0.42007273281086766
3,23075,0.010169572843361509
3,25463,0.010977233153731596
3,31648,0.028410799999368047
3,11158,0.0154186159692166
3,67,0.020787187856123365
3,10320,0.060167605719789886
3,12436,0.051435353158755116
3,20440,0.0039125547926051225
3,19062,0.011682670348302072
3,28717,0.000971772936255153
3,15820,0.054542056095877596
3,28950,0.007418553744825601
3,27829,0.04995465665148894
3,2604,0.0020705258489458933
3,18737,0.06322478235183465
3,10732,0.11899186171267652
3,21604,0.02738365794550804
3,23189,0.013322227124283437
3,29978,0.03703829042517795
3,22689,0.0286577594723813
3,30037,0.04705013344678034
3,28370,0.3693752319015487
3,22511,0.037896955904404214
3,18711,0.04642093867574551
3,6216,0.07342400417919853
3,22149,0.010423669392022994
3,16293,0.04740108080239797
3,25609,0.024979739370085473
3,16687,0.03739748703163936
3,10663,0.06638408625746264
3,22316,0.024805953379624823
3,31939,0.03220229071287849
3,27458,0.007817865643607287
3,6955,0.027746145092307717
3,5101,0.03370960262502749
3,15658,0.02168310314388924
3,14731,0.02758022948987412
3,25302,0.01496113449036262
3,18699,0.04586344445055526
3,9742,0.00734551568414507
3,12520,0.016689774280615365
3,15580,0.03443538440050187
3,21381,0.006093169298965363
3,2125,0.02413089920884099
3,23696,0.11184768755924816
3,22241,0.010620787869510099
3,27779,0.007664410492498657
3,31402,0.06130001542278376
3,21742,0.07678349276666374
3,24773,0.1424354422212519
3,14654,0.01520350359472698
3,19203,0.0137563885911354
3,12102,0.031632577997110146
3,4735,0.012831143631029352
3,17895,0.030753855039429775
3,28595,0.007335223693143536
3,14958,0.014577811232667746
3,18991,0.01570944655654595
3,26086,0.005894566515509968
3,3244,0.07192136024378987
3,12594,0.04624422481280255
3,17849,0.01056852486026633
3,9217,0.11953300011877387
3,25432,0.3817726457696265
3,26076,0.027449569660574474
3,22172,0.022518035098299166
3,24415,0.05930929929188882
3,24947,0.11069442529784668
3,25189,0.0452414243470048
3,29837,0.04252026090449832
3,30438,0.024748851840837766
3,29474,0.026739963793205885
3,3277,0.09338014827638677
3,19496,0.4936992442971306
3,27743,0.04893802457493834
3,4451,0.009331476900824953
3,16552,0.3519631906507682
3,8986,0.032712133252337815
3,7080,0.012126745135832905
3,17525,0.050349355428969844
3,23978,0.0183550822336892
3,21771,0.02503648764101229
3,6495,0.07811015930238954
3,23131,0.053881134998022495
3,21614,0.0395019377707725
3,10660,0.0183550822336892
3,21014,0.04982151397505285
3,9281,0.04951295893710352
3,4973,0.037153248395715814
3,26292,0.08993952856659622
3,7507,0.063200269665754
3,613,0.04903448577756657
3,1075,0.24600561506664342
3,20954,0.09896794878035321
3,21166,0.011051295038340727
3,2281,0.03282830248032791
3,1088,0.016855727753414675
3,6555,0.3837337866809593
3,30104,0.0348296027421205
3,25002,0.004726679060846076
3,2661,0.022487766402149237
3,17878,0.03500539361799517
3,31961,0.7774572240733411
3,29512,0.026075946773828088
3,20583,0.025299210132036145
3,3631,0.03044820371297096
3,28385,0.09901226016068519
3,22602,0.041834053584934874
3,14660,0.06977271384787649
3,16146,0.0035037854884865517
3,14008,0.03830635393018107
3,29327,0.07050410639427676
3,7226,0.04169644267844158
3,915,0.03917982083328807
3,16682,0.032068883158782646
3,24929,0.07145379994056154
3,14215,0.030329268730778347
3,15447,0.03421875172263158
3,4706,0.03990912043149855
3,15496,0.060636885499844716
3,23663,0.8152129439063037
3,31699,0.031180244243151294
3,2000,0.0426557922513668
3,9463,0.8678169231539027
3,20800,0.20424609933190727
3,21735,0.028390965484085245
3,14161,0.0503173743701789
3,27400,0.015509419946822357
3,13270,0.0484143781645922
3,30417,0.027293847943505336
3,21469,0.08686476228699817
3,15693,0.02091153883692237
3,20487,0.00982809627481199
3,18422,0.023652865957633634
3,5650,0.013059812794990753
3,12203,0.013101325502844758
3,27194,0.10775987695931548
3,18537,0.017488367560697687
3,7035,0.058060926024456685
3,14118,0.00978759847516966
3,7268,0.3742267824692644
3,16212,0.057070955126044626
3,15362,0.17858823319515543
3,28070,0.004449599774785329
3,25350,0.017104211798751233
3,24377,0.07053821457578814
3,18190,0.03208015203654896
3,27521,0.8144844434846655
3,1971,0.09961557509851057
3,18632,0.08588468199363276
3,8655,0.07554309190603312
3,8643,0.019172207469288452
3,25158,0.06309530888502113
3,15577,0.014818796565763435
3,20684,0.023568850941102188
3,25901,0.047305017545086536
3,20205,0.017190205625150418
3,11267,0.2834724322563739
3,25049,0.03669337420402678
3,3638,0.04498158760612041
3,2044,0.10561208841051391
3,23733,0.009947964889639234
3,30809,0.010615779879583004
3,18430,0.00653635318415401
3,14429,0.03899845332270853
3,28035,0.32195161626232405
3,28466,0.23334096079594535
3,31556,0.01788987670224613
3,26058,0.009405939898289065
3,28424,0.040643761448543994
3,30830,0.05210082172888515
3,28623,0.09874401516261716
3,3206,0.028526610630340045
3,14508,0.03525801165213852
3,19805,0.027752196235549368
3,8914,0.21817297873850083
3,30028,0.03989949125794036
3,25195,0.05698111521230481
3,15984,0.03215125472633845
3,1054,0.06333237404347589
3,29641,0.07725364585421104
3,21455,0.07537038209072768
3,1670,0.363067363377558
3,26049,0.012019643895996694
3,20519,0.024991558127278497
3,31936,0.03364621947500623
3,18979,0.030773211520129528
3,19088,0.0753429435624324
3,13970,0.16083505659492237
3,20153,0.0168976412724704
3,7294,0.07825105950634516
3,9102,0.059049367655423686
3,30431,0.04072507970136564
3,25084,0.10064502266034908
3,12957,0.024601657498180406
3,9590,0.05136973278146436
3,7593,0.38105668061696446
3,23439,0.026953356109757954
3,15132,0.13137362970647393
3,24872,0.018574311631871388
3,3518,0.02297530981614384
3,10753,0.013975279497111456
3,16,0.038214035541183064
3,21317,0.08942512091770909
3,30881,0.1205205824888877
3,29415,0.06626371930730263
3,21643,0.015575748120883706
3,12262,0.02217407582555768
3,19976,0.3662907283518318
3,17950,0.015562120674976082
3,1634,0.22001700208935246
3,20798,0.02987647629351694
3,11654,0.005931788132630444
3,6325,0.008794782447542107
3,8837,0.05560654418437524
3,15517,0.004099061586472137
3,4755,0.021598967117568844
3,15861,0.3784850519686483
3,7396,0.08229428146560591
3,24733,0.006776263338655772
3,19902,0.0183550822336892
3,21343,0.09331860578550401
3,6105,0.021454506804687596
3,24501,0.06309530888502113
3,18141,0.0850755541159164
3,9815,0.06407850286268783
3,23423,0.0416408871711502
3,17009,0.015283580599570263
3,569,0.021122316427921225
3,8699,0.021946045335583336
3,16395,0.008099781742903394
3,6144,0.050783598963149566
3,22215,0.017040601628867787
3,16755,0.006982490411575843
3,22392,0.050301016579533515
3,13536,0.08846908247574158
3,225,0.025848586263736133
3,18219,0.054504298344346655
3,3967,0.004809032730985525
3,1747,0.014882635145052723
3,14843,0.059084646746033066
3,23073,0.029083793919036566
3,23407,0.010835100642406427
3,3886,0.035646705076282204
3,10818,0.04663422248228517
3,20027,0.02254022429256848
3,4827,0.0454398804034109
3,24163,0.04950422388348034
3,13597,0.08565863394575182
3,13005,0.023467588675331785
3,26881,0.029336257272762938
3,12197,0.21752679150193602
3,5856,0.06031494019342454
3,27440,0.052117751920411064
3,16226,0.004868958451959291
3,19801,0.07610722329602623
3,1776,0.0012462292515836907
3,28059,0.07668018770133181
3,25591,0.004963085671112112
3,7756,0.07611211654220519
3,20900,0.010411090629680124
3,9041,0.040094935953596166
3,255,0.015632172524304835
3,24726,0.033088544285840814
3,27674,0.06381250119509609
3,16947,0.008798863357788815
3,29293,0.04885570871100835
3,3828,0.037123641934712084
3,22440,0.031164817272468465
3,23792,0.37499586200721063
3,5621,0.0167197037618318
3,30160,0.015444891787103922
3,19438,0.10660493572988174
3,22138,0.01404985105364524
3,7313,0.006512449377624837
3,26737,0.042643725927781685
3,15168,0.04002381155967999
3,25281,0.030093901856172618
3,1047,0.030178093955138572
3,8845,0.06235638318830662
3,26074,0.5013264647613813
3,24123,0.02810575144086755
3,19005,0.6320289698632565
3,5381,0.029564867209750503
3,12766,0.08407438468559962
3,31149,0.027470492622810327
3,14996,0.004467534325936368
3,971,0.11728575036238083
3,20291,0.053713178416417096
3,2940,0.0059012122846793585
3,24785,0.014020093336823176
3,4478,0.9501985186083081
3,20555,0.030002715198999177
3,5017,0.02341862653344025
3,15512,0.11374255483393948
3,19640,0.16595761159740155
3,8291,0.12175236713054756
3,20358,0.1620832918613603
3,10495,0.05150899882808911
3,12438,0.021709630746761615
3,6321,0.007632797428413219
3,31223,0.04656029592719516
3,25180,0.05596363156189404
3,10231,0.020403340902267444
3,4773,0.01095325832335597
3,1684,0.13491752011439773
3,523,0.03628047244943421
3,16362,0.2832565567562391
3,19919,0.009398662738192896
3,26483,0.06579018803177691
3,19925,0.015848689833781886
3,6579,0.1139261196140475
3,24102,0.061625542037621446
3,28737,0.04576722286729775
3,25007,0.021937850896725192
3,6227,0.04261213608929595
3,7639,0.12219994346002619
3,5715,0.0202495762984438
3,13750,0.050495734464548005
3,30307,0.04611456081173646
3,20593,0.1404107487762594
3,23741,0.023445314677692456
3,7722,0.007172504068890826
3,224,0.013457791718825947
3,23353,0.020867863289427715
3,9513,0.07236117401752741
3,28114,0.05367218537136664
3,2303,0.06250351915169437
3,2595,0.05973120154705506
3,28324,0.008798863357788815
3,6767,0.04395818420256835
3,25933,0.017240015513324224
3,28894,0.06309530888502113
3,4652,0.040283819399935646
3,27772,0.03085845731399514
3,28088,0.07392208978087268
3,30021,0.04719809727871865
3,17589,0.015971702627886948
3,30211,0.037413913917203306
3,16937,0.05684706151399109
3,10050,0.038808609495164965
3,4879,0.10301287140834758
3,16812,0.4505369852166909
3,31764,0.06762667772720464
3,31192,0.03771712665903127
3,10143,0.005369648816255146
3,27802,0.03634840450059438
3,16198,0.01567459958241299
3,9898,0.02039147984274307
3,21462,0.013649519710455135
3,31928,0.011878404333372537
3,25090,0.0019216424430014735
3,9755,0.007114752114406228
3,17013,0.013520491371381196
3,5509,0.1193084698990789
3,18279,0.06901988011924483
3,11946,0.0798777468258746
3,3317,0.14514315257290122
3,12491,0.014251055139172603
3,21189,0.01031412897347323
3,21005,0.004821078295991532
3,25327,0.16168301583276556
3,30789,0.25031832703109247
3,8652,0.06037434580284933
3,3683,0.03987906268312843
3,18282,0.38676555275502306
3,25852,0.05679882263861532
3,9841,0.03108230283908664
3,31596,0.12854678550400536
3,10600,0.005083610080332566
3,29002,0.12557722352850098
3,13731,0.03577040146578036
3,19651,0.016767050673633207
3,30166,0.6514131302703825
3,833,0.11710673466108558
3,20579,0.08577203318666653
3,2124,0.028180088382285244
3,8365,0.010552570457327222
3,26868,0.018285844992778872
3,13119,0.06989110531383658
3,5904,0.7062438157780405
3,1416,0.047900204061566684
3,10740,0.027238610545972163
3,17925,0.026962414385654287
3,18740,0.03972734403887647
3,20404,0.0452951644232765
3,1997,0.043657786742221705
3,23173,0.07254002706949896
3,20104,0.03011615514133934
3,9611,0.02472813257624451
3,24512,0.1487595847632166
3,21443,0.13247408260897242
3,14864,0.058984716263373364
3,18750,0.08654310989090447
3,9789,0.010151721896611598
3,12629,0.5350824614354072
3,7242,0.08116488052725747
3,19087,0.021477878406261343
3,13730,0.00902704454565902
3,4139,0.03241626762140991
3,26136,0.025767213413975053
3,22950,0.11188493895526384
3,18591,0.03104773850500947
3,9572,0.010074815364831534
3,17095,0.015913526753694857
3,5138,0.09189159302552952
3,380,0.029451303443743772
3,19970,0.015543646712233327
3,24661,0.0226260869661666
3,18480,0.035033362567763876
3,18278,0.01784300817109387
3,8954,0.03471725926813915
3,4802,0.06359614894675175
3,4097,0.04329674619519817
3,26692,0.012144856958372955
3,1146,0.008574684118529834
3,20645,0.05104231904638043
3,30932,0.39601063069799236
3,10666,0.06212200117028922
3,15652,0.08582288715591219
3,11134,0.056291861105273774
3,31379,0.0813654873019303
3,31091,0.006987018729086824
3,25988,0.031284599322881246
3,3471,0.05508614991030167
3,1549,0.18464150978316388
3,30583,0.04467008220110377
3,31067,0.07513060682290476
3,7241,0.018670635580365906
3,18154,0.021692961260127347
3,28710,0.05136311612293778
3,18444,0.06235638318830662
3,19285,0.07344293723030491
3,7428,0.01414925374850373
3,29661,0.015318047788569019
3,22767,0.2649422105399708
3,6513,0.010809446962563212
3,19142,0.11148279745250493
3,10219,0.028439572894465474
3,10484,0.01422022616893908
3,21482,0.03540684973226731
3,20596,0.046889795342485684
3,10021,0.32496768451264074
3,29173,0.016031419449525547
3,6696,0.104472859529467
3,7319,0.012033152494577279
3,16717,0.01226300903096881
3,22887,0.029604956186260353
3,3300,0.039881960159304196
3,17599,0.008346787797112822
3,7737,0.014956794824325928
